batch_idx,record_id,model,latency_sec,tokens_per_sec,retries,retry_count,raw_response,parse_method,precision,recall,f1,hallucination_rate,hallucinated_count,cpu_avg_pct,cpu_peak_pct,proc_cpu_avg_pct,mem_avg_mb,mem_peak_mb,sys_mem_avg_mb,sys_mem_avg_pct,vram_mb,model_disk_mb,data_provenance
0,real_mixed_1,gemma4:31b-cloud_baseline,1.0140471458435059,51.28,0,0,"{
""Persons"": [
""Belda"",
""Emiliano García-Page"",
""Conde"",
""José Bono"",
""Francisco Antonio Guerra"",
""Mariano Ortega"",
""Enrique Valiente""
],
""Organizations"": [
""PSOE"",
""PP"",
""Junta"",
""instituto de enseñanza secundaria Riánsares de Tarancón"",
""Ayuntamiento"",
""Educación"",
""EFE""
],
""Locations"": [
""Tarancón"",
""Cuenca"",
""Córdoba""
]
}",direct_json,0.8823529411764706,0.8823529411764706,0.8823529411764706,0.0,0,15.8,31.6,68.3,250.7,250.7,27437.1,74.3,25448.8,0.0,"{'timestamp': '2026-09-15T21:34:52.343560+00:00', 'model_version': 'gemma4:31b-cloud', 'prompt_hash': 'a6af280e'}"
0,real_mixed_2,gemma4:31b-cloud_baseline,2.5274150371551514,18.0,0,0,"{
""Persons"": [
""Severino do Ramo ' Maia '"",
""Francesc Biosca"",
""Rolf Breuer""
],
""Organizations"": [
""Lleida"",
""Ypiranga"",
""EFE"",
""Deutsche Boerse AG"",
""London Stock Exchange""
],
""Locations"": [
""Nigeria"",
""Africa"",
""Lérida"",
""Fráncfort"",
""RFA""
]
}",direct_json,0.9230769230769231,0.7058823529411765,0.8000000000000002,0.0,0,9.6,31.6,46.1,251.4,252.6,27463.5,74.3,25448.8,0.0,"{'timestamp': '2026-09-15T21:34:53.854290+00:00', 'model_version': 'gemma4:31b-cloud', 'prompt_hash': 'a6af280e'}"
0,real_mixed_3,gemma4:31b-cloud_baseline,8.124324798583984,7.52,0,0,"{
""Persons"": [
""Joan Mayol"",
""Luis Muro""
],
""Organizations"": [
""Diputación foral de Alava"",
""Centro de Cálculo de Alava"",
""Pcweek"",
""Pricewaterhouse Coopers"",
""departamento de Hacienda, Finanzas. Presupuestos"",
""Centro de Profesores. Recursos ( CPR ) de Fuenlabrada"",
""colegio Ferrer. Guardia""
],
""Locations"": [
""Vitoria"",
""Euskadi"",
""Fuenlabrada""
]
}",direct_json,0.6666666666666666,0.47058823529411764,0.5517241379310345,0.0,0,7.7,23.8,7.8,253.7,254.0,27471.3,74.3,25448.8,0.0,"{'timestamp': '2026-09-15T21:35:00.489166+00:00', 'model_version': 'gemma4:31b-cloud', 'prompt_hash': 'a6af280e'}"
0,real_mixed_4,gemma4:31b-cloud_baseline,8.102771997451782,9.31,0,0,"{
""Persons"": [
""Angel Carlos Bernáldez"",
""José María Aznar"",
""Rosa María Fernández Pacheco"",
""José Manuel García Ballesteros""
],
""Organizations"": [
""EFE"",
""PP"",
""Cortes"",
""Comisión de Medio Ambiente"",
""Comisión Permanente del Senado"",
""Comisión de la Sociedad de la Información. el Conocimiento"",
""Comisión de Trabajo y Política Social"",
""Comisión de Presupuestos"",
""Comisión de Infraestructuras""
],
""Locations"": [
""Cáceres""
]
}",direct_json,0.8571428571428571,0.8,0.8275862068965518,0.0,0,7.7,23.8,7.6,254.2,255.4,27478.0,74.3,25448.8,0.0,"{'timestamp': '2026-09-15T21:35:01.979409+00:00', 'model_version': 'gemma4:31b-cloud', 'prompt_hash': 'a6af280e'}"
0,real_mixed_5,gemma4:31b-cloud_baseline,4.06185507774353,14.4,0,0,"{
""Persons"": [
""Llibert Cuatrecasas"",
""Herwig Van Staa""
],
""Organizations"": [
""ACNUR"",
""Generalitat"",
""Congreso de Poderes Locales Regionales de Europa"",
""CPLRE"",
""Consejo de Europa""
],
""Locations"": [
""Angola"",
""Estrasburgo"",
""Francia"",
""Cataluña"",
""Europa"",
""Sudeste de Europa"",
""República Checa"",
""Macedonia"",
""Estonia"",
""Moldavia"",
""Europa Central"",
""Polonia""
]
}",direct_json,0.9473684210526315,0.8571428571428571,0.9,0.0,0,10.0,29.9,8.0,255.4,255.4,27517.5,74.4,25448.8,0.0,"{'timestamp': '2026-09-15T21:35:04.575584+00:00', 'model_version': 'gemma4:31b-cloud', 'prompt_hash': 'a6af280e'}"
1,real_mixed_6,gemma4:31b-cloud_baseline,2.0348737239837646,28.75,0,0,"{
""Persons"": [
""Faustine Merret"",
""Michal Hein"",
""M. del Carmen Vaz"",
""Belén Hernández"",
""Magdalena Martínez"",
""María Muñoz"",
""Carlo María Martini"",
""Edward Malefakis"",
""Alain Touraine"",
""Juergen Donges"",
""Ernst Gombrich"",
""Anthony Giddens""
],
""Organizations"": [
""EFE"",
""Fundación Príncipe de Asturias""
],
""Locations"": [
""Oviedo"",
""Milán""
]
}",direct_json,1.0,0.8,0.888888888888889,0.0,0,11.9,31.6,30.9,251.2,252.6,27471.8,74.3,25448.8,0.0,"{'timestamp': '2026-09-15T21:34:53.366388+00:00', 'model_version': 'gemma4:31b-cloud', 'prompt_hash': 'a6af280e'}"
1,real_mixed_7,gemma4:31b-cloud_baseline,8.636024236679077,7.98,0,0,"{
""Persons"": [
""Yvon Desjardins"",
""E. I. C."",
""M. W. W."",
""P. B. H."",
""Pedro Corbella Canturri""
],
""Organizations"": [
""ONU"",
""Fuerzas de Estabilización"",
""SFOR"",
""Gobierno de Noruega"",
""EFE"",
""Audiencia de Barcelona"",
""Mare de Déu de Núria"",
""La vie en rose"",
""La cama""
],
""Locations"": [
""Bosnia"",
""Noruega"",
""Barcelona"",
""Castelldefels"",
""Maresme""
]
}",direct_json,0.8421052631578947,0.8,0.8205128205128205,0.0,0,8.5,31.6,24.4,253.2,254.0,27455.9,74.3,25448.8,0.0,"{'timestamp': '2026-09-15T21:34:59.974200+00:00', 'model_version': 'gemma4:31b-cloud', 'prompt_hash': 'a6af280e'}"
1,real_mixed_8,gemma4:31b-cloud_baseline,8.121844053268433,5.44,0,0,"{
""Persons"": [
""Jesús De la Gándara"",
""Clemente Serna"",
""Segundo Escolar""
],
""Organizations"": [
""EFE"",
""Galería de Arte \"" Lourdes Carcedo \"""",
""comunidad Benedictina""
],
""Locations"": [
""Plasencia"",
""Plaza Mayor"",
""Burgos"",
""Silos""
]
}",direct_json,0.9,0.6,0.7200000000000001,0.0,0,7.7,23.8,7.9,254.1,255.4,27478.2,74.3,25448.8,0.0,"{'timestamp': '2026-09-15T21:35:01.508673+00:00', 'model_version': 'gemma4:31b-cloud', 'prompt_hash': 'a6af280e'}"
1,real_mixed_9,gemma4:31b-cloud_baseline,4.074662923812866,11.8,0,0,"{
""Persons"": [
""Juan Carlos Rodríguez Ibarra"",
""Leopoldo Torrado""
],
""Organizations"": [
""INFRAESTRUCTURAS R. IBARRA"",
""Junta de Extremadura"",
""Plan Infoex"",
""PP"",
""Gobierno extremeño"",
""Asamblea de Extremadura"",
""EFE""
],
""Locations"": [
""HURDES"",
""Aldehuela"",
""Cáceres"",
""Extremadura"",
""Mérida""
]
}",direct_json,0.7857142857142857,0.6875,0.7333333333333334,0.0,0,9.3,29.9,15.9,255.2,255.4,27545.1,74.5,25448.8,0.0,"{'timestamp': '2026-09-15T21:35:04.070728+00:00', 'model_version': 'gemma4:31b-cloud', 'prompt_hash': 'a6af280e'}"
1,real_mixed_10,gemma4:31b-cloud_baseline,5.56896185874939,8.4,0,0,"{
""Persons"": [
""Cristina Almeida"",
""Manuel de la Calva"",
""Ramón Arcusa"",
""Francisco Javier Sánchez Bocanegra""
],
""Organizations"": [
""Dúo Dinámico"",
""La 2"",
""EFE""
],
""Locations"": [
""Barcelona"",
""España"",
""Sudamérica"",
""Suecia"",
""Australia"",
""Francia"",
""Japón"",
""Málaga""
]
}",direct_json,0.9333333333333333,1.0,0.9655172413793104,0.0,0,8.5,29.9,2.9,255.4,255.5,27439.9,74.3,25448.8,0.0,"{'timestamp': '2026-09-15T21:35:07.095030+00:00', 'model_version': 'gemma4:31b-cloud', 'prompt_hash': 'a6af280e'}"
2,real_mixed_11,gemma4:31b-cloud_baseline,4.067914009094238,21.73,0,0,"{
""Persons"": [
""Isabel dos Santos"",
""Helder Pitta Gros"",
""Gabriela Figueredo"",
""Nuno Ribeiro da Cunha"",
""Carlos Saturnino"",
""Mario Leite da Silva"",
""Paula Oliveira"",
""Sarju Raikundalia""
],
""Organizations"": [
""International Consortium of Investigative Journalists"",
""Sonangol"",
""Lusa news agency"",
""Portuguese Securities Market Commission"",
""Galp Energia"",
""NOS"",
""Eurobic"",
""Expresso"",
""ICIJ"",
""BBC News"",
""Banco de Fomento Angola""
],
""Locations"": [
""Angola"",
""Luanda"",
""London"",
""Portugal"",
""Lisbon"",
""Dubai"",
""U.S."",
""U.K."",
""Switzerland"",
""Brazil""
]
}",direct_json,0.896551724137931,0.9629629629629629,0.9285714285714286,0.0,0,11.9,26.3,17.0,255.5,255.5,27407.4,74.2,25448.8,0.0,"{'timestamp': '2026-09-15T21:35:08.666394+00:00', 'model_version': 'gemma4:31b-cloud', 'prompt_hash': 'a6af280e'}"
2,real_mixed_12,gemma4:31b-cloud_baseline,3.5590479373931885,11.32,0,0,"{
""Persons"": [],
""Organizations"": [
""AENA"",
""Real Madrid"",
""Valencia"",
""Fuerzas de Seguridad del Estado"",
""Guardia Civil"",
""Policía Nacional"",
""EFE""
],
""Locations"": [
""Madrid"",
""Barajas"",
""Manises"",
""París"",
""Santiago de Chile""
]
}",direct_json,1.0,1.0,1.0,0.0,0,10.3,26.3,16.6,255.5,255.5,27386.1,74.2,25448.8,0.0,"{'timestamp': '2026-09-15T21:35:08.152973+00:00', 'model_version': 'gemma4:31b-cloud', 'prompt_hash': 'a6af280e'}"
2,real_mixed_13,gemma4:31b-cloud_baseline,2.5365488529205322,35.88,0,0,"{
""Persons"": [
""José Félix de las Cuevas"",
""Amador Fernández Quesada"",
""José Miguel Silió"",
""Corín Tellado"",
""Miguel de Cervantes"",
""Luis Sepúlveda"",
""Rosa Regás"",
""Mario Delgado"",
""Vicente Alvarez Areces"",
""Paz Fernández Felgueroso""
],
""Organizations"": [
""PSOE-Progresistas"",
""Ayuntamiento de Bárcena de Pie de Concha"",
""PP"",
""Renfe"",
""EFE"",
""Salón del Libro Iberoamericano""
],
""Locations"": [
""Bárcena de Pie de Concha"",
""Santander"",
""Palencia"",
""Pié de Concha"",
""Pujayo"",
""Cantabria"",
""Gijón"",
""España"",
""Asturias"",
""Uruguay""
]
}",direct_json,0.8076923076923077,0.7777777777777778,0.7924528301886792,0.0,0,8.5,16.7,4.3,256.7,257.7,27541.5,74.5,25448.8,0.0,"{'timestamp': '2026-09-15T21:35:10.722498+00:00', 'model_version': 'gemma4:31b-cloud', 'prompt_hash': 'a6af280e'}"
2,real_mixed_14,gemma4:31b-cloud_baseline,2.528995990753174,23.13,0,0,"{
""Persons"": [
""Joseph Kabila""
],
""Organizations"": [
""China Railway Group"",
""Sinohydro"",
""Platform to Protect Whistleblowers in Africa"",
""PPLAAF"",
""Mediapart"",
""The Sentry"",
""European Investigative Collaborations"",
""EIC"",
""BGFIBank DRC"",
""Congo Construction Company"",
""CCC"",
""Citibank"",
""Commerzbank""
],
""Locations"": [
""China"",
""Democratic Republic of Congo"",
""DRC""
]
}",direct_json,0.7058823529411765,0.8,0.7500000000000001,0.0,0,5.1,13.5,19.4,257.3,257.7,27538.1,74.5,25448.8,0.0,"{'timestamp': '2026-09-15T21:35:11.213803+00:00', 'model_version': 'gemma4:31b-cloud', 'prompt_hash': 'a6af280e'}"
2,real_mixed_15,gemma4:31b-cloud_baseline,4.571274280548096,11.09,0,0,"{
""Persons"": [
""Samani"",
""Horst Koehler"",
""Michel Camdessus""
],
""Organizations"": [
""Gipsies"",
""Tusker"",
""Castel"",
""Viva"",
""Kas"",
""Nutrexpa"",
""EFE"",
""Fondo Monetario Internacional"",
""FMI""
],
""Locations"": [
""Lérida"",
""Kenia"",
""España"",
""Nairobi"",
""Reino Unido"",
""India"",
""Londres"",
""Gandia"",
""Washington"",
""Asia"",
""Latinoamérica""
]
}",direct_json,0.8260869565217391,0.9047619047619048,0.8636363636363636,0.0,0,9.7,26.5,13.0,258.6,259.1,27446.1,74.3,25448.8,0.0,"{'timestamp': '2026-09-15T21:35:15.318917+00:00', 'model_version': 'gemma4:31b-cloud', 'prompt_hash': 'a6af280e'}"
3,real_mixed_16,gemma4:31b-cloud_baseline,2.0304551124572754,19.21,0,0,"{
""Persons"": [
""Antonio Augusto Fonseca"",
""Javier Irureta"",
""Augusto César Lendoiro""
],
""Organizations"": [
""Banco Central"",
""Fisco"",
""EFECOM"",
""POLICIA"",
""EFE"",
""Deportivo""
],
""Locations"": [
""Chile"",
""La Coruña"",
""Irún""
]
}",direct_json,1.0,1.0,1.0,0.0,0,8.9,19.1,35.2,255.5,255.6,27466.5,74.3,25448.8,0.0,"{'timestamp': '2026-09-15T21:35:09.144444+00:00', 'model_version': 'gemma4:31b-cloud', 'prompt_hash': 'a6af280e'}"
3,real_mixed_17,gemma4:31b-cloud_baseline,2.5444607734680176,7.66,0,0,"{
""Persons"": [""Isabel dos Santos"", ""Hélder Pitta Grós""],
""Organizations"": [],
""Locations"": [""Africa"", ""Angola"", ""Luanda""]
}",direct_json,1.0,1.0,1.0,0.0,0,11.3,26.3,24.3,255.7,256.3,27459.0,74.3,25448.8,0.0,"{'timestamp': '2026-09-15T21:35:09.649628+00:00', 'model_version': 'gemma4:31b-cloud', 'prompt_hash': 'a6af280e'}"
3,real_mixed_18,gemma4:31b-cloud_baseline,4.574450969696045,7.96,0,0,"{
""Persons"": [
""Ramon Camp"",
""Joan Boada""
],
""Organizations"": [
""Parlamento catalán"",
""IC-V"",
""CiU"",
""PSC"",
""PP"",
""Iniciativa"",
""Generalitat"",
""Congreso"",
""Ejército español""
],
""Locations"": [
""Cataluña"",
""Barcelona""
]
}",direct_json,0.8461538461538461,0.7857142857142857,0.8148148148148148,0.0,0,10.1,26.5,2.9,258.0,258.4,27505.0,74.4,25448.8,0.0,"{'timestamp': '2026-09-15T21:35:13.735993+00:00', 'model_version': 'gemma4:31b-cloud', 'prompt_hash': 'a6af280e'}"
3,real_mixed_19,gemma4:31b-cloud_baseline,5.072479009628296,11.79,0,0,"{
""Persons"": [
""Roig"",
""Camacho"",
""Michel Salgado"",
""Helguera"",
""Hierro"",
""Raúl"",
""Morientes"",
""Cañizares"",
""Mendieta"",
""Farinós"",
""Gerard"",
""Angulo"",
""Antonio Castillo""
],
""Organizations"": [
""Real Madrid"",
""Valencia"",
""GESTION"",
""Comisión para la Promoción de Exportaciones"",
""Prompex"",
""Confederación de Instituciones Empresariales Privadas"",
""Confiep""
],
""Locations"": [
""Saint Denis"",
""Lima""
]
}",direct_json,1.0,1.0,1.0,0.0,0,9.9,26.5,12.2,258.2,259.1,27493.1,74.4,25448.8,0.0,"{'timestamp': '2026-09-15T21:35:14.750726+00:00', 'model_version': 'gemma4:31b-cloud', 'prompt_hash': 'a6af280e'}"
3,real_mixed_20,gemma4:31b-cloud_baseline,2.5485639572143555,31.63,0,0,"{
""Persons"": [
""Angel Padrino"",
""Luis Rodríguez Motiño""
],
""Organizations"": [
""La Junta de Comunidades de Castilla-La Mancha"",
""Patronato Rector del centro asociado de la Universidad Nacional de Educación. Distancia"",
""UNED"",
""Delegación Provincial de Educación de Guadalajara"",
""Programa de Recuperación. Utilización Educativa de Pueblos Abandonados"",
""PRUEPA"",
""Ministerio de Medio Ambiente"",
""EFE"",
""EFECOM""
],
""Locations"": [
""Guadalajara"",
""Castilla-La Mancha"",
""Umbralejo"",
""Madrid""
]
}",direct_json,0.7333333333333333,0.5789473684210527,0.6470588235294117,0.0,0,11.7,21.9,24.9,259.4,260.6,27383.5,74.1,25448.8,0.0,"{'timestamp': '2026-09-15T21:35:16.308508+00:00', 'model_version': 'gemma4:31b-cloud', 'prompt_hash': 'a6af280e'}"
4,real_mixed_21,gemma4:31b-cloud_baseline,2.040959119796753,22.93,0,0,"{
""Persons"": [
""SANCHEZ POLO""
],
""Organizations"": [
""Paribas"",
""BNP"",
""Société Générale"",
""SG"",
""Comité de Entidades de Crédito. Inversiones"",
""CECEI"",
""BNP-Paribas"",
""BankWest"",
""BNPI-SFOM"",
""Paribas Capital"",
""EFE""
],
""Locations"": [
""Francia"",
""Salvatierra de los Barros""
]
}",direct_json,0.9285714285714286,0.8125,0.8666666666666666,0.0,0,8.8,20.5,28.9,260.7,260.7,27355.4,74.1,25448.8,0.0,"{'timestamp': '2026-09-15T21:35:17.382342+00:00', 'model_version': 'gemma4:31b-cloud', 'prompt_hash': 'a6af280e'}"
4,real_mixed_22,gemma4:31b-cloud_baseline,10.16422986984253,1.79,0,0,"{
""Persons"": [],
""Organizations"": [],
""Locations"": [
""Galicia"",
""cantábrico"",
""Levante"",
""Canarias"",
""Asturias""
]
}",direct_json,0.6,1.0,0.7499999999999999,0.0,0,9.4,28.3,6.1,260.7,260.7,27468.8,74.3,25448.8,0.0,"{'timestamp': '2026-09-15T21:35:25.495460+00:00', 'model_version': 'gemma4:31b-cloud', 'prompt_hash': 'a6af280e'}"
4,real_mixed_23,gemma4:31b-cloud_baseline,11.135092973709106,4.67,0,0,"{
""Persons"": [
""José A. Delgado"",
""James Moran"",
""Bill Clinton"",
""Bill Gates"",
""Eric Koening""
],
""Organizations"": [
""Rolex"",
""Omega"",
""Breitling"",
""Ferrari"",
""Armani"",
""Cámara de Representantes de EEUU"",
""Congreso"",
""Casa Blanca"",
""Senado"",
""Microsoft""
],
""Locations"": [
""Washington"",
""EEUU"",
""China""
]
}",direct_json,0.6666666666666666,0.7058823529411765,0.6857142857142857,0.0,0,9.2,28.3,5.6,260.7,260.7,27475.8,74.4,25448.8,0.0,"{'timestamp': '2026-09-15T21:35:28.537060+00:00', 'model_version': 'gemma4:31b-cloud', 'prompt_hash': 'a6af280e'}"
4,real_mixed_24,gemma4:31b-cloud_baseline,3.5537359714508057,8.41,0,0,"{
""Persons"": [
""Barbara Vidman"",
""Alejandro Aguirre""
],
""Organizations"": [
""Congreso"",
""Las Américas""
],
""Locations"": [
""Japón"",
""Estados Unidos"",
""Colorado"",
""Miami""
]
}",direct_json,1.0,0.7272727272727273,0.8421052631578948,0.0,0,10.2,21.4,18.2,260.7,260.7,27431.9,74.3,25448.8,0.0,"{'timestamp': '2026-09-15T21:35:29.064593+00:00', 'model_version': 'gemma4:31b-cloud', 'prompt_hash': 'a6af280e'}"
4,real_mixed_25,gemma4:31b-cloud_baseline,2.5383219718933105,21.0,0,0,"{
""Persons"": [
""Méndez López"",
""Olga Reguilón""
],
""Organizations"": [
""Caixa Galicia"",
""EFE"",
""Gobierno municipal de Pinto"",
""PSOE"",
""Comunidad de Madrid"",
""IU"",
""Red de Teatros de la Comunidad"",
""Red ITINER de exposiciones""
],
""Locations"": [
""Galicia"",
""España"",
""Pinto"",
""Madrid""
]
}",direct_json,0.7857142857142857,0.6470588235294118,0.7096774193548386,0.0,0,19.9,28.1,24.2,260.7,260.7,27600.2,74.6,25448.8,0.0,"{'timestamp': '2026-09-15T21:35:31.096305+00:00', 'model_version': 'gemma4:31b-cloud', 'prompt_hash': 'a6af280e'}"
5,real_mixed_26,gemma4:31b-cloud_baseline,11.148871898651123,9.21,0,0,"{
""Persons"": [
""Anna Smashnova"",
""Dominique Van Roost"",
""Daniela Hantuchova"",
""Iroda Tulyaganova"",
""Rita Kuti Kis"",
""Sophie Erre"",
""Tathiana Garbin"",
""Stéphanie Foretz"",
""Lilia Osterloh"",
""Elena Lijovtseva"",
""Corina Morariu"",
""Sarah Pitkowski"",
""Nadejda Petrova"",
""Anne Kremer"",
""Alexandra Stevenson"",
""Amelie Cocheteux""
],
""Organizations"": [
""Eurobank"",
""Banco Central de Rusia"",
""BCR"",
""Tribunal de Gran Instancia de París"",
""Tribunal Arbitral de Estocolmo"",
""Gobierno ruso"",
""Noga""
],
""Locations"": [
""ISR"",
""BEL"",
""SVK"",
""UZB"",
""Hun"",
""FRA"",
""ITA"",
""USA"",
""RUS"",
""LUX"",
""París"",
""Estocolmo"",
""Francia"",
""Suiza"",
""Luxemburgo""
]
}",direct_json,0.7105263157894737,0.6428571428571429,0.6749999999999999,0.0,0,9.2,28.3,7.4,260.7,260.7,27464.6,74.3,25448.8,0.0,"{'timestamp': '2026-09-15T21:35:27.510394+00:00', 'model_version': 'gemma4:31b-cloud', 'prompt_hash': 'a6af280e'}"
5,real_mixed_27,gemma4:31b-cloud_baseline,10.139899015426636,13.33,0,0,"{
""Persons"": [
""Chaka Fattah Sr."",
""Herbert Vederman"",
""Bonnie Bowser"",
""Robert Brand"",
""Karen Nicholas"",
""Leslie R. Caldwell"",
""Zane David Memeger"",
""Edward J. Hanko"",
""Akeia Conner"",
""Eric L. Gibson"",
""T. Patrick Martin"",
""Jonathan Kravis"",
""Paul L. Gray"",
""Bob Dalton""
],
""Organizations"": [
""Justice Department"",
""Eastern District of Pennsylvania"",
""FBI"",
""Internal Revenue Service-Criminal Investigation"",
""IRS-CI"",
""Educational Advancement Alliance"",
""EAA"",
""Department of Justice"",
""Department of Justice’s Office of the Inspector General"",
""NASA Office of Inspector General"",
""Department of Commerce’s Office of Inspector General"",
""Criminal Division’s Public Integrity Section"",
""Criminal Division’s Organized Crime and Gang Section""
],
""Locations"": [
""Philadelphia"",
""Palm Beach"",
""Florida"",
""Williamstown"",
""New Jersey""
]
}",direct_json,0.84375,0.84375,0.84375,0.0,0,9.3,28.3,5.9,260.7,260.7,27470.9,74.3,25448.8,0.0,"{'timestamp': '2026-09-15T21:35:26.479541+00:00', 'model_version': 'gemma4:31b-cloud', 'prompt_hash': 'a6af280e'}"
5,real_mixed_28,gemma4:31b-cloud_baseline,3.0511691570281982,20.88,0,0,"{
""Persons"": [
""Juan Carlos Aparicio"",
""Xabier Kalparsoro"",
""Anuk"",
""Günter Grass"",
""Antonio Ballester""
],
""Organizations"": [
""Gobierno"",
""Seguridad Social"",
""Audiencia Provincial de Vizcaya"",
""ETA"",
""Jefatura Superior de Policía de Bilbao"",
""Fundación Círculo de Lectores"",
""Instituto Valenciano de Arte Moderno"",
""IVAM""
],
""Locations"": [
""Bilbao"",
""Vizcaya"",
""Barcelona"",
""Valencia""
]
}",direct_json,0.8823529411764706,0.8333333333333334,0.8571428571428571,0.0,0,9.5,21.4,20.3,260.7,260.7,27480.2,74.4,25448.8,0.0,"{'timestamp': '2026-09-15T21:35:29.555254+00:00', 'model_version': 'gemma4:31b-cloud', 'prompt_hash': 'a6af280e'}"
5,real_mixed_29,gemma4:31b-cloud_baseline,2.5602362155914307,31.99,0,0,"{
""Persons"": [
""Natividad Pérez"",
""Miguel Angel Revilla"",
""Gregorio Gil Ruedas""
],
""Organizations"": [
""Vattenfall"",
""Ayuntamiento de Escalante"",
""Consejería de Obras Públicas"",
""PP"",
""EFE"",
""Ayuntamiento de Villanueva de la Serena"",
""Consejería de Cultura de la Junta de Extremadura""
],
""Locations"": [
""Bolivia"",
""Brasil"",
""Chile"",
""Alemania"",
""Austria"",
""Holanda"",
""Polonia"",
""República Checa"",
""Santander"",
""Escalante"",
""Plaza de España"",
""Cantabria"",
""Villanueva de la Serena"",
""Badajoz""
]
}",direct_json,0.9583333333333334,0.92,0.9387755102040817,0.0,0,12.0,21.4,23.9,260.7,260.7,27547.6,74.5,25448.8,0.0,"{'timestamp': '2026-09-15T21:35:30.101702+00:00', 'model_version': 'gemma4:31b-cloud', 'prompt_hash': 'a6af280e'}"
5,real_mixed_30,gemma4:31b-cloud_baseline,2.030963897705078,15.36,0,0,"{
""Persons"": [
""Marimon"",
""Mario Monti""
],
""Organizations"": [
""Senado"",
""Gobierno"",
""UE"",
""Comisión Europea"",
""EFECOM""
],
""Locations"": [
""España"",
""Bruselas"",
""Fráncfort"",
""RFA""
]
}",direct_json,1.0,0.8461538461538461,0.9166666666666666,0.0,0,21.8,28.6,28.6,260.7,260.7,27569.2,74.6,25448.8,0.0,"{'timestamp': '2026-09-15T21:35:31.602133+00:00', 'model_version': 'gemma4:31b-cloud', 'prompt_hash': 'a6af280e'}"
6,real_mixed_31,gemma4:31b-cloud_baseline,1.0239129066467285,29.2,0,0,"{
""Persons"": [],
""Organizations"": [
""Comisión Ejecutiva del Consorcio Gran Teatro de Cáceres"",
""Junta""
],
""Locations"": [
""Cáceres"",
""Mérida"",
""Zafra"",
""Extremadura""
]
}",direct_json,0.8333333333333334,1.0,0.9090909090909091,0.0,0,11.7,23.3,58.5,260.8,260.8,27497.7,74.4,25448.8,0.0,"{'timestamp': '2026-09-15T21:35:32.135710+00:00', 'model_version': 'gemma4:31b-cloud', 'prompt_hash': 'a6af280e'}"
6,real_mixed_32,gemma4:31b-cloud_baseline,1.5280630588531494,31.48,0,0,"{
""Persons"": [
""Vujanovic"",
""Meta""
],
""Organizations"": [
""EFE"",
""Junta de precios de la Lonja de Bellpuig"",
""Lonja de Bellpuig""
],
""Locations"": [
""Montenegro"",
""Albania"",
""Shkodra"",
""Murriqan"",
""Hani"",
""Hotit"",
""Bellpuig"",
""Lleida"",
""España"",
""Arganda del Rey""
]
}",direct_json,0.8,0.75,0.7741935483870969,0.0,0,15.1,25.4,45.0,260.8,260.9,27504.6,74.4,25448.8,0.0,"{'timestamp': '2026-09-15T21:35:32.648924+00:00', 'model_version': 'gemma4:31b-cloud', 'prompt_hash': 'a6af280e'}"
6,real_mixed_33,gemma4:31b-cloud_baseline,2.5327658653259277,22.58,0,0,"{
""Persons"": [
""Jesús Miguel Franco"",
""María Luisa Alejos-Pita"",
""Mesías Gimeno"",
""Marta Calvo""
],
""Organizations"": [
""PSOE"",
""Comisión de Educación de las Cortes de Aragón"",
""PP"",
""Gobierno del PSOE-PAR"",
""Gobierno de Aragón"",
""Departamento de Educación"",
""Consejería de Educación""
],
""Locations"": [
""Aragón""
]
}",direct_json,0.9166666666666666,0.7333333333333333,0.8148148148148148,0.0,0,13.7,29.2,24.1,260.9,260.9,27483.7,74.4,25448.8,0.0,"{'timestamp': '2026-09-15T21:35:34.695253+00:00', 'model_version': 'gemma4:31b-cloud', 'prompt_hash': 'a6af280e'}"
6,real_mixed_34,gemma4:31b-cloud_baseline,3.0661420822143555,13.14,0,0,"{
""Persons"": [],
""Organizations"": [
""EFE"",
""ONU"",
""Ejército del Sur de Líbano"",
""ESL"",
""Gobierno de Beirut"",
""Naciones Unidas"",
""Ejército"",
""Gendarmería"",
""Ejército israelí""
],
""Locations"": [
""Líbano"",
""Israel"",
""Jiam"",
""Mayayun""
]
}",direct_json,0.9230769230769231,0.8571428571428571,0.888888888888889,0.0,0,17.4,53.6,21.3,260.9,260.9,27405.9,74.2,25448.8,0.0,"{'timestamp': '2026-09-15T21:35:35.739569+00:00', 'model_version': 'gemma4:31b-cloud', 'prompt_hash': 'a6af280e'}"
6,real_mixed_35,gemma4:31b-cloud_baseline,3.547765016555786,11.36,0,0,"{
""Persons"": [
""Esperanza Martí"",
""Juan Rodríguez Yuste"",
""Víctor Tello""
],
""Organizations"": [
""Medical Forum Expo"",
""EFE"",
""Xunta"",
""Consellería""
],
""Locations"": [
""España"",
""Europa"",
""Santiago de Compostela"",
""Portugal"",
""Guimaraes""
]
}",direct_json,1.0,1.0,1.0,0.0,0,3.9,11.2,16.7,260.9,260.9,27313.0,74.0,25448.8,0.0,"{'timestamp': '2026-09-15T21:35:38.270547+00:00', 'model_version': 'gemma4:31b-cloud', 'prompt_hash': 'a6af280e'}"
7,real_mixed_36,gemma4:31b-cloud_baseline,2.5456130504608154,22.98,0,0,"{
""Persons"": [
""Alexei Shirov"",
""Gari Kasparov"",
""Alexander Morozevich"",
""Michail Gurevich"",
""Etienne Bacrot"",
""Ivan Sokolov"",
""Kiril Georgiev"",
""Nigel Short"",
""Gary Kasparov"",
""Veselin Topalov"",
""Sergei Movsesian"",
""Evgeny Bareev"",
""Michael Adams""
],
""Organizations"": [],
""Locations"": [
""Sarajevo"",
""BIH"",
""BUL"",
""ING"",
""RUS"",
""ESP"",
""RCH"",
""BEL"",
""FRA""
]
}",direct_json,0.6363636363636364,0.6363636363636364,0.6363636363636364,0.0,0,27.4,61.9,24.2,260.9,260.9,27500.6,74.4,25448.8,0.0,"{'timestamp': '2026-09-15T21:35:34.192349+00:00', 'model_version': 'gemma4:31b-cloud', 'prompt_hash': 'a6af280e'}"
7,real_mixed_37,gemma4:31b-cloud_baseline,1.5369350910186768,36.37,0,0,"{
""Persons"": [
""Rodrigo Rato"",
""Elvira Rodríguez"",
""José Benedicto"",
""Pedro Canals Palou""
],
""Organizations"": [
""Comisión de Políticas de Gastos"",
""Gobierno"",
""Cosultores de las Administraciones Públicas"",
""Caja Avila"",
""EFE"",
""CCOO"",
""Seguridad Social"",
""SS"",
""Efe""
],
""Locations"": [
""Avila"",
""Palma"",
""Mallorca"",
""Marruecos""
]
}",direct_json,0.8235294117647058,0.9333333333333333,0.8749999999999999,0.0,0,45.0,61.9,38.1,260.9,260.9,27517.6,74.4,25448.8,0.0,"{'timestamp': '2026-09-15T21:35:33.169768+00:00', 'model_version': 'gemma4:31b-cloud', 'prompt_hash': 'a6af280e'}"
7,real_mixed_38,gemma4:31b-cloud_baseline,3.563014030456543,16.78,0,0,"{
""Persons"": [
""Claudio Suárez"",
""Osvaldo Sánchez"",
""Ricardo Peláez"",
""Rafael Puyó""
],
""Organizations"": [
""Guadalajara"",
""Toluca"",
""Chivas"",
""Atlas"",
""EFECOM"",
""Asociación Empresarial de Operadores de Vinos de Mesa"",
""AVIMES"",
""Interprofesional de los Vinos de Mesa"",
""IVIM"",
""EFE""
],
""Locations"": [
""estadio Jalisco"",
""Guadalajara"",
""Madrid"",
""Barcelona""
]
}",direct_json,0.9444444444444444,0.9444444444444444,0.9444444444444444,0.0,0,8.4,29.2,17.8,260.9,260.9,27344.3,74.1,25448.8,0.0,"{'timestamp': '2026-09-15T21:35:36.754081+00:00', 'model_version': 'gemma4:31b-cloud', 'prompt_hash': 'a6af280e'}"
7,real_mixed_39,gemma4:31b-cloud_baseline,3.5832228660583496,10.88,0,0,"{
""Persons"": [
""Pedro Canals"",
""Benedicto"",
""Viruca Atanes""
],
""Organizations"": [
""juzgado de lo Social"",
""Inspección de Trabajo"",
""CCOO"",
""Fiscalía de Baleares"",
""EFE""
],
""Locations"": [
""Baleares"",
""Madrid""
]
}",direct_json,0.8,1.0,0.888888888888889,0.0,0,5.8,13.2,17.5,260.9,260.9,27318.4,74.0,25448.8,0.0,"{'timestamp': '2026-09-15T21:35:37.791027+00:00', 'model_version': 'gemma4:31b-cloud', 'prompt_hash': 'a6af280e'}"
7,real_mixed_40,gemma4:31b-cloud_baseline,2.537637948989868,18.44,0,0,"{
""Persons"": [
""Vázquez Raña"",
""Dennis Oswald"",
""Carlos Mayor Oreja""
],
""Organizations"": [
""ACNO"",
""COI"",
""ODEPA"",
""Comité Olímpico"",
""Comisión Ejecutiva del COI"",
""EFE"",
""Consejería de Medio Ambiente""
],
""Locations"": [
""Sydney"",
""Valdetorres del Jarama""
]
}",direct_json,0.9166666666666666,0.7333333333333333,0.8148148148148148,0.0,0,3.8,11.2,24.4,260.9,260.9,27410.4,74.2,25448.8,0.0,"{'timestamp': '2026-09-15T21:35:39.322214+00:00', 'model_version': 'gemma4:31b-cloud', 'prompt_hash': 'a6af280e'}"
8,real_mixed_41,gemma4:31b-cloud_baseline,2.5412230491638184,22.0,0,0,"{
""Persons"": [
""Adolfo Piñedo"",
""Franco González"",
""Paz González""
],
""Organizations"": [
""Ayuntamiento de Camargo"",
""Junta Vecinal de Maliaño"",
""EFE"",
""Hacienda"",
""PSOE-Progresistas"",
""IU"",
""PP"",
""Asamblea"",
""Comisión de Presupuestos"",
""Gobierno"",
""Mesa de la Asamblea"",
""Cámara""
],
""Locations"": [
""Camargo"",
""Maliaño"",
""Cantabria"",
""Madrid""
]
}",direct_json,0.8421052631578947,0.8,0.8205128205128205,0.0,0,7.0,16.1,26.4,261.0,261.1,27493.0,74.4,25448.8,0.0,"{'timestamp': '2026-09-15T21:35:40.863149+00:00', 'model_version': 'gemma4:31b-cloud', 'prompt_hash': 'a6af280e'}"
8,real_mixed_42,gemma4:31b-cloud_baseline,1.5425031185150146,42.98,0,0,"{
""Persons"": [
""Pedro Martínez de la Rosa"",
""H. Frentzen"",
""E. Bernoldi"",
""G. Fisichella"",
""L. Burti"",
""J. Vesrtappen"",
""Pantano"",
""Carlos Falcó"",
""Luis Arroyo"",
""Alejandro Alonso""
],
""Organizations"": [
""Arrows"",
""Jordan"",
""Sauber"",
""Benetton"",
""Jaguar"",
""EFE"",
""Universidad de Castilla-La Mancha""
],
""Locations"": [
""Europa"",
""Mónaco"",
""Valencia"",
""Ciudad Real"",
""España"",
""Castilla-La Mancha""
]
}",direct_json,0.9130434782608695,0.7241379310344828,0.8076923076923076,0.0,0,8.0,16.1,39.7,260.9,260.9,27460.6,74.3,25448.8,0.0,"{'timestamp': '2026-09-15T21:35:39.870763+00:00', 'model_version': 'gemma4:31b-cloud', 'prompt_hash': 'a6af280e'}"
8,real_mixed_43,gemma4:31b-cloud_baseline,3.555478096008301,24.13,0,0,"{
  ""Persons"": [
    ""Bill Twehway"",
    ""Peter Twehway"",
    ""Christian D. Brownell"",
    ""Sidiki Fofana"",
    ""Zarylee M. Gbala"",
    ""Kanio Bai-Gbala"",
    ""Malcom Scott"",
    ""Christian Deah Brownell""
  ],
  ""Organizations"": [
    ""FrontPageAfrica"",
    ""Creative Developers Inc."",
    ""CDI"",
    ""National Port Authority"",
    ""NPA"",
    ""Global Tracking Management Service"",
    ""Liberia Anti-Corruption Commission"",
    ""LACC"",
    ""Flaton"",
    ""SINOTRANS"",
    ""ICC"",
    ""WAFDI"",
    ""BRILLIANT MAJU"",
    ""Booming Green"",
    ""Alpha Logging""
  ],
  ""Locations"": [
    ""MONROVIA"",
    ""Port of Buchanan"",
    ""Buchanan Port"",
    ""Grand Bassa County""
  ]
}",direct_json,0.7037037037037037,0.8636363636363636,0.7755102040816326,0.0,0,3.9,9.8,18.8,261.1,261.1,27399.8,74.2,25448.8,0.0,"{'timestamp': '2026-09-15T21:35:43.452482+00:00', 'model_version': 'gemma4:31b-cloud', 'prompt_hash': 'a6af280e'}"
8,real_mixed_44,gemma4:31b-cloud_baseline,6.592813730239868,12.62,0,0,"{
""Persons"": [
""Joseph Kabila"",
""Francis Selemani""
],
""Organizations"": [
""BGFIBank DRC"",
""BGFIBank Group"",
""Sud Oil"",
""Platform to Protect Whistleblowers in Africa"",
""PPLAAF"",
""Mediapart"",
""The Sentry"",
""European Investigative Collaborations"",
""EIC"",
""Congo Research Group"",
""Congo Hold-up consortium"",
""Central Bank of Congo"",
""United Nations"",
""Gécamines""
],
""Locations"": [
""Democratic Republic of Congo"",
""DRC"",
""Kinshasa"",
""United States"",
""South Africa"",
""Gabon"",
""New York"",
""Washington, DC"",
""Johannesburg""
]
}",direct_json,0.68,0.85,0.7555555555555556,0.0,0,4.4,15.0,9.9,261.1,261.1,27284.2,74.0,25448.8,0.0,"{'timestamp': '2026-09-15T21:35:47.484141+00:00', 'model_version': 'gemma4:31b-cloud', 'prompt_hash': 'a6af280e'}"
8,real_mixed_45,gemma4:31b-cloud_baseline,7.09467887878418,7.51,0,0,"{
""Persons"": [
""Francisco García Ramos"",
""Juan Manzano"",
""Julio Carmona"",
""Raúl Borrasca""
],
""Organizations"": [
""Banco Central"",
""Ministerio de Finanzas"",
""EFE"",
""PSOE"",
""Ayuntamientos"",
""Junta de Extremadura"",
""Gobierno central""
],
""Locations"": [
""Rusia"",
""Don Benito"",
""Badajoz"",
""Villanueva de la Serena""
]
}",direct_json,0.9333333333333333,0.875,0.9032258064516129,0.0,0,5.4,15.8,4.6,261.1,261.1,27329.1,74.1,25448.8,0.0,"{'timestamp': '2026-09-15T21:35:50.571140+00:00', 'model_version': 'gemma4:31b-cloud', 'prompt_hash': 'a6af280e'}"
9,real_mixed_46,gemma4:31b-cloud_baseline,3.0471689701080322,10.24,0,0,"{
""Persons"": [],
""Organizations"": [
""Las Américas"",
""Congreso"",
""EFE"",
""FUERZAS ARMADAS"",
""Parlamento catalán"",
""Gobierno"",
""CDC-UDC"",
""MAS""
],
""Locations"": [
""Estados Unidos"",
""Barcelona""
]
}",direct_json,0.7,0.4666666666666667,0.56,0.0,0,5.2,12.1,22.7,261.0,261.1,27426.1,74.2,25448.8,0.0,"{'timestamp': '2026-09-15T21:35:42.404966+00:00', 'model_version': 'gemma4:31b-cloud', 'prompt_hash': 'a6af280e'}"
9,real_mixed_47,gemma4:31b-cloud_baseline,2.037957191467285,37.0,0,0,"{
""Persons"": [
""Roberto Zambrano"",
""Boi Rodríguez"",
""José Luis Sandoval"",
""Powell"",
""Cory Powell"",
""Pedro Castellano"",
""Miguel Rubio"",
""Will Flyn"",
""Pete Harthman"",
""José Núñez"",
""Santos Hernández"",
""José Solarte"",
""Francisco Campos"",
""Will Flynt"",
""Ravelo Manzanillo""
],
""Organizations"": [
""club de Cancún"",
""Monclova"",
""Diablos"",
""Diablos Rojos"",
""Saltillo"",
""Laredos"",
""Tigres"",
""Piratas de Campeche"",
""Yucatán"",
""Tabasco"",
""EFE""
],
""Locations"": [
""Madrid""
]
}",direct_json,0.9629629629629629,0.9285714285714286,0.9454545454545454,0.0,0,6.5,16.1,28.1,261.0,261.1,27470.4,74.3,25448.8,0.0,"{'timestamp': '2026-09-15T21:35:41.415886+00:00', 'model_version': 'gemma4:31b-cloud', 'prompt_hash': 'a6af280e'}"
9,real_mixed_48,gemma4:31b-cloud_baseline,7.089416265487671,5.87,0,0,"{
""Persons"": [
""Pablo Morales"",
""Casimiro Bellido""
],
""Organizations"": [
""bodega cooperativa Nuestra Señora del Romero de Cascante"",
""EFE"",
""Bolsa de Bogotá"",
""Bavaria""
],
""Locations"": [
""Cascante"",
""Pamplona"",
""Tudela"",
""Bogotá""
]
}",direct_json,0.8,0.8,0.8000000000000002,0.0,0,4.9,15.0,9.0,261.1,261.1,27290.0,74.0,25448.8,0.0,"{'timestamp': '2026-09-15T21:35:48.524534+00:00', 'model_version': 'gemma4:31b-cloud', 'prompt_hash': 'a6af280e'}"
9,real_mixed_49,gemma4:31b-cloud_baseline,7.110152244567871,8.78,0,0,"{
""Persons"": [
""Xabier Kalparsoro"",
""Anuk"",
""Manuel Alvarez"",
""Mauricio Pastor""
],
""Organizations"": [
""Audiencia Provincial de Vizcaya"",
""ETA"",
""Jefatura Superior de Policía de Bilbao"",
""Audiencia de Vizcaya"",
""Estado"",
""Brigada de Información"",
""Asociación Contra la Tortura"",
""ayuntamiento de Zumaia""
],
""Locations"": [
""Vizcaya"",
""Bilbao"",
""Durango"",
""Zumaia"",
""Guipúzcoa""
]
}",direct_json,0.8823529411764706,0.8333333333333334,0.8571428571428571,0.0,0,4.8,15.0,4.2,261.1,261.1,27303.7,74.0,25448.8,0.0,"{'timestamp': '2026-09-15T21:35:49.543294+00:00', 'model_version': 'gemma4:31b-cloud', 'prompt_hash': 'a6af280e'}"
9,real_mixed_50,gemma4:31b-cloud_baseline,3.057126045227051,15.31,0,0,"{
""Persons"": [
""José María Aznar"",
""Manuel Chaves"",
""Rafa Larreina""
],
""Organizations"": [
""Gobierno"",
""EFE"",
""EA"",
""PSE-EE""
],
""Locations"": [
""Palacio de la Moncloa"",
""Palacio de la Magdalena"",
""Santander"",
""Madrid"",
""París"",
""Vitoria"",
""San Sebastián""
]
}",direct_json,1.0,0.7368421052631579,0.8484848484848484,0.0,0,5.8,15.8,20.2,261.1,261.2,27463.2,74.4,25448.8,0.0,"{'timestamp': '2026-09-15T21:35:51.612866+00:00', 'model_version': 'gemma4:31b-cloud', 'prompt_hash': 'a6af280e'}"
10,real_mixed_51,gemma4:31b-cloud_baseline,2.542487144470215,17.9,0,0,"{
""Persons"": [
""Antonio de la Rosa"",
""J. S. A."",
""José Pérez Cequera"",
""Andrés Hiniesta""
],
""Organizations"": [
""Efe"",
""Policía Local"",
""Hospital Virgen del Rocío""
],
""Locations"": [
""Castilla. León"",
""Barajas"",
""Ecija"",
""Sevilla""
]
}",direct_json,0.9090909090909091,0.6666666666666666,0.7692307692307692,0.0,0,5.7,11.3,9.0,261.3,261.3,27352.2,74.1,25448.8,0.0,"{'timestamp': '2026-09-15T21:35:53.156538+00:00', 'model_version': 'gemma4:31b-cloud', 'prompt_hash': 'a6af280e'}"
10,real_mixed_52,gemma4:31b-cloud_baseline,2.0307178497314453,35.21,0,0,"{
""Persons"": [
""Oviedo"",
""Stephen McFarland"",
""Walter Bower"",
""Teresa Castanedo"",
""Antonio Mérida"",
""Manolo Lama"",
""Roberto Brasero""
],
""Organizations"": [
""I División de Caballería"",
""embajada de Estados Unidos"",
""EFE"",
""Telemadrid"",
""Real Madrid"",
""Valencia""
],
""Locations"": [
""territorio paraguayo"",
""Asunción"",
""Madrid"",
""París"",
""Cibeles"",
""aeropuerto de Barajas"",
""estadio de Saint Denis"",
""Ciudad Deportiva del Real Madrid""
]
}",direct_json,0.7619047619047619,0.7619047619047619,0.7619047619047619,0.0,0,4.8,10.2,30.5,261.3,261.3,27354.4,74.1,25448.8,0.0,"{'timestamp': '2026-09-15T21:35:52.640556+00:00', 'model_version': 'gemma4:31b-cloud', 'prompt_hash': 'a6af280e'}"
10,real_mixed_53,gemma4:31b-cloud_baseline,5.587992191314697,7.68,0,0,"{
""Persons"": [
""Rato"",
""Summers""
],
""Organizations"": [
""Gobierno"",
""EFE"",
""Diputación Foral de Alava""
],
""Locations"": [
""España"",
""Estados Unidos"",
""Vitoria"",
""Alava"",
""Elorriaga"",
""Lumbier"",
""Navarra"",
""Llanada"",
""Montaña alavesa"",
""Arraia-Maeztu"",
""Campezo"",
""Valladolid""
]
}",direct_json,0.8235294117647058,0.875,0.8484848484848485,0.0,0,5.7,13.9,12.0,261.3,261.3,27245.2,73.9,25448.8,0.0,"{'timestamp': '2026-09-15T21:35:58.257762+00:00', 'model_version': 'gemma4:31b-cloud', 'prompt_hash': 'a6af280e'}"
10,real_mixed_54,gemma4:31b-cloud_baseline,5.573089122772217,5.6,0,0,"{
""Persons"": [
""Carlos Sánchez Polo""
],
""Organizations"": [
""Agencia EFE"",
""Junta""
],
""Locations"": [
""Mérida"",
""Extremadura"",
""Salvatierra de los Barros"",
""Badajoz""
]
}",direct_json,1.0,0.875,0.9333333333333333,0.0,0,4.9,13.9,11.1,261.3,261.3,27236.9,73.9,25448.8,0.0,"{'timestamp': '2026-09-15T21:35:58.744933+00:00', 'model_version': 'gemma4:31b-cloud', 'prompt_hash': 'a6af280e'}"
10,real_mixed_55,gemma4:31b-cloud_baseline,6.101381063461304,8.31,0,0,"{
""Persons"": [
""Alfredo Sánchez Monteseirín"",
""Monteseirín""
],
""Organizations"": [
""Juntas Generales de Bizkaia"",
""Universidad Pablo de Olavide"",
""Comité Olímpico Internacional"",
""COI"",
""EFE""
],
""Locations"": [
""Bizkaia"",
""Baleares"",
""Sevilla"",
""La Cartuja"",
""Dos Hermanas"",
""Cádiz"",
""Córdoba"",
""Málaga"",
""Granada""
]
}",direct_json,0.8125,0.65,0.7222222222222223,0.0,0,6.2,20.1,2.3,261.3,261.3,27409.8,74.2,25448.8,0.0,"{'timestamp': '2026-09-15T21:36:04.392249+00:00', 'model_version': 'gemma4:31b-cloud', 'prompt_hash': 'a6af280e'}"
11,real_mixed_56,gemma4:31b-cloud_baseline,3.0461220741271973,22.62,0,0,"{
""Persons"": [
""Chirac"",
""Aznar"",
""José María Aznar""
],
""Organizations"": [
""Consejo"",
""Comisión"",
""UE"",
""CIG"",
""Consejo Europeo de Lisboa"",
""EFE"",
""Escuela Taller de Restauración de Toledo"",
""Ayuntamiento de Toledo""
],
""Locations"": [
""Castillo de Rambouillet"",
""España"",
""Lisboa"",
""Austria"",
""Portugal"",
""América Latina"",
""Oriente Medio"",
""Francia"",
""Toledo"",
""Reino Unido"",
""Dinamarca"",
""Suecia"",
""Italia"",
""Finlandia""
]
}",direct_json,0.8,0.7692307692307693,0.7843137254901961,0.0,0,5.6,13.8,27.8,261.3,261.3,27268.9,74.0,25448.8,0.0,"{'timestamp': '2026-09-15T21:35:54.697645+00:00', 'model_version': 'gemma4:31b-cloud', 'prompt_hash': 'a6af280e'}"
11,real_mixed_57,gemma4:31b-cloud_baseline,2.038444757461548,26.15,0,0,"{
""Persons"": [
""Vicente del Bosque"",
""Fernando Hierro"",
""Iván Campo"",
""Karanka"",
""Iván Helguera"",
""Raúl"",
""Anelka"",
""Morientes"",
""Héctor Cúper"",
""Farinós"",
""Gerardo"",
""Piojo López"",
""Carlos Gardel""
],
""Organizations"": [
""Valencia"",
""Madrid"",
""Racing de Avellaneda"",
""Lazio""
],
""Locations"": [
""Europa"",
""Roma"",
""Italia""
]
}",direct_json,1.0,0.9523809523809523,0.975609756097561,0.0,0,4.3,9.2,30.4,261.3,261.3,27291.1,74.0,25448.8,0.0,"{'timestamp': '2026-09-15T21:35:53.690342+00:00', 'model_version': 'gemma4:31b-cloud', 'prompt_hash': 'a6af280e'}"
11,real_mixed_58,gemma4:31b-cloud_baseline,5.589524984359741,9.77,0,0,"{
""Persons"": [
""Juan Antonio Gómez Angulo"",
""Vicente del Bosque"",
""Emilio Butragueño"",
""Eduardo Zaplana""
],
""Organizations"": [
""EFE"",
""Liga de Campeones"",
""Real Madrid"",
""Valencia"",
""Consejo Superior de Deportes"",
""Comunidad Valenciana""
],
""Locations"": [
""París"",
""Saint Denis"",
""Versalles"",
""Chantilly"",
""Amsterdam"",
""Madrid""
]
}",direct_json,0.875,0.7777777777777778,0.823529411764706,0.0,0,5.8,13.9,11.3,261.3,261.3,27239.4,73.9,25448.8,0.0,"{'timestamp': '2026-09-15T21:35:59.314768+00:00', 'model_version': 'gemma4:31b-cloud', 'prompt_hash': 'a6af280e'}"
11,real_mixed_59,gemma4:31b-cloud_baseline,6.087115049362183,20.5,0,0,"{
""Persons"": [
""John C. Demers"",
""Matthew Schneider"",
""Vance R. Callender"",
""Dan Clutch"",
""Arash Yousefi Jam"",
""Arash Yousefijam"",
""Arash Jam"",
""Amin Yousefi Jam"",
""Amin Yousefijam"",
""Amin Jam"",
""Abdollah Momeni Roustani"",
""Abdollah Momeni"",
""Ab Momeni"",
""Amir Amiri"",
""Hank Moon"",
""Adam Barry""
],
""Organizations"": [
""Justice Department"",
""Homeland Security Investigations"",
""HSI"",
""U.S. Immigration and Customs Enforcement"",
""Department of Commerce"",
""Office of Export Enforcement"",
""OEE"",
""Eastern District of Michigan"",
""Counterintelligence and Export Control Section of the National Security Division"",
""Office of International Affairs""
],
""Locations"": [
""Iran"",
""United States"",
""UAE"",
""Michigan"",
""Ohio"",
""Ontario"",
""Canada"",
""United Arab Emirates""
]
}",direct_json,0.6764705882352942,0.8846153846153846,0.7666666666666666,0.0,0,5.1,13.9,10.5,261.3,261.3,27293.2,74.0,25448.8,0.0,"{'timestamp': '2026-09-15T21:36:00.808623+00:00', 'model_version': 'gemma4:31b-cloud', 'prompt_hash': 'a6af280e'}"
11,real_mixed_60,gemma4:31b-cloud_baseline,6.092717885971069,10.03,0,0,"{
""Persons"": [
""Juan Luis Font""
],
""Organizations"": [
""El Periódico"",
""Siglo Veintiuno"",
""Nuestro Diario"",
""Guatemala Flash"",
""Relaciones Públicas de la Presidencia"",
""Secretaría de Comunicación Social de la Presidencia"",
""Gobierno"",
""Ministerio Público"",
""Estado Mayor Presidencial ( EMP )"",
""EFE""
],
""Locations"": [
""Santiago de Compostela""
]
}",direct_json,1.0,0.8571428571428571,0.923076923076923,0.0,0,6.6,20.1,10.4,261.3,261.4,27420.0,74.2,25448.8,0.0,"{'timestamp': '2026-09-15T21:36:05.438075+00:00', 'model_version': 'gemma4:31b-cloud', 'prompt_hash': 'a6af280e'}"
12,real_mixed_61,gemma4:31b-cloud_baseline,4.0750322341918945,40.2,0,0,"{
  ""Persons"": [
    ""Merrick B. Garland"",
    ""Christopher Wray"",
    ""Yury Orekhov"",
    ""Artem Uss"",
    ""Svetlana Kuzurgasheva"",
    ""Lana Neumann"",
    ""Timofey Telegin"",
    ""Sergey Tulyakov"",
    ""Juan Fernando Serrano Ponce"",
    ""Juanfe Serrano"",
    ""Juan Carlos Soto"",
    ""Breon Peace"",
    ""Artie McConnell"",
    ""Scott A. Claffee""
  ],
  ""Organizations"": [
    ""U.S. Attorneys’ Offices for the Eastern District of New York"",
    ""U.S. Attorneys’ Offices for the District of Connecticut"",
    ""Department’s Task Force KleptoCapture"",
    ""Justice Department"",
    ""U.S. District Court for the District of Connecticut"",
    ""FBI"",
    ""Petroleos de Venezuela S.A. (PDVSA)"",
    ""Nord-Deutsche Industrieanlagenbau GmbH (NDA GmbH)"",
    ""Justice Department’s Office of International Affairs"",
    ""U.S. Department of Commerce"",
    ""National Security Division’s Counterintelligence and Export Control Section""
  ],
  ""Locations"": [
    ""Russia"",
    ""Ukraine"",
    ""New York"",
    ""Connecticut"",
    ""Venezuela"",
    ""Germany"",
    ""Italy"",
    ""United States"",
    ""Latvia"",
    ""Estonia"",
    ""Europe"",
    ""Moscow"",
    ""Krasnoyarsk Krai"",
    ""Hamburg"",
    ""Beijing"",
    ""Emirates"",
    ""Latin America""
  ]
}",direct_json,0.6666666666666666,0.7777777777777778,0.717948717948718,0.0,0,6.1,15.5,16.1,261.5,261.5,27305.8,74.0,25448.8,0.0,"{'timestamp': '2026-09-15T21:36:08.539461+00:00', 'model_version': 'gemma4:31b-cloud', 'prompt_hash': 'a6af280e'}"
12,real_mixed_62,gemma4:31b-cloud_baseline,2.0449471473693848,26.06,0,0,"{
""Persons"": [
""Cristina Narbona"",
""Emanuele Leone"",
""Paloma Aguirre""
],
""Organizations"": [
""PSOE-Progresistas"",
""Ayuntamiento de Madrid"",
""Unión Temporal de Empresas"",
""UTE"",
""EFE"",
""Museo Extremeño. Iberoamericano de Arte Contemporáneo"",
""MEIAC"",
""4. L""
],
""Locations"": [
""Madrid"",
""Badajoz"",
""Lisboa"",
""Barcelona"",
""Extremadura""
]
}",direct_json,0.8125,0.7222222222222222,0.7647058823529411,0.0,0,10.5,15.5,35.6,261.4,261.5,27292.6,74.0,25448.8,0.0,"{'timestamp': '2026-09-15T21:36:06.486112+00:00', 'model_version': 'gemma4:31b-cloud', 'prompt_hash': 'a6af280e'}"
12,real_mixed_63,gemma4:31b-cloud_baseline,4.091200113296509,12.07,0,0,"{
""Persons"": [
""PUTIN""
],
""Organizations"": [
""Ejército de Sri Lanka"",
""Tigres de Liberación de la Patria Tamil"",
""EFE"",
""Sociedad de Oncología Clínica"",
""EFECOM""
],
""Locations"": [
""Sri Lanka"",
""Jafna"",
""Minsk"",
""Rusia"",
""EEUU"",
""Nueva Orleáns"",
""Barcelona""
]
}",direct_json,0.7692307692307693,0.6666666666666666,0.7142857142857142,0.0,0,13.7,33.7,16.6,261.5,261.5,27362.3,74.1,25448.8,0.0,"{'timestamp': '2026-09-15T21:36:10.599094+00:00', 'model_version': 'gemma4:31b-cloud', 'prompt_hash': 'a6af280e'}"
12,real_mixed_64,gemma4:31b-cloud_baseline,5.082391977310181,5.12,0,0,"{
""Persons"": [],
""Organizations"": [
""ayuntamiento de Mollet del Vallés"",
""EFE""
],
""Locations"": [
""Mollet del Vallés"",
""Barcelona""
]
}",direct_json,0.75,0.75,0.75,0.0,0,13.0,53.1,12.0,261.5,261.5,27367.8,74.1,25448.8,0.0,"{'timestamp': '2026-09-15T21:36:13.632911+00:00', 'model_version': 'gemma4:31b-cloud', 'prompt_hash': 'a6af280e'}"
12,real_mixed_65,gemma4:31b-cloud_baseline,5.587386131286621,7.21,0,0,"{
""Persons"": [],
""Organizations"": [
""Caixa Catalunya"",
""AIAF"",
""Universidad del País Vasco"",
""ETA"",
""Vicerrectorado del Campus de Guipúzcoa"",
""departamento vasco de Interior"",
""Efe""
],
""Locations"": [
""San Sebastián"",
""Guipúzcoa""
]
}",direct_json,0.6666666666666666,0.5454545454545454,0.6,0.0,0,5.4,14.3,11.1,261.5,261.5,27313.9,74.0,25448.8,0.0,"{'timestamp': '2026-09-15T21:36:16.209307+00:00', 'model_version': 'gemma4:31b-cloud', 'prompt_hash': 'a6af280e'}"
13,real_mixed_66,gemma4:31b-cloud_baseline,4.576925992965698,17.33,0,0,"{
""Persons"": [
""Juan Pereiro"",
""Wolfgang Schuessel"",
""Antonio Guterres""
],
""Organizations"": [
""Ayuntamiento de San Martín del Rey Aurelio"",
""Administración Regional"",
""EFE"",
""Partido Popular ( OEVP )"",
""Gobierno austriaco"",
""Consejo de la UE"",
""Unión Europea ( UE )"",
""OEVP""
],
""Locations"": [
""San Martín del Rey Aurelio"",
""Fradera"",
""El Entrego"",
""Viena"",
""Austria"",
""Italia"",
""Irlanda"",
""Las Azores"",
""Portugal"",
""Francia"",
""Alemania""
]
}",direct_json,0.5909090909090909,0.5,0.5416666666666667,0.0,0,6.5,15.5,18.5,261.5,261.5,27320.8,74.1,25448.8,0.0,"{'timestamp': '2026-09-15T21:36:10.063611+00:00', 'model_version': 'gemma4:31b-cloud', 'prompt_hash': 'a6af280e'}"
13,real_mixed_67,gemma4:31b-cloud_baseline,3.5687050819396973,14.57,0,0,"{
""Persons"": [
""Cuevas"",
""Iñaqui Ordóñez"",
""Ordóñez Mañas"",
""Manolo Cadenas"",
""Hernández"",
""Canca"",
""Bartok"",
""Iker Romero""
],
""Organizations"": [
""CEOE"",
""EFE"",
""Radio León"",
""Caja España Ademar"",
""Hameln"",
""Elgorriaga Bidasoa"",
""UE""
],
""Locations"": [
""Francia"",
""Italia"",
""Alemania"",
""Europa"",
""España"",
""León""
]
}",direct_json,0.9523809523809523,0.9090909090909091,0.9302325581395349,0.0,0,5.0,15.5,17.8,261.5,261.5,27302.1,74.0,25448.8,0.0,"{'timestamp': '2026-09-15T21:36:09.050979+00:00', 'model_version': 'gemma4:31b-cloud', 'prompt_hash': 'a6af280e'}"
13,real_mixed_68,gemma4:31b-cloud_baseline,5.583911895751953,13.27,0,0,"{
""Persons"": [
""Arash Yousefi Jam"",
""Abdollah Momeni Roustani"",
""Stephen J. Murphy"",
""Hank Moon"",
""Adam Barry""
],
""Organizations"": [
""Homeland Security Investigations"",
""Commerce Department’s Office of Export Enforcement"",
""Eastern District of Michigan"",
""Justice Department’s National Security Division"",
""Criminal Division’s Office of International Affairs""
],
""Locations"": [
""Canada"",
""Iran"",
""Ontario"",
""Michigan"",
""United States"",
""United Arab Emirates""
]
}",direct_json,1.0,0.8421052631578947,0.9142857142857143,0.0,0,11.8,53.1,11.0,261.5,261.5,27360.4,74.1,25448.8,0.0,"{'timestamp': '2026-09-15T21:36:14.658416+00:00', 'model_version': 'gemma4:31b-cloud', 'prompt_hash': 'a6af280e'}"
13,real_mixed_69,gemma4:31b-cloud_baseline,5.577438831329346,10.72,0,0,"{
""Persons"": [
""Fernando Zambrano"",
""Solari"",
""Kiko"",
""Anna Kournikova"",
""Lorenzo Sanz"",
""Vicente Del Bosque"",
""Anelka"",
""Guardiola"",
""Figo"",
""Rivaldo"",
""Víctor Fernández""
],
""Organizations"": [
""Real Madrid"",
""Valencia"",
""Marca"",
""Espanyol"",
""Atlético de Madrid"",
""As"",
""Barcelona"",
""Juventus"",
""Mundo Deportivo"",
""Celta"",
""Barca""
],
""Locations"": [
""Madrid"",
""París"",
""Mallorca""
]
}",direct_json,1.0,0.8928571428571429,0.9433962264150945,0.0,0,19.2,54.8,3.0,261.5,261.5,27320.7,74.0,25448.8,0.0,"{'timestamp': '2026-09-15T21:36:15.683969+00:00', 'model_version': 'gemma4:31b-cloud', 'prompt_hash': 'a6af280e'}"
13,real_mixed_70,gemma4:31b-cloud_baseline,2.540900945663452,22.0,0,0,"{
""Persons"": [
""Alberto Fernández"",
""Luis de Grandes"",
""Jorge Fernández"",
""Mariano Rajoy"",
""Javier Arenas"",
""Eduardo Zaplana"",
""José A. Delgado"",
""Miguel Sanz"",
""Mario Monti""
],
""Organizations"": [
""PP"",
""Parlament"",
""Congreso"",
""Gobierno"",
""Generalitat valenciana"",
""EFE""
],
""Locations"": [
""Madrid"",
""Cataluña"",
""Navarra"",
""Bruselas"",
""Pamplona""
]
}",direct_json,0.9,0.72,0.7999999999999999,0.0,0,7.3,17.3,24.9,261.5,261.6,27242.0,73.9,25448.8,0.0,"{'timestamp': '2026-09-15T21:36:17.235088+00:00', 'model_version': 'gemma4:31b-cloud', 'prompt_hash': 'a6af280e'}"
14,real_mixed_71,gemma4:31b-cloud_baseline,2.0255496501922607,19.9,0,0,"{
""Persons"": [
""Alberto Flamarique"",
""Luis Vázquez Villamor"",
""Silvio Ferreyra Fernández""
],
""Organizations"": [
""Mercosur"",
""Comisión Sociolaboral"",
""Organización Internacional del Trabajo"",
""OIT""
],
""Locations"": [
""Bolivia"",
""Chile"",
""Ginebra"",
""Paraguay""
]
}",direct_json,0.7272727272727273,0.5714285714285714,0.64,0.0,0,9.1,17.3,32.7,261.6,261.7,27314.9,74.1,25448.8,0.0,"{'timestamp': '2026-09-15T21:36:18.274082+00:00', 'model_version': 'gemma4:31b-cloud', 'prompt_hash': 'a6af280e'}"
14,real_mixed_72,gemma4:31b-cloud_baseline,1.524446964263916,33.26,0,0,"{
""Persons"": [
""Corín Tellado"",
""Miguel de Cervantes"",
""Luis Sepúlveda"",
""Rosa Regás"",
""Mario Delgado"",
""Vicente Alvarez Areces"",
""Paz Fernández Felgueroso""
],
""Organizations"": [
""EFE"",
""Salón del Libro Iberoamericano"",
""Principado de Asturias""
],
""Locations"": [
""Gijón"",
""España"",
""Uruguay""
]
}",direct_json,0.9230769230769231,0.7058823529411765,0.8000000000000002,0.0,0,5.8,17.3,49.5,261.6,261.6,27285.3,74.0,25448.8,0.0,"{'timestamp': '2026-09-15T21:36:17.783449+00:00', 'model_version': 'gemma4:31b-cloud', 'prompt_hash': 'a6af280e'}"
14,real_mixed_73,gemma4:31b-cloud_baseline,2.046128034591675,22.24,0,0,"{
""Persons"": [
""Mariano Rajoy"",
""Diego López Garrido"",
""Cardenal""
],
""Organizations"": [
""Gobierno"",
""Consejo de RTVE"",
""Junta Electoral Central"",
""Consejo de Universidades"",
""Comisión Constitucional del Congreso"",
""PNV"",
""Cortes"",
""RTVE""
],
""Locations"": [
""Madrid""
]
}",direct_json,1.0,0.75,0.8571428571428571,0.0,0,7.0,17.5,29.4,261.7,261.7,27384.9,74.2,25448.8,0.0,"{'timestamp': '2026-09-15T21:36:19.862295+00:00', 'model_version': 'gemma4:31b-cloud', 'prompt_hash': 'a6af280e'}"
14,real_mixed_74,gemma4:31b-cloud_baseline,3.056367874145508,14.89,0,0,"{
""Persons"": [
""Manceñido"",
""José Alfonso Martos"",
""Celia Villalobos""
],
""Organizations"": [
""Consejo General del Colegio de Farmacéuticos"",
""EFE"",
""Satse"",
""Insalud"",
""CCAA"",
""Organización Mundial de la Salud"",
""OMS""
],
""Locations"": [
""Madrid"",
""España""
]
}",direct_json,1.0,1.0,1.0,0.0,0,7.9,17.5,23.2,261.7,261.7,27429.1,74.3,25448.8,0.0,"{'timestamp': '2026-09-15T21:36:21.358798+00:00', 'model_version': 'gemma4:31b-cloud', 'prompt_hash': 'a6af280e'}"
14,real_mixed_75,gemma4:31b-cloud_baseline,3.053541898727417,6.39,0,0,"{
""Persons"": [],
""Organizations"": [
""EFE"",
""Kwoon Saholin""
],
""Locations"": [
""Sestao"",
""Vizcaya""
]
}",direct_json,1.0,0.8,0.888888888888889,0.0,0,7.4,16.2,20.5,261.7,261.7,27413.8,74.2,25448.8,0.0,"{'timestamp': '2026-09-15T21:36:22.931571+00:00', 'model_version': 'gemma4:31b-cloud', 'prompt_hash': 'a6af280e'}"
15,real_mixed_76,gemma4:31b-cloud_baseline,1.0348601341247559,20.1,0,0,"{
""Persons"": [],
""Organizations"": [
""UEFA CHAMPIONS LEAGUE"",
""EURONEWS""
],
""Locations"": [
""LAPONIA"",
""KOLA""
]
}",direct_json,0.0,0.0,0.0,0.0,0,11.7,12.7,76.0,261.7,261.7,27403.9,74.2,25448.8,0.0,"{'timestamp': '2026-09-15T21:36:18.290824+00:00', 'model_version': 'gemma4:31b-cloud', 'prompt_hash': 'a6af280e'}"
15,real_mixed_77,gemma4:31b-cloud_baseline,2.040233850479126,46.51,0,0,"{
""Persons"": [
""Wieczorek-Zeul"",
""Carlos Lage"",
""Felipe Pérez Roque"",
""Marta Lomas"",
""Carlos Dotres"",
""Luis Gómez Echeverri"",
""Elizardo Sánchez"",
""Marcelino Iglesias"",
""José Angel Biel"",
""Javier Callizo"",
""Javier Lambán""
],
""Organizations"": [
""Escuela Latinoamericana de Medicina"",
""Programa de Naciones Unidas para el Desarrollo"",
""PNUD"",
""Comisión Cubana de Derechos Humanos. Reconciliación Nacional"",
""CCDHRN"",
""EFE"",
""Casas. Centros Aragoneses de España"",
""Gobierno de Aragón"",
""Diputación de Zaragoza""
],
""Locations"": [
""Cuba"",
""Fuentes de Ebro"",
""Zaragoza"",
""España""
]
}",direct_json,0.8333333333333334,0.8695652173913043,0.851063829787234,0.0,0,7.0,17.5,31.2,261.7,261.7,27352.1,74.1,25448.8,0.0,"{'timestamp': '2026-09-15T21:36:19.327077+00:00', 'model_version': 'gemma4:31b-cloud', 'prompt_hash': 'a6af280e'}"
15,real_mixed_78,gemma4:31b-cloud_baseline,2.027461051940918,22.44,0,0,"{
""Persons"": [
""Joseph Kabila""
],
""Organizations"": [
""Kwanza Capital"",
""The Sentry"",
""Financial Action Task Force"",
""FATF""
],
""Locations"": [
""Kinshasa"",
""Democratic Republic of Congo"",
""Congo"",
""Swiss"",
""Angolan"",
""Chinese"",
""French"",
""U.S."",
""sub-Saharan Africa""
]
}",direct_json,0.42857142857142855,0.8571428571428571,0.5714285714285714,0.0,0,8.4,17.5,29.1,261.7,261.7,27417.6,74.2,25448.8,0.0,"{'timestamp': '2026-09-15T21:36:20.331469+00:00', 'model_version': 'gemma4:31b-cloud', 'prompt_hash': 'a6af280e'}"
15,real_mixed_79,gemma4:31b-cloud_baseline,3.0572240352630615,19.14,0,0,"{
""Persons"": [
""Nathaniel McGill"",
""Sayma Syrenius Cephus"",
""Bill Twehway"",
""Brian E. Nelson"",
""George Weah""
],
""Organizations"": [
""U.S. Department of the Treasury"",
""Office of Foreign Assets Control"",
""OFAC"",
""National Port Authority"",
""NPA""
],
""Locations"": [
""WASHINGTON"",
""Liberia"",
""United States"",
""Port of Buchanan""
]
}",direct_json,0.5,0.5833333333333334,0.5384615384615384,0.0,0,7.4,16.2,20.8,261.7,261.7,27437.6,74.3,25448.8,0.0,"{'timestamp': '2026-09-15T21:36:22.404247+00:00', 'model_version': 'gemma4:31b-cloud', 'prompt_hash': 'a6af280e'}"
15,real_mixed_80,gemma4:31b-cloud_baseline,3.5625967979431152,39.77,0,0,"{
  ""Persons"": [
    ""Eriks Mamonovs"",
    ""Vadims Ananics"",
    ""Stanislav Romanyuk"",
    ""Janis Uzbalis"",
    ""Vanessa Roberts Avery"",
    ""Rahul Kale"",
    ""Konstantin Lantsman"",
    ""Matthew Anzaldi""
  ],
  ""Organizations"": [
    ""CNC Weld"",
    ""BY Trade OU"",
    ""HSI"",
    ""Department of Commerce"",
    ""FBI"",
    ""U.S. Department of Commerce"",
    ""Justice Department"",
    ""Prosecutor-General’s Offices of the Republic of Latvia and Estonia"",
    ""Latvian State Revenue Service"",
    ""Estonian Tax and Customs Board"",
    ""Latvian State Police"",
    ""Justice Department’s Office of International Affairs"",
    ""National Security Division’s Counterintelligence and Export Control Section"",
    ""Justice Department’s Task Force KleptoCapture"",
    ""Office of the Deputy Attorney General""
  ],
  ""Locations"": [
    ""United States"",
    ""Connecticut"",
    ""Latvia"",
    ""Ukraine"",
    ""Estonia"",
    ""Russia"",
    ""European Union"",
    ""Riga"",
    ""New Haven"",
    ""Portland (Ore.)"",
    ""the Hague"",
    ""Netherlands"",
    ""Boston"",
    ""Tallinn""
  ]
}",direct_json,0.6756756756756757,0.8928571428571429,0.7692307692307693,0.0,0,5.1,14.0,8.1,261.7,261.8,27377.0,74.2,25448.8,0.0,"{'timestamp': '2026-09-15T21:36:23.937058+00:00', 'model_version': 'gemma4:31b-cloud', 'prompt_hash': 'a6af280e'}"
16,real_mixed_81,gemma4:31b-cloud_baseline,2.5434019565582275,21.47,0,0,"{
""Persons"": [
""José Zamarriego"",
""Juliana Fariñas"",
""José Luis Vega"",
""Inés Fernández""
],
""Organizations"": [
""Junta Electoral del Ilustre Colegio de Oficial de Médicos de Madrid"",
""ICOMEM"",
""Colegio de Médicos de Madrid"",
""EFE""
],
""Locations"": [
""Castilla-La Mancha"",
""Madrid"",
""España""
]
}",direct_json,0.9090909090909091,0.7142857142857143,0.8,0.0,0,6.5,12.9,24.7,261.8,261.9,27317.2,74.0,25448.8,0.0,"{'timestamp': '2026-09-15T21:36:25.528394+00:00', 'model_version': 'gemma4:31b-cloud', 'prompt_hash': 'a6af280e'}"
16,real_mixed_82,gemma4:31b-cloud_baseline,3.5492072105407715,12.82,0,0,"{
""Persons"": [
""Milosevic"",
""Máximo Cajal"",
""Guillermo Ruiz Polanco"",
""Rigoberta Menchú"",
""Gregorio Yujá""
],
""Organizations"": [
""Gobierno yugoslavo"",
""EFE"",
""Audiencia Nacional""
],
""Locations"": [
""Belgrado"",
""Madrid"",
""España"",
""Guatemala"",
""Quiché"",
""La Seu d'Urgell"",
""Lleida""
]
}",direct_json,0.8666666666666667,0.7647058823529411,0.8125,0.0,0,5.3,12.9,18.2,261.8,261.9,27299.9,74.0,25448.8,0.0,"{'timestamp': '2026-09-15T21:36:26.524894+00:00', 'model_version': 'gemma4:31b-cloud', 'prompt_hash': 'a6af280e'}"
16,real_mixed_83,gemma4:31b-cloud_baseline,3.0436549186706543,11.96,0,0,"{
""Persons"": [
""Antonio Varriale"",
""Iván Parra"",
""Karsten Kroon"",
""Angel Vicioso"",
""Davor Suker""
],
""Organizations"": [
""Panaria"",
""Real Madrid"",
""Valencia""
],
""Locations"": [
""Padua"",
""Zagreb"",
""París""
]
}",direct_json,1.0,0.8461538461538461,0.9166666666666666,0.0,0,5.6,16.2,20.9,261.9,261.9,27296.5,74.0,25448.8,0.0,"{'timestamp': '2026-09-15T21:36:28.594160+00:00', 'model_version': 'gemma4:31b-cloud', 'prompt_hash': 'a6af280e'}"
16,real_mixed_84,gemma4:31b-cloud_baseline,2.5446231365203857,13.28,0,0,"{
""Persons"": [
""Thomas Middelhoff"",
""Miguel García-Durán""
],
""Organizations"": [
""Bertelsmann"",
""Telefónica"",
""Antena-3 Televisión"",
""Grupo Telefónica"",
""Antena 3"",
""EFE""
],
""Locations"": [
""Madrid"",
""Albacete""
]
}",direct_json,1.0,0.9090909090909091,0.9523809523809523,0.0,0,5.2,16.2,24.4,261.9,261.9,27311.0,74.0,25448.8,0.0,"{'timestamp': '2026-09-15T21:36:29.095370+00:00', 'model_version': 'gemma4:31b-cloud', 'prompt_hash': 'a6af280e'}"
16,real_mixed_85,gemma4:31b-cloud_baseline,2.5472960472106934,17.35,0,0,"{
""Persons"": [
""Joaquín Almería"",
""Miki Tzavella"",
""Costas Simitis"",
""Dimitris Reppas"",
""Theodore Pangalos""
],
""Organizations"": [
""EFE"",
""comité organizador de los juego olímpicos de Atenas 2004"",
""Nueva Democracia""
],
""Locations"": [
""Atenas""
]
}",direct_json,0.8888888888888888,0.8888888888888888,0.8888888888888888,0.0,0,3.6,10.0,4.8,261.8,261.9,27411.3,74.2,25448.8,0.0,"{'timestamp': '2026-09-15T21:36:31.165081+00:00', 'model_version': 'gemma4:31b-cloud', 'prompt_hash': 'a6af280e'}"
17,real_mixed_86,gemma4:31b-cloud_baseline,3.0541670322418213,16.6,0,0,"{
""Persons"": [
""Francesc Salvatella"",
""Pol Amat"",
""Joaquín Calvo"",
""Xavi Arnau""
],
""Organizations"": [
""Egara"",
""Real Club de Polo de Barcelona"",
""Real Club de Polo"",
""Federación Española"",
""Catalana"",
""Liga"",
""Atlétic Terrasa"",
""EFE""
],
""Locations"": [
""San Sebastián""
]
}",direct_json,0.9230769230769231,0.8571428571428571,0.888888888888889,0.0,0,4.4,10.4,19.6,261.9,261.9,27272.5,74.0,25448.8,0.0,"{'timestamp': '2026-09-15T21:36:27.034508+00:00', 'model_version': 'gemma4:31b-cloud', 'prompt_hash': 'a6af280e'}"
17,real_mixed_87,gemma4:31b-cloud_baseline,3.5520899295806885,9.15,0,0,"{
""Persons"": [
""Zambrano"",
""Emilio Oliva Calahorra""
],
""Organizations"": [
""Rayo Vallecano"",
""Atlético de Madrid"",
""EFE""
],
""Locations"": [
""España"",
""LA RIOJA"",
""Calahorra""
]
}",direct_json,0.875,0.6363636363636364,0.7368421052631579,0.0,0,6.4,16.2,17.3,261.9,261.9,27265.8,73.9,25448.8,0.0,"{'timestamp': '2026-09-15T21:36:27.528334+00:00', 'model_version': 'gemma4:31b-cloud', 'prompt_hash': 'a6af280e'}"
17,real_mixed_88,gemma4:31b-cloud_baseline,3.0531058311462402,11.07,0,0,"{
""Persons"": [],
""Organizations"": [
""PP"",
""Diputación"",
""Junta"",
""UEX"",
""Asociación para el Desarrollo Rural Jerez-Sierra Suroeste""
],
""Locations"": [
""Badajoz"",
""Mérida"",
""Casar de Palomero""
]
}",direct_json,0.875,0.875,0.875,0.0,0,6.0,16.2,21.2,261.9,261.9,27360.7,74.1,25448.8,0.0,"{'timestamp': '2026-09-15T21:36:30.105637+00:00', 'model_version': 'gemma4:31b-cloud', 'prompt_hash': 'a6af280e'}"
17,real_mixed_89,gemma4:31b-cloud_baseline,3.054943084716797,13.62,0,0,"{
""Persons"": [
""Sabin Intxaurraga"",
""Fernando Maura""
],
""Organizations"": [
""Partido Popular"",
""Gobierno vasco"",
""Consejo Económico. Social ( CES )"",
""Parlamento Vasco"",
""PP"",
""Cámara vasca"",
""EFE""
],
""Locations"": [
""Bilbao""
]
}",direct_json,0.8,0.5714285714285714,0.6666666666666666,0.0,0,4.6,10.0,20.0,261.9,261.9,27414.0,74.2,25448.8,0.0,"{'timestamp': '2026-09-15T21:36:30.609479+00:00', 'model_version': 'gemma4:31b-cloud', 'prompt_hash': 'a6af280e'}"
17,real_mixed_90,gemma4:31b-cloud_baseline,2.034497022628784,42.81,0,0,"{
""Persons"": [
""Miguel Angel Vives"",
""Augusto Méndez de Lugo"",
""Pedro Pacheco""
],
""Organizations"": [
""EFE"",
""Valencia"",
""Real Madrid"",
""Catedral de Valencia"",
""cofradía de San Vicente Mártir"",
""parroquia de los Padres Capuchinos"",
""Tribunal Superior de Justicia de Andalucía""
],
""Locations"": [
""Villafranca"",
""Extremadura"",
""Valencia"",
""estadio Saint Denis"",
""París"",
""Comunidad Valenciana"",
""Navarrés"",
""parroquia de la Asunción de San Rafael"",
""Onteniente"",
""Alicante"",
""Granada"",
""Andalucía"",
""Los Garciagos"",
""Jerez""
]
}",direct_json,0.7916666666666666,0.8636363636363636,0.8260869565217391,0.0,0,4.5,9.0,30.5,261.9,261.9,27387.3,74.2,25448.8,0.0,"{'timestamp': '2026-09-15T21:36:32.183620+00:00', 'model_version': 'gemma4:31b-cloud', 'prompt_hash': 'a6af280e'}"
18,real_mixed_91,gemma4:31b-cloud_baseline,1.5211267471313477,33.33,0,0,"{
""Persons"": [
""Manuel Carmena"",
""Carmen Alborch"",
""Carmen Romero"",
""Paca Sauquillo"",
""Eduardo Corchero"",
""Guillermo Fernández Vara""
],
""Organizations"": [
""ORT"",
""PSOE"",
""Hospital \"" Infanta Cristina \"""",
""Servicios de Neumología"",
""EFE""
],
""Locations"": [
""España"",
""Madrid"",
""Badajoz"",
""Extremadura""
]
}",direct_json,0.9333333333333333,0.8235294117647058,0.8749999999999999,0.0,0,7.6,14.4,49.8,261.9,261.9,27283.0,74.0,25448.8,0.0,"{'timestamp': '2026-09-15T21:36:32.730686+00:00', 'model_version': 'gemma4:31b-cloud', 'prompt_hash': 'a6af280e'}"
18,real_mixed_92,gemma4:31b-cloud_baseline,2.025139808654785,26.96,0,0,"{
""Persons"": [
""Freeh"",
""Serrano"",
""Pedro Albizu Campos"",
""Cecil Snyder"",
""Edgar Hoover"",
""Luis Muñoz Marín""
],
""Organizations"": [
""Partido Nacionalista de Puerto Rico"",
""FBI"",
""Daily News""
],
""Locations"": [
""El Bronx"",
""Nueva York"",
""Washington"",
""Puerto Rico"",
""EEUU"",
""Atlanta"",
""San Juan""
]
}",direct_json,0.875,0.6666666666666666,0.7567567567567567,0.0,0,5.8,14.4,34.0,261.9,262.0,27316.5,74.1,25448.8,0.0,"{'timestamp': '2026-09-15T21:36:33.240265+00:00', 'model_version': 'gemma4:31b-cloud', 'prompt_hash': 'a6af280e'}"
18,real_mixed_93,gemma4:31b-cloud_baseline,4.571187973022461,9.1,0,0,"{
""Persons"": [
""Antonio Gana"",
""Ricardo Puno"",
""Joseph Estrada""
],
""Organizations"": [
""EFE"",
""Philippine Airlines"",
""PAL"",
""DZMM"",
""Oficina de Aviación Civil"",
""DZRB""
],
""Locations"": [
""Manila"",
""Antipolo"",
""Davao"",
""Mindanao"",
""Jerusalén""
]
}",direct_json,1.0,0.9333333333333333,0.9655172413793104,0.0,0,6.4,25.3,14.1,262.0,262.0,27382.7,74.2,25448.8,0.0,"{'timestamp': '2026-09-15T21:36:37.326492+00:00', 'model_version': 'gemma4:31b-cloud', 'prompt_hash': 'a6af280e'}"
18,real_mixed_94,gemma4:31b-cloud_baseline,5.559433937072754,9.12,0,0,"{
""Persons"": [
""Charles Taylor"",
""Redondo"",
""McManaman"",
""Raul"",
""Di Stefano"",
""Kopa"",
""Cuper"",
""Moriente""
],
""Organizations"": [
""FRU"",
""Naciones Unidas"",
""Real Madrid"",
""Valencia"",
""Barcelona"",
""Lazio"",
""la Gazzetta dello Sport"",
""Corriere dellos Sport""
],
""Locations"": [
""Roma"",
""Europa"",
""España""
]
}",direct_json,0.9473684210526315,0.8181818181818182,0.8780487804878049,0.0,0,7.4,25.3,11.4,262.0,262.0,27379.1,74.2,25448.8,0.0,"{'timestamp': '2026-09-15T21:36:38.829469+00:00', 'model_version': 'gemma4:31b-cloud', 'prompt_hash': 'a6af280e'}"
18,real_mixed_95,gemma4:31b-cloud_baseline,4.06351113319397,7.36,0,0,"{
""Persons"": [],
""Organizations"": [
""Expovacaciones"",
""Expoconsumo"",
""EFECOM"",
""EFE""
],
""Locations"": [
""Bilbao"",
""Castilla. León"",
""Benissa"",
""Torremolinos"",
""Málaga"",
""Mundo Maya"",
""Madrid""
]
}",direct_json,0.7272727272727273,1.0,0.8421052631578948,0.0,0,5.3,13.7,15.7,262.0,262.0,27423.0,74.3,25448.8,0.0,"{'timestamp': '2026-09-15T21:36:41.410414+00:00', 'model_version': 'gemma4:31b-cloud', 'prompt_hash': 'a6af280e'}"
19,real_mixed_96,gemma4:31b-cloud_baseline,2.536008834838867,17.43,0,0,"{
""Persons"": [
""Kily González"",
""Jorge Candel"",
""Héctor Cúper""
],
""Organizations"": [
""Eurobank"",
""Tribunal de Estocolmo"",
""BCR"",
""Valencia"",
""Liga de Campeones"",
""Real Madrid"",
""EFE""
],
""Locations"": [
""París"",
""Suiza"",
""Luxemburgo"",
""Francia"",
""Madrid""
]
}",direct_json,0.7333333333333333,0.7857142857142857,0.7586206896551724,0.0,0,10.3,25.3,25.6,262.0,262.0,27403.6,74.3,25448.8,0.0,"{'timestamp': '2026-09-15T21:36:34.758150+00:00', 'model_version': 'gemma4:31b-cloud', 'prompt_hash': 'a6af280e'}"
19,real_mixed_97,gemma4:31b-cloud_baseline,1.5231428146362305,22.19,0,0,"{
""Persons"": [
""Del Bosque"",
""Zambrano"",
""Irureta"",
""Rojo""
],
""Organizations"": [
""Real Madrid"",
""Agencia Efe"",
""Atlético"",
""Ayuntamiento""
],
""Locations"": [
""Madrid"",
""Chamartín"",
""Hortaleza"",
""Barajas""
]
}",direct_json,1.0,0.9230769230769231,0.9600000000000001,0.0,0,13.2,25.3,38.7,262.0,262.0,27355.3,74.2,25448.8,0.0,"{'timestamp': '2026-09-15T21:36:33.743899+00:00', 'model_version': 'gemma4:31b-cloud', 'prompt_hash': 'a6af280e'}"
19,real_mixed_98,gemma4:31b-cloud_baseline,6.083923816680908,14.32,0,0,"{
""Persons"": [
""Anne Gazeau-Secret"",
""Antoine Lahad"",
""Jacques Chirac"",
""Emile Lahoud"",
""Ehud Barak"",
""Hafed El Asad"",
""Kofi Annan""
],
""Organizations"": [
""Ministerio francés de Asuntos Exteriores"",
""Ejército del Sur del Líbano"",
""ESL"",
""Ejército israelí"",
""Hizbulá"",
""Palacio del Elíseo"",
""ONU"",
""Consejo de Seguridad"",
""Fuerza Interina de Naciones Unidas en el Líbano"",
""FINUL"",
""Le Figaro""
],
""Locations"": [
""Francia"",
""Israel"",
""Líbano"",
""París"",
""Tel Aviv"",
""Siria"",
""Oriente Medio""
]
}",direct_json,0.84,0.6176470588235294,0.711864406779661,0.0,0,5.5,14.6,10.5,262.0,262.0,27364.2,74.1,25448.8,0.0,"{'timestamp': '2026-09-15T21:36:39.869872+00:00', 'model_version': 'gemma4:31b-cloud', 'prompt_hash': 'a6af280e'}"
19,real_mixed_99,gemma4:31b-cloud_baseline,5.576276063919067,5.83,0,0,"{
""Persons"": [
""José Luis Díez"",
""Francisco Muñoz""
],
""Organizations"": [
""Asamblea de Extremadura"",
""FECSUR""
],
""Locations"": [
""Mérida"",
""Montijo"",
""Badajoz"",
""Azuaga"",
""Extremadura""
]
}",direct_json,0.6666666666666666,1.0,0.8,0.0,0,4.7,13.7,9.9,262.0,262.0,27364.6,74.1,25448.8,0.0,"{'timestamp': '2026-09-15T21:36:40.350041+00:00', 'model_version': 'gemma4:31b-cloud', 'prompt_hash': 'a6af280e'}"
19,real_mixed_100,gemma4:31b-cloud_baseline,3.054353952407837,17.45,0,0,"{
""Persons"": [],
""Organizations"": [
""Hizbulá"",
""Partido de Dios"",
""Amal"",
""Esperanza"",
""ESL"",
""Ejército libanés""
],
""Locations"": [
""Beaufort"",
""Líbano"",
""valle oriental de La Bekaa"",
""Maryayun"",
""Hasbaya"",
""Chebaa"",
""Israel"",
""Golán"",
""Bent Jebel"",
""Ain Ebel"",
""Debel"",
""Rmeich"",
""Aalma Achab"",
""Al Kuazah""
]
}",direct_json,0.9,0.8571428571428571,0.8780487804878048,0.0,0,4.4,9.2,21.1,262.0,262.1,27446.4,74.3,25448.8,0.0,"{'timestamp': '2026-09-15T21:36:42.957337+00:00', 'model_version': 'gemma4:31b-cloud', 'prompt_hash': 'a6af280e'}"
20,real_mixed_101,gemma4:31b-cloud_baseline,3.0555639266967773,11.06,0,0,"{
""Persons"": [
""Margarita Robles""
],
""Organizations"": [
""Audiencia Nacional"",
""Forum Deusto"",
""Universidad de Deusto"",
""Iglesia católica""
],
""Locations"": [
""Bilbao"",
""España"",
""Buenos Aires""
]
}",direct_json,0.625,0.4166666666666667,0.5,0.0,0,14.1,25.0,26.9,262.1,262.2,27325.8,74.1,25448.8,0.0,"{'timestamp': '2026-09-15T21:36:44.512832+00:00', 'model_version': 'gemma4:31b-cloud', 'prompt_hash': 'a6af280e'}"
20,real_mixed_102,gemma4:31b-cloud_baseline,2.045975923538208,6.35,0,0,"{
""Persons"": [],
""Organizations"": [],
""Locations"": [
""Cantabria""
]
}",direct_json,1.0,1.0,1.0,0.0,0,8.1,14.2,29.8,262.1,262.1,27346.0,74.1,25448.8,0.0,"{'timestamp': '2026-09-15T21:36:43.487831+00:00', 'model_version': 'gemma4:31b-cloud', 'prompt_hash': 'a6af280e'}"
20,real_mixed_103,gemma4:31b-cloud_baseline,4.57896876335144,3.41,0,0,"{
""Persons"": [],
""Organizations"": [],
""Locations"": [
""Mallorca"",
""Andalucía"",
""Canarias""
]
}",direct_json,1.0,1.0,1.0,0.0,0,7.1,25.0,13.9,262.2,262.2,27268.8,74.0,25448.8,0.0,"{'timestamp': '2026-09-15T21:36:48.079679+00:00', 'model_version': 'gemma4:31b-cloud', 'prompt_hash': 'a6af280e'}"
20,real_mixed_104,gemma4:31b-cloud_baseline,4.042997121810913,11.25,0,0,"{
""Persons"": [
""José Antonio Camacho"",
""Francisco Roig""
],
""Organizations"": [
""Hizbulá"",
""Amal"",
""Ejército"",
""EFE"",
""Real Madrid"",
""Valencia""
],
""Locations"": [
""Jerusalén"",
""Karkum"",
""Galilea"",
""Israel"",
""París"",
""Vigo"",
""Saint Denis"",
""La Toja"",
""Holanda"",
""Bélgica""
]
}",direct_json,0.9444444444444444,0.8095238095238095,0.8717948717948718,0.0,0,8.0,25.0,14.6,262.2,262.2,27278.9,74.0,25448.8,0.0,"{'timestamp': '2026-09-15T21:36:48.583105+00:00', 'model_version': 'gemma4:31b-cloud', 'prompt_hash': 'a6af280e'}"
20,real_mixed_105,gemma4:31b-cloud_baseline,3.0650486946105957,20.36,0,0,"{
""Persons"": [
""M. A."",
""K. B."",
""O. S"",
""J. L. C. C."",
""Ramón Rabanera""
],
""Organizations"": [
""Policía Municipal"",
""Efe"",
""fundación de la catedral de Santa María"",
""Diputación alavesa"",
""Consejo de Diputados""
],
""Locations"": [
""Tetuán"",
""Cicerón"",
""Raimundo Fernández Villaverde"",
""Plaza de las Ventas"",
""Vitoria""
]
}",direct_json,0.7333333333333333,0.7333333333333333,0.7333333333333333,0.0,0,5.5,13.2,16.8,262.1,262.2,27438.8,74.3,25448.8,0.0,"{'timestamp': '2026-09-15T21:36:51.172680+00:00', 'model_version': 'gemma4:31b-cloud', 'prompt_hash': 'a6af280e'}"
21,real_mixed_106,gemma4:31b-cloud_baseline,3.5598227977752686,5.11,0,0,"{
""Persons"": [],
""Organizations"": [
""EFECOM"",
""Lico Corporación""
],
""Locations"": [
""Madrid""
]
}",direct_json,1.0,1.0,1.0,0.0,0,5.4,12.9,17.8,262.2,262.2,27283.5,74.0,25448.8,0.0,"{'timestamp': '2026-09-15T21:36:46.546808+00:00', 'model_version': 'gemma4:31b-cloud', 'prompt_hash': 'a6af280e'}"
21,real_mixed_107,gemma4:31b-cloud_baseline,2.533524990081787,27.2,0,0,"{
""Persons"": [
""Bill Twehway"",
""Charles MacArthur D. Gull"",
""Peter Twehway"",
""Christian D. Brownell"",
""Sidiki Fofana"",
""Kanio Bai Gbala"",
""Zarylee Gbala""
],
""Organizations"": [
""Liberia Anti-Corruption Commission"",
""LACC"",
""National Port Authority"",
""NPA"",
""Facebook"",
""FrontPageAfrica"",
""FPA"",
""Creative Developers Inc."",
""CDI"",
""Global Tracking Management Service""
],
""Locations"": [
""MONROVIA"",
""Liberia"",
""Port of Buchanan""
]
}",direct_json,0.65,0.9285714285714286,0.7647058823529412,0.0,0,7.0,14.4,24.8,262.2,262.2,27300.6,74.0,25448.8,0.0,"{'timestamp': '2026-09-15T21:36:45.525817+00:00', 'model_version': 'gemma4:31b-cloud', 'prompt_hash': 'a6af280e'}"
21,real_mixed_108,gemma4:31b-cloud_baseline,4.067025899887085,11.19,0,0,"{
""Persons"": [
""Valledor""
],
""Organizations"": [
""Agencia de Desarrollo Rural"",
""EFE"",
""Dow Jones de Industriales"",
""Nasdaq"",
""SS&P500"",
""New York Stock Exchange"",
""Reserva Federal""
],
""Locations"": [
""Nueva York"",
""Wall Street"",
""Estados Unidos""
]
}",direct_json,0.45454545454545453,0.625,0.5263157894736842,0.0,0,5.3,13.2,15.6,262.2,262.2,27312.3,74.1,25448.8,0.0,"{'timestamp': '2026-09-15T21:36:49.614264+00:00', 'model_version': 'gemma4:31b-cloud', 'prompt_hash': 'a6af280e'}"
21,real_mixed_109,gemma4:31b-cloud_baseline,4.0545008182525635,16.03,0,0,"{
""Persons"": [
""Joaquín Almunia"",
""Amparo Rubiales"",
""José Antonio Labordeta"",
""Carmen Alborch"",
""Esteban González Pons"",
""Alfonso Guerra"",
""José Borrell"",
""José María Aznar"",
""Jacques Chirac"",
""Lionel Jospin""
],
""Organizations"": [
""PSOE"",
""Bilbao"",
""Valencia"",
""Congreso"",
""Betis"",
""Chunta Aragonesista"",
""Zaragoza"",
""PP"",
""Senado"",
""EFE""
],
""Locations"": [
""París"",
""Santander"",
""España"",
""Francia"",
""Pirineo""
]
}",direct_json,1.0,0.8620689655172413,0.9259259259259259,0.0,0,5.5,13.2,4.8,262.2,262.2,27390.5,74.2,25448.8,0.0,"{'timestamp': '2026-09-15T21:36:50.640121+00:00', 'model_version': 'gemma4:31b-cloud', 'prompt_hash': 'a6af280e'}"
21,real_mixed_110,gemma4:31b-cloud_baseline,3.046653985977173,25.6,0,0,"{
""Persons"": [
""Feliciano Echarte Azcárate"",
""Manuel Ariztia Cestona"",
""Feliciano Echarte"",
""Manuel Ariztia"",
""Matías Echarte Azcárate"",
""Nieves Daguerre Goñi"",
""Juan José Mayora Apeceche"",
""Nieves Daguerre"",
""José Mayora""
],
""Organizations"": [
""Audiencia Provincial de Navarra"",
""Juzgado de Paz de Elizondo"",
""Cuartel de la Guardia Civil"",
""Juzgado de Instrucción de Pamplona"",
""Ministerio Público""
],
""Locations"": [
""Pamplona"",
""Navarra"",
""Garzain"",
""Elizondo""
]
}",direct_json,0.7777777777777778,0.5833333333333334,0.6666666666666666,0.0,0,4.5,9.2,20.7,262.2,262.2,27390.2,74.2,25448.8,0.0,"{'timestamp': '2026-09-15T21:36:52.695708+00:00', 'model_version': 'gemma4:31b-cloud', 'prompt_hash': 'a6af280e'}"
22,real_mixed_111,gemma4:31b-cloud_baseline,2.5306527614593506,34.42,0,0,"{
""Persons"": [
""Iker Casillas"",
""Michel Salgado"",
""Karanka"",
""Iván Campo"",
""Helguera"",
""Roberto Carlos"",
""McManaman"",
""Redondo"",
""Raúl"",
""Anelka"",
""Morientes"",
""Cañizares"",
""Angloma"",
""Pellegrino"",
""Djukic"",
""Gerardo"",
""Mendieta"",
""Farinós"",
""Gerard"",
""Kily González"",
""Angulo"",
""Piojo López"",
""Stefano Braschi"",
""Esteban Murillo Zubiri"",
""Benk Korthals""
],
""Organizations"": [
""Real Madrid"",
""Valencia CF"",
""ETA"",
""Tribunal del Distrito de La Haya"",
""EFE""
],
""Locations"": [
""Italia"",
""Estadio de Francia"",
""Saint Denis"",
""La Haya"",
""España""
]
}",direct_json,0.9428571428571428,0.9705882352941176,0.9565217391304348,0.0,0,6.5,14.4,24.1,262.2,262.3,27328.6,74.1,25448.8,0.0,"{'timestamp': '2026-09-15T21:36:53.760034+00:00', 'model_version': 'gemma4:31b-cloud', 'prompt_hash': 'a6af280e'}"
22,real_mixed_112,gemma4:31b-cloud_baseline,3.0383288860321045,14.55,0,0,"{
""Persons"": [
""Isabel dos Santos"",
""Jose Eduardo dos Santos""
],
""Organizations"": [
""Angola's national oil company"",
""Exem Energy BV"",
""Chamber of Companies"",
""Amsterdam Court of Appeal""
],
""Locations"": [
""Angola"",
""Africa""
]
}",direct_json,0.625,0.625,0.625,0.0,0,5.5,14.4,22.3,262.2,262.3,27322.5,74.1,25448.8,0.0,"{'timestamp': '2026-09-15T21:36:54.249123+00:00', 'model_version': 'gemma4:31b-cloud', 'prompt_hash': 'a6af280e'}"
22,real_mixed_113,gemma4:31b-cloud_baseline,2.035749912261963,17.24,0,0,"{
""Persons"": [
""José Ramón Alvarez Redondo"",
""Ignacio Pérez"",
""Javier Puente""
],
""Organizations"": [
""UGT"",
""CCOO"",
""Gobierno regional"",
""Consejería"",
""EFE""
],
""Locations"": [
""Cantabria"",
""París""
]
}",direct_json,0.8,0.8,0.8000000000000002,0.0,0,5.7,13.6,31.3,262.3,262.3,27282.5,74.0,25448.8,0.0,"{'timestamp': '2026-09-15T21:36:55.811592+00:00', 'model_version': 'gemma4:31b-cloud', 'prompt_hash': 'a6af280e'}"
22,real_mixed_114,gemma4:31b-cloud_baseline,2.5327770709991455,15.4,0,0,"{
""Persons"": [
""Alvarez Areces"",
""Corín Tellado"",
""Paz Fernandez Felgueroso"",
""Charles"",
""John""
],
""Organizations"": [
""EFE"",
""OTAN"",
""UE""
],
""Locations"": [
""Gijón"",
""Cuba"",
""España"",
""Iberoamerica"",
""Viavelez"",
""Florencia"",
""Italia""
]
}",direct_json,0.8,0.8,0.8000000000000002,0.0,0,6.6,13.6,24.9,262.3,262.3,27264.4,74.0,25448.8,0.0,"{'timestamp': '2026-09-15T21:36:56.805067+00:00', 'model_version': 'gemma4:31b-cloud', 'prompt_hash': 'a6af280e'}"
22,real_mixed_115,gemma4:31b-cloud_baseline,3.567213773727417,7.29,0,0,"{
""Persons"": [""Bill Twehway"", ""Bill Teah TWEHWAY""],
""Organizations"": [""National Port Authority"", ""Creative Developers Inc""],
""Locations"": [""River Cess Town"", ""Liberia""]
}",direct_json,0.6666666666666666,1.0,0.8,0.0,0,4.4,11.3,17.6,262.3,262.3,27355.0,74.1,25448.8,0.0,"{'timestamp': '2026-09-15T21:36:59.390073+00:00', 'model_version': 'gemma4:31b-cloud', 'prompt_hash': 'a6af280e'}"
23,real_mixed_116,gemma4:31b-cloud_baseline,3.0263333320617676,6.87,0,0,"{
""Persons"": [
""Clara"",
""Rulfo""
],
""Organizations"": [],
""Locations"": [
""Guadalajara"",
""capital mexicana"",
""Finlandia""
]
}",direct_json,0.8,1.0,0.888888888888889,0.0,0,6.2,14.4,20.8,262.3,262.3,27311.2,74.1,25448.8,0.0,"{'timestamp': '2026-09-15T21:36:55.749566+00:00', 'model_version': 'gemma4:31b-cloud', 'prompt_hash': 'a6af280e'}"
23,real_mixed_117,gemma4:31b-cloud_baseline,2.538733959197998,45.57,0,0,"{
""Persons"": [
""Alfonso Zamora""
],
""Organizations"": [
""Subdelegación del Gobierno en Burgos"",
""Protección Civil"",
""Diputación Provincial"",
""Patronato de Promoción Económica. Turismo de la Diputación de Cuenca"",
""consejos reguladores de la denominación de origen de vinos \"" La Mancha \"""",
""consejos reguladores de la denominación de origen del \"" Queso Manchego \"""",
""Asociación \"" Pro Denominación de Origen de Vinos de La Manchuela \"""",
""Caja Rural de Cuenca""
],
""Locations"": [
""Burgos"",
""Miranda de Ebro"",
""Polideportivo Municipal de Anduva"",
""Cuenca"",
""La Hípica"",
""Tarancón"",
""La Mancha"",
""La Manchuela""
]
}",direct_json,0.5882352941176471,0.7142857142857143,0.6451612903225806,0.0,0,7.4,14.4,23.8,262.3,262.3,27318.9,74.1,25448.8,0.0,"{'timestamp': '2026-09-15T21:36:55.278129+00:00', 'model_version': 'gemma4:31b-cloud', 'prompt_hash': 'a6af280e'}"
23,real_mixed_118,gemma4:31b-cloud_baseline,2.0333170890808105,12.79,0,0,"{
""Persons"": [
""Mulet""
],
""Organizations"": [
""UGT"",
""UFP"",
""PP"",
""Guardia Civil""
],
""Locations"": [
""Ciutadella"",
""Menorca"",
""Baleares""
]
}",direct_json,1.0,1.0,1.0,0.0,0,4.8,10.1,29.1,262.3,262.3,27280.3,74.0,25448.8,0.0,"{'timestamp': '2026-09-15T21:36:57.334968+00:00', 'model_version': 'gemma4:31b-cloud', 'prompt_hash': 'a6af280e'}"
23,real_mixed_119,gemma4:31b-cloud_baseline,2.5381271839141846,17.41,0,0,"{
""Persons"": [
""Rafael de Valenzuela Teresa"",
""Al Sayed Abulnaga Al Saftawi""
],
""Organizations"": [
""EFE"",
""Región Militar Pirenaica"",
""Región Militar Pirinaica"",
""Policía""
],
""Locations"": [
""Bosque"",
""Fuente Alta"",
""Barcelona"",
""El Cairo""
]
}",direct_json,0.7,0.875,0.7777777777777777,0.0,0,4.3,11.3,24.3,262.3,262.3,27320.0,74.1,25448.8,0.0,"{'timestamp': '2026-09-15T21:36:58.305058+00:00', 'model_version': 'gemma4:31b-cloud', 'prompt_hash': 'a6af280e'}"
23,real_mixed_120,gemma4:31b-cloud_baseline,2.5471057891845703,14.29,0,0,"{
""Persons"": [
""Borrini"",
""Ferdinand Piech""
],
""Organizations"": [
""Volkswagen"",
""Bugatti"",
""EFE"",
""Canal Sur Televisión""
],
""Locations"": [
""La Rioja"",
""Fráncfort"",
""RFA"",
""Wolfsburg"",
""Molsheim"",
""Alsacia"",
""Sevilla""
]
}",direct_json,0.9230769230769231,1.0,0.9600000000000001,0.0,0,7.4,15.9,22.1,262.3,262.3,27426.8,74.3,25448.8,0.0,"{'timestamp': '2026-09-15T21:36:59.901895+00:00', 'model_version': 'gemma4:31b-cloud', 'prompt_hash': 'a6af280e'}"
0,real_mixed_1,gemma4:31b-cloud_kb_rag,1.5399186611175537,28.7,0,0,"{
""Persons"": [""Belda"", ""Emiliano García-Page"", ""Conde"", ""José Bono"", ""Francisco Antonio Guerra"", ""Mariano Ortega"", ""Enrique Valiente""],
""Organizations"": [""PSOE"", ""Secretaría General"", ""PP"", ""Junta"", ""EFE"", ""instituto de enseñanza secundaria Riánsares"", ""Ayuntamiento"", ""Educación""],
""Locations"": [""Tarancón"", ""Cuenca"", ""Córdoba""]
}",direct_json,0.8888888888888888,0.9411764705882353,0.9142857142857143,0.0,0,5.6,16.7,72.0,456.8,456.9,26766.3,75.3,25448.8,0.0,"{'timestamp': '2026-09-15T21:37:02.014121+00:00', 'model_version': 'gemma4:31b-cloud', 'prompt_hash': 'a6af280e'}"
0,real_mixed_2,gemma4:31b-cloud_kb_rag,1.0165338516235352,40.92,0,0,"{
""Persons"": [""Severino do Ramo ' Maia '"", ""Francesc Biosca"", ""Rolf Breuer""],
""Organizations"": [""EFE"", ""Lleida"", ""Ypiranga"", ""Consejo de Administración"", ""Deutsche Boerse AG"", ""London Stock Exchange""],
""Locations"": [""Nigeria"", ""Africa"", ""Lérida"", ""Fráncfort"", ""RFA""]
}",direct_json,0.9285714285714286,0.7647058823529411,0.8387096774193549,0.0,0,0.0,0.0,507.8,604.0,751.1,26958.2,75.1,25448.8,0.0,"{'timestamp': '2026-09-15T21:37:01.476660+00:00', 'model_version': 'gemma4:31b-cloud', 'prompt_hash': 'a6af280e'}"
0,real_mixed_3,gemma4:31b-cloud_kb_rag,2.561162233352661,19.8,0,0,"{
""Persons"": [""Joan Mayol"", ""Luis Muro""],
""Organizations"": [""Diputación foral de Alava"", ""Centro de Cálculo de Alava"", ""Pcweek"", ""Pricewaterhouse Coopers"", ""departamento de Hacienda, Finanzas. Presupuestos"", ""Centro de Profesores. Recursos ( CPR )"", ""colegio Ferrer. Guardia""],
""Locations"": [""Vitoria"", ""Euskadi"", ""Fuenlabrada""]
}",direct_json,0.75,0.5294117647058824,0.6206896551724139,0.0,0,6.5,20.8,46.6,563.6,566.2,26567.9,76.6,25448.8,0.0,"{'timestamp': '2026-09-15T21:37:04.166221+00:00', 'model_version': 'gemma4:31b-cloud', 'prompt_hash': 'a6af280e'}"
0,real_mixed_4,gemma4:31b-cloud_kb_rag,4.0627992153167725,17.28,0,0,"{
""Persons"": [""Angel Carlos Bernáldez"", ""José María Aznar"", ""Bernáldez"", ""Rosa María Fernández Pacheco"", ""José Manuel García Ballesteros""],
""Organizations"": [""EFE"", ""PP"", ""Cortes"", ""Gobierno"", ""Comisión de Medio Ambiente"", ""Comisión Permanente del Senado"", ""Comisión de la Sociedad de la Información. el Conocimiento"", ""Comisión de Trabajo y Política Social"", ""Comisión de Presupuestos"", ""Comisión de Infraestructuras""],
""Locations"": [""Cáceres""]
}",direct_json,0.875,0.9333333333333333,0.9032258064516129,0.0,0,7.9,24.1,25.2,565.1,566.3,26413.9,76.5,25448.8,0.0,"{'timestamp': '2026-09-15T21:37:06.207110+00:00', 'model_version': 'gemma4:31b-cloud', 'prompt_hash': 'a6af280e'}"
0,real_mixed_5,gemma4:31b-cloud_kb_rag,4.559403896331787,11.69,0,0,"{
""Persons"": [""Llibert Cuatrecasas"", ""Herwig Van Staa"", ""Cuatrecasas""],
""Organizations"": [""ACNUR"", ""EFE"", ""Generalitat"", ""Congreso de Poderes Locales Regionales de Europa"", ""CPLRE"", ""Consejo de Europa""],
""Locations"": [""Angola"", ""Estrasburgo"", ""Francia"", ""Cataluña"", ""Europa"", ""Sudeste de Europa"", ""República Checa"", ""Macedonia"", ""Estonia"", ""Moldavia"", ""Europa Central"", ""Polonia""]
}",direct_json,0.9523809523809523,0.9523809523809523,0.9523809523809523,0.0,0,6.7,24.1,20.5,566.3,566.3,26237.6,76.3,25448.8,0.0,"{'timestamp': '2026-09-15T21:37:08.848511+00:00', 'model_version': 'gemma4:31b-cloud', 'prompt_hash': 'a6af280e'}"
1,real_mixed_6,gemma4:31b-cloud_kb_rag,3.050985097885132,16.19,0,0,"{
""Persons"": [""Faustine Merret"", ""Michal Hein"", ""M. del Carmen Vaz"", ""Belén Hernández"", ""Magdalena Martínez"", ""María Muñoz"", ""Carlo María Martini"", ""Edward Malefakis"", ""Alain Touraine"", ""Juergen Donges"", ""Ernst Gombrich"", ""Anthony Giddens""],
""Organizations"": [""EFE"", ""Fundación Príncipe de Asturias""],
""Locations"": [""Oviedo""]
}",direct_json,1.0,0.75,0.8571428571428571,0.0,0,6.2,20.8,44.3,509.9,563.1,26704.3,76.1,25448.8,0.0,"{'timestamp': '2026-09-15T21:37:03.526550+00:00', 'model_version': 'gemma4:31b-cloud', 'prompt_hash': 'a6af280e'}"
1,real_mixed_7,gemma4:31b-cloud_kb_rag,2.549470901489258,23.46,0,0,"{
""Persons"": [""Yvon Desjardins"", ""E. I. C."", ""M. W. W."", ""P. B. H."", ""Pedro Corbella Canturri""],
""Organizations"": [""ONU"", ""Fuerzas de Estabilización"", ""SFOR"", ""Gobierno de Noruega"", ""EFE"", ""Audiencia de Barcelona"", ""Mare de Déu de Núria"", ""La vie en rose"", ""La cama""],
""Locations"": [""Bosnia"", ""Barcelona"", ""Castelldefels"", ""Maresme""]
}",direct_json,0.8888888888888888,0.8,0.8421052631578948,0.0,0,7.5,20.8,53.9,499.3,563.1,26739.3,75.9,25448.8,0.0,"{'timestamp': '2026-09-15T21:37:03.029148+00:00', 'model_version': 'gemma4:31b-cloud', 'prompt_hash': 'a6af280e'}"
1,real_mixed_8,gemma4:31b-cloud_kb_rag,4.050383806228638,9.63,0,0,"{
""Persons"": [""Jesús De la Gándara"", ""Clemente Serna"", ""Segundo Escolar"", ""de la Gándara""],
""Organizations"": [""EFE"", ""Galería de Arte \""Lourdes Carcedo\"""", ""comunidad Benedictina"", ""Efe""],
""Locations"": [""Plasencia"", ""Plaza Mayor"", ""Burgos"", ""Silos""]
}",direct_json,0.9166666666666666,0.7333333333333333,0.8148148148148148,0.0,0,6.3,24.1,29.3,565.9,566.3,26284.7,76.4,25448.8,0.0,"{'timestamp': '2026-09-15T21:37:07.201376+00:00', 'model_version': 'gemma4:31b-cloud', 'prompt_hash': 'a6af280e'}"
1,real_mixed_9,gemma4:31b-cloud_kb_rag,4.04224419593811,9.0,0,0,"{
""Persons"": [""Juan Carlos Rodríguez Ibarra"", ""Leopoldo Torrado""],
""Organizations"": [""Junta de Extremadura"", ""Plan Infoex"", ""PP"", ""Asamblea de Extremadura""],
""Locations"": [""IBARRA"", ""HURDES"", ""Aldehuela"", ""Cáceres"", ""Las Hurdes"", ""Mérida"", ""Extremadura""]
}",direct_json,0.8461538461538461,0.6875,0.7586206896551724,0.0,0,4.9,24.1,21.8,566.3,566.3,26259.6,76.3,25448.8,0.0,"{'timestamp': '2026-09-15T21:37:07.689924+00:00', 'model_version': 'gemma4:31b-cloud', 'prompt_hash': 'a6af280e'}"
1,real_mixed_10,gemma4:31b-cloud_kb_rag,2.028418779373169,19.23,0,0,"{
""Persons"": [""Cristina Almeida"", ""Manuel de la Calva"", ""Ramón Arcusa"", ""Francisco Javier Sánchez Bocanegra""],
""Organizations"": [""Dúo Dinámico"", ""La 2"", ""EFE""],
""Locations"": [""Barcelona"", ""España"", ""Sudamérica"", ""Suecia"", ""Australia"", ""Francia"", ""Japón"", ""Málaga""]
}",direct_json,0.9333333333333333,1.0,0.9655172413793104,0.0,0,4.5,11.0,28.2,566.3,566.3,26314.1,76.5,25448.8,0.0,"{'timestamp': '2026-09-15T21:37:09.349267+00:00', 'model_version': 'gemma4:31b-cloud', 'prompt_hash': 'a6af280e'}"
2,real_mixed_11,gemma4:31b-cloud_kb_rag,1.0183610916137695,79.15,0,0,"{
""Persons"": [""Isabel dos Santos"", ""Helder Pitta Gros"", ""Gabriela Figueredo"", ""Nuno Ribeiro da Cunha"", ""Carlos Saturnino"", ""Mario Leite da Silva"", ""Paula Oliveira"", ""Sarju Raikundalia""],
""Organizations"": [""International Consortium of Investigative Journalists"", ""Sonangol"", ""Lusa news agency"", ""Portuguese Securities Market Commission"", ""Galp Energia"", ""NOS"", ""Eurobic"", ""Expresso"", ""ICIJ"", ""BBC News"", ""Banco de Fomento Angola""],
""Locations"": [""Angola"", ""Luanda"", ""London"", ""Portugal"", ""Lisbon"", ""Dubai"", ""U.S."", ""U.K."", ""Switzerland"", ""Brazil""]
}",direct_json,0.896551724137931,0.9629629629629629,0.9285714285714286,0.0,0,16.8,22.9,122.9,675.7,679.6,26430.4,76.7,25448.8,0.0,"{'timestamp': '2026-09-15T21:37:10.101223+00:00', 'model_version': 'gemma4:31b-cloud', 'prompt_hash': 'a6af280e'}"
2,real_mixed_12,gemma4:31b-cloud_kb_rag,1.5346009731292725,28.8,0,0,"{
""Persons"": [],
""Organizations"": [
""EFE"",
""AENA"",
""Liga de Campeones"",
""Real Madrid"",
""Valencia"",
""Fuerzas de Seguridad del Estado"",
""Guardia Civil"",
""Policía Nacional""
],
""Locations"": [
""Madrid"",
""Barajas"",
""Manises"",
""París"",
""Santiago de Chile""
]
}",direct_json,0.9230769230769231,1.0,0.9600000000000001,0.0,0,7.6,22.9,114.7,677.1,679.9,26481.0,76.8,25448.8,0.0,"{'timestamp': '2026-09-15T21:37:10.615386+00:00', 'model_version': 'gemma4:31b-cloud', 'prompt_hash': 'a6af280e'}"
2,real_mixed_13,gemma4:31b-cloud_kb_rag,8.081550121307373,10.78,0,0,"{
""Persons"": [""José Félix de las Cuevas"", ""Amador Fernández Quesada"", ""José Miguel Silió"", ""Corín Tellado"", ""Miguel de Cervantes"", ""Luis Sepúlveda"", ""Rosa Regás"", ""Mario Delgado"", ""Vicente Alvarez Areces"", ""Paz Fernández Felgueroso""],
""Organizations"": [""PSOE-Progresistas"", ""Ayuntamiento de Bárcena de Pie de Concha"", ""PP"", ""Renfe"", ""EFE-Cantabria"", ""EFE"", ""Salón del Libro Iberoamericano"", ""Principado de Asturias""],
""Locations"": [""Bárcena de Pie de Concha"", ""Santander"", ""Palencia"", ""Pié de Concha"", ""Pujayo"", ""Gijón"", ""España"", ""Asturias"", ""Uruguay""]
}",direct_json,0.8148148148148148,0.8148148148148148,0.8148148148148148,0.0,0,6.7,20.2,18.0,680.3,680.3,26329.9,76.5,25448.8,0.0,"{'timestamp': '2026-09-15T21:37:18.316851+00:00', 'model_version': 'gemma4:31b-cloud', 'prompt_hash': 'a6af280e'}"
2,real_mixed_14,gemma4:31b-cloud_kb_rag,8.615185737609863,5.73,0,0,"{
""Persons"": [""Joseph Kabila""],
""Organizations"": [""China Railway Group"", ""Sinohydro"", ""Platform to Protect Whistleblowers in Africa"", ""PPLAAF"", ""Mediapart"", ""The Sentry"", ""European Investigative Collaborations"", ""EIC"", ""BGFIBank DRC"", ""Congo Construction Company"", ""Citibank"", ""Commerzbank""],
""Locations"": [""China"", ""Democratic Republic of Congo"", ""DRC""]
}",direct_json,0.75,0.8,0.7741935483870969,0.0,0,6.1,20.2,11.2,680.3,680.3,26310.7,76.5,25448.8,0.0,"{'timestamp': '2026-09-15T21:37:19.352826+00:00', 'model_version': 'gemma4:31b-cloud', 'prompt_hash': 'a6af280e'}"
2,real_mixed_15,gemma4:31b-cloud_kb_rag,3.555635929107666,12.8,0,0,"{
""Persons"": [""Samani"", ""Horst Koehler"", ""Michel Camdessus""],
""Organizations"": [""San Miguel"", ""Gipsies"", ""Tusker"", ""Castel"", ""Viva"", ""Kas"", ""Nutrexpa"", ""EFE"", ""Fondo Monetario Internacional"", ""FMI""],
""Locations"": [""Lérida"", ""Kenia"", ""España"", ""Nairobi"", ""Reino Unido"", ""India"", ""Londres"", ""Gandia"", ""Washington"", ""Asia"", ""Latinoamérica""]
}",direct_json,0.7916666666666666,0.9047619047619048,0.8444444444444444,0.0,0,6.6,17.1,26.3,680.3,680.5,26344.0,76.7,25448.8,0.0,"{'timestamp': '2026-09-15T21:37:22.001262+00:00', 'model_version': 'gemma4:31b-cloud', 'prompt_hash': 'a6af280e'}"
3,real_mixed_16,gemma4:31b-cloud_kb_rag,3.0474162101745605,10.24,0,0,"{
""Persons"": [""Antonio Augusto Fonseca"", ""Javier Irureta"", ""Augusto César Lendoiro""],
""Organizations"": [""Banco Central"", ""Fisco"", ""EFECOM"", ""POLICIA"", ""EFE"", ""Deportivo""],
""Locations"": [""Chile"", ""La Coruña"", ""Irún""]
}",direct_json,1.0,1.0,1.0,0.0,0,5.6,20.2,49.0,680.0,680.3,26415.7,76.7,25448.8,0.0,"{'timestamp': '2026-09-15T21:37:12.614379+00:00', 'model_version': 'gemma4:31b-cloud', 'prompt_hash': 'a6af280e'}"
3,real_mixed_17,gemma4:31b-cloud_kb_rag,1.5267462730407715,12.77,0,0,"{
""Persons"": [""Isabel dos Santos"", ""Hélder Pitta Grós""],
""Organizations"": [],
""Locations"": [""Africa"", ""Angola"", ""Luanda""]
}",direct_json,1.0,1.0,1.0,0.0,0,6.7,20.2,99.7,679.8,680.0,26531.7,76.9,25448.8,0.0,"{'timestamp': '2026-09-15T21:37:11.079915+00:00', 'model_version': 'gemma4:31b-cloud', 'prompt_hash': 'a6af280e'}"
3,real_mixed_18,gemma4:31b-cloud_kb_rag,9.122942924499512,2.99,0,0,"{
""Persons"": [""Ramon Camp"", ""Joan Boada"", ""Boada""],
""Organizations"": [""Parlamento catalán"", ""IC-V"", ""CiU"", ""PSC"", ""PP"", ""Iniciativa"", ""Generalitat"", ""Congreso""],
""Locations"": [""Cataluña"", ""Barcelona""]
}",direct_json,0.9230769230769231,0.8571428571428571,0.888888888888889,0.0,0,6.1,16.1,12.9,680.3,680.4,26312.1,76.5,25448.8,0.0,"{'timestamp': '2026-09-15T21:37:20.322754+00:00', 'model_version': 'gemma4:31b-cloud', 'prompt_hash': 'a6af280e'}"
3,real_mixed_19,gemma4:31b-cloud_kb_rag,8.611870050430298,6.04,0,0,"{
""Persons"": [""Roig"", ""Camacho"", ""Michel Salgado"", ""Helguera"", ""Hierro"", ""Raúl"", ""Morientes"", ""Cañizares"", ""Mendieta"", ""Farinós"", ""Gerard"", ""Angulo"", ""Antonio Castillo""],
""Organizations"": [""Real Madrid"", ""Valencia"", ""GESTION"", ""Comisión para la Promoción de Exportaciones"", ""Prompex"", ""Confederación de Instituciones Empresariales Privadas"", ""Confiep""],
""Locations"": [""Saint Denis"", ""Lima""]
}",direct_json,1.0,1.0,1.0,0.0,0,6.2,17.1,14.2,680.3,680.5,26321.1,76.5,25448.8,0.0,"{'timestamp': '2026-09-15T21:37:21.344717+00:00', 'model_version': 'gemma4:31b-cloud', 'prompt_hash': 'a6af280e'}"
3,real_mixed_20,gemma4:31b-cloud_kb_rag,2.023027181625366,34.06,0,0,"{
""Persons"": [""Angel Padrino"", ""Luis Rodríguez Motiño""],
""Organizations"": [""EFE"", ""Junta de Comunidades de Castilla-La Mancha"", ""Patronato Rector"", ""Universidad Nacional de Educación a Distancia"", ""UNED"", ""Gobierno regional"", ""Delegación Provincial de Educación de Guadalajara"", ""Programa de Recuperación Utilización Educativa de Pueblos Abandonados"", ""PRUEPA"", ""Ministerio de Medio Ambiente"", ""EFECOM""],
""Locations"": [""Guadalajara"", ""Castilla-La Mancha"", ""Umbralejo"", ""Madrid""]
}",direct_json,0.7647058823529411,0.6842105263157895,0.7222222222222222,0.0,0,5.5,14.1,28.5,680.4,680.5,26274.6,76.7,25448.8,0.0,"{'timestamp': '2026-09-15T21:37:22.469135+00:00', 'model_version': 'gemma4:31b-cloud', 'prompt_hash': 'a6af280e'}"
4,real_mixed_21,gemma4:31b-cloud_kb_rag,1.5320169925689697,28.0,0,0,"{
""Persons"": [""SANCHEZ POLO""],
""Organizations"": [""Paribas"", ""BNP"", ""BNP-Paribas"", ""Société Générale"", ""SG"", ""Comité de Entidades de Crédito. Inversiones"", ""CECEI"", ""BankWest"", ""BNPI-SFOM"", ""Paribas Capital"", ""Consejo de administración"", ""EFE""],
""Locations"": [""Francia"", ""Salvatierra de los Barros""]
}",direct_json,0.8666666666666667,0.8125,0.8387096774193549,0.0,0,9.0,14.6,60.8,692.5,692.9,26258.6,76.7,25448.8,0.0,"{'timestamp': '2026-09-15T21:37:23.759268+00:00', 'model_version': 'gemma4:31b-cloud', 'prompt_hash': 'a6af280e'}"
4,real_mixed_22,gemma4:31b-cloud_kb_rag,1.0178961753845215,11.49,0,0,"{""Persons"": [], ""Organizations"": [], ""Locations"": [""Galicia"", ""Levante"", ""Canarias"", ""Asturias""]}",direct_json,0.75,1.0,0.8571428571428571,0.0,0,7.3,14.6,187.2,692.3,692.9,26272.1,76.7,25448.8,0.0,"{'timestamp': '2026-09-15T21:37:23.225727+00:00', 'model_version': 'gemma4:31b-cloud', 'prompt_hash': 'a6af280e'}"
4,real_mixed_23,gemma4:31b-cloud_kb_rag,10.136270999908447,3.72,0,0,"{
""Persons"": [""José A. Delgado"", ""James Moran"", ""Bill Clinton"", ""Bill Gates"", ""Eric Koening""],
""Organizations"": [""Cámara de Representantes"", ""Congreso"", ""Cámara Baja"", ""Casa Blanca"", ""Senado"", ""Microsoft""],
""Locations"": [""Washington"", ""EEUU"", ""China""]
}",direct_json,0.9285714285714286,0.7647058823529411,0.8387096774193549,0.0,0,5.5,16.0,14.0,693.1,693.3,26252.1,76.7,25448.8,0.0,"{'timestamp': '2026-09-15T21:37:33.486782+00:00', 'model_version': 'gemma4:31b-cloud', 'prompt_hash': 'a6af280e'}"
4,real_mixed_24,gemma4:31b-cloud_kb_rag,10.116147994995117,2.18,0,0,"{
""Persons"": [""Barbara Vidman"", ""Alejandro Aguirre""],
""Organizations"": [""Congreso"", ""Las Américas""],
""Locations"": [""Japón"", ""Estados Unidos"", ""Colorado"", ""Miami""]
}",direct_json,1.0,0.7272727272727273,0.8421052631578948,0.0,0,5.5,16.0,11.6,693.1,693.3,26247.5,76.7,25448.8,0.0,"{'timestamp': '2026-09-15T21:37:33.993364+00:00', 'model_version': 'gemma4:31b-cloud', 'prompt_hash': 'a6af280e'}"
4,real_mixed_25,gemma4:31b-cloud_kb_rag,3.0406861305236816,14.11,0,0,"{
""Persons"": [""Méndez López"", ""Olga Reguilón""],
""Organizations"": [""Caixa Galicia"", ""EFE"", ""Gobierno municipal de Pinto"", ""PSOE"", ""Comunidad de Madrid"", ""IU"", ""Red de Teatros de la Comunidad"", ""Red ITINER""],
""Locations"": [""Galicia"", ""España"", ""Pinto"", ""Madrid""]
}",direct_json,0.7142857142857143,0.5882352941176471,0.6451612903225806,0.0,0,19.0,50.0,15.1,693.1,693.2,26113.2,76.4,25448.8,0.0,"{'timestamp': '2026-09-15T21:37:36.653130+00:00', 'model_version': 'gemma4:31b-cloud', 'prompt_hash': 'a6af280e'}"
5,real_mixed_26,gemma4:31b-cloud_kb_rag,10.146454095840454,8.33,0,0,"{
""Persons"": [""Anna Smashnova"", ""Dominique Van Roost"", ""Daniela Hantuchova"", ""Iroda Tulyaganova"", ""Rita Kuti Kis"", ""Sophie Erre"", ""Tathiana Garbin"", ""Stéphanie Foretz"", ""Lilia Osterloh"", ""Elena Lijovtseva"", ""Corina Morariu"", ""Sarah Pitkowski"", ""Nadejda Petrova"", ""Anne Kremer"", ""Alexandra Stevenson"", ""Amelie Cocheteux""],
""Organizations"": [""EFE"", ""Eurobank"", ""Banco Central de Rusia"", ""BCR"", ""Tribunal de Gran Instancia de París"", ""Tribunal Arbitral de Estocolmo"", ""Gobierno ruso"", ""Noga""],
""Locations"": [""París"", ""Rusia"", ""Estocolmo"", ""Francia"", ""Suiza"", ""Luxemburgo""]
}",direct_json,0.9666666666666667,0.6904761904761905,0.8055555555555556,0.0,0,5.6,16.0,7.1,693.1,693.2,26254.6,76.7,25448.8,0.0,"{'timestamp': '2026-09-15T21:37:32.866448+00:00', 'model_version': 'gemma4:31b-cloud', 'prompt_hash': 'a6af280e'}"
5,real_mixed_27,gemma4:31b-cloud_kb_rag,9.620419025421143,15.0,0,0,"{
""Persons"": [""Chaka Fattah Sr."", ""Herbert Vederman"", ""Bonnie Bowser"", ""Robert Brand"", ""Karen Nicholas"", ""Leslie R. Caldwell"", ""Zane David Memeger"", ""Edward J. Hanko"", ""Akeia Conner"", ""Eric L. Gibson"", ""T. Patrick Martin"", ""Jonathan Kravis"", ""Paul L. Gray"", ""Bob Dalton""],
""Organizations"": [""Congress"", ""Justice Department\u2019s Criminal Division"", ""Eastern District of Pennsylvania"", ""FBI\u2019s Philadelphia Division"", ""Internal Revenue Service-Criminal Investigation (IRS-CI) Philadelphia Field Office"", ""FBI"", ""IRS"", ""Department of Justice"", ""Educational Advancement Alliance (EAA)"", ""Department of Justice\u2019s Office of the Inspector General"", ""NASA Office of Inspector General"", ""Department of Commerce\u2019s Office of Inspector General"", ""Criminal Division\u2019s Public Integrity Section"", ""Criminal Division\u2019s Organized Crime and Gang Section"", ""U.S. Trade Commission""],
""Locations"": [""Philadelphia"", ""Palm Beach"", ""Florida"", ""Williamstown"", ""New Jersey""]
}",direct_json,0.8529411764705882,0.90625,0.8787878787878787,0.0,0,6.1,16.0,19.4,693.1,693.2,26256.2,76.7,25448.8,0.0,"{'timestamp': '2026-09-15T21:37:32.312667+00:00', 'model_version': 'gemma4:31b-cloud', 'prompt_hash': 'a6af280e'}"
5,real_mixed_28,gemma4:31b-cloud_kb_rag,2.563253879547119,21.81,0,0,"{
""Persons"": [""Juan Carlos Aparicio"", ""Xabier Kalparsoro"", ""Günter Grass"", ""Antonio Ballester""],
""Organizations"": [""Gobierno"", ""Seguridad Social"", ""Audiencia Provincial de Vizcaya"", ""ETA"", ""Jefatura Superior de Policía de Bilbao"", ""EFE"", ""Fundación Círculo de Lectores"", ""Instituto Valenciano de Arte Moderno"", ""IVAM""],
""Locations"": [""Bilbao"", ""Vizcaya"", ""Barcelona"", ""Valencia""]
}",direct_json,0.8823529411764706,0.8333333333333334,0.8571428571428571,0.0,0,4.7,13.4,46.6,693.2,693.3,26166.0,76.6,25448.8,0.0,"{'timestamp': '2026-09-15T21:37:35.006563+00:00', 'model_version': 'gemma4:31b-cloud', 'prompt_hash': 'a6af280e'}"
5,real_mixed_29,gemma4:31b-cloud_kb_rag,2.5423543453216553,27.1,0,0,"{
""Persons"": [""Natividad Pérez"", ""Pérez"", ""Miguel Angel Revilla"", ""Gregorio Gil Ruedas""],
""Organizations"": [""Vattenfall"", ""EFE"", ""Ayuntamiento de Escalante"", ""Consejería de Obras Públicas"", ""PP"", ""Ayuntamiento de Villanueva de la Serena"", ""Consejería de Cultura"", ""Junta de Extremadura""],
""Locations"": [""Bolivia"", ""Brasil"", ""Chile"", ""Alemania"", ""Austria"", ""Holanda"", ""Polonia"", ""República Checa"", ""Santander"", ""Escalante"", ""Cantabria"", ""Villanueva de la Serena"", ""Badajoz""]
}",direct_json,0.88,0.88,0.88,0.0,0,6.9,13.4,16.2,693.2,693.2,26142.7,76.5,25448.8,0.0,"{'timestamp': '2026-09-15T21:37:35.529810+00:00', 'model_version': 'gemma4:31b-cloud', 'prompt_hash': 'a6af280e'}"
5,real_mixed_30,gemma4:31b-cloud_kb_rag,2.0266060829162598,11.55,0,0,"{
""Persons"": [""Marimon"", ""Mario Monti""],
""Organizations"": [""Senado"", ""Gobierno"", ""UE"", ""Comisión Europea"", ""EFECOM""],
""Locations"": [""España"", ""Bruselas"", ""Fráncfort"", ""RFA""]
}",direct_json,1.0,0.8461538461538461,0.9166666666666666,0.0,0,20.8,46.2,27.6,693.1,693.2,26104.5,76.4,25448.8,0.0,"{'timestamp': '2026-09-15T21:37:37.149169+00:00', 'model_version': 'gemma4:31b-cloud', 'prompt_hash': 'a6af280e'}"
6,real_mixed_31,gemma4:31b-cloud_kb_rag,2.0269229412078857,11.54,0,0,"{""Persons"": [], ""Organizations"": [""Comisión Ejecutiva del Consorcio Gran Teatro de Cáceres"", ""Junta"", ""Comercio""], ""Locations"": [""Cáceres"", ""Mérida"", ""Zafra"", ""Extremadura""]}",direct_json,0.7142857142857143,1.0,0.8333333333333333,0.0,0,8.6,21.7,77.0,708.0,711.8,26193.2,76.6,25448.8,0.0,"{'timestamp': '2026-09-15T21:37:38.904069+00:00', 'model_version': 'gemma4:31b-cloud', 'prompt_hash': 'a6af280e'}"
6,real_mixed_32,gemma4:31b-cloud_kb_rag,1.0243299007415771,39.34,0,0,"{
""Persons"": [""Vujanovic"", ""Meta""],
""Organizations"": [""EFE"", ""Junta de precios de la Lonja de Bellpuig"", ""Lonja de Bellpuig""],
""Locations"": [""Montenegro"", ""Albania"", ""Shkodra"", ""Murriqan"", ""Hani"", ""Hotit"", ""Bellpuig"", ""Lleida"", ""España"", ""Arganda del Rey""]
}",direct_json,0.8,0.75,0.7741935483870969,0.0,0,5.0,10.0,177.6,704.2,711.7,26177.7,76.6,25448.8,0.0,"{'timestamp': '2026-09-15T21:37:37.904461+00:00', 'model_version': 'gemma4:31b-cloud', 'prompt_hash': 'a6af280e'}"
6,real_mixed_33,gemma4:31b-cloud_kb_rag,3.045473098754883,15.37,0,0,"{
""Persons"": [""Jesús Miguel Franco"", ""María Luisa Alejos-Pita"", ""Mesías Gimeno"", ""Marta Calvo""],
""Organizations"": [""PSOE"", ""Comisión de Educación"", ""Cortes de Aragón"", ""PP"", ""Gobierno del PSOE-PAR"", ""Gobierno de Aragón"", ""Departamento de Educación"", ""Consejería de Educación""],
""Locations"": [""Aragón""]
}",direct_json,0.7692307692307693,0.6666666666666666,0.7142857142857142,0.0,0,8.1,21.7,48.9,711.9,712.1,26273.9,76.8,25448.8,0.0,"{'timestamp': '2026-09-15T21:37:41.067651+00:00', 'model_version': 'gemma4:31b-cloud', 'prompt_hash': 'a6af280e'}"
6,real_mixed_34,gemma4:31b-cloud_kb_rag,2.5365371704101562,15.89,0,0,"{
""Persons"": [],
""Organizations"": [
""EFE"",
""ONU"",
""Ejército del Sur de Líbano"",
""ESL"",
""Gobierno de Beirut"",
""Naciones Unidas"",
""Ejército"",
""Gendarmería"",
""Ejército israelí""
],
""Locations"": [
""Líbano"",
""Israel"",
""Jiam"",
""Mayayun""
]
}",direct_json,0.9230769230769231,0.8571428571428571,0.888888888888889,0.0,0,7.5,14.0,45.6,712.0,712.2,26301.3,76.8,25448.8,0.0,"{'timestamp': '2026-09-15T21:37:41.562594+00:00', 'model_version': 'gemma4:31b-cloud', 'prompt_hash': 'a6af280e'}"
6,real_mixed_35,gemma4:31b-cloud_kb_rag,3.0412139892578125,10.69,0,0,"{
""Persons"": [""Esperanza Martí"", ""Juan Rodríguez Yuste"", ""Víctor Tello""],
""Organizations"": [""Medical Forum Expo"", ""EFE"", ""Xunta"", ""Consellería""],
""Locations"": [""España"", ""Europa"", ""Santiago de Compostela"", ""Portugal"", ""Guimaraes""]
}",direct_json,1.0,1.0,1.0,0.0,0,6.2,17.3,29.1,712.1,712.1,26226.7,76.7,25448.8,0.0,"{'timestamp': '2026-09-15T21:37:44.226042+00:00', 'model_version': 'gemma4:31b-cloud', 'prompt_hash': 'a6af280e'}"
7,real_mixed_36,gemma4:31b-cloud_kb_rag,3.0537221431732178,14.05,0,0,"{
""Persons"": [""Alexei Shirov"", ""Gari Kasparov"", ""Alexander Morozevich"", ""Michail Gurevich"", ""Etienne Bacrot"", ""Ivan Sokolov"", ""Kiril Georgiev"", ""Nigel Short"", ""Gary Kasparov"", ""Veselin Topalov"", ""Sergei Movsesian"", ""Evgeny Bareev"", ""Michael Adams""],
""Organizations"": [],
""Locations"": [""Sarajevo""]
}",direct_json,1.0,0.6363636363636364,0.7777777777777778,0.0,0,10.3,21.7,34.8,711.8,711.9,26271.1,76.7,25448.8,0.0,"{'timestamp': '2026-09-15T21:37:40.436390+00:00', 'model_version': 'gemma4:31b-cloud', 'prompt_hash': 'a6af280e'}"
7,real_mixed_37,gemma4:31b-cloud_kb_rag,2.0413827896118164,23.56,0,0,"{
""Persons"": [""Rodrigo Rato"", ""Elvira Rodríguez"", ""José Benedicto"", ""Pedro Canals Palou""],
""Organizations"": [""Comisión de Políticas de Gastos"", ""Gobierno"", ""Cosultores de las Administraciones Públicas"", ""Caja Avila"", ""EFE"", ""CCOO"", ""Seguridad Social"", ""SS"", ""Efe""],
""Locations"": [""Avila"", ""Palma"", ""Mallorca"", ""Marruecos""]
}",direct_json,0.8235294117647058,0.9333333333333333,0.8749999999999999,0.0,0,17.0,33.3,76.9,711.7,711.8,26208.7,76.6,25448.8,0.0,"{'timestamp': '2026-09-15T21:37:39.416041+00:00', 'model_version': 'gemma4:31b-cloud', 'prompt_hash': 'a6af280e'}"
7,real_mixed_38,gemma4:31b-cloud_kb_rag,3.042778968811035,17.09,0,0,"{
""Persons"": [""Claudio Suárez"", ""Osvaldo Sánchez"", ""Ricardo Peláez"", ""Rafael Puyó""],
""Organizations"": [""Guadalajara"", ""Toluca"", ""Chivas"", ""Atlas"", ""EFECOM"", ""Asociación Empresarial de Operadores de Vinos de Mesa"", ""AVIMES"", ""Interprofesional de los Vinos de Mesa"", ""IVIM"", ""EFE""],
""Locations"": [""estadio Jalisco"", ""Guadalajara"", ""Madrid"", ""Barcelona""]
}",direct_json,0.9444444444444444,0.9444444444444444,0.9444444444444444,0.0,0,7.0,17.3,39.2,712.0,712.2,26283.3,76.8,25448.8,0.0,"{'timestamp': '2026-09-15T21:37:42.582525+00:00', 'model_version': 'gemma4:31b-cloud', 'prompt_hash': 'a6af280e'}"
7,real_mixed_39,gemma4:31b-cloud_kb_rag,2.542947769165039,11.76,0,0,"{
""Persons"": [""Pedro Canals"", ""Benedicto"", ""Viruca Atanes""],
""Organizations"": [""juzgado de lo Social"", ""Inspección de Trabajo"", ""CCOO"", ""Fiscalía de Baleares"", ""EFE""],
""Locations"": [""Madrid""]
}",direct_json,0.8888888888888888,1.0,0.9411764705882353,0.0,0,5.5,17.3,21.0,712.1,712.1,26236.8,76.7,25448.8,0.0,"{'timestamp': '2026-09-15T21:37:43.091664+00:00', 'model_version': 'gemma4:31b-cloud', 'prompt_hash': 'a6af280e'}"
7,real_mixed_40,gemma4:31b-cloud_kb_rag,2.0378222465515137,19.14,0,0,"{
""Persons"": [""Vázquez Raña"", ""Dennis Oswald"", ""Carlos Mayor Oreja""],
""Organizations"": [""ACNO"", ""COI"", ""ODEPA"", ""Comité Olímpico"", ""Comisión Ejecutiva del COI"", ""EFE"", ""Consejería de Medio Ambiente""],
""Locations"": [""Sydney"", ""Valdetorres del Jarama""]
}",direct_json,0.9166666666666666,0.7333333333333333,0.8148148148148148,0.0,0,4.1,9.4,28.2,712.1,712.1,26228.5,76.7,25448.8,0.0,"{'timestamp': '2026-09-15T21:37:44.727275+00:00', 'model_version': 'gemma4:31b-cloud', 'prompt_hash': 'a6af280e'}"
8,real_mixed_41,gemma4:31b-cloud_kb_rag,2.028895854949951,23.71,0,0,"{
""Persons"": [""Adolfo Piñedo"", ""Franco González"", ""Paz González"", ""González""],
""Organizations"": [""Ayuntamiento de Camargo"", ""Junta Vecinal de Maliaño"", ""EFE"", ""Hacienda"", ""PSOE-Progresistas"", ""IU"", ""PP"", ""Asamblea"", ""Comisión de Presupuestos"", ""Gobierno"", ""Mesa de la Asamblea"", ""Administración"", ""Cámara""],
""Locations"": [""Cantabria"", ""Madrid""]
}",direct_json,0.9473684210526315,0.9,0.9230769230769231,0.0,0,11.8,18.4,61.7,712.5,712.6,26147.5,76.5,25448.8,0.0,"{'timestamp': '2026-09-15T21:37:46.495479+00:00', 'model_version': 'gemma4:31b-cloud', 'prompt_hash': 'a6af280e'}"
8,real_mixed_42,gemma4:31b-cloud_kb_rag,1.0176193714141846,61.32,0,0,"{
""Persons"": [""Pedro Martínez de la Rosa"", ""H. Frentzen"", ""E. Bernoldi"", ""G. Fisichella"", ""L. Burti"", ""J. Vesrtappen"", ""Pantano"", ""marqués de Griñón"", ""Carlos Falcó"", ""Luis Arroyo"", ""Alejandro Alonso""],
""Organizations"": [""Arrows"", ""Jordan"", ""Sauber"", ""Benetton"", ""Jaguar"", ""EFE"", ""Universidad de Castilla-La Mancha""],
""Locations"": [""Europa"", ""Mónaco"", ""Valencia"", ""Ciudad Real"", ""España"", ""Castilla-La Mancha""]
}",direct_json,0.9166666666666666,0.7586206896551724,0.830188679245283,0.0,0,12.6,18.4,222.9,712.5,712.5,26148.4,76.5,25448.8,0.0,"{'timestamp': '2026-09-15T21:37:45.486922+00:00', 'model_version': 'gemma4:31b-cloud', 'prompt_hash': 'a6af280e'}"
8,real_mixed_43,gemma4:31b-cloud_kb_rag,3.0375728607177734,23.54,0,0,"{
""Persons"": [""Bill Twehway"", ""Peter Twehway"", ""Christian D. Brownell"", ""Sidiki Fofana"", ""Zarylee M. Gbala"", ""Kanio Bai-Gbala"", ""Christian Deah Brownell"", ""Malcom Scott""],
""Organizations"": [""FrontPageAfrica"", ""Creative Developers Inc."", ""National Port Authority"", ""Global Tracking Management Service"", ""Liberia Anti-Corruption Commission"", ""Flaton"", ""SINOTRANS"", ""ICC"", ""WAFDI"", ""BRILLIANT MAJU"", ""Booming Green"", ""Alpha Logging""],
""Locations"": [""MONROVIA"", ""Port of Buchanan"", ""Grand Bassa County""]
}",direct_json,0.8260869565217391,0.8636363636363636,0.8444444444444444,0.0,0,8.6,18.8,49.7,712.6,712.8,26187.0,76.6,25448.8,0.0,"{'timestamp': '2026-09-15T21:37:48.648286+00:00', 'model_version': 'gemma4:31b-cloud', 'prompt_hash': 'a6af280e'}"
8,real_mixed_44,gemma4:31b-cloud_kb_rag,4.544931173324585,18.02,0,0,"{
""Persons"": [""Joseph Kabila"", ""Francis Selemani""],
""Organizations"": [""BGFIBank DRC"", ""BGFIBank Group"", ""Sud Oil"", ""Platform to Protect Whistleblowers in Africa"", ""PPLAAF"", ""Mediapart"", ""The Sentry"", ""European Investigative Collaborations"", ""EIC"", ""Congo Research Group"", ""Congo Hold-up consortium"", ""Central Bank of Congo"", ""DRC’s permanent mission to the United Nations"", ""Gécamines""],
""Locations"": [""Democratic Republic of Congo"", ""DRC"", ""Kinshasa"", ""United States"", ""South Africa"", ""Gabon"", ""New York"", ""Washington, DC"", ""Johannesburg""]
}",direct_json,0.64,0.8,0.7111111111111111,0.0,0,6.0,18.8,33.2,712.7,712.8,26266.6,76.8,25448.8,0.0,"{'timestamp': '2026-09-15T21:37:51.164441+00:00', 'model_version': 'gemma4:31b-cloud', 'prompt_hash': 'a6af280e'}"
8,real_mixed_45,gemma4:31b-cloud_kb_rag,6.599538803100586,6.7,0,0,"{
""Persons"": [""Francisco García Ramos"", ""Juan Manzano"", ""Julio Carmona"", ""Raúl Borrasca""],
""Organizations"": [""Banco Central"", ""Ministerio de Finanzas"", ""Ayuntamientos"", ""Junta de Extremadura"", ""Gobierno central"", ""PSOE""],
""Locations"": [""Rusia"", ""Don Benito"", ""Badajoz"", ""Villanueva de la Serena""]
}",direct_json,0.9285714285714286,0.8125,0.8666666666666666,0.0,0,6.9,18.7,13.6,712.7,712.8,26209.2,76.7,25448.8,0.0,"{'timestamp': '2026-09-15T21:37:55.376717+00:00', 'model_version': 'gemma4:31b-cloud', 'prompt_hash': 'a6af280e'}"
9,real_mixed_46,gemma4:31b-cloud_kb_rag,2.546294927597046,9.7,0,0,"{
""Persons"": [""Casas""],
""Organizations"": [""Las Américas"", ""Congreso"", ""EFE"", ""Fuerzas Armadas"", ""Parlamento"", ""Gobierno"", ""CDC-UDC"", ""MAS""],
""Locations"": [""Estados Unidos"", ""Barcelona""]
}",direct_json,0.8181818181818182,0.6,0.6923076923076923,0.0,0,9.6,18.8,47.4,712.5,712.6,26136.0,76.5,25448.8,0.0,"{'timestamp': '2026-09-15T21:37:47.499663+00:00', 'model_version': 'gemma4:31b-cloud', 'prompt_hash': 'a6af280e'}"
9,real_mixed_47,gemma4:31b-cloud_kb_rag,2.0381510257720947,33.17,0,0,"{
""Persons"": [""Roberto Zambrano"", ""Boi Rodríguez"", ""José Luis Sandoval"", ""Powell"", ""Cory Powell"", ""Pedro Castellano"", ""Miguel Rubio"", ""Will Flyn"", ""Pete Harthman"", ""José Núñez"", ""Santos Hernández"", ""José Solarte"", ""Francisco Campos"", ""Will Flynt"", ""Ravelo Manzanillo""],
""Organizations"": [""club de Cancún"", ""Monclova"", ""Diablos"", ""Diablos Rojos"", ""Saltillo"", ""Laredos"", ""Tigres"", ""Piratas de Campeche"", ""Yucatán"", ""Tabasco"", ""EFE""],
""Locations"": [""Madrid""]
}",direct_json,0.9629629629629629,0.9285714285714286,0.9454545454545454,0.0,0,9.0,18.4,78.6,712.6,712.6,26140.2,76.5,25448.8,0.0,"{'timestamp': '2026-09-15T21:37:47.006466+00:00', 'model_version': 'gemma4:31b-cloud', 'prompt_hash': 'a6af280e'}"
9,real_mixed_48,gemma4:31b-cloud_kb_rag,6.580796003341675,5.33,0,0,"{
""Persons"": [""Pablo Morales"", ""Casimiro Bellido""],
""Organizations"": [""bodega cooperativa Nuestra Señora del Romero de Cascante"", ""EFE"", ""EFECOM"", ""Bolsa de Bogotá"", ""Bavaria""],
""Locations"": [""Cascante"", ""Pamplona"", ""Tudela"", ""Bogotá""]
}",direct_json,0.8181818181818182,0.9,0.8571428571428572,0.0,0,6.4,18.8,18.3,712.7,712.8,26244.1,76.8,25448.8,0.0,"{'timestamp': '2026-09-15T21:37:53.699932+00:00', 'model_version': 'gemma4:31b-cloud', 'prompt_hash': 'a6af280e'}"
9,real_mixed_49,gemma4:31b-cloud_kb_rag,7.075571298599243,7.72,0,0,"{
""Persons"": [""Xabier Kalparsoro"", ""Anuk"", ""Manuel Alvarez"", ""Mauricio Pastor""],
""Organizations"": [""Audiencia Provincial de Vizcaya"", ""ETA"", ""Jefatura Superior de Policía de Bilbao"", ""Audiencia de Vizcaya"", ""Estado"", ""Brigada de Información"", ""Asociación Contra la Tortura"", ""ayuntamiento de Zumaia""],
""Locations"": [""Vizcaya"", ""Bilbao"", ""Durango"", ""Zumaia"", ""Guipúzcoa""]
}",direct_json,0.8823529411764706,0.8333333333333334,0.8571428571428571,0.0,0,5.4,15.1,17.0,712.7,712.8,26233.1,76.7,25448.8,0.0,"{'timestamp': '2026-09-15T21:37:54.699592+00:00', 'model_version': 'gemma4:31b-cloud', 'prompt_hash': 'a6af280e'}"
9,real_mixed_50,gemma4:31b-cloud_kb_rag,2.525681734085083,11.84,0,0,"{
""Persons"": [""José María Aznar"", ""Manuel Chaves"", ""Aznar"", ""Rafa Larreina""],
""Organizations"": [""Gobierno"", ""EFE"", ""EA"", ""PSE-EE""],
""Locations"": [""Santander"", ""Madrid"", ""París"", ""Vitoria"", ""San Sebastián""]
}",direct_json,1.0,0.6842105263157895,0.8125000000000001,0.0,0,4.3,11.3,53.1,712.6,712.7,26083.1,76.5,25448.8,0.0,"{'timestamp': '2026-09-15T21:37:56.359286+00:00', 'model_version': 'gemma4:31b-cloud', 'prompt_hash': 'a6af280e'}"
10,real_mixed_51,gemma4:31b-cloud_kb_rag,2.0288171768188477,19.22,0,0,"{
""Persons"": [""Antonio de la Rosa"", ""J. S. A."", ""José Pérez Cequera"", ""Andrés Hiniesta""],
""Organizations"": [""EFE"", ""Policía Local"", ""Hospital Virgen del Rocío""],
""Locations"": [""Castilla León"", ""Barajas"", ""Ecija"", ""Sevilla"", ""Matacán""]
}",direct_json,0.9166666666666666,0.7333333333333333,0.8148148148148148,0.0,0,12.0,23.0,65.9,712.9,713.0,26055.5,76.4,25448.8,0.0,"{'timestamp': '2026-09-15T21:37:57.639826+00:00', 'model_version': 'gemma4:31b-cloud', 'prompt_hash': 'a6af280e'}"
10,real_mixed_52,gemma4:31b-cloud_kb_rag,1.5328280925750732,39.86,0,0,"{
""Persons"": [""Oviedo"", ""Stephen McFarland"", ""Walter Bower"", ""Teresa Castanedo"", ""Antonio Mérida"", ""Manolo Lama"", ""Roberto Brasero""],
""Organizations"": [""I División de Caballería"", ""embajada de Estados Unidos"", ""EFE"", ""Telemadrid"", ""Real Madrid"", ""Valencia""],
""Locations"": [""territorio paraguayo"", ""Asunción"", ""Madrid"", ""París"", ""Cibeles"", ""aeropuerto de Barajas"", ""Saint Denis"", ""Ciudad Deportiva del Real Madrid""]
}",direct_json,0.8095238095238095,0.8095238095238095,0.8095238095238095,0.0,0,8.3,14.8,110.5,712.8,712.9,26054.9,76.4,25448.8,0.0,"{'timestamp': '2026-09-15T21:37:57.143192+00:00', 'model_version': 'gemma4:31b-cloud', 'prompt_hash': 'a6af280e'}"
10,real_mixed_53,gemma4:31b-cloud_kb_rag,2.5270111560821533,13.89,0,0,"{
""Persons"": [""Rato"", ""Summers""],
""Organizations"": [""Gobierno"", ""EFE"", ""Diputación Foral de Alava""],
""Locations"": [""España"", ""Estados Unidos"", ""Vitoria"", ""Alava"", ""Elorriaga"", ""Lumbier"", ""Navarra"", ""Llanada"", ""Montaña alavesa"", ""Arraia-Maeztu"", ""Campezo"", ""Valladolid""]
}",direct_json,0.8235294117647058,0.875,0.8484848484848485,0.0,0,10.2,23.0,59.8,713.0,713.0,26148.8,76.6,25448.8,0.0,"{'timestamp': '2026-09-15T21:37:59.790403+00:00', 'model_version': 'gemma4:31b-cloud', 'prompt_hash': 'a6af280e'}"
10,real_mixed_54,gemma4:31b-cloud_kb_rag,3.0407679080963135,8.12,0,0,"{
""Persons"": [""Carlos Sánchez Polo""],
""Organizations"": [""EFE"", ""Agencia EFE"", ""Junta""],
""Locations"": [""Mérida"", ""Extremadura"", ""Salvatierra de los Barros"", ""Badajoz""]
}",direct_json,1.0,1.0,1.0,0.0,0,7.0,14.6,49.2,713.0,713.0,26244.9,76.8,25448.8,0.0,"{'timestamp': '2026-09-15T21:38:00.792890+00:00', 'model_version': 'gemma4:31b-cloud', 'prompt_hash': 'a6af280e'}"
10,real_mixed_55,gemma4:31b-cloud_kb_rag,5.059262037277222,10.54,0,0,"{
""Persons"": [""Alfredo Sánchez Monteseirín"", ""Monteseirín""],
""Organizations"": [""Mesa"", ""Juntas Generales de Bizkaia"", ""Mesa de Baleares"", ""Parlamento"", ""EFE"", ""Universidad Pablo de Olavide"", ""Comité Olímpico Internacional"", ""COI""],
""Locations"": [""Bizkaia"", ""Baleares"", ""Sevilla"", ""La Cartuja"", ""Dos Hermanas"", ""Cádiz"", ""Córdoba"", ""Málaga"", ""Granada"", ""Palmera"", ""Luis Montoto""]
}",direct_json,0.8095238095238095,0.85,0.8292682926829269,0.0,0,12.6,26.3,9.9,712.9,713.0,25530.8,78.4,25448.8,0.0,"{'timestamp': '2026-09-15T21:38:04.971277+00:00', 'model_version': 'gemma4:31b-cloud', 'prompt_hash': 'a6af280e'}"
11,real_mixed_56,gemma4:31b-cloud_kb_rag,2.0426769256591797,30.55,0,0,"{
""Persons"": [""Chirac"", ""Aznar"", ""José María Aznar""],
""Organizations"": [""Consejo"", ""Comisión"", ""UE"", ""CIG"", ""Gobierno"", ""Consejo Europeo de Lisboa"", ""EFE"", ""Escuela Taller de Restauración de Toledo"", ""Ayuntamiento de Toledo""],
""Locations"": [""Castillo de Rambouillet"", ""España"", ""Lisboa"", ""Austria"", ""Portugal"", ""América Latina"", ""Oriente Medio"", ""Francia"", ""Toledo"", ""Reino Unido"", ""Dinamarca"", ""Suecia"", ""Italia"", ""Finlandia""]
}",direct_json,0.8076923076923077,0.8076923076923077,0.8076923076923077,0.0,0,12.7,23.0,59.3,713.0,713.0,26144.1,76.6,25448.8,0.0,"{'timestamp': '2026-09-15T21:37:58.651698+00:00', 'model_version': 'gemma4:31b-cloud', 'prompt_hash': 'a6af280e'}"
11,real_mixed_57,gemma4:31b-cloud_kb_rag,2.5374560356140137,17.93,0,0,"{
""Persons"": [""Vicente del Bosque"", ""Fernando Hierro"", ""Iván Campo"", ""Karanka"", ""Iván Helguera"", ""Raúl"", ""Anelka"", ""Morientes"", ""Héctor Cúper"", ""Farinós"", ""Gerardo"", ""Piojo López"", ""Carlos Gardel""],
""Organizations"": [""Valencia"", ""Madrid"", ""Racing de Avellaneda"", ""Lazio""],
""Locations"": [""Europa"", ""Roma"", ""Italia""]
}",direct_json,1.0,0.9523809523809523,0.975609756097561,0.0,0,7.5,23.0,57.7,713.0,713.0,26137.7,76.6,25448.8,0.0,"{'timestamp': '2026-09-15T21:37:59.131589+00:00', 'model_version': 'gemma4:31b-cloud', 'prompt_hash': 'a6af280e'}"
11,real_mixed_58,gemma4:31b-cloud_kb_rag,2.5250930786132812,18.53,0,0,"{
""Persons"": [""Juan Antonio Gómez Angulo"", ""Vicente del Bosque"", ""Emilio Butragueño"", ""Eduardo Zaplana""],
""Organizations"": [""EFE"", ""Liga de Campeones"", ""Real Madrid"", ""Valencia"", ""Consejo Superior de Deportes"", ""Comunidad Valenciana""],
""Locations"": [""París"", ""Saint Denis"", ""Versalles"", ""Chantilly"", ""Amsterdam"", ""Madrid""]
}",direct_json,0.875,0.7777777777777778,0.823529411764706,0.0,0,5.5,14.2,46.5,713.0,713.0,26257.5,76.8,25448.8,0.0,"{'timestamp': '2026-09-15T21:38:01.301433+00:00', 'model_version': 'gemma4:31b-cloud', 'prompt_hash': 'a6af280e'}"
11,real_mixed_59,gemma4:31b-cloud_kb_rag,5.068784713745117,26.93,0,0,"{
""Persons"": [""John C. Demers"", ""Matthew Schneider"", ""Vance R. Callender"", ""Dan Clutch"", ""Arash Yousefi Jam"", ""Arash Yousefijam"", ""Arash Jam"", ""Amin Yousefi Jam"", ""Amin Yousefijam"", ""Amin Jam"", ""Abdollah Momeni Roustani"", ""Abdollah Momeni"", ""Ab Momeni"", ""Amir Amiri"", ""Hank Moon"", ""Adam Barry""],
""Organizations"": [""Justice Department"", ""International Emergency Economic Powers Act"", ""Iranian Transactions and Sanctions Regulations"", ""Eastern District of Michigan"", ""Homeland Security Investigations"", ""U.S. Immigration and Customs Enforcement"", ""Department of Commerce"", ""Office of Export Enforcement"", ""Office of Export Enforcement Chicago Field Office"", ""Counterintelligence and Export Control Section of the National Security Division"", ""Office of International Affairs""],
""Locations"": [""Iran"", ""United States"", ""UAE"", ""Michigan"", ""Ohio"", ""Ontario"", ""Canada"", ""United Arab Emirates""]
}",direct_json,0.7142857142857143,0.9615384615384616,0.819672131147541,0.0,0,6.9,18.4,23.3,712.9,713.0,25865.0,77.9,25448.8,0.0,"{'timestamp': '2026-09-15T21:38:04.327794+00:00', 'model_version': 'gemma4:31b-cloud', 'prompt_hash': 'a6af280e'}"
11,real_mixed_60,gemma4:31b-cloud_kb_rag,4.050317049026489,12.52,0,0,"{
""Persons"": [""Juan Luis Font""],
""Organizations"": [""El Periódico"", ""Siglo Veintiuno"", ""Nuestro Diario"", ""Guatemala Flash"", ""Relaciones Públicas de la Presidencia"", ""Secretaría de Comunicación Social de la Presidencia"", ""Gobierno"", ""Ministerio Público"", ""Estado Mayor Presidencial"", ""EMP"", ""EFE""],
""Locations"": [""Santiago de Compostela""]
}",direct_json,1.0,0.9285714285714286,0.962962962962963,0.0,0,11.6,20.5,14.6,712.9,713.0,25114.8,79.0,25448.8,0.0,"{'timestamp': '2026-09-15T21:38:05.474620+00:00', 'model_version': 'gemma4:31b-cloud', 'prompt_hash': 'a6af280e'}"
12,real_mixed_61,gemma4:31b-cloud_kb_rag,3.0564310550689697,53.59,0,0,"{
  ""Persons"": [
    ""Merrick B. Garland"",
    ""Christopher Wray"",
    ""Yury Orekhov"",
    ""Artem Uss"",
    ""Svetlana Kuzurgasheva"",
    ""Lana Neumann"",
    ""Timofey Telegin"",
    ""Sergey Tulyakov"",
    ""Juan Fernando Serrano Ponce"",
    ""Juanfe Serrano"",
    ""Juan Carlos Soto"",
    ""Breon Peace"",
    ""Artie McConnell"",
    ""Scott A. Claffee""
  ],
  ""Organizations"": [
    ""U.S. Attorneys’ Offices for the Eastern District of New York"",
    ""District of Connecticut"",
    ""Task Force KleptoCapture"",
    ""Justice Department"",
    ""U.S. District Court for the District of Connecticut"",
    ""FBI"",
    ""Petroleos de Venezuela S.A."",
    ""PDVSA"",
    ""Nord-Deutsche Industrieanlagenbau GmbH"",
    ""NDA GmbH"",
    ""International Emergency Economic Powers Act"",
    ""Export Control Reform Act"",
    ""Office of International Affairs"",
    ""U.S. Department of Commerce"",
    ""National Security Division’s Counterintelligence and Export Control Section""
  ],
  ""Locations"": [
    ""Russia"",
    ""Ukraine"",
    ""New York"",
    ""Connecticut"",
    ""Venezuela"",
    ""Germany"",
    ""Italy"",
    ""United States"",
    ""Latvia"",
    ""Estonia"",
    ""Moscow"",
    ""Krasnoyarsk Krai"",
    ""Hamburg"",
    ""Beijing"",
    ""Emirates"",
    ""Latin America""
  ]
}",direct_json,0.6,0.75,0.6666666666666665,0.0,0,9.5,25.9,73.3,713.7,713.8,24573.2,79.5,25448.8,0.0,"{'timestamp': '2026-09-15T21:38:08.289999+00:00', 'model_version': 'gemma4:31b-cloud', 'prompt_hash': 'a6af280e'}"
12,real_mixed_62,gemma4:31b-cloud_kb_rag,1.0233051776885986,60.98,0,0,"{
""Persons"": [""Cristina Narbona"", ""Narbona"", ""Emanuele Leone"", ""Paloma Aguirre""],
""Organizations"": [""PSOE-Progresistas"", ""Comisión de Medio Ambiente"", ""Ayuntamiento de Madrid"", ""Plan de Saneamiento Integral de Madrid II"", ""PSIM-II"", ""Unión Temporal de Empresas"", ""UTE"", ""EFE"", ""Museo Extremeño. Iberoamericano de Arte Contemporáneo"", ""MEIAC"", ""4. L""],
""Locations"": [""Madrid"", ""Badajoz"", ""Lisboa"", ""Barcelona"", ""Extremadura""]
}",direct_json,0.7,0.7777777777777778,0.7368421052631577,0.0,0,7.0,13.9,130.3,713.4,713.7,24557.9,79.4,25448.8,0.0,"{'timestamp': '2026-09-15T21:38:06.242711+00:00', 'model_version': 'gemma4:31b-cloud', 'prompt_hash': 'a6af280e'}"
12,real_mixed_63,gemma4:31b-cloud_kb_rag,9.61509394645691,5.0,0,0,"{
""Persons"": [""PUTIN""],
""Organizations"": [""Ejército de Sri Lanka"", ""guerrilla tamil"", ""Tigres de Liberación de la Patria Tamil"", ""EFE"", ""Congreso de la Sociedad de Oncología Clínica"", ""EFECOM""],
""Locations"": [""Sri Lanka"", ""Jafna"", ""Minsk"", ""Rusia"", ""EEUU"", ""Nueva Orleáns"", ""Barcelona""]
}",direct_json,0.7857142857142857,0.7333333333333333,0.7586206896551724,0.0,0,6.9,25.9,15.8,713.8,713.9,24647.3,79.6,25448.8,0.0,"{'timestamp': '2026-09-15T21:38:15.986598+00:00', 'model_version': 'gemma4:31b-cloud', 'prompt_hash': 'a6af280e'}"
12,real_mixed_64,gemma4:31b-cloud_kb_rag,8.106634140014648,3.21,0,0,"{
""Persons"": [],
""Organizations"": [
""ayuntamiento de Mollet del Vallés"",
""EFE""
],
""Locations"": [
""Mollet del Vallés"",
""Barcelona""
]
}",direct_json,0.75,0.75,0.75,0.0,0,5.5,17.1,15.3,713.8,713.8,24657.1,79.6,25448.8,0.0,"{'timestamp': '2026-09-15T21:38:16.500958+00:00', 'model_version': 'gemma4:31b-cloud', 'prompt_hash': 'a6af280e'}"
12,real_mixed_65,gemma4:31b-cloud_kb_rag,3.5396199226379395,9.92,0,0,"{
""Persons"": [],
""Organizations"": [""Caixa Catalunya"", ""AIAF"", ""Universidad del País Vasco"", ""ETA"", ""Vicerrectorado del Campus de Guipúzcoa"", ""departamento vasco de Interior"", ""Efe""],
""Locations"": [""San Sebastián"", ""Guipúzcoa""]
}",direct_json,0.6666666666666666,0.5454545454545454,0.6,0.0,0,14.9,45.5,27.1,713.8,713.8,24669.3,79.7,25448.8,0.0,"{'timestamp': '2026-09-15T21:38:19.643731+00:00', 'model_version': 'gemma4:31b-cloud', 'prompt_hash': 'a6af280e'}"
13,real_mixed_66,gemma4:31b-cloud_kb_rag,8.608532905578613,7.25,0,0,"{
""Persons"": [""Juan Pereiro"", ""Wolfgang Schuessel"", ""Antonio Guterres""],
""Organizations"": [""Ayuntamiento de San Martín del Rey Aurelio"", ""Administración Regional"", ""EFE"", ""Partido Popular"", ""OEVP"", ""Gobierno austriaco"", ""Consejo de la UE"", ""UE""],
""Locations"": [""San Martín del Rey Aurelio"", ""Fradera"", ""El Entrego"", ""Viena"", ""Austria"", ""Italia"", ""Irlanda"", ""Las Azores"", ""Portugal"", ""Francia"", ""Alemania""]
}",direct_json,0.6818181818181818,0.5769230769230769,0.6249999999999999,0.0,0,7.2,25.9,14.6,713.8,713.8,24656.3,79.6,25448.8,0.0,"{'timestamp': '2026-09-15T21:38:14.331976+00:00', 'model_version': 'gemma4:31b-cloud', 'prompt_hash': 'a6af280e'}"
13,real_mixed_67,gemma4:31b-cloud_kb_rag,9.111732006072998,4.85,0,0,"{
""Persons"": [""Cuevas"", ""Iñaqui Ordóñez"", ""Ordóñez Mañas"", ""Manolo Cadenas"", ""Hernández"", ""Canca"", ""Bartok"", ""Iker Romero""],
""Organizations"": [""CEOE"", ""UE"", ""EFE"", ""Radio León"", ""Caja España Ademar"", ""Hameln"", ""Elgorriaga Bidasoa""],
""Locations"": [""Francia"", ""Italia"", ""Alemania"", ""Europa"", ""España"", ""León""]
}",direct_json,0.9523809523809523,0.9090909090909091,0.9302325581395349,0.0,0,8.7,38.8,20.9,713.8,713.8,24652.5,79.6,25448.8,0.0,"{'timestamp': '2026-09-15T21:38:14.816620+00:00', 'model_version': 'gemma4:31b-cloud', 'prompt_hash': 'a6af280e'}"
13,real_mixed_68,gemma4:31b-cloud_kb_rag,3.0563671588897705,25.95,0,0,"{
""Persons"": [""Arash Yousefi Jam"", ""Abdollah Momeni Roustani"", ""Stephen J. Murphy"", ""Hank Moon"", ""Adam Barry""],
""Organizations"": [""International Emergency Economic Powers Act"", ""Iranian Transactions and Sanctions Regulations"", ""Homeland Security Investigations"", ""Commerce Department’s Office of Export Enforcement"", ""Eastern District of Michigan"", ""Justice Department’s National Security Division"", ""Criminal Division’s Office of International Affairs""],
""Locations"": [""Canada"", ""Iran"", ""Ontario"", ""Michigan"", ""United States"", ""United Arab Emirates""]
}",direct_json,1.0,0.9473684210526315,0.972972972972973,0.0,0,5.7,13.8,39.0,713.8,713.8,24574.3,79.5,25448.8,0.0,"{'timestamp': '2026-09-15T21:38:17.506557+00:00', 'model_version': 'gemma4:31b-cloud', 'prompt_hash': 'a6af280e'}"
13,real_mixed_69,gemma4:31b-cloud_kb_rag,3.556328773498535,19.01,0,0,"{
""Persons"": [""Fernando Zambrano"", ""Solari"", ""Kiko"", ""Anna Kournikova"", ""Lorenzo Sanz"", ""Vicente Del Bosque"", ""Anelka"", ""Guardiola"", ""Figo"", ""Rivaldo"", ""Víctor Fernández""],
""Organizations"": [""EFE"", ""Liga de Campeones"", ""Real Madrid"", ""Valencia"", ""Marca"", ""Copa de Europa"", ""Copa del Rey"", ""Espanyol"", ""Atlético de Madrid"", ""As"", ""Liga ACB"", ""Barcelona"", ""Juventus"", ""Mundo Deportivo"", ""Celta"", ""Barca""],
""Locations"": [""Madrid"", ""París"", ""Mallorca""]
}",direct_json,0.8666666666666667,0.9285714285714286,0.896551724137931,0.0,0,5.5,13.8,33.8,713.8,713.8,24605.9,79.5,25448.8,0.0,"{'timestamp': '2026-09-15T21:38:18.514220+00:00', 'model_version': 'gemma4:31b-cloud', 'prompt_hash': 'a6af280e'}"
13,real_mixed_70,gemma4:31b-cloud_kb_rag,3.0631003379821777,16.98,0,0,"{
""Persons"": [""Alberto Fernández"", ""Luis de Grandes"", ""Jorge Fernández"", ""Mariano Rajoy"", ""Javier Arenas"", ""Eduardo Zaplana"", ""José A. Delgado"", ""Miguel Sanz"", ""Mario Monti""],
""Organizations"": [""PP"", ""Parlament"", ""Congreso"", ""Gobierno"", ""Generalitat valenciana"", ""Gobierno de Navarra"", ""EFE""],
""Locations"": [""Madrid"", ""Cataluña"", ""Bruselas"", ""Navarra"", ""Pamplona""]
}",direct_json,0.9047619047619048,0.76,0.8260869565217391,0.0,0,11.5,21.6,42.9,713.8,714.0,24772.2,79.9,25448.8,0.0,"{'timestamp': '2026-09-15T21:38:20.708406+00:00', 'model_version': 'gemma4:31b-cloud', 'prompt_hash': 'a6af280e'}"
14,real_mixed_71,gemma4:31b-cloud_kb_rag,1.5320959091186523,22.06,0,0,"{
""Persons"": [""Alberto Flamarique"", ""Luis Vázquez Villamor"", ""Silvio Ferreyra Fernández""],
""Organizations"": [""Mercosur"", ""Comisión Sociolaboral"", ""Organización Internacional del Trabajo"", ""OIT"", ""Gobierno""],
""Locations"": [""Bolivia"", ""Chile"", ""Ginebra"", ""Paraguay""]
}",direct_json,0.75,0.6428571428571429,0.6923076923076924,0.0,0,11.2,21.6,128.9,714.0,714.0,24827.6,80.0,25448.8,0.0,"{'timestamp': '2026-09-15T21:38:21.407902+00:00', 'model_version': 'gemma4:31b-cloud', 'prompt_hash': 'a6af280e'}"
14,real_mixed_72,gemma4:31b-cloud_kb_rag,2.563248872756958,16.74,0,0,"{
""Persons"": [""Corín Tellado"", ""Miguel de Cervantes"", ""Luis Sepúlveda"", ""Rosa Regás"", ""Mario Delgado"", ""Vicente Alvarez Areces"", ""Paz Fernández Felgueroso""],
""Organizations"": [""EFE"", ""Salón del Libro Iberoamericano"", ""Principado de Asturias""],
""Locations"": [""Gijón"", ""España"", ""Uruguay""]
}",direct_json,0.9230769230769231,0.7058823529411765,0.8000000000000002,0.0,0,10.7,21.6,59.7,714.0,714.1,24763.3,79.9,25448.8,0.0,"{'timestamp': '2026-09-15T21:38:22.449819+00:00', 'model_version': 'gemma4:31b-cloud', 'prompt_hash': 'a6af280e'}"
14,real_mixed_73,gemma4:31b-cloud_kb_rag,4.091699123382568,9.53,0,0,"{
""Persons"": [""Mariano Rajoy"", ""Diego López Garrido"", ""Cardenal""],
""Organizations"": [""EFE"", ""Gobierno"", ""Consejo de RTVE"", ""Junta Electoral Central"", ""Consejo de Universidades"", ""Comisión Constitucional del Congreso"", ""PNV"", ""Cortes"", ""RTVE""],
""Locations"": [""Madrid""]
}",direct_json,1.0,0.8125,0.896551724137931,0.0,0,6.3,15.8,25.1,714.2,714.6,24624.3,79.6,25448.8,0.0,"{'timestamp': '2026-09-15T21:38:25.625839+00:00', 'model_version': 'gemma4:31b-cloud', 'prompt_hash': 'a6af280e'}"
14,real_mixed_74,gemma4:31b-cloud_kb_rag,3.5905892848968506,10.86,0,0,"{
""Persons"": [""Manceñido"", ""José Alfonso Martos"", ""Celia Villalobos""],
""Organizations"": [""Consejo General del Colegio de Farmacéuticos"", ""EFE"", ""Satse"", ""Insalud"", ""CCAA"", ""Sanidad"", ""Organización Mundial de la Salud"", ""OMS""],
""Locations"": [""Madrid"", ""España""]
}",direct_json,0.9230769230769231,1.0,0.9600000000000001,0.0,0,6.6,15.8,32.9,714.3,714.6,24602.0,79.5,25448.8,0.0,"{'timestamp': '2026-09-15T21:38:26.164985+00:00', 'model_version': 'gemma4:31b-cloud', 'prompt_hash': 'a6af280e'}"
14,real_mixed_75,gemma4:31b-cloud_kb_rag,2.039222002029419,5.74,0,0,"{""Persons"": [], ""Organizations"": [""EFE"", ""Kwoon Saholin""], ""Locations"": [""Sestao"", ""Vizcaya""]}",direct_json,1.0,0.8,0.888888888888889,0.0,0,10.2,15.7,43.5,714.6,714.6,24618.5,79.6,25448.8,0.0,"{'timestamp': '2026-09-15T21:38:27.774121+00:00', 'model_version': 'gemma4:31b-cloud', 'prompt_hash': 'a6af280e'}"
15,real_mixed_76,gemma4:31b-cloud_kb_rag,3.5837600231170654,3.63,0,0,"{""Persons"": [], ""Organizations"": [""UEFA CHAMPIONS LEAGUE"", ""EURONEWS""], ""Locations"": [""LAPONIA"", ""KOLA""]}",direct_json,0.0,0.0,0.0,0.0,0,5.0,14.3,50.6,714.1,714.2,24644.6,79.6,25448.8,0.0,"{'timestamp': '2026-09-15T21:38:24.502644+00:00', 'model_version': 'gemma4:31b-cloud', 'prompt_hash': 'a6af280e'}"
15,real_mixed_77,gemma4:31b-cloud_kb_rag,3.079188108444214,27.02,0,0,"{
""Persons"": [""Wieczorek-Zeul"", ""Carlos Lage"", ""Felipe Pérez Roque"", ""Marta Lomas"", ""Carlos Dotres"", ""Luis Gómez Echeverri"", ""Elizardo Sánchez"", ""Marcelino Iglesias"", ""José Angel Biel"", ""Javier Callizo"", ""Javier Lambán""],
""Organizations"": [""Gobierno"", ""Escuela Latinoamericana de Medicina"", ""Programa de Naciones Unidas para el Desarrollo"", ""PNUD"", ""Comisión Cubana de Derechos Humanos. Reconciliación Nacional"", ""CCDHRN"", ""EFE"", ""Gobierno de Aragón"", ""Diputación de Zaragoza""],
""Locations"": [""Cuba"", ""Fuentes de Ebro"", ""Zaragoza"", ""España"", ""Aragón""]
}",direct_json,0.84,0.9130434782608695,0.8749999999999999,0.0,0,8.6,16.8,37.2,714.1,714.2,24655.0,79.6,25448.8,0.0,"{'timestamp': '2026-09-15T21:38:24.041434+00:00', 'model_version': 'gemma4:31b-cloud', 'prompt_hash': 'a6af280e'}"
15,real_mixed_78,gemma4:31b-cloud_kb_rag,2.5436818599700928,12.27,0,0,"{
""Persons"": [""Joseph Kabila""],
""Organizations"": [""Kwanza Capital"", ""The Sentry"", ""Financial Action Task Force"", ""FATF""],
""Locations"": [""Kinshasa"", ""Democratic Republic of Congo"", ""Congo"", ""sub-Saharan Africa""]
}",direct_json,0.6666666666666666,0.8571428571428571,0.75,0.0,0,8.3,16.2,47.5,714.5,714.6,24559.3,79.4,25448.8,0.0,"{'timestamp': '2026-09-15T21:38:26.696978+00:00', 'model_version': 'gemma4:31b-cloud', 'prompt_hash': 'a6af280e'}"
15,real_mixed_79,gemma4:31b-cloud_kb_rag,3.061923027038574,18.26,0,0,"{
""Persons"": [""Nathaniel McGill"", ""Sayma Syrenius Cephus"", ""Bill Twehway"", ""Brian E. Nelson"", ""George Weah""],
""Organizations"": [""U.S. Department of the Treasury’s Office of Foreign Assets Control"", ""Treasury for Terrorism and Financial Intelligence"", ""National Port Authority""],
""Locations"": [""WASHINGTON"", ""Liberia"", ""United States"", ""Port of Buchanan""]
}",direct_json,0.75,0.75,0.75,0.0,0,6.9,15.8,40.1,714.5,714.6,24577.5,79.5,25448.8,0.0,"{'timestamp': '2026-09-15T21:38:27.687340+00:00', 'model_version': 'gemma4:31b-cloud', 'prompt_hash': 'a6af280e'}"
15,real_mixed_80,gemma4:31b-cloud_kb_rag,2.03214430809021,72.29,0,0,"{
""Persons"": [""Eriks Mamonovs"", ""Vadims Ananics"", ""Stanislav Romanyuk"", ""Janis Uzbalis"", ""Vanessa Roberts Avery"", ""Rahul Kale"", ""Konstantin Lantsman"", ""Matthew Anzaldi""],
""Organizations"": [""CNC Weld"", ""BY Trade OU"", ""District of Connecticut"", ""HSI"", ""Department of Commerce"", ""FBI"", ""Export Control Reform Act of 2018"", ""Export Administration Regulations"", ""Export Control Reform Act"", ""Justice Department"", ""Office of Export Enforcement"", ""Prosecutor-General’s Offices of the Republic of Latvia and Estonia"", ""Latvian State Revenue Service"", ""Estonian Tax and Customs Board"", ""Latvian State Police"", ""Office of International Affairs"", ""National Security Division’s Counterintelligence and Export Control Section"", ""Task Force KleptoCapture"", ""Office of the Deputy Attorney General""],
""Locations"": [""Latvia"", ""Ukraine"", ""Estonia"", ""Russia"", ""Connecticut"", ""European Union"", ""Riga"", ""New Haven"", ""Portland (Ore.)"", ""the Hague"", ""Netherlands"", ""Boston"", ""Tallinn""]
}",direct_json,0.6,0.8571428571428571,0.7058823529411764,0.0,0,11.4,15.7,62.3,714.5,714.5,24664.2,79.7,25448.8,0.0,"{'timestamp': '2026-09-15T21:38:28.877290+00:00', 'model_version': 'gemma4:31b-cloud', 'prompt_hash': 'a6af280e'}"
16,real_mixed_81,gemma4:31b-cloud_kb_rag,1.5274789333343506,31.49,0,0,"{
""Persons"": [""José Zamarriego"", ""Juliana Fariñas"", ""José Luis Vega"", ""Inés Fernández""],
""Organizations"": [""Junta Electoral"", ""Ilustre Colegio de Oficial de Médicos de Madrid"", ""ICOMEM"", ""Junta Directiva"", ""Colegio de Médicos de Madrid"", ""EFE""],
""Locations"": [""Castilla-La Mancha"", ""Madrid"", ""España""]
}",direct_json,1.0,0.9285714285714286,0.962962962962963,0.0,0,9.9,14.9,87.0,714.5,714.5,24686.4,79.7,25448.8,0.0,"{'timestamp': '2026-09-15T21:38:29.539270+00:00', 'model_version': 'gemma4:31b-cloud', 'prompt_hash': 'a6af280e'}"
16,real_mixed_82,gemma4:31b-cloud_kb_rag,2.038041114807129,18.5,0,0,"{
""Persons"": [""Milosevic"", ""Máximo Cajal"", ""Guillermo Ruiz Polanco"", ""Rigoberta Menchú"", ""Gregorio Yujá""],
""Organizations"": [""Gobierno yugoslavo"", ""EFE"", ""Audiencia Nacional""],
""Locations"": [""Belgrado"", ""Madrid"", ""España"", ""Guatemala"", ""Quiché"", ""La Seu d'Urgell"", ""Lleida""]
}",direct_json,0.8666666666666667,0.7647058823529411,0.8125,0.0,0,9.4,22.7,62.5,714.6,714.6,24714.3,79.8,25448.8,0.0,"{'timestamp': '2026-09-15T21:38:30.063032+00:00', 'model_version': 'gemma4:31b-cloud', 'prompt_hash': 'a6af280e'}"
16,real_mixed_83,gemma4:31b-cloud_kb_rag,2.0801641941070557,16.25,0,0,"{
""Persons"": [""Antonio Varriale"", ""Iván Parra"", ""Karsten Kroon"", ""Angel Vicioso"", ""Davor Suker""],
""Organizations"": [""EFE"", ""Panaria"", ""Real Madrid"", ""Valencia"", ""Liga de Campeones""],
""Locations"": [""Padua"", ""Zagreb"", ""París""]
}",direct_json,0.9230769230769231,0.9230769230769231,0.9230769230769231,0.0,0,10.3,22.7,63.2,714.6,714.6,24754.5,79.8,25448.8,0.0,"{'timestamp': '2026-09-15T21:38:31.739224+00:00', 'model_version': 'gemma4:31b-cloud', 'prompt_hash': 'a6af280e'}"
16,real_mixed_84,gemma4:31b-cloud_kb_rag,2.0622079372406006,11.98,0,0,"{
""Persons"": [""Thomas Middelhoff"", ""Miguel García-Durán""],
""Organizations"": [""Bertelsmann"", ""Telefónica"", ""Antena-3 Televisión"", ""Grupo Telefónica"", ""Antena 3""],
""Locations"": [""Madrid"", ""Albacete""]
}",direct_json,1.0,0.8181818181818182,0.9,0.0,0,7.9,18.6,57.4,714.5,714.6,24716.4,79.8,25448.8,0.0,"{'timestamp': '2026-09-15T21:38:32.248012+00:00', 'model_version': 'gemma4:31b-cloud', 'prompt_hash': 'a6af280e'}"
16,real_mixed_85,gemma4:31b-cloud_kb_rag,2.554412841796875,15.27,0,0,"{
""Persons"": [""Joaquín Almería"", ""Miki Tzavella"", ""Costas Simitis"", ""Dimitris Reppas"", ""Theodore Pangalos""],
""Organizations"": [""EFE"", ""comité organizador de los juego olímpicos de Atenas 2004"", ""gobierno heleno"", ""Nueva Democracia""],
""Locations"": [""Atenas""]
}",direct_json,0.8,0.8888888888888888,0.8421052631578948,0.0,0,7.0,12.8,35.8,714.5,714.5,24658.6,79.6,25448.8,0.0,"{'timestamp': '2026-09-15T21:38:34.407574+00:00', 'model_version': 'gemma4:31b-cloud', 'prompt_hash': 'a6af280e'}"
17,real_mixed_86,gemma4:31b-cloud_kb_rag,1.543903112411499,24.42,0,0,"{
""Persons"": [""Francesc Salvatella"", ""Pol Amat"", ""Joaquín Calvo"", ""Xavi Arnau""],
""Organizations"": [""Egara"", ""Real Club de Polo de Barcelona"", ""Federación Española"", ""Catalana"", ""Liga"", ""Atlétic Terrasa"", ""EFE""],
""Locations"": [""San Sebastián""]
}",direct_json,0.9166666666666666,0.7857142857142857,0.8461538461538461,0.0,0,7.6,22.7,108.2,714.6,714.7,24794.5,79.9,25448.8,0.0,"{'timestamp': '2026-09-15T21:38:30.658871+00:00', 'model_version': 'gemma4:31b-cloud', 'prompt_hash': 'a6af280e'}"
17,real_mixed_87,gemma4:31b-cloud_kb_rag,2.0480499267578125,11.43,0,0,"{
""Persons"": [""Zambrano"", ""Emilio Oliva Calahorra""],
""Organizations"": [""Rayo Vallecano"", ""Atlético de Madrid"", ""EFE""],
""Locations"": [""España"", ""La Rioja""]
}",direct_json,0.8571428571428571,0.5454545454545454,0.6666666666666665,0.0,0,14.0,22.7,58.2,714.6,714.7,24792.6,79.9,25448.8,0.0,"{'timestamp': '2026-09-15T21:38:31.165541+00:00', 'model_version': 'gemma4:31b-cloud', 'prompt_hash': 'a6af280e'}"
17,real_mixed_88,gemma4:31b-cloud_kb_rag,2.0427331924438477,14.0,0,0,"{
""Persons"": [],
""Organizations"": [""PP"", ""Diputación"", ""Junta"", ""UEX"", ""Asociación para el Desarrollo Rural Jerez-Sierra Suroeste""],
""Locations"": [""Badajoz"", ""Mérida"", ""Casar de Palomero""]
}",direct_json,0.875,0.875,0.875,0.0,0,10.8,18.6,59.5,714.5,714.6,24673.8,79.7,25448.8,0.0,"{'timestamp': '2026-09-15T21:38:32.816020+00:00', 'model_version': 'gemma4:31b-cloud', 'prompt_hash': 'a6af280e'}"
17,real_mixed_89,gemma4:31b-cloud_kb_rag,2.5404810905456543,12.79,0,0,"{
""Persons"": [""Sabin Intxaurraga"", ""Fernando Maura""],
""Organizations"": [""Partido Popular"", ""Gobierno vasco"", ""Consejo Económico. Social ( CES)"", ""Parlamento Vasco"", ""PP"", ""Cámara vasca"", ""EFE""],
""Locations"": [""Bilbao""]
}",direct_json,0.8,0.5714285714285714,0.6666666666666666,0.0,0,7.0,12.8,46.6,714.5,714.6,24668.3,79.6,25448.8,0.0,"{'timestamp': '2026-09-15T21:38:33.826376+00:00', 'model_version': 'gemma4:31b-cloud', 'prompt_hash': 'a6af280e'}"
17,real_mixed_90,gemma4:31b-cloud_kb_rag,2.537986993789673,32.27,0,0,"{
""Persons"": [""Miguel Angel Vives"", ""Augusto Méndez de Lugo"", ""Pedro Pacheco""],
""Organizations"": [""EFE"", ""Liga de Campeones"", ""Valencia"", ""Real Madrid"", ""Catedral de Valencia"", ""parroquia de la Asunción de San Rafael"", ""cofradía de San Vicente Mártir"", ""parroquia de los Padres Capuchinos"", ""Tribunal Superior de Justicia de Andalucía""],
""Locations"": [""Villafranca"", ""Extremadura"", ""Valencia"", ""estadio Saint Denis"", ""París"", ""Comunidad Valenciana"", ""Navarrés"", ""Onteniente"", ""Alicante"", ""Granada"", ""Los Garciagos"", ""Jerez""]
}",direct_json,0.75,0.8181818181818182,0.7826086956521738,0.0,0,8.1,17.9,52.3,714.4,714.6,24611.4,79.5,25448.8,0.0,"{'timestamp': '2026-09-15T21:38:35.479595+00:00', 'model_version': 'gemma4:31b-cloud', 'prompt_hash': 'a6af280e'}"
18,real_mixed_91,gemma4:31b-cloud_kb_rag,1.5390708446502686,27.87,0,0,"{
""Persons"": [""Manuel Carmena"", ""Carmen Alborch"", ""Carmen Romero"", ""Paca Sauquillo"", ""Sauquillo"", ""Eduardo Corchero"", ""Guillermo Fernández Vara""],
""Organizations"": [""ORT"", ""PSOE"", ""EFE"", ""Hospital \""Infanta Cristina\"""", ""Servicio de Cirugía Torácica""],
""Locations"": [""España"", ""Madrid"", ""Badajoz"", ""Extremadura""]
}",direct_json,0.9375,0.8823529411764706,0.9090909090909091,0.0,0,9.3,14.3,42.6,714.7,714.7,24579.7,79.5,25448.8,0.0,"{'timestamp': '2026-09-15T21:38:36.191835+00:00', 'model_version': 'gemma4:31b-cloud', 'prompt_hash': 'a6af280e'}"
18,real_mixed_92,gemma4:31b-cloud_kb_rag,2.051409959793091,22.81,0,0,"{
""Persons"": [""Freeh"", ""Serrano"", ""Pedro Albizu Campos"", ""Cecil Snyder"", ""Edgar Hoover"", ""Luis Muñoz Marín""],
""Organizations"": [""Partido Nacionalista de Puerto Rico"", ""FBI"", ""Daily News""],
""Locations"": [""El Bronx"", ""Nueva York"", ""Washington"", ""Puerto Rico"", ""EEUU"", ""Atlanta"", ""San Juan""]
}",direct_json,0.875,0.6666666666666666,0.7567567567567567,0.0,0,7.8,17.9,96.5,714.7,714.7,24575.1,79.5,25448.8,0.0,"{'timestamp': '2026-09-15T21:38:36.693513+00:00', 'model_version': 'gemma4:31b-cloud', 'prompt_hash': 'a6af280e'}"
18,real_mixed_93,gemma4:31b-cloud_kb_rag,3.0587687492370605,11.05,0,0,"{
""Persons"": [""Antonio Gana"", ""Ricardo Puno"", ""Joseph Estrada""],
""Organizations"": [""EFE"", ""Philippine Airlines"", ""PAL"", ""DZMM"", ""Oficina de Aviación Civil"", ""DZRB""],
""Locations"": [""Manila"", ""Antipolo"", ""Davao"", ""Mindanao"", ""Jerusalén""]
}",direct_json,1.0,0.9333333333333333,0.9655172413793104,0.0,0,17.1,28.0,44.7,714.7,714.8,24715.2,79.8,25448.8,0.0,"{'timestamp': '2026-09-15T21:38:39.366630+00:00', 'model_version': 'gemma4:31b-cloud', 'prompt_hash': 'a6af280e'}"
18,real_mixed_94,gemma4:31b-cloud_kb_rag,3.067737102508545,13.98,0,0,"{
""Persons"": [""Charles Taylor"", ""Redondo"", ""McManaman"", ""Raul"", ""Di Stefano"", ""Kopa"", ""Cuper"", ""Moriente""],
""Organizations"": [""FRU"", ""Naciones Unidas"", ""EFE"", ""Real Madrid"", ""Valencia"", ""Barcelona"", ""Lazio"", ""la Gazzetta dello Sport"", ""Corriere dellos Sport""],
""Locations"": [""Roma"", ""España""]
}",direct_json,1.0,0.8636363636363636,0.9268292682926829,0.0,0,19.8,28.0,38.4,714.7,714.8,24768.5,79.9,25448.8,0.0,"{'timestamp': '2026-09-15T21:38:39.886719+00:00', 'model_version': 'gemma4:31b-cloud', 'prompt_hash': 'a6af280e'}"
18,real_mixed_95,gemma4:31b-cloud_kb_rag,2.5469138622283936,10.72,0,0,"{
""Persons"": [],
""Organizations"": [
""Expovacaciones"",
""Expoconsumo""
],
""Locations"": [
""Bilbao"",
""Castilla. León"",
""Benissa"",
""Torremolinos"",
""Málaga"",
""Mundo Maya"",
""Madrid""
]
}",direct_json,0.6666666666666666,0.75,0.7058823529411765,0.0,0,9.4,19.8,35.0,714.6,714.7,24739.4,79.8,25448.8,0.0,"{'timestamp': '2026-09-15T21:38:42.025961+00:00', 'model_version': 'gemma4:31b-cloud', 'prompt_hash': 'a6af280e'}"
19,real_mixed_96,gemma4:31b-cloud_kb_rag,2.556168794631958,14.24,0,0,"{
""Persons"": [""Kily González"", ""Jorge Candel"", ""Héctor Cúper""],
""Organizations"": [""Eurobank"", ""Tribunal de Estocolmo"", ""BCR"", ""Valencia"", ""Liga de Campeones"", ""Real Madrid"", ""EFE""],
""Locations"": [""París"", ""Suiza"", ""Luxemburgo"", ""Francia"", ""Madrid""]
}",direct_json,0.7333333333333333,0.7857142857142857,0.7586206896551724,0.0,0,10.8,22.4,52.3,714.7,714.8,24629.0,79.6,25448.8,0.0,"{'timestamp': '2026-09-15T21:38:38.293714+00:00', 'model_version': 'gemma4:31b-cloud', 'prompt_hash': 'a6af280e'}"
19,real_mixed_97,gemma4:31b-cloud_kb_rag,1.5456838607788086,21.03,0,0,"{
""Persons"": [""Del Bosque"", ""Zambrano"", ""Irureta"", ""Rojo""],
""Organizations"": [""Real Madrid"", ""Agencia Efe"", ""Atlético"", ""Copa del Rey"", ""Liga"", ""EFE"", ""Ayuntamiento""],
""Locations"": [""Madrid"", ""Chamartín"", ""Hortaleza"", ""Barajas""]
}",direct_json,0.8666666666666667,1.0,0.9285714285714286,0.0,0,12.0,22.4,110.5,714.7,714.8,24564.6,79.4,25448.8,0.0,"{'timestamp': '2026-09-15T21:38:37.269909+00:00', 'model_version': 'gemma4:31b-cloud', 'prompt_hash': 'a6af280e'}"
19,real_mixed_98,gemma4:31b-cloud_kb_rag,3.059972047805786,25.92,0,0,"{
""Persons"": [""Anne Gazeau-Secret"", ""Antoine Lahad"", ""Jacques Chirac"", ""Emile Lahoud"", ""Ehud Barak"", ""Hafed El Asad"", ""Kofi Annan""],
""Organizations"": [""Ministerio francés de Asuntos Exteriores"", ""Ejército del Sur del Líbano"", ""ESL"", ""Ejército israelí"", ""Hizbulá"", ""Palacio del Elíseo"", ""ONU"", ""Consejo de Seguridad"", ""Fuerza Interina de Naciones Unidas en el Líbano"", ""FINUL"", ""Le Figaro""],
""Locations"": [""Francia"", ""Israel"", ""Líbano"", ""París"", ""Tel Aviv"", ""Siria"", ""Oriente Medio""]
}",direct_json,0.84,0.6176470588235294,0.711864406779661,0.0,0,7.3,16.9,39.2,714.7,714.8,24779.9,79.9,25448.8,0.0,"{'timestamp': '2026-09-15T21:38:40.464712+00:00', 'model_version': 'gemma4:31b-cloud', 'prompt_hash': 'a6af280e'}"
19,real_mixed_99,gemma4:31b-cloud_kb_rag,3.0416998863220215,8.12,0,0,"{
""Persons"": [""José Luis Díez"", ""Francisco Muñoz""],
""Organizations"": [""Asamblea de Extremadura"", ""FECSUR""],
""Locations"": [""Mérida"", ""Montijo"", ""Badajoz"", ""Azuaga"", ""Extremadura""]
}",direct_json,0.6666666666666666,1.0,0.8,0.0,0,6.4,16.9,38.9,714.7,714.7,24777.2,79.9,25448.8,0.0,"{'timestamp': '2026-09-15T21:38:41.444796+00:00', 'model_version': 'gemma4:31b-cloud', 'prompt_hash': 'a6af280e'}"
19,real_mixed_100,gemma4:31b-cloud_kb_rag,2.04716420173645,21.59,0,0,"{
""Persons"": [],
""Organizations"": [""Hizbulá"", ""Partido de Dios"", ""Amal"", ""Esperanza"", ""ESL"", ""Ejército libanés""],
""Locations"": [""Beaufort"", ""Líbano"", ""La Bekaa"", ""Maryayun"", ""Hasbaya"", ""Chebaa"", ""Israel"", ""Golán"", ""Bent Jebel"", ""Ain Ebel"", ""Debel"", ""Rmeich"", ""Aalma Achab"", ""Al Kuazah""]
}",direct_json,0.95,0.9047619047619048,0.9268292682926829,0.0,0,7.7,19.8,33.4,714.6,714.6,24682.2,79.7,25448.8,0.0,"{'timestamp': '2026-09-15T21:38:42.631251+00:00', 'model_version': 'gemma4:31b-cloud', 'prompt_hash': 'a6af280e'}"
20,real_mixed_101,gemma4:31b-cloud_kb_rag,1.52199387550354,20.5,0,0,"{
""Persons"": [""Margarita Robles"", ""Pinochet""],
""Organizations"": [""Audiencia Nacional"", ""Forum Deusto"", ""Estado de Interior"", ""Universidad de Deusto"", ""Iglesia católica""],
""Locations"": [""Bilbao"", ""España"", ""Buenos Aires""]
}",direct_json,0.7,0.5833333333333334,0.6363636363636365,0.0,0,11.3,18.7,127.3,714.9,715.1,24692.0,79.8,25448.8,0.0,"{'timestamp': '2026-09-15T21:38:43.786747+00:00', 'model_version': 'gemma4:31b-cloud', 'prompt_hash': 'a6af280e'}"
20,real_mixed_102,gemma4:31b-cloud_kb_rag,2.0418779850006104,3.82,0,0,"{""Persons"": [], ""Organizations"": [], ""Locations"": [""Cantabria""]}",direct_json,1.0,1.0,1.0,0.0,0,10.6,23.7,65.0,714.9,715.1,24684.9,79.8,25448.8,0.0,"{'timestamp': '2026-09-15T21:38:44.294781+00:00', 'model_version': 'gemma4:31b-cloud', 'prompt_hash': 'a6af280e'}"
20,real_mixed_103,gemma4:31b-cloud_kb_rag,2.031107187271118,5.12,0,0,"{""Persons"": [], ""Organizations"": [], ""Locations"": [""Mallorca"", ""Andalucía"", ""Canarias""]}",direct_json,1.0,1.0,1.0,0.0,0,31.0,71.4,45.0,715.1,715.2,24613.0,79.5,25448.8,0.0,"{'timestamp': '2026-09-15T21:38:45.926015+00:00', 'model_version': 'gemma4:31b-cloud', 'prompt_hash': 'a6af280e'}"
20,real_mixed_104,gemma4:31b-cloud_kb_rag,2.027127981185913,18.6,0,0,"{
""Persons"": [""José Antonio Camacho"", ""Francisco Roig""],
""Organizations"": [""Hizbulá"", ""Amal"", ""Ejército"", ""EFE"", ""Real Madrid"", ""Valencia""],
""Locations"": [""Jerusalén"", ""Karkum"", ""Galilea"", ""Israel"", ""París"", ""Vigo"", ""Saint Denis"", ""La Toja"", ""Holanda"", ""Bélgica""]
}",direct_json,0.9444444444444444,0.8095238095238095,0.8717948717948718,0.0,0,7.2,14.9,65.3,715.1,715.1,24611.2,79.5,25448.8,0.0,"{'timestamp': '2026-09-15T21:38:46.465727+00:00', 'model_version': 'gemma4:31b-cloud', 'prompt_hash': 'a6af280e'}"
20,real_mixed_105,gemma4:31b-cloud_kb_rag,2.0338008403778076,21.73,0,0,"{
""Persons"": [""M. A."", ""K. B."", ""O. S"", ""J. L. C. C."", ""Ramón Rabanera""],
""Organizations"": [""Policía Municipal"", ""Efe"", ""fundación de la catedral de Santa María"", ""Diputación alavesa"", ""Consejo de Diputados""],
""Locations"": [""Tetuán"", ""Vitoria""]
}",direct_json,0.8333333333333334,0.6666666666666666,0.7407407407407408,0.0,0,8.9,21.5,44.2,715.1,715.1,24694.0,79.8,25448.8,0.0,"{'timestamp': '2026-09-15T21:38:48.092340+00:00', 'model_version': 'gemma4:31b-cloud', 'prompt_hash': 'a6af280e'}"
21,real_mixed_106,gemma4:31b-cloud_kb_rag,2.566225051879883,5.07,0,0,"{
""Persons"": [],
""Organizations"": [""EFECOM"", ""Lico Corporación""],
""Locations"": [""Madrid""]
}",direct_json,1.0,1.0,1.0,0.0,0,22.4,54.5,47.6,715.1,715.2,24644.3,79.6,25448.8,0.0,"{'timestamp': '2026-09-15T21:38:45.430898+00:00', 'model_version': 'gemma4:31b-cloud', 'prompt_hash': 'a6af280e'}"
21,real_mixed_107,gemma4:31b-cloud_kb_rag,2.570406913757324,20.74,0,0,"{
""Persons"": [""Bill Twehway"", ""Charles MacArthur D. Gull"", ""Peter Twehway"", ""Christian D. Brownell"", ""Sidiki Fofana"", ""Kanio Bai Gbala"", ""Zarylee Gbala""],
""Organizations"": [""Liberia Anti-Corruption Commission"", ""National Port Authority"", ""FrontPageAfrica"", ""Creative Developers Inc."", ""Global Tracking Management Service""],
""Locations"": [""MONROVIA"", ""Port of Buchanan""]
}",direct_json,0.8571428571428571,0.8571428571428571,0.8571428571428571,0.0,0,22.3,54.5,72.8,715.1,715.2,24644.3,79.6,25448.8,0.0,"{'timestamp': '2026-09-15T21:38:45.427821+00:00', 'model_version': 'gemma4:31b-cloud', 'prompt_hash': 'a6af280e'}"
21,real_mixed_108,gemma4:31b-cloud_kb_rag,1.532660961151123,27.99,0,0,"{
""Persons"": [""Valledor""],
""Organizations"": [""Gobierno"", ""Agencia de Desarrollo Rural"", ""EFE"", ""Dow Jones de Industriales"", ""Nasdaq"", ""SS&P500"", ""New York Stock Exchange"", ""Tesoro estadounidense"", ""Reserva Federal""],
""Locations"": [""Principado"", ""Nueva York"", ""Wall Street"", ""Estados Unidos""]
}",direct_json,0.5,0.875,0.6363636363636364,0.0,0,7.2,21.5,113.0,715.1,715.2,24612.3,79.6,25448.8,0.0,"{'timestamp': '2026-09-15T21:38:47.159075+00:00', 'model_version': 'gemma4:31b-cloud', 'prompt_hash': 'a6af280e'}"
21,real_mixed_109,gemma4:31b-cloud_kb_rag,2.031324863433838,28.8,0,0,"{
""Persons"": [""Joaquín Almunia"", ""Amparo Rubiales"", ""José Antonio Labordeta"", ""Carmen Alborch"", ""Esteban González Pons"", ""Alfonso Guerra"", ""José Borrell"", ""José María Aznar"", ""Jacques Chirac"", ""Lionel Jospin""],
""Organizations"": [""PSOE"", ""Congreso"", ""Chunta Aragonesista"", ""PP"", ""Senado"", ""EFE"", ""Gobierno"", ""gabinetes""],
""Locations"": [""Bilbao"", ""Valencia"", ""Zaragoza"", ""París"", ""Santander"", ""España"", ""Francia"", ""Pirineo""]
}",direct_json,0.8461538461538461,0.7586206896551724,0.8,0.0,0,8.9,21.5,44.9,715.1,715.1,24651.7,79.7,25448.8,0.0,"{'timestamp': '2026-09-15T21:38:47.683043+00:00', 'model_version': 'gemma4:31b-cloud', 'prompt_hash': 'a6af280e'}"
21,real_mixed_110,gemma4:31b-cloud_kb_rag,1.5400090217590332,43.05,0,0,"{
""Persons"": [""Feliciano Echarte Azcárate"", ""Manuel Ariztia Cestona"", ""Feliciano Echarte"", ""Manuel Ariztia"", ""Matías Echarte Azcárate"", ""Nieves Daguerre Goñi"", ""Juan José Mayora Apeceche"", ""Nieves Daguerre"", ""José Mayora""],
""Organizations"": [""Audiencia Provincial de Navarra"", ""Juzgado de Paz de Elizondo"", ""Guardia Civil"", ""Juzgado de Instrucción de Pamplona"", ""Ministerio Público""],
""Locations"": [""Pamplona"", ""Navarra"", ""Garzain"", ""Elizondo""]
}",direct_json,0.7777777777777778,0.5833333333333334,0.6666666666666666,0.0,0,10.8,18.0,82.0,715.1,715.3,24744.2,79.8,25448.8,0.0,"{'timestamp': '2026-09-15T21:38:48.840474+00:00', 'model_version': 'gemma4:31b-cloud', 'prompt_hash': 'a6af280e'}"
22,real_mixed_111,gemma4:31b-cloud_kb_rag,1.0332722663879395,76.75,0,0,"{
""Persons"": [""Iker Casillas"", ""Michel Salgado"", ""Karanka"", ""Iván Campo"", ""Helguera"", ""Roberto Carlos"", ""McManaman"", ""Redondo"", ""Raúl"", ""Anelka"", ""Morientes"", ""Cañizares"", ""Angloma"", ""Pellegrino"", ""Djukic"", ""Gerardo"", ""Mendieta"", ""Farinós"", ""Gerard"", ""Kily González"", ""Angulo"", ""Piojo López"", ""Stefano Braschi"", ""Esteban Murillo Zubiri"", ""Benk Korthals""],
""Organizations"": [""Real Madrid"", ""Valencia CF"", ""EFE"", ""ETA"", ""Tribunal del Distrito de La Haya""],
""Locations"": [""Italia"", ""Estadio de Francia"", ""Saint Denis"", ""La Haya"", ""España""]
}",direct_json,0.9428571428571428,0.9705882352941176,0.9565217391304348,0.0,0,8.0,15.9,123.8,715.1,715.1,24693.1,79.7,25448.8,0.0,"{'timestamp': '2026-09-15T21:38:49.382365+00:00', 'model_version': 'gemma4:31b-cloud', 'prompt_hash': 'a6af280e'}"
22,real_mixed_112,gemma4:31b-cloud_kb_rag,1.5366661548614502,23.69,0,0,"{
""Persons"": [""Isabel dos Santos"", ""Jose Eduardo dos Santos""],
""Organizations"": [""Angola's national oil company"", ""Exem Energy BV"", ""Chamber of Companies"", ""Amsterdam Court of Appeal""],
""Locations"": [""Angola"", ""Africa""]
}",direct_json,0.625,0.625,0.625,0.0,0,11.3,18.1,63.2,715.1,715.2,24746.5,79.8,25448.8,0.0,"{'timestamp': '2026-09-15T21:38:49.856660+00:00', 'model_version': 'gemma4:31b-cloud', 'prompt_hash': 'a6af280e'}"
22,real_mixed_113,gemma4:31b-cloud_kb_rag,11.12233018875122,2.45,0,0,"{
""Persons"": [""José Ramón Alvarez Redondo"", ""Ignacio Pérez"", ""Javier Puente""],
""Organizations"": [""UGT"", ""CCOO"", ""Gobierno regional"", ""Consejería"", ""EFE""],
""Locations"": [""Cantabria"", ""París""]
}",direct_json,0.8,0.8,0.8000000000000002,0.0,0,8.2,27.4,12.9,715.2,715.3,24710.5,79.9,25448.8,0.0,"{'timestamp': '2026-09-15T21:39:00.617632+00:00', 'model_version': 'gemma4:31b-cloud', 'prompt_hash': 'a6af280e'}"
22,real_mixed_114,gemma4:31b-cloud_kb_rag,11.651079177856445,2.68,0,0,"{
""Persons"": [""Alvarez Areces"", ""Corín Tellado"", ""Paz Fernandez Felgueroso"", ""Charles"", ""John""],
""Organizations"": [""EFE"", ""OTAN"", ""UE""],
""Locations"": [""Gijón"", ""Cuba"", ""España"", ""Iberoamerica"", ""Viavelez"", ""Florencia"", ""Italia""]
}",direct_json,0.8,0.8,0.8000000000000002,0.0,0,6.4,20.7,12.7,715.2,715.3,24713.0,79.9,25448.8,0.0,"{'timestamp': '2026-09-15T21:39:01.620702+00:00', 'model_version': 'gemma4:31b-cloud', 'prompt_hash': 'a6af280e'}"
22,real_mixed_115,gemma4:31b-cloud_kb_rag,3.048790216445923,8.53,0,0,"{
""Persons"": [""Bill Twehway"", ""Bill Teah TWEHWAY""],
""Organizations"": [""National Port Authority"", ""Creative Developers Inc""],
""Locations"": [""River Cess Town"", ""Liberia""]
}",direct_json,0.6666666666666666,1.0,0.8,0.0,0,6.8,18.7,30.1,715.2,715.2,24733.1,80.1,25448.8,0.0,"{'timestamp': '2026-09-15T21:39:03.773753+00:00', 'model_version': 'gemma4:31b-cloud', 'prompt_hash': 'a6af280e'}"
23,real_mixed_116,gemma4:31b-cloud_kb_rag,9.114218950271606,1.43,0,0,"{
""Persons"": [""Clara"", ""Rulfo""],
""Organizations"": [],
""Locations"": [""Guadalajara"", ""Finlandia""]
}",direct_json,1.0,1.0,1.0,0.0,0,6.8,20.7,19.2,715.2,715.3,24701.6,79.8,25448.8,0.0,"{'timestamp': '2026-09-15T21:38:58.213250+00:00', 'model_version': 'gemma4:31b-cloud', 'prompt_hash': 'a6af280e'}"
23,real_mixed_117,gemma4:31b-cloud_kb_rag,10.667840003967285,11.94,0,0,"{
""Persons"": [""Alfonso Zamora""],
""Organizations"": [
""Subdelegación del Gobierno"",
""Estación de Clasificación Descontaminación"",
""Protección Civil"",
""Plan de Emergencia Nuclear de Burgos"",
""EFE"",
""Feria Provincial de Cooperativas del Campo de Cuenca"",
""Diputación Provincial"",
""Patronato de Promoción Económica Turismo de la Diputación de Cuenca"",
""consejos reguladores de la denominación de origen de vinos \""La Mancha\"""",
""consejos reguladores de la denominación de origen del \""Queso Manchego\"""",
""Asociación \""Pro Denominación de Origen de Vinos de La Manchuela\"""",
""Caja Rural de Cuenca""
],
""Locations"": [
""Burgos"",
""Miranda de Ebro"",
""Polideportivo Municipal de Anduva"",
""Cuenca"",
""La Hípica"",
""Tarancón"",
""La Mancha"",
""La Manchuela""
]
}",direct_json,0.5714285714285714,0.8571428571428571,0.6857142857142857,0.0,0,6.4,20.7,10.2,715.2,715.3,24708.0,79.8,25448.8,0.0,"{'timestamp': '2026-09-15T21:38:59.787521+00:00', 'model_version': 'gemma4:31b-cloud', 'prompt_hash': 'a6af280e'}"
23,real_mixed_118,gemma4:31b-cloud_kb_rag,4.08787202835083,4.45,0,0,"{
""Persons"": [""Mulet""],
""Organizations"": [""UGT"", ""UFP"", ""PP"", ""Guardia Civil""],
""Locations"": [""Ciutadella"", ""Menorca"", ""Baleares""]
}",direct_json,1.0,1.0,1.0,0.0,0,6.3,18.7,29.2,715.2,715.2,24727.8,80.0,25448.8,0.0,"{'timestamp': '2026-09-15T21:39:02.422064+00:00', 'model_version': 'gemma4:31b-cloud', 'prompt_hash': 'a6af280e'}"
23,real_mixed_119,gemma4:31b-cloud_kb_rag,3.5574400424957275,10.23,0,0,"{
""Persons"": [""Rafael de Valenzuela Teresa"", ""Al Sayed Abulnaga Al Saftawi""],
""Organizations"": [""EFE"", ""Región Militar Pirenaica"", ""Región Militar Pirinaica"", ""Policía""],
""Locations"": [""Bosque"", ""Fuente Alta"", ""Barcelona"", ""El Cairo""]
}",direct_json,0.7,0.875,0.7777777777777777,0.0,0,7.2,18.7,34.1,715.1,715.2,24757.5,80.1,25448.8,0.0,"{'timestamp': '2026-09-15T21:39:03.464395+00:00', 'model_version': 'gemma4:31b-cloud', 'prompt_hash': 'a6af280e'}"
23,real_mixed_120,gemma4:31b-cloud_kb_rag,2.0453600883483887,13.98,0,0,"{
""Persons"": [""Borrini"", ""Ferdinand Piech""],
""Organizations"": [""Volkswagen"", ""Bugatti"", ""EFE"", ""Canal Sur Televisión""],
""Locations"": [""La Rioja"", ""Fráncfort"", ""RFA"", ""Wolfsburg"", ""Molsheim"", ""Alsacia"", ""Sevilla""]
}",direct_json,0.9230769230769231,1.0,0.9600000000000001,0.0,0,5.6,12.7,30.9,715.1,715.2,24786.0,80.2,25448.8,0.0,"{'timestamp': '2026-09-15T21:39:04.592044+00:00', 'model_version': 'gemma4:31b-cloud', 'prompt_hash': 'a6af280e'}"
