batch_idx,record_id,model,latency_sec,tokens_per_sec,retries,parse_method,precision,recall,f1,hallucination_rate,hallucinated_count,cpu_avg_pct,cpu_peak_pct,proc_cpu_avg_pct,mem_avg_mb,mem_peak_mb,sys_mem_avg_mb,sys_mem_avg_pct,vram_mb,model_disk_mb,data_provenance
4,13,gemma4:31b-cloud_baseline,2.5332159996032715,35.41,0,direct_json,0.520000,0.928571,0.666667,0.0,0,35.1,100.0,95.9,197.3,198.7,18106.8,45.6,0.0,0.0,"{'timestamp': '2026-07-27T13:24:05.075189+00:00', 'model_version': 'gemma4:31b-cloud', 'prompt_hash': 'a6af280e'}"
4,14,gemma4:31b-cloud_baseline,0.0,0.0,2,failed,0.000000,0.000000,0.000000,0.0,0,0.0,0.0,0.0,0.0,0.0,0.0,0.0,0.0,0.0,"{'timestamp': '2026-07-27T13:24:07.650110+00:00', 'model_version': 'gemma4:31b-cloud', 'prompt_hash': 'a6af280e'}"
4,15,gemma4:31b-cloud_baseline,0.0,0.0,2,failed,0.000000,0.000000,0.000000,0.0,0,0.0,0.0,0.0,0.0,0.0,0.0,0.0,0.0,0.0,"{'timestamp': '2026-07-27T13:24:07.676404+00:00', 'model_version': 'gemma4:31b-cloud', 'prompt_hash': 'a6af280e'}"
0,1,gemma4:31b-cloud_baseline,0.0,0.0,2,failed,0.000000,0.000000,0.000000,0.0,0,0.0,0.0,0.0,0.0,0.0,0.0,0.0,0.0,0.0,"{'timestamp': '2026-07-27T13:24:07.672523+00:00', 'model_version': 'gemma4:31b-cloud', 'prompt_hash': 'a6af280e'}"
0,2,gemma4:31b-cloud_baseline,0.0,0.0,2,failed,0.000000,0.000000,0.000000,0.0,0,0.0,0.0,0.0,0.0,0.0,0.0,0.0,0.0,0.0,"{'timestamp': '2026-07-27T13:24:07.684570+00:00', 'model_version': 'gemma4:31b-cloud', 'prompt_hash': 'a6af280e'}"
0,3,gemma4:31b-cloud_baseline,5.0578391551971436,26.47,0,direct_json,0.636364,0.777778,0.700000,0.0,0,9.1,26.2,12.8,198.8,199.2,18087.6,45.5,0.0,0.0,"{'timestamp': '2026-07-27T13:24:07.626346+00:00', 'model_version': 'gemma4:31b-cloud', 'prompt_hash': 'a6af280e'}"
3,10,gemma4:31b-cloud_baseline,6.555012941360474,12.69,0,direct_json,0.769231,0.909091,0.833333,0.0,0,19.6,50.0,37.9,198.6,199.4,18128.0,45.6,0.0,0.0,"{'timestamp': '2026-07-27T13:24:09.095672+00:00', 'model_version': 'gemma4:31b-cloud', 'prompt_hash': 'a6af280e'}"
3,11,gemma4:31b-cloud_baseline,10.581394910812378,14.99,0,direct_json,0.512821,0.714286,0.597015,0.0,0,21.7,50.0,13.3,198.8,199.4,18163.4,45.7,0.0,0.0,"{'timestamp': '2026-07-27T13:24:13.144640+00:00', 'model_version': 'gemma4:31b-cloud', 'prompt_hash': 'a6af280e'}"
3,12,gemma4:31b-cloud_baseline,12.103841066360474,12.57,0,direct_json,0.605263,0.920000,0.730159,0.0,0,19.1,34.6,11.8,198.9,199.4,18191.5,45.7,0.0,0.0,"{'timestamp': '2026-07-27T13:24:14.661708+00:00', 'model_version': 'gemma4:31b-cloud', 'prompt_hash': 'a6af280e'}"
1,4,gemma4:31b-cloud_baseline,11.618726968765259,7.61,1,direct_json,0.620690,1.000000,0.765957,0.0,0,19.0,33.1,7.6,199.0,199.3,18233.3,45.8,0.0,0.0,"{'timestamp': '2026-07-27T13:24:16.187666+00:00', 'model_version': 'gemma4:31b-cloud', 'prompt_hash': 'a6af280e'}"
1,5,gemma4:31b-cloud_baseline,0.0,0.0,2,failed,0.000000,0.000000,0.000000,0.0,0,0.0,0.0,0.0,0.0,0.0,0.0,0.0,0.0,0.0,"{'timestamp': '2026-07-27T13:24:07.663505+00:00', 'model_version': 'gemma4:31b-cloud', 'prompt_hash': 'a6af280e'}"
1,6,gemma4:31b-cloud_baseline,7.052729845046997,4.24,0,direct_json,0.333333,1.000000,0.500000,0.0,0,15.1,33.3,15.4,198.9,199.4,18132.5,45.6,0.0,0.0,"{'timestamp': '2026-07-27T13:24:09.582024+00:00', 'model_version': 'gemma4:31b-cloud', 'prompt_hash': 'a6af280e'}"
2,7,gemma4:31b-cloud_baseline,10.106939315795898,5.79,0,direct_json,0.428571,0.600000,0.500000,0.0,0,19.2,40.0,25.4,198.7,199.4,18154.5,45.6,0.0,0.0,"{'timestamp': '2026-07-27T13:24:12.636622+00:00', 'model_version': 'gemma4:31b-cloud', 'prompt_hash': 'a6af280e'}"
2,8,gemma4:31b-cloud_baseline,15.631976842880249,2.16,2,direct_json,0.500000,1.000000,0.666667,0.0,0,22.8,33.1,5.3,198.9,199.3,18426.2,46.1,0.0,0.0,"{'timestamp': '2026-07-27T13:24:22.727986+00:00', 'model_version': 'gemma4:31b-cloud', 'prompt_hash': 'a6af280e'}"
2,9,gemma4:31b-cloud_baseline,0.0,0.0,2,failed,0.000000,0.000000,0.000000,0.0,0,0.0,0.0,0.0,0.0,0.0,0.0,0.0,0.0,0.0,"{'timestamp': '2026-07-27T13:24:07.657949+00:00', 'model_version': 'gemma4:31b-cloud', 'prompt_hash': 'a6af280e'}"
2,7,gemma4:31b-cloud_rag_enhanced,2.530348062515259,26.2,0,direct_json,0.571429,0.800000,0.666667,0.0,0,27.7,63.2,119.5,731.2,742.0,19225.7,47.6,0.0,0.0,"{'timestamp': '2026-07-27T13:24:25.713473+00:00', 'model_version': 'gemma4:31b-cloud', 'prompt_hash': 'a6af280e'}"
2,8,gemma4:31b-cloud_rag_enhanced,0.0,0.0,2,failed,0.000000,0.000000,0.000000,0.0,0,0.0,0.0,0.0,0.0,0.0,0.0,0.0,0.0,0.0,"{'timestamp': '2026-07-27T13:24:28.075199+00:00', 'model_version': 'gemma4:31b-cloud', 'prompt_hash': 'a6af280e'}"
2,9,gemma4:31b-cloud_rag_enhanced,0.0,0.0,2,failed,0.000000,0.000000,0.000000,0.0,0,0.0,0.0,0.0,0.0,0.0,0.0,0.0,0.0,0.0,"{'timestamp': '2026-07-27T13:24:28.090296+00:00', 'model_version': 'gemma4:31b-cloud', 'prompt_hash': 'a6af280e'}"
0,1,gemma4:31b-cloud_rag_enhanced,3.057497978210449,43.79,0,direct_json,0.542857,0.904762,0.678571,0.0,0,27.2,69.4,111.2,734.5,765.1,19306.7,47.8,0.0,0.0,"{'timestamp': '2026-07-27T13:24:26.349700+00:00', 'model_version': 'gemma4:31b-cloud', 'prompt_hash': 'a6af280e'}"
0,2,gemma4:31b-cloud_rag_enhanced,7.594668865203857,9.76,0,direct_json,0.625000,0.769231,0.689655,0.0,0,20.2,39.7,48.5,728.7,771.2,19353.4,47.9,0.0,0.0,"{'timestamp': '2026-07-27T13:24:31.000632+00:00', 'model_version': 'gemma4:31b-cloud', 'prompt_hash': 'a6af280e'}"
0,3,gemma4:31b-cloud_rag_enhanced,5.0728960037231445,29.98,0,direct_json,0.705882,0.888889,0.786885,0.0,0,28.1,68.3,65.7,732.4,768.1,19330.7,47.8,0.0,0.0,"{'timestamp': '2026-07-27T13:24:28.451824+00:00', 'model_version': 'gemma4:31b-cloud', 'prompt_hash': 'a6af280e'}"
3,10,gemma4:31b-cloud_rag_enhanced,9.615646123886108,8.65,0,direct_json,0.769231,0.909091,0.833333,0.0,0,20.0,46.6,28.5,723.5,728.7,19371.2,47.9,0.0,0.0,"{'timestamp': '2026-07-27T13:24:33.093856+00:00', 'model_version': 'gemma4:31b-cloud', 'prompt_hash': 'a6af280e'}"
3,11,gemma4:31b-cloud_rag_enhanced,0.0,0.0,2,failed,0.000000,0.000000,0.000000,0.0,0,0.0,0.0,0.0,0.0,0.0,0.0,0.0,0.0,0.0,"{'timestamp': '2026-07-27T13:24:28.123081+00:00', 'model_version': 'gemma4:31b-cloud', 'prompt_hash': 'a6af280e'}"
3,12,gemma4:31b-cloud_rag_enhanced,8.570894956588745,17.75,2,direct_json,0.605263,0.920000,0.730159,0.0,0,21.3,50.0,8.7,717.1,728.7,19464.8,48.1,0.0,0.0,"{'timestamp': '2026-07-27T13:24:36.123817+00:00', 'model_version': 'gemma4:31b-cloud', 'prompt_hash': 'a6af280e'}"
1,4,gemma4:31b-cloud_rag_enhanced,0.0,0.0,2,failed,0.000000,0.000000,0.000000,0.0,0,0.0,0.0,0.0,0.0,0.0,0.0,0.0,0.0,0.0,"{'timestamp': '2026-07-27T13:24:28.072699+00:00', 'model_version': 'gemma4:31b-cloud', 'prompt_hash': 'a6af280e'}"
1,5,gemma4:31b-cloud_rag_enhanced,0.0,0.0,2,failed,0.000000,0.000000,0.000000,0.0,0,0.0,0.0,0.0,0.0,0.0,0.0,0.0,0.0,0.0,"{'timestamp': '2026-07-27T13:24:28.080295+00:00', 'model_version': 'gemma4:31b-cloud', 'prompt_hash': 'a6af280e'}"
1,6,gemma4:31b-cloud_rag_enhanced,77.60474681854248,0.32,2,direct_json,0.400000,1.000000,0.571429,0.0,0,20.2,75.7,1.2,706.4,728.6,20530.2,49.7,0.0,0.0,"{'timestamp': '2026-07-27T13:25:45.127654+00:00', 'model_version': 'gemma4:31b-cloud', 'prompt_hash': 'a6af280e'}"
4,13,gemma4:31b-cloud_rag_enhanced,7.580343961715698,10.98,0,direct_json,0.560000,1.000000,0.717949,0.0,0,20.2,39.7,13.0,728.7,771.2,19353.4,47.9,0.0,0.0,"{'timestamp': '2026-07-27T13:24:31.014725+00:00', 'model_version': 'gemma4:31b-cloud', 'prompt_hash': 'a6af280e'}"
4,14,gemma4:31b-cloud_rag_enhanced,103.31979370117188,0.58,0,direct_json,0.611111,0.916667,0.733333,0.0,0,21.6,73.3,3.8,677.5,772.8,20648.8,49.9,0.0,0.0,"{'timestamp': '2026-07-27T13:26:06.772375+00:00', 'model_version': 'gemma4:31b-cloud', 'prompt_hash': 'a6af280e'}"
4,15,gemma4:31b-cloud_rag_enhanced,0.0,0.0,2,failed,0.000000,0.000000,0.000000,0.0,0,0.0,0.0,0.0,0.0,0.0,0.0,0.0,0.0,0.0,"{'timestamp': '2026-07-27T13:24:28.106130+00:00', 'model_version': 'gemma4:31b-cloud', 'prompt_hash': 'a6af280e'}"
0,1,minimax-m3:cloud_baseline,0.0,0.0,2,failed,0.000000,0.000000,0.000000,0.0,0,0.0,0.0,0.0,0.0,0.0,0.0,0.0,0.0,0.0,"{'timestamp': '2026-07-27T13:26:13.586037+00:00', 'model_version': 'minimax-m3:cloud', 'prompt_hash': 'a6af280e'}"
0,2,minimax-m3:cloud_baseline,0.0,0.0,2,failed,0.000000,0.000000,0.000000,0.0,0,0.0,0.0,0.0,0.0,0.0,0.0,0.0,0.0,0.0,"{'timestamp': '2026-07-27T13:26:13.624055+00:00', 'model_version': 'minimax-m3:cloud', 'prompt_hash': 'a6af280e'}"
0,3,minimax-m3:cloud_baseline,0.0,0.0,2,failed,0.000000,0.000000,0.000000,0.0,0,0.0,0.0,0.0,0.0,0.0,0.0,0.0,0.0,0.0,"{'timestamp': '2026-07-27T13:26:13.616074+00:00', 'model_version': 'minimax-m3:cloud', 'prompt_hash': 'a6af280e'}"
4,13,minimax-m3:cloud_baseline,18.64920997619629,4.39,0,direct_json,0.521739,0.857143,0.648649,0.0,0,16.7,28.3,4.8,430.5,457.1,21863.9,52.4,0.0,0.0,"{'timestamp': '2026-07-27T13:26:27.648863+00:00', 'model_version': 'minimax-m3:cloud', 'prompt_hash': 'a6af280e'}"
4,14,minimax-m3:cloud_baseline,0.0,0.0,2,failed,0.000000,0.000000,0.000000,0.0,0,0.0,0.0,0.0,0.0,0.0,0.0,0.0,0.0,0.0,"{'timestamp': '2026-07-27T13:26:13.597097+00:00', 'model_version': 'minimax-m3:cloud', 'prompt_hash': 'a6af280e'}"
4,15,minimax-m3:cloud_baseline,0.0,0.0,2,failed,0.000000,0.000000,0.000000,0.0,0,0.0,0.0,0.0,0.0,0.0,0.0,0.0,0.0,0.0,"{'timestamp': '2026-07-27T13:26:13.640576+00:00', 'model_version': 'minimax-m3:cloud', 'prompt_hash': 'a6af280e'}"
2,7,minimax-m3:cloud_baseline,27.699960231781006,2.16,0,direct_json,0.461538,0.600000,0.521739,0.0,0,19.1,50.0,3.5,412.6,457.1,21852.4,52.4,0.0,0.0,"{'timestamp': '2026-07-27T13:26:36.687939+00:00', 'model_version': 'minimax-m3:cloud', 'prompt_hash': 'a6af280e'}"
2,8,minimax-m3:cloud_baseline,0.0,0.0,2,failed,0.000000,0.000000,0.000000,0.0,0,0.0,0.0,0.0,0.0,0.0,0.0,0.0,0.0,0.0,"{'timestamp': '2026-07-27T13:26:13.575498+00:00', 'model_version': 'minimax-m3:cloud', 'prompt_hash': 'a6af280e'}"
2,9,minimax-m3:cloud_baseline,0.0,0.0,2,failed,0.000000,0.000000,0.000000,0.0,0,0.0,0.0,0.0,0.0,0.0,0.0,0.0,0.0,0.0,"{'timestamp': '2026-07-27T13:26:13.630059+00:00', 'model_version': 'minimax-m3:cloud', 'prompt_hash': 'a6af280e'}"
1,4,minimax-m3:cloud_baseline,35.24624681472778,0.0,0,fallback,0.000000,0.000000,0.000000,0.0,0,20.5,75.0,6.7,404.7,457.1,21846.2,52.3,0.0,0.0,"{'timestamp': '2026-07-27T13:26:44.237861+00:00', 'model_version': 'minimax-m3:cloud', 'prompt_hash': 'a6af280e'}"
1,5,minimax-m3:cloud_baseline,5.549175024032593,5.62,0,direct_json,0.375000,0.600000,0.461538,0.0,0,26.6,66.7,41.4,456.6,457.1,21707.7,52.0,0.0,0.0,"{'timestamp': '2026-07-27T13:26:14.531611+00:00', 'model_version': 'minimax-m3:cloud', 'prompt_hash': 'a6af280e'}"
1,6,minimax-m3:cloud_baseline,0.0,0.0,2,failed,0.000000,0.000000,0.000000,0.0,0,0.0,0.0,0.0,0.0,0.0,0.0,0.0,0.0,0.0,"{'timestamp': '2026-07-27T13:26:13.630463+00:00', 'model_version': 'minimax-m3:cloud', 'prompt_hash': 'a6af280e'}"
3,10,minimax-m3:cloud_baseline,12.602075815200806,6.19,0,direct_json,0.791667,0.904762,0.844444,0.0,0,17.2,28.4,12.7,456.7,457.1,21820.4,52.3,0.0,0.0,"{'timestamp': '2026-07-27T13:26:21.596300+00:00', 'model_version': 'minimax-m3:cloud', 'prompt_hash': 'a6af280e'}"
3,11,minimax-m3:cloud_baseline,40.84440493583679,4.46,0,direct_json,0.444444,0.689655,0.540541,0.0,0,17.8,35.0,7.1,400.7,457.1,21839.5,52.3,0.0,0.0,"{'timestamp': '2026-07-27T13:26:49.873256+00:00', 'model_version': 'minimax-m3:cloud', 'prompt_hash': 'a6af280e'}"
3,12,minimax-m3:cloud_baseline,0.0,0.0,2,failed,0.000000,0.000000,0.000000,0.0,0,0.0,0.0,0.0,0.0,0.0,0.0,0.0,0.0,0.0,"{'timestamp': '2026-07-27T13:26:13.657526+00:00', 'model_version': 'minimax-m3:cloud', 'prompt_hash': 'a6af280e'}"
1,4,minimax-m3:cloud_rag_enhanced,12.631930112838745,6.59,0,direct_json,0.629630,0.944444,0.755556,0.0,0,12.8,33.3,7.1,796.9,819.9,22363.4,53.3,0.0,0.0,"{'timestamp': '2026-07-27T13:27:03.136361+00:00', 'model_version': 'minimax-m3:cloud', 'prompt_hash': 'a6af280e'}"
1,5,minimax-m3:cloud_rag_enhanced,0.0,0.0,2,failed,0.000000,0.000000,0.000000,0.0,0,0.0,0.0,0.0,0.0,0.0,0.0,0.0,0.0,0.0,"{'timestamp': '2026-07-27T13:26:55.181484+00:00', 'model_version': 'minimax-m3:cloud', 'prompt_hash': 'a6af280e'}"
1,6,minimax-m3:cloud_rag_enhanced,0.0,0.0,2,failed,0.000000,0.000000,0.000000,0.0,0,0.0,0.0,0.0,0.0,0.0,0.0,0.0,0.0,0.0,"{'timestamp': '2026-07-27T13:26:55.092347+00:00', 'model_version': 'minimax-m3:cloud', 'prompt_hash': 'a6af280e'}"
2,7,minimax-m3:cloud_rag_enhanced,15.128581762313843,3.44,0,direct_json,0.583333,0.700000,0.636364,0.0,0,16.5,37.3,138.9,795.7,815.6,22353.8,53.3,0.0,0.0,"{'timestamp': '2026-07-27T13:27:05.617592+00:00', 'model_version': 'minimax-m3:cloud', 'prompt_hash': 'a6af280e'}"
2,8,minimax-m3:cloud_rag_enhanced,2.5415380001068115,9.21,0,direct_json,0.500000,1.000000,0.666667,0.0,0,21.4,53.9,118.6,797.5,803.8,22313.7,53.3,0.0,0.0,"{'timestamp': '2026-07-27T13:26:52.853230+00:00', 'model_version': 'minimax-m3:cloud', 'prompt_hash': 'a6af280e'}"
2,9,minimax-m3:cloud_rag_enhanced,18.655187129974365,2.65,0,direct_json,0.800000,0.923077,0.857143,0.0,0,14.2,33.3,20.1,794.5,819.9,22350.4,53.3,0.0,0.0,"{'timestamp': '2026-07-27T13:27:09.176628+00:00', 'model_version': 'minimax-m3:cloud', 'prompt_hash': 'a6af280e'}"
4,13,minimax-m3:cloud_rag_enhanced,20.16512393951416,3.74,0,direct_json,0.571429,0.857143,0.685714,0.0,0,13.0,34.8,8.3,793.7,821.1,22350.4,53.3,0.0,0.0,"{'timestamp': '2026-07-27T13:27:10.697851+00:00', 'model_version': 'minimax-m3:cloud', 'prompt_hash': 'a6af280e'}"
4,14,minimax-m3:cloud_rag_enhanced,0.0,0.0,2,failed,0.000000,0.000000,0.000000,0.0,0,0.0,0.0,0.0,0.0,0.0,0.0,0.0,0.0,0.0,"{'timestamp': '2026-07-27T13:26:55.178131+00:00', 'model_version': 'minimax-m3:cloud', 'prompt_hash': 'a6af280e'}"
4,15,minimax-m3:cloud_rag_enhanced,0.0,0.0,2,failed,0.000000,0.000000,0.000000,0.0,0,0.0,0.0,0.0,0.0,0.0,0.0,0.0,0.0,0.0,"{'timestamp': '2026-07-27T13:26:55.115876+00:00', 'model_version': 'minimax-m3:cloud', 'prompt_hash': 'a6af280e'}"
3,10,minimax-m3:cloud_rag_enhanced,6.070213794708252,15.21,0,direct_json,0.677419,0.913043,0.777778,0.0,0,21.1,77.8,30.4,797.6,815.6,22338.7,53.3,0.0,0.0,"{'timestamp': '2026-07-27T13:26:56.564334+00:00', 'model_version': 'minimax-m3:cloud', 'prompt_hash': 'a6af280e'}"
3,11,minimax-m3:cloud_rag_enhanced,27.222909927368164,6.69,0,direct_json,0.416667,0.689655,0.519481,0.020833333333333332,1,15.7,46.8,7.7,788.7,820.2,22371.9,53.4,0.0,0.0,"{'timestamp': '2026-07-27T13:27:17.776755+00:00', 'model_version': 'minimax-m3:cloud', 'prompt_hash': 'a6af280e'}"
3,12,minimax-m3:cloud_rag_enhanced,0.0,0.0,2,failed,0.000000,0.000000,0.000000,0.0,0,0.0,0.0,0.0,0.0,0.0,0.0,0.0,0.0,0.0,"{'timestamp': '2026-07-27T13:26:55.156171+00:00', 'model_version': 'minimax-m3:cloud', 'prompt_hash': 'a6af280e'}"
0,1,minimax-m3:cloud_rag_enhanced,36.80609893798828,4.17,2,direct_json,0.542857,0.904762,0.678571,0.0,0,16.7,50.0,2.4,724.9,796.2,22333.4,53.3,0.0,0.0,"{'timestamp': '2026-07-27T13:27:31.384891+00:00', 'model_version': 'minimax-m3:cloud', 'prompt_hash': 'a6af280e'}"
0,2,minimax-m3:cloud_rag_enhanced,0.0,0.0,2,failed,0.000000,0.000000,0.000000,0.0,0,0.0,0.0,0.0,0.0,0.0,0.0,0.0,0.0,0.0,"{'timestamp': '2026-07-27T13:26:55.121734+00:00', 'model_version': 'minimax-m3:cloud', 'prompt_hash': 'a6af280e'}"
0,3,minimax-m3:cloud_rag_enhanced,0.0,0.0,2,failed,0.000000,0.000000,0.000000,0.0,0,0.0,0.0,0.0,0.0,0.0,0.0,0.0,0.0,0.0,"{'timestamp': '2026-07-27T13:26:55.167321+00:00', 'model_version': 'minimax-m3:cloud', 'prompt_hash': 'a6af280e'}"
0,1,gemma4:31b-mlx_baseline,559.4434249401093,25.71,0,direct_json,0.500000,0.809524,0.618182,0.0,0,25.6,100.0,0.5,37.1,454.9,30942.6,79.8,27573.0,17768.0,"{'timestamp': '2026-07-27T13:36:53.051320+00:00', 'model_version': 'gemma4:31b-mlx', 'prompt_hash': 'a6af280e'}"
0,2,gemma4:31b-mlx_baseline,191.64877104759216,23.69,0,direct_json,0.588235,0.769231,0.666667,0.0,0,18.1,100.0,0.6,42.7,454.9,30755.4,77.3,19701.0,17768.0,"{'timestamp': '2026-07-27T13:30:45.264538+00:00', 'model_version': 'gemma4:31b-mlx', 'prompt_hash': 'a6af280e'}"
0,3,gemma4:31b-mlx_baseline,312.4835901260376,25.41,0,direct_json,0.705882,0.888889,0.786885,0.0,0,20.4,100.0,0.6,41.2,454.9,31554.7,76.8,26770.0,17768.0,"{'timestamp': '2026-07-27T13:32:46.115086+00:00', 'model_version': 'gemma4:31b-mlx', 'prompt_hash': 'a6af280e'}"
1,4,gemma4:31b-mlx_baseline,623.2227871417999,15.95,0,direct_json,0.633333,1.000000,0.775510,0.0,0,29.5,100.0,0.8,36.5,454.9,30415.6,80.5,26750.6,17768.0,"{'timestamp': '2026-07-27T13:37:56.821876+00:00', 'model_version': 'gemma4:31b-mlx', 'prompt_hash': 'a6af280e'}"
1,5,gemma4:31b-mlx_baseline,648.0818936824799,20.78,0,direct_json,0.428571,0.600000,0.500000,0.0,0,22.9,100.0,0.9,36.0,454.9,30509.4,80.8,26750.6,17768.0,"{'timestamp': '2026-07-27T13:38:21.673590+00:00', 'model_version': 'gemma4:31b-mlx', 'prompt_hash': 'a6af280e'}"
1,6,gemma4:31b-mlx_baseline,33.428247928619385,19.6,0,direct_json,0.400000,1.000000,0.571429,0.0,0,19.9,63.4,5.5,74.0,454.9,27905.3,81.4,17364.7,17768.0,"{'timestamp': '2026-07-27T13:28:07.031129+00:00', 'model_version': 'gemma4:31b-mlx', 'prompt_hash': 'a6af280e'}"
2,7,gemma4:31b-mlx_baseline,706.3305389881134,22.32,0,direct_json,0.583333,0.700000,0.636364,0.0,0,28.0,100.0,0.6,36.6,454.9,30491.3,80.2,26561.6,17768.0,"{'timestamp': '2026-07-27T13:39:19.926586+00:00', 'model_version': 'gemma4:31b-mlx', 'prompt_hash': 'a6af280e'}"
2,8,gemma4:31b-mlx_baseline,58.79502582550049,22.27,0,direct_json,0.428571,1.000000,0.600000,0.0,0,18.5,100.0,2.8,54.5,454.9,29374.4,81.7,18450.6,17768.0,"{'timestamp': '2026-07-27T13:28:32.393119+00:00', 'model_version': 'gemma4:31b-mlx', 'prompt_hash': 'a6af280e'}"
2,9,gemma4:31b-mlx_baseline,251.0709252357483,25.14,0,direct_json,0.705882,0.923077,0.800000,0.0,0,13.6,73.7,1.1,42.2,454.9,31169.8,76.2,23282.8,17768.0,"{'timestamp': '2026-07-27T13:31:44.687846+00:00', 'model_version': 'gemma4:31b-mlx', 'prompt_hash': 'a6af280e'}"
3,10,gemma4:31b-mlx_baseline,485.31147027015686,24.55,0,direct_json,0.884615,0.920000,0.901961,0.0,0,21.3,100.0,1.0,38.5,454.9,31136.2,78.9,27131.9,17768.0,"{'timestamp': '2026-07-27T13:35:38.921703+00:00', 'model_version': 'gemma4:31b-mlx', 'prompt_hash': 'a6af280e'}"
3,11,gemma4:31b-mlx_baseline,794.342679977417,22.03,0,direct_json,0.527778,0.678571,0.593750,0.0,0,35.5,100.0,0.4,34.6,454.9,30150.8,80.7,27314.2,17768.0,"{'timestamp': '2026-07-27T13:40:47.970172+00:00', 'model_version': 'gemma4:31b-mlx', 'prompt_hash': 'a6af280e'}"
3,12,gemma4:31b-mlx_baseline,145.53980588912964,25.21,0,direct_json,0.594595,0.880000,0.709677,0.0,0,19.8,100.0,1.3,48.6,454.9,30578.1,74.4,19701.0,17768.0,"{'timestamp': '2026-07-27T13:29:59.176673+00:00', 'model_version': 'gemma4:31b-mlx', 'prompt_hash': 'a6af280e'}"
4,13,gemma4:31b-mlx_baseline,370.4518129825592,24.65,0,direct_json,0.520000,0.928571,0.666667,0.0,0,18.5,100.0,1.1,38.3,454.9,31409.7,77.9,27421.3,17768.0,"{'timestamp': '2026-07-27T13:33:44.057102+00:00', 'model_version': 'gemma4:31b-mlx', 'prompt_hash': 'a6af280e'}"
4,14,gemma4:31b-mlx_baseline,839.8795692920685,23.02,0,direct_json,0.846154,0.916667,0.880000,0.0,0,24.7,100.0,0.3,34.5,454.9,29995.0,81.0,27203.6,17768.0,"{'timestamp': '2026-07-27T13:41:33.491205+00:00', 'model_version': 'gemma4:31b-mlx', 'prompt_hash': 'a6af280e'}"
4,15,gemma4:31b-mlx_baseline,412.18472599983215,21.68,0,direct_json,0.400000,1.000000,0.571429,0.0,0,21.8,100.0,0.4,39.1,454.9,31464.5,77.9,27131.9,17768.0,"{'timestamp': '2026-07-27T13:34:25.801441+00:00', 'model_version': 'gemma4:31b-mlx', 'prompt_hash': 'a6af280e'}"
0,1,gemma4:31b-mlx_rag_enhanced,219.33048295974731,23.24,0,direct_json,0.529412,0.857143,0.654545,0.0,0,20.9,100.0,0.6,62.3,633.5,30612.2,82.1,26870.5,17768.0,"{'timestamp': '2026-07-27T13:45:14.035795+00:00', 'model_version': 'gemma4:31b-mlx', 'prompt_hash': 'a6af280e'}"
0,2,gemma4:31b-mlx_rag_enhanced,417.8198139667511,21.19,0,direct_json,0.588235,0.769231,0.666667,0.0,0,38.1,100.0,0.4,48.8,633.6,30291.7,82.7,26318.5,17768.0,"{'timestamp': '2026-07-27T13:48:32.516169+00:00', 'model_version': 'gemma4:31b-mlx', 'prompt_hash': 'a6af280e'}"
0,3,gemma4:31b-mlx_rag_enhanced,641.2412700653076,15.69,0,direct_json,0.705882,0.888889,0.786885,0.0,0,37.0,100.0,0.4,43.6,632.5,30058.7,82.7,26894.4,17768.0,"{'timestamp': '2026-07-27T13:52:15.940950+00:00', 'model_version': 'gemma4:31b-mlx', 'prompt_hash': 'a6af280e'}"
4,13,gemma4:31b-mlx_rag_enhanced,278.02375507354736,24.16,0,direct_json,0.520000,0.928571,0.666667,0.0,0,21.2,84.4,0.5,58.2,635.7,30470.4,82.4,27390.6,17768.0,"{'timestamp': '2026-07-27T13:46:12.764991+00:00', 'model_version': 'gemma4:31b-mlx', 'prompt_hash': 'a6af280e'}"
4,14,gemma4:31b-mlx_rag_enhanced,479.5879111289978,20.01,0,direct_json,0.769231,0.833333,0.800000,0.0,0,30.5,100.0,0.4,48.1,632.6,30664.0,82.0,26908.3,17768.0,"{'timestamp': '2026-07-27T13:49:34.281102+00:00', 'model_version': 'gemma4:31b-mlx', 'prompt_hash': 'a6af280e'}"
4,15,gemma4:31b-mlx_rag_enhanced,705.5337278842926,18.38,0,direct_json,0.400000,1.000000,0.571429,0.0,0,32.6,100.0,0.4,42.6,632.5,29945.7,82.9,26894.4,17768.0,"{'timestamp': '2026-07-27T13:53:20.215638+00:00', 'model_version': 'gemma4:31b-mlx', 'prompt_hash': 'a6af280e'}"
1,4,gemma4:31b-mlx_rag_enhanced,758.8056750297546,21.0,0,direct_json,0.633333,1.000000,0.775510,0.0,0,34.2,100.0,0.7,41.6,630.2,29855.9,83.0,27291.0,17768.0,"{'timestamp': '2026-07-27T13:54:13.488905+00:00', 'model_version': 'gemma4:31b-mlx', 'prompt_hash': 'a6af280e'}"
1,5,gemma4:31b-mlx_rag_enhanced,53.58089518547058,17.58,0,direct_json,0.428571,0.600000,0.500000,0.0,0,53.5,100.0,4.1,87.0,616.2,31637.6,86.6,26552.0,17768.0,"{'timestamp': '2026-07-27T13:42:28.158921+00:00', 'model_version': 'gemma4:31b-mlx', 'prompt_hash': 'a6af280e'}"
1,6,gemma4:31b-mlx_rag_enhanced,19.28312611579895,19.73,0,direct_json,0.400000,1.000000,0.571429,0.0,0,62.3,100.0,2.3,162.9,616.6,28966.0,88.8,27203.6,17768.0,"{'timestamp': '2026-07-27T13:41:53.916808+00:00', 'model_version': 'gemma4:31b-mlx', 'prompt_hash': 'a6af280e'}"
3,10,gemma4:31b-mlx_rag_enhanced,867.5661129951477,19.52,0,direct_json,0.774194,0.923077,0.842105,0.0,0,35.5,100.0,0.3,39.5,634.7,29723.6,83.2,26701.6,17768.0,"{'timestamp': '2026-07-27T13:56:02.295554+00:00', 'model_version': 'gemma4:31b-mlx', 'prompt_hash': 'a6af280e'}"
3,11,gemma4:31b-mlx_rag_enhanced,143.62302494049072,23.03,0,direct_json,0.538462,0.750000,0.626866,0.0,0,31.4,100.0,0.8,69.5,632.5,31430.3,80.0,26912.7,17768.0,"{'timestamp': '2026-07-27T13:43:58.334220+00:00', 'model_version': 'gemma4:31b-mlx', 'prompt_hash': 'a6af280e'}"
3,12,gemma4:31b-mlx_rag_enhanced,533.3438818454742,23.29,0,direct_json,0.605263,0.920000,0.730159,0.0,0,33.2,100.0,1.1,46.6,629.8,30676.1,82.2,26886.7,17768.0,"{'timestamp': '2026-07-27T13:50:28.047820+00:00', 'model_version': 'gemma4:31b-mlx', 'prompt_hash': 'a6af280e'}"
2,7,gemma4:31b-mlx_rag_enhanced,935.9449198246002,20.58,0,direct_json,0.615385,0.800000,0.695652,0.0,0,39.8,100.0,0.7,38.8,630.4,29501.8,83.3,26829.2,17768.0,"{'timestamp': '2026-07-27T13:57:10.623775+00:00', 'model_version': 'gemma4:31b-mlx', 'prompt_hash': 'a6af280e'}"
2,8,gemma4:31b-mlx_rag_enhanced,364.68089294433594,21.95,0,direct_json,0.428571,1.000000,0.600000,0.0,0,31.7,100.0,0.4,52.0,633.5,30230.5,83.1,27399.7,17768.0,"{'timestamp': '2026-07-27T13:47:39.362675+00:00', 'model_version': 'gemma4:31b-mlx', 'prompt_hash': 'a6af280e'}"
2,9,gemma4:31b-mlx_rag_enhanced,336.75290083885193,19.73,0,direct_json,0.800000,0.923077,0.857143,0.0,0,36.2,100.0,0.5,54.3,632.6,30110.8,82.7,27399.7,17768.0,"{'timestamp': '2026-07-27T13:47:11.440156+00:00', 'model_version': 'gemma4:31b-mlx', 'prompt_hash': 'a6af280e'}"
0,1,gemma4:latest_baseline,52.15360713005066,47.24,0,fallback,0.000000,0.000000,0.000000,0.0,0,37.6,58.4,1.1,334.2,341.1,27781.9,70.8,9244.9,9163.2,"{'timestamp': '2026-07-27T14:01:49.517512+00:00', 'model_version': 'gemma4:latest', 'prompt_hash': 'a6af280e'}"
0,2,gemma4:latest_baseline,4.071956157684326,50.22,0,direct_json,0.550000,0.846154,0.666667,0.0,0,30.2,41.3,13.8,335.0,335.0,29230.8,73.0,9244.9,9163.2,"{'timestamp': '2026-07-27T14:01:53.606478+00:00', 'model_version': 'gemma4:latest', 'prompt_hash': 'a6af280e'}"
0,3,gemma4:latest_baseline,46.57368302345276,46.83,0,fallback,1.000000,0.700000,0.823529,0.0,0,37.4,63.9,1.2,335.5,335.5,29490.8,72.8,9244.9,9163.2,"{'timestamp': '2026-07-27T14:02:40.214310+00:00', 'model_version': 'gemma4:latest', 'prompt_hash': 'a6af280e'}"
1,4,gemma4:latest_baseline,28.36543083190918,47.7,0,direct_json,0.642857,1.000000,0.782609,0.0,0,31.5,46.5,1.9,328.1,335.8,29566.7,72.4,9244.9,9163.2,"{'timestamp': '2026-07-27T14:03:08.609049+00:00', 'model_version': 'gemma4:latest', 'prompt_hash': 'a6af280e'}"
1,5,gemma4:latest_baseline,2.044220209121704,49.15,0,direct_json,0.285714,0.400000,0.333333,0.0,0,46.1,48.7,27.2,245.2,245.2,29542.1,72.1,9244.9,9163.2,"{'timestamp': '2026-07-27T14:03:10.661113+00:00', 'model_version': 'gemma4:latest', 'prompt_hash': 'a6af280e'}"
1,6,gemma4:latest_baseline,2.0414600372314453,50.1,0,direct_json,0.400000,1.000000,0.571429,0.0,0,48.9,52.4,3.1,245.2,245.2,29721.4,72.5,9244.9,9163.2,"{'timestamp': '2026-07-27T14:03:12.708402+00:00', 'model_version': 'gemma4:latest', 'prompt_hash': 'a6af280e'}"
2,7,gemma4:latest_baseline,28.85542583465576,47.43,0,direct_json,0.583333,0.700000,0.636364,0.0,0,38.4,63.9,1.9,218.1,245.3,29683.8,72.2,9244.9,9163.2,"{'timestamp': '2026-07-27T14:03:41.595542+00:00', 'model_version': 'gemma4:latest', 'prompt_hash': 'a6af280e'}"
2,8,gemma4:latest_baseline,12.191066980361938,48.94,0,direct_json,0.600000,1.000000,0.750000,0.0,0,32.0,64.9,4.5,198.3,198.3,29820.9,72.3,9244.9,9163.2,"{'timestamp': '2026-07-27T14:03:53.792844+00:00', 'model_version': 'gemma4:latest', 'prompt_hash': 'a6af280e'}"
2,9,gemma4:latest_baseline,20.767239809036255,47.65,0,direct_json,0.733333,0.846154,0.785714,0.0,0,28.6,36.8,0.4,198.3,198.3,29734.3,72.1,9244.9,9163.2,"{'timestamp': '2026-07-27T14:04:14.577820+00:00', 'model_version': 'gemma4:latest', 'prompt_hash': 'a6af280e'}"
3,10,gemma4:latest_baseline,45.05784010887146,47.03,0,direct_json,0.863636,0.904762,0.883721,0.0,0,29.7,48.8,1.2,198.3,198.3,29743.9,72.0,9244.9,9163.2,"{'timestamp': '2026-07-27T14:04:59.669926+00:00', 'model_version': 'gemma4:latest', 'prompt_hash': 'a6af280e'}"
3,11,gemma4:latest_baseline,46.57851505279541,47.17,0,fallback,0.857143,0.600000,0.705882,0.0,0,28.4,40.1,1.2,198.4,198.4,29813.3,71.7,9244.9,9163.2,"{'timestamp': '2026-07-27T14:05:46.287886+00:00', 'model_version': 'gemma4:latest', 'prompt_hash': 'a6af280e'}"
3,12,gemma4:latest_baseline,45.088526010513306,47.48,0,fallback,0.826087,0.863636,0.844444,0.0,0,32.6,69.6,1.2,198.4,198.4,29922.7,71.8,9244.9,9163.2,"{'timestamp': '2026-07-27T14:06:31.408220+00:00', 'model_version': 'gemma4:latest', 'prompt_hash': 'a6af280e'}"
4,13,gemma4:latest_baseline,31.44209098815918,47.81,0,direct_json,0.666667,1.000000,0.800000,0.0,0,36.5,60.8,1.8,198.4,198.4,30140.5,71.2,9244.9,9163.2,"{'timestamp': '2026-07-27T14:07:02.884050+00:00', 'model_version': 'gemma4:latest', 'prompt_hash': 'a6af280e'}"
4,14,gemma4:latest_baseline,35.96695303916931,47.73,0,direct_json,0.733333,0.916667,0.814815,0.0,0,33.6,50.1,1.5,198.5,198.5,30279.6,70.6,9244.9,9163.2,"{'timestamp': '2026-07-27T14:07:38.868459+00:00', 'model_version': 'gemma4:latest', 'prompt_hash': 'a6af280e'}"
4,15,gemma4:latest_baseline,32.393168926239014,47.81,0,direct_json,0.444444,1.000000,0.615385,0.0,0,29.1,42.5,1.6,198.5,198.5,30336.6,70.6,9244.9,9163.2,"{'timestamp': '2026-07-27T14:08:11.269682+00:00', 'model_version': 'gemma4:latest', 'prompt_hash': 'a6af280e'}"
0,1,gemma4:latest_rag_enhanced,29.90886402130127,47.53,0,direct_json,0.941176,0.914286,0.927536,0.0,0,32.9,49.6,1.8,332.6,332.6,30403.2,70.8,9244.9,9163.2,"{'timestamp': '2026-07-27T14:08:41.280396+00:00', 'model_version': 'gemma4:latest', 'prompt_hash': 'a6af280e'}"
0,2,gemma4:latest_rag_enhanced,28.872269868850708,48.12,0,direct_json,0.631579,0.923077,0.750000,0.0,0,31.7,52.5,1.9,333.1,333.1,30353.4,70.6,9244.9,9163.2,"{'timestamp': '2026-07-27T14:09:10.224607+00:00', 'model_version': 'gemma4:latest', 'prompt_hash': 'a6af280e'}"
0,3,gemma4:latest_rag_enhanced,38.97502779960632,47.31,0,direct_json,0.913043,0.875000,0.893617,0.0,0,29.4,65.2,0.1,333.5,333.5,30415.4,70.8,9244.9,9163.2,"{'timestamp': '2026-07-27T14:09:49.277516+00:00', 'model_version': 'gemma4:latest', 'prompt_hash': 'a6af280e'}"
1,4,gemma4:latest_rag_enhanced,45.57756781578064,47.49,0,fallback,0.000000,0.000000,0.000000,0.0,0,36.2,92.8,1.2,333.5,333.6,30097.6,70.1,9244.9,9163.2,"{'timestamp': '2026-07-27T14:10:34.941856+00:00', 'model_version': 'gemma4:latest', 'prompt_hash': 'a6af280e'}"
1,5,gemma4:latest_rag_enhanced,2.0438928604125977,51.49,0,direct_json,0.333333,0.400000,0.363636,0.0,0,18.1,25.7,26.9,335.7,335.7,30166.0,70.1,9244.9,9163.2,"{'timestamp': '2026-07-27T14:10:37.050972+00:00', 'model_version': 'gemma4:latest', 'prompt_hash': 'a6af280e'}"
1,6,gemma4:latest_rag_enhanced,2.051452159881592,51.18,0,direct_json,0.333333,1.000000,0.500000,0.0,0,24.6,26.0,26.9,335.7,335.7,30127.9,70.0,9244.9,9163.2,"{'timestamp': '2026-07-27T14:10:39.160994+00:00', 'model_version': 'gemma4:latest', 'prompt_hash': 'a6af280e'}"
2,7,gemma4:latest_rag_enhanced,28.373231649398804,48.26,0,direct_json,0.636364,0.700000,0.666667,0.0,0,27.9,43.1,1.9,335.9,335.9,30044.5,69.9,9244.9,9163.2,"{'timestamp': '2026-07-27T14:11:07.617741+00:00', 'model_version': 'gemma4:latest', 'prompt_hash': 'a6af280e'}"
2,8,gemma4:latest_rag_enhanced,2.043997287750244,50.88,0,direct_json,0.500000,1.000000,0.666667,0.0,0,28.9,30.9,27.2,335.9,335.9,30068.0,69.9,9244.9,9163.2,"{'timestamp': '2026-07-27T14:11:09.721549+00:00', 'model_version': 'gemma4:latest', 'prompt_hash': 'a6af280e'}"
2,9,gemma4:latest_rag_enhanced,39.580252170562744,48.21,0,direct_json,0.800000,0.923077,0.857143,0.0,0,28.8,42.9,1.4,335.9,335.9,30044.5,69.9,9244.9,9163.2,"{'timestamp': '2026-07-27T14:11:49.371067+00:00', 'model_version': 'gemma4:latest', 'prompt_hash': 'a6af280e'}"
3,10,gemma4:latest_rag_enhanced,46.57838702201843,47.51,0,fallback,0.000000,0.000000,0.000000,0.0,0,29.6,75.0,1.2,439.4,439.5,30168.2,69.9,9244.9,9163.2,"{'timestamp': '2026-07-27T14:12:36.101749+00:00', 'model_version': 'gemma4:latest', 'prompt_hash': 'a6af280e'}"
3,11,gemma4:latest_rag_enhanced,87.1343240737915,47.73,0,direct_json,0.575758,0.678571,0.622951,0.030303030303030304,1,29.4,47.2,0.9,441.0,442.9,30163.6,69.9,9244.9,9163.2,"{'timestamp': '2026-07-27T14:13:16.680273+00:00', 'model_version': 'gemma4:latest', 'prompt_hash': 'a6af280e'}"
3,12,gemma4:latest_rag_enhanced,76.9899377822876,48.36,0,direct_json,0.542857,0.791667,0.644068,0.0,0,27.0,62.7,0.8,441.2,442.9,30133.6,69.9,9244.9,9163.2,"{'timestamp': '2026-07-27T14:13:53.193113+00:00', 'model_version': 'gemma4:latest', 'prompt_hash': 'a6af280e'}"
4,13,gemma4:latest_rag_enhanced,53.182862997055054,48.44,0,direct_json,0.666667,0.857143,0.750000,0.0,0,26.1,62.5,0.4,417.2,538.8,30052.9,70.0,9244.9,9163.2,"{'timestamp': '2026-07-27T14:14:46.574735+00:00', 'model_version': 'gemma4:latest', 'prompt_hash': 'a6af280e'}"
4,14,gemma4:latest_rag_enhanced,29.365224838256836,48.47,0,direct_json,0.733333,0.916667,0.814815,0.0,0,23.1,40.0,1.9,511.8,538.8,30076.1,70.0,9244.9,9163.2,"{'timestamp': '2026-07-27T14:14:22.764746+00:00', 'model_version': 'gemma4:latest', 'prompt_hash': 'a6af280e'}"
4,15,gemma4:latest_rag_enhanced,93.17229390144348,47.89,0,direct_json,0.444444,1.000000,0.615385,0.0,0,26.0,57.1,1.4,343.4,538.8,30042.1,70.0,9244.9,9163.2,"{'timestamp': '2026-07-27T14:15:26.559937+00:00', 'model_version': 'gemma4:latest', 'prompt_hash': 'a6af280e'}"
1,4,gemma:latest_baseline,33.94740009307861,35.83,0,codeblock,0.625000,0.833333,0.714286,0.0,0,21.5,51.2,2.3,246.3,248.5,27656.6,66.1,7022.2,4779.7,"{'timestamp': '2026-07-27T14:16:02.614297+00:00', 'model_version': 'gemma:latest', 'prompt_hash': 'a6af280e'}"
1,5,gemma:latest_baseline,7.590784788131714,38.69,0,codeblock,0.428571,0.600000,0.500000,0.0,0,24.7,51.3,51.3,247.2,248.5,26093.2,62.6,7022.2,4779.7,"{'timestamp': '2026-07-27T14:15:36.251547+00:00', 'model_version': 'gemma:latest', 'prompt_hash': 'a6af280e'}"
1,6,gemma:latest_baseline,16.73128867149353,38.77,0,codeblock,0.285714,1.000000,0.444444,0.0,0,20.8,55.6,2.2,246.6,248.5,27208.2,65.1,7022.2,4779.7,"{'timestamp': '2026-07-27T14:15:45.390720+00:00', 'model_version': 'gemma:latest', 'prompt_hash': 'a6af280e'}"
0,1,gemma:latest_baseline,25.32676887512207,35.98,0,codeblock,0.625000,0.789474,0.697674,0.0,0,25.7,100.0,14.8,246.4,248.5,27497.0,65.7,7022.2,4779.7,"{'timestamp': '2026-07-27T14:15:53.992573+00:00', 'model_version': 'gemma:latest', 'prompt_hash': 'a6af280e'}"
0,2,gemma:latest_baseline,11.654678106307983,37.87,0,codeblock,0.428571,0.461538,0.444444,0.07142857142857142,1,19.8,51.3,28.3,246.8,248.5,26805.4,64.2,7022.2,4779.7,"{'timestamp': '2026-07-27T14:15:40.320474+00:00', 'model_version': 'gemma:latest', 'prompt_hash': 'a6af280e'}"
0,3,gemma:latest_baseline,50.1824209690094,34.76,0,codeblock,0.640000,0.615385,0.627451,0.0,0,23.7,100.0,8.2,246.2,248.5,27762.8,66.3,7022.2,4779.7,"{'timestamp': '2026-07-27T14:16:18.857079+00:00', 'model_version': 'gemma:latest', 'prompt_hash': 'a6af280e'}"
2,7,gemma:latest_baseline,58.248055934906006,34.65,0,codeblock,0.538462,0.700000,0.608696,0.0,0,23.7,51.1,0.9,246.2,248.5,27799.2,66.4,7022.2,4779.7,"{'timestamp': '2026-07-27T14:16:26.912385+00:00', 'model_version': 'gemma:latest', 'prompt_hash': 'a6af280e'}"
2,8,gemma:latest_baseline,13.685690879821777,38.94,0,codeblock,1.000000,1.000000,1.000000,0.0,0,23.2,51.3,11.4,246.7,248.5,27024.4,64.7,7022.2,4779.7,"{'timestamp': '2026-07-27T14:15:42.345128+00:00', 'model_version': 'gemma:latest', 'prompt_hash': 'a6af280e'}"
2,9,gemma:latest_baseline,40.02797198295593,36.47,0,codeblock,1.000000,0.923077,0.960000,0.0,0,21.8,51.2,0.8,246.3,248.5,27709.2,66.2,7022.2,4779.7,"{'timestamp': '2026-07-27T14:16:08.698978+00:00', 'model_version': 'gemma:latest', 'prompt_hash': 'a6af280e'}"
3,10,gemma:latest_baseline,43.58396530151367,33.93,0,direct_json,0.842105,0.761905,0.800000,0.0,0,27.1,49.3,0.9,246.2,246.3,28034.7,66.9,7022.2,4779.7,"{'timestamp': '2026-07-27T14:16:46.235610+00:00', 'model_version': 'gemma:latest', 'prompt_hash': 'a6af280e'}"
3,11,gemma:latest_baseline,55.719067096710205,33.99,0,codeblock,0.407407,0.392857,0.400000,0.0,0,26.2,50.8,0.7,246.2,246.3,28039.6,66.9,7022.2,4779.7,"{'timestamp': '2026-07-27T14:16:58.384185+00:00', 'model_version': 'gemma:latest', 'prompt_hash': 'a6af280e'}"
3,12,gemma:latest_baseline,34.44020390510559,35.51,0,codeblock,0.562500,0.750000,0.642857,0.0,0,27.0,51.7,2.1,246.2,246.3,28029.4,66.9,7022.2,4779.7,"{'timestamp': '2026-07-27T14:16:37.104457+00:00', 'model_version': 'gemma:latest', 'prompt_hash': 'a6af280e'}"
4,13,gemma:latest_baseline,44.60087275505066,36.53,0,codeblock,0.562500,0.642857,0.600000,0.0,0,24.1,46.4,3.8,246.2,246.3,28082.4,67.0,7022.2,4779.7,"{'timestamp': '2026-07-27T14:17:03.489835+00:00', 'model_version': 'gemma:latest', 'prompt_hash': 'a6af280e'}"
4,14,gemma:latest_baseline,57.230082988739014,36.33,0,codeblock,0.642857,0.750000,0.692308,0.0,0,26.4,52.2,2.6,246.1,246.3,28078.9,67.0,7022.2,4779.7,"{'timestamp': '2026-07-27T14:17:16.124098+00:00', 'model_version': 'gemma:latest', 'prompt_hash': 'a6af280e'}"
4,15,gemma:latest_baseline,50.656177282333374,35.5,0,codeblock,0.181818,0.500000,0.266667,0.09090909090909091,1,24.5,46.8,2.3,246.2,246.3,28084.3,67.0,7022.2,4779.7,"{'timestamp': '2026-07-27T14:17:09.541915+00:00', 'model_version': 'gemma:latest', 'prompt_hash': 'a6af280e'}"
1,4,gemma:latest_rag_enhanced,31.42712092399597,35.27,0,codeblock,0.625000,0.833333,0.714286,0.0,0,15.6,40.4,2.9,664.3,666.1,28104.4,67.0,7022.2,4779.7,"{'timestamp': '2026-07-27T14:17:48.208717+00:00', 'model_version': 'gemma:latest', 'prompt_hash': 'a6af280e'}"
1,5,gemma:latest_rag_enhanced,42.01353406906128,38.31,0,codeblock,0.428571,0.600000,0.500000,0.0,0,18.2,50.0,2.2,648.8,666.1,27910.1,67.3,7022.2,4779.7,"{'timestamp': '2026-07-27T14:17:58.823582+00:00', 'model_version': 'gemma:latest', 'prompt_hash': 'a6af280e'}"
1,6,gemma:latest_rag_enhanced,45.05361580848694,38.19,0,codeblock,0.285714,1.000000,0.444444,0.0,0,16.0,42.9,2.2,633.6,666.1,27862.3,67.4,7022.2,4779.7,"{'timestamp': '2026-07-27T14:18:01.869186+00:00', 'model_version': 'gemma:latest', 'prompt_hash': 'a6af280e'}"
3,10,gemma:latest_rag_enhanced,10.136950969696045,33.47,0,direct_json,0.833333,0.714286,0.769231,0.0,0,28.3,69.7,19.8,666.9,683.2,28200.3,67.0,7022.2,4779.7,"{'timestamp': '2026-07-27T14:17:26.667392+00:00', 'model_version': 'gemma:latest', 'prompt_hash': 'a6af280e'}"
3,11,gemma:latest_rag_enhanced,22.779690980911255,33.77,0,codeblock,0.483871,0.535714,0.508475,0.0,0,24.1,70.2,7.6,666.9,707.8,28246.6,66.8,7022.2,4779.7,"{'timestamp': '2026-07-27T14:17:39.484420+00:00', 'model_version': 'gemma:latest', 'prompt_hash': 'a6af280e'}"
3,12,gemma:latest_rag_enhanced,59.257391929626465,35.85,0,codeblock,0.586207,0.708333,0.641509,0.0,0,15.3,39.8,2.7,630.7,666.1,27655.6,67.9,7022.2,4779.7,"{'timestamp': '2026-07-27T14:18:16.092079+00:00', 'model_version': 'gemma:latest', 'prompt_hash': 'a6af280e'}"
2,7,gemma:latest_rag_enhanced,39.00973701477051,34.54,0,codeblock,0.666667,0.600000,0.631579,0.0,0,15.6,42.9,4.0,663.4,666.1,27966.4,67.2,7022.2,4779.7,"{'timestamp': '2026-07-27T14:17:55.786160+00:00', 'model_version': 'gemma:latest', 'prompt_hash': 'a6af280e'}"
2,8,gemma:latest_rag_enhanced,61.77673077583313,38.44,0,codeblock,0.750000,1.000000,0.857143,0.0,0,15.0,39.7,4.5,630.6,666.1,27624.6,67.9,7022.2,4779.7,"{'timestamp': '2026-07-27T14:18:18.593324+00:00', 'model_version': 'gemma:latest', 'prompt_hash': 'a6af280e'}"
2,9,gemma:latest_rag_enhanced,67.80173397064209,36.27,0,codeblock,1.000000,0.923077,0.960000,0.0,0,19.2,50.0,1.7,630.4,666.1,27555.4,68.1,7022.2,4779.7,"{'timestamp': '2026-07-27T14:18:24.644053+00:00', 'model_version': 'gemma:latest', 'prompt_hash': 'a6af280e'}"
0,1,gemma:latest_rag_enhanced,86.5643162727356,35.57,0,codeblock,0.714286,0.789474,0.750000,0.0,0,23.1,44.4,2.1,628.2,666.1,27339.7,68.6,7022.2,4779.7,"{'timestamp': '2026-07-27T14:18:43.346125+00:00', 'model_version': 'gemma:latest', 'prompt_hash': 'a6af280e'}"
0,2,gemma:latest_rag_enhanced,49.10400199890137,37.2,0,codeblock,0.400000,0.461538,0.428571,0.0,0,17.8,50.0,3.2,631.1,666.1,27796.7,67.6,7022.2,4779.7,"{'timestamp': '2026-07-27T14:18:05.919647+00:00', 'model_version': 'gemma:latest', 'prompt_hash': 'a6af280e'}"
0,3,gemma:latest_rag_enhanced,78.49757313728333,34.6,0,codeblock,0.740741,0.740741,0.740741,0.0,0,18.4,100.0,4.3,629.0,666.1,27432.8,68.4,7022.2,4779.7,"{'timestamp': '2026-07-27T14:18:35.341147+00:00', 'model_version': 'gemma:latest', 'prompt_hash': 'a6af280e'}"
4,13,gemma:latest_rag_enhanced,47.100435972213745,36.65,0,codeblock,0.588235,0.714286,0.645161,0.0,0,17.7,50.0,2.3,623.6,629.6,26712.7,69.9,7022.2,4779.7,"{'timestamp': '2026-07-27T14:18:49.189248+00:00', 'model_version': 'gemma:latest', 'prompt_hash': 'a6af280e'}"
4,14,gemma:latest_rag_enhanced,53.68434405326843,36.01,0,codeblock,0.642857,0.750000,0.692308,0.07142857142857142,1,17.7,33.0,1.5,622.5,629.6,26657.8,70.0,7022.2,4779.7,"{'timestamp': '2026-07-27T14:18:55.773758+00:00', 'model_version': 'gemma:latest', 'prompt_hash': 'a6af280e'}"
4,15,gemma:latest_rag_enhanced,60.29894971847534,34.93,0,codeblock,0.153846,0.500000,0.235294,0.07692307692307693,1,17.3,33.0,1.4,621.6,629.6,26614.7,70.0,7022.2,4779.7,"{'timestamp': '2026-07-27T14:19:02.387846+00:00', 'model_version': 'gemma:latest', 'prompt_hash': 'a6af280e'}"
1,4,qwen3:8b_baseline,308.86683225631714,36.62,0,direct_json,0.583333,0.777778,0.666667,0.0,0,16.7,100.0,0.5,342.6,488.6,26101.0,66.6,7681.7,4983.3,"{'timestamp': '2026-07-27T14:24:13.353385+00:00', 'model_version': 'qwen3:8b', 'prompt_hash': 'a6af280e'}"
1,5,qwen3:8b_baseline,83.53123998641968,37.23,0,direct_json,0.444444,0.800000,0.571429,0.0,0,16.7,100.0,1.8,449.6,488.6,23768.6,62.6,7681.7,4983.3,"{'timestamp': '2026-07-27T14:20:28.011090+00:00', 'model_version': 'qwen3:8b', 'prompt_hash': 'a6af280e'}"
1,6,qwen3:8b_baseline,39.495771169662476,38.37,0,direct_json,0.500000,1.000000,0.666667,0.0,0,16.5,100.0,5.2,488.5,488.6,23239.5,61.7,7681.7,4983.3,"{'timestamp': '2026-07-27T14:19:43.971731+00:00', 'model_version': 'qwen3:8b', 'prompt_hash': 'a6af280e'}"
4,13,qwen3:8b_baseline,375.45876717567444,37.59,0,direct_json,0.571429,0.857143,0.685714,0.0,0,12.7,85.5,0.7,335.6,488.6,26406.7,67.0,7681.7,4983.3,"{'timestamp': '2026-07-27T14:25:19.961763+00:00', 'model_version': 'qwen3:8b', 'prompt_hash': 'a6af280e'}"
4,14,qwen3:8b_baseline,358.04559206962585,36.05,0,direct_json,0.846154,0.916667,0.880000,0.0,0,14.0,100.0,0.4,337.2,488.6,26334.8,66.9,7681.7,4983.3,"{'timestamp': '2026-07-27T14:25:02.550697+00:00', 'model_version': 'qwen3:8b', 'prompt_hash': 'a6af280e'}"
4,15,qwen3:8b_baseline,199.96605610847473,35.64,0,direct_json,0.571429,1.000000,0.727273,0.0,0,22.3,87.8,0.8,364.2,488.6,25295.7,65.4,7681.7,4983.3,"{'timestamp': '2026-07-27T14:22:24.462582+00:00', 'model_version': 'qwen3:8b', 'prompt_hash': 'a6af280e'}"
0,1,qwen3:8b_baseline,282.13625025749207,35.7,0,fallback,0.000000,0.000000,0.000000,0.0,0,16.0,100.0,0.9,346.4,488.6,25937.5,66.4,7681.7,4983.3,"{'timestamp': '2026-07-27T14:23:46.624567+00:00', 'model_version': 'qwen3:8b', 'prompt_hash': 'a6af280e'}"
0,2,qwen3:8b_baseline,23.777116060256958,37.88,0,direct_json,0.625000,0.769231,0.689655,0.0,0,21.1,100.0,3.7,488.5,488.6,22869.8,60.9,7681.7,4983.3,"{'timestamp': '2026-07-27T14:19:28.261409+00:00', 'model_version': 'qwen3:8b', 'prompt_hash': 'a6af280e'}"
0,3,qwen3:8b_baseline,497.1523470878601,35.42,0,fallback,0.000000,0.000000,0.000000,0.0,0,17.9,100.0,0.5,327.6,488.6,26784.1,67.3,7681.7,4983.3,"{'timestamp': '2026-07-27T14:27:21.646394+00:00', 'model_version': 'qwen3:8b', 'prompt_hash': 'a6af280e'}"
3,10,qwen3:8b_baseline,560.5090832710266,34.72,0,fallback,0.000000,0.000000,0.000000,0.0,0,18.3,85.5,0.4,324.8,488.6,26922.8,67.5,7681.7,4983.3,"{'timestamp': '2026-07-27T14:28:25.002037+00:00', 'model_version': 'qwen3:8b', 'prompt_hash': 'a6af280e'}"
3,11,qwen3:8b_baseline,435.90043210983276,34.88,0,direct_json,0.529412,0.642857,0.580645,0.0,0,17.3,100.0,0.7,331.1,488.6,26620.0,67.2,7681.7,4983.3,"{'timestamp': '2026-07-27T14:26:20.420449+00:00', 'model_version': 'qwen3:8b', 'prompt_hash': 'a6af280e'}"
3,12,qwen3:8b_baseline,146.38675379753113,36.34,0,direct_json,0.531250,0.708333,0.607143,0.0,0,12.9,100.0,1.8,386.7,488.6,24759.2,64.4,7681.7,4983.3,"{'timestamp': '2026-07-27T14:21:30.907305+00:00', 'model_version': 'qwen3:8b', 'prompt_hash': 'a6af280e'}"
2,7,qwen3:8b_baseline,582.1130750179291,35.97,0,direct_json,0.666667,0.600000,0.631579,0.0,0,21.7,100.0,0.3,324.0,488.6,26960.7,67.5,7681.7,4983.3,"{'timestamp': '2026-07-27T14:28:46.595253+00:00', 'model_version': 'qwen3:8b', 'prompt_hash': 'a6af280e'}"
2,8,qwen3:8b_baseline,113.91869711875916,37.49,0,direct_json,0.428571,1.000000,0.600000,0.0,0,12.8,66.7,1.3,410.5,488.6,24325.6,63.7,7681.7,4983.3,"{'timestamp': '2026-07-27T14:20:58.404507+00:00', 'model_version': 'qwen3:8b', 'prompt_hash': 'a6af280e'}"
2,9,qwen3:8b_baseline,222.28758764266968,37.0,0,direct_json,0.714286,0.769231,0.740741,0.0,0,14.2,85.5,1.1,358.1,488.6,25498.2,65.7,7681.7,4983.3,"{'timestamp': '2026-07-27T14:22:46.779815+00:00', 'model_version': 'qwen3:8b', 'prompt_hash': 'a6af280e'}"
2,7,qwen3:8b_rag_enhanced,266.30281686782837,35.5,0,direct_json,0.777778,0.700000,0.736842,0.0,0,17.5,100.0,0.9,550.9,657.9,27275.6,68.8,7681.7,4983.3,"{'timestamp': '2026-07-27T14:33:13.760094+00:00', 'model_version': 'qwen3:8b', 'prompt_hash': 'a6af280e'}"
2,8,qwen3:8b_rag_enhanced,354.4790527820587,37.63,0,direct_json,0.500000,1.000000,0.666667,0.0,0,13.8,100.0,1.0,510.4,657.9,27111.2,68.8,7681.7,4983.3,"{'timestamp': '2026-07-27T14:34:41.932868+00:00', 'model_version': 'qwen3:8b', 'prompt_hash': 'a6af280e'}"
2,9,qwen3:8b_rag_enhanced,232.46620178222656,36.22,0,direct_json,0.800000,0.923077,0.857143,0.0,0,13.9,100.0,0.5,558.1,657.9,27390.0,68.9,7681.7,4983.3,"{'timestamp': '2026-07-27T14:32:39.933730+00:00', 'model_version': 'qwen3:8b', 'prompt_hash': 'a6af280e'}"
0,1,qwen3:8b_rag_enhanced,60.7921838760376,35.63,0,fallback,0.000000,0.000000,0.000000,0.0,0,16.8,61.9,2.3,575.6,910.2,28183.6,67.9,7681.7,4983.3,"{'timestamp': '2026-07-27T14:29:48.196990+00:00', 'model_version': 'qwen3:8b', 'prompt_hash': 'a6af280e'}"
0,2,qwen3:8b_rag_enhanced,112.94414496421814,36.46,0,direct_json,0.666667,0.769231,0.714286,0.0,0,14.8,100.0,2.0,564.1,657.9,28048.1,68.2,7681.7,4983.3,"{'timestamp': '2026-07-27T14:30:40.396874+00:00', 'model_version': 'qwen3:8b', 'prompt_hash': 'a6af280e'}"
0,3,qwen3:8b_rag_enhanced,512.9230272769928,34.52,0,fallback,0.000000,0.000000,0.000000,0.0,0,17.7,71.4,0.6,453.0,657.9,27029.8,69.5,7681.7,4983.3,"{'timestamp': '2026-07-27T14:37:20.388527+00:00', 'model_version': 'qwen3:8b', 'prompt_hash': 'a6af280e'}"
4,13,qwen3:8b_rag_enhanced,194.45624613761902,37.08,0,direct_json,0.529412,0.642857,0.580645,0.0,0,13.0,60.3,0.6,559.2,657.9,27612.5,69.0,7681.7,4983.3,"{'timestamp': '2026-07-27T14:32:01.931251+00:00', 'model_version': 'qwen3:8b', 'prompt_hash': 'a6af280e'}"
4,14,qwen3:8b_rag_enhanced,386.23703503608704,36.36,0,direct_json,0.846154,0.916667,0.880000,0.0,0,17.4,100.0,0.4,500.3,657.9,27099.2,68.9,7681.7,4983.3,"{'timestamp': '2026-07-27T14:35:13.708898+00:00', 'model_version': 'qwen3:8b', 'prompt_hash': 'a6af280e'}"
4,15,qwen3:8b_rag_enhanced,562.6567387580872,34.99,0,direct_json,0.500000,0.750000,0.600000,0.0,0,19.5,100.0,0.3,428.0,657.9,26956.2,69.8,7681.7,4983.3,"{'timestamp': '2026-07-27T14:38:10.134858+00:00', 'model_version': 'qwen3:8b', 'prompt_hash': 'a6af280e'}"
3,10,qwen3:8b_rag_enhanced,450.17386412620544,34.58,0,fallback,0.000000,0.000000,0.000000,0.0,0,17.2,100.0,0.7,484.2,657.9,27107.2,69.0,7681.7,4983.3,"{'timestamp': '2026-07-27T14:36:17.642262+00:00', 'model_version': 'qwen3:8b', 'prompt_hash': 'a6af280e'}"
3,11,qwen3:8b_rag_enhanced,611.7241728305817,34.99,0,direct_json,0.526316,0.689655,0.597015,0.02631578947368421,1,19.3,100.0,0.4,407.0,657.9,26844.8,70.1,7681.7,4983.3,"{'timestamp': '2026-07-27T14:38:59.213310+00:00', 'model_version': 'qwen3:8b', 'prompt_hash': 'a6af280e'}"
3,12,qwen3:8b_rag_enhanced,325.7004849910736,35.76,0,fallback,0.000000,0.000000,0.000000,0.0,0,11.4,60.3,0.9,521.1,657.9,27144.4,68.8,7681.7,4983.3,"{'timestamp': '2026-07-27T14:34:13.182064+00:00', 'model_version': 'qwen3:8b', 'prompt_hash': 'a6af280e'}"
1,4,qwen3:8b_rag_enhanced,153.92037081718445,35.65,0,direct_json,0.750000,0.833333,0.789474,0.0,0,16.6,100.0,0.7,561.0,657.9,27804.0,68.8,7681.7,4983.3,"{'timestamp': '2026-07-27T14:31:21.389384+00:00', 'model_version': 'qwen3:8b', 'prompt_hash': 'a6af280e'}"
1,5,qwen3:8b_rag_enhanced,173.12689995765686,37.73,0,direct_json,0.333333,0.600000,0.428571,0.1111111111111111,1,16.0,100.0,0.9,560.0,657.9,27726.8,68.9,7681.7,4983.3,"{'timestamp': '2026-07-27T14:31:40.592534+00:00', 'model_version': 'qwen3:8b', 'prompt_hash': 'a6af280e'}"
1,6,qwen3:8b_rag_enhanced,628.5109708309174,37.92,0,direct_json,0.500000,1.000000,0.666667,0.0,0,16.6,87.5,0.3,399.1,657.9,26807.7,70.2,7681.7,4983.3,"{'timestamp': '2026-07-27T14:39:15.973139+00:00', 'model_version': 'qwen3:8b', 'prompt_hash': 'a6af280e'}"
1,4,qwen2.5:14b_baseline,40.51036882400513,21.92,0,direct_json,0.727273,0.888889,0.800000,0.0,0,15.0,39.3,4.1,119.1,119.1,27797.0,71.4,11698.5,8571.7,"{'timestamp': '2026-07-27T14:39:58.588598+00:00', 'model_version': 'qwen2.5:14b', 'prompt_hash': 'a6af280e'}"
1,5,qwen2.5:14b_baseline,45.09062194824219,22.82,0,direct_json,0.272727,0.600000,0.375000,0.09090909090909091,1,11.2,39.3,2.0,119.1,119.1,27941.6,71.7,11698.5,8571.7,"{'timestamp': '2026-07-27T14:40:03.165184+00:00', 'model_version': 'qwen2.5:14b', 'prompt_hash': 'a6af280e'}"
1,6,qwen2.5:14b_baseline,18.756146907806396,23.01,0,direct_json,0.250000,1.000000,0.400000,0.0,0,11.6,39.3,3.9,119.1,119.1,26491.0,68.8,11698.5,8571.7,"{'timestamp': '2026-07-27T14:39:36.826670+00:00', 'model_version': 'qwen2.5:14b', 'prompt_hash': 'a6af280e'}"
3,10,qwen2.5:14b_baseline,86.03578305244446,21.05,0,direct_json,0.750000,0.571429,0.648649,0.0,0,22.4,95.9,2.2,119.0,119.1,28533.0,72.8,11698.5,8571.7,"{'timestamp': '2026-07-27T14:40:44.112104+00:00', 'model_version': 'qwen2.5:14b', 'prompt_hash': 'a6af280e'}"
3,11,qwen2.5:14b_baseline,112.99217200279236,20.94,0,direct_json,0.560000,0.500000,0.528302,0.04,1,21.9,100.0,2.7,118.9,119.1,28662.1,73.0,11698.5,8571.7,"{'timestamp': '2026-07-27T14:41:11.084821+00:00', 'model_version': 'qwen2.5:14b', 'prompt_hash': 'a6af280e'}"
3,12,qwen2.5:14b_baseline,70.93980622291565,21.64,0,direct_json,0.600000,0.750000,0.666667,0.0,0,15.6,66.7,3.9,119.0,119.1,28393.0,72.5,11698.5,8571.7,"{'timestamp': '2026-07-27T14:40:29.029727+00:00', 'model_version': 'qwen2.5:14b', 'prompt_hash': 'a6af280e'}"
0,1,qwen2.5:14b_baseline,56.7338011264801,21.95,0,direct_json,0.526316,0.526316,0.526316,0.0,0,13.5,100.0,3.8,119.0,119.1,28194.1,72.1,11698.5,8571.7,"{'timestamp': '2026-07-27T14:40:14.797536+00:00', 'model_version': 'qwen2.5:14b', 'prompt_hash': 'a6af280e'}"
0,2,qwen2.5:14b_baseline,15.685954093933105,22.57,0,direct_json,0.642857,0.692308,0.666667,0.0,0,19.1,66.7,9.5,119.0,119.1,26059.5,67.9,11698.5,8571.7,"{'timestamp': '2026-07-27T14:39:33.751630+00:00', 'model_version': 'qwen2.5:14b', 'prompt_hash': 'a6af280e'}"
0,3,qwen2.5:14b_baseline,127.62935519218445,21.38,0,direct_json,0.650000,0.481481,0.553191,0.0,0,22.9,100.0,1.5,118.9,119.1,28722.3,73.1,11698.5,8571.7,"{'timestamp': '2026-07-27T14:41:25.705676+00:00', 'model_version': 'qwen2.5:14b', 'prompt_hash': 'a6af280e'}"
4,13,qwen2.5:14b_baseline,28.382080078125,22.26,0,direct_json,0.526316,0.714286,0.606061,0.0,0,11.5,39.3,8.4,119.1,119.1,27287.1,70.4,11698.5,8571.7,"{'timestamp': '2026-07-27T14:39:46.460111+00:00', 'model_version': 'qwen2.5:14b', 'prompt_hash': 'a6af280e'}"
4,14,qwen2.5:14b_baseline,136.3311858177185,21.73,0,direct_json,0.727273,0.666667,0.695652,0.0,0,18.0,93.3,1.7,118.9,119.1,28755.9,73.1,11698.5,8571.7,"{'timestamp': '2026-07-27T14:41:34.408865+00:00', 'model_version': 'qwen2.5:14b', 'prompt_hash': 'a6af280e'}"
4,15,qwen2.5:14b_baseline,145.46321201324463,21.96,0,direct_json,0.272727,0.750000,0.400000,0.0,0,19.7,93.3,2.1,118.8,119.1,28774.5,73.3,11698.5,8571.7,"{'timestamp': '2026-07-27T14:41:43.534647+00:00', 'model_version': 'qwen2.5:14b', 'prompt_hash': 'a6af280e'}"
2,7,qwen2.5:14b_baseline,156.6900668144226,21.68,0,direct_json,0.777778,0.700000,0.736842,0.0,0,18.3,93.0,1.1,118.7,119.1,28782.7,73.4,11698.5,8571.7,"{'timestamp': '2026-07-27T14:41:54.752506+00:00', 'model_version': 'qwen2.5:14b', 'prompt_hash': 'a6af280e'}"
2,8,qwen2.5:14b_baseline,9.106314897537231,23.17,0,direct_json,0.500000,1.000000,0.666667,0.0,0,18.4,66.7,16.9,118.9,119.1,24252.7,64.3,11698.5,8571.7,"{'timestamp': '2026-07-27T14:39:27.161483+00:00', 'model_version': 'qwen2.5:14b', 'prompt_hash': 'a6af280e'}"
2,9,qwen2.5:14b_baseline,95.19823503494263,22.0,0,direct_json,0.857143,0.923077,0.888889,0.0,0,18.5,94.5,1.8,119.0,119.1,28599.2,72.9,11698.5,8571.7,"{'timestamp': '2026-07-27T14:40:53.263729+00:00', 'model_version': 'qwen2.5:14b', 'prompt_hash': 'a6af280e'}"
4,13,qwen2.5:14b_rag_enhanced,103.8761260509491,22.17,0,direct_json,0.500000,0.714286,0.588235,0.0,0,11.3,41.5,1.4,635.4,701.3,28047.1,76.4,11698.5,8571.7,"{'timestamp': '2026-07-27T14:43:39.547863+00:00', 'model_version': 'qwen2.5:14b', 'prompt_hash': 'a6af280e'}"
4,14,qwen2.5:14b_rag_enhanced,21.2589590549469,21.92,0,direct_json,0.727273,0.666667,0.695652,0.0,0,22.6,43.9,8.0,701.0,701.3,28513.5,75.6,11698.5,8571.7,"{'timestamp': '2026-07-27T14:42:16.680161+00:00', 'model_version': 'qwen2.5:14b', 'prompt_hash': 'a6af280e'}"
4,15,qwen2.5:14b_rag_enhanced,30.378973960876465,21.81,0,direct_json,0.500000,1.000000,0.666667,0.0,0,21.7,43.1,4.8,701.1,701.3,28466.3,75.7,11698.5,8571.7,"{'timestamp': '2026-07-27T14:42:25.836640+00:00', 'model_version': 'qwen2.5:14b', 'prompt_hash': 'a6af280e'}"
0,1,qwen2.5:14b_rag_enhanced,12.202755212783813,21.85,0,direct_json,0.562500,0.473684,0.514286,0.0,0,20.6,44.0,13.4,700.8,701.3,28624.6,75.4,11698.5,8571.7,"{'timestamp': '2026-07-27T14:42:07.622885+00:00', 'model_version': 'qwen2.5:14b', 'prompt_hash': 'a6af280e'}"
0,2,qwen2.5:14b_rag_enhanced,51.6816930770874,22.54,0,direct_json,0.642857,0.692308,0.666667,0.0,0,19.2,41.5,5.0,701.1,701.3,28270.4,76.0,11698.5,8571.7,"{'timestamp': '2026-07-27T14:42:47.226212+00:00', 'model_version': 'qwen2.5:14b', 'prompt_hash': 'a6af280e'}"
0,3,qwen2.5:14b_rag_enhanced,117.52011013031006,21.58,0,direct_json,0.750000,0.576923,0.652174,0.0,0,19.0,68.0,1.2,617.3,701.3,28004.6,76.5,11698.5,8571.7,"{'timestamp': '2026-07-27T14:43:53.125511+00:00', 'model_version': 'qwen2.5:14b', 'prompt_hash': 'a6af280e'}"
3,10,qwen2.5:14b_rag_enhanced,45.07863926887512,21.01,0,direct_json,0.625000,0.476190,0.540541,0.0,0,20.1,41.5,70.3,701.1,701.3,28335.5,75.9,11698.5,8571.7,"{'timestamp': '2026-07-27T14:42:40.631902+00:00', 'model_version': 'qwen2.5:14b', 'prompt_hash': 'a6af280e'}"
3,11,qwen2.5:14b_rag_enhanced,137.2541060447693,21.07,0,direct_json,0.541667,0.464286,0.500000,0.041666666666666664,1,16.2,67.0,0.7,594.1,701.3,27914.4,76.7,11698.5,8571.7,"{'timestamp': '2026-07-27T14:44:12.938966+00:00', 'model_version': 'qwen2.5:14b', 'prompt_hash': 'a6af280e'}"
3,12,qwen2.5:14b_rag_enhanced,77.95383286476135,21.91,0,direct_json,0.620690,0.750000,0.679245,0.0,0,14.7,66.7,0.5,681.0,701.3,28124.2,76.2,11698.5,8571.7,"{'timestamp': '2026-07-27T14:43:13.645980+00:00', 'model_version': 'qwen2.5:14b', 'prompt_hash': 'a6af280e'}"
1,4,qwen2.5:14b_rag_enhanced,63.32464814186096,21.87,0,direct_json,0.750000,0.833333,0.789474,0.0,0,16.0,100.0,7.2,701.0,701.3,28181.8,76.1,11698.5,8571.7,"{'timestamp': '2026-07-27T14:42:58.978799+00:00', 'model_version': 'qwen2.5:14b', 'prompt_hash': 'a6af280e'}"
1,5,qwen2.5:14b_rag_enhanced,141.82608485221863,22.81,0,direct_json,0.333333,0.600000,0.428571,0.0,0,16.4,100.0,0.9,589.6,701.3,27894.0,76.7,11698.5,8571.7,"{'timestamp': '2026-07-27T14:44:17.493635+00:00', 'model_version': 'qwen2.5:14b', 'prompt_hash': 'a6af280e'}"
1,6,qwen2.5:14b_rag_enhanced,120.02689790725708,23.11,0,direct_json,0.500000,1.000000,0.666667,0.0,0,14.8,100.0,0.8,614.0,701.3,27996.8,76.5,11698.5,8571.7,"{'timestamp': '2026-07-27T14:43:55.697840+00:00', 'model_version': 'qwen2.5:14b', 'prompt_hash': 'a6af280e'}"
2,7,qwen2.5:14b_rag_enhanced,89.64320707321167,21.64,0,direct_json,0.666667,0.600000,0.631579,0.0,0,13.1,50.0,1.1,659.6,701.3,28091.7,76.3,11698.5,8571.7,"{'timestamp': '2026-07-27T14:43:25.316051+00:00', 'model_version': 'qwen2.5:14b', 'prompt_hash': 'a6af280e'}"
2,8,qwen2.5:14b_rag_enhanced,93.65448594093323,22.78,0,direct_json,0.428571,1.000000,0.600000,0.14285714285714285,1,12.1,41.5,1.5,652.0,701.3,28082.7,76.3,11698.5,8571.7,"{'timestamp': '2026-07-27T14:43:29.339481+00:00', 'model_version': 'qwen2.5:14b', 'prompt_hash': 'a6af280e'}"
2,9,qwen2.5:14b_rag_enhanced,151.8979206085205,22.03,0,direct_json,0.785714,0.846154,0.814815,0.0,0,15.3,66.7,0.6,580.3,701.3,27849.0,76.8,11698.5,8571.7,"{'timestamp': '2026-07-27T14:44:27.593626+00:00', 'model_version': 'qwen2.5:14b', 'prompt_hash': 'a6af280e'}"
1,4,mistral-nemo:latest_baseline,35.43972086906433,28.03,0,direct_json,0.750000,0.666667,0.705882,0.0,0,19.4,69.5,6.0,448.8,450.3,26159.5,72.0,9384.7,6744.1,"{'timestamp': '2026-07-27T14:45:05.131495+00:00', 'model_version': 'mistral-nemo:latest', 'prompt_hash': 'a6af280e'}"
1,5,mistral-nemo:latest_baseline,20.747967004776,29.25,0,direct_json,0.200000,0.200000,0.200000,0.0,0,19.7,100.0,8.3,448.9,450.3,25517.7,70.7,9384.7,6744.1,"{'timestamp': '2026-07-27T14:44:50.436352+00:00', 'model_version': 'mistral-nemo:latest', 'prompt_hash': 'a6af280e'}"
1,6,mistral-nemo:latest_baseline,10.653977155685425,29.39,0,direct_json,0.222222,1.000000,0.363636,0.0,0,12.9,69.5,13.1,449.2,450.3,24111.1,67.9,9384.7,6744.1,"{'timestamp': '2026-07-27T14:44:40.348778+00:00', 'model_version': 'mistral-nemo:latest', 'prompt_hash': 'a6af280e'}"
4,13,mistral-nemo:latest_baseline,26.32547688484192,28.6,0,direct_json,0.588235,0.714286,0.645161,0.0,0,15.5,69.5,4.8,448.9,450.3,25833.1,71.4,9384.7,6744.1,"{'timestamp': '2026-07-27T14:44:56.024183+00:00', 'model_version': 'mistral-nemo:latest', 'prompt_hash': 'a6af280e'}"
4,14,mistral-nemo:latest_baseline,50.644448041915894,28.31,0,direct_json,0.777778,0.583333,0.666667,0.0,0,11.6,69.5,2.0,448.9,450.3,26443.1,72.5,9384.7,6744.1,"{'timestamp': '2026-07-27T14:45:20.356771+00:00', 'model_version': 'mistral-nemo:latest', 'prompt_hash': 'a6af280e'}"
4,15,mistral-nemo:latest_baseline,73.46300220489502,28.25,0,direct_json,0.500000,1.000000,0.666667,0.125,1,11.6,69.5,1.4,448.9,450.3,26657.0,72.8,9384.7,6744.1,"{'timestamp': '2026-07-27T14:45:43.169188+00:00', 'model_version': 'mistral-nemo:latest', 'prompt_hash': 'a6af280e'}"
0,1,mistral-nemo:latest_baseline,44.088178873062134,27.97,0,direct_json,0.642857,0.473684,0.545455,0.0,0,11.8,69.5,2.6,448.8,450.3,26348.7,72.3,9384.7,6744.1,"{'timestamp': '2026-07-27T14:45:13.788634+00:00', 'model_version': 'mistral-nemo:latest', 'prompt_hash': 'a6af280e'}"
0,2,mistral-nemo:latest_baseline,54.678865909576416,28.96,0,direct_json,0.500000,0.384615,0.434783,0.0,0,12.9,69.5,4.4,448.9,450.3,26494.7,72.6,9384.7,6744.1,"{'timestamp': '2026-07-27T14:45:24.387202+00:00', 'model_version': 'mistral-nemo:latest', 'prompt_hash': 'a6af280e'}"
0,3,mistral-nemo:latest_baseline,85.13110494613647,27.79,0,direct_json,0.700000,0.518519,0.595745,0.0,0,13.3,100.0,1.2,462.3,551.4,26726.0,72.9,9384.7,6744.1,"{'timestamp': '2026-07-27T14:45:54.853260+00:00', 'model_version': 'mistral-nemo:latest', 'prompt_hash': 'a6af280e'}"
2,7,mistral-nemo:latest_baseline,99.79569602012634,27.9,0,direct_json,0.833333,0.500000,0.625000,0.0,0,15.4,69.5,2.6,475.4,551.4,26787.2,73.0,9384.7,6744.1,"{'timestamp': '2026-07-27T14:46:09.476698+00:00', 'model_version': 'mistral-nemo:latest', 'prompt_hash': 'a6af280e'}"
2,8,mistral-nemo:latest_baseline,7.593374967575073,29.29,0,direct_json,0.400000,0.666667,0.500000,0.0,0,22.1,69.5,33.3,449.4,450.3,23007.4,65.6,9384.7,6744.1,"{'timestamp': '2026-07-27T14:44:37.274372+00:00', 'model_version': 'mistral-nemo:latest', 'prompt_hash': 'a6af280e'}"
2,9,mistral-nemo:latest_baseline,18.26551103591919,28.25,0,direct_json,0.750000,0.692308,0.720000,0.0,0,16.7,69.8,9.0,449.0,450.3,25289.0,70.3,9384.7,6744.1,"{'timestamp': '2026-07-27T14:44:47.949463+00:00', 'model_version': 'mistral-nemo:latest', 'prompt_hash': 'a6af280e'}"
3,10,mistral-nemo:latest_baseline,66.84857702255249,27.11,0,direct_json,0.692308,0.428571,0.529412,0.0,0,20.0,69.5,2.1,448.9,450.3,26602.7,72.8,9384.7,6744.1,"{'timestamp': '2026-07-27T14:45:36.538653+00:00', 'model_version': 'mistral-nemo:latest', 'prompt_hash': 'a6af280e'}"
3,11,mistral-nemo:latest_baseline,111.43197107315063,27.2,0,fallback,0.562500,0.321429,0.409091,0.0,0,17.9,85.7,2.0,483.3,551.4,26825.3,73.0,9384.7,6744.1,"{'timestamp': '2026-07-27T14:46:21.142956+00:00', 'model_version': 'mistral-nemo:latest', 'prompt_hash': 'a6af280e'}"
3,12,mistral-nemo:latest_baseline,91.14932107925415,28.1,0,direct_json,0.600000,0.250000,0.352941,0.0,0,18.4,69.5,2.2,468.3,551.4,26760.2,73.0,9384.7,6744.1,"{'timestamp': '2026-07-27T14:46:00.857951+00:00', 'model_version': 'mistral-nemo:latest', 'prompt_hash': 'a6af280e'}"
0,1,mistral-nemo:latest_rag_enhanced,9.109556198120117,28.06,0,direct_json,0.545455,0.315789,0.400000,0.0,0,15.6,71.1,29.3,797.9,799.9,27166.4,73.2,9384.7,6744.1,"{'timestamp': '2026-07-27T14:46:30.603999+00:00', 'model_version': 'mistral-nemo:latest', 'prompt_hash': 'a6af280e'}"
0,2,mistral-nemo:latest_rag_enhanced,23.27813482284546,28.62,0,direct_json,0.428571,0.461538,0.444444,0.0,0,13.1,71.1,19.9,797.9,800.8,27201.1,73.3,9384.7,6744.1,"{'timestamp': '2026-07-27T14:46:44.785459+00:00', 'model_version': 'mistral-nemo:latest', 'prompt_hash': 'a6af280e'}"
0,3,mistral-nemo:latest_rag_enhanced,17.74086570739746,27.5,0,direct_json,0.769231,0.384615,0.512821,0.0,0,13.7,71.1,14.1,797.9,801.5,27187.6,73.3,9384.7,6744.1,"{'timestamp': '2026-07-27T14:46:39.282566+00:00', 'model_version': 'mistral-nemo:latest', 'prompt_hash': 'a6af280e'}"
1,4,mistral-nemo:latest_rag_enhanced,34.436054944992065,28.02,0,direct_json,0.750000,0.666667,0.705882,0.0,0,21.2,79.2,6.1,794.2,797.8,27217.5,73.3,9384.7,6744.1,"{'timestamp': '2026-07-27T14:46:56.082463+00:00', 'model_version': 'mistral-nemo:latest', 'prompt_hash': 'a6af280e'}"
1,5,mistral-nemo:latest_rag_enhanced,25.379515886306763,29.18,0,direct_json,0.500000,0.400000,0.444444,0.0,0,24.2,76.2,21.4,795.5,797.8,27207.4,73.3,9384.7,6744.1,"{'timestamp': '2026-07-27T14:46:46.974750+00:00', 'model_version': 'mistral-nemo:latest', 'prompt_hash': 'a6af280e'}"
1,6,mistral-nemo:latest_rag_enhanced,50.680299043655396,28.78,0,direct_json,0.250000,1.000000,0.400000,0.0,0,14.6,42.9,1.8,794.2,844.5,27240.9,73.3,9384.7,6744.1,"{'timestamp': '2026-07-27T14:47:12.598316+00:00', 'model_version': 'mistral-nemo:latest', 'prompt_hash': 'a6af280e'}"
2,7,mistral-nemo:latest_rag_enhanced,48.081225872039795,27.44,0,direct_json,0.666667,0.400000,0.500000,0.0,0,19.3,43.7,10.9,794.4,838.9,27232.2,73.3,9384.7,6744.1,"{'timestamp': '2026-07-27T14:47:09.875268+00:00', 'model_version': 'mistral-nemo:latest', 'prompt_hash': 'a6af280e'}"
2,8,mistral-nemo:latest_rag_enhanced,52.66524624824524,29.68,0,direct_json,1.000000,0.333333,0.500000,0.0,0,14.5,86.7,7.0,793.9,844.6,27248.4,73.3,9384.7,6744.1,"{'timestamp': '2026-07-27T14:47:14.612302+00:00', 'model_version': 'mistral-nemo:latest', 'prompt_hash': 'a6af280e'}"
2,9,mistral-nemo:latest_rag_enhanced,82.0990252494812,28.03,0,direct_json,0.750000,0.692308,0.720000,0.0,0,13.7,42.7,3.3,789.9,844.7,27316.4,73.1,9384.7,6744.1,"{'timestamp': '2026-07-27T14:47:44.056531+00:00', 'model_version': 'mistral-nemo:latest', 'prompt_hash': 'a6af280e'}"
4,13,mistral-nemo:latest_rag_enhanced,40.041975021362305,28.35,0,direct_json,0.636364,0.500000,0.560000,0.0,0,23.0,78.5,8.4,793.6,797.8,27234.3,73.3,9384.7,6744.1,"{'timestamp': '2026-07-27T14:47:01.674810+00:00', 'model_version': 'mistral-nemo:latest', 'prompt_hash': 'a6af280e'}"
4,14,mistral-nemo:latest_rag_enhanced,73.85576605796814,28.04,0,direct_json,0.692308,0.750000,0.720000,0.0,0,19.4,43.7,2.2,790.7,842.5,27297.1,73.1,9384.7,6744.1,"{'timestamp': '2026-07-27T14:47:35.771958+00:00', 'model_version': 'mistral-nemo:latest', 'prompt_hash': 'a6af280e'}"
4,15,mistral-nemo:latest_rag_enhanced,89.07723808288574,27.94,0,direct_json,0.666667,1.000000,0.800000,0.0,0,17.0,85.7,2.1,788.8,844.7,27328.5,73.1,9384.7,6744.1,"{'timestamp': '2026-07-27T14:47:51.030199+00:00', 'model_version': 'mistral-nemo:latest', 'prompt_hash': 'a6af280e'}"
3,10,mistral-nemo:latest_rag_enhanced,65.93499279022217,26.93,0,direct_json,0.764706,0.619048,0.684211,0.0,0,15.4,87.5,2.8,791.7,842.5,27279.7,73.2,9384.7,6744.1,"{'timestamp': '2026-07-27T14:47:27.854344+00:00', 'model_version': 'mistral-nemo:latest', 'prompt_hash': 'a6af280e'}"
3,11,mistral-nemo:latest_rag_enhanced,110.9325487613678,27.04,0,fallback,0.642857,0.321429,0.428571,0.0,0,16.3,42.7,1.3,784.3,797.8,27354.8,73.0,9384.7,6744.1,"{'timestamp': '2026-07-27T14:48:12.925028+00:00', 'model_version': 'mistral-nemo:latest', 'prompt_hash': 'a6af280e'}"
3,12,mistral-nemo:latest_rag_enhanced,99.86914706230164,27.86,0,direct_json,0.631579,0.500000,0.558140,0.0,0,13.8,42.7,1.0,786.2,797.8,27348.2,73.1,9384.7,6744.1,"{'timestamp': '2026-07-27T14:48:01.856922+00:00', 'model_version': 'mistral-nemo:latest', 'prompt_hash': 'a6af280e'}"
2,7,nuextract:latest_baseline,168.08938598632812,0.81,0,direct_json,1.000000,0.300000,0.461538,0.0,0,18.0,100.0,2.5,487.5,678.5,23530.1,64.0,2901.8,2075.4,"{'timestamp': '2026-07-27T14:51:03.100561+00:00', 'model_version': 'nuextract:latest', 'prompt_hash': 'a6af280e'}"
2,8,nuextract:latest_baseline,27.843693017959595,30.11,0,fallback,0.000000,0.000000,0.000000,0.2,1,14.8,50.0,13.6,678.5,678.5,21788.2,61.1,2901.8,2075.4,"{'timestamp': '2026-07-27T14:48:42.851894+00:00', 'model_version': 'nuextract:latest', 'prompt_hash': 'a6af280e'}"
2,9,nuextract:latest_baseline,68.33057594299316,7.1,0,fallback,0.750000,0.692308,0.720000,0.0,0,17.4,100.0,5.1,580.2,678.5,22544.2,62.3,2901.8,2075.4,"{'timestamp': '2026-07-27T14:49:23.346681+00:00', 'model_version': 'nuextract:latest', 'prompt_hash': 'a6af280e'}"
1,4,nuextract:latest_baseline,189.3163299560547,80.41,0,direct_json,0.684211,0.722222,0.702703,0.0,0,19.9,100.0,1.1,480.3,678.5,23639.4,64.1,2901.8,2075.4,"{'timestamp': '2026-07-27T14:51:24.350448+00:00', 'model_version': 'nuextract:latest', 'prompt_hash': 'a6af280e'}"
1,5,nuextract:latest_baseline,108.30083990097046,7.47,0,fallback,0.333333,0.600000,0.428571,0.0,0,17.6,50.0,0.8,522.5,678.5,23044.6,63.1,2901.8,2075.4,"{'timestamp': '2026-07-27T14:50:03.318641+00:00', 'model_version': 'nuextract:latest', 'prompt_hash': 'a6af280e'}"
1,6,nuextract:latest_baseline,133.13219785690308,82.9,0,fallback,0.200000,0.500000,0.285714,0.0,0,15.4,100.0,0.5,504.1,678.5,23268.6,63.5,2901.8,2075.4,"{'timestamp': '2026-07-27T14:50:28.146770+00:00', 'model_version': 'nuextract:latest', 'prompt_hash': 'a6af280e'}"
4,13,nuextract:latest_baseline,154.90309023857117,4.89,0,fallback,0.545455,0.600000,0.571429,0.0,0,17.0,100.0,3.3,492.9,678.5,23440.4,63.8,2901.8,2075.4,"{'timestamp': '2026-07-27T14:50:49.926975+00:00', 'model_version': 'nuextract:latest', 'prompt_hash': 'a6af280e'}"
4,14,nuextract:latest_baseline,184.78251099586487,2.16,0,fallback,0.466667,0.583333,0.518519,0.0,0,23.0,100.0,0.7,481.7,678.5,23616.9,64.1,2901.8,2075.4,"{'timestamp': '2026-07-27T14:51:19.805580+00:00', 'model_version': 'nuextract:latest', 'prompt_hash': 'a6af280e'}"
4,15,nuextract:latest_baseline,208.56461882591248,1.4,0,direct_json,0.153846,0.500000,0.235294,0.07692307692307693,1,18.0,82.8,1.3,475.1,678.5,23663.4,64.2,2901.8,2075.4,"{'timestamp': '2026-07-27T14:51:43.592422+00:00', 'model_version': 'nuextract:latest', 'prompt_hash': 'a6af280e'}"
3,10,nuextract:latest_baseline,159.9755449295044,0.33,0,fallback,0.000000,0.000000,0.000000,0.6666666666666666,4,19.4,100.0,2.8,490.7,678.5,23475.1,63.9,2901.8,2075.4,"{'timestamp': '2026-07-27T14:50:54.998243+00:00', 'model_version': 'nuextract:latest', 'prompt_hash': 'a6af280e'}"
3,11,nuextract:latest_baseline,194.90633487701416,0.3,0,fallback,1.000000,0.303030,0.465116,0.0,0,18.6,100.0,0.6,478.7,678.5,23667.4,64.2,2901.8,2075.4,"{'timestamp': '2026-07-27T14:51:29.946961+00:00', 'model_version': 'nuextract:latest', 'prompt_hash': 'a6af280e'}"
3,12,nuextract:latest_baseline,212.5663800239563,77.0,0,direct_json,0.631579,0.500000,0.558140,0.0,0,22.7,82.8,0.7,474.1,678.5,23670.3,64.2,2901.8,2075.4,"{'timestamp': '2026-07-27T14:51:47.618538+00:00', 'model_version': 'nuextract:latest', 'prompt_hash': 'a6af280e'}"
0,1,nuextract:latest_baseline,83.53085064888,5.18,0,fallback,0.545455,0.315789,0.400000,0.0,0,14.8,100.0,0.8,551.8,678.5,22761.1,62.7,2901.8,2075.4,"{'timestamp': '2026-07-27T14:49:38.556670+00:00', 'model_version': 'nuextract:latest', 'prompt_hash': 'a6af280e'}"
0,2,nuextract:latest_baseline,52.13714790344238,13.12,0,direct_json,0.454545,0.384615,0.416667,0.0,0,13.0,100.0,1.2,628.7,678.5,22241.4,61.9,2901.8,2075.4,"{'timestamp': '2026-07-27T14:49:07.160716+00:00', 'model_version': 'nuextract:latest', 'prompt_hash': 'a6af280e'}"
0,3,nuextract:latest_baseline,224.26813435554504,1.04,0,fallback,0.538462,0.269231,0.358974,0.0,0,18.8,82.8,0.8,467.2,678.5,23680.2,64.3,2901.8,2075.4,"{'timestamp': '2026-07-27T14:51:59.321564+00:00', 'model_version': 'nuextract:latest', 'prompt_hash': 'a6af280e'}"
0,1,nuextract:latest_rag_enhanced,14.166111946105957,24.14,0,fallback,0.500000,0.263158,0.344828,0.1,1,26.1,47.4,10.6,790.7,790.8,23613.9,67.7,2901.8,2075.4,"{'timestamp': '2026-07-27T14:52:14.357677+00:00', 'model_version': 'nuextract:latest', 'prompt_hash': 'a6af280e'}"
0,2,nuextract:latest_rag_enhanced,36.96679615974426,17.62,0,fallback,1.000000,0.153846,0.266667,0.0,0,27.2,100.0,8.9,790.7,790.8,23593.0,67.6,2901.8,2075.4,"{'timestamp': '2026-07-27T14:52:37.163082+00:00', 'model_version': 'nuextract:latest', 'prompt_hash': 'a6af280e'}"
0,3,nuextract:latest_rag_enhanced,111.89131188392639,1.73,0,fallback,0.538462,0.424242,0.474576,0.07692307692307693,2,32.1,83.8,2.7,693.0,790.8,22799.6,69.1,2901.8,2075.4,"{'timestamp': '2026-07-27T14:53:52.098854+00:00', 'model_version': 'nuextract:latest', 'prompt_hash': 'a6af280e'}"
2,7,nuextract:latest_rag_enhanced,174.68344402313232,0.71,0,fallback,1.000000,0.300000,0.461538,0.0,0,23.5,100.0,1.3,607.4,790.8,22423.9,69.9,2901.8,2075.4,"{'timestamp': '2026-07-27T14:54:54.880512+00:00', 'model_version': 'nuextract:latest', 'prompt_hash': 'a6af280e'}"
2,8,nuextract:latest_rag_enhanced,60.809566020965576,12.16,0,fallback,0.285714,0.666667,0.400000,0.42857142857142855,3,17.5,50.0,5.2,790.7,790.8,23600.5,67.6,2901.8,2075.4,"{'timestamp': '2026-07-27T14:53:00.999672+00:00', 'model_version': 'nuextract:latest', 'prompt_hash': 'a6af280e'}"
2,9,nuextract:latest_rag_enhanced,76.43838405609131,5.29,0,fallback,0.352941,0.461538,0.400000,0.29411764705882354,5,20.2,87.5,2.7,781.8,790.8,23591.6,67.5,2901.8,2075.4,"{'timestamp': '2026-07-27T14:53:16.637424+00:00', 'model_version': 'nuextract:latest', 'prompt_hash': 'a6af280e'}"
4,13,nuextract:latest_rag_enhanced,101.74338006973267,4.77,0,fallback,0.230769,0.214286,0.222222,0.3076923076923077,4,30.3,100.0,1.1,713.7,790.8,22955.8,68.7,2901.8,2075.4,"{'timestamp': '2026-07-27T14:53:41.952790+00:00', 'model_version': 'nuextract:latest', 'prompt_hash': 'a6af280e'}"
4,14,nuextract:latest_rag_enhanced,152.35165214538574,2.35,0,fallback,0.636364,0.583333,0.608696,0.2727272727272727,3,33.0,88.2,1.6,638.3,790.8,22498.9,69.7,2901.8,2075.4,"{'timestamp': '2026-07-27T14:54:32.565268+00:00', 'model_version': 'nuextract:latest', 'prompt_hash': 'a6af280e'}"
4,15,nuextract:latest_rag_enhanced,186.2926836013794,1.28,0,fallback,0.000000,0.000000,0.000000,0.45454545454545453,5,26.1,100.0,1.0,594.3,790.8,22396.1,69.9,2901.8,2075.4,"{'timestamp': '2026-07-27T14:55:06.502878+00:00', 'model_version': 'nuextract:latest', 'prompt_hash': 'a6af280e'}"
3,10,nuextract:latest_rag_enhanced,80.4959659576416,0.03,0,fallback,0.000000,0.000000,0.000000,0.0,0,29.5,100.0,1.5,773.8,790.8,23523.9,67.7,2901.8,2075.4,"{'timestamp': '2026-07-27T14:53:20.721008+00:00', 'model_version': 'nuextract:latest', 'prompt_hash': 'a6af280e'}"
3,11,nuextract:latest_rag_enhanced,214.62933731079102,0.01,0,fallback,0.000000,0.000000,0.000000,0.0,0,22.6,100.0,0.8,566.9,790.8,22357.3,70.0,2901.8,2075.4,"{'timestamp': '2026-07-27T14:55:34.850871+00:00', 'model_version': 'nuextract:latest', 'prompt_hash': 'a6af280e'}"
3,12,nuextract:latest_rag_enhanced,167.55251598358154,2.27,0,fallback,0.333333,0.166667,0.222222,0.25,3,26.5,88.9,1.3,616.5,790.8,22443.5,69.8,2901.8,2075.4,"{'timestamp': '2026-07-27T14:54:47.779782+00:00', 'model_version': 'nuextract:latest', 'prompt_hash': 'a6af280e'}"
1,4,nuextract:latest_rag_enhanced,228.29974007606506,1.47,0,fallback,0.352941,0.333333,0.342857,0.058823529411764705,1,31.5,82.8,0.6,553.6,790.8,22357.4,70.0,2901.8,2075.4,"{'timestamp': '2026-07-27T14:55:48.501905+00:00', 'model_version': 'nuextract:latest', 'prompt_hash': 'a6af280e'}"
1,5,nuextract:latest_rag_enhanced,210.646497964859,3.68,0,fallback,0.400000,0.400000,0.400000,0.2,1,22.5,81.8,0.9,570.5,790.8,22359.4,70.0,2901.8,2075.4,"{'timestamp': '2026-07-27T14:55:30.853271+00:00', 'model_version': 'nuextract:latest', 'prompt_hash': 'a6af280e'}"
1,6,nuextract:latest_rag_enhanced,138.24865913391113,5.44,0,fallback,0.166667,0.500000,0.250000,0.3333333333333333,2,22.2,100.0,0.8,653.4,790.8,22572.2,69.6,2901.8,2075.4,"{'timestamp': '2026-07-27T14:54:18.453522+00:00', 'model_version': 'nuextract:latest', 'prompt_hash': 'a6af280e'}"
4,13,llama3.1:8b_baseline,58.26195788383484,40.76,0,direct_json,0.500000,0.642857,0.562500,0.0,0,14.3,69.2,1.8,283.3,337.4,22866.4,65.8,6859.6,4692.8,"{'timestamp': '2026-07-27T14:56:48.849904+00:00', 'model_version': 'llama3.1:8b', 'prompt_hash': 'a6af280e'}"
4,14,llama3.1:8b_baseline,44.52022194862366,40.15,0,direct_json,0.625000,0.833333,0.714286,0.0,0,21.6,100.0,1.8,305.2,337.4,22171.4,64.8,6859.6,4692.8,"{'timestamp': '2026-07-27T14:56:35.117932+00:00', 'model_version': 'llama3.1:8b', 'prompt_hash': 'a6af280e'}"
4,15,llama3.1:8b_baseline,30.849215030670166,40.14,0,direct_json,0.333333,1.000000,0.500000,0.16666666666666666,2,20.6,100.0,2.6,328.2,337.4,21562.0,63.8,6859.6,4692.8,"{'timestamp': '2026-07-27T14:56:21.427689+00:00', 'model_version': 'llama3.1:8b', 'prompt_hash': 'a6af280e'}"
2,7,llama3.1:8b_baseline,73.93715786933899,39.46,0,direct_json,0.636364,0.700000,0.666667,0.0,0,22.2,100.0,3.2,268.2,337.4,23398.4,66.6,6859.6,4692.8,"{'timestamp': '2026-07-27T14:57:04.508497+00:00', 'model_version': 'llama3.1:8b', 'prompt_hash': 'a6af280e'}"
2,8,llama3.1:8b_baseline,47.10403490066528,41.06,0,direct_json,0.500000,1.000000,0.666667,0.16666666666666666,1,16.8,69.2,1.7,300.2,337.4,22322.6,65.0,6859.6,4692.8,"{'timestamp': '2026-07-27T14:56:37.678388+00:00', 'model_version': 'llama3.1:8b', 'prompt_hash': 'a6af280e'}"
2,9,llama3.1:8b_baseline,52.68831706047058,40.13,0,direct_json,0.714286,0.769231,0.740741,0.0,0,14.4,69.2,3.7,290.9,337.4,22625.0,65.5,6859.6,4692.8,"{'timestamp': '2026-07-27T14:56:43.262827+00:00', 'model_version': 'llama3.1:8b', 'prompt_hash': 'a6af280e'}"
1,4,llama3.1:8b_baseline,38.488231897354126,39.8,0,direct_json,0.615385,0.888889,0.727273,0.0,0,14.1,69.2,9.1,319.9,337.4,21764.3,64.2,6859.6,4692.8,"{'timestamp': '2026-07-27T14:56:29.062834+00:00', 'model_version': 'llama3.1:8b', 'prompt_hash': 'a6af280e'}"
1,5,llama3.1:8b_baseline,78.4885151386261,41.2,0,direct_json,0.333333,0.600000,0.428571,0.0,0,21.3,69.2,1.3,264.9,337.4,23521.4,66.8,6859.6,4692.8,"{'timestamp': '2026-07-27T14:57:09.062895+00:00', 'model_version': 'llama3.1:8b', 'prompt_hash': 'a6af280e'}"
1,6,llama3.1:8b_baseline,75.96682810783386,41.89,0,direct_json,0.285714,1.000000,0.444444,0.0,0,18.4,69.2,1.2,266.7,337.4,23454.9,66.7,6859.6,4692.8,"{'timestamp': '2026-07-27T14:57:06.541063+00:00', 'model_version': 'llama3.1:8b', 'prompt_hash': 'a6af280e'}"
0,1,llama3.1:8b_baseline,86.14710521697998,39.81,0,direct_json,0.583333,0.736842,0.651163,0.0,0,19.2,100.0,5.1,260.2,337.4,23707.1,67.1,6859.6,4692.8,"{'timestamp': '2026-07-27T14:57:16.721876+00:00', 'model_version': 'llama3.1:8b', 'prompt_hash': 'a6af280e'}"
0,2,llama3.1:8b_baseline,8.620735168457031,41.55,0,direct_json,0.555556,0.869565,0.677966,0.1111111111111111,4,19.7,69.7,42.9,337.4,337.4,19909.1,60.5,6859.6,4692.8,"{'timestamp': '2026-07-27T14:55:59.198726+00:00', 'model_version': 'llama3.1:8b', 'prompt_hash': 'a6af280e'}"
0,3,llama3.1:8b_baseline,25.309684991836548,39.96,0,direct_json,0.750000,0.555556,0.638298,0.0,0,17.8,69.2,5.0,337.4,337.4,21393.0,63.5,6859.6,4692.8,"{'timestamp': '2026-07-27T14:56:15.898381+00:00', 'model_version': 'llama3.1:8b', 'prompt_hash': 'a6af280e'}"
3,10,llama3.1:8b_baseline,67.33867287635803,38.32,0,direct_json,0.714286,0.714286,0.714286,0.0,0,18.6,100.0,1.2,273.7,337.4,23192.6,66.3,6859.6,4692.8,"{'timestamp': '2026-07-27T14:56:57.924469+00:00', 'model_version': 'llama3.1:8b', 'prompt_hash': 'a6af280e'}"
3,11,llama3.1:8b_baseline,97.27467823028564,38.15,0,direct_json,0.392857,0.392857,0.392857,0.0,0,20.0,69.2,3.5,254.6,337.4,23940.2,67.4,6859.6,4692.8,"{'timestamp': '2026-07-27T14:57:27.886585+00:00', 'model_version': 'llama3.1:8b', 'prompt_hash': 'a6af280e'}"
3,12,llama3.1:8b_baseline,17.20057702064514,40.28,0,direct_json,0.516129,0.666667,0.581818,0.06451612903225806,2,16.9,69.2,3.8,337.4,337.4,21009.9,62.7,6859.6,4692.8,"{'timestamp': '2026-07-27T14:56:07.808711+00:00', 'model_version': 'llama3.1:8b', 'prompt_hash': 'a6af280e'}"
0,1,llama3.1:8b_rag_enhanced,12.703676223754883,39.66,0,direct_json,0.608696,0.736842,0.666667,0.0,0,26.5,63.9,27.7,679.7,709.4,26128.1,70.5,6859.6,4692.8,"{'timestamp': '2026-07-27T14:57:41.177022+00:00', 'model_version': 'llama3.1:8b', 'prompt_hash': 'a6af280e'}"
0,2,llama3.1:8b_rag_enhanced,5.628042936325073,40.82,0,direct_json,0.588235,0.769231,0.666667,0.0,0,35.9,71.0,57.0,682.1,691.5,26146.9,70.6,6859.6,4692.8,"{'timestamp': '2026-07-27T14:57:33.923359+00:00', 'model_version': 'llama3.1:8b', 'prompt_hash': 'a6af280e'}"
0,3,llama3.1:8b_rag_enhanced,52.70053696632385,39.76,0,direct_json,0.764706,0.500000,0.604651,0.0,0,23.3,57.7,8.6,629.4,746.2,26135.4,70.4,6859.6,4692.8,"{'timestamp': '2026-07-27T14:58:21.375049+00:00', 'model_version': 'llama3.1:8b', 'prompt_hash': 'a6af280e'}"
1,4,llama3.1:8b_rag_enhanced,60.278645038604736,39.6,0,direct_json,0.615385,0.888889,0.727273,0.0,0,20.0,56.4,3.5,626.7,747.8,26135.0,70.4,6859.6,4692.8,"{'timestamp': '2026-07-27T14:58:29.034882+00:00', 'model_version': 'llama3.1:8b', 'prompt_hash': 'a6af280e'}"
1,5,llama3.1:8b_rag_enhanced,63.28049278259277,41.7,0,direct_json,0.300000,0.600000,0.400000,0.0,0,20.7,56.0,4.2,625.4,691.5,26141.3,70.4,6859.6,4692.8,"{'timestamp': '2026-07-27T14:58:32.056621+00:00', 'model_version': 'llama3.1:8b', 'prompt_hash': 'a6af280e'}"
1,6,llama3.1:8b_rag_enhanced,78.01890993118286,41.66,0,direct_json,0.285714,1.000000,0.444444,0.0,0,16.7,100.0,1.3,622.1,691.5,26149.5,70.4,6859.6,4692.8,"{'timestamp': '2026-07-27T14:58:46.794482+00:00', 'model_version': 'llama3.1:8b', 'prompt_hash': 'a6af280e'}"
2,7,llama3.1:8b_rag_enhanced,75.53418803215027,39.28,0,direct_json,0.600000,0.600000,0.600000,0.0,0,13.6,56.0,2.9,622.6,691.5,26148.2,70.4,6859.6,4692.8,"{'timestamp': '2026-07-27T14:58:44.313033+00:00', 'model_version': 'llama3.1:8b', 'prompt_hash': 'a6af280e'}"
2,8,llama3.1:8b_rag_enhanced,81.04461693763733,41.29,0,direct_json,0.000000,0.000000,0.000000,0.6,3,18.1,56.0,1.9,621.2,691.5,26152.5,70.4,6859.6,4692.8,"{'timestamp': '2026-07-27T14:58:49.821064+00:00', 'model_version': 'llama3.1:8b', 'prompt_hash': 'a6af280e'}"
2,9,llama3.1:8b_rag_enhanced,68.851478099823,39.97,0,direct_json,0.692308,0.692308,0.692308,0.0,0,17.3,100.0,1.5,624.0,691.5,26142.8,70.4,6859.6,4692.8,"{'timestamp': '2026-07-27T14:58:37.633216+00:00', 'model_version': 'llama3.1:8b', 'prompt_hash': 'a6af280e'}"
3,10,llama3.1:8b_rag_enhanced,27.908055782318115,38.13,0,direct_json,0.681818,0.714286,0.697674,0.045454545454545456,1,24.3,60.1,8.9,643.5,720.1,26111.5,70.4,6859.6,4692.8,"{'timestamp': '2026-07-27T14:57:56.473712+00:00', 'model_version': 'llama3.1:8b', 'prompt_hash': 'a6af280e'}"
3,11,llama3.1:8b_rag_enhanced,45.094606161117554,38.14,0,direct_json,0.482759,0.500000,0.491228,0.0,0,15.7,56.4,1.4,632.2,748.0,26130.5,70.4,6859.6,4692.8,"{'timestamp': '2026-07-27T14:58:13.881787+00:00', 'model_version': 'llama3.1:8b', 'prompt_hash': 'a6af280e'}"
3,12,llama3.1:8b_rag_enhanced,90.1435329914093,39.75,0,direct_json,0.566667,0.708333,0.629630,0.0,0,18.6,56.0,2.7,614.4,691.5,26152.3,70.4,6859.6,4692.8,"{'timestamp': '2026-07-27T14:58:58.946025+00:00', 'model_version': 'llama3.1:8b', 'prompt_hash': 'a6af280e'}"
4,13,llama3.1:8b_rag_enhanced,18.240197896957397,40.54,0,direct_json,0.500000,0.642857,0.562500,0.0,0,29.8,84.2,10.9,661.5,708.8,26120.0,70.5,6859.6,4692.8,"{'timestamp': '2026-07-27T14:57:46.692601+00:00', 'model_version': 'llama3.1:8b', 'prompt_hash': 'a6af280e'}"
4,14,llama3.1:8b_rag_enhanced,33.93117427825928,39.82,0,direct_json,0.625000,0.833333,0.714286,0.0,0,21.5,56.4,13.6,638.5,748.0,26136.0,70.5,6859.6,4692.8,"{'timestamp': '2026-07-27T14:58:02.691933+00:00', 'model_version': 'llama3.1:8b', 'prompt_hash': 'a6af280e'}"
4,15,llama3.1:8b_rag_enhanced,95.76380181312561,39.73,0,direct_json,0.444444,1.000000,0.615385,0.2222222222222222,2,21.3,66.7,0.9,608.4,691.5,26156.9,70.4,6859.6,4692.8,"{'timestamp': '2026-07-27T14:59:04.538168+00:00', 'model_version': 'llama3.1:8b', 'prompt_hash': 'a6af280e'}"
2,7,llama3.2:latest_baseline,9.131065845489502,78.43,0,direct_json,0.714286,0.500000,0.588235,0.0,0,17.4,73.5,13.5,458.1,458.1,22891.3,63.6,4018.4,1925.8,"{'timestamp': '2026-07-27T14:59:15.772089+00:00', 'model_version': 'llama3.2:latest', 'prompt_hash': 'a6af280e'}"
2,8,llama3.2:latest_baseline,4.05627703666687,85.16,0,direct_json,0.333333,0.333333,0.333333,0.0,0,23.4,73.5,71.4,458.1,458.1,21893.0,61.6,4018.4,1925.8,"{'timestamp': '2026-07-27T14:59:10.704570+00:00', 'model_version': 'llama3.2:latest', 'prompt_hash': 'a6af280e'}"
2,9,llama3.2:latest_baseline,27.295362949371338,78.71,0,direct_json,0.733333,0.846154,0.785714,0.0,0,23.6,73.5,6.7,440.6,458.1,23707.1,65.2,4018.4,1925.8,"{'timestamp': '2026-07-27T14:59:33.949328+00:00', 'model_version': 'llama3.2:latest', 'prompt_hash': 'a6af280e'}"
1,4,llama3.2:latest_baseline,22.781773805618286,78.07,0,fallback,1.000000,0.941176,0.969697,0.0,0,23.4,73.5,14.9,448.9,458.1,23576.2,65.0,4018.4,1925.8,"{'timestamp': '2026-07-27T14:59:29.429233+00:00', 'model_version': 'llama3.2:latest', 'prompt_hash': 'a6af280e'}"
1,5,llama3.2:latest_baseline,32.40691518783569,84.39,0,direct_json,1.000000,0.400000,0.571429,0.0,0,18.1,73.5,7.5,433.0,458.1,23827.3,65.5,4018.4,1925.8,"{'timestamp': '2026-07-27T14:59:39.056020+00:00', 'model_version': 'llama3.2:latest', 'prompt_hash': 'a6af280e'}"
1,6,llama3.2:latest_baseline,3.0458500385284424,84.74,0,direct_json,0.500000,1.000000,0.666667,0.0,0,26.7,73.5,71.3,458.1,458.1,21302.3,60.4,4018.4,1925.8,"{'timestamp': '2026-07-27T14:59:09.689981+00:00', 'model_version': 'llama3.2:latest', 'prompt_hash': 'a6af280e'}"
4,13,llama3.2:latest_baseline,34.93348670005798,79.72,0,direct_json,0.650000,0.928571,0.764706,0.0,0,28.5,100.0,3.1,425.3,458.1,23892.5,65.6,4018.4,1925.8,"{'timestamp': '2026-07-27T14:59:41.577813+00:00', 'model_version': 'llama3.2:latest', 'prompt_hash': 'a6af280e'}"
4,14,llama3.2:latest_baseline,6.590579986572266,78.97,0,direct_json,0.785714,0.916667,0.846154,0.0,0,18.9,73.5,37.7,458.1,458.1,22596.0,63.0,4018.4,1925.8,"{'timestamp': '2026-07-27T14:59:13.246877+00:00', 'model_version': 'llama3.2:latest', 'prompt_hash': 'a6af280e'}"
4,15,llama3.2:latest_baseline,11.140122890472412,78.79,0,direct_json,0.125000,0.250000,0.166667,0.25,2,18.7,73.5,17.6,458.1,458.1,23062.1,63.9,4018.4,1925.8,"{'timestamp': '2026-07-27T14:59:17.793895+00:00', 'model_version': 'llama3.2:latest', 'prompt_hash': 'a6af280e'}"
0,1,llama3.2:latest_baseline,14.706074953079224,78.69,0,direct_json,0.545455,0.631579,0.585366,0.0,0,23.6,100.0,12.3,458.0,458.1,23281.2,64.4,4018.4,1925.8,"{'timestamp': '2026-07-27T14:59:21.342760+00:00', 'model_version': 'llama3.2:latest', 'prompt_hash': 'a6af280e'}"
0,2,llama3.2:latest_baseline,24.335364818572998,81.56,0,direct_json,0.526316,0.769231,0.625000,0.05263157894736842,1,16.9,73.5,6.0,445.8,458.1,23624.2,65.1,4018.4,1925.8,"{'timestamp': '2026-07-27T14:59:30.975109+00:00', 'model_version': 'llama3.2:latest', 'prompt_hash': 'a6af280e'}"
0,3,llama3.2:latest_baseline,38.50769376754761,77.12,0,direct_json,0.608696,0.538462,0.571429,0.0,0,20.2,73.5,8.5,416.2,458.1,23961.3,65.7,4018.4,1925.8,"{'timestamp': '2026-07-27T14:59:45.168288+00:00', 'model_version': 'llama3.2:latest', 'prompt_hash': 'a6af280e'}"
3,10,llama3.2:latest_baseline,19.26467800140381,73.93,0,direct_json,0.652174,0.714286,0.681818,0.043478260869565216,1,15.2,73.5,5.7,458.0,458.1,23460.7,64.7,4018.4,1925.8,"{'timestamp': '2026-07-27T14:59:25.931195+00:00', 'model_version': 'llama3.2:latest', 'prompt_hash': 'a6af280e'}"
3,11,llama3.2:latest_baseline,43.583489179611206,73.62,0,direct_json,0.703704,0.678571,0.690909,0.0,0,18.7,73.5,3.9,405.7,458.1,24051.7,65.9,4018.4,1925.8,"{'timestamp': '2026-07-27T14:59:50.268615+00:00', 'model_version': 'llama3.2:latest', 'prompt_hash': 'a6af280e'}"
3,12,llama3.2:latest_baseline,31.898409843444824,78.28,0,direct_json,0.545455,0.750000,0.631579,0.0,0,17.0,73.5,2.6,434.7,458.1,23816.6,65.4,4018.4,1925.8,"{'timestamp': '2026-07-27T14:59:38.581745+00:00', 'model_version': 'llama3.2:latest', 'prompt_hash': 'a6af280e'}"
4,13,llama3.2:latest_rag_enhanced,11.141319274902344,79.22,0,direct_json,0.526316,0.714286,0.606061,0.0,0,13.1,45.8,5.7,713.8,713.9,24864.9,67.5,4018.4,1925.8,"{'timestamp': '2026-07-27T15:00:02.262263+00:00', 'model_version': 'llama3.2:latest', 'prompt_hash': 'a6af280e'}"
4,14,llama3.2:latest_rag_enhanced,18.722382068634033,77.28,0,direct_json,0.785714,0.916667,0.846154,0.0,0,22.9,100.0,15.5,713.8,713.9,24843.6,67.4,4018.4,1925.8,"{'timestamp': '2026-07-27T15:00:09.840908+00:00', 'model_version': 'llama3.2:latest', 'prompt_hash': 'a6af280e'}"
4,15,llama3.2:latest_rag_enhanced,20.748829126358032,78.14,0,direct_json,0.125000,0.250000,0.166667,0.25,2,18.4,51.7,3.6,713.7,713.9,24857.3,67.4,4018.4,1925.8,"{'timestamp': '2026-07-27T15:00:11.860259+00:00', 'model_version': 'llama3.2:latest', 'prompt_hash': 'a6af280e'}"
3,10,llama3.2:latest_rag_enhanced,25.311811923980713,73.07,0,direct_json,0.500000,0.476190,0.487805,0.15,3,29.5,80.0,3.7,713.1,742.7,24845.5,67.3,4018.4,1925.8,"{'timestamp': '2026-07-27T15:00:16.407035+00:00', 'model_version': 'llama3.2:latest', 'prompt_hash': 'a6af280e'}"
3,11,llama3.2:latest_rag_enhanced,15.6898832321167,73.59,0,direct_json,0.583333,0.500000,0.538462,0.0,0,14.3,45.8,6.9,713.8,713.9,24852.1,67.4,4018.4,1925.8,"{'timestamp': '2026-07-27T15:00:06.824555+00:00', 'model_version': 'llama3.2:latest', 'prompt_hash': 'a6af280e'}"
3,12,llama3.2:latest_rag_enhanced,34.39554286003113,78.46,0,direct_json,0.482759,0.583333,0.528302,0.034482758620689655,1,20.5,100.0,2.3,710.9,713.9,24857.2,67.3,4018.4,1925.8,"{'timestamp': '2026-07-27T15:00:25.529852+00:00', 'model_version': 'llama3.2:latest', 'prompt_hash': 'a6af280e'}"
2,7,llama3.2:latest_rag_enhanced,8.602391004562378,77.47,0,direct_json,1.000000,0.500000,0.666667,0.0,0,25.7,68.7,28.1,715.5,742.9,24822.9,67.4,4018.4,1925.8,"{'timestamp': '2026-07-27T14:59:59.694028+00:00', 'model_version': 'llama3.2:latest', 'prompt_hash': 'a6af280e'}"
2,8,llama3.2:latest_rag_enhanced,5.05535888671875,83.58,0,direct_json,0.333333,0.333333,0.333333,0.0,0,19.8,50.0,49.8,713.8,713.9,24768.8,67.3,4018.4,1925.8,"{'timestamp': '2026-07-27T14:59:56.157131+00:00', 'model_version': 'llama3.2:latest', 'prompt_hash': 'a6af280e'}"
2,9,llama3.2:latest_rag_enhanced,36.980080127716064,78.78,0,direct_json,0.909091,0.769231,0.833333,0.0,0,18.4,100.0,7.3,710.2,713.9,24858.0,67.3,4018.4,1925.8,"{'timestamp': '2026-07-27T15:00:28.086735+00:00', 'model_version': 'llama3.2:latest', 'prompt_hash': 'a6af280e'}"
1,4,llama3.2:latest_rag_enhanced,29.341678857803345,77.63,0,fallback,1.000000,0.909091,0.952381,0.0,0,15.6,50.0,2.5,711.7,713.9,24856.4,67.3,4018.4,1925.8,"{'timestamp': '2026-07-27T15:00:20.456074+00:00', 'model_version': 'llama3.2:latest', 'prompt_hash': 'a6af280e'}"
1,5,llama3.2:latest_rag_enhanced,6.076900959014893,83.13,0,direct_json,0.400000,0.400000,0.400000,0.0,0,12.6,45.8,9.9,713.8,713.9,24793.7,67.3,4018.4,1925.8,"{'timestamp': '2026-07-27T14:59:57.192080+00:00', 'model_version': 'llama3.2:latest', 'prompt_hash': 'a6af280e'}"
1,6,llama3.2:latest_rag_enhanced,37.9388222694397,84.04,0,direct_json,0.400000,1.000000,0.571429,0.0,0,19.7,100.0,1.5,709.8,713.9,24859.2,67.3,4018.4,1925.8,"{'timestamp': '2026-07-27T15:00:29.054690+00:00', 'model_version': 'llama3.2:latest', 'prompt_hash': 'a6af280e'}"
0,1,llama3.2:latest_rag_enhanced,4.044563055038452,78.02,0,direct_json,0.458333,0.578947,0.511628,0.0,0,33.0,65.2,38.2,723.1,787.4,24763.5,67.2,4018.4,1925.8,"{'timestamp': '2026-07-27T14:59:55.009717+00:00', 'model_version': 'llama3.2:latest', 'prompt_hash': 'a6af280e'}"
0,2,llama3.2:latest_rag_enhanced,30.8836829662323,81.03,0,direct_json,0.454545,0.384615,0.416667,0.0,0,30.2,57.5,3.3,711.9,742.7,24860.3,67.3,4018.4,1925.8,"{'timestamp': '2026-07-27T15:00:21.946569+00:00', 'model_version': 'llama3.2:latest', 'prompt_hash': 'a6af280e'}"
0,3,llama3.2:latest_rag_enhanced,42.50611209869385,76.67,0,direct_json,0.750000,0.807692,0.777778,0.0,0,23.6,65.2,5.7,703.1,713.9,24863.0,67.3,4018.4,1925.8,"{'timestamp': '2026-07-27T15:00:33.630349+00:00', 'model_version': 'llama3.2:latest', 'prompt_hash': 'a6af280e'}"
1,4,nemotron-mini:4b_baseline,21.772916793823242,67.48,0,direct_json,0.647059,0.611111,0.628571,0.0,0,14.6,49.1,4.7,509.1,593.6,22674.0,62.6,2461.9,2572.4,"{'timestamp': '2026-07-27T15:00:57.519453+00:00', 'model_version': 'nemotron-mini:4b', 'prompt_hash': 'a6af280e'}"
1,5,nemotron-mini:4b_baseline,18.21331262588501,72.32,0,direct_json,0.428571,0.600000,0.500000,0.0,0,21.7,50.0,5.5,526.3,593.6,22589.0,62.5,2461.9,2572.4,"{'timestamp': '2026-07-27T15:00:53.948097+00:00', 'model_version': 'nemotron-mini:4b', 'prompt_hash': 'a6af280e'}"
1,6,nemotron-mini:4b_baseline,4.069823980331421,73.41,0,direct_json,0.000000,0.000000,0.000000,0.0,0,20.9,49.1,76.4,586.6,593.6,21505.2,60.3,2461.9,2572.4,"{'timestamp': '2026-07-27T15:00:39.797121+00:00', 'model_version': 'nemotron-mini:4b', 'prompt_hash': 'a6af280e'}"
2,7,nemotron-mini:4b_baseline,27.348625898361206,67.17,0,direct_json,1.000000,0.300000,0.461538,0.0,0,17.3,63.6,7.6,484.7,593.6,22846.2,63.0,2461.9,2572.4,"{'timestamp': '2026-07-27T15:01:03.086385+00:00', 'model_version': 'nemotron-mini:4b', 'prompt_hash': 'a6af280e'}"
2,8,nemotron-mini:4b_baseline,3.5557596683502197,72.75,0,direct_json,1.000000,0.666667,0.800000,0.0,0,34.0,100.0,44.3,593.5,593.6,21322.4,59.9,2461.9,2572.4,"{'timestamp': '2026-07-27T15:00:39.286545+00:00', 'model_version': 'nemotron-mini:4b', 'prompt_hash': 'a6af280e'}"
2,9,nemotron-mini:4b_baseline,11.13327693939209,67.61,0,direct_json,0.230769,0.428571,0.300000,0.0,0,17.9,49.1,10.3,558.5,593.6,22329.2,61.9,2461.9,2572.4,"{'timestamp': '2026-07-27T15:00:46.874131+00:00', 'model_version': 'nemotron-mini:4b', 'prompt_hash': 'a6af280e'}"
4,13,nemotron-mini:4b_baseline,24.81973910331726,68.69,0,direct_json,0.266667,0.285714,0.275862,0.0,0,24.3,63.6,14.1,500.4,593.6,22757.6,62.8,2461.9,2572.4,"{'timestamp': '2026-07-27T15:01:00.554972+00:00', 'model_version': 'nemotron-mini:4b', 'prompt_hash': 'a6af280e'}"
4,14,nemotron-mini:4b_baseline,16.708157062530518,68.04,0,direct_json,0.250000,0.250000,0.250000,0.08333333333333333,1,14.6,49.1,8.5,533.5,593.6,22543.4,62.4,2461.9,2572.4,"{'timestamp': '2026-07-27T15:00:52.459598+00:00', 'model_version': 'nemotron-mini:4b', 'prompt_hash': 'a6af280e'}"
4,15,nemotron-mini:4b_baseline,30.887721061706543,66.89,0,direct_json,0.214286,0.750000,0.333333,0.07142857142857142,1,18.1,63.6,6.3,469.1,593.6,22922.2,63.1,2461.9,2572.4,"{'timestamp': '2026-07-27T15:01:06.632119+00:00', 'model_version': 'nemotron-mini:4b', 'prompt_hash': 'a6af280e'}"
0,1,nemotron-mini:4b_baseline,32.90498208999634,68.18,0,direct_json,0.500000,0.157895,0.240000,0.0,0,23.4,50.0,7.7,461.3,593.6,22962.6,63.2,2461.9,2572.4,"{'timestamp': '2026-07-27T15:01:08.640872+00:00', 'model_version': 'nemotron-mini:4b', 'prompt_hash': 'a6af280e'}"
0,2,nemotron-mini:4b_baseline,6.085718870162964,69.71,0,direct_json,0.200000,0.153846,0.173913,0.0,0,16.6,49.1,15.7,570.6,593.6,21952.4,61.2,2461.9,2572.4,"{'timestamp': '2026-07-27T15:00:41.828757+00:00', 'model_version': 'nemotron-mini:4b', 'prompt_hash': 'a6af280e'}"
0,3,nemotron-mini:4b_baseline,39.982645988464355,67.01,0,direct_json,0.500000,0.230769,0.315789,0.16666666666666666,2,20.5,50.0,2.2,439.3,593.6,23085.9,63.4,2461.9,2572.4,"{'timestamp': '2026-07-27T15:01:15.745958+00:00', 'model_version': 'nemotron-mini:4b', 'prompt_hash': 'a6af280e'}"
3,10,nemotron-mini:4b_baseline,36.95814299583435,63.36,0,direct_json,0.571429,0.380952,0.457143,0.07142857142857142,1,23.7,100.0,11.2,448.1,593.6,23039.3,63.4,2461.9,2572.4,"{'timestamp': '2026-07-27T15:01:12.695477+00:00', 'model_version': 'nemotron-mini:4b', 'prompt_hash': 'a6af280e'}"
3,11,nemotron-mini:4b_baseline,44.02509903907776,63.83,0,direct_json,0.461538,0.214286,0.292683,0.0,0,24.7,100.0,2.1,430.9,593.6,23150.1,63.6,2461.9,2572.4,"{'timestamp': '2026-07-27T15:01:19.787654+00:00', 'model_version': 'nemotron-mini:4b', 'prompt_hash': 'a6af280e'}"
3,12,nemotron-mini:4b_baseline,14.18759799003601,67.97,0,direct_json,0.384615,0.208333,0.270270,0.0,0,17.4,49.1,20.9,552.2,593.6,22445.9,62.2,2461.9,2572.4,"{'timestamp': '2026-07-27T15:00:49.942036+00:00', 'model_version': 'nemotron-mini:4b', 'prompt_hash': 'a6af280e'}"
0,1,nemotron-mini:4b_rag_enhanced,17.7205650806427,67.58,0,direct_json,1.000000,0.157895,0.272727,0.0,0,37.9,99.4,10.0,768.6,998.3,24148.4,65.5,2461.9,2572.4,"{'timestamp': '2026-07-27T15:01:38.172930+00:00', 'model_version': 'nemotron-mini:4b', 'prompt_hash': 'a6af280e'}"
0,2,nemotron-mini:4b_rag_enhanced,7.085251092910767,69.73,0,direct_json,0.250000,0.230769,0.240000,0.25,3,40.1,90.2,41.9,777.9,986.0,24102.8,65.4,2461.9,2572.4,"{'timestamp': '2026-07-27T15:01:27.368033+00:00', 'model_version': 'nemotron-mini:4b', 'prompt_hash': 'a6af280e'}"
0,3,nemotron-mini:4b_rag_enhanced,15.2151198387146,66.53,0,direct_json,0.692308,0.346154,0.461538,0.0,0,32.8,99.4,12.1,770.0,1005.6,24124.3,65.5,2461.9,2572.4,"{'timestamp': '2026-07-27T15:01:35.773923+00:00', 'model_version': 'nemotron-mini:4b', 'prompt_hash': 'a6af280e'}"
1,4,nemotron-mini:4b_rag_enhanced,5.094418048858643,66.6,0,direct_json,0.423077,0.611111,0.500000,0.0,0,31.0,86.6,69.6,781.5,874.7,24105.1,65.4,2461.9,2572.4,"{'timestamp': '2026-07-27T15:01:25.269005+00:00', 'model_version': 'nemotron-mini:4b', 'prompt_hash': 'a6af280e'}"
1,5,nemotron-mini:4b_rag_enhanced,15.691792011260986,70.1,0,direct_json,1.000000,0.400000,0.571429,0.0,0,33.7,99.5,8.7,769.7,1005.6,24126.5,65.5,2461.9,2572.4,"{'timestamp': '2026-07-27T15:01:36.234443+00:00', 'model_version': 'nemotron-mini:4b', 'prompt_hash': 'a6af280e'}"
1,6,nemotron-mini:4b_rag_enhanced,22.273623943328857,72.9,0,direct_json,0.500000,1.000000,0.666667,0.0,0,28.0,69.1,18.8,762.2,845.2,24165.7,65.5,2461.9,2572.4,"{'timestamp': '2026-07-27T15:01:42.951086+00:00', 'model_version': 'nemotron-mini:4b', 'prompt_hash': 'a6af280e'}"
2,7,nemotron-mini:4b_rag_enhanced,35.4395010471344,66.7,0,direct_json,1.000000,0.300000,0.461538,0.0,0,19.2,69.1,3.2,755.4,761.9,24198.5,65.5,2461.9,2572.4,"{'timestamp': '2026-07-27T15:01:56.146309+00:00', 'model_version': 'nemotron-mini:4b', 'prompt_hash': 'a6af280e'}"
2,8,nemotron-mini:4b_rag_enhanced,22.780242919921875,70.05,0,direct_json,1.000000,0.666667,0.800000,0.0,0,21.7,69.1,2.9,760.0,761.9,24167.4,65.5,2461.9,2572.4,"{'timestamp': '2026-07-27T15:01:43.482415+00:00', 'model_version': 'nemotron-mini:4b', 'prompt_hash': 'a6af280e'}"
2,9,nemotron-mini:4b_rag_enhanced,21.285304069519043,67.3,0,direct_json,0.315789,0.461538,0.375000,0.0,0,18.7,69.1,1.9,760.6,761.9,24164.1,65.5,2461.9,2572.4,"{'timestamp': '2026-07-27T15:01:41.995900+00:00', 'model_version': 'nemotron-mini:4b', 'prompt_hash': 'a6af280e'}"
4,13,nemotron-mini:4b_rag_enhanced,11.680382251739502,67.0,0,direct_json,0.047619,0.071429,0.057143,0.3333333333333333,7,37.2,99.3,31.0,772.3,1000.7,24118.8,65.4,2461.9,2572.4,"{'timestamp': '2026-07-27T15:01:32.119357+00:00', 'model_version': 'nemotron-mini:4b', 'prompt_hash': 'a6af280e'}"
4,14,nemotron-mini:4b_rag_enhanced,38.51362204551697,66.98,0,direct_json,0.636364,0.583333,0.608696,0.09090909090909091,1,22.5,69.1,10.8,755.4,845.2,24208.2,65.5,2461.9,2572.4,"{'timestamp': '2026-07-27T15:01:59.195615+00:00', 'model_version': 'nemotron-mini:4b', 'prompt_hash': 'a6af280e'}"
4,15,nemotron-mini:4b_rag_enhanced,26.333478212356567,66.82,0,direct_json,0.100000,0.250000,0.142857,0.1,1,22.3,75.0,2.3,758.3,761.9,24171.7,65.5,2461.9,2572.4,"{'timestamp': '2026-07-27T15:01:47.046118+00:00', 'model_version': 'nemotron-mini:4b', 'prompt_hash': 'a6af280e'}"
3,10,nemotron-mini:4b_rag_enhanced,46.101983070373535,63.11,0,direct_json,0.470588,0.380952,0.421053,0.058823529411764705,1,20.8,69.1,5.2,744.2,761.9,24225.1,65.5,2461.9,2572.4,"{'timestamp': '2026-07-27T15:02:06.821216+00:00', 'model_version': 'nemotron-mini:4b', 'prompt_hash': 'a6af280e'}"
3,11,nemotron-mini:4b_rag_enhanced,32.949000120162964,63.3,0,direct_json,0.222222,0.214286,0.218182,0.07407407407407407,2,19.8,69.1,4.5,756.0,761.9,24187.5,65.6,2461.9,2572.4,"{'timestamp': '2026-07-27T15:01:53.685817+00:00', 'model_version': 'nemotron-mini:4b', 'prompt_hash': 'a6af280e'}"
3,12,nemotron-mini:4b_rag_enhanced,41.52917695045471,66.86,0,direct_json,0.454545,0.208333,0.285714,0.2727272727272727,3,20.5,69.1,2.5,749.5,761.9,24221.0,65.5,2461.9,2572.4,"{'timestamp': '2026-07-27T15:02:02.261235+00:00', 'model_version': 'nemotron-mini:4b', 'prompt_hash': 'a6af280e'}"
1,4,deepseek-r1:1.5b_baseline,16.22375512123108,130.77,0,codeblock,0.600000,0.166667,0.260870,0.0,0,30.2,100.0,21.9,635.7,684.5,22856.8,62.3,1723.0,1065.6,"{'timestamp': '2026-07-27T15:02:25.150071+00:00', 'model_version': 'deepseek-r1:1.5b', 'prompt_hash': 'a6af280e'}"
1,5,deepseek-r1:1.5b_baseline,11.632553815841675,135.31,0,codeblock,0.125000,0.200000,0.153846,0.0,0,17.0,43.8,3.5,648.8,684.5,22747.4,62.1,1723.0,1065.6,"{'timestamp': '2026-07-27T15:02:20.573698+00:00', 'model_version': 'deepseek-r1:1.5b', 'prompt_hash': 'a6af280e'}"
1,6,deepseek-r1:1.5b_baseline,6.581982135772705,135.67,0,codeblock,0.200000,0.500000,0.285714,0.0,0,15.8,43.8,32.7,684.4,684.5,22579.9,61.8,1723.0,1065.6,"{'timestamp': '2026-07-27T15:02:15.502820+00:00', 'model_version': 'deepseek-r1:1.5b', 'prompt_hash': 'a6af280e'}"
2,7,deepseek-r1:1.5b_baseline,41.5586199760437,124.14,0,codeblock,0.600000,0.300000,0.400000,0.0,0,29.1,100.0,7.3,595.7,699.6,23187.5,62.9,1723.0,1065.6,"{'timestamp': '2026-07-27T15:02:50.484235+00:00', 'model_version': 'deepseek-r1:1.5b', 'prompt_hash': 'a6af280e'}"
2,8,deepseek-r1:1.5b_baseline,23.30615782737732,135.08,0,codeblock,0.333333,0.500000,0.400000,0.0,0,20.1,86.5,8.7,629.8,699.6,23007.2,62.6,1723.0,1065.6,"{'timestamp': '2026-07-27T15:02:32.240585+00:00', 'model_version': 'deepseek-r1:1.5b', 'prompt_hash': 'a6af280e'}"
2,9,deepseek-r1:1.5b_baseline,35.95001983642578,128.24,0,codeblock,0.461538,0.461538,0.461538,0.07692307692307693,1,26.8,100.0,8.5,612.5,699.6,23141.5,62.8,1723.0,1065.6,"{'timestamp': '2026-07-27T15:02:44.892254+00:00', 'model_version': 'deepseek-r1:1.5b', 'prompt_hash': 'a6af280e'}"
0,1,deepseek-r1:1.5b_baseline,46.09598112106323,131.37,0,codeblock,0.545455,0.315789,0.400000,0.0,0,20.2,86.5,3.4,585.0,699.6,23220.0,62.9,1723.0,1065.6,"{'timestamp': '2026-07-27T15:02:55.032444+00:00', 'model_version': 'deepseek-r1:1.5b', 'prompt_hash': 'a6af280e'}"
0,2,deepseek-r1:1.5b_baseline,49.59628701210022,135.2,0,codeblock,0.500000,0.153846,0.235294,0.0,0,24.5,86.5,4.2,578.0,699.6,23238.4,63.0,1723.0,1065.6,"{'timestamp': '2026-07-27T15:02:58.532598+00:00', 'model_version': 'deepseek-r1:1.5b', 'prompt_hash': 'a6af280e'}"
0,3,deepseek-r1:1.5b_baseline,66.82707810401917,129.02,0,codeblock,0.000000,0.000000,0.000000,0.0,0,26.6,86.5,2.0,554.6,699.6,23346.2,63.2,1723.0,1065.6,"{'timestamp': '2026-07-27T15:03:15.775543+00:00', 'model_version': 'deepseek-r1:1.5b', 'prompt_hash': 'a6af280e'}"
3,10,deepseek-r1:1.5b_baseline,71.94753694534302,120.45,0,codeblock,0.777778,0.318182,0.451613,0.0,0,24.9,100.0,2.6,549.8,699.6,23372.4,63.2,1723.0,1065.6,"{'timestamp': '2026-07-27T15:03:20.885286+00:00', 'model_version': 'deepseek-r1:1.5b', 'prompt_hash': 'a6af280e'}"
3,11,deepseek-r1:1.5b_baseline,57.76543188095093,120.33,0,codeblock,0.071429,0.068966,0.070175,0.0,0,17.8,86.5,3.3,565.2,699.6,23298.4,63.1,1723.0,1065.6,"{'timestamp': '2026-07-27T15:03:06.730861+00:00', 'model_version': 'deepseek-r1:1.5b', 'prompt_hash': 'a6af280e'}"
3,12,deepseek-r1:1.5b_baseline,62.293824911117554,131.46,0,codeblock,0.666667,0.250000,0.363636,0.0,0,21.2,100.0,2.6,559.5,699.6,23329.4,63.1,1723.0,1065.6,"{'timestamp': '2026-07-27T15:03:11.258242+00:00', 'model_version': 'deepseek-r1:1.5b', 'prompt_hash': 'a6af280e'}"
4,13,deepseek-r1:1.5b_baseline,26.865705966949463,130.8,0,codeblock,0.250000,0.214286,0.230769,0.0,0,21.6,86.5,7.7,623.3,699.6,23032.5,62.6,1723.0,1065.6,"{'timestamp': '2026-07-27T15:02:35.801331+00:00', 'model_version': 'deepseek-r1:1.5b', 'prompt_hash': 'a6af280e'}"
4,14,deepseek-r1:1.5b_baseline,18.747829914093018,125.54,0,codeblock,0.666667,0.166667,0.266667,0.0,0,18.4,86.5,7.4,641.7,699.6,22919.9,62.4,1723.0,1065.6,"{'timestamp': '2026-07-27T15:02:27.688149+00:00', 'model_version': 'deepseek-r1:1.5b', 'prompt_hash': 'a6af280e'}"
4,15,deepseek-r1:1.5b_baseline,80.5045690536499,125.79,0,codeblock,0.125000,0.250000,0.166667,0.125,1,23.4,100.0,2.7,543.1,699.6,23401.8,63.2,1723.0,1065.6,"{'timestamp': '2026-07-27T15:03:29.453605+00:00', 'model_version': 'deepseek-r1:1.5b', 'prompt_hash': 'a6af280e'}"
1,4,deepseek-r1:1.5b_rag_enhanced,11.65008020401001,127.79,0,codeblock,0.200000,0.055556,0.086957,0.4,2,17.9,75.7,68.1,858.1,860.6,23882.6,64.1,1723.0,1065.6,"{'timestamp': '2026-07-27T15:03:41.493055+00:00', 'model_version': 'deepseek-r1:1.5b', 'prompt_hash': 'a6af280e'}"
1,5,deepseek-r1:1.5b_rag_enhanced,16.161854028701782,130.91,0,codeblock,0.400000,0.400000,0.400000,0.0,0,16.6,75.7,17.6,860.0,860.6,23886.1,64.1,1723.0,1065.6,"{'timestamp': '2026-07-27T15:03:46.029447+00:00', 'model_version': 'deepseek-r1:1.5b', 'prompt_hash': 'a6af280e'}"
1,6,deepseek-r1:1.5b_rag_enhanced,5.063686847686768,134.48,0,codeblock,0.142857,0.500000,0.222222,0.14285714285714285,1,26.8,74.1,57.6,859.0,909.5,23887.3,64.1,1723.0,1065.6,"{'timestamp': '2026-07-27T15:03:34.864479+00:00', 'model_version': 'deepseek-r1:1.5b', 'prompt_hash': 'a6af280e'}"
2,7,deepseek-r1:1.5b_rag_enhanced,39.93980002403259,122.21,0,codeblock,0.800000,0.400000,0.533333,0.0,0,24.8,67.5,12.6,721.8,897.7,23861.9,64.0,1723.0,1065.6,"{'timestamp': '2026-07-27T15:04:10.068993+00:00', 'model_version': 'deepseek-r1:1.5b', 'prompt_hash': 'a6af280e'}"
2,8,deepseek-r1:1.5b_rag_enhanced,60.258050203323364,133.16,0,codeblock,0.400000,0.666667,0.500000,0.2,1,17.2,53.2,2.8,670.0,860.6,23871.1,64.0,1723.0,1065.6,"{'timestamp': '2026-07-27T15:04:30.594931+00:00', 'model_version': 'deepseek-r1:1.5b', 'prompt_hash': 'a6af280e'}"
2,9,deepseek-r1:1.5b_rag_enhanced,52.61221504211426,131.45,0,codeblock,0.571429,0.307692,0.400000,0.0,0,19.7,53.2,2.5,684.7,860.6,23872.0,64.0,1723.0,1065.6,"{'timestamp': '2026-07-27T15:04:22.963746+00:00', 'model_version': 'deepseek-r1:1.5b', 'prompt_hash': 'a6af280e'}"
3,10,deepseek-r1:1.5b_rag_enhanced,25.80107808113098,120.52,0,codeblock,0.266667,0.190476,0.222222,0.06666666666666667,1,29.5,75.8,19.3,808.1,888.2,23857.0,64.0,1723.0,1065.6,"{'timestamp': '2026-07-27T15:03:55.771687+00:00', 'model_version': 'deepseek-r1:1.5b', 'prompt_hash': 'a6af280e'}"
3,11,deepseek-r1:1.5b_rag_enhanced,33.94003200531006,119.88,0,codeblock,0.076923,0.035714,0.048780,0.0,0,25.6,70.4,5.4,749.1,893.5,23868.9,64.0,1723.0,1065.6,"{'timestamp': '2026-07-27T15:04:04.046226+00:00', 'model_version': 'deepseek-r1:1.5b', 'prompt_hash': 'a6af280e'}"
3,12,deepseek-r1:1.5b_rag_enhanced,65.30917382240295,130.69,0,codeblock,0.545455,0.250000,0.342857,0.0,0,20.4,100.0,2.9,662.2,860.6,23874.0,64.0,1723.0,1065.6,"{'timestamp': '2026-07-27T15:04:35.670648+00:00', 'model_version': 'deepseek-r1:1.5b', 'prompt_hash': 'a6af280e'}"
0,1,deepseek-r1:1.5b_rag_enhanced,20.76013994216919,130.89,0,codeblock,0.230769,0.157895,0.187500,0.07692307692307693,1,16.3,75.7,11.5,830.0,886.9,23884.3,64.1,1723.0,1065.6,"{'timestamp': '2026-07-27T15:03:50.679643+00:00', 'model_version': 'deepseek-r1:1.5b', 'prompt_hash': 'a6af280e'}"
0,2,deepseek-r1:1.5b_rag_enhanced,47.62037491798401,134.41,0,codeblock,0.166667,0.076923,0.105263,0.3333333333333333,2,16.1,53.2,2.5,697.0,860.6,23864.7,64.0,1723.0,1065.6,"{'timestamp': '2026-07-27T15:04:17.965357+00:00', 'model_version': 'deepseek-r1:1.5b', 'prompt_hash': 'a6af280e'}"
0,3,deepseek-r1:1.5b_rag_enhanced,72.9342520236969,130.67,0,codeblock,0.333333,0.074074,0.121212,0.0,0,18.6,53.2,3.3,652.2,860.6,23888.0,64.0,1723.0,1065.6,"{'timestamp': '2026-07-27T15:04:43.294805+00:00', 'model_version': 'deepseek-r1:1.5b', 'prompt_hash': 'a6af280e'}"
4,13,deepseek-r1:1.5b_rag_enhanced,43.559364318847656,132.39,0,codeblock,0.400000,0.285714,0.333333,0.0,0,23.4,53.2,16.2,709.5,909.3,23867.6,64.0,1723.0,1065.6,"{'timestamp': '2026-07-27T15:04:13.847485+00:00', 'model_version': 'deepseek-r1:1.5b', 'prompt_hash': 'a6af280e'}"
4,14,deepseek-r1:1.5b_rag_enhanced,69.85333395004272,130.44,0,codeblock,0.600000,0.250000,0.352941,0.0,0,20.2,53.2,1.9,655.9,860.6,23880.9,64.0,1723.0,1065.6,"{'timestamp': '2026-07-27T15:04:40.206498+00:00', 'model_version': 'deepseek-r1:1.5b', 'prompt_hash': 'a6af280e'}"
4,15,deepseek-r1:1.5b_rag_enhanced,78.01594614982605,127.36,0,codeblock,0.181818,0.500000,0.266667,0.09090909090909091,1,18.2,53.2,1.5,646.4,860.6,23896.0,64.1,1723.0,1065.6,"{'timestamp': '2026-07-27T15:04:48.368961+00:00', 'model_version': 'deepseek-r1:1.5b', 'prompt_hash': 'a6af280e'}"
