batch_idx,record_id,model,latency_sec,tokens_per_sec,retries,parse_method,precision,recall,f1,hallucination_rate,hallucinated_count,cpu_avg_pct,cpu_peak_pct,proc_cpu_avg_pct,mem_avg_mb,mem_peak_mb,sys_mem_avg_mb,sys_mem_avg_pct,vram_mb,model_disk_mb,data_provenance,source_run
4,real_mixed_13,qwen3:8b_baseline,7.5542731285095215,40.25,0,direct_json,0.434783,0.588235,0.5,0.0,0,11.7,39.0,11.1,269.2,269.2,21008.5,83.1,7681.7,4983.3,"{'timestamp': '2026-09-06T20:39:48.431804+00:00', 'model_version': 'qwen3:8b', 'prompt_hash': 'a6af280e'}",01_qwen3_nothink
4,real_mixed_14,qwen3:8b_baseline,18.62235116958618,40.54,0,fallback,0.666667,0.909091,0.769231,0.0,0,10.2,39.0,4.1,237.4,269.9,20959.1,83.1,7681.7,4983.3,"{'timestamp': '2026-09-06T20:39:59.481683+00:00', 'model_version': 'qwen3:8b', 'prompt_hash': 'a6af280e'}",01_qwen3_nothink
4,real_mixed_15,qwen3:8b_baseline,52.83003902435303,41.18,0,direct_json,0.285714,0.666667,0.4,0.0,0,18.1,84.6,10.2,215.9,269.9,21048.8,83.1,7681.7,4983.3,"{'timestamp': '2026-09-06T20:40:33.682238+00:00', 'model_version': 'qwen3:8b', 'prompt_hash': 'a6af280e'}",01_qwen3_nothink
0,real_mixed_1,qwen3:8b_baseline,12.584707975387571,41.2,0,direct_json,0.526316,0.769231,0.625,0.0,0,15.0,60.0,45.9,253.3,269.9,20974.0,83.1,7681.7,4983.3,"{'timestamp': '2026-09-06T20:39:53.440138+00:00', 'model_version': 'qwen3:8b', 'prompt_hash': 'a6af280e'}",01_qwen3_nothink
0,real_mixed_2,qwen3:8b_baseline,30.711040019989017,38.62,0,direct_json,0.538462,0.583333,0.56,0.0769230769230769,1,12.3,68.3,2.5,224.3,269.9,21014.9,83.1,7681.7,4983.3,"{'timestamp': '2026-09-06T20:40:11.567204+00:00', 'model_version': 'qwen3:8b', 'prompt_hash': 'a6af280e'}",01_qwen3_nothink
0,real_mixed_3,qwen3:8b_baseline,57.87756586074829,40.8,0,direct_json,0.5,0.5,0.5,0.0,0,13.2,69.0,1.7,207.4,269.9,21042.0,83.1,7681.7,4983.3,"{'timestamp': '2026-09-06T20:40:38.737519+00:00', 'model_version': 'qwen3:8b', 'prompt_hash': 'a6af280e'}",01_qwen3_nothink
3,real_mixed_10,qwen3:8b_baseline,65.41274976730347,40.73,0,direct_json,0.428571,1.0,0.6,0.0,0,14.0,69.0,5.3,197.0,269.9,21054.0,83.1,7681.7,4983.3,"{'timestamp': '2026-09-06T20:40:46.263407+00:00', 'model_version': 'qwen3:8b', 'prompt_hash': 'a6af280e'}",01_qwen3_nothink
3,real_mixed_11,qwen3:8b_baseline,44.80184292793274,40.25,0,direct_json,0.5,0.833333,0.625,0.0,0,11.9,68.3,0.8,218.0,269.9,21039.2,83.0,7681.7,4983.3,"{'timestamp': '2026-09-06T20:40:25.655110+00:00', 'model_version': 'qwen3:8b', 'prompt_hash': 'a6af280e'}",01_qwen3_nothink
3,real_mixed_12,qwen3:8b_baseline,47.833744049072266,41.39,0,direct_json,0.333333,0.571429,0.421053,0.0,0,11.7,68.3,8.4,217.2,269.9,21041.9,83.1,7681.7,4983.3,"{'timestamp': '2026-09-06T20:40:28.681557+00:00', 'model_version': 'qwen3:8b', 'prompt_hash': 'a6af280e'}",01_qwen3_nothink
2,real_mixed_7,qwen3:8b_baseline,76.99335312843323,40.94,0,direct_json,0.5625,0.642857,0.6,0.0,0,18.6,100.0,6.4,186.2,269.9,21092.0,83.0,7681.7,4983.3,"{'timestamp': '2026-09-06T20:40:57.849989+00:00', 'model_version': 'qwen3:8b', 'prompt_hash': 'a6af280e'}",01_qwen3_nothink
2,real_mixed_8,qwen3:8b_baseline,61.8934760093689,40.09,0,direct_json,0.545455,0.666667,0.6,0.0,0,18.0,100.0,6.9,201.6,269.9,21036.4,83.1,7681.7,4983.3,"{'timestamp': '2026-09-06T20:40:42.740725+00:00', 'model_version': 'qwen3:8b', 'prompt_hash': 'a6af280e'}",01_qwen3_nothink
2,real_mixed_9,qwen3:8b_baseline,26.67802691459656,41.76,0,direct_json,0.333333,0.4,0.363636,0.0,0,12.2,66.7,17.6,227.3,269.9,20984.3,83.1,7681.7,4983.3,"{'timestamp': '2026-09-06T20:40:07.530506+00:00', 'model_version': 'qwen3:8b', 'prompt_hash': 'a6af280e'}",01_qwen3_nothink
1,real_mixed_4,qwen3:8b_baseline,36.236579179763794,41.33,0,direct_json,0.615385,0.571429,0.592593,0.0,0,21.8,100.0,17.7,221.1,269.9,21022.9,83.1,7681.7,4983.3,"{'timestamp': '2026-09-06T20:40:17.090087+00:00', 'model_version': 'qwen3:8b', 'prompt_hash': 'a6af280e'}",01_qwen3_nothink
1,real_mixed_5,qwen3:8b_baseline,69.9304711818695,40.47,0,direct_json,0.307692,0.4,0.347826,0.0,0,20.4,100.0,6.8,192.4,269.9,21080.0,83.0,7681.7,4983.3,"{'timestamp': '2026-09-06T20:40:50.778517+00:00', 'model_version': 'qwen3:8b', 'prompt_hash': 'a6af280e'}",01_qwen3_nothink
1,real_mixed_6,qwen3:8b_baseline,82.03678393363953,41.71,0,direct_json,0.5,0.611111,0.55,0.1363636363636363,3,18.1,84.6,1.7,182.4,269.9,21088.0,83.0,7681.7,4983.3,"{'timestamp': '2026-09-06T20:41:02.908215+00:00', 'model_version': 'qwen3:8b', 'prompt_hash': 'a6af280e'}",01_qwen3_nothink
5,real_mixed_16,qwen3:8b_baseline,22.649904251098633,40.62,0,direct_json,0.727273,0.888889,0.8,0.0909090909090909,1,10.1,39.0,19.5,231.4,269.9,20968.1,83.1,7681.7,4983.3,"{'timestamp': '2026-09-06T20:40:03.501740+00:00', 'model_version': 'qwen3:8b', 'prompt_hash': 'a6af280e'}",01_qwen3_nothink
5,real_mixed_17,qwen3:8b_baseline,71.97866654396057,42.98,0,direct_json,0.333333,1.0,0.5,0.0,0,16.3,100.0,6.9,190.5,269.9,21084.5,83.0,7681.7,4983.3,"{'timestamp': '2026-09-06T20:40:52.819666+00:00', 'model_version': 'qwen3:8b', 'prompt_hash': 'a6af280e'}",01_qwen3_nothink
5,real_mixed_18,qwen3:8b_baseline,85.59808802604675,41.17,0,direct_json,0.727273,0.666667,0.695652,0.0,0,12.5,68.3,1.6,179.8,269.9,21081.2,83.0,7681.7,4983.3,"{'timestamp': '2026-09-06T20:41:06.463746+00:00', 'model_version': 'qwen3:8b', 'prompt_hash': 'a6af280e'}",01_qwen3_nothink
6,real_mixed_19,qwen3:8b_baseline,36.77865886688232,42.11,0,direct_json,0.705882,0.6,0.648649,0.0588235294117647,1,12.7,56.2,3.3,121.5,144.5,21099.1,82.9,7681.7,4983.3,"{'timestamp': '2026-09-06T20:41:10.508448+00:00', 'model_version': 'qwen3:8b', 'prompt_hash': 'a6af280e'}",01_qwen3_nothink
6,real_mixed_20,qwen3:8b_baseline,41.29684138298035,41.55,0,direct_json,0.555556,0.3125,0.4,0.0,0,16.0,60.0,2.5,121.7,153.9,21067.8,83.0,7681.7,4983.3,"{'timestamp': '2026-09-06T20:41:15.018510+00:00', 'model_version': 'qwen3:8b', 'prompt_hash': 'a6af280e'}",01_qwen3_nothink
6,real_mixed_21,qwen3:8b_baseline,46.851301193237305,41.26,0,direct_json,0.466667,0.5,0.482759,0.0,0,14.5,58.8,1.9,121.8,152.5,21038.7,83.0,7681.7,4983.3,"{'timestamp': '2026-09-06T20:41:20.569103+00:00', 'model_version': 'qwen3:8b', 'prompt_hash': 'a6af280e'}",01_qwen3_nothink
7,real_mixed_22,qwen3:8b_baseline,43.821967124938965,42.72,0,direct_json,0.0,0.0,0.0,0.0,0,10.2,36.0,2.5,122.6,128.4,21033.7,83.0,7681.7,4983.3,"{'timestamp': '2026-09-06T20:41:22.566888+00:00', 'model_version': 'qwen3:8b', 'prompt_hash': 'a6af280e'}",01_qwen3_nothink
7,real_mixed_23,qwen3:8b_baseline,50.86316895484924,41.67,0,direct_json,0.666667,0.533333,0.592593,0.0,0,11.3,53.7,2.3,122.7,128.4,20991.7,83.0,7681.7,4983.3,"{'timestamp': '2026-09-06T20:41:29.626947+00:00', 'model_version': 'qwen3:8b', 'prompt_hash': 'a6af280e'}",01_qwen3_nothink
7,real_mixed_24,qwen3:8b_baseline,46.844974994659424,42.08,0,direct_json,0.571429,0.571429,0.571429,0.0,0,10.4,36.0,3.1,122.7,128.4,21012.5,83.0,7681.7,4983.3,"{'timestamp': '2026-09-06T20:41:25.599881+00:00', 'model_version': 'qwen3:8b', 'prompt_hash': 'a6af280e'}",01_qwen3_nothink
8,real_mixed_25,qwen3:8b_baseline,54.40124797821045,41.86,0,direct_json,0.4,0.333333,0.363636,0.0,0,14.3,64.0,2.3,124.9,128.8,20937.7,82.9,7681.7,4983.3,"{'timestamp': '2026-09-06T20:41:40.692807+00:00', 'model_version': 'qwen3:8b', 'prompt_hash': 'a6af280e'}",01_qwen3_nothink
8,real_mixed_26,qwen3:8b_baseline,51.39146280288696,41.13,0,direct_json,0.6,0.583333,0.591549,0.0,0,14.4,66.7,2.2,124.7,128.8,20936.3,83.0,7681.7,4983.3,"{'timestamp': '2026-09-06T20:41:37.702581+00:00', 'model_version': 'qwen3:8b', 'prompt_hash': 'a6af280e'}",01_qwen3_nothink
8,real_mixed_27,qwen3:8b_baseline,62.95897603034973,40.3,0,direct_json,0.772727,0.62963,0.693878,0.0,0,14.3,58.1,2.0,125.4,128.8,20964.0,82.8,7681.7,4983.3,"{'timestamp': '2026-09-06T20:41:49.254327+00:00', 'model_version': 'qwen3:8b', 'prompt_hash': 'a6af280e'}",01_qwen3_nothink
9,real_mixed_28,qwen3:8b_baseline,58.46113109588623,41.29,0,direct_json,0.454545,0.333333,0.384615,0.0,0,10.8,100.0,2.3,125.7,129.3,20934.3,82.8,7681.7,4983.3,"{'timestamp': '2026-09-06T20:41:56.345436+00:00', 'model_version': 'qwen3:8b', 'prompt_hash': 'a6af280e'}",01_qwen3_nothink
9,real_mixed_29,qwen3:8b_baseline,64.45859789848328,41.53,0,direct_json,0.318182,0.583333,0.411765,0.0,0,13.6,53.3,2.1,125.9,129.3,20941.5,82.8,7681.7,4983.3,"{'timestamp': '2026-09-06T20:42:02.341964+00:00', 'model_version': 'qwen3:8b', 'prompt_hash': 'a6af280e'}",01_qwen3_nothink
9,real_mixed_30,qwen3:8b_baseline,53.90009021759033,42.18,0,direct_json,0.333333,0.25,0.285714,0.0,0,12.9,51.0,2.3,125.4,129.3,20907.5,82.8,7681.7,4983.3,"{'timestamp': '2026-09-06T20:41:51.766438+00:00', 'model_version': 'qwen3:8b', 'prompt_hash': 'a6af280e'}",01_qwen3_nothink
10,real_mixed_31,qwen3:8b_baseline,62.4670033454895,42.48,0,direct_json,0.2,1.0,0.333333,0.0,0,7.8,30.7,2.1,126.2,129.3,20939.8,82.7,7681.7,4983.3,"{'timestamp': '2026-09-06T20:42:05.398500+00:00', 'model_version': 'qwen3:8b', 'prompt_hash': 'a6af280e'}",01_qwen3_nothink
10,real_mixed_32,qwen3:8b_baseline,65.48809432983398,42.01,0,direct_json,0.153846,0.285714,0.2,0.0,0,9.9,100.0,2.0,126.2,129.3,20942.4,82.7,7681.7,4983.3,"{'timestamp': '2026-09-06T20:42:08.425119+00:00', 'model_version': 'qwen3:8b', 'prompt_hash': 'a6af280e'}",01_qwen3_nothink
10,real_mixed_33,qwen3:8b_baseline,69.55444002151489,41.51,0,direct_json,0.7,0.538462,0.608696,0.0,0,7.7,30.7,1.6,126.2,129.3,20940.3,82.8,7681.7,4983.3,"{'timestamp': '2026-09-06T20:42:12.505246+00:00', 'model_version': 'qwen3:8b', 'prompt_hash': 'a6af280e'}",01_qwen3_nothink
11,real_mixed_34,qwen3:8b_baseline,75.03099226951599,41.65,0,direct_json,0.363636,0.4,0.380952,0.0,0,8.6,100.0,3.0,125.4,129.3,20916.7,82.8,7681.7,4983.3,"{'timestamp': '2026-09-06T20:42:21.516672+00:00', 'model_version': 'qwen3:8b', 'prompt_hash': 'a6af280e'}",01_qwen3_nothink
11,real_mixed_35,qwen3:8b_baseline,78.58079791069031,41.83,0,direct_json,0.416667,0.714286,0.526316,0.0833333333333333,1,7.2,27.6,2.1,124.9,129.3,20906.9,82.8,7681.7,4983.3,"{'timestamp': '2026-09-06T20:42:25.064930+00:00', 'model_version': 'qwen3:8b', 'prompt_hash': 'a6af280e'}",01_qwen3_nothink
11,real_mixed_36,qwen3:8b_baseline,70.52208209037781,41.82,0,direct_json,0.6,0.545455,0.571429,0.0,0,7.4,27.6,2.2,126.1,129.3,20930.8,82.8,7681.7,4983.3,"{'timestamp': '2026-09-06T20:42:17.019528+00:00', 'model_version': 'qwen3:8b', 'prompt_hash': 'a6af280e'}",01_qwen3_nothink
12,real_mixed_37,qwen3:8b_baseline,69.45707488059998,41.5,0,direct_json,0.692308,0.75,0.72,0.0,0,10.7,51.2,2.1,124.7,129.3,20913.6,82.8,7681.7,4983.3,"{'timestamp': '2026-09-06T20:42:30.050686+00:00', 'model_version': 'qwen3:8b', 'prompt_hash': 'a6af280e'}",01_qwen3_nothink
12,real_mixed_38,qwen3:8b_baseline,76.53915596008301,41.58,0,direct_json,0.5,0.384615,0.434783,0.0,0,7.1,27.6,2.0,124.0,129.3,20897.7,82.9,7681.7,4983.3,"{'timestamp': '2026-09-06T20:42:37.140604+00:00', 'model_version': 'qwen3:8b', 'prompt_hash': 'a6af280e'}",01_qwen3_nothink
12,real_mixed_39,qwen3:8b_baseline,72.02277398109436,42.05,0,direct_json,0.714286,0.714286,0.714286,0.0,0,7.2,27.6,1.9,124.5,129.3,20909.6,82.8,7681.7,4983.3,"{'timestamp': '2026-09-06T20:42:32.609814+00:00', 'model_version': 'qwen3:8b', 'prompt_hash': 'a6af280e'}",01_qwen3_nothink
13,real_mixed_40,qwen3:8b_baseline,80.56490802764893,42.02,0,direct_json,0.428571,0.5,0.461538,0.0,0,10.3,100.0,2.8,124.5,132.7,20910.5,82.8,7681.7,4983.3,"{'timestamp': '2026-09-06T20:42:50.219178+00:00', 'model_version': 'qwen3:8b', 'prompt_hash': 'a6af280e'}",01_qwen3_nothink
13,real_mixed_41,qwen3:8b_baseline,77.03771901130676,41.49,0,direct_json,0.833333,0.555556,0.666667,0.0,0,8.0,100.0,2.0,124.1,132.6,20902.0,82.8,7681.7,4983.3,"{'timestamp': '2026-09-06T20:42:46.707543+00:00', 'model_version': 'qwen3:8b', 'prompt_hash': 'a6af280e'}",01_qwen3_nothink
13,real_mixed_42,qwen3:8b_baseline,73.05178689956665,40.88,0,direct_json,0.695652,0.666667,0.680851,0.0,0,7.2,27.6,1.9,123.7,129.3,20901.0,82.8,7681.7,4983.3,"{'timestamp': '2026-09-06T20:42:42.718009+00:00', 'model_version': 'qwen3:8b', 'prompt_hash': 'a6af280e'}",01_qwen3_nothink
14,real_mixed_43,qwen3:8b_baseline,81.08479475975037,39.05,0,direct_json,0.75,0.857143,0.8,0.0,0,10.3,100.0,1.8,125.1,133.3,20925.1,82.9,7681.7,4983.3,"{'timestamp': '2026-09-06T20:43:10.373525+00:00', 'model_version': 'qwen3:8b', 'prompt_hash': 'a6af280e'}",01_qwen3_nothink
14,real_mixed_44,qwen3:8b_baseline,70.98477101325989,41.37,0,direct_json,0.5,0.714286,0.588235,0.0,0,12.5,62.1,2.0,124.6,133.3,20930.2,82.9,7681.7,4983.3,"{'timestamp': '2026-09-06T20:43:00.274424+00:00', 'model_version': 'qwen3:8b', 'prompt_hash': 'a6af280e'}",01_qwen3_nothink
14,real_mixed_45,qwen3:8b_baseline,65.47087502479553,41.69,0,direct_json,0.642857,0.75,0.692308,0.0,0,10.2,100.0,2.4,123.9,133.3,20915.2,82.9,7681.7,4983.3,"{'timestamp': '2026-09-06T20:42:54.755829+00:00', 'model_version': 'qwen3:8b', 'prompt_hash': 'a6af280e'}",01_qwen3_nothink
15,real_mixed_46,qwen3:8b_baseline,78.0663092136383,42.28,0,direct_json,0.444444,0.285714,0.347826,0.0,0,10.0,100.0,2.0,124.9,133.3,20889.4,83.0,7681.7,4983.3,"{'timestamp': '2026-09-06T20:43:20.442839+00:00', 'model_version': 'qwen3:8b', 'prompt_hash': 'a6af280e'}",01_qwen3_nothink
15,real_mixed_47,qwen3:8b_baseline,75.54072117805481,41.28,0,direct_json,0.628571,0.814815,0.709677,0.0285714285714285,1,12.2,62.1,1.9,124.9,133.3,20888.1,83.0,7681.7,4983.3,"{'timestamp': '2026-09-06T20:43:17.929783+00:00', 'model_version': 'qwen3:8b', 'prompt_hash': 'a6af280e'}",01_qwen3_nothink
15,real_mixed_48,qwen3:8b_baseline,81.58949279785156,41.95,0,direct_json,0.222222,0.333333,0.266667,0.0,0,12.0,100.0,1.8,124.9,133.3,20889.5,83.0,7681.7,4983.3,"{'timestamp': '2026-09-06T20:43:23.956919+00:00', 'model_version': 'qwen3:8b', 'prompt_hash': 'a6af280e'}",01_qwen3_nothink
16,real_mixed_49,qwen3:8b_baseline,83.5824990272522,41.06,0,direct_json,0.5,0.428571,0.461538,0.0,0,7.0,27.6,1.8,124.2,133.3,20873.3,83.0,7681.7,4983.3,"{'timestamp': '2026-09-06T20:43:36.122977+00:00', 'model_version': 'qwen3:8b', 'prompt_hash': 'a6af280e'}",01_qwen3_nothink
16,real_mixed_50,qwen3:8b_baseline,74.5156900882721,41.81,0,direct_json,0.416667,0.454545,0.434783,0.0,0,6.9,27.6,1.9,124.8,133.3,20878.5,83.0,7681.7,4983.3,"{'timestamp': '2026-09-06T20:43:27.046611+00:00', 'model_version': 'qwen3:8b', 'prompt_hash': 'a6af280e'}",01_qwen3_nothink
16,real_mixed_51,qwen3:8b_baseline,78.55784606933594,41.68,0,direct_json,0.363636,0.444444,0.4,0.0,0,7.1,27.6,1.8,124.8,133.3,20877.1,83.0,7681.7,4983.3,"{'timestamp': '2026-09-06T20:43:31.093402+00:00', 'model_version': 'qwen3:8b', 'prompt_hash': 'a6af280e'}",01_qwen3_nothink
17,real_mixed_52,qwen3:8b_baseline,81.55787324905396,41.59,0,direct_json,0.5,0.714286,0.588235,0.0,0,8.6,50.0,1.9,124.4,133.3,20893.1,83.0,7681.7,4983.3,"{'timestamp': '2026-09-06T20:43:46.650677+00:00', 'model_version': 'qwen3:8b', 'prompt_hash': 'a6af280e'}",01_qwen3_nothink
17,real_mixed_53,qwen3:8b_baseline,77.03205895423889,41.59,0,direct_json,0.25,0.666667,0.363636,0.0,0,8.0,100.0,2.1,124.8,133.3,20897.4,83.0,7681.7,4983.3,"{'timestamp': '2026-09-06T20:43:42.117650+00:00', 'model_version': 'qwen3:8b', 'prompt_hash': 'a6af280e'}",01_qwen3_nothink
17,real_mixed_54,qwen3:8b_baseline,73.00288915634155,42.65,0,direct_json,0.428571,0.75,0.545455,0.0,0,8.4,100.0,2.0,125.2,133.3,20898.8,83.0,7681.7,4983.3,"{'timestamp': '2026-09-06T20:43:38.087373+00:00', 'model_version': 'qwen3:8b', 'prompt_hash': 'a6af280e'}",01_qwen3_nothink
18,real_mixed_55,qwen3:8b_baseline,78.04199194908142,41.41,0,direct_json,0.210526,0.444444,0.285714,0.0,0,7.4,31.2,1.9,125.2,133.3,20920.5,82.9,7681.7,4983.3,"{'timestamp': '2026-09-06T20:43:55.216171+00:00', 'model_version': 'qwen3:8b', 'prompt_hash': 'a6af280e'}",01_qwen3_nothink
18,real_mixed_56,qwen3:8b_baseline,83.09989094734192,41.2,0,direct_json,0.333333,0.428571,0.375,0.0,0,7.4,31.2,2.2,124.9,133.3,20915.5,82.9,7681.7,4983.3,"{'timestamp': '2026-09-06T20:44:00.280615+00:00', 'model_version': 'qwen3:8b', 'prompt_hash': 'a6af280e'}",01_qwen3_nothink
18,real_mixed_57,qwen3:8b_baseline,73.02996611595154,42.31,0,direct_json,0.736842,0.777778,0.756757,0.1052631578947368,2,7.4,31.2,2.2,125.5,133.3,20918.7,82.9,7681.7,4983.3,"{'timestamp': '2026-09-06T20:43:50.215225+00:00', 'model_version': 'qwen3:8b', 'prompt_hash': 'a6af280e'}",01_qwen3_nothink
19,real_mixed_58,qwen3:8b_baseline,74.01926803588867,41.86,0,direct_json,0.5,0.545455,0.521739,0.0,0,9.4,75.0,2.6,124.8,133.3,20922.3,82.9,7681.7,4983.3,"{'timestamp': '2026-09-06T20:44:04.265646+00:00', 'model_version': 'qwen3:8b', 'prompt_hash': 'a6af280e'}",01_qwen3_nothink
19,real_mixed_59,qwen3:8b_baseline,85.59601902961731,40.76,0,direct_json,0.538462,0.736842,0.622222,0.0,0,10.3,100.0,1.8,125.9,133.3,20911.5,83.0,7681.7,4983.3,"{'timestamp': '2026-09-06T20:44:15.841192+00:00', 'model_version': 'qwen3:8b', 'prompt_hash': 'a6af280e'}",01_qwen3_nothink
19,real_mixed_60,qwen3:8b_baseline,77.54212617874146,41.74,0,direct_json,0.777778,0.538462,0.636364,0.0,0,11.3,100.0,2.0,125.2,133.3,20922.9,82.9,7681.7,4983.3,"{'timestamp': '2026-09-06T20:44:07.789783+00:00', 'model_version': 'qwen3:8b', 'prompt_hash': 'a6af280e'}",01_qwen3_nothink
20,real_mixed_61,qwen3:8b_baseline,86.12930727005005,39.06,0,direct_json,0.526316,0.689655,0.597015,0.0263157894736842,1,10.4,100.0,1.9,125.3,132.9,20820.8,83.1,7681.7,4983.3,"{'timestamp': '2026-09-06T20:44:36.561911+00:00', 'model_version': 'qwen3:8b', 'prompt_hash': 'a6af280e'}",01_qwen3_nothink
20,real_mixed_62,qwen3:8b_baseline,73.50827598571777,41.4,0,direct_json,0.428571,0.545455,0.48,0.0,0,9.7,100.0,1.9,125.3,132.9,20875.7,83.0,7681.7,4983.3,"{'timestamp': '2026-09-06T20:44:23.914673+00:00', 'model_version': 'qwen3:8b', 'prompt_hash': 'a6af280e'}",01_qwen3_nothink
20,real_mixed_63,qwen3:8b_baseline,68.4975380897522,42.08,0,direct_json,0.25,0.375,0.3,0.0,0,8.6,41.7,2.1,124.8,132.9,20880.1,83.0,7681.7,4983.3,"{'timestamp': '2026-09-06T20:44:18.900006+00:00', 'model_version': 'qwen3:8b', 'prompt_hash': 'a6af280e'}",01_qwen3_nothink
21,real_mixed_64,qwen3:8b_baseline,75.51206183433533,41.8,0,direct_json,0.0,0.0,0.0,0.0,0,10.7,100.0,1.9,124.8,132.9,20786.1,83.2,7681.7,4983.3,"{'timestamp': '2026-09-06T20:44:39.486427+00:00', 'model_version': 'qwen3:8b', 'prompt_hash': 'a6af280e'}",01_qwen3_nothink
21,real_mixed_65,qwen3:8b_baseline,83.59197902679443,41.73,0,direct_json,0.3,0.375,0.333333,0.1,1,11.5,100.0,2.0,124.1,132.9,20751.9,83.2,7681.7,4983.3,"{'timestamp': '2026-09-06T20:44:47.570828+00:00', 'model_version': 'qwen3:8b', 'prompt_hash': 'a6af280e'}",01_qwen3_nothink
21,real_mixed_66,qwen3:8b_baseline,80.03672003746033,41.53,0,direct_json,0.461538,0.3,0.363636,0.0,0,12.9,100.0,2.0,124.4,132.9,20766.0,83.2,7681.7,4983.3,"{'timestamp': '2026-09-06T20:44:44.030608+00:00', 'model_version': 'qwen3:8b', 'prompt_hash': 'a6af280e'}",01_qwen3_nothink
22,real_mixed_67,qwen3:8b_baseline,86.1003749370575,41.33,0,direct_json,0.526316,0.588235,0.555556,0.1578947368421052,3,7.2,31.2,1.7,125.8,133.0,20730.3,83.2,7681.7,4983.3,"{'timestamp': '2026-09-06T20:45:02.259594+00:00', 'model_version': 'qwen3:8b', 'prompt_hash': 'a6af280e'}",01_qwen3_nothink
22,real_mixed_68,qwen3:8b_baseline,81.57937693595886,41.95,0,direct_json,0.588235,0.769231,0.666667,0.0,0,7.3,31.2,1.8,125.5,133.0,20717.3,83.2,7681.7,4983.3,"{'timestamp': '2026-09-06T20:44:57.728422+00:00', 'model_version': 'qwen3:8b', 'prompt_hash': 'a6af280e'}",01_qwen3_nothink
22,real_mixed_69,qwen3:8b_baseline,77.54601335525513,41.29,0,direct_json,0.608696,0.583333,0.595745,0.0,0,7.4,31.2,2.0,125.2,133.0,20715.9,83.2,7681.7,4983.3,"{'timestamp': '2026-09-06T20:44:53.712893+00:00', 'model_version': 'qwen3:8b', 'prompt_hash': 'a6af280e'}",01_qwen3_nothink
23,real_mixed_70,qwen3:8b_baseline,80.03316879272461,41.42,0,direct_json,0.6875,0.52381,0.594595,0.0,0,10.3,100.0,2.0,126.9,133.0,20729.5,83.2,7681.7,4983.3,"{'timestamp': '2026-09-06T20:45:06.716530+00:00', 'model_version': 'qwen3:8b', 'prompt_hash': 'a6af280e'}",01_qwen3_nothink
23,real_mixed_71,qwen3:8b_baseline,88.62086391448975,41.43,0,direct_json,0.5,0.333333,0.4,0.0,0,8.6,28.0,1.7,127.3,133.0,20734.5,83.2,7681.7,4983.3,"{'timestamp': '2026-09-06T20:45:15.305993+00:00', 'model_version': 'qwen3:8b', 'prompt_hash': 'a6af280e'}",01_qwen3_nothink
23,real_mixed_72,qwen3:8b_baseline,84.56403875350952,41.43,0,direct_json,0.545455,0.428571,0.48,0.0,0,8.7,29.0,1.7,127.1,133.0,20737.9,83.2,7681.7,4983.3,"{'timestamp': '2026-09-06T20:45:11.250920+00:00', 'model_version': 'qwen3:8b', 'prompt_hash': 'a6af280e'}",01_qwen3_nothink
24,real_mixed_73,qwen3:8b_baseline,84.62087178230286,42.03,0,direct_json,0.888889,0.533333,0.666667,0.0,0,7.8,26.7,1.8,128.8,133.0,20697.7,83.3,7681.7,4983.3,"{'timestamp': '2026-09-06T20:45:24.947258+00:00', 'model_version': 'qwen3:8b', 'prompt_hash': 'a6af280e'}",01_qwen3_nothink
24,real_mixed_74,qwen3:8b_baseline,81.62002515792847,41.72,0,direct_json,0.6,0.6,0.6,0.0,0,7.1,25.5,2.0,128.7,133.0,20699.7,83.3,7681.7,4983.3,"{'timestamp': '2026-09-06T20:45:21.935986+00:00', 'model_version': 'qwen3:8b', 'prompt_hash': 'a6af280e'}",01_qwen3_nothink
24,real_mixed_75,qwen3:8b_baseline,77.55972790718079,42.16,0,direct_json,0.25,0.333333,0.285714,0.25,1,7.3,25.5,1.9,128.7,133.0,20703.4,83.3,7681.7,4983.3,"{'timestamp': '2026-09-06T20:45:17.864582+00:00', 'model_version': 'qwen3:8b', 'prompt_hash': 'a6af280e'}",01_qwen3_nothink
25,real_mixed_76,qwen3:8b_baseline,70.53821921348572,42.53,0,direct_json,0.0,0.0,0.0,0.0,0,10.6,100.0,2.1,127.9,132.9,20664.4,83.3,7681.7,4983.3,"{'timestamp': '2026-09-06T20:45:26.391372+00:00', 'model_version': 'qwen3:8b', 'prompt_hash': 'a6af280e'}",01_qwen3_nothink
25,real_mixed_77,qwen3:8b_baseline,77.12551617622375,41.42,0,direct_json,0.5625,0.45,0.5,0.0,0,9.6,33.3,2.1,128.0,132.9,20658.7,83.3,7681.7,4983.3,"{'timestamp': '2026-09-06T20:45:33.014554+00:00', 'model_version': 'qwen3:8b', 'prompt_hash': 'a6af280e'}",01_qwen3_nothink
25,real_mixed_78,qwen3:8b_baseline,83.70584487915039,40.75,0,direct_json,0.222222,1.0,0.363636,0.1666666666666666,3,11.0,29.1,1.8,128.1,132.9,20671.0,83.2,7681.7,4983.3,"{'timestamp': '2026-09-06T20:45:39.566778+00:00', 'model_version': 'qwen3:8b', 'prompt_hash': 'a6af280e'}",01_qwen3_nothink
26,real_mixed_79,qwen3:8b_baseline,80.7170798778534,40.17,0,direct_json,0.666667,0.6,0.631579,0.0,0,7.1,25.1,1.8,129.3,136.6,20773.4,83.0,7681.7,4983.3,"{'timestamp': '2026-09-06T20:45:57.305483+00:00', 'model_version': 'qwen3:8b', 'prompt_hash': 'a6af280e'}",01_qwen3_nothink
26,real_mixed_80,qwen3:8b_baseline,74.12886333465576,40.66,0,direct_json,0.607143,0.708333,0.653846,0.0,0,7.1,25.1,1.9,129.5,136.6,20744.8,83.0,7681.7,4983.3,"{'timestamp': '2026-09-06T20:45:50.744933+00:00', 'model_version': 'qwen3:8b', 'prompt_hash': 'a6af280e'}",01_qwen3_nothink
26,real_mixed_81,qwen3:8b_baseline,66.04413795471191,42.2,0,direct_json,0.444444,0.363636,0.4,0.0,0,7.7,25.1,2.4,128.7,136.4,20694.8,83.1,7681.7,4983.3,"{'timestamp': '2026-09-06T20:45:42.639133+00:00', 'model_version': 'qwen3:8b', 'prompt_hash': 'a6af280e'}",01_qwen3_nothink
27,real_mixed_82,qwen3:8b_baseline,81.09916305541992,41.34,0,direct_json,0.333333,0.555556,0.416667,0.0,0,12.4,75.0,1.8,130.2,136.6,20865.3,82.8,7681.7,4983.3,"{'timestamp': '2026-09-06T20:46:08.698688+00:00', 'model_version': 'qwen3:8b', 'prompt_hash': 'a6af280e'}",01_qwen3_nothink
27,real_mixed_83,qwen3:8b_baseline,72.64349699020386,41.93,0,direct_json,0.533333,0.8,0.64,0.0666666666666666,1,9.9,100.0,2.3,130.7,136.6,20835.8,82.8,7681.7,4983.3,"{'timestamp': '2026-09-06T20:46:00.252529+00:00', 'model_version': 'qwen3:8b', 'prompt_hash': 'a6af280e'}",01_qwen3_nothink
27,real_mixed_84,qwen3:8b_baseline,76.10874891281128,41.6,0,direct_json,0.666667,0.666667,0.666667,0.0,0,10.3,30.0,1.9,130.5,136.6,20847.6,82.8,7681.7,4983.3,"{'timestamp': '2026-09-06T20:46:03.707092+00:00', 'model_version': 'qwen3:8b', 'prompt_hash': 'a6af280e'}",01_qwen3_nothink
28,real_mixed_85,qwen3:8b_baseline,69.5763430595398,41.68,0,direct_json,0.555556,0.625,0.588235,0.0,0,7.3,26.5,2.0,130.0,136.6,20909.3,82.8,7681.7,4983.3,"{'timestamp': '2026-09-06T20:46:11.863364+00:00', 'model_version': 'qwen3:8b', 'prompt_hash': 'a6af280e'}",01_qwen3_nothink
28,real_mixed_86,qwen3:8b_baseline,75.62302803993225,41.12,0,direct_json,0.7,0.538462,0.608696,0.0,0,7.3,26.5,1.9,129.7,136.6,20914.8,82.8,7681.7,4983.3,"{'timestamp': '2026-09-06T20:46:17.911279+00:00', 'model_version': 'qwen3:8b', 'prompt_hash': 'a6af280e'}",01_qwen3_nothink
28,real_mixed_87,qwen3:8b_baseline,72.08269810676575,41.76,0,direct_json,0.5,0.428571,0.461538,0.0,0,7.8,37.5,1.9,129.9,136.6,20913.4,82.8,7681.7,4983.3,"{'timestamp': '2026-09-06T20:46:14.363920+00:00', 'model_version': 'qwen3:8b', 'prompt_hash': 'a6af280e'}",01_qwen3_nothink
29,real_mixed_88,qwen3:8b_baseline,64.5554850101471,42.33,0,direct_json,0.4,0.5,0.444444,0.0,0,10.1,50.0,2.1,129.3,136.6,20923.2,82.8,7681.7,4983.3,"{'timestamp': '2026-09-06T20:46:19.881258+00:00', 'model_version': 'qwen3:8b', 'prompt_hash': 'a6af280e'}",01_qwen3_nothink
29,real_mixed_89,qwen3:8b_baseline,68.07044196128845,41.45,0,direct_json,0.555556,0.384615,0.454545,0.0,0,10.1,38.2,2.0,129.0,136.6,20912.0,82.8,7681.7,4983.3,"{'timestamp': '2026-09-06T20:46:23.413108+00:00', 'model_version': 'qwen3:8b', 'prompt_hash': 'a6af280e'}",01_qwen3_nothink
29,real_mixed_90,qwen3:8b_baseline,73.13499784469604,40.96,0,direct_json,0.294118,0.625,0.4,0.0,0,8.0,27.8,1.9,128.2,136.6,20891.8,82.9,7681.7,4983.3,"{'timestamp': '2026-09-06T20:46:28.468407+00:00', 'model_version': 'qwen3:8b', 'prompt_hash': 'a6af280e'}",01_qwen3_nothink
30,real_mixed_91,qwen3:8b_baseline,76.59004998207092,40.98,0,direct_json,0.692308,0.75,0.72,0.0,0,8.3,27.6,2.1,126.1,136.6,20834.2,83.0,7681.7,4983.3,"{'timestamp': '2026-09-06T20:46:41.568651+00:00', 'model_version': 'qwen3:8b', 'prompt_hash': 'a6af280e'}",01_qwen3_nothink
30,real_mixed_92,qwen3:8b_baseline,72.11504530906677,41.09,0,direct_json,0.466667,0.466667,0.466667,0.0,0,7.9,27.6,2.0,126.7,136.6,20864.5,83.0,7681.7,4983.3,"{'timestamp': '2026-09-06T20:46:37.092334+00:00', 'model_version': 'qwen3:8b', 'prompt_hash': 'a6af280e'}",01_qwen3_nothink
30,real_mixed_93,qwen3:8b_baseline,67.509929895401,41.18,0,direct_json,0.583333,0.7,0.636364,0.0,0,8.4,53.3,2.0,127.3,136.6,20898.6,82.9,7681.7,4983.3,"{'timestamp': '2026-09-06T20:46:32.487129+00:00', 'model_version': 'qwen3:8b', 'prompt_hash': 'a6af280e'}",01_qwen3_nothink
31,real_mixed_94,qwen3:8b_baseline,72.46651077270508,41.45,0,direct_json,0.615385,0.4,0.484848,0.0,0,12.1,46.0,1.9,124.9,136.6,20862.2,83.1,7681.7,4983.3,"{'timestamp': '2026-09-06T20:46:52.077142+00:00', 'model_version': 'qwen3:8b', 'prompt_hash': 'a6af280e'}",01_qwen3_nothink
31,real_mixed_95,qwen3:8b_baseline,64.94712805747986,41.88,0,direct_json,0.1,0.5,0.166667,0.0,0,11.7,46.3,2.0,125.1,136.6,20856.5,83.1,7681.7,4983.3,"{'timestamp': '2026-09-06T20:46:44.538950+00:00', 'model_version': 'qwen3:8b', 'prompt_hash': 'a6af280e'}",01_qwen3_nothink
31,real_mixed_96,qwen3:8b_baseline,68.9794590473175,41.19,0,direct_json,0.583333,0.583333,0.583333,0.0,0,11.3,53.3,1.9,124.9,136.6,20856.1,83.1,7681.7,4983.3,"{'timestamp': '2026-09-06T20:46:48.581468+00:00', 'model_version': 'qwen3:8b', 'prompt_hash': 'a6af280e'}",01_qwen3_nothink
32,real_mixed_97,qwen3:8b_baseline,59.87942385673523,41.91,0,direct_json,0.5,0.555556,0.526316,0.0,0,8.5,27.6,2.1,122.6,127.1,20797.0,83.3,7681.7,4983.3,"{'timestamp': '2026-09-06T20:46:57.209392+00:00', 'model_version': 'qwen3:8b', 'prompt_hash': 'a6af280e'}",01_qwen3_nothink
32,real_mixed_98,qwen3:8b_baseline,66.9796028137207,41.12,0,direct_json,0.454545,0.357143,0.4,0.0,0,8.2,27.6,1.9,122.6,127.1,20801.7,83.3,7681.7,4983.3,"{'timestamp': '2026-09-06T20:47:04.337901+00:00', 'model_version': 'qwen3:8b', 'prompt_hash': 'a6af280e'}",01_qwen3_nothink
32,real_mixed_99,qwen3:8b_baseline,56.86354398727417,42.08,0,direct_json,0.125,0.5,0.2,0.0,0,8.4,27.6,2.1,122.5,127.1,20787.8,83.3,7681.7,4983.3,"{'timestamp': '2026-09-06T20:46:54.186408+00:00', 'model_version': 'qwen3:8b', 'prompt_hash': 'a6af280e'}",01_qwen3_nothink
33,real_mixed_100,qwen3:8b_baseline,65.46374082565308,41.35,0,direct_json,0.041667,0.142857,0.064516,0.0,0,15.5,66.7,2.0,122.4,127.1,20757.9,83.3,7681.7,4983.3,"{'timestamp': '2026-09-06T20:47:14.188225+00:00', 'model_version': 'qwen3:8b', 'prompt_hash': 'a6af280e'}",01_qwen3_nothink
33,real_mixed_101,qwen3:8b_baseline,59.42658996582031,42.23,0,direct_json,0.222222,0.285714,0.25,0.0,0,15.2,34.8,2.1,122.0,127.1,20745.7,83.4,7681.7,4983.3,"{'timestamp': '2026-09-06T20:47:08.147667+00:00', 'model_version': 'qwen3:8b', 'prompt_hash': 'a6af280e'}",01_qwen3_nothink
33,real_mixed_102,qwen3:8b_baseline,56.40681576728821,43.79,0,direct_json,0.0,0.0,0.0,0.0,0,15.6,60.0,2.1,121.8,127.1,20738.3,83.4,7681.7,4983.3,"{'timestamp': '2026-09-06T20:47:05.117132+00:00', 'model_version': 'qwen3:8b', 'prompt_hash': 'a6af280e'}",01_qwen3_nothink
34,real_mixed_103,qwen3:8b_baseline,57.39075779914856,43.23,0,direct_json,0.0,0.0,0.0,0.0,0,8.0,27.6,2.1,121.9,126.8,20720.2,83.4,7681.7,4983.3,"{'timestamp': '2026-09-06T20:47:15.325358+00:00', 'model_version': 'qwen3:8b', 'prompt_hash': 'a6af280e'}",01_qwen3_nothink
34,real_mixed_104,qwen3:8b_baseline,62.43062710762024,41.3,0,direct_json,0.222222,0.4,0.285714,0.0,0,8.2,27.6,2.0,122.1,126.8,20719.7,83.4,7681.7,4983.3,"{'timestamp': '2026-09-06T20:47:20.384560+00:00', 'model_version': 'qwen3:8b', 'prompt_hash': 'a6af280e'}",01_qwen3_nothink
34,real_mixed_105,qwen3:8b_baseline,67.46087002754211,41.48,0,direct_json,0.5,0.6,0.545455,0.0,0,8.2,28.0,2.0,121.7,126.8,20708.8,83.3,7681.7,4983.3,"{'timestamp': '2026-09-06T20:47:25.417188+00:00', 'model_version': 'qwen3:8b', 'prompt_hash': 'a6af280e'}",01_qwen3_nothink
35,real_mixed_106,qwen3:8b_baseline,58.89982199668884,42.55,0,direct_json,0.166667,0.5,0.25,0.0,0,10.2,50.0,2.6,121.7,126.5,20727.1,83.2,7681.7,4983.3,"{'timestamp': '2026-09-06T20:47:27.392040+00:00', 'model_version': 'qwen3:8b', 'prompt_hash': 'a6af280e'}",01_qwen3_nothink
35,real_mixed_107,qwen3:8b_baseline,67.47656798362732,40.8,0,direct_json,0.692308,0.692308,0.692308,0.0,0,8.5,28.8,1.9,121.6,126.5,20789.4,83.1,7681.7,4983.3,"{'timestamp': '2026-09-06T20:47:35.971662+00:00', 'model_version': 'qwen3:8b', 'prompt_hash': 'a6af280e'}",01_qwen3_nothink
35,real_mixed_108,qwen3:8b_baseline,61.952675104141235,42.13,0,direct_json,0.25,0.4,0.307692,0.0,0,8.1,28.8,2.0,121.7,126.5,20749.1,83.2,7681.7,4983.3,"{'timestamp': '2026-09-06T20:47:30.450134+00:00', 'model_version': 'qwen3:8b', 'prompt_hash': 'a6af280e'}",01_qwen3_nothink
36,real_mixed_109,qwen3:8b_baseline,63.422804832458496,41.24,0,direct_json,0.56,0.583333,0.571429,0.0,0,9.1,41.9,3.2,121.8,126.5,20944.0,82.8,7681.7,4983.3,"{'timestamp': '2026-09-06T20:47:45.043473+00:00', 'model_version': 'qwen3:8b', 'prompt_hash': 'a6af280e'}",01_qwen3_nothink
36,real_mixed_110,qwen3:8b_baseline,69.4581708908081,41.41,0,direct_json,0.4,0.333333,0.363636,0.0,0,9.6,40.6,1.9,121.3,126.5,20970.4,82.7,7681.7,4983.3,"{'timestamp': '2026-09-06T20:47:51.072129+00:00', 'model_version': 'qwen3:8b', 'prompt_hash': 'a6af280e'}",01_qwen3_nothink
36,real_mixed_111,qwen3:8b_baseline,56.92083406448364,42.2,0,direct_json,0.5,0.206897,0.292683,0.0,0,8.2,28.8,2.1,122.5,126.5,20907.4,82.8,7681.7,4983.3,"{'timestamp': '2026-09-06T20:47:38.550614+00:00', 'model_version': 'qwen3:8b', 'prompt_hash': 'a6af280e'}",01_qwen3_nothink
37,real_mixed_112,qwen3:8b_baseline,61.432965993881226,42.56,0,direct_json,0.333333,0.6,0.428571,0.0,0,11.7,50.0,2.0,120.7,126.5,20999.5,82.6,7681.7,4983.3,"{'timestamp': '2026-09-06T20:47:53.532130+00:00', 'model_version': 'qwen3:8b', 'prompt_hash': 'a6af280e'}",01_qwen3_nothink
37,real_mixed_113,qwen3:8b_baseline,68.96896576881409,41.99,0,direct_json,0.666667,0.666667,0.666667,0.0,0,11.3,50.0,2.1,119.9,126.5,21006.9,82.6,7681.7,4983.3,"{'timestamp': '2026-09-06T20:48:01.075674+00:00', 'model_version': 'qwen3:8b', 'prompt_hash': 'a6af280e'}",01_qwen3_nothink
37,real_mixed_114,qwen3:8b_baseline,65.94381904602051,41.61,0,direct_json,0.25,0.571429,0.347826,0.0,0,11.6,50.0,1.9,120.2,126.5,21005.5,82.6,7681.7,4983.3,"{'timestamp': '2026-09-06T20:47:58.048206+00:00', 'model_version': 'qwen3:8b', 'prompt_hash': 'a6af280e'}",01_qwen3_nothink
38,real_mixed_115,qwen3:8b_baseline,58.92158508300781,42.11,0,direct_json,0.428571,1.0,0.6,0.0,0,8.0,30.8,3.9,118.9,126.5,21032.8,82.5,7681.7,4983.3,"{'timestamp': '2026-09-06T20:48:03.276926+00:00', 'model_version': 'qwen3:8b', 'prompt_hash': 'a6af280e'}",01_qwen3_nothink
38,real_mixed_116,qwen3:8b_baseline,61.41602206230163,42.17,0,direct_json,0.4,1.0,0.571429,0.0,0,8.4,35.4,2.1,118.5,126.5,21031.4,82.5,7681.7,4983.3,"{'timestamp': '2026-09-06T20:48:05.774464+00:00', 'model_version': 'qwen3:8b', 'prompt_hash': 'a6af280e'}",01_qwen3_nothink
38,real_mixed_117,qwen3:8b_baseline,69.00318098068237,41.24,0,direct_json,0.190476,0.5,0.275862,0.0,0,8.4,37.8,2.2,117.5,126.5,21022.6,82.5,7681.7,4983.3,"{'timestamp': '2026-09-06T20:48:13.372075+00:00', 'model_version': 'qwen3:8b', 'prompt_hash': 'a6af280e'}",01_qwen3_nothink
39,real_mixed_118,qwen3:8b_baseline,64.46865701675415,41.71,0,direct_json,0.571429,0.8,0.666667,0.0,0,12.9,51.7,1.8,115.4,124.8,21038.9,82.4,7681.7,4983.3,"{'timestamp': '2026-09-06T20:48:18.686755+00:00', 'model_version': 'qwen3:8b', 'prompt_hash': 'a6af280e'}",01_qwen3_nothink
39,real_mixed_119,qwen3:8b_baseline,67.48246216773987,42.04,0,direct_json,0.666667,0.666667,0.666667,0.0,0,14.4,44.4,1.8,115.1,124.8,21035.5,82.5,7681.7,4983.3,"{'timestamp': '2026-09-06T20:48:21.703620+00:00', 'model_version': 'qwen3:8b', 'prompt_hash': 'a6af280e'}",01_qwen3_nothink
39,real_mixed_120,qwen3:8b_baseline,61.97899603843689,42.17,0,direct_json,0.363636,0.8,0.5,0.0,0,11.7,38.7,2.1,115.6,124.8,21042.0,82.4,7681.7,4983.3,"{'timestamp': '2026-09-06T20:48:16.194234+00:00', 'model_version': 'qwen3:8b', 'prompt_hash': 'a6af280e'}",01_qwen3_nothink
3,real_mixed_10,qwen3:8b_kb_rag,25.70478081703186,41.12,0,direct_json,0.4,1.0,0.571429,0.0,0,9.8,50.0,4.9,502.0,841.7,20809.7,82.7,7681.7,4983.3,"{'timestamp': '2026-09-06T20:48:49.272864+00:00', 'model_version': 'qwen3:8b', 'prompt_hash': 'a6af280e'}",01_qwen3_nothink
3,real_mixed_11,qwen3:8b_kb_rag,8.563043117523193,40.14,0,direct_json,0.535714,0.833333,0.652174,0.0,0,7.9,37.0,7.1,604.3,841.7,20406.8,83.2,7681.7,4983.3,"{'timestamp': '2026-09-06T20:48:32.144554+00:00', 'model_version': 'qwen3:8b', 'prompt_hash': 'a6af280e'}",01_qwen3_nothink
3,real_mixed_12,qwen3:8b_kb_rag,16.626723051071167,40.88,0,direct_json,0.461538,0.857143,0.6,0.0,0,8.1,37.0,27.6,543.8,841.7,20666.7,82.8,7681.7,4983.3,"{'timestamp': '2026-09-06T20:48:40.194133+00:00', 'model_version': 'qwen3:8b', 'prompt_hash': 'a6af280e'}",01_qwen3_nothink
2,real_mixed_7,qwen3:8b_kb_rag,49.33872628211975,40.83,0,direct_json,0.5,0.714286,0.588235,0.0,0,10.3,50.0,10.7,498.7,841.7,20819.8,82.8,7681.7,4983.3,"{'timestamp': '2026-09-06T20:49:12.914393+00:00', 'model_version': 'qwen3:8b', 'prompt_hash': 'a6af280e'}",01_qwen3_nothink
2,real_mixed_8,qwen3:8b_kb_rag,43.8011679649353,41.0,0,direct_json,0.5,0.5,0.5,0.0,0,7.6,37.0,14.0,511.1,841.7,20819.1,82.8,7681.7,4983.3,"{'timestamp': '2026-09-06T20:49:07.377076+00:00', 'model_version': 'qwen3:8b', 'prompt_hash': 'a6af280e'}",01_qwen3_nothink
2,real_mixed_9,qwen3:8b_kb_rag,33.746397972106934,41.22,0,direct_json,0.363636,0.4,0.380952,0.0,0,7.9,37.0,5.8,530.9,841.7,20801.3,82.8,7681.7,4983.3,"{'timestamp': '2026-09-06T20:48:57.326177+00:00', 'model_version': 'qwen3:8b', 'prompt_hash': 'a6af280e'}",01_qwen3_nothink
0,real_mixed_1,qwen3:8b_kb_rag,61.40817308425903,40.79,0,direct_json,0.647059,0.846154,0.733333,0.0,0,14.2,75.0,7.9,480.2,841.7,20854.4,82.7,7681.7,4983.3,"{'timestamp': '2026-09-06T20:49:24.979523+00:00', 'model_version': 'qwen3:8b', 'prompt_hash': 'a6af280e'}",01_qwen3_nothink
0,real_mixed_2,qwen3:8b_kb_rag,36.261303663253784,41.12,0,direct_json,0.6,0.5,0.545455,0.1,1,7.7,37.0,18.6,526.7,841.7,20811.7,82.8,7681.7,4983.3,"{'timestamp': '2026-09-06T20:48:59.833895+00:00', 'model_version': 'qwen3:8b', 'prompt_hash': 'a6af280e'}",01_qwen3_nothink
0,real_mixed_3,qwen3:8b_kb_rag,40.279889822006226,40.71,0,direct_json,0.636364,0.583333,0.608696,0.0,0,8.1,37.0,7.0,520.6,841.7,20818.9,82.8,7681.7,4983.3,"{'timestamp': '2026-09-06T20:49:03.859339+00:00', 'model_version': 'qwen3:8b', 'prompt_hash': 'a6af280e'}",01_qwen3_nothink
5,real_mixed_16,qwen3:8b_kb_rag,21.154649257659912,41.1,0,direct_json,0.666667,0.666667,0.666667,0.1111111111111111,1,7.8,37.0,3.8,518.5,841.7,20766.4,82.7,7681.7,4983.3,"{'timestamp': '2026-09-06T20:48:44.727742+00:00', 'model_version': 'qwen3:8b', 'prompt_hash': 'a6af280e'}",01_qwen3_nothink
5,real_mixed_17,qwen3:8b_kb_rag,62.94659209251404,41.52,0,direct_json,0.4,1.0,0.571429,0.0,0,11.7,80.0,15.1,480.0,841.7,20857.1,82.7,7681.7,4983.3,"{'timestamp': '2026-09-06T20:49:26.503940+00:00', 'model_version': 'qwen3:8b', 'prompt_hash': 'a6af280e'}",01_qwen3_nothink
5,real_mixed_18,qwen3:8b_kb_rag,12.592747926712036,40.78,0,direct_json,0.727273,0.666667,0.695652,0.0,0,7.9,37.0,6.1,566.5,841.7,20528.0,82.9,7681.7,4983.3,"{'timestamp': '2026-09-06T20:48:36.174333+00:00', 'model_version': 'qwen3:8b', 'prompt_hash': 'a6af280e'}",01_qwen3_nothink
4,real_mixed_13,qwen3:8b_kb_rag,76.52174305915833,40.47,0,direct_json,0.454545,0.588235,0.512821,0.0,0,10.6,41.7,7.6,463.2,841.7,20881.1,82.7,7681.7,4983.3,"{'timestamp': '2026-09-06T20:49:40.115930+00:00', 'model_version': 'qwen3:8b', 'prompt_hash': 'a6af280e'}",01_qwen3_nothink
4,real_mixed_14,qwen3:8b_kb_rag,69.99170589447021,40.38,0,direct_json,0.52381,0.916667,0.666667,0.238095238095238,5,10.4,100.0,9.5,477.0,841.7,20865.5,82.7,7681.7,4983.3,"{'timestamp': '2026-09-06T20:49:33.572252+00:00', 'model_version': 'qwen3:8b', 'prompt_hash': 'a6af280e'}",01_qwen3_nothink
4,real_mixed_15,qwen3:8b_kb_rag,57.90642189979553,40.8,0,direct_json,0.28,0.777778,0.411765,0.12,3,8.3,42.9,7.7,494.9,841.7,20843.5,82.8,7681.7,4983.3,"{'timestamp': '2026-09-06T20:49:21.485718+00:00', 'model_version': 'qwen3:8b', 'prompt_hash': 'a6af280e'}",01_qwen3_nothink
1,real_mixed_4,qwen3:8b_kb_rag,81.0939269065857,40.84,0,direct_json,0.6,0.642857,0.62069,0.0,0,10.6,45.4,10.3,471.5,841.7,20886.6,82.7,7681.7,4983.3,"{'timestamp': '2026-09-06T20:49:44.685399+00:00', 'model_version': 'qwen3:8b', 'prompt_hash': 'a6af280e'}",01_qwen3_nothink
1,real_mixed_5,qwen3:8b_kb_rag,52.391597032547,40.42,0,direct_json,0.294118,0.5,0.37037,0.0588235294117647,1,7.8,41.5,7.5,506.9,841.7,20828.7,82.8,7681.7,4983.3,"{'timestamp': '2026-09-06T20:49:15.957387+00:00', 'model_version': 'qwen3:8b', 'prompt_hash': 'a6af280e'}",01_qwen3_nothink
1,real_mixed_6,qwen3:8b_kb_rag,30.729291915893555,40.78,0,direct_json,0.578947,0.611111,0.594595,0.2105263157894736,4,9.1,37.0,20.0,533.3,841.7,20804.2,82.8,7681.7,4983.3,"{'timestamp': '2026-09-06T20:48:54.318930+00:00', 'model_version': 'qwen3:8b', 'prompt_hash': 'a6af280e'}",01_qwen3_nothink
6,real_mixed_19,qwen3:8b_kb_rag,58.44478631019592,41.11,0,direct_json,0.722222,0.65,0.684211,0.0555555555555555,1,8.1,30.8,13.6,467.5,769.3,20925.9,82.7,7681.7,4983.3,"{'timestamp': '2026-09-06T20:49:48.066745+00:00', 'model_version': 'qwen3:8b', 'prompt_hash': 'a6af280e'}",01_qwen3_nothink
6,real_mixed_20,qwen3:8b_kb_rag,63.44038081169128,41.09,0,direct_json,0.6,0.375,0.461538,0.0,0,8.6,45.2,12.1,465.6,769.3,20932.2,82.7,7681.7,4983.3,"{'timestamp': '2026-09-06T20:49:53.057426+00:00', 'model_version': 'qwen3:8b', 'prompt_hash': 'a6af280e'}",01_qwen3_nothink
6,real_mixed_21,qwen3:8b_kb_rag,68.48645997047424,40.78,0,direct_json,0.785714,0.785714,0.785714,0.0,0,8.2,58.8,10.7,452.4,769.3,20919.4,82.7,7681.7,4983.3,"{'timestamp': '2026-09-06T20:49:58.106164+00:00', 'model_version': 'qwen3:8b', 'prompt_hash': 'a6af280e'}",01_qwen3_nothink
7,real_mixed_22,qwen3:8b_kb_rag,47.31963014602661,41.45,0,direct_json,0.0,0.0,0.0,0.0,0,11.1,45.2,16.5,436.4,696.2,20964.3,82.6,7681.7,4983.3,"{'timestamp': '2026-09-06T20:50:00.561719+00:00', 'model_version': 'qwen3:8b', 'prompt_hash': 'a6af280e'}",01_qwen3_nothink
7,real_mixed_23,qwen3:8b_kb_rag,54.87992596626282,40.34,0,direct_json,0.769231,0.666667,0.714286,0.0,0,11.5,39.0,13.4,434.1,696.2,20970.4,82.6,7681.7,4983.3,"{'timestamp': '2026-09-06T20:50:08.139399+00:00', 'model_version': 'qwen3:8b', 'prompt_hash': 'a6af280e'}",01_qwen3_nothink
7,real_mixed_24,qwen3:8b_kb_rag,50.88235807418823,41.45,0,direct_json,0.555556,0.714286,0.625,0.0,0,8.2,30.8,14.0,441.4,696.2,20964.1,82.6,7681.7,4983.3,"{'timestamp': '2026-09-06T20:50:04.143272+00:00', 'model_version': 'qwen3:8b', 'prompt_hash': 'a6af280e'}",01_qwen3_nothink
8,real_mixed_25,qwen3:8b_kb_rag,46.33068418502808,41.12,0,direct_json,0.4,0.333333,0.363636,0.0,0,9.7,76.6,17.0,455.0,674.9,20984.4,82.6,7681.7,4983.3,"{'timestamp': '2026-09-06T20:50:11.701354+00:00', 'model_version': 'qwen3:8b', 'prompt_hash': 'a6af280e'}",01_qwen3_nothink
8,real_mixed_26,qwen3:8b_kb_rag,50.86407208442688,40.62,0,direct_json,0.277778,0.138889,0.185185,0.0,0,9.8,76.5,15.7,454.7,674.9,21001.5,82.6,7681.7,4983.3,"{'timestamp': '2026-09-06T20:50:16.265709+00:00', 'model_version': 'qwen3:8b', 'prompt_hash': 'a6af280e'}",01_qwen3_nothink
8,real_mixed_27,qwen3:8b_kb_rag,59.973872900009155,39.27,0,direct_json,0.846154,0.814815,0.830189,0.0,0,9.7,76.5,14.2,439.7,674.9,21049.3,82.5,7681.7,4983.3,"{'timestamp': '2026-09-06T20:50:25.347721+00:00', 'model_version': 'qwen3:8b', 'prompt_hash': 'a6af280e'}",01_qwen3_nothink
9,real_mixed_28,qwen3:8b_kb_rag,68.01745080947876,40.76,0,direct_json,0.545455,0.4,0.461538,0.0,0,16.2,84.3,12.7,448.3,674.9,21068.6,82.5,7681.7,4983.3,"{'timestamp': '2026-09-06T20:50:34.794044+00:00', 'model_version': 'qwen3:8b', 'prompt_hash': 'a6af280e'}",01_qwen3_nothink
9,real_mixed_29,qwen3:8b_kb_rag,63.98379373550415,40.79,0,direct_json,0.347826,0.666667,0.457143,0.0,0,16.6,83.9,14.4,448.8,674.9,21059.6,82.5,7681.7,4983.3,"{'timestamp': '2026-09-06T20:50:30.771286+00:00', 'model_version': 'qwen3:8b', 'prompt_hash': 'a6af280e'}",01_qwen3_nothink
9,real_mixed_30,qwen3:8b_kb_rag,70.57584619522095,41.36,0,direct_json,0.6,0.75,0.666667,0.0,0,13.7,76.9,11.4,445.5,674.9,21076.3,82.5,7681.7,4983.3,"{'timestamp': '2026-09-06T20:50:37.356659+00:00', 'model_version': 'qwen3:8b', 'prompt_hash': 'a6af280e'}",01_qwen3_nothink
10,real_mixed_31,qwen3:8b_kb_rag,59.50894117355347,41.93,0,direct_json,0.333333,1.0,0.5,0.0,0,9.6,76.5,82.9,467.1,674.9,21105.5,82.5,7681.7,4983.3,"{'timestamp': '2026-09-06T20:50:39.987773+00:00', 'model_version': 'qwen3:8b', 'prompt_hash': 'a6af280e'}",01_qwen3_nothink
10,real_mixed_32,qwen3:8b_kb_rag,63.0528519153595,41.14,0,direct_json,0.125,0.285714,0.173913,0.0,0,9.2,76.5,12.6,465.5,674.9,21114.3,82.5,7681.7,4983.3,"{'timestamp': '2026-09-06T20:50:43.538771+00:00', 'model_version': 'qwen3:8b', 'prompt_hash': 'a6af280e'}",01_qwen3_nothink
10,real_mixed_33,qwen3:8b_kb_rag,67.06217527389526,41.03,0,direct_json,0.9,0.692308,0.782609,0.0,0,9.3,76.5,11.8,458.0,674.9,21127.4,82.4,7681.7,4983.3,"{'timestamp': '2026-09-06T20:50:47.564978+00:00', 'model_version': 'qwen3:8b', 'prompt_hash': 'a6af280e'}",01_qwen3_nothink
11,real_mixed_34,qwen3:8b_kb_rag,65.97248721122742,40.82,0,direct_json,0.4,0.4,0.4,0.0,0,12.8,76.9,13.1,450.8,674.9,21151.2,82.4,7681.7,4983.3,"{'timestamp': '2026-09-06T20:50:50.952632+00:00', 'model_version': 'qwen3:8b', 'prompt_hash': 'a6af280e'}",01_qwen3_nothink
11,real_mixed_35,qwen3:8b_kb_rag,69.99408912658691,40.79,0,direct_json,0.428571,0.857143,0.571429,0.0,0,12.4,76.9,11.0,446.8,674.9,21156.1,82.4,7681.7,4983.3,"{'timestamp': '2026-09-06T20:50:54.967353+00:00', 'model_version': 'qwen3:8b', 'prompt_hash': 'a6af280e'}",01_qwen3_nothink
11,real_mixed_36,qwen3:8b_kb_rag,74.03574919700623,41.02,0,direct_json,0.6,0.545455,0.571429,0.0,0,12.8,100.0,10.5,442.2,674.9,21167.6,82.4,7681.7,4983.3,"{'timestamp': '2026-09-06T20:50:59.030825+00:00', 'model_version': 'qwen3:8b', 'prompt_hash': 'a6af280e'}",01_qwen3_nothink
12,real_mixed_37,qwen3:8b_kb_rag,66.03265571594238,40.71,0,direct_json,0.533333,0.666667,0.592593,0.0,0,9.0,76.5,12.0,454.1,661.2,21225.6,82.3,7681.7,4983.3,"{'timestamp': '2026-09-06T20:51:04.455733+00:00', 'model_version': 'qwen3:8b', 'prompt_hash': 'a6af280e'}",01_qwen3_nothink
12,real_mixed_38,qwen3:8b_kb_rag,71.56616997718811,40.42,0,direct_json,0.6,0.692308,0.642857,0.0,0,9.5,76.5,12.1,441.2,661.2,21221.7,82.3,7681.7,4983.3,"{'timestamp': '2026-09-06T20:51:09.992743+00:00', 'model_version': 'qwen3:8b', 'prompt_hash': 'a6af280e'}",01_qwen3_nothink
12,real_mixed_39,qwen3:8b_kb_rag,74.08664989471436,40.65,0,direct_json,0.714286,0.714286,0.714286,0.0,0,9.5,76.5,10.7,434.4,661.2,21215.8,82.3,7681.7,4983.3,"{'timestamp': '2026-09-06T20:51:12.506713+00:00', 'model_version': 'qwen3:8b', 'prompt_hash': 'a6af280e'}",01_qwen3_nothink
13,real_mixed_40,qwen3:8b_kb_rag,72.65640687942505,41.24,0,direct_json,0.6,0.5,0.545455,0.0,0,10.9,76.5,10.6,430.7,661.2,21223.5,82.3,7681.7,4983.3,"{'timestamp': '2026-09-06T20:51:21.460789+00:00', 'model_version': 'qwen3:8b', 'prompt_hash': 'a6af280e'}",01_qwen3_nothink
13,real_mixed_41,qwen3:8b_kb_rag,76.65526294708252,40.73,0,direct_json,0.833333,0.555556,0.666667,0.0,0,11.2,76.1,9.2,425.3,661.2,21215.6,82.3,7681.7,4983.3,"{'timestamp': '2026-09-06T20:51:25.477904+00:00', 'model_version': 'qwen3:8b', 'prompt_hash': 'a6af280e'}",01_qwen3_nothink
13,real_mixed_42,qwen3:8b_kb_rag,69.63367080688477,40.34,0,direct_json,0.714286,0.625,0.666667,0.0,0,10.1,76.1,10.7,435.5,661.2,21230.7,82.3,7681.7,4983.3,"{'timestamp': '2026-09-06T20:51:18.443774+00:00', 'model_version': 'qwen3:8b', 'prompt_hash': 'a6af280e'}",01_qwen3_nothink
14,real_mixed_43,qwen3:8b_kb_rag,80.24436497688293,38.6,0,direct_json,0.72,0.857143,0.782609,0.0,0,15.0,84.6,8.9,398.4,652.0,21162.7,82.4,7681.7,4983.3,"{'timestamp': '2026-09-06T20:51:45.973403+00:00', 'model_version': 'qwen3:8b', 'prompt_hash': 'a6af280e'}",01_qwen3_nothink
14,real_mixed_44,qwen3:8b_kb_rag,70.13718676567078,40.71,0,direct_json,0.346154,0.642857,0.45,0.0,0,15.5,84.6,11.6,420.1,652.0,21186.1,82.3,7681.7,4983.3,"{'timestamp': '2026-09-06T20:51:35.854610+00:00', 'model_version': 'qwen3:8b', 'prompt_hash': 'a6af280e'}",01_qwen3_nothink
14,real_mixed_45,qwen3:8b_kb_rag,63.54586887359619,40.75,0,direct_json,0.642857,0.75,0.692308,0.0,0,18.4,84.6,11.9,428.5,652.0,21195.6,82.3,7681.7,4983.3,"{'timestamp': '2026-09-06T20:51:29.271036+00:00', 'model_version': 'qwen3:8b', 'prompt_hash': 'a6af280e'}",01_qwen3_nothink
15,real_mixed_46,qwen3:8b_kb_rag,70.71868205070496,41.49,0,direct_json,0.666667,0.285714,0.4,0.0,0,9.9,54.3,10.6,387.0,652.0,21149.1,82.4,7681.7,4983.3,"{'timestamp': '2026-09-06T20:51:48.400672+00:00', 'model_version': 'qwen3:8b', 'prompt_hash': 'a6af280e'}",01_qwen3_nothink
15,real_mixed_47,qwen3:8b_kb_rag,76.27302503585815,40.73,0,direct_json,0.677419,0.777778,0.724138,0.032258064516129,1,9.7,54.3,9.7,390.0,652.0,21121.9,82.5,7681.7,4983.3,"{'timestamp': '2026-09-06T20:51:53.979790+00:00', 'model_version': 'qwen3:8b', 'prompt_hash': 'a6af280e'}",01_qwen3_nothink
15,real_mixed_48,qwen3:8b_kb_rag,80.32090091705322,41.42,0,direct_json,0.3,0.5,0.375,0.0,0,9.5,54.3,8.8,385.3,652.0,21111.0,82.5,7681.7,4983.3,"{'timestamp': '2026-09-06T20:51:58.000921+00:00', 'model_version': 'qwen3:8b', 'prompt_hash': 'a6af280e'}",01_qwen3_nothink
16,real_mixed_49,qwen3:8b_kb_rag,78.85060214996338,40.58,0,direct_json,0.461538,0.428571,0.444444,0.0769230769230769,1,18.0,55.3,10.0,401.1,652.9,21063.5,82.6,7681.7,4983.3,"{'timestamp': '2026-09-06T20:52:06.753340+00:00', 'model_version': 'qwen3:8b', 'prompt_hash': 'a6af280e'}",01_qwen3_nothink
16,real_mixed_50,qwen3:8b_kb_rag,73.87387013435364,40.93,0,direct_json,0.3125,0.454545,0.37037,0.0,0,15.7,83.3,10.2,391.4,652.9,21071.5,82.6,7681.7,4983.3,"{'timestamp': '2026-09-06T20:52:01.775858+00:00', 'model_version': 'qwen3:8b', 'prompt_hash': 'a6af280e'}",01_qwen3_nothink
16,real_mixed_51,qwen3:8b_kb_rag,81.96873307228088,41.07,0,direct_json,0.4,0.444444,0.421053,0.0,0,15.2,100.0,8.7,397.0,652.9,21059.4,82.6,7681.7,4983.3,"{'timestamp': '2026-09-06T20:52:09.874811+00:00', 'model_version': 'qwen3:8b', 'prompt_hash': 'a6af280e'}",01_qwen3_nothink
17,real_mixed_52,qwen3:8b_kb_rag,78.93994808197021,40.88,0,direct_json,0.5,0.785714,0.611111,0.0,0,9.6,54.3,9.8,404.0,652.9,20987.8,82.7,7681.7,4983.3,"{'timestamp': '2026-09-06T20:52:18.260703+00:00', 'model_version': 'qwen3:8b', 'prompt_hash': 'a6af280e'}",01_qwen3_nothink
17,real_mixed_53,qwen3:8b_kb_rag,74.37790012359619,41.13,0,direct_json,0.357143,0.833333,0.5,0.0,0,9.9,54.3,10.6,399.1,652.9,21004.8,82.7,7681.7,4983.3,"{'timestamp': '2026-09-06T20:52:13.683044+00:00', 'model_version': 'qwen3:8b', 'prompt_hash': 'a6af280e'}",01_qwen3_nothink
17,real_mixed_54,qwen3:8b_kb_rag,81.009348154068,42.09,0,direct_json,0.5,0.75,0.6,0.0,0,9.5,54.3,9.1,401.5,652.9,20981.1,82.7,7681.7,4983.3,"{'timestamp': '2026-09-06T20:52:20.321828+00:00', 'model_version': 'qwen3:8b', 'prompt_hash': 'a6af280e'}",01_qwen3_nothink
18,real_mixed_55,qwen3:8b_kb_rag,72.94219994544983,40.56,0,direct_json,0.35,0.777778,0.482759,0.0,0,9.6,54.3,10.9,426.5,652.9,20931.5,82.8,7681.7,4983.3,"{'timestamp': '2026-09-06T20:52:25.772370+00:00', 'model_version': 'qwen3:8b', 'prompt_hash': 'a6af280e'}",01_qwen3_nothink
18,real_mixed_56,qwen3:8b_kb_rag,80.02424693107605,40.44,0,direct_json,0.206897,0.428571,0.27907,0.0,0,9.4,54.3,9.3,427.5,652.9,20924.1,82.8,7681.7,4983.3,"{'timestamp': '2026-09-06T20:52:32.865084+00:00', 'model_version': 'qwen3:8b', 'prompt_hash': 'a6af280e'}",01_qwen3_nothink
18,real_mixed_57,qwen3:8b_kb_rag,83.54859399795532,41.18,0,direct_json,0.736842,0.777778,0.756757,0.1052631578947368,2,9.9,100.0,8.9,425.0,652.9,20922.3,82.8,7681.7,4983.3,"{'timestamp': '2026-09-06T20:52:36.402143+00:00', 'model_version': 'qwen3:8b', 'prompt_hash': 'a6af280e'}",01_qwen3_nothink
19,real_mixed_58,qwen3:8b_kb_rag,73.99131512641907,40.66,0,direct_json,0.5,0.636364,0.56,0.0,0,12.5,37.9,10.4,435.8,658.0,20894.3,82.9,7681.7,4983.3,"{'timestamp': '2026-09-06T20:52:39.807349+00:00', 'model_version': 'qwen3:8b', 'prompt_hash': 'a6af280e'}",01_qwen3_nothink
19,real_mixed_59,qwen3:8b_kb_rag,85.27066373825073,40.07,0,direct_json,0.607143,0.894737,0.723404,0.0,0,10.5,100.0,9.3,419.3,657.9,20876.3,82.9,7681.7,4983.3,"{'timestamp': '2026-09-06T20:52:51.079234+00:00', 'model_version': 'qwen3:8b', 'prompt_hash': 'a6af280e'}",01_qwen3_nothink
19,real_mixed_60,qwen3:8b_kb_rag,78.10998511314392,40.76,0,direct_json,0.818182,0.692308,0.75,0.0,0,11.4,37.9,9.7,432.5,657.9,20890.9,82.9,7681.7,4983.3,"{'timestamp': '2026-09-06T20:52:43.939439+00:00', 'model_version': 'qwen3:8b', 'prompt_hash': 'a6af280e'}",01_qwen3_nothink
20,real_mixed_61,qwen3:8b_kb_rag,84.15526294708252,38.62,0,direct_json,0.555556,0.714286,0.625,0.0277777777777777,1,7.5,33.6,9.7,417.9,657.9,20778.2,83.1,7681.7,4983.3,"{'timestamp': '2026-09-06T20:53:10.551887+00:00', 'model_version': 'qwen3:8b', 'prompt_hash': 'a6af280e'}",01_qwen3_nothink
20,real_mixed_62,qwen3:8b_kb_rag,73.52524781227112,40.81,0,direct_json,0.428571,0.545455,0.48,0.0,0,7.6,33.6,10.1,445.6,657.9,20798.8,83.1,7681.7,4983.3,"{'timestamp': '2026-09-06T20:52:59.904727+00:00', 'model_version': 'qwen3:8b', 'prompt_hash': 'a6af280e'}",01_qwen3_nothink
20,real_mixed_63,qwen3:8b_kb_rag,67.93028616905212,41.65,0,direct_json,0.3,0.375,0.333333,0.0,0,7.7,33.6,10.9,450.5,657.9,20816.2,83.1,7681.7,4983.3,"{'timestamp': '2026-09-06T20:52:54.295628+00:00', 'model_version': 'qwen3:8b', 'prompt_hash': 'a6af280e'}",01_qwen3_nothink
21,real_mixed_64,qwen3:8b_kb_rag,74.96298003196716,41.53,0,direct_json,0.0,0.0,0.0,0.0,0,9.4,33.6,9.8,424.5,657.9,20767.3,83.1,7681.7,4983.3,"{'timestamp': '2026-09-06T20:53:13.326803+00:00', 'model_version': 'qwen3:8b', 'prompt_hash': 'a6af280e'}",01_qwen3_nothink
21,real_mixed_65,qwen3:8b_kb_rag,83.64748311042786,41.13,0,direct_json,0.333333,0.375,0.352941,0.0,0,7.7,33.6,8.7,419.9,657.9,20782.9,83.1,7681.7,4983.3,"{'timestamp': '2026-09-06T20:53:22.025983+00:00', 'model_version': 'qwen3:8b', 'prompt_hash': 'a6af280e'}",01_qwen3_nothink
21,real_mixed_66,qwen3:8b_kb_rag,80.09501266479492,40.82,0,direct_json,0.363636,0.4,0.380952,0.0,0,8.6,47.4,9.6,425.5,657.9,20774.9,83.1,7681.7,4983.3,"{'timestamp': '2026-09-06T20:53:18.476253+00:00', 'model_version': 'qwen3:8b', 'prompt_hash': 'a6af280e'}",01_qwen3_nothink
22,real_mixed_67,qwen3:8b_kb_rag,81.60677719116211,40.74,0,direct_json,0.55,0.647059,0.594595,0.2,4,7.6,31.4,9.0,412.6,657.9,20785.5,83.0,7681.7,4983.3,"{'timestamp': '2026-09-06T20:53:31.896619+00:00', 'model_version': 'qwen3:8b', 'prompt_hash': 'a6af280e'}",01_qwen3_nothink
22,real_mixed_68,qwen3:8b_kb_rag,76.11557197570801,41.11,0,direct_json,0.6,0.923077,0.727273,0.0,0,11.7,60.0,9.9,415.3,657.9,20769.9,83.1,7681.7,4983.3,"{'timestamp': '2026-09-06T20:53:26.391107+00:00', 'model_version': 'qwen3:8b', 'prompt_hash': 'a6af280e'}",01_qwen3_nothink
22,real_mixed_69,qwen3:8b_kb_rag,86.18796801567078,40.84,0,direct_json,0.590909,0.541667,0.565217,0.0,0,7.4,31.4,8.4,410.4,657.9,20794.8,83.0,7681.7,4983.3,"{'timestamp': '2026-09-06T20:53:36.476478+00:00', 'model_version': 'qwen3:8b', 'prompt_hash': 'a6af280e'}",01_qwen3_nothink
23,real_mixed_70,qwen3:8b_kb_rag,80.64086985588074,40.5,0,direct_json,0.65,0.619048,0.634146,0.0,0,8.2,47.4,9.8,407.1,672.3,20817.4,83.0,7681.7,4983.3,"{'timestamp': '2026-09-06T20:53:41.302214+00:00', 'model_version': 'qwen3:8b', 'prompt_hash': 'a6af280e'}",01_qwen3_nothink
23,real_mixed_71,qwen3:8b_kb_rag,84.60169982910156,40.82,0,direct_json,0.4,0.333333,0.363636,0.0,0,8.9,31.6,9.1,410.6,672.2,20820.5,83.0,7681.7,4983.3,"{'timestamp': '2026-09-06T20:53:45.259048+00:00', 'model_version': 'qwen3:8b', 'prompt_hash': 'a6af280e'}",01_qwen3_nothink
23,real_mixed_72,qwen3:8b_kb_rag,88.60574913024902,40.65,0,direct_json,0.666667,0.571429,0.615385,0.0,0,9.4,100.0,8.3,409.1,672.2,20831.8,82.9,7681.7,4983.3,"{'timestamp': '2026-09-06T20:53:49.269145+00:00', 'model_version': 'qwen3:8b', 'prompt_hash': 'a6af280e'}",01_qwen3_nothink
24,real_mixed_73,qwen3:8b_kb_rag,83.07541513442993,40.86,0,direct_json,0.909091,0.666667,0.769231,0.0,0,14.8,60.0,8.8,393.6,672.2,20846.9,82.9,7681.7,4983.3,"{'timestamp': '2026-09-06T20:53:59.831494+00:00', 'model_version': 'qwen3:8b', 'prompt_hash': 'a6af280e'}",01_qwen3_nothink
24,real_mixed_74,qwen3:8b_kb_rag,76.4777147769928,40.83,0,direct_json,0.7,0.7,0.7,0.0,0,15.3,44.4,9.3,396.9,672.2,20835.9,82.9,7681.7,4983.3,"{'timestamp': '2026-09-06T20:53:53.229329+00:00', 'model_version': 'qwen3:8b', 'prompt_hash': 'a6af280e'}",01_qwen3_nothink
24,real_mixed_75,qwen3:8b_kb_rag,79.49024987220764,41.39,0,direct_json,0.25,0.333333,0.285714,0.25,1,14.6,44.9,9.6,396.5,672.2,20841.8,82.9,7681.7,4983.3,"{'timestamp': '2026-09-06T20:53:56.231035+00:00', 'model_version': 'qwen3:8b', 'prompt_hash': 'a6af280e'}",01_qwen3_nothink
25,real_mixed_76,qwen3:8b_kb_rag,69.97874784469604,42.06,0,direct_json,0.0,0.0,0.0,0.0,0,9.5,100.0,10.5,406.1,672.2,20864.9,82.8,7681.7,4983.3,"{'timestamp': '2026-09-06T20:54:01.432852+00:00', 'model_version': 'qwen3:8b', 'prompt_hash': 'a6af280e'}",01_qwen3_nothink
25,real_mixed_77,qwen3:8b_kb_rag,76.50028491020203,40.36,0,direct_json,0.5,0.5,0.5,0.0,0,11.9,100.0,12.7,408.8,672.2,20863.0,82.8,7681.7,4983.3,"{'timestamp': '2026-09-06T20:54:07.992841+00:00', 'model_version': 'qwen3:8b', 'prompt_hash': 'a6af280e'}",01_qwen3_nothink
25,real_mixed_78,qwen3:8b_kb_rag,82.58520603179932,39.79,0,direct_json,0.2,1.0,0.333333,0.2,4,10.6,43.3,8.7,401.9,672.2,20868.6,82.8,7681.7,4983.3,"{'timestamp': '2026-09-06T20:54:14.061906+00:00', 'model_version': 'qwen3:8b', 'prompt_hash': 'a6af280e'}",01_qwen3_nothink
26,real_mixed_79,qwen3:8b_kb_rag,80.60636186599731,39.33,0,direct_json,0.8,0.8,0.8,0.0,0,7.7,31.5,9.5,422.1,672.3,20954.1,82.7,7681.7,4983.3,"{'timestamp': '2026-09-06T20:54:31.476395+00:00', 'model_version': 'qwen3:8b', 'prompt_hash': 'a6af280e'}",01_qwen3_nothink
26,real_mixed_80,qwen3:8b_kb_rag,74.00213694572449,40.33,0,direct_json,0.529412,0.75,0.62069,0.0,0,7.9,31.5,9.6,430.3,672.2,20946.5,82.7,7681.7,4983.3,"{'timestamp': '2026-09-06T20:54:24.900531+00:00', 'model_version': 'qwen3:8b', 'prompt_hash': 'a6af280e'}",01_qwen3_nothink
26,real_mixed_81,qwen3:8b_kb_rag,66.4265558719635,41.02,0,direct_json,0.5,0.454545,0.47619,0.0,0,7.7,31.5,10.8,434.8,672.2,20945.8,82.7,7681.7,4983.3,"{'timestamp': '2026-09-06T20:54:17.301171+00:00', 'model_version': 'qwen3:8b', 'prompt_hash': 'a6af280e'}",01_qwen3_nothink
27,real_mixed_82,qwen3:8b_kb_rag,76.4531478881836,40.96,0,direct_json,0.384615,0.555556,0.454545,0.0,0,14.2,45.9,10.7,429.9,672.2,20959.4,82.7,7681.7,4983.3,"{'timestamp': '2026-09-06T20:54:38.798095+00:00', 'model_version': 'qwen3:8b', 'prompt_hash': 'a6af280e'}",01_qwen3_nothink
27,real_mixed_83,qwen3:8b_kb_rag,72.50498580932617,41.66,0,direct_json,0.583333,0.7,0.636364,0.0,0,10.1,42.9,10.9,430.4,672.2,20963.4,82.7,7681.7,4983.3,"{'timestamp': '2026-09-06T20:54:34.840988+00:00', 'model_version': 'qwen3:8b', 'prompt_hash': 'a6af280e'}",01_qwen3_nothink
27,real_mixed_84,qwen3:8b_kb_rag,79.0556252002716,41.37,0,direct_json,0.444444,0.444444,0.444444,0.0,0,11.3,50.0,9.4,427.0,672.2,20955.8,82.7,7681.7,4983.3,"{'timestamp': '2026-09-06T20:54:41.402298+00:00', 'model_version': 'qwen3:8b', 'prompt_hash': 'a6af280e'}",01_qwen3_nothink
28,real_mixed_85,qwen3:8b_kb_rag,68.39722084999084,41.18,0,direct_json,0.5,0.625,0.555556,0.0,0,7.8,31.5,10.6,440.5,672.2,20946.5,82.7,7681.7,4983.3,"{'timestamp': '2026-09-06T20:54:45.178239+00:00', 'model_version': 'qwen3:8b', 'prompt_hash': 'a6af280e'}",01_qwen3_nothink
28,real_mixed_86,qwen3:8b_kb_rag,74.50605702400208,41.22,0,direct_json,0.8,0.615385,0.695652,0.0,0,7.4,31.5,11.1,434.8,672.2,20944.5,82.7,7681.7,4983.3,"{'timestamp': '2026-09-06T20:54:51.287477+00:00', 'model_version': 'qwen3:8b', 'prompt_hash': 'a6af280e'}",01_qwen3_nothink
28,real_mixed_87,qwen3:8b_kb_rag,71.03679585456848,41.22,0,direct_json,0.428571,0.428571,0.428571,0.0,0,7.5,31.5,10.1,438.3,672.2,20945.5,82.7,7681.7,4983.3,"{'timestamp': '2026-09-06T20:54:47.821273+00:00', 'model_version': 'qwen3:8b', 'prompt_hash': 'a6af280e'}",01_qwen3_nothink
29,real_mixed_88,qwen3:8b_kb_rag,64.36645412445068,41.17,0,direct_json,0.333333,0.75,0.461538,0.0,0,12.9,45.9,12.2,432.2,671.8,20936.4,82.7,7681.7,4983.3,"{'timestamp': '2026-09-06T20:54:53.989928+00:00', 'model_version': 'qwen3:8b', 'prompt_hash': 'a6af280e'}",01_qwen3_nothink
29,real_mixed_89,qwen3:8b_kb_rag,72.47357606887817,40.59,0,direct_json,0.5,0.307692,0.380952,0.0,0,13.3,50.0,10.0,420.5,671.8,20939.9,82.7,7681.7,4983.3,"{'timestamp': '2026-09-06T20:55:02.112786+00:00', 'model_version': 'qwen3:8b', 'prompt_hash': 'a6af280e'}",01_qwen3_nothink
29,real_mixed_90,qwen3:8b_kb_rag,69.41882300376892,41.02,0,direct_json,0.3125,0.625,0.416667,0.0,0,12.5,45.9,10.3,425.7,671.8,20938.1,82.7,7681.7,4983.3,"{'timestamp': '2026-09-06T20:54:59.058053+00:00', 'model_version': 'qwen3:8b', 'prompt_hash': 'a6af280e'}",01_qwen3_nothink
30,real_mixed_91,qwen3:8b_kb_rag,73.49898076057434,40.06,0,direct_json,0.642857,0.75,0.692308,0.0,0,7.4,33.3,9.9,411.4,671.8,20910.6,82.8,7681.7,4983.3,"{'timestamp': '2026-09-06T20:55:13.649715+00:00', 'model_version': 'qwen3:8b', 'prompt_hash': 'a6af280e'}",01_qwen3_nothink
30,real_mixed_92,qwen3:8b_kb_rag,69.03098011016846,40.12,0,direct_json,0.428571,0.4,0.413793,0.0,0,8.8,33.6,11.2,419.5,671.8,20925.9,82.8,7681.7,4983.3,"{'timestamp': '2026-09-06T20:55:09.184628+00:00', 'model_version': 'qwen3:8b', 'prompt_hash': 'a6af280e'}",01_qwen3_nothink
30,real_mixed_93,qwen3:8b_kb_rag,65.38575315475464,40.04,0,direct_json,0.583333,0.7,0.636364,0.0,0,7.3,33.3,10.9,423.9,671.8,20933.3,82.7,7681.7,4983.3,"{'timestamp': '2026-09-06T20:55:05.535885+00:00', 'model_version': 'qwen3:8b', 'prompt_hash': 'a6af280e'}",01_qwen3_nothink
31,real_mixed_94,qwen3:8b_kb_rag,70.00593400001526,40.24,0,direct_json,0.9375,0.75,0.833333,0.0,0,11.3,37.0,10.4,414.6,671.8,20848.5,83.0,7681.7,4983.3,"{'timestamp': '2026-09-06T20:55:24.426432+00:00', 'model_version': 'qwen3:8b', 'prompt_hash': 'a6af280e'}",01_qwen3_nothink
31,real_mixed_95,qwen3:8b_kb_rag,61.91183400154114,40.38,0,direct_json,0.0,0.0,0.0,0.0,0,11.2,37.8,11.6,418.5,671.8,20896.5,82.9,7681.7,4983.3,"{'timestamp': '2026-09-06T20:55:16.314911+00:00', 'model_version': 'qwen3:8b', 'prompt_hash': 'a6af280e'}",01_qwen3_nothink
31,real_mixed_96,qwen3:8b_kb_rag,65.46956610679626,40.53,0,direct_json,0.583333,0.583333,0.583333,0.0,0,10.6,50.0,12.2,421.8,671.8,20871.4,82.9,7681.7,4983.3,"{'timestamp': '2026-09-06T20:55:19.876399+00:00', 'model_version': 'qwen3:8b', 'prompt_hash': 'a6af280e'}",01_qwen3_nothink
32,real_mixed_97,qwen3:8b_kb_rag,58.34859085083008,40.6,0,direct_json,0.538462,0.777778,0.636364,0.0,0,10.4,33.3,12.6,433.8,671.8,20770.4,83.2,7681.7,4983.3,"{'timestamp': '2026-09-06T20:55:30.175077+00:00', 'model_version': 'qwen3:8b', 'prompt_hash': 'a6af280e'}",01_qwen3_nothink
32,real_mixed_98,qwen3:8b_kb_rag,65.44910192489624,40.31,0,direct_json,0.458333,0.392857,0.423077,0.0,0,11.0,100.0,12.2,424.0,671.8,20741.6,83.3,7681.7,4983.3,"{'timestamp': '2026-09-06T20:55:37.295488+00:00', 'model_version': 'qwen3:8b', 'prompt_hash': 'a6af280e'}",01_qwen3_nothink
32,real_mixed_99,qwen3:8b_kb_rag,55.76732897758484,40.45,0,direct_json,0.1,0.5,0.166667,0.0,0,9.8,33.3,13.1,433.1,671.7,20783.6,83.2,7681.7,4983.3,"{'timestamp': '2026-09-06T20:55:27.595052+00:00', 'model_version': 'qwen3:8b', 'prompt_hash': 'a6af280e'}",01_qwen3_nothink
33,real_mixed_100,qwen3:8b_kb_rag,63.380672216415405,40.86,0,direct_json,0.038462,0.142857,0.060606,0.0,0,8.7,33.3,12.2,443.1,675.9,20731.4,83.3,7681.7,4983.3,"{'timestamp': '2026-09-06T20:55:45.075251+00:00', 'model_version': 'qwen3:8b', 'prompt_hash': 'a6af280e'}",01_qwen3_nothink
33,real_mixed_101,qwen3:8b_kb_rag,66.0389039516449,41.72,0,direct_json,0.444444,0.571429,0.5,0.0,0,14.8,60.0,11.1,446.6,675.9,20740.1,83.2,7681.7,4983.3,"{'timestamp': '2026-09-06T20:55:47.739903+00:00', 'model_version': 'qwen3:8b', 'prompt_hash': 'a6af280e'}",01_qwen3_nothink
33,real_mixed_102,qwen3:8b_kb_rag,56.78776502609253,43.4,0,direct_json,0.0,0.0,0.0,0.0,0,8.8,33.3,21.3,416.1,675.7,20713.5,83.4,7681.7,4983.3,"{'timestamp': '2026-09-06T20:55:38.468880+00:00', 'model_version': 'qwen3:8b', 'prompt_hash': 'a6af280e'}",01_qwen3_nothink
34,real_mixed_103,qwen3:8b_kb_rag,65.38582968711853,42.0,0,direct_json,0.0,0.0,0.0,0.0,0,10.8,46.1,11.2,460.1,675.9,20781.6,83.2,7681.7,4983.3,"{'timestamp': '2026-09-06T20:55:57.013133+00:00', 'model_version': 'qwen3:8b', 'prompt_hash': 'a6af280e'}",01_qwen3_nothink
34,real_mixed_104,qwen3:8b_kb_rag,59.805230140686035,40.93,0,direct_json,0.294118,0.5,0.37037,0.0,0,12.0,100.0,20.9,456.8,675.9,20742.9,83.3,7681.7,4983.3,"{'timestamp': '2026-09-06T20:55:51.430855+00:00', 'model_version': 'qwen3:8b', 'prompt_hash': 'a6af280e'}",01_qwen3_nothink
34,real_mixed_105,qwen3:8b_kb_rag,64.36332201957703,40.99,0,direct_json,0.5,0.7,0.583333,0.0,0,10.8,46.6,12.3,461.3,675.9,20772.5,83.2,7681.7,4983.3,"{'timestamp': '2026-09-06T20:55:56.002450+00:00', 'model_version': 'qwen3:8b', 'prompt_hash': 'a6af280e'}",01_qwen3_nothink
35,real_mixed_106,qwen3:8b_kb_rag,56.72005605697632,41.84,0,direct_json,0.166667,0.5,0.25,0.0,0,9.1,33.2,11.8,467.5,675.9,20771.6,83.2,7681.7,4983.3,"{'timestamp': '2026-09-06T20:55:59.157397+00:00', 'model_version': 'qwen3:8b', 'prompt_hash': 'a6af280e'}",01_qwen3_nothink
35,real_mixed_107,qwen3:8b_kb_rag,65.8525710105896,40.51,0,direct_json,0.692308,0.692308,0.692308,0.0,0,9.3,33.2,9.4,438.3,675.9,20861.7,83.0,7681.7,4983.3,"{'timestamp': '2026-09-06T20:56:08.302685+00:00', 'model_version': 'qwen3:8b', 'prompt_hash': 'a6af280e'}",01_qwen3_nothink
35,real_mixed_108,qwen3:8b_kb_rag,60.33777976036072,40.84,0,direct_json,0.266667,0.8,0.4,0.0,0,8.8,33.2,10.0,459.5,675.9,20808.1,83.1,7681.7,4983.3,"{'timestamp': '2026-09-06T20:56:02.781941+00:00', 'model_version': 'qwen3:8b', 'prompt_hash': 'a6af280e'}",01_qwen3_nothink
36,real_mixed_109,qwen3:8b_kb_rag,63.39497423171997,40.48,0,direct_json,0.678571,0.791667,0.730769,0.0,0,8.8,39.8,7.7,422.6,675.9,20958.8,82.8,7681.7,4983.3,"{'timestamp': '2026-09-06T20:56:17.494196+00:00', 'model_version': 'qwen3:8b', 'prompt_hash': 'a6af280e'}",01_qwen3_nothink
36,real_mixed_110,qwen3:8b_kb_rag,68.34722709655762,40.73,0,direct_json,0.428571,0.333333,0.375,0.0,0,10.5,57.7,7.1,404.7,675.9,20979.8,82.7,7681.7,4983.3,"{'timestamp': '2026-09-06T20:56:22.453844+00:00', 'model_version': 'qwen3:8b', 'prompt_hash': 'a6af280e'}",01_qwen3_nothink
36,real_mixed_111,qwen3:8b_kb_rag,57.24741816520691,41.74,0,direct_json,0.545455,0.206897,0.3,0.0,0,10.2,38.6,8.4,445.3,675.9,20907.4,82.9,7681.7,4983.3,"{'timestamp': '2026-09-06T20:56:11.359202+00:00', 'model_version': 'qwen3:8b', 'prompt_hash': 'a6af280e'}",01_qwen3_nothink
37,real_mixed_112,qwen3:8b_kb_rag,66.37924909591675,41.78,0,direct_json,0.333333,0.6,0.428571,0.0,0,8.1,30.0,5.2,370.1,675.9,21091.5,82.4,7681.7,4983.3,"{'timestamp': '2026-09-06T20:56:31.187243+00:00', 'model_version': 'qwen3:8b', 'prompt_hash': 'a6af280e'}",01_qwen3_nothink
37,real_mixed_113,qwen3:8b_kb_rag,63.375020027160645,41.09,0,direct_json,0.6,0.666667,0.631579,0.0,0,7.8,30.0,6.5,379.4,675.9,21084.6,82.4,7681.7,4983.3,"{'timestamp': '2026-09-06T20:56:28.187215+00:00', 'model_version': 'qwen3:8b', 'prompt_hash': 'a6af280e'}",01_qwen3_nothink
37,real_mixed_114,qwen3:8b_kb_rag,60.73860502243042,40.87,0,direct_json,0.454545,0.714286,0.555556,0.0,0,8.5,39.5,6.9,388.5,675.9,21079.8,82.4,7681.7,4983.3,"{'timestamp': '2026-09-06T20:56:25.554279+00:00', 'model_version': 'qwen3:8b', 'prompt_hash': 'a6af280e'}",01_qwen3_nothink
38,real_mixed_115,qwen3:8b_kb_rag,55.25943613052368,42.05,0,direct_json,0.6,1.0,0.75,0.0,0,13.6,40.9,5.4,349.9,675.9,21234.5,82.1,7681.7,4983.3,"{'timestamp': '2026-09-06T20:56:32.837855+00:00', 'model_version': 'qwen3:8b', 'prompt_hash': 'a6af280e'}",01_qwen3_nothink
38,real_mixed_116,qwen3:8b_kb_rag,58.28127193450928,41.22,0,direct_json,0.5,1.0,0.666667,0.25,1,14.1,40.5,4.3,340.8,675.9,21233.7,82.1,7681.7,4983.3,"{'timestamp': '2026-09-06T20:56:35.860586+00:00', 'model_version': 'qwen3:8b', 'prompt_hash': 'a6af280e'}",01_qwen3_nothink
38,real_mixed_117,qwen3:8b_kb_rag,66.41142296791077,40.59,0,direct_json,0.238095,0.625,0.344828,0.0,0,13.2,44.2,3.6,319.7,675.9,21242.0,82.1,7681.7,4983.3,"{'timestamp': '2026-09-06T20:56:44.003703+00:00', 'model_version': 'qwen3:8b', 'prompt_hash': 'a6af280e'}",01_qwen3_nothink
39,real_mixed_118,qwen3:8b_kb_rag,58.27707600593567,40.84,0,direct_json,0.625,1.0,0.769231,0.0,0,11.3,72.2,3.3,257.5,649.3,21307.6,82.0,7681.7,4983.3,"{'timestamp': '2026-09-06T20:56:46.319005+00:00', 'model_version': 'qwen3:8b', 'prompt_hash': 'a6af280e'}",01_qwen3_nothink
39,real_mixed_119,qwen3:8b_kb_rag,61.38068509101868,41.82,0,direct_json,0.666667,0.666667,0.666667,0.0,0,9.4,38.3,2.9,252.9,649.3,21307.8,82.0,7681.7,4983.3,"{'timestamp': '2026-09-06T20:56:49.428059+00:00', 'model_version': 'qwen3:8b', 'prompt_hash': 'a6af280e'}",01_qwen3_nothink
39,real_mixed_120,qwen3:8b_kb_rag,65.82455587387085,41.27,0,direct_json,0.25,0.8,0.380952,0.3125,5,12.3,70.6,1.9,246.5,649.3,21311.4,82.0,7681.7,4983.3,"{'timestamp': '2026-09-06T20:56:53.877112+00:00', 'model_version': 'qwen3:8b', 'prompt_hash': 'a6af280e'}",01_qwen3_nothink
1,real_mixed_4,gemma4:12b-mlx_baseline,28.44892621040344,52.83,0,direct_json,0.533333,0.571429,0.551724,0.0666666666666666,1,12.7,36.5,3.7,142.4,273.7,24224.1,70.1,10136.2,7296.8,"{'timestamp': '2026-09-06T15:43:11.680208+00:00', 'model_version': 'gemma4:12b-mlx', 'prompt_hash': 'a6af280e'}",02_gemma4_12b_mlx
1,real_mixed_5,gemma4:12b-mlx_baseline,47.75909495353699,50.11,0,direct_json,0.352941,0.6,0.444444,0.0,0,13.0,100.0,2.2,127.1,273.7,23834.0,70.1,11991.7,7296.8,"{'timestamp': '2026-09-06T15:43:30.967499+00:00', 'model_version': 'gemma4:12b-mlx', 'prompt_hash': 'a6af280e'}",02_gemma4_12b_mlx
1,real_mixed_6,gemma4:12b-mlx_baseline,32.47313690185547,58.4,0,direct_json,0.75,0.666667,0.705882,0.0,0,13.7,42.1,3.7,137.6,273.7,24013.0,69.9,10569.7,7296.8,"{'timestamp': '2026-09-06T15:43:15.699406+00:00', 'model_version': 'gemma4:12b-mlx', 'prompt_hash': 'a6af280e'}",02_gemma4_12b_mlx
5,real_mixed_16,gemma4:12b-mlx_baseline,57.329214096069336,54.69,0,direct_json,0.625,0.555556,0.588235,0.125,1,14.0,100.0,7.9,124.3,273.7,23389.9,70.7,13987.0,7296.8,"{'timestamp': '2026-09-06T15:43:40.533421+00:00', 'model_version': 'gemma4:12b-mlx', 'prompt_hash': 'a6af280e'}",02_gemma4_12b_mlx
5,real_mixed_17,gemma4:12b-mlx_baseline,42.071938037872314,46.96,0,direct_json,0.5,1.0,0.666667,0.0,0,15.5,100.0,2.9,130.0,273.7,23763.8,69.8,11991.7,7296.8,"{'timestamp': '2026-09-06T15:43:25.277076+00:00', 'model_version': 'gemma4:12b-mlx', 'prompt_hash': 'a6af280e'}",02_gemma4_12b_mlx
5,real_mixed_18,gemma4:12b-mlx_baseline,41.117279052734375,55.88,0,direct_json,0.666667,0.666667,0.666667,0.0,0,17.5,100.0,18.4,130.5,273.7,23762.5,69.8,11697.0,7296.8,"{'timestamp': '2026-09-06T15:43:24.325097+00:00', 'model_version': 'gemma4:12b-mlx', 'prompt_hash': 'a6af280e'}",02_gemma4_12b_mlx
3,real_mixed_10,gemma4:12b-mlx_baseline,61.403579235076904,60.43,0,direct_json,0.384615,0.833333,0.526316,0.0,0,17.1,100.0,12.2,123.6,273.7,23352.3,71.1,14573.0,7296.8,"{'timestamp': '2026-09-06T15:43:44.604325+00:00', 'model_version': 'gemma4:12b-mlx', 'prompt_hash': 'a6af280e'}",02_gemma4_12b_mlx
3,real_mixed_11,gemma4:12b-mlx_baseline,70.03950381278992,53.82,0,direct_json,0.642857,1.0,0.782609,0.0,0,10.8,40.0,6.4,122.7,273.7,23261.0,71.6,15233.1,7296.8,"{'timestamp': '2026-09-06T15:43:53.255630+00:00', 'model_version': 'gemma4:12b-mlx', 'prompt_hash': 'a6af280e'}",02_gemma4_12b_mlx
3,real_mixed_12,gemma4:12b-mlx_baseline,7.134328842163086,49.85,0,direct_json,0.545455,0.857143,0.666667,0.0,0,19.1,80.0,44.9,259.6,273.7,22880.3,66.0,7708.5,7296.8,"{'timestamp': '2026-09-06T15:42:50.342169+00:00', 'model_version': 'gemma4:12b-mlx', 'prompt_hash': 'a6af280e'}",02_gemma4_12b_mlx
7,real_mixed_22,gemma4:12b-mlx_baseline,49.75040316581726,38.78,0,direct_json,0.0,0.0,0.0,0.0,0,14.8,66.7,2.5,126.2,273.7,23705.4,70.3,12865.8,7296.8,"{'timestamp': '2026-09-06T15:43:32.947477+00:00', 'model_version': 'gemma4:12b-mlx', 'prompt_hash': 'a6af280e'}",02_gemma4_12b_mlx
7,real_mixed_23,gemma4:12b-mlx_baseline,82.73972010612488,38.77,0,direct_json,0.75,0.6,0.666667,0.0,0,11.0,39.6,1.8,124.0,273.7,23229.1,72.4,15973.1,7296.8,"{'timestamp': '2026-09-06T15:44:05.957281+00:00', 'model_version': 'gemma4:12b-mlx', 'prompt_hash': 'a6af280e'}",02_gemma4_12b_mlx
7,real_mixed_24,gemma4:12b-mlx_baseline,97.37190985679626,51.84,0,direct_json,0.5,0.571429,0.533333,0.0,0,14.0,100.0,6.7,124.5,273.7,22919.8,73.2,15941.1,7296.8,"{'timestamp': '2026-09-06T15:44:20.576551+00:00', 'model_version': 'gemma4:12b-mlx', 'prompt_hash': 'a6af280e'}",02_gemma4_12b_mlx
4,real_mixed_13,gemma4:12b-mlx_baseline,105.47654795646667,46.17,0,direct_json,0.52,0.764706,0.619048,0.0,0,14.6,100.0,1.6,124.2,273.7,22851.3,73.7,16002.4,7296.8,"{'timestamp': '2026-09-06T15:44:28.707819+00:00', 'model_version': 'gemma4:12b-mlx', 'prompt_hash': 'a6af280e'}",02_gemma4_12b_mlx
4,real_mixed_14,gemma4:12b-mlx_baseline,77.57108402252197,46.63,0,direct_json,0.647059,0.916667,0.758621,0.0,0,14.1,49.1,1.9,123.5,273.7,23223.1,71.9,15897.1,7296.8,"{'timestamp': '2026-09-06T15:44:00.787435+00:00', 'model_version': 'gemma4:12b-mlx', 'prompt_hash': 'a6af280e'}",02_gemma4_12b_mlx
4,real_mixed_15,gemma4:12b-mlx_baseline,23.38096570968628,58.46,0,direct_json,0.333333,0.777778,0.466667,0.0,0,11.9,36.5,3.6,150.8,273.7,24567.2,70.2,9565.7,7296.8,"{'timestamp': '2026-09-06T15:43:06.601105+00:00', 'model_version': 'gemma4:12b-mlx', 'prompt_hash': 'a6af280e'}",02_gemma4_12b_mlx
2,real_mixed_7,gemma4:12b-mlx_baseline,93.82091212272644,50.57,0,direct_json,0.529412,0.642857,0.580645,0.0,0,11.2,39.6,1.9,124.4,273.7,22970.8,73.1,15980.9,7296.8,"{'timestamp': '2026-09-06T15:44:17.041184+00:00', 'model_version': 'gemma4:12b-mlx', 'prompt_hash': 'a6af280e'}",02_gemma4_12b_mlx
2,real_mixed_8,gemma4:12b-mlx_baseline,53.810214042663574,52.04,0,direct_json,0.555556,0.555556,0.555556,0.0,0,10.8,36.5,3.0,125.2,273.7,23512.9,70.5,13452.0,7296.8,"{'timestamp': '2026-09-06T15:43:37.029128+00:00', 'model_version': 'gemma4:12b-mlx', 'prompt_hash': 'a6af280e'}",02_gemma4_12b_mlx
2,real_mixed_9,gemma4:12b-mlx_baseline,109.04591298103333,61.71,0,direct_json,0.5,0.5,0.5,0.0,0,13.4,50.0,1.9,123.9,273.7,22752.9,73.8,15785.1,7296.8,"{'timestamp': '2026-09-06T15:44:32.263231+00:00', 'model_version': 'gemma4:12b-mlx', 'prompt_hash': 'a6af280e'}",02_gemma4_12b_mlx
6,real_mixed_19,gemma4:12b-mlx_baseline,113.57742619514464,57.16,0,direct_json,0.904762,0.95,0.926829,0.0,0,14.9,66.7,1.7,123.7,273.7,22711.6,74.0,15619.9,7296.8,"{'timestamp': '2026-09-06T15:44:36.799717+00:00', 'model_version': 'gemma4:12b-mlx', 'prompt_hash': 'a6af280e'}",02_gemma4_12b_mlx
6,real_mixed_20,gemma4:12b-mlx_baseline,87.75587821006775,48.3,0,direct_json,0.545455,0.375,0.444444,0.0,0,11.0,39.6,2.2,124.2,273.7,23069.3,72.7,15891.6,7296.8,"{'timestamp': '2026-09-06T15:44:10.976980+00:00', 'model_version': 'gemma4:12b-mlx', 'prompt_hash': 'a6af280e'}",02_gemma4_12b_mlx
6,real_mixed_21,gemma4:12b-mlx_baseline,12.753783226013184,50.23,0,direct_json,0.818182,0.642857,0.72,0.0,0,13.5,40.0,38.4,190.4,273.7,23761.0,68.8,7708.5,7296.8,"{'timestamp': '2026-09-06T15:42:55.970803+00:00', 'model_version': 'gemma4:12b-mlx', 'prompt_hash': 'a6af280e'}",02_gemma4_12b_mlx
0,real_mixed_1,gemma4:12b-mlx_baseline,36.59978222846985,53.51,0,direct_json,0.615385,0.615385,0.615385,0.0,0,16.4,100.0,2.7,133.9,273.7,23866.7,69.8,11064.2,7296.8,"{'timestamp': '2026-09-06T15:43:19.822917+00:00', 'model_version': 'gemma4:12b-mlx', 'prompt_hash': 'a6af280e'}",02_gemma4_12b_mlx
0,real_mixed_2,gemma4:12b-mlx_baseline,18.314111948013306,54.24,0,direct_json,0.5,0.5,0.5,0.0,0,12.9,33.3,42.6,163.8,273.7,24359.7,70.0,8980.5,7296.8,"{'timestamp': '2026-09-06T15:43:01.523668+00:00', 'model_version': 'gemma4:12b-mlx', 'prompt_hash': 'a6af280e'}",02_gemma4_12b_mlx
0,real_mixed_3,gemma4:12b-mlx_baseline,118.14169216156006,49.55,0,direct_json,0.5,0.5,0.5,0.0,0,17.1,100.0,6.8,123.6,273.7,22658.6,74.1,15823.6,7296.8,"{'timestamp': '2026-09-06T15:44:41.351398+00:00', 'model_version': 'gemma4:12b-mlx', 'prompt_hash': 'a6af280e'}",02_gemma4_12b_mlx
8,real_mixed_25,gemma4:12b-mlx_baseline,92.22768211364746,54.22,0,direct_json,0.454545,0.416667,0.434783,0.0,0,12.7,100.0,2.1,121.1,133.3,21437.5,76.2,15858.4,7296.8,"{'timestamp': '2026-09-06T15:45:03.227344+00:00', 'model_version': 'gemma4:12b-mlx', 'prompt_hash': 'a6af280e'}",02_gemma4_12b_mlx
8,real_mixed_26,gemma4:12b-mlx_baseline,77.51767992973328,54.79,0,direct_json,0.785714,0.611111,0.6875,0.0,0,10.5,40.0,2.2,121.9,133.3,21796.7,77.2,15872.4,7296.8,"{'timestamp': '2026-09-06T15:44:48.531509+00:00', 'model_version': 'gemma4:12b-mlx', 'prompt_hash': 'a6af280e'}",02_gemma4_12b_mlx
8,real_mixed_27,gemma4:12b-mlx_baseline,88.21665787696838,56.44,0,direct_json,0.606061,0.740741,0.666667,0.0,0,10.1,40.0,2.4,121.5,133.3,21487.5,76.5,15872.4,7296.8,"{'timestamp': '2026-09-06T15:44:59.215468+00:00', 'model_version': 'gemma4:12b-mlx', 'prompt_hash': 'a6af280e'}",02_gemma4_12b_mlx
9,real_mixed_28,gemma4:12b-mlx_baseline,95.84318804740906,58.28,0,direct_json,0.733333,0.733333,0.733333,0.0,0,12.7,57.1,2.4,122.0,133.3,21580.5,75.7,15976.9,7296.8,"{'timestamp': '2026-09-06T15:45:16.406280+00:00', 'model_version': 'gemma4:12b-mlx', 'prompt_hash': 'a6af280e'}",02_gemma4_12b_mlx
9,real_mixed_29,gemma4:12b-mlx_baseline,87.67950487136841,59.45,0,direct_json,0.4,0.833333,0.540541,0.0,0,15.3,54.8,2.1,122.1,133.3,21493.9,76.2,15818.4,7296.8,"{'timestamp': '2026-09-06T15:45:08.234939+00:00', 'model_version': 'gemma4:12b-mlx', 'prompt_hash': 'a6af280e'}",02_gemma4_12b_mlx
9,real_mixed_30,gemma4:12b-mlx_baseline,91.31023788452148,49.95,0,direct_json,0.6,0.75,0.666667,0.0,0,10.1,40.0,1.8,122.1,133.3,21506.1,76.0,15818.4,7296.8,"{'timestamp': '2026-09-06T15:45:11.871233+00:00', 'model_version': 'gemma4:12b-mlx', 'prompt_hash': 'a6af280e'}",02_gemma4_12b_mlx
10,real_mixed_31,gemma4:12b-mlx_baseline,88.71318197250366,59.08,0,direct_json,0.333333,1.0,0.5,0.0,0,10.2,40.0,2.2,123.2,133.3,21501.2,75.3,15723.7,7296.8,"{'timestamp': '2026-09-06T15:45:21.987921+00:00', 'model_version': 'gemma4:12b-mlx', 'prompt_hash': 'a6af280e'}",02_gemma4_12b_mlx
10,real_mixed_32,gemma4:12b-mlx_baseline,86.67635822296143,60.38,0,direct_json,0.142857,0.285714,0.190476,0.0,0,11.6,100.0,1.9,123.1,133.3,21463.7,75.5,15775.2,7296.8,"{'timestamp': '2026-09-06T15:45:19.955197+00:00', 'model_version': 'gemma4:12b-mlx', 'prompt_hash': 'a6af280e'}",02_gemma4_12b_mlx
10,real_mixed_33,gemma4:12b-mlx_baseline,93.36460590362547,57.62,0,direct_json,0.75,0.692308,0.72,0.0,0,10.1,40.0,1.9,123.3,133.3,21611.3,75.0,15703.4,7296.8,"{'timestamp': '2026-09-06T15:45:26.649175+00:00', 'model_version': 'gemma4:12b-mlx', 'prompt_hash': 'a6af280e'}",02_gemma4_12b_mlx
11,real_mixed_34,gemma4:12b-mlx_baseline,78.64590692520142,52.49,0,direct_json,0.4,0.4,0.4,0.0,0,10.2,40.0,2.9,121.8,127.6,21955.2,73.1,15891.2,7296.8,"{'timestamp': '2026-09-06T15:45:39.253814+00:00', 'model_version': 'gemma4:12b-mlx', 'prompt_hash': 'a6af280e'}",02_gemma4_12b_mlx
11,real_mixed_35,gemma4:12b-mlx_baseline,74.5997371673584,60.03,0,direct_json,0.583333,1.0,0.736842,0.0,0,10.2,40.0,2.8,121.4,127.5,21764.9,73.3,15894.4,7296.8,"{'timestamp': '2026-09-06T15:45:35.203093+00:00', 'model_version': 'gemma4:12b-mlx', 'prompt_hash': 'a6af280e'}",02_gemma4_12b_mlx
11,real_mixed_36,gemma4:12b-mlx_baseline,69.99483227729797,62.93,0,direct_json,0.571429,0.571429,0.571429,0.0,0,14.9,100.0,2.6,121.0,127.4,21596.3,73.7,15587.4,7296.8,"{'timestamp': '2026-09-06T15:45:30.606332+00:00', 'model_version': 'gemma4:12b-mlx', 'prompt_hash': 'a6af280e'}",02_gemma4_12b_mlx
12,real_mixed_37,gemma4:12b-mlx_baseline,75.53193688392639,53.76,0,direct_json,0.666667,0.833333,0.740741,0.0,0,15.3,52.2,2.1,122.6,130.3,22234.8,72.0,15891.2,7296.8,"{'timestamp': '2026-09-06T15:45:44.269416+00:00', 'model_version': 'gemma4:12b-mlx', 'prompt_hash': 'a6af280e'}",02_gemma4_12b_mlx
12,real_mixed_38,gemma4:12b-mlx_baseline,84.68363809585571,52.81,0,direct_json,0.692308,0.692308,0.692308,0.0,0,9.9,40.0,2.2,124.0,135.6,22517.1,71.6,15929.2,7296.8,"{'timestamp': '2026-09-06T15:45:53.428183+00:00', 'model_version': 'gemma4:12b-mlx', 'prompt_hash': 'a6af280e'}",02_gemma4_12b_mlx
12,real_mixed_39,gemma4:12b-mlx_baseline,79.57920098304749,53.05,0,direct_json,0.666667,0.571429,0.615385,0.0,0,11.2,50.0,2.6,123.2,135.5,22343.5,71.8,15945.7,7296.8,"{'timestamp': '2026-09-06T15:45:48.312470+00:00', 'model_version': 'gemma4:12b-mlx', 'prompt_hash': 'a6af280e'}",02_gemma4_12b_mlx
13,real_mixed_40,gemma4:12b-mlx_baseline,85.17782783508301,58.35,0,direct_json,0.583333,0.583333,0.583333,0.0,0,10.4,50.0,2.1,124.9,136.0,22770.8,71.2,15870.7,7296.8,"{'timestamp': '2026-09-06T15:45:57.477142+00:00', 'model_version': 'gemma4:12b-mlx', 'prompt_hash': 'a6af280e'}",02_gemma4_12b_mlx
13,real_mixed_41,gemma4:12b-mlx_baseline,97.2606201171875,43.13,0,direct_json,0.6875,0.611111,0.647059,0.0,0,12.3,50.0,2.3,126.2,136.2,23141.9,70.7,15872.1,7296.8,"{'timestamp': '2026-09-06T15:46:09.562923+00:00', 'model_version': 'gemma4:12b-mlx', 'prompt_hash': 'a6af280e'}",02_gemma4_12b_mlx
13,real_mixed_42,gemma4:12b-mlx_baseline,91.26289796829224,59.47,0,direct_json,0.666667,0.666667,0.666667,0.0,0,10.1,50.0,2.4,125.6,136.1,22946.3,70.9,15924.1,7296.8,"{'timestamp': '2026-09-06T15:46:03.575361+00:00', 'model_version': 'gemma4:12b-mlx', 'prompt_hash': 'a6af280e'}",02_gemma4_12b_mlx
14,real_mixed_43,gemma4:12b-mlx_baseline,111.50572276115416,50.75,0,direct_json,0.76,0.904762,0.826087,0.0,0,14.1,51.7,1.8,127.3,136.2,23059.4,70.6,15921.9,7296.8,"{'timestamp': '2026-09-06T15:46:28.342820+00:00', 'model_version': 'gemma4:12b-mlx', 'prompt_hash': 'a6af280e'}",02_gemma4_12b_mlx
14,real_mixed_44,gemma4:12b-mlx_baseline,99.3977870941162,55.16,0,direct_json,0.56,1.0,0.717949,0.0,0,11.5,58.6,1.9,126.8,136.2,23187.5,70.6,15964.4,7296.8,"{'timestamp': '2026-09-06T15:46:16.225315+00:00', 'model_version': 'gemma4:12b-mlx', 'prompt_hash': 'a6af280e'}",02_gemma4_12b_mlx
14,real_mixed_45,gemma4:12b-mlx_baseline,115.57707905769348,56.5,0,direct_json,0.6,0.75,0.666667,0.0,0,10.6,43.5,1.8,127.5,136.2,23059.5,70.7,15753.6,7296.8,"{'timestamp': '2026-09-06T15:46:32.407614+00:00', 'model_version': 'gemma4:12b-mlx', 'prompt_hash': 'a6af280e'}",02_gemma4_12b_mlx
15,real_mixed_46,gemma4:12b-mlx_baseline,124.1671998500824,53.42,0,direct_json,0.571429,0.285714,0.380952,0.0,0,15.6,66.7,1.8,127.5,136.2,23139.9,70.6,15887.7,7296.8,"{'timestamp': '2026-09-06T15:46:45.555668+00:00', 'model_version': 'gemma4:12b-mlx', 'prompt_hash': 'a6af280e'}",02_gemma4_12b_mlx
15,real_mixed_47,gemma4:12b-mlx_baseline,121.1443510055542,46.19,0,direct_json,0.730769,0.703704,0.716981,0.0384615384615384,1,14.5,52.2,1.9,127.8,136.2,23217.1,70.6,15738.9,7296.8,"{'timestamp': '2026-09-06T15:46:42.545948+00:00', 'model_version': 'gemma4:12b-mlx', 'prompt_hash': 'a6af280e'}",02_gemma4_12b_mlx
15,real_mixed_48,gemma4:12b-mlx_baseline,114.52782893180849,48.9,0,direct_json,0.444444,0.666667,0.533333,0.0,0,17.7,100.0,2.0,127.8,136.2,23134.3,70.4,15758.1,7296.8,"{'timestamp': '2026-09-06T15:46:35.903373+00:00', 'model_version': 'gemma4:12b-mlx', 'prompt_hash': 'a6af280e'}",02_gemma4_12b_mlx
16,real_mixed_49,gemma4:12b-mlx_baseline,119.1564929485321,60.33,0,direct_json,0.538462,0.5,0.518519,0.0,0,9.5,40.5,2.6,129.1,136.2,23449.9,70.2,15956.2,7296.8,"{'timestamp': '2026-09-06T15:47:02.411158+00:00', 'model_version': 'gemma4:12b-mlx', 'prompt_hash': 'a6af280e'}",02_gemma4_12b_mlx
16,real_mixed_50,gemma4:12b-mlx_baseline,108.00545406341551,41.84,0,direct_json,0.352941,0.545455,0.428571,0.0,0,9.4,40.5,2.6,128.6,136.2,23723.8,70.1,15887.7,7296.8,"{'timestamp': '2026-09-06T15:46:51.253574+00:00', 'model_version': 'gemma4:12b-mlx', 'prompt_hash': 'a6af280e'}",02_gemma4_12b_mlx
16,real_mixed_51,gemma4:12b-mlx_baseline,114.05039525032043,46.22,0,direct_json,0.5,0.666667,0.571429,0.0833333333333333,1,10.0,50.0,2.5,128.8,136.2,23580.9,70.2,15951.7,7296.8,"{'timestamp': '2026-09-06T15:46:57.296645+00:00', 'model_version': 'gemma4:12b-mlx', 'prompt_hash': 'a6af280e'}",02_gemma4_12b_mlx
17,real_mixed_52,gemma4:12b-mlx_baseline,112.07894229888916,46.06,0,direct_json,0.521739,0.857143,0.648649,0.0,0,9.7,40.5,1.9,130.4,136.2,23554.5,70.3,15956.2,7296.8,"{'timestamp': '2026-09-06T15:47:08.508511+00:00', 'model_version': 'gemma4:12b-mlx', 'prompt_hash': 'a6af280e'}",02_gemma4_12b_mlx
17,real_mixed_53,gemma4:12b-mlx_baseline,119.0630578994751,58.23,0,direct_json,0.266667,0.666667,0.380952,0.0,0,13.1,100.0,1.9,129.9,136.2,23362.8,70.2,15934.8,7296.8,"{'timestamp': '2026-09-06T15:47:15.488669+00:00', 'model_version': 'gemma4:12b-mlx', 'prompt_hash': 'a6af280e'}",02_gemma4_12b_mlx
17,real_mixed_54,gemma4:12b-mlx_baseline,115.05202507972716,62.23,0,direct_json,0.428571,0.75,0.545455,0.0,0,10.1,40.5,2.1,130.1,136.2,23456.1,70.3,15949.0,7296.8,"{'timestamp': '2026-09-06T15:47:11.474603+00:00', 'model_version': 'gemma4:12b-mlx', 'prompt_hash': 'a6af280e'}",02_gemma4_12b_mlx
18,real_mixed_55,gemma4:12b-mlx_baseline,120.63936495780943,56.2,0,direct_json,0.263158,0.555556,0.357143,0.0,0,9.6,40.5,2.5,130.7,136.2,23205.9,70.1,16063.8,7296.8,"{'timestamp': '2026-09-06T15:47:27.317765+00:00', 'model_version': 'gemma4:12b-mlx', 'prompt_hash': 'a6af280e'}",02_gemma4_12b_mlx
18,real_mixed_56,gemma4:12b-mlx_baseline,114.96476793289185,52.32,0,direct_json,0.272727,0.428571,0.333333,0.0,0,9.6,40.5,2.1,130.6,136.2,23242.4,70.2,16026.6,7296.8,"{'timestamp': '2026-09-06T15:47:21.639889+00:00', 'model_version': 'gemma4:12b-mlx', 'prompt_hash': 'a6af280e'}",02_gemma4_12b_mlx
18,real_mixed_57,gemma4:12b-mlx_baseline,124.63852214813232,62.23,0,direct_json,0.7,0.777778,0.736842,0.05,1,9.5,40.5,1.9,130.7,136.2,23230.4,70.1,15533.3,7296.8,"{'timestamp': '2026-09-06T15:47:31.321388+00:00', 'model_version': 'gemma4:12b-mlx', 'prompt_hash': 'a6af280e'}",02_gemma4_12b_mlx
19,real_mixed_58,gemma4:12b-mlx_baseline,129.16465497016907,61.58,0,direct_json,0.533333,0.727273,0.615385,0.0,0,10.4,100.0,1.8,131.2,136.2,23023.6,69.5,15923.0,7296.8,"{'timestamp': '2026-09-06T15:47:48.447652+00:00', 'model_version': 'gemma4:12b-mlx', 'prompt_hash': 'a6af280e'}",02_gemma4_12b_mlx
19,real_mixed_59,gemma4:12b-mlx_baseline,120.67995524406432,58.57,0,direct_json,0.53125,0.809524,0.641509,0.0,0,9.5,40.5,1.9,131.1,136.2,22977.2,69.8,15906.3,7296.8,"{'timestamp': '2026-09-06T15:47:39.965292+00:00', 'model_version': 'gemma4:12b-mlx', 'prompt_hash': 'a6af280e'}",02_gemma4_12b_mlx
19,real_mixed_60,gemma4:12b-mlx_baseline,125.19645285606384,57.28,0,direct_json,0.833333,0.769231,0.8,0.0,0,9.5,40.5,1.8,131.2,136.2,22990.9,69.7,15777.3,7296.8,"{'timestamp': '2026-09-06T15:47:44.480283+00:00', 'model_version': 'gemma4:12b-mlx', 'prompt_hash': 'a6af280e'}",02_gemma4_12b_mlx
20,real_mixed_61,gemma4:12b-mlx_baseline,136.76884818077087,56.4,0,direct_json,0.465116,0.714286,0.56338,0.0,0,9.5,40.5,1.8,131.5,136.2,23051.9,68.6,16003.1,7296.8,"{'timestamp': '2026-09-06T15:48:10.248008+00:00', 'model_version': 'gemma4:12b-mlx', 'prompt_hash': 'a6af280e'}",02_gemma4_12b_mlx
20,real_mixed_62,gemma4:12b-mlx_baseline,123.12103986740112,58.77,0,direct_json,0.5,0.636364,0.56,0.0,0,9.5,40.5,2.0,131.1,136.2,22865.9,69.3,15855.3,7296.8,"{'timestamp': '2026-09-06T15:47:56.579283+00:00', 'model_version': 'gemma4:12b-mlx', 'prompt_hash': 'a6af280e'}",02_gemma4_12b_mlx
20,real_mixed_63,gemma4:12b-mlx_baseline,118.0574209690094,57.81,0,direct_json,0.384615,0.625,0.47619,0.0,0,9.5,40.5,2.0,131.0,136.2,22767.2,69.5,15928.5,7296.8,"{'timestamp': '2026-09-06T15:47:51.509522+00:00', 'model_version': 'gemma4:12b-mlx', 'prompt_hash': 'a6af280e'}",02_gemma4_12b_mlx
21,real_mixed_64,gemma4:12b-mlx_baseline,123.63196778297424,59.72,0,direct_json,0.25,1.0,0.4,0.0,0,13.4,100.0,1.7,131.0,140.3,22762.0,68.6,15747.2,7296.8,"{'timestamp': '2026-09-06T15:48:13.211675+00:00', 'model_version': 'gemma4:12b-mlx', 'prompt_hash': 'a6af280e'}",02_gemma4_12b_mlx
21,real_mixed_65,gemma4:12b-mlx_baseline,127.72011804580688,54.85,0,direct_json,0.5,0.5,0.5,0.125,1,15.3,100.0,1.9,131.3,140.4,22871.6,68.4,15800.2,7296.8,"{'timestamp': '2026-09-06T15:48:17.313653+00:00', 'model_version': 'gemma4:12b-mlx', 'prompt_hash': 'a6af280e'}",02_gemma4_12b_mlx
21,real_mixed_66,gemma4:12b-mlx_baseline,133.29530000686646,42.01,0,direct_json,0.333333,0.3,0.315789,0.0,0,14.5,100.0,1.7,131.6,140.5,23084.2,68.3,15800.2,7296.8,"{'timestamp': '2026-09-06T15:48:22.896541+00:00', 'model_version': 'gemma4:12b-mlx', 'prompt_hash': 'a6af280e'}",02_gemma4_12b_mlx
22,real_mixed_67,gemma4:12b-mlx_baseline,116.55519485473631,56.88,0,direct_json,0.5,0.529412,0.514286,0.0,0,10.4,53.5,1.8,131.8,140.5,23194.3,67.8,15682.4,7296.8,"{'timestamp': '2026-09-06T15:48:29.006443+00:00', 'model_version': 'gemma4:12b-mlx', 'prompt_hash': 'a6af280e'}",02_gemma4_12b_mlx
22,real_mixed_68,gemma4:12b-mlx_baseline,127.0925359725952,59.87,0,direct_json,0.625,0.769231,0.689655,0.0,0,14.9,100.0,1.7,131.4,140.5,23148.5,68.1,16043.1,7296.8,"{'timestamp': '2026-09-06T15:48:39.525127+00:00', 'model_version': 'gemma4:12b-mlx', 'prompt_hash': 'a6af280e'}",02_gemma4_12b_mlx
22,real_mixed_69,gemma4:12b-mlx_baseline,122.60557413101196,51.51,0,direct_json,0.8,0.833333,0.816327,0.0,0,13.7,60.0,1.9,131.7,140.5,23222.3,68.0,15682.4,7296.8,"{'timestamp': '2026-09-06T15:48:35.050254+00:00', 'model_version': 'gemma4:12b-mlx', 'prompt_hash': 'a6af280e'}",02_gemma4_12b_mlx
23,real_mixed_70,gemma4:12b-mlx_baseline,128.69311833381653,58.19,0,direct_json,0.7,0.666667,0.682927,0.0,0,13.8,53.8,1.8,131.6,140.5,23066.1,67.7,15744.1,7296.8,"{'timestamp': '2026-09-06T15:48:54.290897+00:00', 'model_version': 'gemma4:12b-mlx', 'prompt_hash': 'a6af280e'}",02_gemma4_12b_mlx
23,real_mixed_71,gemma4:12b-mlx_baseline,123.59522795677184,47.38,0,direct_json,0.454545,0.416667,0.434783,0.0,0,17.8,57.1,2.0,131.7,140.5,23046.0,67.7,15910.6,7296.8,"{'timestamp': '2026-09-06T15:48:49.184391+00:00', 'model_version': 'gemma4:12b-mlx', 'prompt_hash': 'a6af280e'}",02_gemma4_12b_mlx
23,real_mixed_72,gemma4:12b-mlx_baseline,118.55485105514526,57.39,0,direct_json,0.636364,0.5,0.56,0.0,0,15.5,100.0,1.8,131.7,140.5,23091.6,67.7,15893.3,7296.8,"{'timestamp': '2026-09-06T15:48:44.144906+00:00', 'model_version': 'gemma4:12b-mlx', 'prompt_hash': 'a6af280e'}",02_gemma4_12b_mlx
24,real_mixed_73,gemma4:12b-mlx_baseline,116.10599398612976,55.99,0,direct_json,0.909091,0.666667,0.769231,0.0,0,9.5,43.5,1.8,132.2,140.5,23314.7,66.9,15995.5,7296.8,"{'timestamp': '2026-09-06T15:48:58.557259+00:00', 'model_version': 'gemma4:12b-mlx', 'prompt_hash': 'a6af280e'}",02_gemma4_12b_mlx
24,real_mixed_74,gemma4:12b-mlx_baseline,122.715478181839,53.0,0,direct_json,0.625,0.5,0.555556,0.0,0,9.4,43.5,1.8,132.1,140.5,23301.2,66.8,15952.7,7296.8,"{'timestamp': '2026-09-06T15:49:05.159233+00:00', 'model_version': 'gemma4:12b-mlx', 'prompt_hash': 'a6af280e'}",02_gemma4_12b_mlx
24,real_mixed_75,gemma4:12b-mlx_baseline,118.66120505332948,59.19,0,direct_json,0.5,0.666667,0.571429,0.0,0,9.5,43.5,1.8,132.2,140.5,23298.7,66.9,15760.0,7296.8,"{'timestamp': '2026-09-06T15:49:01.093780+00:00', 'model_version': 'gemma4:12b-mlx', 'prompt_hash': 'a6af280e'}",02_gemma4_12b_mlx
25,real_mixed_76,gemma4:12b-mlx_baseline,126.13369917869568,28.77,0,direct_json,0.0,0.0,0.0,0.0,0,14.0,75.0,1.8,131.4,140.5,23365.1,66.5,15675.9,7296.8,"{'timestamp': '2026-09-06T15:49:21.635314+00:00', 'model_version': 'gemma4:12b-mlx', 'prompt_hash': 'a6af280e'}",02_gemma4_12b_mlx
25,real_mixed_77,gemma4:12b-mlx_baseline,116.5699110031128,45.26,0,direct_json,0.714286,0.75,0.731707,0.0,0,10.9,61.8,1.8,132.3,140.5,23633.6,66.5,15952.7,7296.8,"{'timestamp': '2026-09-06T15:49:12.098700+00:00', 'model_version': 'gemma4:12b-mlx', 'prompt_hash': 'a6af280e'}",02_gemma4_12b_mlx
25,real_mixed_78,gemma4:12b-mlx_baseline,125.18845629692078,46.82,0,direct_json,0.333333,1.0,0.5,0.0,0,9.3,43.5,1.9,131.5,140.5,23396.1,66.5,16042.3,7296.8,"{'timestamp': '2026-09-06T15:49:20.697258+00:00', 'model_version': 'gemma4:12b-mlx', 'prompt_hash': 'a6af280e'}",02_gemma4_12b_mlx
26,real_mixed_79,gemma4:12b-mlx_baseline,132.77865600585938,55.42,0,direct_json,0.461538,0.6,0.521739,0.0,0,9.2,43.5,2.0,131.4,140.5,23330.0,66.2,15804.8,7296.8,"{'timestamp': '2026-09-06T15:49:44.121918+00:00', 'model_version': 'gemma4:12b-mlx', 'prompt_hash': 'a6af280e'}",02_gemma4_12b_mlx
26,real_mixed_80,gemma4:12b-mlx_baseline,119.647784948349,56.73,0,direct_json,0.527778,0.791667,0.633333,0.0,0,9.2,43.5,1.8,131.4,140.5,23342.2,66.2,16096.4,7296.8,"{'timestamp': '2026-09-06T15:49:31.022501+00:00', 'model_version': 'gemma4:12b-mlx', 'prompt_hash': 'a6af280e'}",02_gemma4_12b_mlx
26,real_mixed_81,gemma4:12b-mlx_baseline,124.17219400405884,50.04,0,direct_json,0.545455,0.545455,0.545455,0.0,0,9.3,43.5,1.8,131.4,140.5,23339.7,66.2,15686.0,7296.8,"{'timestamp': '2026-09-06T15:49:35.530975+00:00', 'model_version': 'gemma4:12b-mlx', 'prompt_hash': 'a6af280e'}",02_gemma4_12b_mlx
27,real_mixed_82,gemma4:12b-mlx_baseline,126.6986141204834,55.06,0,direct_json,0.333333,0.555556,0.416667,0.0,0,9.3,43.5,1.8,131.3,140.5,23522.0,66.4,15840.9,7296.8,"{'timestamp': '2026-09-06T15:49:55.171444+00:00', 'model_version': 'gemma4:12b-mlx', 'prompt_hash': 'a6af280e'}",02_gemma4_12b_mlx
27,real_mixed_83,gemma4:12b-mlx_baseline,122.07962203025818,64.46,0,direct_json,0.727273,0.8,0.761905,0.0,0,12.4,66.7,1.8,131.2,140.5,23452.8,66.4,15848.2,7296.8,"{'timestamp': '2026-09-06T15:49:50.556604+00:00', 'model_version': 'gemma4:12b-mlx', 'prompt_hash': 'a6af280e'}",02_gemma4_12b_mlx
27,real_mixed_84,gemma4:12b-mlx_baseline,118.60436773300172,59.08,0,direct_json,0.777778,0.777778,0.777778,0.0,0,9.3,43.5,2.0,131.2,140.5,23414.9,66.4,15668.4,7296.8,"{'timestamp': '2026-09-06T15:49:47.078185+00:00', 'model_version': 'gemma4:12b-mlx', 'prompt_hash': 'a6af280e'}",02_gemma4_12b_mlx
28,real_mixed_85,gemma4:12b-mlx_baseline,107.96621799468994,58.69,0,direct_json,0.666667,0.75,0.705882,0.0,0,9.6,43.5,1.9,130.6,140.5,23310.2,66.9,15739.7,7296.8,"{'timestamp': '2026-09-06T15:49:58.242533+00:00', 'model_version': 'gemma4:12b-mlx', 'prompt_hash': 'a6af280e'}",02_gemma4_12b_mlx
28,real_mixed_86,gemma4:12b-mlx_baseline,116.07228326797484,53.29,0,direct_json,0.833333,0.769231,0.8,0.0,0,9.5,43.5,1.9,130.8,140.5,23475.1,66.7,15862.4,7296.8,"{'timestamp': '2026-09-06T15:50:06.354228+00:00', 'model_version': 'gemma4:12b-mlx', 'prompt_hash': 'a6af280e'}",02_gemma4_12b_mlx
28,real_mixed_87,gemma4:12b-mlx_baseline,111.52867102622986,58.67,0,direct_json,0.571429,0.571429,0.571429,0.0,0,9.5,43.5,1.8,130.7,140.5,23375.6,66.8,15912.4,7296.8,"{'timestamp': '2026-09-06T15:50:01.810822+00:00', 'model_version': 'gemma4:12b-mlx', 'prompt_hash': 'a6af280e'}",02_gemma4_12b_mlx
29,real_mixed_88,gemma4:12b-mlx_baseline,105.48189997673036,59.16,0,direct_json,0.444444,1.0,0.615385,0.0,0,9.5,43.5,2.1,129.8,137.3,23104.5,66.9,15592.7,7296.8,"{'timestamp': '2026-09-06T15:50:08.395590+00:00', 'model_version': 'gemma4:12b-mlx', 'prompt_hash': 'a6af280e'}",02_gemma4_12b_mlx
29,real_mixed_89,gemma4:12b-mlx_baseline,114.49124813079834,56.7,0,direct_json,0.666667,0.461538,0.545455,0.0,0,13.1,100.0,1.9,130.2,137.5,23393.3,66.8,15798.8,7296.8,"{'timestamp': '2026-09-06T15:50:17.422094+00:00', 'model_version': 'gemma4:12b-mlx', 'prompt_hash': 'a6af280e'}",02_gemma4_12b_mlx
29,real_mixed_90,gemma4:12b-mlx_baseline,110.96122598648073,53.47,0,direct_json,0.277778,0.625,0.384615,0.0,0,13.0,62.1,2.0,130.1,137.5,23315.3,66.8,15866.0,7296.8,"{'timestamp': '2026-09-06T15:50:13.890092+00:00', 'model_version': 'gemma4:12b-mlx', 'prompt_hash': 'a6af280e'}",02_gemma4_12b_mlx
30,real_mixed_91,gemma4:12b-mlx_baseline,102.4121389389038,52.59,0,direct_json,0.692308,0.75,0.72,0.0,0,15.2,100.0,2.0,130.8,137.5,23604.1,65.9,15896.1,7296.8,"{'timestamp': '2026-09-06T15:50:21.978125+00:00', 'model_version': 'gemma4:12b-mlx', 'prompt_hash': 'a6af280e'}",02_gemma4_12b_mlx
30,real_mixed_92,gemma4:12b-mlx_baseline,107.46491408348083,55.69,0,direct_json,0.4375,0.466667,0.451613,0.0,0,17.5,100.0,1.9,131.1,137.5,23742.4,65.9,15867.8,7296.8,"{'timestamp': '2026-09-06T15:50:27.033491+00:00', 'model_version': 'gemma4:12b-mlx', 'prompt_hash': 'a6af280e'}",02_gemma4_12b_mlx
30,real_mixed_93,gemma4:12b-mlx_baseline,111.46365213394164,58.28,0,direct_json,0.615385,0.8,0.695652,0.0,0,17.3,84.1,2.3,131.3,137.5,23859.6,65.8,15731.8,7296.8,"{'timestamp': '2026-09-06T15:50:31.015798+00:00', 'model_version': 'gemma4:12b-mlx', 'prompt_hash': 'a6af280e'}",02_gemma4_12b_mlx
31,real_mixed_94,gemma4:12b-mlx_baseline,102.3109700679779,44.92,0,direct_json,0.842105,0.8,0.820513,0.0,0,13.9,100.0,2.5,131.8,137.6,24293.2,65.6,16000.3,7296.8,"{'timestamp': '2026-09-06T15:50:36.636825+00:00', 'model_version': 'gemma4:12b-mlx', 'prompt_hash': 'a6af280e'}",02_gemma4_12b_mlx
31,real_mixed_95,gemma4:12b-mlx_baseline,105.79361200332642,57.74,0,direct_json,0.2,1.0,0.333333,0.0,0,15.0,100.0,1.9,131.6,137.6,24239.2,65.8,16000.3,7296.8,"{'timestamp': '2026-09-06T15:50:40.099684+00:00', 'model_version': 'gemma4:12b-mlx', 'prompt_hash': 'a6af280e'}",02_gemma4_12b_mlx
31,real_mixed_96,gemma4:12b-mlx_baseline,109.3952250480652,64.78,0,direct_json,0.461538,0.5,0.48,0.0,0,12.4,62.1,2.0,131.4,137.6,24204.8,66.0,15843.5,7296.8,"{'timestamp': '2026-09-06T15:50:43.713036+00:00', 'model_version': 'gemma4:12b-mlx', 'prompt_hash': 'a6af280e'}",02_gemma4_12b_mlx
32,real_mixed_97,gemma4:12b-mlx_baseline,111.32358121871948,63.06,0,direct_json,0.466667,0.777778,0.583333,0.0,0,11.0,92.1,1.8,131.7,137.6,24354.6,66.7,15871.8,7296.8,"{'timestamp': '2026-09-06T15:50:56.506974+00:00', 'model_version': 'gemma4:12b-mlx', 'prompt_hash': 'a6af280e'}",02_gemma4_12b_mlx
32,real_mixed_98,gemma4:12b-mlx_baseline,105.29044318199158,56.52,0,direct_json,0.56,0.5,0.528302,0.0,0,10.6,62.1,2.0,131.5,137.6,24327.8,66.5,15920.9,7296.8,"{'timestamp': '2026-09-06T15:50:50.492655+00:00', 'model_version': 'gemma4:12b-mlx', 'prompt_hash': 'a6af280e'}",02_gemma4_12b_mlx
32,real_mixed_99,gemma4:12b-mlx_baseline,107.8339068889618,51.57,0,direct_json,0.25,1.0,0.4,0.0,0,10.5,62.1,1.9,131.6,137.6,24328.5,66.6,15658.6,7296.8,"{'timestamp': '2026-09-06T15:50:53.013980+00:00', 'model_version': 'gemma4:12b-mlx', 'prompt_hash': 'a6af280e'}",02_gemma4_12b_mlx
33,real_mixed_100,gemma4:12b-mlx_baseline,104.67432975769044,43.19,0,direct_json,0.105263,0.285714,0.153846,0.0,0,14.8,93.8,1.9,133.0,137.6,24780.3,66.8,15587.5,7296.8,"{'timestamp': '2026-09-06T15:51:06.338945+00:00', 'model_version': 'gemma4:12b-mlx', 'prompt_hash': 'a6af280e'}",02_gemma4_12b_mlx
33,real_mixed_101,gemma4:12b-mlx_baseline,98.21051216125488,54.33,0,direct_json,0.333333,0.428571,0.375,0.0,0,12.0,92.4,2.1,133.0,137.6,24713.8,66.6,15879.0,7296.8,"{'timestamp': '2026-09-06T15:50:59.878761+00:00', 'model_version': 'gemma4:12b-mlx', 'prompt_hash': 'a6af280e'}",02_gemma4_12b_mlx
33,real_mixed_102,gemma4:12b-mlx_baseline,99.13277697563171,34.99,0,direct_json,0.0,0.0,0.0,0.0,0,15.5,93.7,2.2,133.0,137.6,24709.6,66.6,15587.5,7296.8,"{'timestamp': '2026-09-06T15:51:00.792150+00:00', 'model_version': 'gemma4:12b-mlx', 'prompt_hash': 'a6af280e'}",02_gemma4_12b_mlx
34,real_mixed_103,gemma4:12b-mlx_baseline,93.95627093315125,46.6,0,direct_json,0.0,0.0,0.0,0.0,0,11.5,92.1,2.2,132.1,137.6,25143.8,68.0,15792.8,7296.8,"{'timestamp': '2026-09-06T15:51:18.092703+00:00', 'model_version': 'gemma4:12b-mlx', 'prompt_hash': 'a6af280e'}",02_gemma4_12b_mlx
34,real_mixed_104,gemma4:12b-mlx_baseline,92.44090986251832,50.26,0,direct_json,0.421053,0.8,0.551724,0.0,0,11.5,92.1,1.9,132.5,137.6,25181.6,67.9,15928.3,7296.8,"{'timestamp': '2026-09-06T15:51:16.584747+00:00', 'model_version': 'gemma4:12b-mlx', 'prompt_hash': 'a6af280e'}",02_gemma4_12b_mlx
34,real_mixed_105,gemma4:12b-mlx_baseline,87.39303278923035,59.04,0,direct_json,0.533333,0.8,0.64,0.0,0,11.7,92.1,2.2,133.0,137.6,25273.7,67.5,15928.3,7296.8,"{'timestamp': '2026-09-06T15:51:11.543322+00:00', 'model_version': 'gemma4:12b-mlx', 'prompt_hash': 'a6af280e'}",02_gemma4_12b_mlx
35,real_mixed_106,gemma4:12b-mlx_baseline,84.82187700271606,58.91,0,direct_json,0.666667,1.0,0.8,0.0,0,12.2,92.1,2.0,131.7,137.6,25117.9,68.3,15631.5,7296.8,"{'timestamp': '2026-09-06T15:51:20.009487+00:00', 'model_version': 'gemma4:12b-mlx', 'prompt_hash': 'a6af280e'}",02_gemma4_12b_mlx
35,real_mixed_107,gemma4:12b-mlx_baseline,91.37012910842896,56.09,0,direct_json,0.666667,0.923077,0.774194,0.0,0,14.0,92.3,2.1,130.1,137.6,24874.0,68.4,16063.3,7296.8,"{'timestamp': '2026-09-06T15:51:26.564603+00:00', 'model_version': 'gemma4:12b-mlx', 'prompt_hash': 'a6af280e'}",02_gemma4_12b_mlx
35,real_mixed_108,gemma4:12b-mlx_baseline,95.90655875205994,59.64,0,direct_json,0.181818,0.4,0.25,0.0,0,12.4,92.1,1.9,129.1,137.6,24778.9,68.5,15861.3,7296.8,"{'timestamp': '2026-09-06T15:51:31.103736+00:00', 'model_version': 'gemma4:12b-mlx', 'prompt_hash': 'a6af280e'}",02_gemma4_12b_mlx
36,real_mixed_109,gemma4:12b-mlx_baseline,90.30545115470886,60.19,0,direct_json,0.565217,0.541667,0.553191,0.0,0,11.5,92.1,2.2,127.6,137.6,24695.0,69.3,15953.3,7296.8,"{'timestamp': '2026-09-06T15:51:36.698450+00:00', 'model_version': 'gemma4:12b-mlx', 'prompt_hash': 'a6af280e'}",02_gemma4_12b_mlx
36,real_mixed_110,gemma4:12b-mlx_baseline,97.43600416183472,35.99,0,direct_json,0.5,0.388889,0.4375,0.0,0,11.9,92.1,1.8,125.6,137.6,24681.1,69.7,15953.3,7296.8,"{'timestamp': '2026-09-06T15:51:43.824779+00:00', 'model_version': 'gemma4:12b-mlx', 'prompt_hash': 'a6af280e'}",02_gemma4_12b_mlx
36,real_mixed_111,gemma4:12b-mlx_baseline,107.45011711120604,32.65,0,direct_json,0.735294,0.833333,0.78125,0.0,0,11.9,92.1,1.7,123.3,137.6,24600.5,70.8,16064.6,7296.8,"{'timestamp': '2026-09-06T15:51:53.844608+00:00', 'model_version': 'gemma4:12b-mlx', 'prompt_hash': 'a6af280e'}",02_gemma4_12b_mlx
37,real_mixed_112,gemma4:12b-mlx_baseline,106.8819887638092,36.68,0,direct_json,0.333333,0.6,0.428571,0.0,0,13.3,92.1,1.5,119.9,137.6,24350.8,71.9,15510.8,7296.8,"{'timestamp': '2026-09-06T15:52:04.325978+00:00', 'model_version': 'gemma4:12b-mlx', 'prompt_hash': 'a6af280e'}",02_gemma4_12b_mlx
37,real_mixed_113,gemma4:12b-mlx_baseline,113.3966178894043,24.53,0,direct_json,0.75,0.666667,0.705882,0.0,0,16.5,92.9,1.6,119.0,137.6,24407.5,72.0,15693.6,7296.8,"{'timestamp': '2026-09-06T15:52:10.852491+00:00', 'model_version': 'gemma4:12b-mlx', 'prompt_hash': 'a6af280e'}",02_gemma4_12b_mlx
37,real_mixed_114,gemma4:12b-mlx_baseline,103.31304883956908,33.21,0,direct_json,0.4,0.857143,0.545455,0.0,0,17.0,100.0,1.6,120.5,137.6,24355.2,71.8,15965.1,7296.8,"{'timestamp': '2026-09-06T15:52:00.762984+00:00', 'model_version': 'gemma4:12b-mlx', 'prompt_hash': 'a6af280e'}",02_gemma4_12b_mlx
38,real_mixed_115,gemma4:12b-mlx_baseline,121.8874740600586,29.35,0,direct_json,0.5,1.0,0.666667,0.0,0,21.6,93.8,1.2,112.6,137.6,24156.8,73.8,15742.3,7296.8,"{'timestamp': '2026-09-06T15:52:32.918289+00:00', 'model_version': 'gemma4:12b-mlx', 'prompt_hash': 'a6af280e'}",02_gemma4_12b_mlx
38,real_mixed_116,gemma4:12b-mlx_baseline,117.8718330860138,35.11,0,direct_json,0.4,1.0,0.571429,0.2,1,21.5,93.7,1.5,113.0,137.6,24169.3,73.8,15877.1,7296.8,"{'timestamp': '2026-09-06T15:52:28.904955+00:00', 'model_version': 'gemma4:12b-mlx', 'prompt_hash': 'a6af280e'}",02_gemma4_12b_mlx
38,real_mixed_117,gemma4:12b-mlx_baseline,112.79707407951356,23.62,0,direct_json,0.235294,0.5,0.32,0.0,0,22.2,93.7,1.3,113.7,137.6,24231.1,73.8,15693.6,7296.8,"{'timestamp': '2026-09-06T15:52:23.835477+00:00', 'model_version': 'gemma4:12b-mlx', 'prompt_hash': 'a6af280e'}",02_gemma4_12b_mlx
39,real_mixed_118,gemma4:12b-mlx_baseline,113.81911706924438,27.76,0,direct_json,0.625,1.0,0.769231,0.0,0,14.5,100.0,2.0,110.3,134.8,24020.3,74.1,15680.3,7296.8,"{'timestamp': '2026-09-06T15:52:37.553831+00:00', 'model_version': 'gemma4:12b-mlx', 'prompt_hash': 'a6af280e'}",02_gemma4_12b_mlx
39,real_mixed_119,gemma4:12b-mlx_baseline,124.86534023284912,24.71,0,direct_json,0.428571,0.5,0.461538,0.0,0,15.7,92.1,1.2,109.7,134.8,24159.8,74.4,15818.8,7296.8,"{'timestamp': '2026-09-06T15:52:48.602655+00:00', 'model_version': 'gemma4:12b-mlx', 'prompt_hash': 'a6af280e'}",02_gemma4_12b_mlx
39,real_mixed_120,gemma4:12b-mlx_baseline,119.37443089485168,31.55,0,direct_json,0.363636,0.8,0.5,0.0,0,14.2,100.0,1.5,110.0,134.8,24073.8,74.2,15885.3,7296.8,"{'timestamp': '2026-09-06T15:52:43.108997+00:00', 'model_version': 'gemma4:12b-mlx', 'prompt_hash': 'a6af280e'}",02_gemma4_12b_mlx
2,real_mixed_7,gemma4:12b-mlx_kb_rag,44.37367296218872,22.79,0,direct_json,0.611111,0.88,0.721311,0.0,0,11.7,60.5,12.1,736.5,1203.6,24835.1,81.5,15913.3,7296.8,"{'timestamp': '2026-09-06T15:53:35.890751+00:00', 'model_version': 'gemma4:12b-mlx', 'prompt_hash': 'a6af280e'}",02_gemma4_12b_mlx
2,real_mixed_8,gemma4:12b-mlx_kb_rag,77.09444284439087,23.66,0,direct_json,0.555556,0.555556,0.555556,0.0,0,10.6,38.3,3.7,471.8,922.9,24679.0,81.8,16062.8,7296.8,"{'timestamp': '2026-09-06T15:54:08.982646+00:00', 'model_version': 'gemma4:12b-mlx', 'prompt_hash': 'a6af280e'}",02_gemma4_12b_mlx
2,real_mixed_9,gemma4:12b-mlx_kb_rag,69.53748393058777,27.34,0,direct_json,0.416667,0.5,0.454545,0.0,0,10.7,38.3,3.5,509.6,922.9,24706.0,81.8,16062.8,7296.8,"{'timestamp': '2026-09-06T15:54:01.414949+00:00', 'model_version': 'gemma4:12b-mlx', 'prompt_hash': 'a6af280e'}",02_gemma4_12b_mlx
0,real_mixed_1,gemma4:12b-mlx_kb_rag,89.65146112442017,34.47,0,direct_json,0.705882,0.923077,0.8,0.0,0,11.3,38.5,5.9,457.6,922.9,24630.4,81.9,16199.5,7296.8,"{'timestamp': '2026-09-06T15:54:21.531283+00:00', 'model_version': 'gemma4:12b-mlx', 'prompt_hash': 'a6af280e'}",02_gemma4_12b_mlx
0,real_mixed_2,gemma4:12b-mlx_kb_rag,52.39667987823486,28.05,0,direct_json,0.615385,0.666667,0.64,0.0,0,11.7,60.5,3.9,639.9,1049.3,24784.3,81.6,16034.3,7296.8,"{'timestamp': '2026-09-06T15:53:44.091535+00:00', 'model_version': 'gemma4:12b-mlx', 'prompt_hash': 'a6af280e'}",02_gemma4_12b_mlx
0,real_mixed_3,gemma4:12b-mlx_kb_rag,83.10095381736755,23.29,0,direct_json,0.5,0.5,0.5,0.0,0,16.7,100.0,5.3,473.8,922.9,24639.1,81.9,16013.3,7296.8,"{'timestamp': '2026-09-06T15:54:14.988970+00:00', 'model_version': 'gemma4:12b-mlx', 'prompt_hash': 'a6af280e'}",02_gemma4_12b_mlx
8,real_mixed_25,gemma4:12b-mlx_kb_rag,114.31621313095091,30.89,0,direct_json,0.461538,0.5,0.48,0.0,0,16.1,100.0,6.0,412.7,922.9,24470.9,82.2,16001.8,7296.8,"{'timestamp': '2026-09-06T15:54:46.208880+00:00', 'model_version': 'gemma4:12b-mlx', 'prompt_hash': 'a6af280e'}",02_gemma4_12b_mlx
8,real_mixed_26,gemma4:12b-mlx_kb_rag,63.48657321929931,27.97,0,direct_json,0.793103,0.638889,0.707692,0.0,0,13.2,100.0,3.2,550.3,1234.9,24758.7,81.7,15924.1,7296.8,"{'timestamp': '2026-09-06T15:53:55.368188+00:00', 'model_version': 'gemma4:12b-mlx', 'prompt_hash': 'a6af280e'}",02_gemma4_12b_mlx
8,real_mixed_27,gemma4:12b-mlx_kb_rag,35.84326720237732,28.62,0,direct_json,0.69697,0.884615,0.779661,0.0,0,12.0,60.5,15.3,768.3,1417.4,24700.9,81.7,15927.8,7296.8,"{'timestamp': '2026-09-06T15:53:26.953569+00:00', 'model_version': 'gemma4:12b-mlx', 'prompt_hash': 'a6af280e'}",02_gemma4_12b_mlx
3,real_mixed_10,gemma4:12b-mlx_kb_rag,146.06791234016418,28.29,0,direct_json,0.357143,0.833333,0.5,0.0,0,12.3,50.0,3.9,359.2,922.9,24215.1,82.7,15981.1,7296.8,"{'timestamp': '2026-09-06T15:55:17.972676+00:00', 'model_version': 'gemma4:12b-mlx', 'prompt_hash': 'a6af280e'}",02_gemma4_12b_mlx
3,real_mixed_11,gemma4:12b-mlx_kb_rag,18.272717237472538,27.9,0,direct_json,0.642857,1.0,0.782609,0.0,0,13.9,60.5,36.3,829.5,1442.7,24726.2,82.1,16039.3,7296.8,"{'timestamp': '2026-09-06T15:53:09.114774+00:00', 'model_version': 'gemma4:12b-mlx', 'prompt_hash': 'a6af280e'}",02_gemma4_12b_mlx
3,real_mixed_12,gemma4:12b-mlx_kb_rag,128.96518301963806,28.22,0,direct_json,0.538462,1.0,0.7,0.0,0,12.1,50.0,4.5,391.6,922.9,24330.0,82.5,15974.3,7296.8,"{'timestamp': '2026-09-06T15:55:00.859954+00:00', 'model_version': 'gemma4:12b-mlx', 'prompt_hash': 'a6af280e'}",02_gemma4_12b_mlx
7,real_mixed_22,gemma4:12b-mlx_kb_rag,5.765273809432983,19.02,0,direct_json,0.0,0.0,0.0,0.0,0,17.4,60.5,153.4,1008.5,1427.7,24999.4,80.9,15935.9,7296.8,"{'timestamp': '2026-09-06T15:52:56.440391+00:00', 'model_version': 'gemma4:12b-mlx', 'prompt_hash': 'a6af280e'}",02_gemma4_12b_mlx
7,real_mixed_23,gemma4:12b-mlx_kb_rag,101.809711933136,26.87,0,direct_json,0.666667,0.533333,0.592593,0.0,0,12.1,50.0,4.5,443.7,922.9,24561.7,82.0,15914.4,7296.8,"{'timestamp': '2026-09-06T15:54:33.703618+00:00', 'model_version': 'gemma4:12b-mlx', 'prompt_hash': 'a6af280e'}",02_gemma4_12b_mlx
7,real_mixed_24,gemma4:12b-mlx_kb_rag,164.17918825149536,30.42,0,direct_json,0.5,0.571429,0.533333,0.0,0,12.6,50.0,5.0,354.8,922.9,24123.3,82.9,15955.8,7296.8,"{'timestamp': '2026-09-06T15:55:36.072450+00:00', 'model_version': 'gemma4:12b-mlx', 'prompt_hash': 'a6af280e'}",02_gemma4_12b_mlx
5,real_mixed_16,gemma4:12b-mlx_kb_rag,168.78084921836853,30.53,0,direct_json,0.6,0.666667,0.631579,0.1,1,12.7,50.0,5.1,356.4,922.9,24109.9,82.9,15955.8,7296.8,"{'timestamp': '2026-09-06T15:55:40.674917+00:00', 'model_version': 'gemma4:12b-mlx', 'prompt_hash': 'a6af280e'}",02_gemma4_12b_mlx
5,real_mixed_17,gemma4:12b-mlx_kb_rag,134.53776693344116,25.77,0,direct_json,0.5,1.0,0.666667,0.0,0,12.2,50.0,4.8,380.3,922.9,24283.3,82.6,15984.8,7296.8,"{'timestamp': '2026-09-06T15:55:06.416049+00:00', 'model_version': 'gemma4:12b-mlx', 'prompt_hash': 'a6af280e'}",02_gemma4_12b_mlx
5,real_mixed_18,gemma4:12b-mlx_kb_rag,96.24884295463562,24.8,0,direct_json,0.666667,0.666667,0.666667,0.0,0,11.8,50.0,4.4,454.3,922.9,24587.1,82.0,16019.0,7296.8,"{'timestamp': '2026-09-06T15:54:28.146054+00:00', 'model_version': 'gemma4:12b-mlx', 'prompt_hash': 'a6af280e'}",02_gemma4_12b_mlx
1,real_mixed_4,gemma4:12b-mlx_kb_rag,175.25129795074463,29.71,0,direct_json,0.625,0.714286,0.666667,0.0,0,13.4,100.0,5.7,359.0,922.9,24081.2,83.0,15956.6,7296.8,"{'timestamp': '2026-09-06T15:55:47.154311+00:00', 'model_version': 'gemma4:12b-mlx', 'prompt_hash': 'a6af280e'}",02_gemma4_12b_mlx
1,real_mixed_5,gemma4:12b-mlx_kb_rag,108.30303692817688,30.49,0,direct_json,0.388889,0.7,0.5,0.0,0,12.6,100.0,5.5,427.8,922.9,24534.2,82.1,16293.4,7296.8,"{'timestamp': '2026-09-06T15:54:40.188601+00:00', 'model_version': 'gemma4:12b-mlx', 'prompt_hash': 'a6af280e'}",02_gemma4_12b_mlx
1,real_mixed_6,gemma4:12b-mlx_kb_rag,139.5071382522583,25.28,0,direct_json,0.8,0.666667,0.727273,0.0,0,13.7,58.3,4.3,371.0,922.9,24253.4,82.6,15980.8,7296.8,"{'timestamp': '2026-09-06T15:55:11.408558+00:00', 'model_version': 'gemma4:12b-mlx', 'prompt_hash': 'a6af280e'}",02_gemma4_12b_mlx
6,real_mixed_19,gemma4:12b-mlx_kb_rag,151.10875606536865,30.86,0,direct_json,0.761905,0.8,0.780488,0.0,0,12.4,50.0,4.7,363.7,922.9,24190.4,82.7,15983.8,7296.8,"{'timestamp': '2026-09-06T15:55:23.020343+00:00', 'model_version': 'gemma4:12b-mlx', 'prompt_hash': 'a6af280e'}",02_gemma4_12b_mlx
6,real_mixed_20,gemma4:12b-mlx_kb_rag,158.64546585083008,25.46,0,direct_json,0.571429,0.5,0.533333,0.0,0,13.3,100.0,4.7,359.1,922.9,24147.2,82.8,16121.8,7296.8,"{'timestamp': '2026-09-06T15:55:30.540800+00:00', 'model_version': 'gemma4:12b-mlx', 'prompt_hash': 'a6af280e'}",02_gemma4_12b_mlx
6,real_mixed_21,gemma4:12b-mlx_kb_rag,192.8481168746948,21.84,0,direct_json,0.769231,0.833333,0.8,0.0769230769230769,2,15.7,58.7,6.3,349.8,922.9,23977.8,83.2,15959.8,7296.8,"{'timestamp': '2026-09-06T15:56:04.750822+00:00', 'model_version': 'gemma4:12b-mlx', 'prompt_hash': 'a6af280e'}",02_gemma4_12b_mlx
4,real_mixed_13,gemma4:12b-mlx_kb_rag,184.3104617595673,29.41,0,direct_json,0.583333,0.823529,0.682927,0.0,0,13.0,50.0,6.0,359.1,922.9,24028.9,83.1,15956.6,7296.8,"{'timestamp': '2026-09-06T15:55:56.222155+00:00', 'model_version': 'gemma4:12b-mlx', 'prompt_hash': 'a6af280e'}",02_gemma4_12b_mlx
4,real_mixed_14,gemma4:12b-mlx_kb_rag,204.45734095573425,25.45,0,direct_json,0.6875,0.916667,0.785714,0.0,0,12.6,50.0,6.3,347.5,922.9,23903.1,83.3,15961.1,7296.8,"{'timestamp': '2026-09-06T15:56:16.360907+00:00', 'model_version': 'gemma4:12b-mlx', 'prompt_hash': 'a6af280e'}",02_gemma4_12b_mlx
4,real_mixed_15,gemma4:12b-mlx_kb_rag,122.93416786193848,31.42,0,direct_json,0.333333,0.777778,0.466667,0.0,0,12.6,53.3,5.9,404.9,922.9,24385.9,82.4,15977.5,7296.8,"{'timestamp': '2026-09-06T15:54:54.809889+00:00', 'model_version': 'gemma4:12b-mlx', 'prompt_hash': 'a6af280e'}",02_gemma4_12b_mlx
9,real_mixed_28,gemma4:12b-mlx_kb_rag,131.98595571517944,30.19,0,direct_json,0.769231,0.666667,0.714286,0.0,0,13.8,50.0,25.4,285.6,617.5,23421.0,84.3,16014.8,7296.8,"{'timestamp': '2026-09-06T15:56:21.396814+00:00', 'model_version': 'gemma4:12b-mlx', 'prompt_hash': 'a6af280e'}",02_gemma4_12b_mlx
9,real_mixed_29,gemma4:12b-mlx_kb_rag,145.5480079650879,24.07,0,direct_json,0.375,0.75,0.5,0.0,0,19.4,100.0,8.5,291.0,617.5,23411.9,84.3,16050.3,7296.8,"{'timestamp': '2026-09-06T15:56:34.958512+00:00', 'model_version': 'gemma4:12b-mlx', 'prompt_hash': 'a6af280e'}",02_gemma4_12b_mlx
9,real_mixed_30,gemma4:12b-mlx_kb_rag,138.51045989990234,17.78,0,direct_json,0.7,0.875,0.777778,0.0,0,14.4,57.1,9.5,295.3,617.5,23432.5,84.2,16043.3,7296.8,"{'timestamp': '2026-09-06T15:56:27.912249+00:00', 'model_version': 'gemma4:12b-mlx', 'prompt_hash': 'a6af280e'}",02_gemma4_12b_mlx
10,real_mixed_31,gemma4:12b-mlx_kb_rag,150.58435201644895,16.83,0,direct_json,0.2,0.5,0.285714,0.0,0,13.3,50.0,8.9,275.6,617.5,23272.4,84.6,15853.8,7296.8,"{'timestamp': '2026-09-06T15:56:52.664032+00:00', 'model_version': 'gemma4:12b-mlx', 'prompt_hash': 'a6af280e'}",02_gemma4_12b_mlx
10,real_mixed_32,gemma4:12b-mlx_kb_rag,146.05521512031555,25.0,0,direct_json,0.142857,0.285714,0.190476,0.0,0,13.5,50.0,8.5,280.6,617.5,23275.2,84.6,16013.1,7296.8,"{'timestamp': '2026-09-06T15:56:48.143107+00:00', 'model_version': 'gemma4:12b-mlx', 'prompt_hash': 'a6af280e'}",02_gemma4_12b_mlx
10,real_mixed_33,gemma4:12b-mlx_kb_rag,139.9803659915924,21.3,0,direct_json,0.769231,0.769231,0.769231,0.0,0,13.6,50.0,9.1,287.1,617.5,23294.6,84.6,16267.1,7296.8,"{'timestamp': '2026-09-06T15:56:42.076787+00:00', 'model_version': 'gemma4:12b-mlx', 'prompt_hash': 'a6af280e'}",02_gemma4_12b_mlx
11,real_mixed_34,gemma4:12b-mlx_kb_rag,132.02301406860352,25.58,0,direct_json,0.545455,0.6,0.571429,0.0,0,16.5,100.0,9.6,293.1,617.5,23163.5,84.9,15855.6,7296.8,"{'timestamp': '2026-09-06T15:56:58.640000+00:00', 'model_version': 'gemma4:12b-mlx', 'prompt_hash': 'a6af280e'}",02_gemma4_12b_mlx
11,real_mixed_35,gemma4:12b-mlx_kb_rag,137.53473782539368,23.38,0,direct_json,0.583333,1.0,0.736842,0.0,0,16.7,100.0,9.3,293.1,617.5,23186.9,84.8,15855.9,7296.8,"{'timestamp': '2026-09-06T15:57:04.165673+00:00', 'model_version': 'gemma4:12b-mlx', 'prompt_hash': 'a6af280e'}",02_gemma4_12b_mlx
11,real_mixed_36,gemma4:12b-mlx_kb_rag,142.03357887268066,30.01,0,direct_json,0.923077,0.571429,0.705882,0.0,0,16.9,100.0,8.6,288.5,617.5,23194.2,84.8,15852.4,7296.8,"{'timestamp': '2026-09-06T15:57:08.674369+00:00', 'model_version': 'gemma4:12b-mlx', 'prompt_hash': 'a6af280e'}",02_gemma4_12b_mlx
12,real_mixed_37,gemma4:12b-mlx_kb_rag,119.45240020751952,20.89,0,direct_json,0.555556,0.833333,0.666667,0.0,0,14.2,64.3,10.1,324.9,617.5,23193.1,84.8,15847.6,7296.8,"{'timestamp': '2026-09-06T15:57:17.801552+00:00', 'model_version': 'gemma4:12b-mlx', 'prompt_hash': 'a6af280e'}",02_gemma4_12b_mlx
12,real_mixed_38,gemma4:12b-mlx_kb_rag,127.07114100456238,30.57,0,direct_json,0.764706,1.0,0.866667,0.0,0,15.7,78.9,9.6,319.5,617.5,23190.7,84.8,16028.4,7296.8,"{'timestamp': '2026-09-06T15:57:25.422071+00:00', 'model_version': 'gemma4:12b-mlx', 'prompt_hash': 'a6af280e'}",02_gemma4_12b_mlx
12,real_mixed_39,gemma4:12b-mlx_kb_rag,132.56673526763916,22.33,0,direct_json,0.75,0.857143,0.8,0.0,0,16.9,100.0,9.3,313.3,617.5,23181.1,84.8,16017.9,7296.8,"{'timestamp': '2026-09-06T15:57:30.899216+00:00', 'model_version': 'gemma4:12b-mlx', 'prompt_hash': 'a6af280e'}",02_gemma4_12b_mlx
13,real_mixed_40,gemma4:12b-mlx_kb_rag,120.50748300552368,20.51,0,direct_json,0.538462,0.583333,0.56,0.0,0,16.7,100.0,10.7,316.4,617.5,23131.8,85.0,16017.6,7296.8,"{'timestamp': '2026-09-06T15:57:36.955971+00:00', 'model_version': 'gemma4:12b-mlx', 'prompt_hash': 'a6af280e'}",02_gemma4_12b_mlx
13,real_mixed_41,gemma4:12b-mlx_kb_rag,135.15177702903748,31.76,0,direct_json,0.8,0.666667,0.727273,0.0,0,17.8,100.0,9.2,296.5,617.5,23091.5,85.1,15836.1,7296.8,"{'timestamp': '2026-09-06T15:57:51.600259+00:00', 'model_version': 'gemma4:12b-mlx', 'prompt_hash': 'a6af280e'}",02_gemma4_12b_mlx
13,real_mixed_42,gemma4:12b-mlx_kb_rag,129.10849404335022,33.97,0,direct_json,0.625,0.625,0.625,0.0,0,17.5,100.0,9.5,305.2,617.5,23095.5,85.0,16159.4,7296.8,"{'timestamp': '2026-09-06T15:57:45.562655+00:00', 'model_version': 'gemma4:12b-mlx', 'prompt_hash': 'a6af280e'}",02_gemma4_12b_mlx
14,real_mixed_43,gemma4:12b-mlx_kb_rag,146.35144090652466,34.42,0,direct_json,0.863636,0.904762,0.883721,0.0,0,12.9,49.3,9.0,285.5,617.5,23054.0,85.1,15950.6,7296.8,"{'timestamp': '2026-09-06T15:58:07.399950+00:00', 'model_version': 'gemma4:12b-mlx', 'prompt_hash': 'a6af280e'}",02_gemma4_12b_mlx
14,real_mixed_44,gemma4:12b-mlx_kb_rag,155.46621012687683,30.48,0,direct_json,0.583333,1.0,0.736842,0.0,0,12.8,49.3,8.5,275.3,617.5,23060.8,85.1,16057.4,7296.8,"{'timestamp': '2026-09-06T15:58:16.508950+00:00', 'model_version': 'gemma4:12b-mlx', 'prompt_hash': 'a6af280e'}",02_gemma4_12b_mlx
14,real_mixed_45,gemma4:12b-mlx_kb_rag,161.01462411880493,25.99,0,direct_json,0.6,0.75,0.666667,0.0,0,12.9,49.3,8.0,269.9,617.5,23064.2,85.1,15807.1,7296.8,"{'timestamp': '2026-09-06T15:58:22.069710+00:00', 'model_version': 'gemma4:12b-mlx', 'prompt_hash': 'a6af280e'}",02_gemma4_12b_mlx
15,real_mixed_46,gemma4:12b-mlx_kb_rag,164.18053483963013,29.67,0,direct_json,0.375,0.214286,0.272727,0.0,0,12.9,60.0,8.1,268.1,617.5,23070.5,85.1,16049.1,7296.8,"{'timestamp': '2026-09-06T15:58:31.733298+00:00', 'model_version': 'gemma4:12b-mlx', 'prompt_hash': 'a6af280e'}",02_gemma4_12b_mlx
15,real_mixed_47,gemma4:12b-mlx_kb_rag,171.75142407417297,30.02,0,direct_json,0.740741,0.740741,0.740741,0.037037037037037,1,12.7,49.3,7.5,264.9,617.5,23082.2,85.1,16052.1,7296.8,"{'timestamp': '2026-09-06T15:58:39.323014+00:00', 'model_version': 'gemma4:12b-mlx', 'prompt_hash': 'a6af280e'}",02_gemma4_12b_mlx
15,real_mixed_48,gemma4:12b-mlx_kb_rag,159.6074616909027,33.47,0,direct_json,0.333333,0.5,0.4,0.0,0,12.8,49.3,8.4,269.9,617.5,23059.9,85.1,15957.1,7296.8,"{'timestamp': '2026-09-06T15:58:27.147967+00:00', 'model_version': 'gemma4:12b-mlx', 'prompt_hash': 'a6af280e'}",02_gemma4_12b_mlx
16,real_mixed_49,gemma4:12b-mlx_kb_rag,173.91178822517395,31.11,0,direct_json,0.6,0.642857,0.62069,0.0,0,13.3,50.0,7.5,262.3,608.5,23082.8,85.1,16262.8,7296.8,"{'timestamp': '2026-09-06T15:58:59.077484+00:00', 'model_version': 'gemma4:12b-mlx', 'prompt_hash': 'a6af280e'}",02_gemma4_12b_mlx
16,real_mixed_50,gemma4:12b-mlx_kb_rag,160.25506114959717,29.18,0,direct_json,0.4,0.545455,0.461538,0.0,0,13.9,50.0,8.0,270.9,608.5,23095.0,85.1,16290.3,7296.8,"{'timestamp': '2026-09-06T15:58:45.416900+00:00', 'model_version': 'gemma4:12b-mlx', 'prompt_hash': 'a6af280e'}",02_gemma4_12b_mlx
16,real_mixed_51,gemma4:12b-mlx_kb_rag,165.6680130958557,26.75,0,direct_json,0.4,0.444444,0.421053,0.0,0,20.3,100.0,7.8,271.4,608.5,23092.0,85.1,16157.1,7296.8,"{'timestamp': '2026-09-06T15:58:50.825008+00:00', 'model_version': 'gemma4:12b-mlx', 'prompt_hash': 'a6af280e'}",02_gemma4_12b_mlx
17,real_mixed_52,gemma4:12b-mlx_kb_rag,170.46638989448547,22.92,0,direct_json,0.6,0.857143,0.705882,0.0,0,16.6,61.1,8.0,262.0,608.5,23089.0,85.1,16255.1,7296.8,"{'timestamp': '2026-09-06T15:59:07.139593+00:00', 'model_version': 'gemma4:12b-mlx', 'prompt_hash': 'a6af280e'}",02_gemma4_12b_mlx
17,real_mixed_53,gemma4:12b-mlx_kb_rag,174.99110794067383,26.62,0,direct_json,0.416667,0.833333,0.555556,0.0,0,15.5,52.2,7.5,258.3,608.5,23093.1,85.1,15940.1,7296.8,"{'timestamp': '2026-09-06T15:59:11.665098+00:00', 'model_version': 'gemma4:12b-mlx', 'prompt_hash': 'a6af280e'}",02_gemma4_12b_mlx
17,real_mixed_54,gemma4:12b-mlx_kb_rag,178.06590509414673,24.47,0,direct_json,0.5,1.0,0.666667,0.0,0,18.0,71.7,7.3,255.8,608.5,23112.2,85.1,15871.8,7296.8,"{'timestamp': '2026-09-06T15:59:14.740232+00:00', 'model_version': 'gemma4:12b-mlx', 'prompt_hash': 'a6af280e'}",02_gemma4_12b_mlx
18,real_mixed_55,gemma4:12b-mlx_kb_rag,168.4102818965912,26.08,0,direct_json,0.380952,0.888889,0.533333,0.0,0,12.5,49.3,8.3,247.1,581.5,23106.8,85.2,15950.6,7296.8,"{'timestamp': '2026-09-06T15:59:23.859820+00:00', 'model_version': 'gemma4:12b-mlx', 'prompt_hash': 'a6af280e'}",02_gemma4_12b_mlx
18,real_mixed_56,gemma4:12b-mlx_kb_rag,186.09692811965945,30.41,0,direct_json,0.26087,0.428571,0.324324,0.0,0,12.2,49.3,7.0,239.7,581.5,23108.5,85.0,15838.6,7296.8,"{'timestamp': '2026-09-06T15:59:41.558180+00:00', 'model_version': 'gemma4:12b-mlx', 'prompt_hash': 'a6af280e'}",02_gemma4_12b_mlx
18,real_mixed_57,gemma4:12b-mlx_kb_rag,175.501070022583,26.21,0,direct_json,0.7,0.777778,0.736842,0.05,1,12.4,49.3,7.5,244.4,581.5,23119.8,85.1,16148.3,7296.8,"{'timestamp': '2026-09-06T15:59:30.960930+00:00', 'model_version': 'gemma4:12b-mlx', 'prompt_hash': 'a6af280e'}",02_gemma4_12b_mlx
19,real_mixed_58,gemma4:12b-mlx_kb_rag,174.60964608192444,21.82,0,direct_json,0.533333,0.727273,0.615385,0.0,0,17.0,100.0,8.3,247.1,581.0,23147.5,84.9,15847.6,7296.8,"{'timestamp': '2026-09-06T15:59:47.604953+00:00', 'model_version': 'gemma4:12b-mlx', 'prompt_hash': 'a6af280e'}",02_gemma4_12b_mlx
19,real_mixed_59,gemma4:12b-mlx_kb_rag,189.87257289886475,35.75,0,direct_json,0.555556,0.952381,0.701754,0.0,0,11.9,49.3,7.0,236.4,581.5,23150.5,84.9,15998.3,7296.8,"{'timestamp': '2026-09-06T16:00:02.873293+00:00', 'model_version': 'gemma4:12b-mlx', 'prompt_hash': 'a6af280e'}",02_gemma4_12b_mlx
19,real_mixed_60,gemma4:12b-mlx_kb_rag,195.46031785011292,23.46,0,direct_json,0.692308,0.692308,0.692308,0.0,0,12.1,49.3,6.8,234.0,581.2,23146.9,85.0,16014.6,7296.8,"{'timestamp': '2026-09-06T16:00:08.462668+00:00', 'model_version': 'gemma4:12b-mlx', 'prompt_hash': 'a6af280e'}",02_gemma4_12b_mlx
20,real_mixed_61,gemma4:12b-mlx_kb_rag,215.26540803909305,30.32,0,direct_json,0.5,0.785714,0.611111,0.0,0,13.6,100.0,6.5,210.5,581.0,23213.9,84.7,15877.6,7296.8,"{'timestamp': '2026-09-06T16:00:44.392825+00:00', 'model_version': 'gemma4:12b-mlx', 'prompt_hash': 'a6af280e'}",02_gemma4_12b_mlx
20,real_mixed_62,gemma4:12b-mlx_kb_rag,192.5235471725464,23.6,0,direct_json,0.466667,0.636364,0.538462,0.0,0,13.9,91.4,7.7,222.4,581.0,23109.2,84.9,15867.8,7296.8,"{'timestamp': '2026-09-06T16:00:21.633545+00:00', 'model_version': 'gemma4:12b-mlx', 'prompt_hash': 'a6af280e'}",02_gemma4_12b_mlx
20,real_mixed_63,gemma4:12b-mlx_kb_rag,184.37750387191772,27.36,0,direct_json,0.181818,0.25,0.210526,0.0,0,16.2,100.0,7.8,227.7,581.0,23108.0,85.1,15779.1,7296.8,"{'timestamp': '2026-09-06T16:00:13.477045+00:00', 'model_version': 'gemma4:12b-mlx', 'prompt_hash': 'a6af280e'}",02_gemma4_12b_mlx
21,real_mixed_64,gemma4:12b-mlx_kb_rag,202.80026483535767,26.91,0,direct_json,0.25,1.0,0.4,0.0,0,12.6,91.4,7.0,206.8,581.5,23266.4,84.6,15843.3,7296.8,"{'timestamp': '2026-09-06T16:00:54.214415+00:00', 'model_version': 'gemma4:12b-mlx', 'prompt_hash': 'a6af280e'}",02_gemma4_12b_mlx
21,real_mixed_65,gemma4:12b-mlx_kb_rag,199.26813197135925,24.44,0,direct_json,0.428571,0.375,0.4,0.0,0,12.4,91.4,6.9,207.0,581.5,23246.1,84.6,16123.3,7296.8,"{'timestamp': '2026-09-06T16:00:50.689732+00:00', 'model_version': 'gemma4:12b-mlx', 'prompt_hash': 'a6af280e'}",02_gemma4_12b_mlx
21,real_mixed_66,gemma4:12b-mlx_kb_rag,209.8722038269043,20.79,0,direct_json,0.5,0.55,0.52381,0.0,0,12.8,91.4,6.6,205.2,581.5,23289.6,84.5,15840.8,7296.8,"{'timestamp': '2026-09-06T16:01:01.316618+00:00', 'model_version': 'gemma4:12b-mlx', 'prompt_hash': 'a6af280e'}",02_gemma4_12b_mlx
22,real_mixed_67,gemma4:12b-mlx_kb_rag,202.7511689662933,20.38,0,direct_json,0.473684,0.529412,0.5,0.1052631578947368,2,18.0,100.0,6.7,213.9,582.4,23388.7,84.3,15852.6,7296.8,"{'timestamp': '2026-09-06T16:01:14.794586+00:00', 'model_version': 'gemma4:12b-mlx', 'prompt_hash': 'a6af280e'}",02_gemma4_12b_mlx
22,real_mixed_68,gemma4:12b-mlx_kb_rag,194.60918188095093,33.39,0,direct_json,0.428571,0.692308,0.529412,0.0,0,18.8,100.0,7.3,215.0,582.4,23362.2,84.4,15857.1,7296.8,"{'timestamp': '2026-09-06T16:01:06.637558+00:00', 'model_version': 'gemma4:12b-mlx', 'prompt_hash': 'a6af280e'}",02_gemma4_12b_mlx
22,real_mixed_69,gemma4:12b-mlx_kb_rag,209.8070101737976,28.5,0,direct_json,0.8,0.833333,0.816327,0.0,0,18.3,91.4,6.5,212.2,582.4,23393.9,84.3,15635.3,7296.8,"{'timestamp': '2026-09-06T16:01:21.865936+00:00', 'model_version': 'gemma4:12b-mlx', 'prompt_hash': 'a6af280e'}",02_gemma4_12b_mlx
23,real_mixed_70,gemma4:12b-mlx_kb_rag,201.6317203044891,26.07,0,direct_json,0.714286,0.714286,0.714286,0.0,0,13.9,100.0,6.7,211.2,582.4,23390.3,84.3,16228.8,7296.8,"{'timestamp': '2026-09-06T16:01:44.146319+00:00', 'model_version': 'gemma4:12b-mlx', 'prompt_hash': 'a6af280e'}",02_gemma4_12b_mlx
23,real_mixed_71,gemma4:12b-mlx_kb_rag,191.7680160999298,23.09,0,direct_json,0.583333,0.583333,0.583333,0.0,0,12.9,91.4,7.2,216.9,582.4,23424.4,84.2,15959.8,7296.8,"{'timestamp': '2026-09-06T16:01:34.272729+00:00', 'model_version': 'gemma4:12b-mlx', 'prompt_hash': 'a6af280e'}",02_gemma4_12b_mlx
23,real_mixed_72,gemma4:12b-mlx_kb_rag,185.64653182029724,25.14,0,direct_json,0.692308,0.642857,0.666667,0.0,0,12.8,91.4,7.6,218.3,582.3,23445.3,84.2,15970.6,7296.8,"{'timestamp': '2026-09-06T16:01:28.162533+00:00', 'model_version': 'gemma4:12b-mlx', 'prompt_hash': 'a6af280e'}",02_gemma4_12b_mlx
24,real_mixed_73,gemma4:12b-mlx_kb_rag,193.515460729599,30.92,0,direct_json,0.923077,0.8,0.857143,0.0,0,13.2,91.4,7.2,213.0,582.4,23379.1,84.3,15879.3,7296.8,"{'timestamp': '2026-09-06T16:01:53.248637+00:00', 'model_version': 'gemma4:12b-mlx', 'prompt_hash': 'a6af280e'}",02_gemma4_12b_mlx
24,real_mixed_74,gemma4:12b-mlx_kb_rag,199.06578612327576,26.63,0,direct_json,0.6,0.6,0.6,0.0,0,14.0,100.0,7.2,212.4,582.4,23374.8,84.3,15876.3,7296.8,"{'timestamp': '2026-09-06T16:01:58.802288+00:00', 'model_version': 'gemma4:12b-mlx', 'prompt_hash': 'a6af280e'}",02_gemma4_12b_mlx
24,real_mixed_75,gemma4:12b-mlx_kb_rag,187.94417214393616,27.17,0,direct_json,0.5,0.666667,0.571429,0.0,0,14.3,100.0,7.2,210.5,582.4,23384.5,84.3,15897.1,7296.8,"{'timestamp': '2026-09-06T16:01:47.670860+00:00', 'model_version': 'gemma4:12b-mlx', 'prompt_hash': 'a6af280e'}",02_gemma4_12b_mlx
25,real_mixed_76,gemma4:12b-mlx_kb_rag,201.12185502052307,23.6,0,direct_json,0.0,0.0,0.0,0.0,0,14.9,100.0,6.7,210.6,582.4,23362.3,84.3,16046.6,7296.8,"{'timestamp': '2026-09-06T16:02:20.547324+00:00', 'model_version': 'gemma4:12b-mlx', 'prompt_hash': 'a6af280e'}",02_gemma4_12b_mlx
25,real_mixed_77,gemma4:12b-mlx_kb_rag,187.4603989124298,28.6,0,direct_json,0.695652,0.8,0.744186,0.0,0,17.5,100.0,7.2,216.9,582.4,23398.7,84.2,15876.3,7296.8,"{'timestamp': '2026-09-06T16:02:06.906890+00:00', 'model_version': 'gemma4:12b-mlx', 'prompt_hash': 'a6af280e'}",02_gemma4_12b_mlx
25,real_mixed_78,gemma4:12b-mlx_kb_rag,198.05877685546875,32.74,0,direct_json,0.444444,1.0,0.615385,0.0,0,15.7,91.4,7.4,211.8,582.4,23364.5,84.3,15970.9,7296.8,"{'timestamp': '2026-09-06T16:02:17.489190+00:00', 'model_version': 'gemma4:12b-mlx', 'prompt_hash': 'a6af280e'}",02_gemma4_12b_mlx
26,real_mixed_79,gemma4:12b-mlx_kb_rag,199.58975505828855,24.81,0,direct_json,0.727273,0.8,0.761905,0.0,0,23.1,100.0,7.0,212.6,582.4,23350.2,84.3,16039.4,7296.8,"{'timestamp': '2026-09-06T16:02:34.662629+00:00', 'model_version': 'gemma4:12b-mlx', 'prompt_hash': 'a6af280e'}",02_gemma4_12b_mlx
26,real_mixed_80,gemma4:12b-mlx_kb_rag,214.8550992012024,26.46,0,direct_json,0.487179,0.791667,0.603175,0.0,0,16.2,100.0,6.5,205.0,582.4,23317.9,84.4,16039.4,7296.8,"{'timestamp': '2026-09-06T16:02:49.944929+00:00', 'model_version': 'gemma4:12b-mlx', 'prompt_hash': 'a6af280e'}",02_gemma4_12b_mlx
26,real_mixed_81,gemma4:12b-mlx_kb_rag,220.85925769805908,21.46,0,direct_json,0.583333,0.636364,0.608696,0.0,0,20.3,100.0,6.2,202.3,582.4,23312.7,84.4,15886.4,7296.8,"{'timestamp': '2026-09-06T16:02:55.944339+00:00', 'model_version': 'gemma4:12b-mlx', 'prompt_hash': 'a6af280e'}",02_gemma4_12b_mlx
27,real_mixed_82,gemma4:12b-mlx_kb_rag,205.69752979278564,22.55,0,direct_json,0.375,0.666667,0.48,0.0,0,15.2,91.4,6.9,198.0,582.4,23336.0,84.4,15954.6,7296.8,"{'timestamp': '2026-09-06T16:03:07.629662+00:00', 'model_version': 'gemma4:12b-mlx', 'prompt_hash': 'a6af280e'}",02_gemma4_12b_mlx
27,real_mixed_83,gemma4:12b-mlx_kb_rag,198.59759902954104,32.13,0,direct_json,0.692308,0.9,0.782609,0.0,0,17.0,100.0,7.1,199.7,582.4,23333.7,84.4,15865.1,7296.8,"{'timestamp': '2026-09-06T16:03:00.529537+00:00', 'model_version': 'gemma4:12b-mlx', 'prompt_hash': 'a6af280e'}",02_gemma4_12b_mlx
27,real_mixed_84,gemma4:12b-mlx_kb_rag,211.7511260509491,19.14,0,direct_json,0.7,0.875,0.777778,0.0,0,15.3,91.4,6.5,195.5,582.4,23356.5,84.4,15952.4,7296.8,"{'timestamp': '2026-09-06T16:03:13.694832+00:00', 'model_version': 'gemma4:12b-mlx', 'prompt_hash': 'a6af280e'}",02_gemma4_12b_mlx
28,real_mixed_85,gemma4:12b-mlx_kb_rag,190.89501214027405,21.51,0,direct_json,0.545455,0.75,0.631579,0.0,0,20.6,100.0,7.8,203.7,582.4,23403.1,84.2,15952.4,7296.8,"{'timestamp': '2026-09-06T16:03:20.272806+00:00', 'model_version': 'gemma4:12b-mlx', 'prompt_hash': 'a6af280e'}",02_gemma4_12b_mlx
28,real_mixed_86,gemma4:12b-mlx_kb_rag,196.64633226394653,22.51,0,direct_json,0.818182,0.692308,0.75,0.0,0,14.8,91.4,7.2,205.4,582.4,23432.5,84.2,15955.9,7296.8,"{'timestamp': '2026-09-06T16:03:26.023341+00:00', 'model_version': 'gemma4:12b-mlx', 'prompt_hash': 'a6af280e'}",02_gemma4_12b_mlx
28,real_mixed_87,gemma4:12b-mlx_kb_rag,203.0307252407074,15.4,0,direct_json,0.571429,0.571429,0.571429,0.0,0,15.2,100.0,6.4,204.2,582.4,23477.4,84.1,16028.8,7296.8,"{'timestamp': '2026-09-06T16:03:32.414310+00:00', 'model_version': 'gemma4:12b-mlx', 'prompt_hash': 'a6af280e'}",02_gemma4_12b_mlx
29,real_mixed_88,gemma4:12b-mlx_kb_rag,175.87018704414368,25.92,0,direct_json,0.5,1.0,0.666667,0.0,0,14.2,86.8,7.6,226.1,582.4,23471.2,84.3,15963.8,7296.8,"{'timestamp': '2026-09-06T16:03:40.702858+00:00', 'model_version': 'gemma4:12b-mlx', 'prompt_hash': 'a6af280e'}",02_gemma4_12b_mlx
29,real_mixed_89,gemma4:12b-mlx_kb_rag,172.18359088897705,21.58,0,direct_json,0.555556,0.384615,0.454545,0.0,0,14.4,86.8,8.1,226.0,582.4,23449.1,84.3,16030.8,7296.8,"{'timestamp': '2026-09-06T16:03:37.020513+00:00', 'model_version': 'gemma4:12b-mlx', 'prompt_hash': 'a6af280e'}",02_gemma4_12b_mlx
29,real_mixed_90,gemma4:12b-mlx_kb_rag,181.2828071117401,23.88,0,direct_json,0.428571,0.75,0.545455,0.0,0,14.2,86.8,7.0,223.7,582.4,23453.8,84.3,15989.6,7296.8,"{'timestamp': '2026-09-06T16:03:46.125459+00:00', 'model_version': 'gemma4:12b-mlx', 'prompt_hash': 'a6af280e'}",02_gemma4_12b_mlx
30,real_mixed_91,gemma4:12b-mlx_kb_rag,178.50151205062866,27.05,0,direct_json,0.692308,0.75,0.72,0.0,0,14.5,61.6,7.3,230.4,606.6,23396.7,84.4,15811.3,7296.8,"{'timestamp': '2026-09-06T16:04:00.189840+00:00', 'model_version': 'gemma4:12b-mlx', 'prompt_hash': 'a6af280e'}",02_gemma4_12b_mlx
30,real_mixed_92,gemma4:12b-mlx_kb_rag,172.66281700134277,31.93,0,direct_json,0.411765,0.466667,0.4375,0.0,0,13.8,61.6,8.0,229.0,606.6,23393.5,84.4,15972.3,7296.8,"{'timestamp': '2026-09-06T16:03:54.353292+00:00', 'model_version': 'gemma4:12b-mlx', 'prompt_hash': 'a6af280e'}",02_gemma4_12b_mlx
30,real_mixed_93,gemma4:12b-mlx_kb_rag,184.97552275657657,28.0,0,direct_json,0.615385,0.8,0.695652,0.0,0,13.6,61.6,7.1,229.7,606.6,23406.0,84.4,16029.6,7296.8,"{'timestamp': '2026-09-06T16:04:06.662521+00:00', 'model_version': 'gemma4:12b-mlx', 'prompt_hash': 'a6af280e'}",02_gemma4_12b_mlx
31,real_mixed_94,gemma4:12b-mlx_kb_rag,174.86974501609802,28.33,0,direct_json,0.833333,0.75,0.789474,0.0,0,17.6,100.0,7.8,224.4,606.6,23342.6,84.5,16256.6,7296.8,"{'timestamp': '2026-09-06T16:04:17.108611+00:00', 'model_version': 'gemma4:12b-mlx', 'prompt_hash': 'a6af280e'}",02_gemma4_12b_mlx
31,real_mixed_95,gemma4:12b-mlx_kb_rag,168.17881608009338,25.81,0,direct_json,0.0,0.0,0.0,0.0,0,22.9,100.0,7.8,229.4,606.6,23358.6,84.5,16047.8,7296.8,"{'timestamp': '2026-09-06T16:04:10.404109+00:00', 'model_version': 'gemma4:12b-mlx', 'prompt_hash': 'a6af280e'}",02_gemma4_12b_mlx
31,real_mixed_96,gemma4:12b-mlx_kb_rag,179.8032832145691,33.85,0,direct_json,0.5,0.583333,0.538462,0.0,0,16.1,86.1,7.4,221.7,606.6,23329.1,84.5,15940.1,7296.8,"{'timestamp': '2026-09-06T16:04:22.040546+00:00', 'model_version': 'gemma4:12b-mlx', 'prompt_hash': 'a6af280e'}",02_gemma4_12b_mlx
32,real_mixed_97,gemma4:12b-mlx_kb_rag,162.15204906463623,25.98,0,direct_json,0.538462,0.777778,0.636364,0.0,0,13.9,61.6,22.7,224.5,606.6,23396.9,84.4,15940.1,7296.8,"{'timestamp': '2026-09-06T16:04:26.691337+00:00', 'model_version': 'gemma4:12b-mlx', 'prompt_hash': 'a6af280e'}",02_gemma4_12b_mlx
32,real_mixed_98,gemma4:12b-mlx_kb_rag,176.2375831604004,31.03,0,direct_json,0.56,0.5,0.528302,0.0,0,17.0,100.0,6.8,216.4,606.6,23376.1,84.4,15888.8,7296.8,"{'timestamp': '2026-09-06T16:04:40.792509+00:00', 'model_version': 'gemma4:12b-mlx', 'prompt_hash': 'a6af280e'}",02_gemma4_12b_mlx
32,real_mixed_99,gemma4:12b-mlx_kb_rag,165.5978181362152,27.73,0,direct_json,0.142857,0.5,0.222222,0.0,0,19.2,90.0,7.3,223.7,606.6,23396.1,84.4,15892.3,7296.8,"{'timestamp': '2026-09-06T16:04:30.124444+00:00', 'model_version': 'gemma4:12b-mlx', 'prompt_hash': 'a6af280e'}",02_gemma4_12b_mlx
33,real_mixed_100,gemma4:12b-mlx_kb_rag,177.292662858963,25.53,0,direct_json,0.105263,0.285714,0.153846,0.0,0,13.2,61.6,6.3,201.1,606.6,23401.9,84.3,15804.5,7296.8,"{'timestamp': '2026-09-06T16:04:56.543654+00:00', 'model_version': 'gemma4:12b-mlx', 'prompt_hash': 'a6af280e'}",02_gemma4_12b_mlx
33,real_mixed_101,gemma4:12b-mlx_kb_rag,167.17800617218018,21.77,0,direct_json,0.444444,0.571429,0.5,0.0,0,13.4,61.6,6.7,205.7,606.6,23402.2,84.3,16122.0,7296.8,"{'timestamp': '2026-09-06T16:04:46.419338+00:00', 'model_version': 'gemma4:12b-mlx', 'prompt_hash': 'a6af280e'}",02_gemma4_12b_mlx
33,real_mixed_102,gemma4:12b-mlx_kb_rag,170.1372480392456,19.37,0,direct_json,0.0,0.0,0.0,0.0,0,16.1,100.0,6.3,204.5,606.6,23394.8,84.3,15806.5,7296.8,"{'timestamp': '2026-09-06T16:04:49.380589+00:00', 'model_version': 'gemma4:12b-mlx', 'prompt_hash': 'a6af280e'}",02_gemma4_12b_mlx
34,real_mixed_103,gemma4:12b-mlx_kb_rag,163.57430791854858,24.97,0,direct_json,0.0,0.0,0.0,0.0,0,21.1,100.0,6.1,198.7,606.6,23469.3,84.2,15706.0,7296.8,"{'timestamp': '2026-09-06T16:05:04.439666+00:00', 'model_version': 'gemma4:12b-mlx', 'prompt_hash': 'a6af280e'}",02_gemma4_12b_mlx
34,real_mixed_104,gemma4:12b-mlx_kb_rag,170.24744582176208,27.06,0,direct_json,0.333333,0.6,0.428571,0.0,0,16.3,100.0,5.5,195.6,606.6,23488.1,84.1,15803.3,7296.8,"{'timestamp': '2026-09-06T16:05:11.129924+00:00', 'model_version': 'gemma4:12b-mlx', 'prompt_hash': 'a6af280e'}",02_gemma4_12b_mlx
34,real_mixed_105,gemma4:12b-mlx_kb_rag,161.5420119762421,29.69,0,direct_json,0.533333,0.8,0.64,0.0,0,20.4,80.0,5.7,199.6,606.6,23471.7,84.2,15805.0,7296.8,"{'timestamp': '2026-09-06T16:05:02.426798+00:00', 'model_version': 'gemma4:12b-mlx', 'prompt_hash': 'a6af280e'}",02_gemma4_12b_mlx
35,real_mixed_106,gemma4:12b-mlx_kb_rag,137.80207800865173,15.9,0,direct_json,0.666667,1.0,0.8,0.0,0,13.4,61.6,5.6,200.3,606.6,23634.3,83.9,15981.0,7296.8,"{'timestamp': '2026-09-06T16:05:14.243849+00:00', 'model_version': 'gemma4:12b-mlx', 'prompt_hash': 'a6af280e'}",02_gemma4_12b_mlx
35,real_mixed_107,gemma4:12b-mlx_kb_rag,148.38729071617126,28.43,0,direct_json,0.857143,0.923077,0.888889,0.0,0,13.2,61.6,5.2,194.6,606.6,23592.9,84.0,15981.0,7296.8,"{'timestamp': '2026-09-06T16:05:24.830381+00:00', 'model_version': 'gemma4:12b-mlx', 'prompt_hash': 'a6af280e'}",02_gemma4_12b_mlx
35,real_mixed_108,gemma4:12b-mlx_kb_rag,153.98948192596436,33.33,0,direct_json,0.307692,0.8,0.444444,0.0,0,13.3,61.6,4.8,191.7,606.6,23573.3,84.0,16237.5,7296.8,"{'timestamp': '2026-09-06T16:05:30.445036+00:00', 'model_version': 'gemma4:12b-mlx', 'prompt_hash': 'a6af280e'}",02_gemma4_12b_mlx
36,real_mixed_109,gemma4:12b-mlx_kb_rag,163.6487741470337,33.67,0,direct_json,0.6,0.625,0.612245,0.0,0,15.4,100.0,4.2,178.2,606.6,23481.0,83.7,16027.0,7296.8,"{'timestamp': '2026-09-06T16:05:57.717105+00:00', 'model_version': 'gemma4:12b-mlx', 'prompt_hash': 'a6af280e'}",02_gemma4_12b_mlx
36,real_mixed_110,gemma4:12b-mlx_kb_rag,146.52477502822876,28.95,0,direct_json,0.4375,0.388889,0.411765,0.0,0,13.3,46.2,4.6,186.2,606.6,23512.3,84.1,16020.8,7296.8,"{'timestamp': '2026-09-06T16:05:40.587274+00:00', 'model_version': 'gemma4:12b-mlx', 'prompt_hash': 'a6af280e'}",02_gemma4_12b_mlx
36,real_mixed_111,gemma4:12b-mlx_kb_rag,156.04023599624634,28.52,0,direct_json,0.742857,0.866667,0.8,0.0,0,20.9,100.0,4.1,180.8,606.6,23482.6,84.2,16020.8,7296.8,"{'timestamp': '2026-09-06T16:05:50.100744+00:00', 'model_version': 'gemma4:12b-mlx', 'prompt_hash': 'a6af280e'}",02_gemma4_12b_mlx
37,real_mixed_112,gemma4:12b-mlx_kb_rag,149.41439414024353,33.32,0,direct_json,0.428571,0.6,0.5,0.0,0,16.9,56.0,3.9,163.2,606.6,23402.1,83.5,15961.6,7296.8,"{'timestamp': '2026-09-06T16:06:02.245101+00:00', 'model_version': 'gemma4:12b-mlx', 'prompt_hash': 'a6af280e'}",02_gemma4_12b_mlx
37,real_mixed_113,gemma4:12b-mlx_kb_rag,155.05215620994568,22.78,0,direct_json,0.666667,0.666667,0.666667,0.0,0,13.7,46.9,3.4,162.4,606.6,23483.7,83.1,15968.6,7296.8,"{'timestamp': '2026-09-06T16:06:07.890352+00:00', 'model_version': 'gemma4:12b-mlx', 'prompt_hash': 'a6af280e'}",02_gemma4_12b_mlx
37,real_mixed_114,gemma4:12b-mlx_kb_rag,159.55686974525452,30.28,0,direct_json,0.384615,0.714286,0.5,0.0,0,13.9,47.6,3.1,161.2,606.6,23563.0,82.8,15972.4,7296.8,"{'timestamp': '2026-09-06T16:06:12.402318+00:00', 'model_version': 'gemma4:12b-mlx', 'prompt_hash': 'a6af280e'}",02_gemma4_12b_mlx
38,real_mixed_115,gemma4:12b-mlx_kb_rag,150.9765822887421,17.75,0,direct_json,0.6,1.0,0.75,0.0,0,19.1,100.0,2.3,149.5,606.6,23662.0,82.4,16152.1,7296.8,"{'timestamp': '2026-09-06T16:06:17.441723+00:00', 'model_version': 'gemma4:12b-mlx', 'prompt_hash': 'a6af280e'}",02_gemma4_12b_mlx
38,real_mixed_116,gemma4:12b-mlx_kb_rag,164.12173795700073,19.12,0,direct_json,0.666667,1.0,0.8,0.0,0,17.6,100.0,2.1,148.4,606.6,24058.1,81.5,15840.1,7296.8,"{'timestamp': '2026-09-06T16:06:30.588607+00:00', 'model_version': 'gemma4:12b-mlx', 'prompt_hash': 'a6af280e'}",02_gemma4_12b_mlx
38,real_mixed_117,gemma4:12b-mlx_kb_rag,160.10837388038635,28.7,0,direct_json,0.352941,0.75,0.48,0.0,0,17.0,100.0,2.6,148.8,606.6,23938.0,81.8,16160.1,7296.8,"{'timestamp': '2026-09-06T16:06:26.593348+00:00', 'model_version': 'gemma4:12b-mlx', 'prompt_hash': 'a6af280e'}",02_gemma4_12b_mlx
39,real_mixed_118,gemma4:12b-mlx_kb_rag,153.50332593917847,23.95,0,direct_json,0.625,1.0,0.769231,0.0,0,12.9,46.9,1.4,133.2,511.9,24465.6,80.5,15921.6,7296.8,"{'timestamp': '2026-09-06T16:06:40.492053+00:00', 'model_version': 'gemma4:12b-mlx', 'prompt_hash': 'a6af280e'}",02_gemma4_12b_mlx
39,real_mixed_119,gemma4:12b-mlx_kb_rag,157.93364191055298,29.01,0,direct_json,0.444444,0.666667,0.533333,0.0,0,12.8,46.9,1.2,133.3,511.9,24633.1,80.1,15917.8,7296.8,"{'timestamp': '2026-09-06T16:06:44.933127+00:00', 'model_version': 'gemma4:12b-mlx', 'prompt_hash': 'a6af280e'}",02_gemma4_12b_mlx
39,real_mixed_120,gemma4:12b-mlx_kb_rag,149.32952785491943,24.11,0,direct_json,0.363636,0.8,0.5,0.0,0,13.2,46.9,1.8,133.1,511.9,24320.1,80.8,15834.1,7296.8,"{'timestamp': '2026-09-06T16:06:36.318223+00:00', 'model_version': 'gemma4:12b-mlx', 'prompt_hash': 'a6af280e'}",02_gemma4_12b_mlx
0,real_mixed_1,nemotron-mini:4b_baseline,31.754896879196167,39.19,0,direct_json,0.333333,0.076923,0.125,0.6666666666666666,2,11.8,41.1,3.0,155.3,263.9,24164.5,76.9,2461.9,2572.4,"{'timestamp': '2026-09-06T15:52:09.944489+00:00', 'model_version': 'nemotron-mini:4b', 'prompt_hash': 'a6af280e'}",03_nemotron_rerun
0,real_mixed_2,nemotron-mini:4b_baseline,16.150676012039185,42.69,0,direct_json,0.375,0.25,0.3,0.0,0,13.1,41.1,30.3,207.6,263.9,24060.9,79.8,2461.9,2572.4,"{'timestamp': '2026-09-06T15:51:54.324718+00:00', 'model_version': 'nemotron-mini:4b', 'prompt_hash': 'a6af280e'}",03_nemotron_rerun
0,real_mixed_3,nemotron-mini:4b_baseline,21.200089931488037,26.01,0,direct_json,0.222222,0.166667,0.190476,0.0,0,13.0,41.1,12.3,182.1,263.9,23820.0,78.2,2461.9,2572.4,"{'timestamp': '2026-09-06T15:51:59.379540+00:00', 'model_version': 'nemotron-mini:4b', 'prompt_hash': 'a6af280e'}",03_nemotron_rerun
1,real_mixed_4,nemotron-mini:4b_baseline,30.261301040649418,26.95,0,direct_json,0.333333,0.285714,0.307692,0.1666666666666666,2,11.7,41.1,6.1,158.0,263.9,24024.4,76.9,2461.9,2572.4,"{'timestamp': '2026-09-06T15:52:08.450194+00:00', 'model_version': 'nemotron-mini:4b', 'prompt_hash': 'a6af280e'}",03_nemotron_rerun
1,real_mixed_5,nemotron-mini:4b_baseline,35.78497791290283,16.48,0,direct_json,0.6,0.3,0.4,0.0,0,12.6,44.4,13.8,150.2,263.9,24397.6,76.6,2461.9,2572.4,"{'timestamp': '2026-09-06T15:52:13.959254+00:00', 'model_version': 'nemotron-mini:4b', 'prompt_hash': 'a6af280e'}",03_nemotron_rerun
1,real_mixed_6,nemotron-mini:4b_baseline,5.591788053512573,38.72,0,direct_json,0.857143,0.333333,0.48,0.0,0,15.4,41.1,27.6,232.3,263.9,24555.7,77.4,2461.9,2572.4,"{'timestamp': '2026-09-06T15:51:43.775336+00:00', 'model_version': 'nemotron-mini:4b', 'prompt_hash': 'a6af280e'}",03_nemotron_rerun
2,real_mixed_7,nemotron-mini:4b_baseline,40.37894296646118,40.45,0,direct_json,0.133333,0.142857,0.137931,0.0,0,13.3,41.1,4.0,145.7,263.9,24691.0,76.7,2461.9,2572.4,"{'timestamp': '2026-09-06T15:52:18.559341+00:00', 'model_version': 'nemotron-mini:4b', 'prompt_hash': 'a6af280e'}",03_nemotron_rerun
2,real_mixed_8,nemotron-mini:4b_baseline,24.221185207366943,28.12,0,direct_json,0.0,0.0,0.0,0.0,0,12.3,41.1,3.0,172.0,263.9,24030.1,78.1,2461.9,2572.4,"{'timestamp': '2026-09-06T15:52:02.400699+00:00', 'model_version': 'nemotron-mini:4b', 'prompt_hash': 'a6af280e'}",03_nemotron_rerun
2,real_mixed_9,nemotron-mini:4b_baseline,13.139370203018188,39.77,0,direct_json,0.1,0.1,0.1,0.1,1,12.8,41.1,24.5,219.6,263.9,24302.9,78.1,2461.9,2572.4,"{'timestamp': '2026-09-06T15:51:51.312697+00:00', 'model_version': 'nemotron-mini:4b', 'prompt_hash': 'a6af280e'}",03_nemotron_rerun
3,real_mixed_10,nemotron-mini:4b_baseline,9.613436937332152,34.7,0,direct_json,0.0,0.0,0.0,0.0,0,13.9,41.1,6.8,223.0,263.9,23887.6,77.4,2461.9,2572.4,"{'timestamp': '2026-09-06T15:51:47.786493+00:00', 'model_version': 'nemotron-mini:4b', 'prompt_hash': 'a6af280e'}",03_nemotron_rerun
3,real_mixed_11,nemotron-mini:4b_baseline,46.36023497581482,40.49,0,direct_json,0.647059,0.611111,0.628571,0.0,0,13.6,41.1,5.3,141.9,263.9,24447.3,78.0,2461.9,2572.4,"{'timestamp': '2026-09-06T15:52:24.539030+00:00', 'model_version': 'nemotron-mini:4b', 'prompt_hash': 'a6af280e'}",03_nemotron_rerun
3,real_mixed_12,nemotron-mini:4b_baseline,8.108904123306274,22.75,0,direct_json,0.2,0.142857,0.166667,0.0,0,13.3,41.1,7.9,225.4,263.9,23956.3,77.6,2461.9,2572.4,"{'timestamp': '2026-09-06T15:51:46.282822+00:00', 'model_version': 'nemotron-mini:4b', 'prompt_hash': 'a6af280e'}",03_nemotron_rerun
4,real_mixed_13,nemotron-mini:4b_baseline,24.709302186965942,17.69,0,direct_json,0.333333,0.058824,0.1,0.0,0,13.5,40.5,6.5,115.2,119.1,24342.2,77.1,2461.9,2572.4,"{'timestamp': '2026-09-06T15:52:34.684078+00:00', 'model_version': 'nemotron-mini:4b', 'prompt_hash': 'a6af280e'}",03_nemotron_rerun
4,real_mixed_14,nemotron-mini:4b_baseline,30.742584705352783,26.13,0,direct_json,0.25,0.25,0.25,0.0833333333333333,1,14.1,40.5,3.3,115.9,119.1,24303.2,76.4,2461.9,2572.4,"{'timestamp': '2026-09-06T15:52:40.709944+00:00', 'model_version': 'nemotron-mini:4b', 'prompt_hash': 'a6af280e'}",03_nemotron_rerun
4,real_mixed_15,nemotron-mini:4b_baseline,21.199031114578247,24.32,0,direct_json,0.133333,0.222222,0.166667,0.0,0,14.4,40.5,3.9,114.7,119.1,24452.8,77.8,2461.9,2572.4,"{'timestamp': '2026-09-06T15:52:31.168822+00:00', 'model_version': 'nemotron-mini:4b', 'prompt_hash': 'a6af280e'}",03_nemotron_rerun
5,real_mixed_16,nemotron-mini:4b_baseline,31.245425939559937,15.22,0,direct_json,1.0,0.222222,0.363636,0.0,0,15.3,40.5,2.6,116.9,119.1,24303.0,76.8,2461.9,2572.4,"{'timestamp': '2026-09-06T15:52:45.225979+00:00', 'model_version': 'nemotron-mini:4b', 'prompt_hash': 'a6af280e'}",03_nemotron_rerun
5,real_mixed_17,nemotron-mini:4b_baseline,28.245407819747925,36.55,0,direct_json,0.5,1.0,0.666667,0.0,0,14.5,41.9,2.8,116.7,119.1,24118.5,76.7,2461.9,2572.4,"{'timestamp': '2026-09-06T15:52:42.213787+00:00', 'model_version': 'nemotron-mini:4b', 'prompt_hash': 'a6af280e'}",03_nemotron_rerun
5,real_mixed_18,nemotron-mini:4b_baseline,35.221465826034546,41.68,0,direct_json,0.307692,0.333333,0.32,0.0769230769230769,1,17.4,53.8,2.4,116.8,119.1,24468.6,77.0,2461.9,2572.4,"{'timestamp': '2026-09-06T15:52:49.199355+00:00', 'model_version': 'nemotron-mini:4b', 'prompt_hash': 'a6af280e'}",03_nemotron_rerun
6,real_mixed_19,nemotron-mini:4b_baseline,31.734739065170288,72.41,0,direct_json,1.0,0.15,0.26087,0.0,0,12.8,40.0,2.6,117.9,119.2,24055.5,76.8,2461.9,2572.4,"{'timestamp': '2026-09-06T15:52:50.322005+00:00', 'model_version': 'nemotron-mini:4b', 'prompt_hash': 'a6af280e'}",03_nemotron_rerun
6,real_mixed_20,nemotron-mini:4b_baseline,36.81798601150513,27.54,0,direct_json,0.222222,0.125,0.16,0.0,0,14.1,66.1,2.4,117.8,119.2,24142.9,77.3,2461.9,2572.4,"{'timestamp': '2026-09-06T15:52:55.408617+00:00', 'model_version': 'nemotron-mini:4b', 'prompt_hash': 'a6af280e'}",03_nemotron_rerun
6,real_mixed_21,nemotron-mini:4b_baseline,39.85110569000244,15.93,0,direct_json,1.0,0.142857,0.25,0.0,0,14.0,66.1,2.5,117.1,119.2,24182.5,77.7,2461.9,2572.4,"{'timestamp': '2026-09-06T15:52:58.437421+00:00', 'model_version': 'nemotron-mini:4b', 'prompt_hash': 'a6af280e'}",03_nemotron_rerun
7,real_mixed_22,nemotron-mini:4b_baseline,40.84088087081909,15.62,0,direct_json,0.0,0.0,0.0,0.0909090909090909,1,16.6,66.1,2.2,116.2,119.1,24478.3,77.3,2461.9,2572.4,"{'timestamp': '2026-09-06T15:53:05.389001+00:00', 'model_version': 'nemotron-mini:4b', 'prompt_hash': 'a6af280e'}",03_nemotron_rerun
7,real_mixed_23,nemotron-mini:4b_baseline,42.85340094566345,38.8,0,direct_json,0.4,0.133333,0.2,0.0,0,16.7,66.1,2.1,116.0,119.1,24488.0,77.5,2461.9,2572.4,"{'timestamp': '2026-09-06T15:53:07.419083+00:00', 'model_version': 'nemotron-mini:4b', 'prompt_hash': 'a6af280e'}",03_nemotron_rerun
7,real_mixed_24,nemotron-mini:4b_baseline,47.410544872283936,17.52,0,direct_json,0.2,0.142857,0.166667,0.0,0,17.2,100.0,2.0,115.5,119.1,24475.1,77.9,2461.9,2572.4,"{'timestamp': '2026-09-06T15:53:11.964831+00:00', 'model_version': 'nemotron-mini:4b', 'prompt_hash': 'a6af280e'}",03_nemotron_rerun
8,real_mixed_25,nemotron-mini:4b_baseline,38.87502598762512,12.43,0,direct_json,0.142857,0.083333,0.105263,0.0,0,14.2,66.1,2.3,114.2,122.6,24913.8,80.9,2461.9,2572.4,"{'timestamp': '2026-09-06T15:53:19.607895+00:00', 'model_version': 'nemotron-mini:4b', 'prompt_hash': 'a6af280e'}",03_nemotron_rerun
8,real_mixed_26,nemotron-mini:4b_baseline,43.38635969161987,38.76,0,direct_json,0.0,0.0,0.0,1.0,5,15.6,70.0,2.2,115.0,122.8,24877.2,80.9,2461.9,2572.4,"{'timestamp': '2026-09-06T15:53:24.146530+00:00', 'model_version': 'nemotron-mini:4b', 'prompt_hash': 'a6af280e'}",03_nemotron_rerun
8,real_mixed_27,nemotron-mini:4b_baseline,50.91261005401611,18.9,0,direct_json,0.5,0.230769,0.315789,0.1666666666666666,2,15.7,66.7,2.0,116.2,122.8,24893.4,80.8,2461.9,2572.4,"{'timestamp': '2026-09-06T15:53:31.660589+00:00', 'model_version': 'nemotron-mini:4b', 'prompt_hash': 'a6af280e'}",03_nemotron_rerun
11,real_mixed_34,nemotron-mini:4b_baseline,47.89907717704773,23.5,0,direct_json,0.133333,0.2,0.16,0.0666666666666666,1,14.1,100.0,2.1,116.0,123.7,24707.4,81.6,2461.9,2572.4,"{'timestamp': '2026-09-06T15:53:59.886046+00:00', 'model_version': 'nemotron-mini:4b', 'prompt_hash': 'a6af280e'}",03_nemotron_rerun
11,real_mixed_35,nemotron-mini:4b_baseline,54.92947697639465,19.99,0,fallback,0.0625,0.25,0.1,0.625,20,15.2,50.0,1.7,113.7,123.7,24662.7,81.7,2461.9,2572.4,"{'timestamp': '2026-09-06T15:54:06.916467+00:00', 'model_version': 'nemotron-mini:4b', 'prompt_hash': 'a6af280e'}",03_nemotron_rerun
11,real_mixed_36,nemotron-mini:4b_baseline,40.847233057022095,41.23,0,direct_json,0.0,0.0,0.0,0.0,0,12.4,41.2,2.2,118.3,123.7,24809.2,81.5,2461.9,2572.4,"{'timestamp': '2026-09-06T15:53:52.839537+00:00', 'model_version': 'nemotron-mini:4b', 'prompt_hash': 'a6af280e'}",03_nemotron_rerun
12,real_mixed_37,nemotron-mini:4b_baseline,40.351513147354126,26.13,0,direct_json,0.444444,0.333333,0.380952,0.0,0,10.7,34.8,2.2,110.1,123.7,24546.1,82.1,2461.9,2572.4,"{'timestamp': '2026-09-06T15:54:12.039101+00:00', 'model_version': 'nemotron-mini:4b', 'prompt_hash': 'a6af280e'}",03_nemotron_rerun
12,real_mixed_38,nemotron-mini:4b_baseline,42.32955312728882,41.42,0,direct_json,1.0,0.153846,0.266667,0.0,0,10.9,34.8,2.0,110.0,123.7,24521.4,82.1,2461.9,2572.4,"{'timestamp': '2026-09-06T15:54:14.024004+00:00', 'model_version': 'nemotron-mini:4b', 'prompt_hash': 'a6af280e'}",03_nemotron_rerun
12,real_mixed_39,nemotron-mini:4b_baseline,45.88573598861694,16.09,0,direct_json,0.666667,0.285714,0.4,0.0,0,11.1,34.9,1.8,110.0,123.7,24502.4,82.1,2461.9,2572.4,"{'timestamp': '2026-09-06T15:54:17.565354+00:00', 'model_version': 'nemotron-mini:4b', 'prompt_hash': 'a6af280e'}",03_nemotron_rerun
13,real_mixed_40,nemotron-mini:4b_baseline,19.691341876983643,31.66,0,direct_json,0.666667,0.166667,0.266667,0.0,0,15.7,50.0,3.8,110.5,112.7,24265.1,82.5,2461.9,2572.4,"{'timestamp': '2026-09-06T15:54:26.629043+00:00', 'model_version': 'nemotron-mini:4b', 'prompt_hash': 'a6af280e'}",03_nemotron_rerun
13,real_mixed_41,nemotron-mini:4b_baseline,21.24801015853882,37.59,0,direct_json,1.0,0.111111,0.2,0.0,0,16.5,50.0,3.7,110.6,112.7,24244.3,82.5,2461.9,2572.4,"{'timestamp': '2026-09-06T15:54:28.197900+00:00', 'model_version': 'nemotron-mini:4b', 'prompt_hash': 'a6af280e'}",03_nemotron_rerun
13,real_mixed_42,nemotron-mini:4b_baseline,24.70955801010132,19.83,0,direct_json,1.0,0.125,0.222222,0.0,0,15.7,50.0,3.4,110.2,112.7,24242.7,82.6,2461.9,2572.4,"{'timestamp': '2026-09-06T15:54:31.664081+00:00', 'model_version': 'nemotron-mini:4b', 'prompt_hash': 'a6af280e'}",03_nemotron_rerun
14,real_mixed_43,nemotron-mini:4b_baseline,37.326838970184326,30.09,0,direct_json,0.571429,0.380952,0.457143,0.0714285714285714,1,14.7,50.0,2.5,105.4,112.7,23821.3,83.4,2461.9,2572.4,"{'timestamp': '2026-09-06T15:54:54.929298+00:00', 'model_version': 'nemotron-mini:4b', 'prompt_hash': 'a6af280e'}",03_nemotron_rerun
14,real_mixed_44,nemotron-mini:4b_baseline,28.245341777801514,28.73,0,direct_json,0.318182,0.5,0.388889,0.0909090909090909,2,15.5,50.0,2.9,107.0,112.7,24001.7,83.1,2461.9,2572.4,"{'timestamp': '2026-09-06T15:54:45.841469+00:00', 'model_version': 'nemotron-mini:4b', 'prompt_hash': 'a6af280e'}",03_nemotron_rerun
14,real_mixed_45,nemotron-mini:4b_baseline,20.212050914764404,21.6,0,direct_json,0.166667,0.166667,0.166667,0.0833333333333333,1,16.1,50.0,3.8,110.9,112.7,24225.9,82.8,2461.9,2572.4,"{'timestamp': '2026-09-06T15:54:37.800856+00:00', 'model_version': 'nemotron-mini:4b', 'prompt_hash': 'a6af280e'}",03_nemotron_rerun
9,real_mixed_28,nemotron-mini:4b_baseline,53.4466757774353,19.99,0,direct_json,0.0,0.0,0.0,1.0,5,24.0,100.0,2.0,117.1,123.7,24734.3,81.5,2461.9,2572.4,"{'timestamp': '2026-09-06T15:53:42.675471+00:00', 'model_version': 'nemotron-mini:4b', 'prompt_hash': 'a6af280e'}",03_nemotron_rerun
9,real_mixed_29,nemotron-mini:4b_baseline,44.850971937179565,39.44,1,fallback,0.5,0.153846,0.235294,0.0,0,23.7,100.0,2.0,109.0,121.1,24412.3,82.2,2461.9,2572.4,"{'timestamp': '2026-09-06T15:54:19.956761+00:00', 'model_version': 'nemotron-mini:4b', 'prompt_hash': 'a6af280e'}",03_nemotron_rerun
9,real_mixed_30,nemotron-mini:4b_baseline,0.0,0.0,2,direct_json,0.5,0.125,0.2,0.0,0,0.0,0.0,0.0,0.0,0.0,0.0,0.0,0.0,0.0,"{'timestamp': '2026-09-06T15:54:57.759163+00:00', 'model_version': 'nemotron-mini:4b', 'prompt_hash': 'a6af280e'}",03_nemotron_rerun
10,real_mixed_31,nemotron-mini:4b_baseline,45.85177516937256,45.22,0,direct_json,0.4,1.0,0.571429,0.0,0,11.2,38.4,2.1,117.8,123.7,24768.2,81.7,2461.9,2572.4,"{'timestamp': '2026-09-06T15:53:44.300333+00:00', 'model_version': 'nemotron-mini:4b', 'prompt_hash': 'a6af280e'}",03_nemotron_rerun
10,real_mixed_32,nemotron-mini:4b_baseline,0.0,0.0,2,direct_json,0.181818,0.285714,0.222222,0.0,0,0.0,0.0,0.0,0.0,0.0,0.0,0.0,0.0,0.0,"{'timestamp': '2026-09-06T15:55:00.500848+00:00', 'model_version': 'nemotron-mini:4b', 'prompt_hash': 'a6af280e'}",03_nemotron_rerun
10,real_mixed_33,nemotron-mini:4b_baseline,52.914994955062866,40.59,0,direct_json,1.0,0.153846,0.266667,0.0,0,10.7,34.8,1.9,117.0,123.7,24772.4,81.7,2461.9,2572.4,"{'timestamp': '2026-09-06T15:53:51.375050+00:00', 'model_version': 'nemotron-mini:4b', 'prompt_hash': 'a6af280e'}",03_nemotron_rerun
18,real_mixed_55,nemotron-mini:4b_baseline,41.835861921310425,22.89,0,direct_json,0.0,0.0,0.0,0.0,0,14.7,44.8,2.1,103.9,127.3,23412.5,84.3,2461.9,2572.4,"{'timestamp': '2026-09-06T15:55:42.377005+00:00', 'model_version': 'nemotron-mini:4b', 'prompt_hash': 'a6af280e'}",03_nemotron_rerun
18,real_mixed_56,nemotron-mini:4b_baseline,45.37359833717346,39.64,0,direct_json,0.111111,0.071429,0.086957,0.0,0,14.7,44.8,2.1,103.6,127.3,23411.8,84.3,2461.9,2572.4,"{'timestamp': '2026-09-06T15:55:45.919589+00:00', 'model_version': 'nemotron-mini:4b', 'prompt_hash': 'a6af280e'}",03_nemotron_rerun
18,real_mixed_57,nemotron-mini:4b_baseline,35.79759621620178,18.97,0,direct_json,0.333333,0.222222,0.266667,0.0,0,14.3,44.8,4.1,104.4,127.3,23365.7,84.3,2461.9,2572.4,"{'timestamp': '2026-09-06T15:55:36.335652+00:00', 'model_version': 'nemotron-mini:4b', 'prompt_hash': 'a6af280e'}",03_nemotron_rerun
15,real_mixed_46,nemotron-mini:4b_baseline,36.297473192214966,41.83,1,direct_json,1.0,0.071429,0.133333,0.0,0,15.2,44.8,2.4,101.3,117.0,23428.0,84.3,2461.9,2572.4,"{'timestamp': '2026-09-06T15:55:46.796486+00:00', 'model_version': 'nemotron-mini:4b', 'prompt_hash': 'a6af280e'}",03_nemotron_rerun
15,real_mixed_47,nemotron-mini:4b_baseline,36.83203887939453,19.22,0,direct_json,0.466667,0.269231,0.341463,0.0,0,13.5,43.1,2.9,105.1,127.3,23447.4,84.3,2461.9,2572.4,"{'timestamp': '2026-09-06T15:55:08.536402+00:00', 'model_version': 'nemotron-mini:4b', 'prompt_hash': 'a6af280e'}",03_nemotron_rerun
15,real_mixed_48,nemotron-mini:4b_baseline,39.325804233551025,39.88,0,direct_json,0.5,0.166667,0.25,0.0,0,13.3,43.1,2.5,105.5,127.3,23444.4,84.2,2461.9,2572.4,"{'timestamp': '2026-09-06T15:55:11.012917+00:00', 'model_version': 'nemotron-mini:4b', 'prompt_hash': 'a6af280e'}",03_nemotron_rerun
19,real_mixed_58,nemotron-mini:4b_baseline,7.107755184173584,41.56,0,fallback,0.5,0.307692,0.380952,0.0,0,15.5,36.8,8.6,110.7,112.8,22997.8,85.1,2461.9,2572.4,"{'timestamp': '2026-09-06T15:55:53.060698+00:00', 'model_version': 'nemotron-mini:4b', 'prompt_hash': 'a6af280e'}",03_nemotron_rerun
19,real_mixed_59,nemotron-mini:4b_baseline,17.1838116645813,40.45,0,direct_json,0.5,0.157895,0.24,0.0,0,13.1,36.8,4.1,105.6,112.8,23002.4,85.2,2461.9,2572.4,"{'timestamp': '2026-09-06T15:56:03.130617+00:00', 'model_version': 'nemotron-mini:4b', 'prompt_hash': 'a6af280e'}",03_nemotron_rerun
19,real_mixed_60,nemotron-mini:4b_baseline,14.172938108444214,22.2,0,direct_json,0.545455,0.461538,0.5,0.0,0,14.1,36.8,4.6,107.2,112.8,22992.0,85.1,2461.9,2572.4,"{'timestamp': '2026-09-06T15:56:00.132174+00:00', 'model_version': 'nemotron-mini:4b', 'prompt_hash': 'a6af280e'}",03_nemotron_rerun
20,real_mixed_61,nemotron-mini:4b_baseline,32.27366614341736,24.96,0,direct_json,0.545455,0.214286,0.307692,0.0,0,12.1,37.8,2.5,101.5,112.8,22830.0,85.5,2461.9,2572.4,"{'timestamp': '2026-09-06T15:56:19.106979+00:00', 'model_version': 'nemotron-mini:4b', 'prompt_hash': 'a6af280e'}",03_nemotron_rerun
20,real_mixed_62,nemotron-mini:4b_baseline,25.2090368270874,16.94,0,direct_json,0.111111,0.090909,0.1,0.0,0,12.6,37.8,3.0,101.6,112.8,22881.3,85.5,2461.9,2572.4,"{'timestamp': '2026-09-06T15:56:12.026338+00:00', 'model_version': 'nemotron-mini:4b', 'prompt_hash': 'a6af280e'}",03_nemotron_rerun
20,real_mixed_63,nemotron-mini:4b_baseline,17.67269277572632,40.43,0,fallback,0.0,0.0,0.0,0.0,0,11.8,34.1,4.0,105.4,112.8,22955.7,85.2,2461.9,2572.4,"{'timestamp': '2026-09-06T15:56:04.487882+00:00', 'model_version': 'nemotron-mini:4b', 'prompt_hash': 'a6af280e'}",03_nemotron_rerun
16,real_mixed_49,nemotron-mini:4b_baseline,27.75572395324707,40.5,0,direct_json,0.3,0.214286,0.25,0.3,3,14.2,40.8,3.2,107.6,127.3,23339.6,84.3,2461.9,2572.4,"{'timestamp': '2026-09-06T15:55:22.727115+00:00', 'model_version': 'nemotron-mini:4b', 'prompt_hash': 'a6af280e'}",03_nemotron_rerun
16,real_mixed_50,nemotron-mini:4b_baseline,0.0,0.0,2,direct_json,0.333333,0.090909,0.142857,0.0,0,0.0,0.0,0.0,0.0,0.0,0.0,0.0,0.0,0.0,"{'timestamp': '2026-09-06T15:56:20.746596+00:00', 'model_version': 'nemotron-mini:4b', 'prompt_hash': 'a6af280e'}",03_nemotron_rerun
16,real_mixed_51,nemotron-mini:4b_baseline,23.7407910823822,31.23,0,direct_json,0.142857,0.111111,0.125,0.0,0,13.8,39.4,4.7,108.6,127.3,23310.0,84.4,2461.9,2572.4,"{'timestamp': '2026-09-06T15:55:18.703219+00:00', 'model_version': 'nemotron-mini:4b', 'prompt_hash': 'a6af280e'}",03_nemotron_rerun
17,real_mixed_52,nemotron-mini:4b_baseline,32.80374503135681,40.07,0,direct_json,0.333333,0.071429,0.117647,0.0,0,14.8,44.8,4.9,105.2,127.3,23329.9,84.3,2461.9,2572.4,"{'timestamp': '2026-09-06T15:55:30.588473+00:00', 'model_version': 'nemotron-mini:4b', 'prompt_hash': 'a6af280e'}",03_nemotron_rerun
17,real_mixed_53,nemotron-mini:4b_baseline,0.0,0.0,2,direct_json,0.1,0.166667,0.125,0.0,0,0.0,0.0,0.0,0.0,0.0,0.0,0.0,0.0,0.0,"{'timestamp': '2026-09-06T15:56:22.017256+00:00', 'model_version': 'nemotron-mini:4b', 'prompt_hash': 'a6af280e'}",03_nemotron_rerun
17,real_mixed_54,nemotron-mini:4b_baseline,29.285206079483032,14.62,0,direct_json,0.333333,0.5,0.4,0.0,0,14.7,44.8,3.3,105.2,127.3,23320.5,84.4,2461.9,2572.4,"{'timestamp': '2026-09-06T15:55:27.067423+00:00', 'model_version': 'nemotron-mini:4b', 'prompt_hash': 'a6af280e'}",03_nemotron_rerun
21,real_mixed_64,nemotron-mini:4b_baseline,27.253432035446167,26.55,0,fallback,0.0,0.0,0.0,0.75,18,14.8,100.0,3.1,106.5,124.2,23023.7,85.0,2461.9,2572.4,"{'timestamp': '2026-09-06T15:56:30.405902+00:00', 'model_version': 'nemotron-mini:4b', 'prompt_hash': 'a6af280e'}",03_nemotron_rerun
21,real_mixed_65,nemotron-mini:4b_baseline,31.26473093032837,35.23,0,direct_json,0.25,0.25,0.25,0.0,0,20.1,62.5,2.7,106.4,124.2,23016.6,85.1,2461.9,2572.4,"{'timestamp': '2026-09-06T15:56:34.420146+00:00', 'model_version': 'nemotron-mini:4b', 'prompt_hash': 'a6af280e'}",03_nemotron_rerun
21,real_mixed_66,nemotron-mini:4b_baseline,22.721971035003666,21.35,0,direct_json,0.6,0.15,0.24,0.0,0,17.5,56.2,3.6,104.2,124.1,22927.4,85.3,2461.9,2572.4,"{'timestamp': '2026-09-06T15:56:25.893680+00:00', 'model_version': 'nemotron-mini:4b', 'prompt_hash': 'a6af280e'}",03_nemotron_rerun
22,real_mixed_67,nemotron-mini:4b_baseline,31.773826837539673,22.07,0,direct_json,0.6,0.176471,0.272727,0.2,1,12.9,47.7,4.4,105.3,124.2,23107.6,85.0,2461.9,2572.4,"{'timestamp': '2026-09-06T15:56:50.913124+00:00', 'model_version': 'nemotron-mini:4b', 'prompt_hash': 'a6af280e'}",03_nemotron_rerun
22,real_mixed_68,nemotron-mini:4b_baseline,27.758629083633423,23.14,0,direct_json,0.2,0.153846,0.173913,0.0,0,12.7,47.7,3.4,106.1,124.2,23108.9,85.0,2461.9,2572.4,"{'timestamp': '2026-09-06T15:56:46.888922+00:00', 'model_version': 'nemotron-mini:4b', 'prompt_hash': 'a6af280e'}",03_nemotron_rerun
22,real_mixed_69,nemotron-mini:4b_baseline,22.22348117828369,22.54,0,direct_json,0.3125,0.208333,0.25,0.0,0,13.6,47.7,3.6,107.9,124.2,23222.4,84.8,2461.9,2572.4,"{'timestamp': '2026-09-06T15:56:41.367613+00:00', 'model_version': 'nemotron-mini:4b', 'prompt_hash': 'a6af280e'}",03_nemotron_rerun
24,real_mixed_73,nemotron-mini:4b_baseline,49.90804624557495,18.87,0,direct_json,0.5,0.266667,0.347826,0.0,0,12.1,49.3,3.8,106.5,124.2,23254.0,84.7,2461.9,2572.4,"{'timestamp': '2026-09-06T15:57:11.956936+00:00', 'model_version': 'nemotron-mini:4b', 'prompt_hash': 'a6af280e'}",03_nemotron_rerun
24,real_mixed_74,nemotron-mini:4b_baseline,44.85921812057495,23.91,0,direct_json,0.6,0.3,0.4,0.0,0,12.5,49.3,2.5,107.2,124.2,23215.2,84.8,2461.9,2572.4,"{'timestamp': '2026-09-06T15:57:06.902199+00:00', 'model_version': 'nemotron-mini:4b', 'prompt_hash': 'a6af280e'}",03_nemotron_rerun
24,real_mixed_75,nemotron-mini:4b_baseline,41.8392550945282,38.33,0,direct_json,0.25,0.333333,0.285714,0.0,0,12.5,47.7,3.2,107.6,124.2,23209.6,84.9,2461.9,2572.4,"{'timestamp': '2026-09-06T15:57:03.871889+00:00', 'model_version': 'nemotron-mini:4b', 'prompt_hash': 'a6af280e'}",03_nemotron_rerun
25,real_mixed_76,nemotron-mini:4b_baseline,38.84149479866028,40.97,0,direct_json,0.0,0.0,0.0,0.0,0,12.4,49.3,2.4,103.5,115.6,23225.1,84.8,2461.9,2572.4,"{'timestamp': '2026-09-06T15:57:13.273549+00:00', 'model_version': 'nemotron-mini:4b', 'prompt_hash': 'a6af280e'}",03_nemotron_rerun
25,real_mixed_77,nemotron-mini:4b_baseline,40.31359601020813,39.9,0,direct_json,0.0,0.0,0.0,0.0,0,12.3,49.3,2.4,103.7,115.6,23238.8,84.8,2461.9,2572.4,"{'timestamp': '2026-09-06T15:57:14.771834+00:00', 'model_version': 'nemotron-mini:4b', 'prompt_hash': 'a6af280e'}",03_nemotron_rerun
25,real_mixed_78,nemotron-mini:4b_baseline,49.49745512008667,22.16,0,direct_json,0.214286,0.75,0.333333,0.0714285714285714,1,12.6,49.3,2.1,104.5,115.6,23243.0,84.7,2461.9,2572.4,"{'timestamp': '2026-09-06T15:57:23.944369+00:00', 'model_version': 'nemotron-mini:4b', 'prompt_hash': 'a6af280e'}",03_nemotron_rerun
26,real_mixed_79,nemotron-mini:4b_baseline,51.08422613143921,11.96,0,direct_json,1.0,0.3,0.461538,0.0,0,22.0,80.0,2.0,105.3,115.6,23213.3,84.8,2461.9,2572.4,"{'timestamp': '2026-09-06T15:57:42.024915+00:00', 'model_version': 'nemotron-mini:4b', 'prompt_hash': 'a6af280e'}",03_nemotron_rerun
26,real_mixed_80,nemotron-mini:4b_baseline,44.469285011291504,26.76,0,direct_json,0.384615,0.208333,0.27027,0.0,0,25.4,51.4,2.2,106.1,115.6,23307.3,84.6,2461.9,2572.4,"{'timestamp': '2026-09-06T15:57:35.434456+00:00', 'model_version': 'nemotron-mini:4b', 'prompt_hash': 'a6af280e'}",03_nemotron_rerun
26,real_mixed_81,nemotron-mini:4b_baseline,38.906378984451294,25.35,0,direct_json,0.142857,0.181818,0.16,0.0,0,23.0,83.3,2.3,108.8,115.6,23370.5,84.4,2461.9,2572.4,"{'timestamp': '2026-09-06T15:57:29.853455+00:00', 'model_version': 'nemotron-mini:4b', 'prompt_hash': 'a6af280e'}",03_nemotron_rerun
27,real_mixed_82,nemotron-mini:4b_baseline,51.67798686027527,16.54,0,direct_json,0.0,0.0,0.0,0.0,0,14.2,49.1,1.9,102.9,111.5,22943.1,85.5,2461.9,2572.4,"{'timestamp': '2026-09-06T15:58:03.661938+00:00', 'model_version': 'nemotron-mini:4b', 'prompt_hash': 'a6af280e'}",03_nemotron_rerun
27,real_mixed_83,nemotron-mini:4b_baseline,37.98722195625305,25.16,0,direct_json,0.375,0.3,0.333333,0.0,0,15.5,49.1,2.3,103.4,111.5,22954.2,85.4,2461.9,2572.4,"{'timestamp': '2026-09-06T15:57:49.971978+00:00', 'model_version': 'nemotron-mini:4b', 'prompt_hash': 'a6af280e'}",03_nemotron_rerun
27,real_mixed_84,nemotron-mini:4b_baseline,42.05861186981201,19.89,0,direct_json,0.8,0.444444,0.571429,0.0,0,15.2,49.1,2.2,103.7,111.5,22990.7,85.4,2461.9,2572.4,"{'timestamp': '2026-09-06T15:57:54.044848+00:00', 'model_version': 'nemotron-mini:4b', 'prompt_hash': 'a6af280e'}",03_nemotron_rerun
28,real_mixed_85,nemotron-mini:4b_baseline,42.07700705528259,38.1,0,direct_json,0.0,0.0,0.0,0.0,0,14.4,49.1,1.5,102.3,126.5,22827.6,85.7,2461.9,2572.4,"{'timestamp': '2026-09-06T15:58:06.058239+00:00', 'model_version': 'nemotron-mini:4b', 'prompt_hash': 'a6af280e'}",03_nemotron_rerun
28,real_mixed_86,nemotron-mini:4b_baseline,49.12329697608948,16.76,0,direct_json,0.5,0.384615,0.434783,0.0,0,13.7,49.1,1.1,105.7,126.6,22907.8,85.6,2461.9,2572.4,"{'timestamp': '2026-09-06T15:58:13.103698+00:00', 'model_version': 'nemotron-mini:4b', 'prompt_hash': 'a6af280e'}",03_nemotron_rerun
28,real_mixed_87,nemotron-mini:4b_baseline,51.6679151058197,38.24,0,direct_json,0.285714,0.285714,0.285714,0.0,0,13.7,49.1,1.7,105.7,126.6,22914.3,85.6,2461.9,2572.4,"{'timestamp': '2026-09-06T15:58:15.643758+00:00', 'model_version': 'nemotron-mini:4b', 'prompt_hash': 'a6af280e'}",03_nemotron_rerun
29,real_mixed_88,nemotron-mini:4b_baseline,36.52550792694092,20.44,0,direct_json,0.75,0.75,0.75,0.0,0,11.7,41.8,2.4,109.9,126.6,22963.2,85.4,2461.9,2572.4,"{'timestamp': '2026-09-06T15:58:18.577676+00:00', 'model_version': 'nemotron-mini:4b', 'prompt_hash': 'a6af280e'}",03_nemotron_rerun
29,real_mixed_89,nemotron-mini:4b_baseline,38.51493191719055,39.81,0,direct_json,0.25,0.076923,0.117647,0.0,0,11.6,41.8,2.5,110.0,126.6,22973.9,85.3,2461.9,2572.4,"{'timestamp': '2026-09-06T15:58:20.572987+00:00', 'model_version': 'nemotron-mini:4b', 'prompt_hash': 'a6af280e'}",03_nemotron_rerun
29,real_mixed_90,nemotron-mini:4b_baseline,45.1609001159668,22.29,0,direct_json,0.133333,0.25,0.173913,0.0,0,11.8,41.8,2.0,107.8,126.6,23006.6,85.3,2461.9,2572.4,"{'timestamp': '2026-09-06T15:58:27.213463+00:00', 'model_version': 'nemotron-mini:4b', 'prompt_hash': 'a6af280e'}",03_nemotron_rerun
23,real_mixed_70,nemotron-mini:4b_baseline,0.0,0.0,2,direct_json,0.0,0.0,0.0,0.0,0,0.0,0.0,0.0,0.0,0.0,0.0,0.0,0.0,0.0,"{'timestamp': '2026-09-06T15:58:35.272212+00:00', 'model_version': 'nemotron-mini:4b', 'prompt_hash': 'a6af280e'}",03_nemotron_rerun
23,real_mixed_71,nemotron-mini:4b_baseline,33.75947403907776,23.4,0,direct_json,0.666667,0.333333,0.444444,0.0,0,24.1,100.0,2.9,106.0,124.2,23080.7,85.1,2461.9,2572.4,"{'timestamp': '2026-09-06T15:56:54.537742+00:00', 'model_version': 'nemotron-mini:4b', 'prompt_hash': 'a6af280e'}",03_nemotron_rerun
23,real_mixed_72,nemotron-mini:4b_baseline,36.78011870384216,33.87,0,direct_json,0.166667,0.071429,0.1,0.0,0,23.3,80.0,2.7,106.7,124.2,23112.5,85.0,2461.9,2572.4,"{'timestamp': '2026-09-06T15:56:57.565151+00:00', 'model_version': 'nemotron-mini:4b', 'prompt_hash': 'a6af280e'}",03_nemotron_rerun
30,real_mixed_91,nemotron-mini:4b_baseline,39.06768798828125,15.56,0,direct_json,0.0,0.0,0.0,0.0,0,11.9,36.4,2.4,111.8,126.6,23211.0,84.7,2461.9,2572.4,"{'timestamp': '2026-09-06T15:58:42.830258+00:00', 'model_version': 'nemotron-mini:4b', 'prompt_hash': 'a6af280e'}",03_nemotron_rerun
30,real_mixed_92,nemotron-mini:4b_baseline,46.14854979515076,25.82,0,direct_json,0.105263,0.133333,0.117647,0.0,0,13.5,44.4,2.1,110.9,126.6,23176.6,84.9,2461.9,2572.4,"{'timestamp': '2026-09-06T15:58:49.913068+00:00', 'model_version': 'nemotron-mini:4b', 'prompt_hash': 'a6af280e'}",03_nemotron_rerun
30,real_mixed_93,nemotron-mini:4b_baseline,34.51423001289368,38.67,0,direct_json,0.272727,0.3,0.285714,0.0909090909090909,1,12.2,36.4,2.6,111.3,126.6,23242.3,84.6,2461.9,2572.4,"{'timestamp': '2026-09-06T15:58:38.276754+00:00', 'model_version': 'nemotron-mini:4b', 'prompt_hash': 'a6af280e'}",03_nemotron_rerun
31,real_mixed_94,nemotron-mini:4b_baseline,41.021000385284424,38.08,0,direct_json,0.2,0.05,0.08,0.0,0,11.5,36.3,2.4,107.6,117.2,23139.9,85.2,2461.9,2572.4,"{'timestamp': '2026-09-06T15:58:56.707928+00:00', 'model_version': 'nemotron-mini:4b', 'prompt_hash': 'a6af280e'}",03_nemotron_rerun
31,real_mixed_95,nemotron-mini:4b_baseline,39.03110599517822,18.0,0,direct_json,0.0,0.0,0.0,1.0,3,11.5,36.3,2.5,107.4,117.2,23136.6,85.1,2461.9,2572.4,"{'timestamp': '2026-09-06T15:58:54.691211+00:00', 'model_version': 'nemotron-mini:4b', 'prompt_hash': 'a6af280e'}",03_nemotron_rerun
31,real_mixed_96,nemotron-mini:4b_baseline,43.592511892318726,37.83,0,direct_json,0.428571,0.25,0.315789,0.0,0,11.3,36.3,2.3,107.7,117.2,23114.8,85.2,2461.9,2572.4,"{'timestamp': '2026-09-06T15:58:59.259500+00:00', 'model_version': 'nemotron-mini:4b', 'prompt_hash': 'a6af280e'}",03_nemotron_rerun
32,real_mixed_97,nemotron-mini:4b_baseline,38.0764639377594,37.3,0,direct_json,1.0,0.333333,0.5,0.0,0,11.6,36.3,2.9,109.3,117.2,23077.2,85.5,2461.9,2572.4,"{'timestamp': '2026-09-06T15:59:05.322373+00:00', 'model_version': 'nemotron-mini:4b', 'prompt_hash': 'a6af280e'}",03_nemotron_rerun
32,real_mixed_98,nemotron-mini:4b_baseline,45.660512924194336,27.01,0,direct_json,0.111111,0.071429,0.086957,0.0555555555555555,1,11.4,36.4,2.3,107.8,117.2,23067.3,85.4,2461.9,2572.4,"{'timestamp': '2026-09-06T15:59:12.928155+00:00', 'model_version': 'nemotron-mini:4b', 'prompt_hash': 'a6af280e'}",03_nemotron_rerun
32,real_mixed_99,nemotron-mini:4b_baseline,36.55094003677368,18.43,0,direct_json,0.166667,0.5,0.25,0.3333333333333333,2,11.6,36.3,2.7,109.7,117.2,23079.3,85.5,2461.9,2572.4,"{'timestamp': '2026-09-06T15:59:03.785361+00:00', 'model_version': 'nemotron-mini:4b', 'prompt_hash': 'a6af280e'}",03_nemotron_rerun
34,real_mixed_103,nemotron-mini:4b_baseline,37.02330183982849,11.94,0,direct_json,0.0,0.0,0.0,0.0,0,11.6,36.4,3.7,105.7,116.4,23155.3,85.2,2461.9,2572.4,"{'timestamp': '2026-09-06T15:59:26.949607+00:00', 'model_version': 'nemotron-mini:4b', 'prompt_hash': 'a6af280e'}",03_nemotron_rerun
34,real_mixed_104,nemotron-mini:4b_baseline,41.06384491920471,36.03,0,direct_json,0.083333,0.1,0.090909,0.0,0,11.4,36.4,2.3,104.5,116.4,23178.1,85.3,2461.9,2572.4,"{'timestamp': '2026-09-06T15:59:31.001149+00:00', 'model_version': 'nemotron-mini:4b', 'prompt_hash': 'a6af280e'}",03_nemotron_rerun
34,real_mixed_105,nemotron-mini:4b_baseline,49.167316913604736,23.05,0,fallback,0.0,0.0,0.0,0.7,28,10.9,36.4,2.0,104.0,116.4,23104.0,85.0,2461.9,2572.4,"{'timestamp': '2026-09-06T15:59:39.115754+00:00', 'model_version': 'nemotron-mini:4b', 'prompt_hash': 'a6af280e'}",03_nemotron_rerun
36,real_mixed_109,nemotron-mini:4b_baseline,50.18140912055969,38.31,0,direct_json,0.777778,0.291667,0.424242,0.1111111111111111,1,10.4,38.2,1.8,104.4,117.3,23296.8,84.4,2461.9,2572.4,"{'timestamp': '2026-09-06T16:00:03.146575+00:00', 'model_version': 'nemotron-mini:4b', 'prompt_hash': 'a6af280e'}",03_nemotron_rerun
36,real_mixed_110,nemotron-mini:4b_baseline,58.757506132125854,24.13,0,direct_json,0.222222,0.111111,0.148148,0.0,0,12.4,91.4,1.7,103.4,117.3,23238.5,84.6,2461.9,2572.4,"{'timestamp': '2026-09-06T16:00:11.716287+00:00', 'model_version': 'nemotron-mini:4b', 'prompt_hash': 'a6af280e'}",03_nemotron_rerun
36,real_mixed_111,nemotron-mini:4b_baseline,53.19301509857178,20.95,0,direct_json,0.6,0.103448,0.176471,0.0,0,10.7,38.2,1.9,104.1,117.3,23276.8,84.5,2461.9,2572.4,"{'timestamp': '2026-09-06T16:00:06.159343+00:00', 'model_version': 'nemotron-mini:4b', 'prompt_hash': 'a6af280e'}",03_nemotron_rerun
37,real_mixed_112,nemotron-mini:4b_baseline,37.49338102340698,18.31,0,direct_json,0.428571,0.6,0.5,0.0,0,15.1,91.4,2.4,103.8,117.3,23183.3,84.7,2461.9,2572.4,"{'timestamp': '2026-09-06T16:00:16.636224+00:00', 'model_version': 'nemotron-mini:4b', 'prompt_hash': 'a6af280e'}",03_nemotron_rerun
37,real_mixed_113,nemotron-mini:4b_baseline,45.661017179489136,21.44,0,direct_json,0.0,0.0,0.0,0.6666666666666666,4,14.7,91.4,2.0,105.1,117.3,23283.8,84.2,2461.9,2572.4,"{'timestamp': '2026-09-06T16:00:24.807866+00:00', 'model_version': 'nemotron-mini:4b', 'prompt_hash': 'a6af280e'}",03_nemotron_rerun
37,real_mixed_114,nemotron-mini:4b_baseline,39.543004274368286,39.45,0,direct_json,0.5,0.142857,0.222222,0.0,0,15.4,91.4,2.2,104.1,117.3,23186.8,84.6,2461.9,2572.4,"{'timestamp': '2026-09-06T16:00:18.686877+00:00', 'model_version': 'nemotron-mini:4b', 'prompt_hash': 'a6af280e'}",03_nemotron_rerun
38,real_mixed_115,nemotron-mini:4b_baseline,20.28891015052795,20.75,0,direct_json,1.0,0.666667,0.8,0.0,0,14.7,58.9,3.7,107.8,113.6,23687.6,83.0,2461.9,2572.4,"{'timestamp': '2026-09-06T16:00:32.025162+00:00', 'model_version': 'nemotron-mini:4b', 'prompt_hash': 'a6af280e'}",03_nemotron_rerun
38,real_mixed_116,nemotron-mini:4b_baseline,27.41319680213928,39.62,0,direct_json,0.0,0.0,0.0,0.0,0,20.1,58.9,2.6,107.0,113.6,23744.0,82.7,2461.9,2572.4,"{'timestamp': '2026-09-06T16:00:39.149274+00:00', 'model_version': 'nemotron-mini:4b', 'prompt_hash': 'a6af280e'}",03_nemotron_rerun
38,real_mixed_117,nemotron-mini:4b_baseline,25.86977195739746,37.94,0,direct_json,0.0,0.0,0.0,0.0,0,12.9,58.9,2.8,107.2,113.6,23751.1,82.8,2461.9,2572.4,"{'timestamp': '2026-09-06T16:00:37.615284+00:00', 'model_version': 'nemotron-mini:4b', 'prompt_hash': 'a6af280e'}",03_nemotron_rerun
33,real_mixed_100,nemotron-mini:4b_baseline,48.15508198738098,36.04,0,direct_json,0.117647,0.285714,0.166667,0.0,0,11.6,36.4,2.2,107.0,117.2,23101.9,85.3,2461.9,2572.4,"{'timestamp': '2026-09-06T15:59:23.449888+00:00', 'model_version': 'nemotron-mini:4b', 'prompt_hash': 'a6af280e'}",03_nemotron_rerun
33,real_mixed_101,nemotron-mini:4b_baseline,0.0,0.0,2,direct_json,0.5,0.142857,0.222222,0.0,0,0.0,0.0,0.0,0.0,0.0,0.0,0.0,0.0,0.0,"{'timestamp': '2026-09-06T16:00:40.043692+00:00', 'model_version': 'nemotron-mini:4b', 'prompt_hash': 'a6af280e'}",03_nemotron_rerun
33,real_mixed_102,nemotron-mini:4b_baseline,39.55639123916626,39.93,0,direct_json,0.0,0.0,0.0,0.0,0,12.1,36.4,2.6,106.8,117.2,23040.0,85.5,2461.9,2572.4,"{'timestamp': '2026-09-06T15:59:14.845907+00:00', 'model_version': 'nemotron-mini:4b', 'prompt_hash': 'a6af280e'}",03_nemotron_rerun
39,real_mixed_118,nemotron-mini:4b_baseline,23.8609938621521,15.42,0,direct_json,0.571429,0.8,0.666667,0.0,0,12.9,43.2,3.2,108.7,117.3,24120.5,82.5,2461.9,2572.4,"{'timestamp': '2026-09-06T16:00:48.691879+00:00', 'model_version': 'nemotron-mini:4b', 'prompt_hash': 'a6af280e'}",03_nemotron_rerun
39,real_mixed_119,nemotron-mini:4b_baseline,27.939489126205444,23.85,0,direct_json,0.111111,0.166667,0.133333,0.0,0,13.5,43.2,4.6,109.6,117.3,24173.6,82.6,2461.9,2572.4,"{'timestamp': '2026-09-06T16:00:52.775736+00:00', 'model_version': 'nemotron-mini:4b', 'prompt_hash': 'a6af280e'}",03_nemotron_rerun
39,real_mixed_120,nemotron-mini:4b_baseline,18.304508924484253,38.77,0,fallback,0.090909,0.2,0.125,0.0,0,11.2,31.8,6.4,106.4,117.2,24078.9,82.4,2461.9,2572.4,"{'timestamp': '2026-09-06T16:00:43.135919+00:00', 'model_version': 'nemotron-mini:4b', 'prompt_hash': 'a6af280e'}",03_nemotron_rerun
35,real_mixed_106,nemotron-mini:4b_baseline,0.0,0.0,2,direct_json,0.333333,0.5,0.4,0.0,0,0.0,0.0,0.0,0.0,0.0,0.0,0.0,0.0,0.0,"{'timestamp': '2026-09-06T16:00:53.855245+00:00', 'model_version': 'nemotron-mini:4b', 'prompt_hash': 'a6af280e'}",03_nemotron_rerun
35,real_mixed_107,nemotron-mini:4b_baseline,60.81504011154175,23.21,0,direct_json,0.24,0.428571,0.307692,0.0,0,10.7,38.2,1.7,104.3,117.3,23268.2,84.6,2461.9,2572.4,"{'timestamp': '2026-09-06T16:00:00.110055+00:00', 'model_version': 'nemotron-mini:4b', 'prompt_hash': 'a6af280e'}",03_nemotron_rerun
35,real_mixed_108,nemotron-mini:4b_baseline,45.1496148109436,26.57,0,direct_json,0.0,0.0,0.0,0.0,0,11.1,38.2,2.9,105.0,117.3,23188.0,84.5,2461.9,2572.4,"{'timestamp': '2026-09-06T15:59:44.436878+00:00', 'model_version': 'nemotron-mini:4b', 'prompt_hash': 'a6af280e'}",03_nemotron_rerun
2,real_mixed_7,nemotron-mini:4b_kb_rag,25.38371205329895,25.78,0,direct_json,0.333333,0.285714,0.307692,0.0,0,12.5,45.3,11.8,437.2,792.2,23846.6,83.5,2461.9,2572.4,"{'timestamp': '2026-09-06T16:01:20.886761+00:00', 'model_version': 'nemotron-mini:4b', 'prompt_hash': 'a6af280e'}",03_nemotron_rerun
2,real_mixed_8,nemotron-mini:4b_kb_rag,18.783451795578003,37.42,0,direct_json,0.666667,0.444444,0.533333,0.0,0,13.0,45.3,18.0,516.2,792.2,23977.8,83.3,2461.9,2572.4,"{'timestamp': '2026-09-06T16:01:14.281114+00:00', 'model_version': 'nemotron-mini:4b', 'prompt_hash': 'a6af280e'}",03_nemotron_rerun
2,real_mixed_9,nemotron-mini:4b_kb_rag,3.604192972183227,36.77,0,direct_json,0.5,0.3,0.375,0.0,0,15.5,45.3,23.9,792.2,792.2,23790.0,83.4,2461.9,2572.4,"{'timestamp': '2026-09-06T16:00:59.102896+00:00', 'model_version': 'nemotron-mini:4b', 'prompt_hash': 'a6af280e'}",03_nemotron_rerun
0,real_mixed_1,nemotron-mini:4b_kb_rag,30.9290988445282,20.52,0,direct_json,0.538462,0.538462,0.538462,0.0,0,13.5,45.3,7.4,426.3,792.2,23727.9,83.7,2461.9,2572.4,"{'timestamp': '2026-09-06T16:01:26.423536+00:00', 'model_version': 'nemotron-mini:4b', 'prompt_hash': 'a6af280e'}",03_nemotron_rerun
0,real_mixed_2,nemotron-mini:4b_kb_rag,47.16216278076172,38.42,0,direct_json,0.666667,0.5,0.571429,0.0,0,13.9,45.3,5.9,327.2,792.2,23422.2,84.3,2461.9,2572.4,"{'timestamp': '2026-09-06T16:01:42.666527+00:00', 'model_version': 'nemotron-mini:4b', 'prompt_hash': 'a6af280e'}",03_nemotron_rerun
0,real_mixed_3,nemotron-mini:4b_kb_rag,37.574360847473145,21.81,0,direct_json,0.4,0.333333,0.363636,0.1,1,14.9,86.8,9.5,384.6,978.5,23586.1,84.0,2461.9,2572.4,"{'timestamp': '2026-09-06T16:01:32.888859+00:00', 'model_version': 'nemotron-mini:4b', 'prompt_hash': 'a6af280e'}",03_nemotron_rerun
3,real_mixed_10,nemotron-mini:4b_kb_rag,43.63067698478699,36.85,0,direct_json,0.666667,0.666667,0.666667,0.0,0,13.9,45.3,5.6,344.2,792.2,23479.8,84.3,2461.9,2572.4,"{'timestamp': '2026-09-06T16:01:39.118171+00:00', 'model_version': 'nemotron-mini:4b', 'prompt_hash': 'a6af280e'}",03_nemotron_rerun
3,real_mixed_11,nemotron-mini:4b_kb_rag,61.44213080406189,19.72,0,direct_json,0.5,0.666667,0.571429,0.0416666666666666,1,14.2,47.9,9.1,310.3,1193.6,23316.2,84.6,2461.9,2572.4,"{'timestamp': '2026-09-06T16:01:56.806199+00:00', 'model_version': 'nemotron-mini:4b', 'prompt_hash': 'a6af280e'}",03_nemotron_rerun
3,real_mixed_12,nemotron-mini:4b_kb_rag,40.530710220336914,22.93,0,direct_json,0.166667,0.142857,0.153846,0.0,0,13.7,45.3,9.3,361.4,792.2,23522.7,84.1,2461.9,2572.4,"{'timestamp': '2026-09-06T16:01:36.022171+00:00', 'model_version': 'nemotron-mini:4b', 'prompt_hash': 'a6af280e'}",03_nemotron_rerun
1,real_mixed_4,nemotron-mini:4b_kb_rag,70.38830614089966,28.62,0,direct_json,0.461538,0.428571,0.444444,0.0769230769230769,1,14.5,47.9,11.3,313.6,792.2,23285.1,84.7,2461.9,2572.4,"{'timestamp': '2026-09-06T16:02:05.902958+00:00', 'model_version': 'nemotron-mini:4b', 'prompt_hash': 'a6af280e'}",03_nemotron_rerun
1,real_mixed_5,nemotron-mini:4b_kb_rag,15.736592769622805,23.85,0,direct_json,0.068966,0.2,0.102564,0.2758620689655172,8,13.0,45.3,13.6,540.8,792.2,23985.1,83.4,2461.9,2572.4,"{'timestamp': '2026-09-06T16:01:11.234765+00:00', 'model_version': 'nemotron-mini:4b', 'prompt_hash': 'a6af280e'}",03_nemotron_rerun
1,real_mixed_6,nemotron-mini:4b_kb_rag,63.4122588634491,37.6,0,direct_json,0.833333,0.277778,0.416667,0.0,0,14.3,47.9,8.6,308.8,792.2,23310.2,84.6,2461.9,2572.4,"{'timestamp': '2026-09-06T16:01:58.918776+00:00', 'model_version': 'nemotron-mini:4b', 'prompt_hash': 'a6af280e'}",03_nemotron_rerun
4,real_mixed_13,nemotron-mini:4b_kb_rag,68.47491312026978,16.7,0,fallback,0.107143,0.3,0.157895,0.0714285714285714,4,14.5,47.9,8.7,232.6,570.9,22955.0,85.4,2461.9,2572.4,"{'timestamp': '2026-09-06T16:02:29.922545+00:00', 'model_version': 'nemotron-mini:4b', 'prompt_hash': 'a6af280e'}",03_nemotron_rerun
4,real_mixed_14,nemotron-mini:4b_kb_rag,81.06627082824707,20.4,0,direct_json,0.454545,0.833333,0.588235,0.3181818181818182,7,14.5,47.9,6.4,212.5,570.9,22968.4,85.4,2461.9,2572.4,"{'timestamp': '2026-09-06T16:02:42.510062+00:00', 'model_version': 'nemotron-mini:4b', 'prompt_hash': 'a6af280e'}",03_nemotron_rerun
4,real_mixed_15,nemotron-mini:4b_kb_rag,49.83943390846253,12.47,0,direct_json,0.2,0.111111,0.142857,0.0,0,15.6,47.9,10.0,258.8,570.9,22926.4,85.5,2461.9,2572.4,"{'timestamp': '2026-09-06T16:02:11.267684+00:00', 'model_version': 'nemotron-mini:4b', 'prompt_hash': 'a6af280e'}",03_nemotron_rerun
5,real_mixed_16,nemotron-mini:4b_kb_rag,65.87991786003113,37.12,0,direct_json,1.0,0.222222,0.363636,0.0,0,14.0,49.6,8.6,236.3,570.9,22934.2,85.4,2461.9,2572.4,"{'timestamp': '2026-09-06T16:02:48.980298+00:00', 'model_version': 'nemotron-mini:4b', 'prompt_hash': 'a6af280e'}",03_nemotron_rerun
5,real_mixed_17,nemotron-mini:4b_kb_rag,63.88510584831238,39.07,0,direct_json,0.0,0.0,0.0,0.0,0,14.1,49.6,8.3,231.6,570.9,22964.9,85.4,2461.9,2572.4,"{'timestamp': '2026-09-06T16:02:46.974372+00:00', 'model_version': 'nemotron-mini:4b', 'prompt_hash': 'a6af280e'}",03_nemotron_rerun
5,real_mixed_18,nemotron-mini:4b_kb_rag,62.37858295440674,38.21,0,direct_json,0.875,0.583333,0.7,0.0,0,14.2,49.6,11.1,228.4,570.9,22982.1,85.4,2461.9,2572.4,"{'timestamp': '2026-09-06T16:02:45.468531+00:00', 'model_version': 'nemotron-mini:4b', 'prompt_hash': 'a6af280e'}",03_nemotron_rerun
6,real_mixed_19,nemotron-mini:4b_kb_rag,55.27420115470886,25.49,0,direct_json,0.714286,0.25,0.37037,0.0,0,14.1,49.6,10.3,247.5,589.8,22902.2,85.4,2461.9,2572.4,"{'timestamp': '2026-09-06T16:02:52.586792+00:00', 'model_version': 'nemotron-mini:4b', 'prompt_hash': 'a6af280e'}",03_nemotron_rerun
6,real_mixed_20,nemotron-mini:4b_kb_rag,66.47272109985352,21.37,0,direct_json,0.25,0.1875,0.214286,0.0,0,14.4,49.6,7.6,235.1,589.8,22978.9,85.2,2461.9,2572.4,"{'timestamp': '2026-09-06T16:03:03.786826+00:00', 'model_version': 'nemotron-mini:4b', 'prompt_hash': 'a6af280e'}",03_nemotron_rerun
6,real_mixed_21,nemotron-mini:4b_kb_rag,57.76075196266174,38.02,0,direct_json,1.0,0.357143,0.526316,0.0,0,14.2,49.6,10.1,248.9,589.8,22919.2,85.3,2461.9,2572.4,"{'timestamp': '2026-09-06T16:02:55.067448+00:00', 'model_version': 'nemotron-mini:4b', 'prompt_hash': 'a6af280e'}",03_nemotron_rerun
7,real_mixed_22,nemotron-mini:4b_kb_rag,59.343050956726074,35.99,0,direct_json,0.0,0.0,0.0,0.0,0,14.4,61.6,9.8,229.5,589.8,23002.3,85.1,2461.9,2572.4,"{'timestamp': '2026-09-06T16:03:05.642034+00:00', 'model_version': 'nemotron-mini:4b', 'prompt_hash': 'a6af280e'}",03_nemotron_rerun
7,real_mixed_23,nemotron-mini:4b_kb_rag,64.9195830821991,23.22,0,direct_json,0.454545,0.333333,0.384615,0.0,0,14.6,61.6,8.8,232.6,589.8,23075.2,85.0,2461.9,2572.4,"{'timestamp': '2026-09-06T16:03:11.232303+00:00', 'model_version': 'nemotron-mini:4b', 'prompt_hash': 'a6af280e'}",03_nemotron_rerun
7,real_mixed_24,nemotron-mini:4b_kb_rag,69.96519804000854,21.88,0,direct_json,0.363636,0.571429,0.444444,0.2727272727272727,3,13.9,61.6,7.3,234.7,589.8,23162.9,84.8,2461.9,2572.4,"{'timestamp': '2026-09-06T16:03:16.278066+00:00', 'model_version': 'nemotron-mini:4b', 'prompt_hash': 'a6af280e'}",03_nemotron_rerun
8,real_mixed_25,nemotron-mini:4b_kb_rag,46.15883922576904,11.63,0,direct_json,0.0,0.0,0.0,0.0,0,13.7,61.6,10.3,314.4,604.2,23631.1,83.8,2461.9,2572.4,"{'timestamp': '2026-09-06T16:03:29.118510+00:00', 'model_version': 'nemotron-mini:4b', 'prompt_hash': 'a6af280e'}",03_nemotron_rerun
8,real_mixed_26,nemotron-mini:4b_kb_rag,42.11825108528137,25.55,0,direct_json,0.71875,0.638889,0.676471,0.03125,1,14.2,61.6,14.3,315.0,604.2,23530.6,83.9,2461.9,2572.4,"{'timestamp': '2026-09-06T16:03:25.079042+00:00', 'model_version': 'nemotron-mini:4b', 'prompt_hash': 'a6af280e'}",03_nemotron_rerun
8,real_mixed_27,nemotron-mini:4b_kb_rag,53.78244996070862,24.67,0,direct_json,0.714286,0.384615,0.5,0.0,0,13.2,61.6,10.5,303.5,604.2,23788.1,83.4,2461.9,2572.4,"{'timestamp': '2026-09-06T16:03:36.736331+00:00', 'model_version': 'nemotron-mini:4b', 'prompt_hash': 'a6af280e'}",03_nemotron_rerun
9,real_mixed_28,nemotron-mini:4b_kb_rag,66.968177318573,21.74,0,direct_json,0.266667,0.266667,0.266667,0.0666666666666666,1,13.1,61.6,8.6,280.3,604.2,23886.4,83.3,2461.9,2572.4,"{'timestamp': '2026-09-06T16:03:56.354179+00:00', 'model_version': 'nemotron-mini:4b', 'prompt_hash': 'a6af280e'}",03_nemotron_rerun
9,real_mixed_29,nemotron-mini:4b_kb_rag,55.22226023674011,25.23,0,direct_json,0.3125,0.416667,0.357143,0.0,0,13.1,61.6,8.7,304.3,604.2,23954.1,83.2,2461.9,2572.4,"{'timestamp': '2026-09-06T16:03:44.612183+00:00', 'model_version': 'nemotron-mini:4b', 'prompt_hash': 'a6af280e'}",03_nemotron_rerun
9,real_mixed_30,nemotron-mini:4b_kb_rag,59.283610820770264,17.44,0,direct_json,0.833333,0.625,0.714286,0.0,0,14.1,100.0,9.3,299.4,604.2,23928.2,83.2,2461.9,2572.4,"{'timestamp': '2026-09-06T16:03:48.657678+00:00', 'model_version': 'nemotron-mini:4b', 'prompt_hash': 'a6af280e'}",03_nemotron_rerun
10,real_mixed_31,nemotron-mini:4b_kb_rag,54.23848295211792,30.57,0,direct_json,0.333333,0.5,0.4,0.0,0,12.6,61.6,9.3,297.8,604.2,24053.2,83.1,2461.9,2572.4,"{'timestamp': '2026-09-06T16:03:58.438331+00:00', 'model_version': 'nemotron-mini:4b', 'prompt_hash': 'a6af280e'}",03_nemotron_rerun
10,real_mixed_32,nemotron-mini:4b_kb_rag,65.41711807250977,27.93,0,direct_json,0.222222,0.571429,0.32,0.0,0,12.5,61.6,7.2,306.8,604.2,23964.8,83.3,2461.9,2572.4,"{'timestamp': '2026-09-06T16:04:09.629272+00:00', 'model_version': 'nemotron-mini:4b', 'prompt_hash': 'a6af280e'}",03_nemotron_rerun
10,real_mixed_33,nemotron-mini:4b_kb_rag,60.34014320373535,15.45,0,direct_json,0.6,0.230769,0.333333,0.2,1,12.5,61.6,7.7,314.2,604.2,24000.2,83.2,2461.9,2572.4,"{'timestamp': '2026-09-06T16:04:04.568408+00:00', 'model_version': 'nemotron-mini:4b', 'prompt_hash': 'a6af280e'}",03_nemotron_rerun
11,real_mixed_34,nemotron-mini:4b_kb_rag,67.93293595314026,22.68,0,direct_json,0.105263,0.2,0.137931,0.0,0,14.1,46.7,7.9,283.5,604.2,23732.5,83.7,2461.9,2572.4,"{'timestamp': '2026-09-06T16:04:24.529349+00:00', 'model_version': 'nemotron-mini:4b', 'prompt_hash': 'a6af280e'}",03_nemotron_rerun
11,real_mixed_35,nemotron-mini:4b_kb_rag,70.44188189506531,37.88,0,direct_json,0.8,0.571429,0.666667,0.0,0,17.9,87.5,6.7,277.0,604.2,23724.1,83.7,2461.9,2572.4,"{'timestamp': '2026-09-06T16:04:27.036076+00:00', 'model_version': 'nemotron-mini:4b', 'prompt_hash': 'a6af280e'}",03_nemotron_rerun
11,real_mixed_36,nemotron-mini:4b_kb_rag,57.84751105308533,10.88,0,direct_json,1.0,0.142857,0.25,0.0,0,13.3,45.6,9.4,312.2,604.2,23857.4,83.5,2461.9,2572.4,"{'timestamp': '2026-09-06T16:04:14.457009+00:00', 'model_version': 'nemotron-mini:4b', 'prompt_hash': 'a6af280e'}",03_nemotron_rerun
12,real_mixed_37,nemotron-mini:4b_kb_rag,59.83628010749817,36.31,0,direct_json,0.714286,0.416667,0.526316,0.0,0,13.5,45.6,8.6,260.2,577.0,23365.7,84.3,2461.9,2572.4,"{'timestamp': '2026-09-06T16:04:36.912799+00:00', 'model_version': 'nemotron-mini:4b', 'prompt_hash': 'a6af280e'}",03_nemotron_rerun
12,real_mixed_38,nemotron-mini:4b_kb_rag,56.29938197135925,18.6,0,direct_json,0.153846,0.153846,0.153846,0.3076923076923077,4,13.5,45.6,8.4,263.0,577.0,23368.1,84.4,2461.9,2572.4,"{'timestamp': '2026-09-06T16:04:33.371953+00:00', 'model_version': 'nemotron-mini:4b', 'prompt_hash': 'a6af280e'}",03_nemotron_rerun
12,real_mixed_39,nemotron-mini:4b_kb_rag,62.862348794937134,36.83,0,direct_json,0.714286,0.714286,0.714286,0.1428571428571428,1,13.4,45.6,7.5,258.0,577.0,23354.2,84.3,2461.9,2572.4,"{'timestamp': '2026-09-06T16:04:39.934005+00:00', 'model_version': 'nemotron-mini:4b', 'prompt_hash': 'a6af280e'}",03_nemotron_rerun
13,real_mixed_40,nemotron-mini:4b_kb_rag,47.26076006889343,13.9,0,direct_json,0.6,0.25,0.352941,0.0,0,13.6,44.4,9.8,284.5,577.0,23236.1,84.5,2461.9,2572.4,"{'timestamp': '2026-09-06T16:04:43.984529+00:00', 'model_version': 'nemotron-mini:4b', 'prompt_hash': 'a6af280e'}",03_nemotron_rerun
13,real_mixed_41,nemotron-mini:4b_kb_rag,55.86903619766235,19.03,0,direct_json,0.769231,0.555556,0.645161,0.0,0,13.3,44.4,21.4,275.9,577.0,23248.5,84.5,2461.9,2572.4,"{'timestamp': '2026-09-06T16:04:52.598327+00:00', 'model_version': 'nemotron-mini:4b', 'prompt_hash': 'a6af280e'}",03_nemotron_rerun
13,real_mixed_42,nemotron-mini:4b_kb_rag,62.42871403694153,25.6,0,direct_json,0.466667,0.291667,0.358974,0.0666666666666666,1,13.3,44.4,7.4,261.2,577.0,23294.6,84.5,2461.9,2572.4,"{'timestamp': '2026-09-06T16:04:59.171422+00:00', 'model_version': 'nemotron-mini:4b', 'prompt_hash': 'a6af280e'}",03_nemotron_rerun
14,real_mixed_43,nemotron-mini:4b_kb_rag,72.01091003417969,10.76,0,direct_json,0.5,0.047619,0.086957,0.0,0,13.0,44.4,8.6,238.4,578.8,23311.1,84.5,2461.9,2572.4,"{'timestamp': '2026-09-06T16:05:21.961032+00:00', 'model_version': 'nemotron-mini:4b', 'prompt_hash': 'a6af280e'}",03_nemotron_rerun
14,real_mixed_44,nemotron-mini:4b_kb_rag,63.37836813926697,28.17,0,direct_json,0.4,0.428571,0.413793,0.0,0,13.2,44.4,7.7,252.0,578.8,23330.2,84.3,2461.9,2572.4,"{'timestamp': '2026-09-06T16:05:13.340935+00:00', 'model_version': 'nemotron-mini:4b', 'prompt_hash': 'a6af280e'}",03_nemotron_rerun
14,real_mixed_45,nemotron-mini:4b_kb_rag,55.79893708229065,28.21,0,direct_json,0.411765,0.583333,0.482759,0.0,0,13.3,44.4,13.0,250.4,578.8,23253.9,84.5,2461.9,2572.4,"{'timestamp': '2026-09-06T16:05:05.752915+00:00', 'model_version': 'nemotron-mini:4b', 'prompt_hash': 'a6af280e'}",03_nemotron_rerun
15,real_mixed_46,nemotron-mini:4b_kb_rag,63.111368894577026,25.69,0,direct_json,0.25,0.214286,0.230769,0.4166666666666667,5,15.9,46.2,8.9,267.3,582.9,23336.1,84.4,2461.9,2572.4,"{'timestamp': '2026-09-06T16:05:30.508076+00:00', 'model_version': 'nemotron-mini:4b', 'prompt_hash': 'a6af280e'}",03_nemotron_rerun
15,real_mixed_47,nemotron-mini:4b_kb_rag,58.05352997779846,34.44,0,direct_json,0.454545,0.192308,0.27027,0.0,0,15.8,46.2,10.0,267.9,582.9,23351.4,84.4,2461.9,2572.4,"{'timestamp': '2026-09-06T16:05:25.470511+00:00', 'model_version': 'nemotron-mini:4b', 'prompt_hash': 'a6af280e'}",03_nemotron_rerun
15,real_mixed_48,nemotron-mini:4b_kb_rag,69.20255708694458,23.96,0,direct_json,0.181818,0.333333,0.235294,0.4545454545454545,5,15.7,48.2,7.3,258.9,582.9,23327.4,84.5,2461.9,2572.4,"{'timestamp': '2026-09-06T16:05:36.602321+00:00', 'model_version': 'nemotron-mini:4b', 'prompt_hash': 'a6af280e'}",03_nemotron_rerun
16,real_mixed_49,nemotron-mini:4b_kb_rag,75.63141202926636,29.25,0,direct_json,0.238095,0.357143,0.285714,0.1428571428571428,3,22.3,69.3,8.2,245.5,582.9,23268.4,83.8,2461.9,2572.4,"{'timestamp': '2026-09-06T16:05:56.212040+00:00', 'model_version': 'nemotron-mini:4b', 'prompt_hash': 'a6af280e'}",03_nemotron_rerun
16,real_mixed_50,nemotron-mini:4b_kb_rag,66.98806500434875,32.01,0,direct_json,0.375,0.545455,0.444444,0.1875,3,27.2,100.0,8.0,262.1,582.9,23289.9,84.8,2461.9,2572.4,"{'timestamp': '2026-09-06T16:05:47.568540+00:00', 'model_version': 'nemotron-mini:4b', 'prompt_hash': 'a6af280e'}",03_nemotron_rerun
16,real_mixed_51,nemotron-mini:4b_kb_rag,61.4534330368042,29.08,0,direct_json,0.285714,0.444444,0.347826,0.2857142857142857,4,20.0,100.0,9.9,271.3,582.9,23287.6,84.6,2461.9,2572.4,"{'timestamp': '2026-09-06T16:05:42.027548+00:00', 'model_version': 'nemotron-mini:4b', 'prompt_hash': 'a6af280e'}",03_nemotron_rerun
17,real_mixed_52,nemotron-mini:4b_kb_rag,76.12685012817383,20.85,0,direct_json,0.272727,0.428571,0.333333,0.0,0,12.9,46.9,7.6,316.9,582.9,23850.5,80.7,2461.9,2572.4,"{'timestamp': '2026-09-06T16:06:15.674101+00:00', 'model_version': 'nemotron-mini:4b', 'prompt_hash': 'a6af280e'}",03_nemotron_rerun
17,real_mixed_53,nemotron-mini:4b_kb_rag,66.47239518165588,17.45,0,direct_json,0.153846,0.333333,0.210526,0.0,0,13.5,46.9,7.6,284.1,582.9,23488.2,82.0,2461.9,2572.4,"{'timestamp': '2026-09-06T16:06:06.019809+00:00', 'model_version': 'nemotron-mini:4b', 'prompt_hash': 'a6af280e'}",03_nemotron_rerun
17,real_mixed_54,nemotron-mini:4b_kb_rag,58.38520908355713,34.86,0,direct_json,0.5,0.75,0.6,0.0,0,13.9,46.9,8.7,248.2,582.9,23233.4,83.3,2461.9,2572.4,"{'timestamp': '2026-09-06T16:05:57.918606+00:00', 'model_version': 'nemotron-mini:4b', 'prompt_hash': 'a6af280e'}",03_nemotron_rerun
18,real_mixed_55,nemotron-mini:4b_kb_rag,60.830106019973755,17.64,0,direct_json,0.230769,0.333333,0.272727,0.0,0,15.3,66.7,8.3,376.4,615.1,24540.8,78.3,2461.9,2572.4,"{'timestamp': '2026-09-06T16:06:23.128312+00:00', 'model_version': 'nemotron-mini:4b', 'prompt_hash': 'a6af280e'}",03_nemotron_rerun
18,real_mixed_56,nemotron-mini:4b_kb_rag,67.93225884437561,25.04,0,direct_json,0.375,0.428571,0.4,0.0625,1,12.8,46.9,26.3,401.9,615.3,24977.4,77.6,2461.9,2572.4,"{'timestamp': '2026-09-06T16:06:30.274447+00:00', 'model_version': 'nemotron-mini:4b', 'prompt_hash': 'a6af280e'}",03_nemotron_rerun
18,real_mixed_57,nemotron-mini:4b_kb_rag,72.47413611412048,21.07,0,direct_json,0.833333,0.555556,0.666667,0.0833333333333333,1,13.6,46.9,6.9,414.6,615.4,25264.2,77.1,2461.9,2572.4,"{'timestamp': '2026-09-06T16:06:34.838713+00:00', 'model_version': 'nemotron-mini:4b', 'prompt_hash': 'a6af280e'}",03_nemotron_rerun
19,real_mixed_58,nemotron-mini:4b_kb_rag,62.31623983383179,22.07,0,direct_json,0.5,0.454545,0.47619,0.0,0,12.1,46.9,8.4,467.1,645.0,26093.9,74.7,2461.9,2572.4,"{'timestamp': '2026-09-06T16:06:39.430541+00:00', 'model_version': 'nemotron-mini:4b', 'prompt_hash': 'a6af280e'}",03_nemotron_rerun
19,real_mixed_59,nemotron-mini:4b_kb_rag,71.34697270393372,67.41,0,direct_json,0.818182,0.473684,0.6,0.0,0,12.2,52.1,6.4,489.9,645.3,26196.1,73.0,2461.9,2572.4,"{'timestamp': '2026-09-06T16:06:48.463697+00:00', 'model_version': 'nemotron-mini:4b', 'prompt_hash': 'a6af280e'}",03_nemotron_rerun
19,real_mixed_60,nemotron-mini:4b_kb_rag,68.40385794639587,25.08,0,direct_json,0.727273,0.615385,0.666667,0.0,0,12.0,46.9,7.6,483.0,645.1,26462.6,74.2,2461.9,2572.4,"{'timestamp': '2026-09-06T16:06:45.524820+00:00', 'model_version': 'nemotron-mini:4b', 'prompt_hash': 'a6af280e'}",03_nemotron_rerun
20,real_mixed_61,nemotron-mini:4b_kb_rag,68.99288296699524,33.97,0,direct_json,0.434783,0.357143,0.392157,0.0,0,18.9,61.0,7.7,610.9,657.9,26462.6,65.5,2461.9,2572.4,"{'timestamp': '2026-09-06T16:07:05.593465+00:00', 'model_version': 'nemotron-mini:4b', 'prompt_hash': 'a6af280e'}",03_nemotron_rerun
20,real_mixed_62,nemotron-mini:4b_kb_rag,59.30179500579834,35.53,0,direct_json,0.222222,0.181818,0.2,0.0,0,20.2,57.5,8.6,603.4,657.9,26796.7,67.3,2461.9,2572.4,"{'timestamp': '2026-09-06T16:06:55.874422+00:00', 'model_version': 'nemotron-mini:4b', 'prompt_hash': 'a6af280e'}",03_nemotron_rerun
20,real_mixed_63,nemotron-mini:4b_kb_rag,54.74484610557556,49.11,0,direct_json,0.125,0.125,0.125,0.0,0,20.2,58.7,8.2,598.7,657.9,27009.6,68.4,2461.9,2572.4,"{'timestamp': '2026-09-06T16:06:51.322162+00:00', 'model_version': 'nemotron-mini:4b', 'prompt_hash': 'a6af280e'}",03_nemotron_rerun
21,real_mixed_64,nemotron-mini:4b_kb_rag,52.14170217514038,35.14,0,direct_json,0.0,0.0,0.0,0.0,0,16.9,100.0,10.2,639.8,682.9,26646.3,62.6,2461.9,2572.4,"{'timestamp': '2026-09-06T16:07:08.120099+00:00', 'model_version': 'nemotron-mini:4b', 'prompt_hash': 'a6af280e'}",03_nemotron_rerun
21,real_mixed_65,nemotron-mini:4b_kb_rag,55.15853691101074,35.5,0,direct_json,0.142857,0.125,0.133333,0.4285714285714285,3,14.6,52.1,9.1,642.2,682.9,26561.2,62.3,2461.9,2572.4,"{'timestamp': '2026-09-06T16:07:11.142922+00:00', 'model_version': 'nemotron-mini:4b', 'prompt_hash': 'a6af280e'}",03_nemotron_rerun
21,real_mixed_66,nemotron-mini:4b_kb_rag,57.16704201698303,34.22,0,direct_json,1.0,0.1,0.181818,0.0,0,16.1,100.0,7.9,643.6,682.9,26512.5,62.0,2461.9,2572.4,"{'timestamp': '2026-09-06T16:07:13.166669+00:00', 'model_version': 'nemotron-mini:4b', 'prompt_hash': 'a6af280e'}",03_nemotron_rerun
22,real_mixed_67,nemotron-mini:4b_kb_rag,47.13343691825867,34.69,0,direct_json,0.5,0.235294,0.32,0.375,3,22.4,58.1,9.7,666.2,701.3,25340.0,57.2,2461.9,2572.4,"{'timestamp': '2026-09-06T16:07:22.264629+00:00', 'model_version': 'nemotron-mini:4b', 'prompt_hash': 'a6af280e'}",03_nemotron_rerun
22,real_mixed_68,nemotron-mini:4b_kb_rag,44.04588532447815,35.55,0,direct_json,0.375,0.461538,0.413793,0.125,2,23.2,60.4,11.2,663.7,701.3,25341.8,57.2,2461.9,2572.4,"{'timestamp': '2026-09-06T16:07:19.165947+00:00', 'model_version': 'nemotron-mini:4b', 'prompt_hash': 'a6af280e'}",03_nemotron_rerun
22,real_mixed_69,nemotron-mini:4b_kb_rag,54.747437953948975,34.11,0,direct_json,0.566667,0.68,0.618182,0.0666666666666666,2,20.7,60.7,8.4,671.0,701.3,25348.4,57.1,2461.9,2572.4,"{'timestamp': '2026-09-06T16:07:29.896579+00:00', 'model_version': 'nemotron-mini:4b', 'prompt_hash': 'a6af280e'}",03_nemotron_rerun
23,real_mixed_70,nemotron-mini:4b_kb_rag,43.508097887039185,36.06,0,direct_json,0.6,0.142857,0.230769,0.0,0,11.6,33.1,12.0,678.9,704.1,24632.9,55.2,2461.9,2572.4,"{'timestamp': '2026-09-06T16:07:32.264731+00:00', 'model_version': 'nemotron-mini:4b', 'prompt_hash': 'a6af280e'}",03_nemotron_rerun
23,real_mixed_71,nemotron-mini:4b_kb_rag,53.091840982437134,35.57,0,direct_json,0.307692,0.333333,0.32,0.1538461538461538,2,11.1,33.1,8.8,683.5,704.1,24832.4,55.6,2461.9,2572.4,"{'timestamp': '2026-09-06T16:07:41.852908+00:00', 'model_version': 'nemotron-mini:4b', 'prompt_hash': 'a6af280e'}",03_nemotron_rerun
23,real_mixed_72,nemotron-mini:4b_kb_rag,48.049033880233765,36.38,0,direct_json,0.545455,0.428571,0.48,0.0,0,11.6,33.1,10.7,681.3,704.1,24727.7,55.4,2461.9,2572.4,"{'timestamp': '2026-09-06T16:07:36.805297+00:00', 'model_version': 'nemotron-mini:4b', 'prompt_hash': 'a6af280e'}",03_nemotron_rerun
24,real_mixed_73,nemotron-mini:4b_kb_rag,43.567824840545654,23.49,0,direct_json,1.0,0.466667,0.636364,0.0,0,11.3,32.2,11.3,697.4,705.8,25532.1,57.0,2461.9,2572.4,"{'timestamp': '2026-09-06T16:07:49.466947+00:00', 'model_version': 'nemotron-mini:4b', 'prompt_hash': 'a6af280e'}",03_nemotron_rerun
24,real_mixed_74,nemotron-mini:4b_kb_rag,38.9866042137146,35.84,0,direct_json,0.857143,0.6,0.705882,0.1428571428571428,1,11.2,32.2,13.0,696.5,705.8,25449.8,56.8,2461.9,2572.4,"{'timestamp': '2026-09-06T16:07:44.883345+00:00', 'model_version': 'nemotron-mini:4b', 'prompt_hash': 'a6af280e'}",03_nemotron_rerun
24,real_mixed_75,nemotron-mini:4b_kb_rag,46.078474044799805,35.44,0,direct_json,0.285714,0.666667,0.4,0.0,0,11.0,32.2,9.8,697.9,705.8,25570.0,57.0,2461.9,2572.4,"{'timestamp': '2026-09-06T16:07:51.965402+00:00', 'model_version': 'nemotron-mini:4b', 'prompt_hash': 'a6af280e'}",03_nemotron_rerun
25,real_mixed_76,nemotron-mini:4b_kb_rag,44.046436071395874,37.03,0,direct_json,0.0,0.0,0.0,0.0,0,10.9,38.4,10.1,701.3,705.8,25742.7,57.4,2461.9,2572.4,"{'timestamp': '2026-09-06T16:07:57.522544+00:00', 'model_version': 'nemotron-mini:4b', 'prompt_hash': 'a6af280e'}",03_nemotron_rerun
25,real_mixed_77,nemotron-mini:4b_kb_rag,43.03581428527832,35.76,0,direct_json,0.416667,0.25,0.3125,0.0833333333333333,1,10.9,38.4,10.3,701.3,705.8,25727.9,57.4,2461.9,2572.4,"{'timestamp': '2026-09-06T16:07:56.534461+00:00', 'model_version': 'nemotron-mini:4b', 'prompt_hash': 'a6af280e'}",03_nemotron_rerun
25,real_mixed_78,nemotron-mini:4b_kb_rag,51.17076110839844,34.88,0,direct_json,0.0625,0.25,0.1,0.5625,9,10.7,38.4,18.7,700.7,705.8,25821.5,57.5,2461.9,2572.4,"{'timestamp': '2026-09-06T16:08:04.645368+00:00', 'model_version': 'nemotron-mini:4b', 'prompt_hash': 'a6af280e'}",03_nemotron_rerun
26,real_mixed_79,nemotron-mini:4b_kb_rag,50.602335929870605,33.91,0,direct_json,0.666667,0.6,0.631579,0.0,0,10.7,38.4,10.0,693.7,705.8,26229.6,58.3,2461.9,2572.4,"{'timestamp': '2026-09-06T16:08:20.790816+00:00', 'model_version': 'nemotron-mini:4b', 'prompt_hash': 'a6af280e'}",03_nemotron_rerun
26,real_mixed_80,nemotron-mini:4b_kb_rag,44.56080508232117,34.86,0,direct_json,0.652174,0.625,0.638298,0.0869565217391304,2,11.1,38.4,11.1,704.8,705.8,26177.5,58.2,2461.9,2572.4,"{'timestamp': '2026-09-06T16:08:14.777518+00:00', 'model_version': 'nemotron-mini:4b', 'prompt_hash': 'a6af280e'}",03_nemotron_rerun
26,real_mixed_81,nemotron-mini:4b_kb_rag,36.98393392562866,34.4,0,direct_json,0.75,0.272727,0.4,0.0,0,10.7,38.4,11.6,703.2,705.8,26107.0,58.1,2461.9,2572.4,"{'timestamp': '2026-09-06T16:08:07.186544+00:00', 'model_version': 'nemotron-mini:4b', 'prompt_hash': 'a6af280e'}",03_nemotron_rerun
27,real_mixed_82,nemotron-mini:4b_kb_rag,44.0863676071167,34.68,0,direct_json,0.333333,0.222222,0.266667,0.0,0,12.7,38.4,12.4,691.3,705.8,26442.4,58.8,2461.9,2572.4,"{'timestamp': '2026-09-06T16:08:26.214338+00:00', 'model_version': 'nemotron-mini:4b', 'prompt_hash': 'a6af280e'}",03_nemotron_rerun
27,real_mixed_83,nemotron-mini:4b_kb_rag,41.071556091308594,35.49,0,direct_json,0.777778,0.7,0.736842,0.0,0,12.9,38.4,12.2,690.9,705.8,26409.5,58.7,2461.9,2572.4,"{'timestamp': '2026-09-06T16:08:23.200769+00:00', 'model_version': 'nemotron-mini:4b', 'prompt_hash': 'a6af280e'}",03_nemotron_rerun
27,real_mixed_84,nemotron-mini:4b_kb_rag,47.08251595497131,33.9,0,direct_json,1.0,0.7,0.823529,0.0,0,14.3,48.6,9.1,691.7,705.8,26476.7,58.8,2461.9,2572.4,"{'timestamp': '2026-09-06T16:08:29.215617+00:00', 'model_version': 'nemotron-mini:4b', 'prompt_hash': 'a6af280e'}",03_nemotron_rerun
28,real_mixed_85,nemotron-mini:4b_kb_rag,40.047369956970215,35.0,0,direct_json,0.375,0.375,0.375,0.125,1,12.9,38.4,12.0,689.0,705.3,26595.7,59.1,2461.9,2572.4,"{'timestamp': '2026-09-06T16:08:32.292478+00:00', 'model_version': 'nemotron-mini:4b', 'prompt_hash': 'a6af280e'}",03_nemotron_rerun
28,real_mixed_86,nemotron-mini:4b_kb_rag,43.51472282409668,34.57,0,direct_json,0.714286,0.384615,0.5,0.0,0,13.7,38.4,9.7,690.2,705.4,26632.4,59.2,2461.9,2572.4,"{'timestamp': '2026-09-06T16:08:35.772815+00:00', 'model_version': 'nemotron-mini:4b', 'prompt_hash': 'a6af280e'}",03_nemotron_rerun
28,real_mixed_87,nemotron-mini:4b_kb_rag,46.076807737350464,34.72,0,direct_json,0.5,0.428571,0.461538,0.0,0,15.7,47.1,9.3,691.0,705.3,26666.8,59.2,2461.9,2572.4,"{'timestamp': '2026-09-06T16:08:38.330457+00:00', 'model_version': 'nemotron-mini:4b', 'prompt_hash': 'a6af280e'}",03_nemotron_rerun
29,real_mixed_88,nemotron-mini:4b_kb_rag,34.44399309158325,35.45,0,direct_json,0.666667,0.5,0.571429,0.0,0,16.3,47.4,13.8,686.6,714.2,26808.0,59.5,2461.9,2572.4,"{'timestamp': '2026-09-06T16:08:39.363940+00:00', 'model_version': 'nemotron-mini:4b', 'prompt_hash': 'a6af280e'}",03_nemotron_rerun
29,real_mixed_89,nemotron-mini:4b_kb_rag,40.04209208488464,34.42,0,direct_json,0.666667,0.307692,0.421053,0.0,0,16.3,83.3,10.5,690.4,714.2,26866.7,59.6,2461.9,2572.4,"{'timestamp': '2026-09-06T16:08:44.985821+00:00', 'model_version': 'nemotron-mini:4b', 'prompt_hash': 'a6af280e'}",03_nemotron_rerun
29,real_mixed_90,nemotron-mini:4b_kb_rag,37.47325682640076,35.11,0,direct_json,0.0,0.0,0.0,0.5,4,16.9,85.7,13.4,688.8,714.2,26842.6,59.6,2461.9,2572.4,"{'timestamp': '2026-09-06T16:08:42.403452+00:00', 'model_version': 'nemotron-mini:4b', 'prompt_hash': 'a6af280e'}",03_nemotron_rerun
30,real_mixed_91,nemotron-mini:4b_kb_rag,30.898146152496334,35.19,0,direct_json,0.416667,0.416667,0.416667,0.25,3,18.0,36.0,50.3,706.4,714.2,27125.2,60.2,2461.9,2572.4,"{'timestamp': '2026-09-06T16:08:51.973874+00:00', 'model_version': 'nemotron-mini:4b', 'prompt_hash': 'a6af280e'}",03_nemotron_rerun
30,real_mixed_92,nemotron-mini:4b_kb_rag,37.91077709197998,34.58,0,direct_json,0.173913,0.266667,0.210526,0.3043478260869565,7,21.4,50.0,11.4,692.7,714.2,27160.0,60.3,2461.9,2572.4,"{'timestamp': '2026-09-06T16:08:58.992221+00:00', 'model_version': 'nemotron-mini:4b', 'prompt_hash': 'a6af280e'}",03_nemotron_rerun
30,real_mixed_93,nemotron-mini:4b_kb_rag,26.853960037231445,34.48,0,direct_json,0.636364,0.7,0.666667,0.0909090909090909,1,18.1,36.0,19.0,705.2,714.2,27099.8,60.1,2461.9,2572.4,"{'timestamp': '2026-09-06T16:08:47.924730+00:00', 'model_version': 'nemotron-mini:4b', 'prompt_hash': 'a6af280e'}",03_nemotron_rerun
31,real_mixed_94,nemotron-mini:4b_kb_rag,39.50725984573364,33.93,0,direct_json,0.388889,0.333333,0.358974,0.0555555555555555,1,11.1,36.0,13.4,695.7,714.2,27268.2,60.5,2461.9,2572.4,"{'timestamp': '2026-09-06T16:09:09.025258+00:00', 'model_version': 'nemotron-mini:4b', 'prompt_hash': 'a6af280e'}",03_nemotron_rerun
31,real_mixed_95,nemotron-mini:4b_kb_rag,33.49082708358765,33.87,0,direct_json,0.0,0.0,0.0,0.0909090909090909,1,11.3,36.0,20.9,692.8,714.3,27243.4,60.4,2461.9,2572.4,"{'timestamp': '2026-09-06T16:09:02.989332+00:00', 'model_version': 'nemotron-mini:4b', 'prompt_hash': 'a6af280e'}",03_nemotron_rerun
31,real_mixed_96,nemotron-mini:4b_kb_rag,41.61123204231262,33.77,0,direct_json,0.6,0.25,0.352941,0.0,0,11.0,36.0,10.5,696.5,714.3,27273.5,60.5,2461.9,2572.4,"{'timestamp': '2026-09-06T16:09:11.132926+00:00', 'model_version': 'nemotron-mini:4b', 'prompt_hash': 'a6af280e'}",03_nemotron_rerun
32,real_mixed_97,nemotron-mini:4b_kb_rag,34.48579812049866,33.29,0,direct_json,1.0,0.666667,0.8,0.0,0,10.4,36.0,14.5,695.5,714.3,27324.8,60.7,2461.9,2572.4,"{'timestamp': '2026-09-06T16:09:13.137147+00:00', 'model_version': 'nemotron-mini:4b', 'prompt_hash': 'a6af280e'}",03_nemotron_rerun
32,real_mixed_98,nemotron-mini:4b_kb_rag,40.013680934906006,33.62,0,direct_json,0.111111,0.071429,0.086957,0.4444444444444444,8,10.8,36.0,12.1,686.9,714.3,27340.5,60.7,2461.9,2572.4,"{'timestamp': '2026-09-06T16:09:18.690414+00:00', 'model_version': 'nemotron-mini:4b', 'prompt_hash': 'a6af280e'}",03_nemotron_rerun
32,real_mixed_99,nemotron-mini:4b_kb_rag,42.60692596435547,34.6,0,direct_json,0.0,0.0,0.0,0.25,2,10.6,36.0,10.4,682.2,714.3,27344.9,60.7,2461.9,2572.4,"{'timestamp': '2026-09-06T16:09:21.254513+00:00', 'model_version': 'nemotron-mini:4b', 'prompt_hash': 'a6af280e'}",03_nemotron_rerun
33,real_mixed_100,nemotron-mini:4b_kb_rag,43.59352684020996,24.99,0,direct_json,0.2,0.428571,0.272727,0.0,0,10.6,33.4,11.5,674.3,714.2,27411.4,60.9,2461.9,2572.4,"{'timestamp': '2026-09-06T16:09:28.852761+00:00', 'model_version': 'nemotron-mini:4b', 'prompt_hash': 'a6af280e'}",03_nemotron_rerun
33,real_mixed_101,nemotron-mini:4b_kb_rag,38.02277612686157,33.75,0,direct_json,0.571429,0.571429,0.571429,0.0,0,10.6,33.4,13.6,675.1,714.2,27373.8,60.8,2461.9,2572.4,"{'timestamp': '2026-09-06T16:09:23.279640+00:00', 'model_version': 'nemotron-mini:4b', 'prompt_hash': 'a6af280e'}",03_nemotron_rerun
33,real_mixed_102,nemotron-mini:4b_kb_rag,44.55966806411743,34.73,0,direct_json,0.0,0.0,0.0,0.0,0,10.6,33.4,10.1,674.0,714.2,27419.8,60.9,2461.9,2572.4,"{'timestamp': '2026-09-06T16:09:29.812159+00:00', 'model_version': 'nemotron-mini:4b', 'prompt_hash': 'a6af280e'}",03_nemotron_rerun
34,real_mixed_103,nemotron-mini:4b_kb_rag,32.39275407791138,34.95,0,direct_json,0.0,0.0,0.0,0.0,0,11.2,35.5,15.8,677.0,712.3,27498.2,61.1,2461.9,2572.4,"{'timestamp': '2026-09-06T16:09:31.693729+00:00', 'model_version': 'nemotron-mini:4b', 'prompt_hash': 'a6af280e'}",03_nemotron_rerun
34,real_mixed_104,nemotron-mini:4b_kb_rag,37.461236000061035,35.42,0,direct_json,0.294118,0.5,0.37037,0.0,0,11.1,35.5,14.1,681.7,712.3,27550.1,61.3,2461.9,2572.4,"{'timestamp': '2026-09-06T16:09:36.782642+00:00', 'model_version': 'nemotron-mini:4b', 'prompt_hash': 'a6af280e'}",03_nemotron_rerun
34,real_mixed_105,nemotron-mini:4b_kb_rag,41.988293170928955,35.94,0,direct_json,0.428571,0.6,0.5,0.0714285714285714,1,10.7,35.5,10.9,684.9,712.3,27590.8,61.3,2461.9,2572.4,"{'timestamp': '2026-09-06T16:09:41.307552+00:00', 'model_version': 'nemotron-mini:4b', 'prompt_hash': 'a6af280e'}",03_nemotron_rerun
35,real_mixed_106,nemotron-mini:4b_kb_rag,31.891989946365356,34.25,0,direct_json,0.333333,1.0,0.5,0.0,0,11.2,35.5,13.9,676.2,712.3,27689.8,61.6,2461.9,2572.4,"{'timestamp': '2026-09-06T16:09:43.325674+00:00', 'model_version': 'nemotron-mini:4b', 'prompt_hash': 'a6af280e'}",03_nemotron_rerun
35,real_mixed_107,nemotron-mini:4b_kb_rag,36.458202838897705,34.57,0,direct_json,0.727273,0.615385,0.666667,0.0,0,11.2,35.5,12.1,680.6,712.3,27724.7,61.7,2461.9,2572.4,"{'timestamp': '2026-09-06T16:09:47.904542+00:00', 'model_version': 'nemotron-mini:4b', 'prompt_hash': 'a6af280e'}",03_nemotron_rerun
35,real_mixed_108,nemotron-mini:4b_kb_rag,38.43726325035095,34.22,0,direct_json,0.0,0.0,0.0,0.0,0,11.2,35.5,11.5,678.8,712.3,27733.6,61.7,2461.9,2572.4,"{'timestamp': '2026-09-06T16:09:49.892666+00:00', 'model_version': 'nemotron-mini:4b', 'prompt_hash': 'a6af280e'}",03_nemotron_rerun
36,real_mixed_109,nemotron-mini:4b_kb_rag,35.42874217033386,33.93,0,direct_json,0.5,0.25,0.333333,0.1666666666666666,2,11.3,35.5,14.3,695.0,713.7,27888.1,62.0,2461.9,2572.4,"{'timestamp': '2026-09-06T16:09:56.994069+00:00', 'model_version': 'nemotron-mini:4b', 'prompt_hash': 'a6af280e'}",03_nemotron_rerun
36,real_mixed_110,nemotron-mini:4b_kb_rag,39.47554874420166,35.5,0,direct_json,0.6,0.166667,0.26087,0.0,0,11.0,35.5,11.6,696.9,713.7,27916.6,62.1,2461.9,2572.4,"{'timestamp': '2026-09-06T16:10:01.044824+00:00', 'model_version': 'nemotron-mini:4b', 'prompt_hash': 'a6af280e'}",03_nemotron_rerun
36,real_mixed_111,nemotron-mini:4b_kb_rag,31.913442134857178,35.44,0,direct_json,0.230769,0.103448,0.142857,0.3076923076923077,4,11.1,35.5,15.9,693.0,713.7,27865.5,62.0,2461.9,2572.4,"{'timestamp': '2026-09-06T16:09:53.483462+00:00', 'model_version': 'nemotron-mini:4b', 'prompt_hash': 'a6af280e'}",03_nemotron_rerun
37,real_mixed_112,nemotron-mini:4b_kb_rag,33.902637004852295,35.22,0,direct_json,0.375,0.6,0.461538,0.0,0,12.1,42.9,31.3,707.5,713.7,28009.4,62.3,2461.9,2572.4,"{'timestamp': '2026-09-06T16:10:04.001847+00:00', 'model_version': 'nemotron-mini:4b', 'prompt_hash': 'a6af280e'}",03_nemotron_rerun
37,real_mixed_113,nemotron-mini:4b_kb_rag,39.02288794517517,32.59,0,direct_json,0.714286,0.555556,0.625,0.0,0,11.6,75.7,8.3,708.2,713.7,28045.6,62.4,2461.9,2572.4,"{'timestamp': '2026-09-06T16:10:09.130518+00:00', 'model_version': 'nemotron-mini:4b', 'prompt_hash': 'a6af280e'}",03_nemotron_rerun
37,real_mixed_114,nemotron-mini:4b_kb_rag,35.49125409126282,34.16,0,direct_json,0.5,0.142857,0.222222,0.5,1,10.6,34.4,11.4,707.7,713.7,28016.2,62.3,2461.9,2572.4,"{'timestamp': '2026-09-06T16:10:05.600628+00:00', 'model_version': 'nemotron-mini:4b', 'prompt_hash': 'a6af280e'}",03_nemotron_rerun
38,real_mixed_115,nemotron-mini:4b_kb_rag,28.855474948883057,31.49,0,direct_json,1.0,0.333333,0.5,0.0,0,12.7,75.7,9.5,707.1,713.8,28119.9,62.5,2461.9,2572.4,"{'timestamp': '2026-09-06T16:10:10.462282+00:00', 'model_version': 'nemotron-mini:4b', 'prompt_hash': 'a6af280e'}",03_nemotron_rerun
38,real_mixed_116,nemotron-mini:4b_kb_rag,30.42616176605225,38.02,0,direct_json,0.0,0.0,0.0,0.0,0,12.8,75.7,9.3,707.4,713.7,28147.1,62.6,2461.9,2572.4,"{'timestamp': '2026-09-06T16:10:12.032373+00:00', 'model_version': 'nemotron-mini:4b', 'prompt_hash': 'a6af280e'}",03_nemotron_rerun
38,real_mixed_117,nemotron-mini:4b_kb_rag,34.494696378707886,35.41,0,direct_json,0.0,0.0,0.0,0.0,0,14.8,75.7,6.2,687.4,713.7,28191.8,62.6,2461.9,2572.4,"{'timestamp': '2026-09-06T16:10:16.116151+00:00', 'model_version': 'nemotron-mini:4b', 'prompt_hash': 'a6af280e'}",03_nemotron_rerun
39,real_mixed_118,nemotron-mini:4b_kb_rag,35.95227289199829,34.68,0,direct_json,0.333333,0.6,0.428571,0.2222222222222222,2,12.6,75.7,4.7,631.8,713.7,28343.5,62.9,2461.9,2572.4,"{'timestamp': '2026-09-06T16:10:26.180581+00:00', 'model_version': 'nemotron-mini:4b', 'prompt_hash': 'a6af280e'}",03_nemotron_rerun
39,real_mixed_119,nemotron-mini:4b_kb_rag,28.8560049533844,36.82,0,direct_json,0.8,0.666667,0.727273,0.0,0,12.8,75.7,5.0,670.1,713.7,28304.5,62.8,2461.9,2572.4,"{'timestamp': '2026-09-06T16:10:19.088215+00:00', 'model_version': 'nemotron-mini:4b', 'prompt_hash': 'a6af280e'}",03_nemotron_rerun
39,real_mixed_120,nemotron-mini:4b_kb_rag,32.911582946777344,35.55,0,direct_json,0.230769,0.6,0.333333,0.2307692307692307,3,12.5,75.7,2.7,653.7,713.7,28336.6,62.9,2461.9,2572.4,"{'timestamp': '2026-09-06T16:10:23.140996+00:00', 'model_version': 'nemotron-mini:4b', 'prompt_hash': 'a6af280e'}",03_nemotron_rerun
0,real_mixed_1,gemma4:31b-cloud_baseline,4.040252923965454,12.87,0,direct_json,0.705882,0.923077,0.8,0.0,0,7.3,23.3,13.0,253.1,253.1,20241.6,72.0,17675.1,0.0,"{'timestamp': '2026-09-06T12:54:10.574940+00:00', 'model_version': 'gemma4:31b-cloud', 'prompt_hash': 'a6af280e'}",04_cloud
0,real_mixed_2,gemma4:31b-cloud_baseline,1.01485013961792,44.83,0,direct_json,0.538462,0.583333,0.56,0.0,0,13.0,26.0,53.0,254.5,254.5,20373.7,72.3,17675.1,0.0,"{'timestamp': '2026-09-06T12:54:11.609602+00:00', 'model_version': 'gemma4:31b-cloud', 'prompt_hash': 'a6af280e'}",04_cloud
0,real_mixed_3,gemma4:31b-cloud_baseline,1.016772985458374,58.81,0,direct_json,0.538462,0.583333,0.56,0.0,0,12.2,24.5,52.9,255.2,255.2,20330.2,72.2,17675.1,0.0,"{'timestamp': '2026-09-06T12:54:14.611544+00:00', 'model_version': 'gemma4:31b-cloud', 'prompt_hash': 'a6af280e'}",04_cloud
1,real_mixed_4,gemma4:31b-cloud_baseline,1.0159800052642822,74.21,0,direct_json,0.785714,0.785714,0.785714,0.0,0,9.6,19.1,52.9,255.9,255.9,20292.5,72.1,17675.1,0.0,"{'timestamp': '2026-09-06T12:54:17.614683+00:00', 'model_version': 'gemma4:31b-cloud', 'prompt_hash': 'a6af280e'}",04_cloud
1,real_mixed_5,gemma4:31b-cloud_baseline,1.0133068561553955,57.73,0,direct_json,0.368421,0.7,0.482759,0.0,0,10.3,20.6,53.9,256.7,256.7,20193.0,71.9,17675.1,0.0,"{'timestamp': '2026-09-06T12:54:20.607061+00:00', 'model_version': 'gemma4:31b-cloud', 'prompt_hash': 'a6af280e'}",04_cloud
1,real_mixed_6,gemma4:31b-cloud_baseline,1.0141661167144775,57.68,0,direct_json,0.875,0.777778,0.823529,0.0,0,10.6,21.1,53.9,257.3,257.3,20251.8,72.0,17675.1,0.0,"{'timestamp': '2026-09-06T12:54:23.621665+00:00', 'model_version': 'gemma4:31b-cloud', 'prompt_hash': 'a6af280e'}",04_cloud
2,real_mixed_7,gemma4:31b-cloud_baseline,1.0107059478759766,68.17,0,direct_json,0.631579,0.857143,0.727273,0.0,0,9.3,18.7,53.1,258.0,258.0,20304.8,72.1,17675.1,0.0,"{'timestamp': '2026-09-06T12:54:26.619113+00:00', 'model_version': 'gemma4:31b-cloud', 'prompt_hash': 'a6af280e'}",04_cloud
2,real_mixed_8,gemma4:31b-cloud_baseline,1.0152368545532229,40.98,0,direct_json,0.5,0.555556,0.526316,0.0,0,11.2,22.4,53.8,258.7,258.7,20203.0,71.9,17675.1,0.0,"{'timestamp': '2026-09-06T12:54:29.620584+00:00', 'model_version': 'gemma4:31b-cloud', 'prompt_hash': 'a6af280e'}",04_cloud
2,real_mixed_9,gemma4:31b-cloud_baseline,1.018704891204834,44.66,0,direct_json,0.384615,0.5,0.434783,0.0,0,10.9,21.9,53.1,259.4,259.4,20297.6,72.1,17675.1,0.0,"{'timestamp': '2026-09-06T12:54:32.626585+00:00', 'model_version': 'gemma4:31b-cloud', 'prompt_hash': 'a6af280e'}",04_cloud
3,real_mixed_10,gemma4:31b-cloud_baseline,1.0185320377349854,45.95,0,direct_json,0.4,1.0,0.571429,0.0,0,9.0,18.0,53.1,260.1,260.1,20298.5,72.1,17675.1,0.0,"{'timestamp': '2026-09-06T12:54:35.625293+00:00', 'model_version': 'gemma4:31b-cloud', 'prompt_hash': 'a6af280e'}",04_cloud
3,real_mixed_11,gemma4:31b-cloud_baseline,1.0143568515777588,87.15,0,direct_json,0.62069,1.0,0.765957,0.0,0,7.8,15.7,49.5,260.8,260.8,20271.1,72.0,17675.1,0.0,"{'timestamp': '2026-09-06T12:54:38.626641+00:00', 'model_version': 'gemma4:31b-cloud', 'prompt_hash': 'a6af280e'}",04_cloud
3,real_mixed_12,gemma4:31b-cloud_baseline,1.0144450664520264,38.44,0,direct_json,0.545455,0.857143,0.666667,0.0,0,9.0,18.0,52.9,261.6,261.6,20385.8,72.2,17675.1,0.0,"{'timestamp': '2026-09-06T12:54:41.626074+00:00', 'model_version': 'gemma4:31b-cloud', 'prompt_hash': 'a6af280e'}",04_cloud
4,real_mixed_13,gemma4:31b-cloud_baseline,1.0167827606201172,93.33,0,direct_json,0.518519,0.823529,0.636364,0.0,0,7.8,15.6,53.1,262.3,262.3,20347.2,72.2,17675.1,0.0,"{'timestamp': '2026-09-06T12:54:44.645791+00:00', 'model_version': 'gemma4:31b-cloud', 'prompt_hash': 'a6af280e'}",04_cloud
4,real_mixed_14,gemma4:31b-cloud_baseline,1.0185589790344238,57.43,0,direct_json,0.647059,0.916667,0.758621,0.0,0,9.3,18.6,53.8,263.0,263.0,20322.6,72.1,17675.1,0.0,"{'timestamp': '2026-09-06T12:54:47.641061+00:00', 'model_version': 'gemma4:31b-cloud', 'prompt_hash': 'a6af280e'}",04_cloud
4,real_mixed_15,gemma4:31b-cloud_baseline,1.0137968063354492,50.01,0,direct_json,0.347826,0.888889,0.5,0.0,0,7.1,14.2,53.1,263.0,263.0,20236.7,71.9,17675.1,0.0,"{'timestamp': '2026-09-06T12:54:50.634498+00:00', 'model_version': 'gemma4:31b-cloud', 'prompt_hash': 'a6af280e'}",04_cloud
5,real_mixed_16,gemma4:31b-cloud_baseline,1.013841152191162,38.47,0,direct_json,0.75,1.0,0.857143,0.0,0,11.6,23.1,54.2,263.0,263.0,20272.7,72.0,17675.1,0.0,"{'timestamp': '2026-09-06T12:54:53.641313+00:00', 'model_version': 'gemma4:31b-cloud', 'prompt_hash': 'a6af280e'}",04_cloud
5,real_mixed_17,gemma4:31b-cloud_baseline,1.0153048038482666,19.21,0,direct_json,0.4,1.0,0.571429,0.0,0,8.6,17.2,53.3,263.0,263.0,20362.3,72.2,17675.1,0.0,"{'timestamp': '2026-09-06T12:54:56.635344+00:00', 'model_version': 'gemma4:31b-cloud', 'prompt_hash': 'a6af280e'}",04_cloud
5,real_mixed_18,gemma4:31b-cloud_baseline,1.0134189128875732,35.92,0,direct_json,0.692308,0.75,0.72,0.0,0,8.1,16.2,53.0,263.0,263.0,20229.6,71.9,17675.1,0.0,"{'timestamp': '2026-09-06T12:54:59.649068+00:00', 'model_version': 'gemma4:31b-cloud', 'prompt_hash': 'a6af280e'}",04_cloud
6,real_mixed_19,gemma4:31b-cloud_baseline,1.0183398723602295,58.72,0,direct_json,0.909091,1.0,0.952381,0.0,0,9.7,19.4,53.6,263.0,263.0,20314.5,72.1,17675.1,0.0,"{'timestamp': '2026-09-06T12:55:02.668989+00:00', 'model_version': 'gemma4:31b-cloud', 'prompt_hash': 'a6af280e'}",04_cloud
6,real_mixed_20,gemma4:31b-cloud_baseline,1.018831729888916,82.94,0,direct_json,0.5625,0.5625,0.5625,0.0,0,9.2,18.3,53.1,263.1,263.1,20270.3,72.0,17675.1,0.0,"{'timestamp': '2026-09-06T12:55:05.674411+00:00', 'model_version': 'gemma4:31b-cloud', 'prompt_hash': 'a6af280e'}",04_cloud
6,real_mixed_21,gemma4:31b-cloud_baseline,1.5196151733398438,30.8,0,direct_json,0.785714,0.785714,0.785714,0.0,0,8.5,14.7,35.9,263.1,263.1,20237.8,71.9,17675.1,0.0,"{'timestamp': '2026-09-06T12:55:09.178835+00:00', 'model_version': 'gemma4:31b-cloud', 'prompt_hash': 'a6af280e'}",04_cloud
7,real_mixed_22,gemma4:31b-cloud_baseline,1.0181071758270264,16.6,0,direct_json,0.0,0.0,0.0,0.0,0,32.8,44.3,54.5,263.1,263.1,20336.2,72.1,17675.1,0.0,"{'timestamp': '2026-09-06T12:55:11.656419+00:00', 'model_version': 'gemma4:31b-cloud', 'prompt_hash': 'a6af280e'}",04_cloud
7,real_mixed_23,gemma4:31b-cloud_baseline,1.0190839767456057,47.2,0,direct_json,0.785714,0.733333,0.758621,0.0,0,27.6,33.1,53.6,263.1,263.1,20334.0,72.1,17675.1,0.0,"{'timestamp': '2026-09-06T12:55:14.673438+00:00', 'model_version': 'gemma4:31b-cloud', 'prompt_hash': 'a6af280e'}",04_cloud
7,real_mixed_24,gemma4:31b-cloud_baseline,1.0237503051757812,29.21,0,direct_json,0.5,0.571429,0.533333,0.0,0,22.2,27.3,52.6,263.1,263.1,20319.8,72.0,17675.1,0.0,"{'timestamp': '2026-09-06T12:55:17.676886+00:00', 'model_version': 'gemma4:31b-cloud', 'prompt_hash': 'a6af280e'}",04_cloud
8,real_mixed_25,gemma4:31b-cloud_baseline,3.032904863357544,16.72,0,direct_json,0.428571,0.5,0.461538,0.0,0,13.3,33.2,17.5,263.1,263.1,20269.0,72.0,17675.1,0.0,"{'timestamp': '2026-09-06T12:55:22.700878+00:00', 'model_version': 'gemma4:31b-cloud', 'prompt_hash': 'a6af280e'}",04_cloud
8,real_mixed_26,gemma4:31b-cloud_baseline,1.0251429080963137,100.18,0,direct_json,0.578947,0.611111,0.594595,0.0,0,12.5,25.0,52.9,263.1,263.1,20332.4,72.1,17675.1,0.0,"{'timestamp': '2026-09-06T12:55:23.767049+00:00', 'model_version': 'gemma4:31b-cloud', 'prompt_hash': 'a6af280e'}",04_cloud
8,real_mixed_27,gemma4:31b-cloud_baseline,1.5242018699645996,88.7,0,direct_json,0.6875,0.814815,0.745763,0.0,0,9.3,14.0,35.5,263.1,263.1,20294.5,72.0,17675.1,0.0,"{'timestamp': '2026-09-06T12:55:27.255832+00:00', 'model_version': 'gemma4:31b-cloud', 'prompt_hash': 'a6af280e'}",04_cloud
9,real_mixed_28,gemma4:31b-cloud_baseline,1.0246741771697998,59.63,0,direct_json,0.733333,0.733333,0.733333,0.0,0,19.9,20.1,52.8,263.2,263.2,20214.8,71.8,17675.1,0.0,"{'timestamp': '2026-09-06T12:55:29.761006+00:00', 'model_version': 'gemma4:31b-cloud', 'prompt_hash': 'a6af280e'}",04_cloud
9,real_mixed_29,gemma4:31b-cloud_baseline,1.0148119926452637,80.7,0,direct_json,0.416667,0.833333,0.555556,0.0,0,21.6,26.0,53.6,263.9,263.9,20291.6,72.0,17675.1,0.0,"{'timestamp': '2026-09-06T12:55:32.758682+00:00', 'model_version': 'gemma4:31b-cloud', 'prompt_hash': 'a6af280e'}",04_cloud
9,real_mixed_30,gemma4:31b-cloud_baseline,2.037494659423828,15.31,0,direct_json,0.636364,0.875,0.736842,0.0,0,12.2,21.3,26.9,264.5,264.5,20303.6,72.0,17675.1,0.0,"{'timestamp': '2026-09-06T12:55:36.788975+00:00', 'model_version': 'gemma4:31b-cloud', 'prompt_hash': 'a6af280e'}",04_cloud
10,real_mixed_31,gemma4:31b-cloud_baseline,1.0147209167480469,29.47,0,direct_json,0.333333,1.0,0.5,0.0,0,23.8,28.8,53.0,265.3,265.3,20227.6,71.9,17675.1,0.0,"{'timestamp': '2026-09-06T12:55:38.762868+00:00', 'model_version': 'gemma4:31b-cloud', 'prompt_hash': 'a6af280e'}",04_cloud
10,real_mixed_32,gemma4:31b-cloud_baseline,1.53010892868042,24.64,0,direct_json,0.214286,0.428571,0.285714,0.0,0,11.0,20.9,32.1,266.1,266.1,20300.1,72.0,17675.1,0.0,"{'timestamp': '2026-09-06T12:55:42.286676+00:00', 'model_version': 'gemma4:31b-cloud', 'prompt_hash': 'a6af280e'}",04_cloud
10,real_mixed_33,gemma4:31b-cloud_baseline,1.521571159362793,37.59,0,direct_json,0.833333,0.769231,0.8,0.0,0,11.7,23.3,35.1,266.8,266.8,20297.4,72.0,17675.1,0.0,"{'timestamp': '2026-09-06T12:55:45.296728+00:00', 'model_version': 'gemma4:31b-cloud', 'prompt_hash': 'a6af280e'}",04_cloud
11,real_mixed_34,gemma4:31b-cloud_baseline,1.0205001831054688,39.49,0,direct_json,0.666667,0.8,0.727273,0.0,0,13.7,14.9,53.4,266.8,266.8,20249.6,71.9,17675.1,0.0,"{'timestamp': '2026-09-06T12:55:47.804314+00:00', 'model_version': 'gemma4:31b-cloud', 'prompt_hash': 'a6af280e'}",04_cloud
11,real_mixed_35,gemma4:31b-cloud_baseline,1.019550085067749,39.53,0,direct_json,0.583333,1.0,0.736842,0.0,0,18.5,20.3,52.4,266.8,266.8,20289.8,71.9,17675.1,0.0,"{'timestamp': '2026-09-06T12:55:50.797222+00:00', 'model_version': 'gemma4:31b-cloud', 'prompt_hash': 'a6af280e'}",04_cloud
11,real_mixed_36,gemma4:31b-cloud_baseline,1.0166127681732178,57.54,0,direct_json,0.590909,0.590909,0.590909,0.0,0,23.4,26.7,53.0,266.8,266.8,20322.9,72.1,17675.1,0.0,"{'timestamp': '2026-09-06T12:55:53.808857+00:00', 'model_version': 'gemma4:31b-cloud', 'prompt_hash': 'a6af280e'}",04_cloud
12,real_mixed_37,gemma4:31b-cloud_baseline,1.013105869293213,53.89,0,direct_json,0.6875,0.846154,0.758621,0.0,0,21.6,25.7,54.0,266.8,266.8,20304.8,72.0,17675.1,0.0,"{'timestamp': '2026-09-06T12:55:56.805985+00:00', 'model_version': 'gemma4:31b-cloud', 'prompt_hash': 'a6af280e'}",04_cloud
12,real_mixed_38,gemma4:31b-cloud_baseline,1.0273678302764893,58.21,0,direct_json,0.722222,1.0,0.83871,0.0,0,21.3,22.6,53.6,266.8,266.8,20239.3,71.9,17675.1,0.0,"{'timestamp': '2026-09-06T12:55:59.828849+00:00', 'model_version': 'gemma4:31b-cloud', 'prompt_hash': 'a6af280e'}",04_cloud
12,real_mixed_39,gemma4:31b-cloud_baseline,1.0308239459991455,37.83,0,direct_json,0.7,1.0,0.823529,0.0,0,23.9,25.2,53.3,266.8,266.8,20280.9,72.0,17675.1,0.0,"{'timestamp': '2026-09-06T12:56:02.836367+00:00', 'model_version': 'gemma4:31b-cloud', 'prompt_hash': 'a6af280e'}",04_cloud
13,real_mixed_40,gemma4:31b-cloud_baseline,1.0222511291503906,45.78,0,direct_json,0.833333,0.833333,0.833333,0.0,0,16.2,32.4,54.2,266.8,266.8,20274.8,72.0,17675.1,0.0,"{'timestamp': '2026-09-06T12:56:05.842939+00:00', 'model_version': 'gemma4:31b-cloud', 'prompt_hash': 'a6af280e'}",04_cloud
13,real_mixed_41,gemma4:31b-cloud_baseline,1.024312973022461,54.57,0,direct_json,0.736842,0.777778,0.756757,0.0,0,9.3,18.7,51.5,266.8,266.8,20190.3,71.8,17675.1,0.0,"{'timestamp': '2026-09-06T12:56:08.855567+00:00', 'model_version': 'gemma4:31b-cloud', 'prompt_hash': 'a6af280e'}",04_cloud
13,real_mixed_42,gemma4:31b-cloud_baseline,1.013772964477539,65.4,0,direct_json,0.695652,0.666667,0.680851,0.0,0,10.0,20.0,53.1,266.8,266.8,20296.3,72.0,17675.1,0.0,"{'timestamp': '2026-09-06T12:56:11.854064+00:00', 'model_version': 'gemma4:31b-cloud', 'prompt_hash': 'a6af280e'}",04_cloud
14,real_mixed_43,gemma4:31b-cloud_baseline,1.0221359729766846,83.94,0,direct_json,0.740741,0.909091,0.816327,0.0,0,9.8,19.5,54.1,266.8,266.8,20312.7,72.0,17675.1,0.0,"{'timestamp': '2026-09-06T12:56:14.864016+00:00', 'model_version': 'gemma4:31b-cloud', 'prompt_hash': 'a6af280e'}",04_cloud
14,real_mixed_44,gemma4:31b-cloud_baseline,1.0258338451385498,87.44,0,direct_json,0.52,0.928571,0.666667,0.0,0,9.8,19.6,52.8,266.8,266.8,20242.9,71.9,17675.1,0.0,"{'timestamp': '2026-09-06T12:56:17.869710+00:00', 'model_version': 'gemma4:31b-cloud', 'prompt_hash': 'a6af280e'}",04_cloud
14,real_mixed_45,gemma4:31b-cloud_baseline,1.020742893218994,52.22,0,direct_json,0.666667,0.833333,0.740741,0.0,0,8.2,16.4,52.6,266.8,266.8,20213.0,71.8,17675.1,0.0,"{'timestamp': '2026-09-06T12:56:20.872081+00:00', 'model_version': 'gemma4:31b-cloud', 'prompt_hash': 'a6af280e'}",04_cloud
15,real_mixed_46,gemma4:31b-cloud_baseline,1.0199143886566162,30.59,0,direct_json,0.666667,0.571429,0.615385,0.0,0,10.1,20.2,52.2,266.9,266.9,20288.0,72.0,17675.1,0.0,"{'timestamp': '2026-09-06T12:56:23.878375+00:00', 'model_version': 'gemma4:31b-cloud', 'prompt_hash': 'a6af280e'}",04_cloud
15,real_mixed_47,gemma4:31b-cloud_baseline,2.5350089073181152,29.74,0,direct_json,0.925926,0.925926,0.925926,0.0,0,12.2,23.4,21.6,266.9,266.9,20296.6,72.0,17675.1,0.0,"{'timestamp': '2026-09-06T12:56:28.415482+00:00', 'model_version': 'gemma4:31b-cloud', 'prompt_hash': 'a6af280e'}",04_cloud
15,real_mixed_48,gemma4:31b-cloud_baseline,1.0192077159881592,40.82,0,direct_json,0.4,0.666667,0.5,0.0,0,8.7,17.4,52.0,266.9,266.9,20242.8,71.9,17675.1,0.0,"{'timestamp': '2026-09-06T12:56:29.887549+00:00', 'model_version': 'gemma4:31b-cloud', 'prompt_hash': 'a6af280e'}",04_cloud
16,real_mixed_49,gemma4:31b-cloud_baseline,1.0257248878479004,60.84,0,direct_json,0.647059,0.785714,0.709677,0.0,0,10.4,20.8,54.4,266.9,266.9,20244.5,71.9,17675.1,0.0,"{'timestamp': '2026-09-06T12:56:32.915422+00:00', 'model_version': 'gemma4:31b-cloud', 'prompt_hash': 'a6af280e'}",04_cloud
16,real_mixed_50,gemma4:31b-cloud_baseline,1.0163679122924805,48.6,0,direct_json,0.5,0.636364,0.56,0.0,0,10.2,20.5,46.7,267.0,267.0,20237.5,71.8,17675.1,0.0,"{'timestamp': '2026-09-06T12:56:35.902861+00:00', 'model_version': 'gemma4:31b-cloud', 'prompt_hash': 'a6af280e'}",04_cloud
16,real_mixed_51,gemma4:31b-cloud_baseline,1.0265307426452637,44.32,0,direct_json,0.5,0.666667,0.571429,0.0,0,7.0,14.1,53.6,267.0,267.0,20164.1,71.7,17675.1,0.0,"{'timestamp': '2026-09-06T12:56:38.912541+00:00', 'model_version': 'gemma4:31b-cloud', 'prompt_hash': 'a6af280e'}",04_cloud
17,real_mixed_52,gemma4:31b-cloud_baseline,1.0341980457305908,64.11,0,direct_json,0.55,0.785714,0.647059,0.0,0,13.5,14.3,54.5,267.0,267.0,20291.5,72.0,17675.1,0.0,"{'timestamp': '2026-09-06T12:56:41.932847+00:00', 'model_version': 'gemma4:31b-cloud', 'prompt_hash': 'a6af280e'}",04_cloud
17,real_mixed_53,gemma4:31b-cloud_baseline,1.0180208683013916,42.14,0,direct_json,0.294118,0.833333,0.434783,0.0,0,20.2,22.1,54.0,267.0,267.0,20172.6,71.7,17675.1,0.0,"{'timestamp': '2026-09-06T12:56:44.916529+00:00', 'model_version': 'gemma4:31b-cloud', 'prompt_hash': 'a6af280e'}",04_cloud
17,real_mixed_54,gemma4:31b-cloud_baseline,1.026648998260498,30.39,0,direct_json,0.428571,0.75,0.545455,0.0,0,12.6,13.9,53.4,267.0,267.0,20038.9,71.5,17675.1,0.0,"{'timestamp': '2026-09-06T12:56:47.928414+00:00', 'model_version': 'gemma4:31b-cloud', 'prompt_hash': 'a6af280e'}",04_cloud
18,real_mixed_55,gemma4:31b-cloud_baseline,1.023123025894165,48.28,0,direct_json,0.333333,0.555556,0.416667,0.0,0,13.4,15.6,53.5,267.0,267.0,20033.5,71.4,17675.1,0.0,"{'timestamp': '2026-09-06T12:56:50.943417+00:00', 'model_version': 'gemma4:31b-cloud', 'prompt_hash': 'a6af280e'}",04_cloud
18,real_mixed_56,gemma4:31b-cloud_baseline,1.0234849452972412,67.32,0,direct_json,0.36,0.642857,0.461538,0.0,0,19.0,19.7,53.3,267.0,267.0,20165.6,71.7,17675.1,0.0,"{'timestamp': '2026-09-06T12:56:53.948648+00:00', 'model_version': 'gemma4:31b-cloud', 'prompt_hash': 'a6af280e'}",04_cloud
18,real_mixed_57,gemma4:31b-cloud_baseline,1.0147991180419922,52.52,0,direct_json,0.85,0.944444,0.894737,0.0,0,14.7,15.6,52.8,267.0,267.0,20093.6,71.5,17675.1,0.0,"{'timestamp': '2026-09-06T12:56:56.945438+00:00', 'model_version': 'gemma4:31b-cloud', 'prompt_hash': 'a6af280e'}",04_cloud
19,real_mixed_58,gemma4:31b-cloud_baseline,1.0221948623657229,53.41,0,direct_json,0.5,0.727273,0.592593,0.0,0,16.6,16.8,53.4,267.0,267.0,20008.7,71.3,17675.1,0.0,"{'timestamp': '2026-09-06T12:56:59.952128+00:00', 'model_version': 'gemma4:31b-cloud', 'prompt_hash': 'a6af280e'}",04_cloud
19,real_mixed_59,gemma4:31b-cloud_baseline,1.0222158432006836,122.09,0,direct_json,0.558824,0.904762,0.690909,0.0,0,18.8,22.5,53.1,267.0,267.0,20036.0,71.4,17675.1,0.0,"{'timestamp': '2026-09-06T12:57:02.958851+00:00', 'model_version': 'gemma4:31b-cloud', 'prompt_hash': 'a6af280e'}",04_cloud
19,real_mixed_60,gemma4:31b-cloud_baseline,1.0258653163909912,59.56,0,direct_json,0.916667,0.846154,0.88,0.0,0,17.6,23.0,54.4,267.0,267.0,20212.7,71.8,17675.1,0.0,"{'timestamp': '2026-09-06T12:57:05.972309+00:00', 'model_version': 'gemma4:31b-cloud', 'prompt_hash': 'a6af280e'}",04_cloud
20,real_mixed_61,gemma4:31b-cloud_baseline,1.5281338691711426,107.19,0,direct_json,0.454545,0.714286,0.555556,0.0,0,11.5,14.2,35.7,267.0,267.0,20078.4,71.5,17675.1,0.0,"{'timestamp': '2026-09-06T12:57:09.503420+00:00', 'model_version': 'gemma4:31b-cloud', 'prompt_hash': 'a6af280e'}",04_cloud
20,real_mixed_62,gemma4:31b-cloud_baseline,1.035417079925537,59.01,0,direct_json,0.444444,0.727273,0.551724,0.0,0,31.5,49.3,52.1,267.0,267.0,19861.5,72.6,17675.1,0.0,"{'timestamp': '2026-09-06T12:57:11.980057+00:00', 'model_version': 'gemma4:31b-cloud', 'prompt_hash': 'a6af280e'}",04_cloud
20,real_mixed_63,gemma4:31b-cloud_baseline,1.0189640522003174,48.48,0,direct_json,0.307692,0.5,0.380952,0.0,0,28.2,56.4,53.6,204.6,204.6,19281.3,74.1,17675.1,0.0,"{'timestamp': '2026-09-06T12:57:14.965783+00:00', 'model_version': 'gemma4:31b-cloud', 'prompt_hash': 'a6af280e'}",04_cloud
21,real_mixed_64,gemma4:31b-cloud_baseline,1.0161809921264648,25.59,0,direct_json,0.25,1.0,0.4,0.0,0,6.7,13.3,53.4,204.7,204.7,19213.2,73.8,17675.1,0.0,"{'timestamp': '2026-09-06T12:57:17.960698+00:00', 'model_version': 'gemma4:31b-cloud', 'prompt_hash': 'a6af280e'}",04_cloud
21,real_mixed_65,gemma4:31b-cloud_baseline,1.0170538425445557,39.62,0,direct_json,0.444444,0.5,0.470588,0.0,0,8.2,16.4,54.0,204.6,204.6,19174.6,73.8,17675.1,0.0,"{'timestamp': '2026-09-06T12:57:20.978010+00:00', 'model_version': 'gemma4:31b-cloud', 'prompt_hash': 'a6af280e'}",04_cloud
21,real_mixed_66,gemma4:31b-cloud_baseline,1.019402027130127,62.49,0,direct_json,0.52381,0.55,0.536585,0.0,0,9.2,18.5,54.6,204.6,204.6,19082.4,74.0,17675.1,0.0,"{'timestamp': '2026-09-06T12:57:23.990724+00:00', 'model_version': 'gemma4:31b-cloud', 'prompt_hash': 'a6af280e'}",04_cloud
22,real_mixed_67,gemma4:31b-cloud_baseline,1.027515172958374,50.61,0,direct_json,0.571429,0.705882,0.631579,0.0952380952380952,2,8.0,15.9,52.1,204.6,204.6,19131.1,74.1,17675.1,0.0,"{'timestamp': '2026-09-06T12:57:27.004272+00:00', 'model_version': 'gemma4:31b-cloud', 'prompt_hash': 'a6af280e'}",04_cloud
22,real_mixed_68,gemma4:31b-cloud_baseline,1.0233721733093262,72.41,0,direct_json,0.625,0.769231,0.689655,0.0,0,6.3,12.7,53.9,204.7,204.7,19028.7,73.9,17675.1,0.0,"{'timestamp': '2026-09-06T12:57:29.995154+00:00', 'model_version': 'gemma4:31b-cloud', 'prompt_hash': 'a6af280e'}",04_cloud
22,real_mixed_69,gemma4:31b-cloud_baseline,1.024031162261963,58.4,0,direct_json,0.88,0.916667,0.897959,0.0,0,11.6,12.7,43.7,204.7,204.7,19073.0,74.0,17675.1,0.0,"{'timestamp': '2026-09-06T12:57:33.018097+00:00', 'model_version': 'gemma4:31b-cloud', 'prompt_hash': 'a6af280e'}",04_cloud
23,real_mixed_70,gemma4:31b-cloud_baseline,1.0218570232391355,58.52,0,direct_json,0.714286,0.714286,0.714286,0.0,0,8.5,17.0,53.4,204.7,204.7,19088.3,74.0,17675.1,0.0,"{'timestamp': '2026-09-06T12:57:36.015583+00:00', 'model_version': 'gemma4:31b-cloud', 'prompt_hash': 'a6af280e'}",04_cloud
23,real_mixed_71,gemma4:31b-cloud_baseline,1.0325307846069336,39.03,0,direct_json,0.545455,0.5,0.521739,0.0,0,8.9,17.8,52.8,204.7,204.7,19055.4,73.9,17675.1,0.0,"{'timestamp': '2026-09-06T12:57:39.017543+00:00', 'model_version': 'gemma4:31b-cloud', 'prompt_hash': 'a6af280e'}",04_cloud
23,real_mixed_72,gemma4:31b-cloud_baseline,1.0229730606079102,48.29,0,direct_json,0.666667,0.571429,0.615385,0.0,0,16.0,17.8,53.1,204.7,204.7,19213.0,74.3,17675.1,0.0,"{'timestamp': '2026-09-06T12:57:42.021631+00:00', 'model_version': 'gemma4:31b-cloud', 'prompt_hash': 'a6af280e'}",04_cloud
24,real_mixed_73,gemma4:31b-cloud_baseline,1.027221918106079,45.56,0,direct_json,0.923077,0.8,0.857143,0.0,0,20.2,22.5,54.2,204.7,204.7,19090.8,74.1,17675.1,0.0,"{'timestamp': '2026-09-06T12:57:45.017786+00:00', 'model_version': 'gemma4:31b-cloud', 'prompt_hash': 'a6af280e'}",04_cloud
24,real_mixed_74,gemma4:31b-cloud_baseline,1.026658058166504,44.32,0,direct_json,0.833333,1.0,0.909091,0.0,0,11.6,15.5,51.9,204.7,204.7,19038.9,74.0,17675.1,0.0,"{'timestamp': '2026-09-06T12:57:48.030979+00:00', 'model_version': 'gemma4:31b-cloud', 'prompt_hash': 'a6af280e'}",04_cloud
24,real_mixed_75,gemma4:31b-cloud_baseline,1.021878004074097,19.08,0,direct_json,0.5,0.666667,0.571429,0.0,0,17.1,21.6,52.6,204.7,204.7,19101.2,74.2,17675.1,0.0,"{'timestamp': '2026-09-06T12:57:51.014925+00:00', 'model_version': 'gemma4:31b-cloud', 'prompt_hash': 'a6af280e'}",04_cloud
25,real_mixed_76,gemma4:31b-cloud_baseline,1.0190327167510986,20.41,0,direct_json,0.0,0.0,0.0,0.0,0,15.9,16.8,52.5,204.8,204.8,19117.6,74.2,17675.1,0.0,"{'timestamp': '2026-09-06T12:57:54.015866+00:00', 'model_version': 'gemma4:31b-cloud', 'prompt_hash': 'a6af280e'}",04_cloud
25,real_mixed_77,gemma4:31b-cloud_baseline,1.5336408615112305,64.42,0,direct_json,0.653846,0.85,0.73913,0.0,0,15.8,20.3,35.6,204.8,204.8,18897.5,74.3,17675.1,0.0,"{'timestamp': '2026-09-06T12:57:57.562172+00:00', 'model_version': 'gemma4:31b-cloud', 'prompt_hash': 'a6af280e'}",04_cloud
25,real_mixed_78,gemma4:31b-cloud_baseline,1.0245261192321775,38.07,0,direct_json,0.444444,1.0,0.615385,0.0,0,9.9,10.9,53.9,204.8,204.8,18818.2,74.2,17675.1,0.0,"{'timestamp': '2026-09-06T12:58:00.046233+00:00', 'model_version': 'gemma4:31b-cloud', 'prompt_hash': 'a6af280e'}",04_cloud
26,real_mixed_79,gemma4:31b-cloud_baseline,1.02427077293396,57.11,0,direct_json,0.428571,0.6,0.5,0.0,0,23.7,26.7,53.9,204.8,204.8,18910.8,74.3,17675.1,0.0,"{'timestamp': '2026-09-06T12:58:03.049748+00:00', 'model_version': 'gemma4:31b-cloud', 'prompt_hash': 'a6af280e'}",04_cloud
26,real_mixed_80,gemma4:31b-cloud_baseline,1.5284242630004885,92.71,0,direct_json,0.594595,0.88,0.709677,0.0,0,12.7,20.5,35.8,204.8,204.8,18962.2,74.6,17675.1,0.0,"{'timestamp': '2026-09-06T12:58:06.590567+00:00', 'model_version': 'gemma4:31b-cloud', 'prompt_hash': 'a6af280e'}",04_cloud
26,real_mixed_81,gemma4:31b-cloud_baseline,2.0385708808898926,26.78,0,direct_json,0.636364,0.636364,0.636364,0.0,0,9.9,15.0,21.2,204.8,204.8,18852.9,74.3,17675.1,0.0,"{'timestamp': '2026-09-06T12:58:10.090967+00:00', 'model_version': 'gemma4:31b-cloud', 'prompt_hash': 'a6af280e'}",04_cloud
27,real_mixed_82,gemma4:31b-cloud_baseline,1.0228121280670166,44.49,0,direct_json,0.4,0.666667,0.5,0.0,0,17.8,20.0,51.7,204.9,204.9,18956.3,74.5,17675.1,0.0,"{'timestamp': '2026-09-06T12:58:12.077102+00:00', 'model_version': 'gemma4:31b-cloud', 'prompt_hash': 'a6af280e'}",04_cloud
27,real_mixed_83,gemma4:31b-cloud_baseline,1.0259172916412354,35.48,0,direct_json,0.727273,0.8,0.761905,0.0,0,17.8,20.2,54.6,204.9,204.9,18962.7,74.5,17675.1,0.0,"{'timestamp': '2026-09-06T12:58:15.086227+00:00', 'model_version': 'gemma4:31b-cloud', 'prompt_hash': 'a6af280e'}",04_cloud
27,real_mixed_84,gemma4:31b-cloud_baseline,1.0195531845092771,33.15,0,direct_json,0.8,0.888889,0.842105,0.0,0,16.4,19.9,52.1,204.9,204.9,18874.8,74.3,17675.1,0.0,"{'timestamp': '2026-09-06T12:58:18.085628+00:00', 'model_version': 'gemma4:31b-cloud', 'prompt_hash': 'a6af280e'}",04_cloud
28,real_mixed_85,gemma4:31b-cloud_baseline,1.0223000049591064,43.24,0,direct_json,0.777778,0.875,0.823529,0.0,0,15.7,18.6,54.4,204.9,204.9,18887.9,74.4,17675.1,0.0,"{'timestamp': '2026-09-06T12:58:21.090835+00:00', 'model_version': 'gemma4:31b-cloud', 'prompt_hash': 'a6af280e'}",04_cloud
28,real_mixed_86,gemma4:31b-cloud_baseline,1.0200910568237305,49.7,0,direct_json,0.846154,0.846154,0.846154,0.0,0,18.9,24.4,52.6,204.9,204.9,18925.6,74.5,17675.1,0.0,"{'timestamp': '2026-09-06T12:58:24.096082+00:00', 'model_version': 'gemma4:31b-cloud', 'prompt_hash': 'a6af280e'}",04_cloud
28,real_mixed_87,gemma4:31b-cloud_baseline,1.0167369842529297,30.69,0,direct_json,0.571429,0.571429,0.571429,0.0,0,22.6,25.6,52.5,204.9,204.9,18936.8,74.6,17675.1,0.0,"{'timestamp': '2026-09-06T12:58:27.088284+00:00', 'model_version': 'gemma4:31b-cloud', 'prompt_hash': 'a6af280e'}",04_cloud
29,real_mixed_88,gemma4:31b-cloud_baseline,1.022266864776611,33.06,0,direct_json,0.5,1.0,0.666667,0.0,0,14.6,17.6,53.1,204.9,204.9,18796.8,74.3,17675.1,0.0,"{'timestamp': '2026-09-06T12:58:30.101034+00:00', 'model_version': 'gemma4:31b-cloud', 'prompt_hash': 'a6af280e'}",04_cloud
29,real_mixed_89,gemma4:31b-cloud_baseline,1.0281951427459717,40.46,0,direct_json,0.7,0.538462,0.608696,0.0,0,18.1,24.2,53.8,204.9,204.9,18868.9,74.5,17675.1,0.0,"{'timestamp': '2026-09-06T12:58:33.122821+00:00', 'model_version': 'gemma4:31b-cloud', 'prompt_hash': 'a6af280e'}",04_cloud
29,real_mixed_90,gemma4:31b-cloud_baseline,1.0277440547943115,84.75,0,direct_json,0.333333,1.0,0.5,0.0,0,24.2,32.4,53.1,204.9,204.9,18889.6,74.5,17675.1,0.0,"{'timestamp': '2026-09-06T12:58:36.128048+00:00', 'model_version': 'gemma4:31b-cloud', 'prompt_hash': 'a6af280e'}",04_cloud
30,real_mixed_91,gemma4:31b-cloud_baseline,1.0288598537445068,48.01,0,direct_json,0.642857,0.75,0.692308,0.0,0,15.5,18.3,54.2,204.9,204.9,18822.8,74.4,17675.1,0.0,"{'timestamp': '2026-09-06T12:58:39.135216+00:00', 'model_version': 'gemma4:31b-cloud', 'prompt_hash': 'a6af280e'}",04_cloud
30,real_mixed_92,gemma4:31b-cloud_baseline,1.022953987121582,53.37,0,direct_json,0.5,0.533333,0.516129,0.0,0,13.7,15.3,53.3,204.9,204.9,18915.3,74.6,17675.1,0.0,"{'timestamp': '2026-09-06T12:58:42.132861+00:00', 'model_version': 'gemma4:31b-cloud', 'prompt_hash': 'a6af280e'}",04_cloud
30,real_mixed_93,gemma4:31b-cloud_baseline,2.03759503364563,19.78,0,direct_json,0.615385,0.8,0.695652,0.0,0,12.2,15.8,26.2,204.9,204.9,18878.6,74.5,17675.1,0.0,"{'timestamp': '2026-09-06T12:58:46.144805+00:00', 'model_version': 'gemma4:31b-cloud', 'prompt_hash': 'a6af280e'}",04_cloud
31,real_mixed_94,gemma4:31b-cloud_baseline,1.0246477127075195,57.09,0,direct_json,0.9,0.818182,0.857143,0.0,0,5.3,10.6,54.1,205.0,205.0,18829.3,74.4,17675.1,0.0,"{'timestamp': '2026-09-06T12:58:48.143004+00:00', 'model_version': 'gemma4:31b-cloud', 'prompt_hash': 'a6af280e'}",04_cloud
31,real_mixed_95,gemma4:31b-cloud_baseline,1.0244379043579102,29.19,0,direct_json,0.166667,1.0,0.285714,0.0,0,9.4,18.9,53.6,205.0,205.0,18811.3,74.3,17675.1,0.0,"{'timestamp': '2026-09-06T12:58:51.130319+00:00', 'model_version': 'gemma4:31b-cloud', 'prompt_hash': 'a6af280e'}",04_cloud
31,real_mixed_96,gemma4:31b-cloud_baseline,1.0123178958892822,43.66,0,direct_json,0.6,0.75,0.666667,0.0,0,9.7,19.4,53.1,205.0,205.0,18738.6,74.5,17675.1,0.0,"{'timestamp': '2026-09-06T12:58:54.137127+00:00', 'model_version': 'gemma4:31b-cloud', 'prompt_hash': 'a6af280e'}",04_cloud
32,real_mixed_97,gemma4:31b-cloud_baseline,1.016899824142456,33.24,0,direct_json,0.666667,0.888889,0.761905,0.0,0,14.8,29.6,51.0,209.5,209.5,18893.7,74.9,17675.1,0.0,"{'timestamp': '2026-09-06T12:58:57.146301+00:00', 'model_version': 'gemma4:31b-cloud', 'prompt_hash': 'a6af280e'}",04_cloud
32,real_mixed_98,gemma4:31b-cloud_baseline,1.0249629020690918,86.25,0,direct_json,0.615385,0.571429,0.592593,0.0,0,7.2,14.5,53.6,209.5,209.5,18700.9,74.5,17675.1,0.0,"{'timestamp': '2026-09-06T12:59:00.178621+00:00', 'model_version': 'gemma4:31b-cloud', 'prompt_hash': 'a6af280e'}",04_cloud
32,real_mixed_99,gemma4:31b-cloud_baseline,1.019726276397705,24.22,0,direct_json,0.222222,1.0,0.363636,0.0,0,9.8,19.6,52.0,209.5,209.5,18736.2,74.6,17675.1,0.0,"{'timestamp': '2026-09-06T12:59:03.150100+00:00', 'model_version': 'gemma4:31b-cloud', 'prompt_hash': 'a6af280e'}",04_cloud
33,real_mixed_100,gemma4:31b-cloud_baseline,3.0421669483184814,20.08,0,direct_json,0.238095,0.714286,0.357143,0.0,0,15.8,33.3,18.0,209.6,209.6,18799.1,74.6,17675.1,0.0,"{'timestamp': '2026-09-06T12:59:08.188364+00:00', 'model_version': 'gemma4:31b-cloud', 'prompt_hash': 'a6af280e'}",04_cloud
33,real_mixed_101,gemma4:31b-cloud_baseline,1.0191891193389893,34.44,0,direct_json,0.333333,0.428571,0.375,0.0,0,6.5,12.9,52.5,209.6,209.6,18720.4,74.5,17675.1,0.0,"{'timestamp': '2026-09-06T12:59:09.224769+00:00', 'model_version': 'gemma4:31b-cloud', 'prompt_hash': 'a6af280e'}",04_cloud
33,real_mixed_102,gemma4:31b-cloud_baseline,0.5145089626312256,25.27,0,direct_json,0.0,0.0,0.0,0.0,0,14.5,14.5,114.7,209.6,209.6,18814.6,74.7,17675.1,0.0,"{'timestamp': '2026-09-06T12:59:11.715198+00:00', 'model_version': 'gemma4:31b-cloud', 'prompt_hash': 'a6af280e'}",04_cloud
34,real_mixed_103,gemma4:31b-cloud_baseline,0.5108191967010498,30.54,0,direct_json,0.0,0.0,0.0,0.0,0,15.8,15.8,106.8,209.7,209.7,18794.8,74.8,17675.1,0.0,"{'timestamp': '2026-09-06T12:59:14.711567+00:00', 'model_version': 'gemma4:31b-cloud', 'prompt_hash': 'a6af280e'}",04_cloud
34,real_mixed_104,gemma4:31b-cloud_baseline,1.0291032791137695,44.21,0,direct_json,0.444444,0.8,0.571429,0.0,0,9.3,18.7,55.0,209.7,209.7,18697.8,74.8,17675.1,0.0,"{'timestamp': '2026-09-06T12:59:18.248307+00:00', 'model_version': 'gemma4:31b-cloud', 'prompt_hash': 'a6af280e'}",04_cloud
34,real_mixed_105,gemma4:31b-cloud_baseline,1.0309479236602783,55.48,0,direct_json,0.615385,0.8,0.695652,0.0,0,6.2,12.4,53.0,209.6,209.6,18420.8,75.9,17675.1,0.0,"{'timestamp': '2026-09-06T12:59:21.256102+00:00', 'model_version': 'gemma4:31b-cloud', 'prompt_hash': 'a6af280e'}",04_cloud
35,real_mixed_106,gemma4:31b-cloud_baseline,1.0252561569213867,17.75,0,direct_json,0.666667,1.0,0.8,0.0,0,16.9,33.8,53.8,209.7,209.7,18193.4,76.4,17675.1,0.0,"{'timestamp': '2026-09-06T12:59:24.244491+00:00', 'model_version': 'gemma4:31b-cloud', 'prompt_hash': 'a6af280e'}",04_cloud
35,real_mixed_107,gemma4:31b-cloud_baseline,1.0283658504486084,67.0,0,direct_json,0.6,0.923077,0.727273,0.0,0,12.2,24.3,54.7,209.7,209.7,18064.3,76.1,17675.1,0.0,"{'timestamp': '2026-09-06T12:59:27.261579+00:00', 'model_version': 'gemma4:31b-cloud', 'prompt_hash': 'a6af280e'}",04_cloud
35,real_mixed_108,gemma4:31b-cloud_baseline,1.0189142227172852,45.93,0,direct_json,0.25,0.6,0.352941,0.0,0,14.2,28.3,53.3,209.7,209.7,18007.0,75.9,17675.1,0.0,"{'timestamp': '2026-09-06T12:59:30.254928+00:00', 'model_version': 'gemma4:31b-cloud', 'prompt_hash': 'a6af280e'}",04_cloud
36,real_mixed_109,gemma4:31b-cloud_baseline,1.0196127891540527,63.75,0,direct_json,0.8,0.833333,0.816327,0.0,0,26.8,26.8,54.5,209.7,209.7,18047.9,76.0,17675.1,0.0,"{'timestamp': '2026-09-06T12:59:33.277941+00:00', 'model_version': 'gemma4:31b-cloud', 'prompt_hash': 'a6af280e'}",04_cloud
36,real_mixed_110,gemma4:31b-cloud_baseline,1.027540922164917,82.24,0,direct_json,0.631579,0.666667,0.648649,0.0,0,11.1,22.2,52.4,209.7,209.7,18092.3,76.0,17675.1,0.0,"{'timestamp': '2026-09-06T12:59:36.283616+00:00', 'model_version': 'gemma4:31b-cloud', 'prompt_hash': 'a6af280e'}",04_cloud
36,real_mixed_111,gemma4:31b-cloud_baseline,2.045300006866455,42.59,0,direct_json,0.828571,0.966667,0.892308,0.0,0,16.9,26.8,26.4,209.7,209.7,17992.9,75.8,17675.1,0.0,"{'timestamp': '2026-09-06T12:59:40.320129+00:00', 'model_version': 'gemma4:31b-cloud', 'prompt_hash': 'a6af280e'}",04_cloud
37,real_mixed_112,gemma4:31b-cloud_baseline,1.021738052368164,43.26,0,direct_json,0.375,0.6,0.461538,0.0,0,15.3,17.2,54.8,209.7,209.7,18112.2,76.0,17675.1,0.0,"{'timestamp': '2026-09-06T12:59:42.272452+00:00', 'model_version': 'gemma4:31b-cloud', 'prompt_hash': 'a6af280e'}",04_cloud
37,real_mixed_113,gemma4:31b-cloud_baseline,2.542268991470337,13.81,0,direct_json,0.7,0.777778,0.736842,0.0,0,10.2,21.7,7.5,209.7,209.7,18114.2,76.0,17675.1,0.0,"{'timestamp': '2026-09-06T12:59:46.805411+00:00', 'model_version': 'gemma4:31b-cloud', 'prompt_hash': 'a6af280e'}",04_cloud
37,real_mixed_114,gemma4:31b-cloud_baseline,1.0244059562683103,39.34,0,direct_json,0.3125,0.714286,0.434783,0.0,0,14.6,21.6,54.3,209.7,209.7,18098.5,76.0,17675.1,0.0,"{'timestamp': '2026-09-06T12:59:48.296489+00:00', 'model_version': 'gemma4:31b-cloud', 'prompt_hash': 'a6af280e'}",04_cloud
38,real_mixed_115,gemma4:31b-cloud_baseline,1.0134260654449463,25.66,0,direct_json,0.5,1.0,0.666667,0.0,0,17.7,21.2,52.0,209.7,209.7,18105.2,75.9,17675.1,0.0,"{'timestamp': '2026-09-06T12:59:51.280236+00:00', 'model_version': 'gemma4:31b-cloud', 'prompt_hash': 'a6af280e'}",04_cloud
38,real_mixed_116,gemma4:31b-cloud_baseline,1.0260539054870603,17.74,0,direct_json,0.5,1.0,0.666667,0.0,0,18.4,20.9,54.2,209.7,209.7,18180.0,76.1,17675.1,0.0,"{'timestamp': '2026-09-06T12:59:54.299272+00:00', 'model_version': 'gemma4:31b-cloud', 'prompt_hash': 'a6af280e'}",04_cloud
38,real_mixed_117,gemma4:31b-cloud_baseline,1.531085729598999,74.72,0,direct_json,0.294118,0.625,0.4,0.0,0,9.5,14.8,36.2,209.7,209.7,18126.0,76.5,17675.1,0.0,"{'timestamp': '2026-09-06T12:59:57.814296+00:00', 'model_version': 'gemma4:31b-cloud', 'prompt_hash': 'a6af280e'}",04_cloud
39,real_mixed_118,gemma4:31b-cloud_baseline,1.0248289108276367,25.37,0,direct_json,0.625,1.0,0.769231,0.0,0,19.2,21.6,54.3,209.8,209.8,17867.4,76.2,17675.1,0.0,"{'timestamp': '2026-09-06T13:00:00.312917+00:00', 'model_version': 'gemma4:31b-cloud', 'prompt_hash': 'a6af280e'}",04_cloud
39,real_mixed_119,gemma4:31b-cloud_baseline,2.0461018085479736,21.6,0,direct_json,0.6,0.857143,0.705882,0.0,0,23.2,38.8,25.4,209.7,209.8,17725.1,77.0,17675.1,0.0,"{'timestamp': '2026-09-06T13:00:04.334399+00:00', 'model_version': 'gemma4:31b-cloud', 'prompt_hash': 'a6af280e'}",04_cloud
39,real_mixed_120,gemma4:31b-cloud_baseline,2.0378220081329346,17.86,0,direct_json,0.384615,1.0,0.555556,0.0,0,21.2,38.8,25.8,110.1,110.1,17263.5,78.2,17675.1,0.0,"{'timestamp': '2026-09-06T13:00:07.335549+00:00', 'model_version': 'gemma4:31b-cloud', 'prompt_hash': 'a6af280e'}",04_cloud
0,real_mixed_1,gemma4:31b-cloud_kb_rag,1.0348381996154783,45.22,0,direct_json,0.666667,0.923077,0.774194,0.0,0,37.0,74.1,49.5,352.3,352.3,17261.6,77.7,17675.1,0.0,"{'timestamp': '2026-09-06T13:00:09.351474+00:00', 'model_version': 'gemma4:31b-cloud', 'prompt_hash': 'a6af280e'}",04_cloud
0,real_mixed_2,gemma4:31b-cloud_kb_rag,1.0286719799041748,40.44,0,direct_json,0.571429,0.666667,0.615385,0.0,0,39.5,50.7,44.7,368.6,368.6,17338.5,77.8,17675.1,0.0,"{'timestamp': '2026-09-06T13:00:12.353118+00:00', 'model_version': 'gemma4:31b-cloud', 'prompt_hash': 'a6af280e'}",04_cloud
0,real_mixed_3,gemma4:31b-cloud_kb_rag,3.5630059242248535,14.59,0,direct_json,0.538462,0.583333,0.56,0.0,0,13.8,28.3,15.5,369.3,369.3,17371.9,77.6,17675.1,0.0,"{'timestamp': '2026-09-06T13:00:17.891257+00:00', 'model_version': 'gemma4:31b-cloud', 'prompt_hash': 'a6af280e'}",04_cloud
1,real_mixed_4,gemma4:31b-cloud_kb_rag,1.5138487815856934,44.65,0,direct_json,0.75,0.857143,0.8,0.0,0,15.6,25.9,35.4,379.1,379.1,17307.1,77.4,17675.1,0.0,"{'timestamp': '2026-09-06T13:00:19.537700+00:00', 'model_version': 'gemma4:31b-cloud', 'prompt_hash': 'a6af280e'}",04_cloud
1,real_mixed_5,gemma4:31b-cloud_kb_rag,1.0191700458526611,51.02,0,direct_json,0.4,0.8,0.533333,0.0,0,14.0,28.0,54.6,379.2,379.2,17469.3,77.7,17675.1,0.0,"{'timestamp': '2026-09-06T13:00:22.035700+00:00', 'model_version': 'gemma4:31b-cloud', 'prompt_hash': 'a6af280e'}",04_cloud
1,real_mixed_6,gemma4:31b-cloud_kb_rag,1.530614137649536,32.27,0,direct_json,0.933333,0.777778,0.848485,0.0,0,22.2,34.6,35.7,382.8,382.8,17385.6,77.5,17675.1,0.0,"{'timestamp': '2026-09-06T13:00:25.567085+00:00', 'model_version': 'gemma4:31b-cloud', 'prompt_hash': 'a6af280e'}",04_cloud
2,real_mixed_7,gemma4:31b-cloud_kb_rag,2.547141790390014,23.48,0,direct_json,0.666667,0.857143,0.75,0.0,0,21.8,33.9,21.7,383.4,383.4,17383.0,77.5,17675.1,0.0,"{'timestamp': '2026-09-06T13:00:29.576328+00:00', 'model_version': 'gemma4:31b-cloud', 'prompt_hash': 'a6af280e'}",04_cloud
2,real_mixed_8,gemma4:31b-cloud_kb_rag,12.167449235916138,2.78,0,direct_json,0.5,0.555556,0.526316,0.0,0,11.0,31.2,4.4,383.6,383.6,17472.6,77.7,17675.1,0.0,"{'timestamp': '2026-09-06T13:00:42.206309+00:00', 'model_version': 'gemma4:31b-cloud', 'prompt_hash': 'a6af280e'}",04_cloud
2,real_mixed_9,gemma4:31b-cloud_kb_rag,3.544989824295044,10.27,0,direct_json,0.384615,0.5,0.434783,0.0,0,12.8,32.1,15.4,383.9,383.9,17428.5,77.7,17675.1,0.0,"{'timestamp': '2026-09-06T13:00:45.865404+00:00', 'model_version': 'gemma4:31b-cloud', 'prompt_hash': 'a6af280e'}",04_cloud
3,real_mixed_10,gemma4:31b-cloud_kb_rag,3.0536818504333496,12.77,0,direct_json,0.4,1.0,0.571429,0.0,0,13.3,37.8,16.1,384.3,384.3,17373.5,77.6,17675.1,0.0,"{'timestamp': '2026-09-06T13:00:49.052338+00:00', 'model_version': 'gemma4:31b-cloud', 'prompt_hash': 'a6af280e'}",04_cloud
3,real_mixed_11,gemma4:31b-cloud_kb_rag,1.5218908786773682,52.96,0,direct_json,0.62069,1.0,0.765957,0.0,0,12.5,19.9,35.9,384.6,384.6,17373.1,77.6,17675.1,0.0,"{'timestamp': '2026-09-06T13:00:50.691006+00:00', 'model_version': 'gemma4:31b-cloud', 'prompt_hash': 'a6af280e'}",04_cloud
3,real_mixed_12,gemma4:31b-cloud_kb_rag,1.0259411334991455,43.08,0,direct_json,0.538462,1.0,0.7,0.0,0,11.7,23.4,54.2,384.7,384.7,17370.8,77.6,17675.1,0.0,"{'timestamp': '2026-09-06T13:00:53.198941+00:00', 'model_version': 'gemma4:31b-cloud', 'prompt_hash': 'a6af280e'}",04_cloud
4,real_mixed_13,gemma4:31b-cloud_kb_rag,1.5320498943328855,56.85,0,direct_json,0.518519,0.823529,0.636364,0.0,0,18.3,20.6,36.1,381.5,381.5,17385.6,77.9,17675.1,0.0,"{'timestamp': '2026-09-06T13:00:56.717223+00:00', 'model_version': 'gemma4:31b-cloud', 'prompt_hash': 'a6af280e'}",04_cloud
4,real_mixed_14,gemma4:31b-cloud_kb_rag,1.0172631740570068,48.56,0,direct_json,0.6875,0.916667,0.785714,0.0,0,23.9,24.0,54.6,381.5,381.5,17254.2,77.6,17675.1,0.0,"{'timestamp': '2026-09-06T13:00:59.199887+00:00', 'model_version': 'gemma4:31b-cloud', 'prompt_hash': 'a6af280e'}",04_cloud
4,real_mixed_15,gemma4:31b-cloud_kb_rag,1.0263748168945312,44.33,0,direct_json,0.333333,0.888889,0.484848,0.0,0,19.6,22.8,52.4,379.0,379.0,17406.7,77.8,17675.1,0.0,"{'timestamp': '2026-09-06T13:01:02.221589+00:00', 'model_version': 'gemma4:31b-cloud', 'prompt_hash': 'a6af280e'}",04_cloud
5,real_mixed_16,gemma4:31b-cloud_kb_rag,1.022653341293335,31.78,0,direct_json,0.692308,1.0,0.818182,0.0769230769230769,1,20.8,21.9,50.6,379.1,379.1,17411.7,77.8,17675.1,0.0,"{'timestamp': '2026-09-06T13:01:05.230357+00:00', 'model_version': 'gemma4:31b-cloud', 'prompt_hash': 'a6af280e'}",04_cloud
5,real_mixed_17,gemma4:31b-cloud_kb_rag,1.0269827842712402,18.99,0,direct_json,0.4,1.0,0.571429,0.0,0,25.6,30.6,53.1,379.1,379.1,17339.4,77.6,17675.1,0.0,"{'timestamp': '2026-09-06T13:01:08.229340+00:00', 'model_version': 'gemma4:31b-cloud', 'prompt_hash': 'a6af280e'}",04_cloud
5,real_mixed_18,gemma4:31b-cloud_kb_rag,1.0207750797271729,29.29,0,direct_json,0.714286,0.833333,0.769231,0.0,0,16.4,19.5,51.8,382.6,382.6,17382.4,78.0,17675.1,0.0,"{'timestamp': '2026-09-06T13:01:11.238565+00:00', 'model_version': 'gemma4:31b-cloud', 'prompt_hash': 'a6af280e'}",04_cloud
6,real_mixed_19,gemma4:31b-cloud_kb_rag,1.0260028839111328,50.68,0,direct_json,0.772727,0.85,0.809524,0.0,0,24.9,26.2,53.5,382.9,382.9,17259.9,77.8,17675.1,0.0,"{'timestamp': '2026-09-06T13:01:14.255163+00:00', 'model_version': 'gemma4:31b-cloud', 'prompt_hash': 'a6af280e'}",04_cloud
6,real_mixed_20,gemma4:31b-cloud_kb_rag,1.524064064025879,43.5,0,direct_json,0.625,0.625,0.625,0.0,0,15.1,25.1,35.5,383.1,383.1,17252.8,77.7,17675.1,0.0,"{'timestamp': '2026-09-06T13:01:17.763579+00:00', 'model_version': 'gemma4:31b-cloud', 'prompt_hash': 'a6af280e'}",04_cloud
6,real_mixed_21,gemma4:31b-cloud_kb_rag,1.0254740715026855,41.83,0,direct_json,0.733333,0.785714,0.758621,0.0,0,19.4,19.9,52.8,383.1,383.1,17177.4,77.5,17675.1,0.0,"{'timestamp': '2026-09-06T13:01:20.268505+00:00', 'model_version': 'gemma4:31b-cloud', 'prompt_hash': 'a6af280e'}",04_cloud
7,real_mixed_22,gemma4:31b-cloud_kb_rag,1.0207188129425049,12.74,0,direct_json,0.0,0.0,0.0,0.0,0,21.1,23.0,54.1,383.7,383.7,17293.4,77.6,17675.1,0.0,"{'timestamp': '2026-09-06T13:01:23.251955+00:00', 'model_version': 'gemma4:31b-cloud', 'prompt_hash': 'a6af280e'}",04_cloud
7,real_mixed_23,gemma4:31b-cloud_kb_rag,1.0224969387054443,36.87,0,direct_json,0.785714,0.733333,0.758621,0.0,0,25.4,27.4,52.9,383.7,383.7,17325.5,77.5,17675.1,0.0,"{'timestamp': '2026-09-06T13:01:26.279541+00:00', 'model_version': 'gemma4:31b-cloud', 'prompt_hash': 'a6af280e'}",04_cloud
7,real_mixed_24,gemma4:31b-cloud_kb_rag,1.02889084815979,21.48,0,direct_json,0.5,0.571429,0.533333,0.0,0,22.7,24.9,53.3,383.7,383.7,17335.6,77.5,17675.1,0.0,"{'timestamp': '2026-09-06T13:01:29.284504+00:00', 'model_version': 'gemma4:31b-cloud', 'prompt_hash': 'a6af280e'}",04_cloud
8,real_mixed_25,gemma4:31b-cloud_kb_rag,1.019806146621704,39.52,0,direct_json,0.416667,0.416667,0.416667,0.0,0,20.0,20.2,53.9,383.8,383.8,17441.4,77.3,17675.1,0.0,"{'timestamp': '2026-09-06T13:01:32.302053+00:00', 'model_version': 'gemma4:31b-cloud', 'prompt_hash': 'a6af280e'}",04_cloud
8,real_mixed_26,gemma4:31b-cloud_kb_rag,1.0248100757598877,93.87,0,direct_json,0.589744,0.638889,0.613333,0.0,0,17.4,18.7,53.4,383.8,383.8,17448.4,77.2,17675.1,0.0,"{'timestamp': '2026-09-06T13:01:35.334815+00:00', 'model_version': 'gemma4:31b-cloud', 'prompt_hash': 'a6af280e'}",04_cloud
8,real_mixed_27,gemma4:31b-cloud_kb_rag,1.0203680992126465,142.69,0,direct_json,0.705882,0.888889,0.786885,0.0,0,21.8,23.2,52.9,383.9,383.9,17445.3,77.2,17675.1,0.0,"{'timestamp': '2026-09-06T13:01:38.312016+00:00', 'model_version': 'gemma4:31b-cloud', 'prompt_hash': 'a6af280e'}",04_cloud
9,real_mixed_28,gemma4:31b-cloud_kb_rag,2.037238121032715,27.44,0,direct_json,0.75,0.75,0.75,0.0,0,20.9,24.9,26.9,384.2,384.2,17541.9,77.3,17675.1,0.0,"{'timestamp': '2026-09-06T13:01:42.339965+00:00', 'model_version': 'gemma4:31b-cloud', 'prompt_hash': 'a6af280e'}",04_cloud
9,real_mixed_29,gemma4:31b-cloud_kb_rag,1.026916742324829,65.83,0,direct_json,0.375,0.75,0.5,0.0,0,9.9,19.8,54.3,384.2,384.2,17583.5,77.4,17675.1,0.0,"{'timestamp': '2026-09-06T13:01:44.340193+00:00', 'model_version': 'gemma4:31b-cloud', 'prompt_hash': 'a6af280e'}",04_cloud
9,real_mixed_30,gemma4:31b-cloud_kb_rag,1.0199291706085205,22.94,0,direct_json,0.636364,0.875,0.736842,0.0,0,8.8,17.6,54.1,384.2,384.2,17611.6,77.4,17675.1,0.0,"{'timestamp': '2026-09-06T13:01:47.325734+00:00', 'model_version': 'gemma4:31b-cloud', 'prompt_hash': 'a6af280e'}",04_cloud
10,real_mixed_31,gemma4:31b-cloud_kb_rag,1.0298118591308594,25.25,0,direct_json,0.285714,1.0,0.444444,0.0,0,9.4,18.8,53.8,384.4,384.4,17557.9,77.2,17675.1,0.0,"{'timestamp': '2026-09-06T13:01:50.336137+00:00', 'model_version': 'gemma4:31b-cloud', 'prompt_hash': 'a6af280e'}",04_cloud
10,real_mixed_32,gemma4:31b-cloud_kb_rag,1.0224618911743164,39.41,0,direct_json,0.2,0.428571,0.272727,0.0,0,12.1,24.2,54.2,383.4,383.4,17612.6,77.4,17675.1,0.0,"{'timestamp': '2026-09-06T13:01:53.339099+00:00', 'model_version': 'gemma4:31b-cloud', 'prompt_hash': 'a6af280e'}",04_cloud
10,real_mixed_33,gemma4:31b-cloud_kb_rag,1.0212879180908203,45.82,0,direct_json,0.692308,0.692308,0.692308,0.0,0,10.1,20.1,54.0,380.6,380.6,17658.5,77.6,17675.1,0.0,"{'timestamp': '2026-09-06T13:01:56.353414+00:00', 'model_version': 'gemma4:31b-cloud', 'prompt_hash': 'a6af280e'}",04_cloud
11,real_mixed_34,gemma4:31b-cloud_kb_rag,1.0228049755096436,39.4,0,direct_json,0.583333,0.7,0.636364,0.0,0,9.7,19.3,53.7,380.7,380.7,17512.2,77.3,17675.1,0.0,"{'timestamp': '2026-09-06T13:01:59.354133+00:00', 'model_version': 'gemma4:31b-cloud', 'prompt_hash': 'a6af280e'}",04_cloud
11,real_mixed_35,gemma4:31b-cloud_kb_rag,166.19884610176086,0.2,0,direct_json,0.583333,1.0,0.736842,0.0,0,9.4,46.5,0.3,244.3,380.7,17342.0,77.8,17675.1,0.0,"{'timestamp': '2026-09-06T13:04:47.525939+00:00', 'model_version': 'gemma4:31b-cloud', 'prompt_hash': 'a6af280e'}",04_cloud
11,real_mixed_36,gemma4:31b-cloud_kb_rag,1.01092791557312,52.72,0,direct_json,0.590909,0.590909,0.590909,0.0,0,8.2,16.4,53.6,311.2,311.2,17346.4,77.5,17675.1,0.0,"{'timestamp': '2026-09-06T13:04:48.678508+00:00', 'model_version': 'gemma4:31b-cloud', 'prompt_hash': 'a6af280e'}",04_cloud
12,real_mixed_37,gemma4:31b-cloud_kb_rag,1.012226104736328,48.8,0,direct_json,0.6875,0.846154,0.758621,0.0,0,8.3,16.7,50.5,331.3,331.4,17566.8,77.9,17675.1,0.0,"{'timestamp': '2026-09-06T13:04:51.677399+00:00', 'model_version': 'gemma4:31b-cloud', 'prompt_hash': 'a6af280e'}",04_cloud
12,real_mixed_38,gemma4:31b-cloud_kb_rag,1.0183801651000977,51.06,0,direct_json,0.722222,1.0,0.83871,0.0,0,15.1,30.1,53.7,242.0,242.0,17554.0,78.4,17675.1,0.0,"{'timestamp': '2026-09-06T13:04:54.682245+00:00', 'model_version': 'gemma4:31b-cloud', 'prompt_hash': 'a6af280e'}",04_cloud
12,real_mixed_39,gemma4:31b-cloud_kb_rag,1.0217616558074951,30.54,0,direct_json,0.7,1.0,0.823529,0.0,0,9.3,18.6,53.4,287.9,287.9,17377.3,78.2,17675.1,0.0,"{'timestamp': '2026-09-06T13:04:57.685867+00:00', 'model_version': 'gemma4:31b-cloud', 'prompt_hash': 'a6af280e'}",04_cloud
13,real_mixed_40,gemma4:31b-cloud_kb_rag,1.0180509090423584,39.59,0,direct_json,0.615385,0.666667,0.64,0.0,0,10.5,21.0,53.6,332.2,354.5,17245.1,77.9,17675.1,0.0,"{'timestamp': '2026-09-06T13:05:00.695210+00:00', 'model_version': 'gemma4:31b-cloud', 'prompt_hash': 'a6af280e'}",04_cloud
13,real_mixed_41,gemma4:31b-cloud_kb_rag,1.5169742107391355,31.71,0,direct_json,0.736842,0.777778,0.756757,0.0,0,15.5,24.2,35.3,316.2,352.9,17412.3,78.2,17675.1,0.0,"{'timestamp': '2026-09-06T13:05:04.201893+00:00', 'model_version': 'gemma4:31b-cloud', 'prompt_hash': 'a6af280e'}",04_cloud
13,real_mixed_42,gemma4:31b-cloud_kb_rag,1.5181758403778076,41.1,0,direct_json,0.708333,0.708333,0.708333,0.0,0,10.7,17.1,35.8,337.8,352.4,17387.5,78.3,17675.1,0.0,"{'timestamp': '2026-09-06T13:05:07.212028+00:00', 'model_version': 'gemma4:31b-cloud', 'prompt_hash': 'a6af280e'}",04_cloud
14,real_mixed_43,gemma4:31b-cloud_kb_rag,1.5152950286865234,49.76,0,direct_json,0.769231,0.909091,0.833333,0.0,0,14.9,28.1,36.1,348.6,354.3,17373.3,78.2,17675.1,0.0,"{'timestamp': '2026-09-06T13:05:10.195717+00:00', 'model_version': 'gemma4:31b-cloud', 'prompt_hash': 'a6af280e'}",04_cloud
14,real_mixed_44,gemma4:31b-cloud_kb_rag,1.5176632404327393,53.96,0,direct_json,0.52,0.928571,0.666667,0.0,0,15.6,25.4,36.3,265.1,265.1,17227.6,78.2,17675.1,0.0,"{'timestamp': '2026-09-06T13:05:13.202259+00:00', 'model_version': 'gemma4:31b-cloud', 'prompt_hash': 'a6af280e'}",04_cloud
14,real_mixed_45,gemma4:31b-cloud_kb_rag,1.016172170639038,43.5,0,direct_json,0.642857,0.75,0.692308,0.0,0,8.3,16.6,54.1,332.7,355.1,17270.2,78.3,17675.1,0.0,"{'timestamp': '2026-09-06T13:05:15.702010+00:00', 'model_version': 'gemma4:31b-cloud', 'prompt_hash': 'a6af280e'}",04_cloud
15,real_mixed_46,gemma4:31b-cloud_kb_rag,1.0196797847747805,28.05,0,direct_json,0.692308,0.642857,0.666667,0.0,0,15.9,20.6,53.2,349.5,355.5,17278.5,78.3,17675.1,0.0,"{'timestamp': '2026-09-06T13:05:18.711488+00:00', 'model_version': 'gemma4:31b-cloud', 'prompt_hash': 'a6af280e'}",04_cloud
15,real_mixed_47,gemma4:31b-cloud_kb_rag,5.541704893112183,12.2,0,direct_json,0.851852,0.851852,0.851852,0.037037037037037,1,19.2,48.9,9.7,276.2,310.8,17261.0,78.5,17675.1,0.0,"{'timestamp': '2026-09-06T13:05:26.250399+00:00', 'model_version': 'gemma4:31b-cloud', 'prompt_hash': 'a6af280e'}",04_cloud
15,real_mixed_48,gemma4:31b-cloud_kb_rag,1.0163838863372805,31.98,0,direct_json,0.454545,0.833333,0.588235,0.0,0,19.3,21.6,54.2,352.0,352.0,17249.4,78.3,17675.1,0.0,"{'timestamp': '2026-09-06T13:05:27.391591+00:00', 'model_version': 'gemma4:31b-cloud', 'prompt_hash': 'a6af280e'}",04_cloud
16,real_mixed_49,gemma4:31b-cloud_kb_rag,1.0185089111328125,53.61,0,direct_json,0.647059,0.785714,0.709677,0.0,0,26.6,27.7,54.4,322.8,353.1,17302.0,78.2,17675.1,0.0,"{'timestamp': '2026-09-06T13:05:30.398656+00:00', 'model_version': 'gemma4:31b-cloud', 'prompt_hash': 'a6af280e'}",04_cloud
16,real_mixed_50,gemma4:31b-cloud_kb_rag,2.5272200107574463,11.83,0,direct_json,0.615385,0.727273,0.666667,0.0,0,16.5,37.1,21.7,332.2,351.9,17207.7,78.8,17675.1,0.0,"{'timestamp': '2026-09-06T13:05:34.908254+00:00', 'model_version': 'gemma4:31b-cloud', 'prompt_hash': 'a6af280e'}",04_cloud
16,real_mixed_51,gemma4:31b-cloud_kb_rag,1.017773151397705,43.43,0,direct_json,0.538462,0.777778,0.636364,0.0,0,22.6,23.6,54.0,352.8,352.8,17181.0,78.8,17675.1,0.0,"{'timestamp': '2026-09-06T13:05:36.401078+00:00', 'model_version': 'gemma4:31b-cloud', 'prompt_hash': 'a6af280e'}",04_cloud
17,real_mixed_52,gemma4:31b-cloud_kb_rag,1.51674485206604,37.71,0,direct_json,0.6,0.857143,0.705882,0.0,0,14.6,25.1,35.8,339.3,352.9,17015.2,78.3,17675.1,0.0,"{'timestamp': '2026-09-06T13:05:39.910810+00:00', 'model_version': 'gemma4:31b-cloud', 'prompt_hash': 'a6af280e'}",04_cloud
17,real_mixed_53,gemma4:31b-cloud_kb_rag,1.0220439434051514,34.34,0,direct_json,0.294118,0.833333,0.434783,0.0,0,17.6,19.7,53.8,352.7,352.7,16996.0,78.2,17675.1,0.0,"{'timestamp': '2026-09-06T13:05:42.402152+00:00', 'model_version': 'gemma4:31b-cloud', 'prompt_hash': 'a6af280e'}",04_cloud
17,real_mixed_54,gemma4:31b-cloud_kb_rag,1.0233237743377686,24.14,0,direct_json,0.5,1.0,0.666667,0.0,0,17.9,22.7,52.4,348.5,355.4,17113.7,78.5,17675.1,0.0,"{'timestamp': '2026-09-06T13:05:45.405933+00:00', 'model_version': 'gemma4:31b-cloud', 'prompt_hash': 'a6af280e'}",04_cloud
18,real_mixed_55,gemma4:31b-cloud_kb_rag,1.5193240642547607,27.38,0,direct_json,0.4,0.666667,0.5,0.0,0,11.2,19.3,36.2,327.0,356.8,17157.4,78.5,17675.1,0.0,"{'timestamp': '2026-09-06T13:05:48.910876+00:00', 'model_version': 'gemma4:31b-cloud', 'prompt_hash': 'a6af280e'}",04_cloud
18,real_mixed_56,gemma4:31b-cloud_kb_rag,1.5222499370574951,39.28,0,direct_json,0.375,0.642857,0.473684,0.0,0,11.3,18.5,36.1,323.3,356.2,17124.5,78.4,17675.1,0.0,"{'timestamp': '2026-09-06T13:05:51.924712+00:00', 'model_version': 'gemma4:31b-cloud', 'prompt_hash': 'a6af280e'}",04_cloud
18,real_mixed_57,gemma4:31b-cloud_kb_rag,1.5203828811645508,29.93,0,direct_json,0.7,0.777778,0.736842,0.05,1,9.5,14.6,35.8,322.4,355.2,17170.3,78.5,17675.1,0.0,"{'timestamp': '2026-09-06T13:05:54.932056+00:00', 'model_version': 'gemma4:31b-cloud', 'prompt_hash': 'a6af280e'}",04_cloud
19,real_mixed_58,gemma4:31b-cloud_kb_rag,1.0187098979949951,45.94,0,direct_json,0.5,0.727273,0.592593,0.0,0,23.4,32.1,52.6,300.9,300.9,17080.0,78.6,17675.1,0.0,"{'timestamp': '2026-09-06T13:05:57.438998+00:00', 'model_version': 'gemma4:31b-cloud', 'prompt_hash': 'a6af280e'}",04_cloud
19,real_mixed_59,gemma4:31b-cloud_kb_rag,1.5204501152038574,89.78,0,direct_json,0.6,1.0,0.75,0.0,0,15.0,29.3,36.0,332.4,363.8,17093.1,78.5,17675.1,0.0,"{'timestamp': '2026-09-06T13:06:00.936530+00:00', 'model_version': 'gemma4:31b-cloud', 'prompt_hash': 'a6af280e'}",04_cloud
19,real_mixed_60,gemma4:31b-cloud_kb_rag,1.0189189910888672,49.76,0,direct_json,0.923077,0.923077,0.923077,0.0,0,20.2,25.3,53.4,363.2,363.2,17119.8,78.9,17675.1,0.0,"{'timestamp': '2026-09-06T13:06:03.447856+00:00', 'model_version': 'gemma4:31b-cloud', 'prompt_hash': 'a6af280e'}",04_cloud
20,real_mixed_61,gemma4:31b-cloud_kb_rag,2.5260138511657715,64.85,0,direct_json,0.444444,0.714286,0.547945,0.0,0,11.5,20.7,22.8,345.5,364.4,17036.4,78.7,17675.1,0.0,"{'timestamp': '2026-09-06T13:06:07.972779+00:00', 'model_version': 'gemma4:31b-cloud', 'prompt_hash': 'a6af280e'}",04_cloud
20,real_mixed_62,gemma4:31b-cloud_kb_rag,1.5194880962371826,41.07,0,direct_json,0.45,0.818182,0.580645,0.0,0,10.7,18.4,35.3,363.9,363.9,16964.2,78.5,17675.1,0.0,"{'timestamp': '2026-09-06T13:06:09.943657+00:00', 'model_version': 'gemma4:31b-cloud', 'prompt_hash': 'a6af280e'}",04_cloud
20,real_mixed_63,gemma4:31b-cloud_kb_rag,1.0150859355926514,38.42,0,direct_json,0.181818,0.25,0.210526,0.0,0,10.7,21.3,53.7,333.5,363.9,17132.4,78.8,17675.1,0.0,"{'timestamp': '2026-09-06T13:06:12.439517+00:00', 'model_version': 'gemma4:31b-cloud', 'prompt_hash': 'a6af280e'}",04_cloud
21,real_mixed_64,gemma4:31b-cloud_kb_rag,1.017880916595459,25.54,0,direct_json,0.25,1.0,0.4,0.0,0,9.2,18.5,53.8,342.3,364.6,17215.4,79.0,17675.1,0.0,"{'timestamp': '2026-09-06T13:06:15.436806+00:00', 'model_version': 'gemma4:31b-cloud', 'prompt_hash': 'a6af280e'}",04_cloud
21,real_mixed_65,gemma4:31b-cloud_kb_rag,1.022748947143555,40.67,0,direct_json,0.5,0.555556,0.526316,0.0,0,12.2,24.3,53.5,359.2,364.1,17107.6,78.7,17675.1,0.0,"{'timestamp': '2026-09-06T13:06:18.454317+00:00', 'model_version': 'gemma4:31b-cloud', 'prompt_hash': 'a6af280e'}",04_cloud
21,real_mixed_66,gemma4:31b-cloud_kb_rag,1.0156879425048828,55.04,0,direct_json,0.47619,0.5,0.487805,0.0,0,8.7,17.3,54.2,342.2,364.6,17074.3,78.6,17675.1,0.0,"{'timestamp': '2026-09-06T13:06:21.458049+00:00', 'model_version': 'gemma4:31b-cloud', 'prompt_hash': 'a6af280e'}",04_cloud
22,real_mixed_67,gemma4:31b-cloud_kb_rag,1.013652801513672,43.6,0,direct_json,0.571429,0.705882,0.631579,0.0952380952380952,2,10.2,20.3,53.8,338.5,365.7,17306.2,78.9,17675.1,0.0,"{'timestamp': '2026-09-06T13:06:24.465509+00:00', 'model_version': 'gemma4:31b-cloud', 'prompt_hash': 'a6af280e'}",04_cloud
22,real_mixed_68,gemma4:31b-cloud_kb_rag,1.51771879196167,52.25,0,direct_json,0.666667,0.923077,0.774194,0.0,0,12.8,20.2,35.0,365.9,365.9,17155.5,78.5,17675.1,0.0,"{'timestamp': '2026-09-06T13:06:27.954328+00:00', 'model_version': 'gemma4:31b-cloud', 'prompt_hash': 'a6af280e'}",04_cloud
22,real_mixed_69,gemma4:31b-cloud_kb_rag,1.5233819484710691,44.37,0,direct_json,0.733333,0.916667,0.814815,0.0,0,14.9,24.0,34.6,320.4,365.9,17199.6,78.6,17675.1,0.0,"{'timestamp': '2026-09-06T13:06:30.978692+00:00', 'model_version': 'gemma4:31b-cloud', 'prompt_hash': 'a6af280e'}",04_cloud
23,real_mixed_70,gemma4:31b-cloud_kb_rag,1.5219941139221191,35.02,0,direct_json,0.714286,0.714286,0.714286,0.0,0,15.8,26.3,36.6,359.9,366.0,17218.0,78.7,17675.1,0.0,"{'timestamp': '2026-09-06T13:06:33.979095+00:00', 'model_version': 'gemma4:31b-cloud', 'prompt_hash': 'a6af280e'}",04_cloud
23,real_mixed_71,gemma4:31b-cloud_kb_rag,1.0172438621520996,33.23,0,direct_json,0.583333,0.583333,0.583333,0.0,0,8.2,16.5,53.9,366.7,366.7,17210.0,78.9,17675.1,0.0,"{'timestamp': '2026-09-06T13:06:36.467887+00:00', 'model_version': 'gemma4:31b-cloud', 'prompt_hash': 'a6af280e'}",04_cloud
23,real_mixed_72,gemma4:31b-cloud_kb_rag,1.020462989807129,42.04,0,direct_json,0.692308,0.642857,0.666667,0.0,0,10.8,21.5,52.2,366.7,366.7,17128.6,78.6,17675.1,0.0,"{'timestamp': '2026-09-06T13:06:39.480079+00:00', 'model_version': 'gemma4:31b-cloud', 'prompt_hash': 'a6af280e'}",04_cloud
24,real_mixed_73,gemma4:31b-cloud_kb_rag,1.0234339237213137,38.11,0,direct_json,0.923077,0.8,0.857143,0.0,0,9.4,18.9,54.8,349.3,349.3,17141.7,78.7,17675.1,0.0,"{'timestamp': '2026-09-06T13:06:42.483711+00:00', 'model_version': 'gemma4:31b-cloud', 'prompt_hash': 'a6af280e'}",04_cloud
24,real_mixed_74,gemma4:31b-cloud_kb_rag,1.01761794090271,38.32,0,direct_json,0.692308,0.9,0.782609,0.0,0,11.1,22.2,51.8,365.5,365.5,17150.0,78.8,17675.1,0.0,"{'timestamp': '2026-09-06T13:06:45.472376+00:00', 'model_version': 'gemma4:31b-cloud', 'prompt_hash': 'a6af280e'}",04_cloud
24,real_mixed_75,gemma4:31b-cloud_kb_rag,2.0269832611083984,5.77,0,direct_json,0.5,0.666667,0.571429,0.0,0,6.5,13.2,28.9,322.1,365.5,17010.2,78.4,17675.1,0.0,"{'timestamp': '2026-09-06T13:06:49.478380+00:00', 'model_version': 'gemma4:31b-cloud', 'prompt_hash': 'a6af280e'}",04_cloud
25,real_mixed_76,gemma4:31b-cloud_kb_rag,1.0169548988342283,12.78,0,direct_json,0.0,0.0,0.0,0.0,0,5.8,11.7,55.0,340.8,366.3,17191.5,78.8,17675.1,0.0,"{'timestamp': '2026-09-06T13:06:51.462657+00:00', 'model_version': 'gemma4:31b-cloud', 'prompt_hash': 'a6af280e'}",04_cloud
25,real_mixed_77,gemma4:31b-cloud_kb_rag,1.5169708728790283,60.84,0,direct_json,0.592593,0.8,0.680851,0.0,0,11.3,16.9,36.4,331.5,366.4,17095.2,78.6,17675.1,0.0,"{'timestamp': '2026-09-06T13:06:54.992156+00:00', 'model_version': 'gemma4:31b-cloud', 'prompt_hash': 'a6af280e'}",04_cloud
25,real_mixed_78,gemma4:31b-cloud_kb_rag,1.0275049209594729,30.36,0,direct_json,0.444444,1.0,0.615385,0.0,0,6.5,13.1,26.5,360.8,365.7,17063.7,78.5,17675.1,0.0,"{'timestamp': '2026-09-06T13:06:57.485713+00:00', 'model_version': 'gemma4:31b-cloud', 'prompt_hash': 'a6af280e'}",04_cloud
26,real_mixed_79,gemma4:31b-cloud_kb_rag,1.0229229927062988,54.65,0,direct_json,0.666667,0.8,0.727273,0.0,0,8.0,15.9,56.0,342.2,366.5,16961.0,78.3,17675.1,0.0,"{'timestamp': '2026-09-06T13:07:00.489001+00:00', 'model_version': 'gemma4:31b-cloud', 'prompt_hash': 'a6af280e'}",04_cloud
26,real_mixed_80,gemma4:31b-cloud_kb_rag,2.027661085128784,73.73,0,direct_json,0.487805,0.833333,0.615385,0.0,0,9.7,20.4,27.2,327.9,366.5,17078.0,78.5,17675.1,0.0,"{'timestamp': '2026-09-06T13:07:04.528837+00:00', 'model_version': 'gemma4:31b-cloud', 'prompt_hash': 'a6af280e'}",04_cloud
26,real_mixed_81,gemma4:31b-cloud_kb_rag,1.0216960906982422,48.35,0,direct_json,0.583333,0.636364,0.608696,0.0,0,5.8,11.6,54.8,362.0,365.8,17133.6,78.6,17675.1,0.0,"{'timestamp': '2026-09-06T13:07:06.498947+00:00', 'model_version': 'gemma4:31b-cloud', 'prompt_hash': 'a6af280e'}",04_cloud
27,real_mixed_82,gemma4:31b-cloud_kb_rag,1.01918625831604,36.99,0,direct_json,0.4,0.666667,0.5,0.0,0,6.7,13.4,48.4,337.8,366.6,16990.4,78.3,17675.1,0.0,"{'timestamp': '2026-09-06T13:07:09.499068+00:00', 'model_version': 'gemma4:31b-cloud', 'prompt_hash': 'a6af280e'}",04_cloud
27,real_mixed_83,gemma4:31b-cloud_kb_rag,3.5349080562591553,9.56,0,direct_json,0.692308,0.9,0.782609,0.0,0,9.5,18.9,15.2,355.7,366.0,17088.4,78.5,17675.1,0.0,"{'timestamp': '2026-09-06T13:07:15.019202+00:00', 'model_version': 'gemma4:31b-cloud', 'prompt_hash': 'a6af280e'}",04_cloud
27,real_mixed_84,gemma4:31b-cloud_kb_rag,1.0176129341125488,24.27,0,direct_json,0.777778,0.777778,0.777778,0.0,0,14.4,18.2,54.9,366.1,366.1,17137.7,78.5,17675.1,0.0,"{'timestamp': '2026-09-06T13:07:16.162812+00:00', 'model_version': 'gemma4:31b-cloud', 'prompt_hash': 'a6af280e'}",04_cloud
28,real_mixed_85,gemma4:31b-cloud_kb_rag,1.020447015762329,38.22,0,direct_json,0.6,0.75,0.666667,0.0,0,13.9,15.2,54.5,357.0,366.8,16989.3,78.2,17675.1,0.0,"{'timestamp': '2026-09-06T13:07:19.164535+00:00', 'model_version': 'gemma4:31b-cloud', 'prompt_hash': 'a6af280e'}",04_cloud
28,real_mixed_86,gemma4:31b-cloud_kb_rag,3.5359840393066406,10.29,0,direct_json,0.909091,0.769231,0.833333,0.0,0,16.6,26.2,15.4,359.1,366.9,17096.6,78.5,17675.1,0.0,"{'timestamp': '2026-09-06T13:07:24.686057+00:00', 'model_version': 'gemma4:31b-cloud', 'prompt_hash': 'a6af280e'}",04_cloud
28,real_mixed_87,gemma4:31b-cloud_kb_rag,1.0181639194488523,22.98,0,direct_json,0.571429,0.571429,0.571429,0.0,0,10.1,20.2,54.4,367.6,367.6,17045.6,78.4,17675.1,0.0,"{'timestamp': '2026-09-06T13:07:25.826058+00:00', 'model_version': 'gemma4:31b-cloud', 'prompt_hash': 'a6af280e'}",04_cloud
29,real_mixed_88,gemma4:31b-cloud_kb_rag,1.0250048637390137,27.9,0,direct_json,0.5,1.0,0.666667,0.0,0,9.3,18.6,51.5,354.4,367.7,16997.0,78.3,17675.1,0.0,"{'timestamp': '2026-09-06T13:07:28.830020+00:00', 'model_version': 'gemma4:31b-cloud', 'prompt_hash': 'a6af280e'}",04_cloud
29,real_mixed_89,gemma4:31b-cloud_kb_rag,1.019054651260376,30.62,0,direct_json,0.727273,0.615385,0.666667,0.0,0,9.5,19.0,54.3,365.8,365.8,17153.6,78.5,17675.1,0.0,"{'timestamp': '2026-09-06T13:07:31.841490+00:00', 'model_version': 'gemma4:31b-cloud', 'prompt_hash': 'a6af280e'}",04_cloud
29,real_mixed_90,gemma4:31b-cloud_kb_rag,1.5186340808868408,53.93,0,direct_json,0.333333,1.0,0.5,0.0,0,12.4,22.0,35.9,315.9,315.9,17118.9,78.4,17675.1,0.0,"{'timestamp': '2026-09-06T13:07:35.338950+00:00', 'model_version': 'gemma4:31b-cloud', 'prompt_hash': 'a6af280e'}",04_cloud
30,real_mixed_91,gemma4:31b-cloud_kb_rag,1.0209989547729492,47.11,0,direct_json,0.625,0.833333,0.714286,0.0,0,14.3,28.7,54.2,343.3,366.8,17041.9,78.4,17675.1,0.0,"{'timestamp': '2026-09-06T13:07:37.846640+00:00', 'model_version': 'gemma4:31b-cloud', 'prompt_hash': 'a6af280e'}",04_cloud
30,real_mixed_92,gemma4:31b-cloud_kb_rag,1.0163030624389648,46.05,0,direct_json,0.4375,0.466667,0.451613,0.0,0,18.7,20.9,52.8,336.8,366.8,17054.8,78.3,17675.1,0.0,"{'timestamp': '2026-09-06T13:07:40.846480+00:00', 'model_version': 'gemma4:31b-cloud', 'prompt_hash': 'a6af280e'}",04_cloud
30,real_mixed_93,gemma4:31b-cloud_kb_rag,1.017103672027588,31.95,0,direct_json,0.615385,0.8,0.695652,0.0,0,17.0,34.0,53.8,303.6,308.3,17033.9,78.6,17675.1,0.0,"{'timestamp': '2026-09-06T13:07:43.841806+00:00', 'model_version': 'gemma4:31b-cloud', 'prompt_hash': 'a6af280e'}",04_cloud
31,real_mixed_94,gemma4:31b-cloud_kb_rag,2.0276570320129395,21.16,0,direct_json,0.894737,0.85,0.871795,0.0,0,13.9,32.2,28.1,247.0,247.0,16928.5,78.9,17675.1,0.0,"{'timestamp': '2026-09-06T13:07:47.863898+00:00', 'model_version': 'gemma4:31b-cloud', 'prompt_hash': 'a6af280e'}",04_cloud
31,real_mixed_95,gemma4:31b-cloud_kb_rag,1.0187621116638184,26.8,0,direct_json,0.0,0.0,0.0,0.0,0,10.2,20.4,54.9,354.8,354.8,16870.5,78.7,17675.1,0.0,"{'timestamp': '2026-09-06T13:07:49.841945+00:00', 'model_version': 'gemma4:31b-cloud', 'prompt_hash': 'a6af280e'}",04_cloud
31,real_mixed_96,gemma4:31b-cloud_kb_rag,1.0165891647338867,31.97,0,direct_json,0.571429,0.666667,0.615385,0.0,0,7.1,14.2,54.2,310.6,310.6,16899.2,78.8,17675.1,0.0,"{'timestamp': '2026-09-06T13:07:52.858617+00:00', 'model_version': 'gemma4:31b-cloud', 'prompt_hash': 'a6af280e'}",04_cloud
32,real_mixed_97,gemma4:31b-cloud_kb_rag,1.019178867340088,30.61,0,direct_json,0.5,0.777778,0.608696,0.0,0,9.5,19.0,54.1,332.7,357.7,16899.1,78.8,17675.1,0.0,"{'timestamp': '2026-09-06T13:07:55.861465+00:00', 'model_version': 'gemma4:31b-cloud', 'prompt_hash': 'a6af280e'}",04_cloud
32,real_mixed_98,gemma4:31b-cloud_kb_rag,1.5227608680725098,52.08,0,direct_json,0.56,0.5,0.528302,0.0,0,16.7,27.3,34.5,319.8,355.7,16645.9,79.1,17675.1,0.0,"{'timestamp': '2026-09-06T13:07:59.394436+00:00', 'model_version': 'gemma4:31b-cloud', 'prompt_hash': 'a6af280e'}",04_cloud
32,real_mixed_99,gemma4:31b-cloud_kb_rag,1.5189568996429443,18.83,0,direct_json,0.222222,1.0,0.363636,0.0,0,15.2,23.5,34.9,284.7,311.5,16766.3,79.3,17675.1,0.0,"{'timestamp': '2026-09-06T13:08:02.361580+00:00', 'model_version': 'gemma4:31b-cloud', 'prompt_hash': 'a6af280e'}",04_cloud
33,real_mixed_100,gemma4:31b-cloud_kb_rag,2.0260748863220215,26.31,0,direct_json,0.238095,0.714286,0.357143,0.0,0,13.8,24.1,26.9,355.9,355.9,16716.6,79.4,17675.1,0.0,"{'timestamp': '2026-09-06T13:08:05.880525+00:00', 'model_version': 'gemma4:31b-cloud', 'prompt_hash': 'a6af280e'}",04_cloud
33,real_mixed_101,gemma4:31b-cloud_kb_rag,1.0221600532531738,30.52,0,direct_json,0.4,0.571429,0.470588,0.0,0,26.0,38.5,54.7,340.6,340.6,16623.9,79.2,17675.1,0.0,"{'timestamp': '2026-09-06T13:08:07.874874+00:00', 'model_version': 'gemma4:31b-cloud', 'prompt_hash': 'a6af280e'}",04_cloud
33,real_mixed_102,gemma4:31b-cloud_kb_rag,1.026829719543457,7.6,0,direct_json,0.0,0.0,0.0,0.0,0,10.9,11.0,52.2,333.3,355.7,16724.2,79.3,17675.1,0.0,"{'timestamp': '2026-09-06T13:08:10.876095+00:00', 'model_version': 'gemma4:31b-cloud', 'prompt_hash': 'a6af280e'}",04_cloud
34,real_mixed_103,gemma4:31b-cloud_kb_rag,1.0207560062408447,10.19,0,direct_json,0.0,0.0,0.0,0.0,0,19.8,22.7,54.2,332.2,356.8,16735.1,79.3,17675.1,0.0,"{'timestamp': '2026-09-06T13:08:13.873444+00:00', 'model_version': 'gemma4:31b-cloud', 'prompt_hash': 'a6af280e'}",04_cloud
34,real_mixed_104,gemma4:31b-cloud_kb_rag,1.019000768661499,39.55,0,direct_json,0.4,0.8,0.533333,0.0,0,14.7,15.0,55.2,308.1,308.1,16767.0,79.3,17675.1,0.0,"{'timestamp': '2026-09-06T13:08:16.888356+00:00', 'model_version': 'gemma4:31b-cloud', 'prompt_hash': 'a6af280e'}",04_cloud
34,real_mixed_105,gemma4:31b-cloud_kb_rag,4.542464971542358,10.88,0,direct_json,0.615385,0.8,0.695652,0.0,0,12.2,17.2,12.0,310.3,356.1,16730.8,79.2,17675.1,0.0,"{'timestamp': '2026-09-06T13:08:23.414036+00:00', 'model_version': 'gemma4:31b-cloud', 'prompt_hash': 'a6af280e'}",04_cloud
35,real_mixed_106,gemma4:31b-cloud_kb_rag,0.5150818824768066,20.19,0,direct_json,0.666667,1.0,0.8,0.0,0,28.4,28.4,110.2,356.8,356.8,16830.7,79.5,17675.1,0.0,"{'timestamp': '2026-09-06T13:08:24.064505+00:00', 'model_version': 'gemma4:31b-cloud', 'prompt_hash': 'a6af280e'}",04_cloud
35,real_mixed_107,gemma4:31b-cloud_kb_rag,1.0161981582641602,52.45,0,direct_json,0.857143,0.923077,0.888889,0.0,0,7.8,15.5,43.6,361.6,361.6,16694.8,79.1,17675.1,0.0,"{'timestamp': '2026-09-06T13:08:27.570272+00:00', 'model_version': 'gemma4:31b-cloud', 'prompt_hash': 'a6af280e'}",04_cloud
35,real_mixed_108,gemma4:31b-cloud_kb_rag,1.0222280025482178,39.42,0,direct_json,0.307692,0.8,0.444444,0.0,0,13.8,14.6,55.4,338.1,361.6,16620.6,79.0,17675.1,0.0,"{'timestamp': '2026-09-06T13:08:30.581248+00:00', 'model_version': 'gemma4:31b-cloud', 'prompt_hash': 'a6af280e'}",04_cloud
36,real_mixed_109,gemma4:31b-cloud_kb_rag,1.522205114364624,37.58,0,direct_json,0.64,0.666667,0.653061,0.0,0,12.7,20.6,36.9,327.9,361.8,16746.6,79.2,17675.1,0.0,"{'timestamp': '2026-09-06T13:08:34.113187+00:00', 'model_version': 'gemma4:31b-cloud', 'prompt_hash': 'a6af280e'}",04_cloud
36,real_mixed_110,gemma4:31b-cloud_kb_rag,4.5535829067230225,15.7,0,direct_json,0.631579,0.666667,0.648649,0.0,0,13.4,21.1,12.0,319.3,361.0,16606.0,78.5,15952.1,0.0,"{'timestamp': '2026-09-06T13:08:40.140916+00:00', 'model_version': 'gemma4:31b-cloud', 'prompt_hash': 'a6af280e'}",04_cloud
36,real_mixed_111,gemma4:31b-cloud_kb_rag,2.0379326343536377,38.91,0,direct_json,0.742857,0.866667,0.8,0.0,0,16.6,23.1,27.5,361.0,361.0,15305.6,68.9,15952.1,0.0,"{'timestamp': '2026-09-06T13:08:42.297987+00:00', 'model_version': 'gemma4:31b-cloud', 'prompt_hash': 'a6af280e'}",04_cloud
37,real_mixed_112,gemma4:31b-cloud_kb_rag,1.0130460262298584,30.8,0,direct_json,0.428571,0.6,0.5,0.0,0,36.6,39.5,55.2,339.5,361.8,16079.9,70.2,15952.1,0.0,"{'timestamp': '2026-09-06T13:08:44.256380+00:00', 'model_version': 'gemma4:31b-cloud', 'prompt_hash': 'a6af280e'}",04_cloud
37,real_mixed_113,gemma4:31b-cloud_kb_rag,1.081449031829834,25.24,0,direct_json,0.7,0.777778,0.736842,0.0,0,39.2,55.9,53.8,361.9,361.9,19661.6,59.5,0.0,0.0,"{'timestamp': '2026-09-06T13:08:47.336877+00:00', 'model_version': 'gemma4:31b-cloud', 'prompt_hash': 'a6af280e'}",04_cloud
37,real_mixed_114,gemma4:31b-cloud_kb_rag,1.0407381057739258,29.98,0,direct_json,0.333333,0.714286,0.454545,0.0,0,27.8,28.9,53.2,343.9,344.3,22539.8,72.5,3082.4,0.0,"{'timestamp': '2026-09-06T13:08:50.298633+00:00', 'model_version': 'gemma4:31b-cloud', 'prompt_hash': 'a6af280e'}",04_cloud
38,real_mixed_115,gemma4:31b-cloud_kb_rag,1.015364170074463,25.61,0,direct_json,0.5,1.0,0.666667,0.0,0,19.5,23.1,53.6,356.6,356.6,22430.3,73.6,3082.4,0.0,"{'timestamp': '2026-09-06T13:08:53.271038+00:00', 'model_version': 'gemma4:31b-cloud', 'prompt_hash': 'a6af280e'}",04_cloud
38,real_mixed_116,gemma4:31b-cloud_kb_rag,1.0151550769805908,10.24,0,direct_json,0.5,1.0,0.666667,0.0,0,30.9,32.6,51.7,359.4,359.4,22298.4,73.9,3082.4,0.0,"{'timestamp': '2026-09-06T13:08:56.274229+00:00', 'model_version': 'gemma4:31b-cloud', 'prompt_hash': 'a6af280e'}",04_cloud
38,real_mixed_117,gemma4:31b-cloud_kb_rag,2.5261731147766113,52.49,0,direct_json,0.3,0.75,0.428571,0.0,0,14.3,32.4,21.5,359.7,359.7,22198.2,74.0,3082.4,0.0,"{'timestamp': '2026-09-06T13:09:00.800271+00:00', 'model_version': 'gemma4:31b-cloud', 'prompt_hash': 'a6af280e'}",04_cloud
39,real_mixed_118,gemma4:31b-cloud_kb_rag,1.0142221450805664,17.94,0,direct_json,0.625,1.0,0.769231,0.0,0,27.2,28.8,53.3,362.5,362.5,22255.9,74.1,3082.4,0.0,"{'timestamp': '2026-09-06T13:09:02.287214+00:00', 'model_version': 'gemma4:31b-cloud', 'prompt_hash': 'a6af280e'}",04_cloud
39,real_mixed_119,gemma4:31b-cloud_kb_rag,1.0140068531036377,35.9,0,direct_json,0.6,0.857143,0.705882,0.0,0,22.8,27.4,53.4,362.7,362.7,22281.1,74.1,3082.4,0.0,"{'timestamp': '2026-09-06T13:09:05.293613+00:00', 'model_version': 'gemma4:31b-cloud', 'prompt_hash': 'a6af280e'}",04_cloud
39,real_mixed_120,gemma4:31b-cloud_kb_rag,1.0168540477752686,28.13,0,direct_json,0.384615,1.0,0.555556,0.0,0,13.2,17.9,52.5,362.9,362.9,22227.6,73.9,3082.4,0.0,"{'timestamp': '2026-09-06T13:09:08.294197+00:00', 'model_version': 'gemma4:31b-cloud', 'prompt_hash': 'a6af280e'}",04_cloud
0,real_mixed_1,sonct988/gemma4-26b-a4b-it-q4km-256k:latest_baseline,9.143919944763184,56.32,0,direct_json,0.6,0.692308,0.642857,0.0,0,21.1,36.6,5.8,466.5,498.3,28021.9,68.6,16525.8,16017.9,"{'timestamp': '2026-09-06T04:55:50.057220+00:00', 'model_version': 'sonct988/gemma4-26b-a4b-it-q4km-256k:latest', 'prompt_hash': 'a6af280e'}",05_excluidos
0,real_mixed_2,sonct988/gemma4-26b-a4b-it-q4km-256k:latest_baseline,3.0389750003814697,55.36,0,direct_json,0.5,0.5,0.5,0.0,0,16.2,21.7,17.3,442.2,442.2,33650.4,81.0,16525.8,16017.9,"{'timestamp': '2026-09-06T04:55:53.117704+00:00', 'model_version': 'sonct988/gemma4-26b-a4b-it-q4km-256k:latest', 'prompt_hash': 'a6af280e'}",05_excluidos
0,real_mixed_3,sonct988/gemma4-26b-a4b-it-q4km-256k:latest_baseline,3.56246280670166,55.2,0,direct_json,0.5,0.5,0.5,0.0,0,20.5,33.3,15.3,442.7,442.9,33791.1,80.6,16525.8,16017.9,"{'timestamp': '2026-09-06T04:55:56.704782+00:00', 'model_version': 'sonct988/gemma4-26b-a4b-it-q4km-256k:latest', 'prompt_hash': 'a6af280e'}",05_excluidos
1,real_mixed_4,sonct988/gemma4-26b-a4b-it-q4km-256k:latest_baseline,3.558320999145508,54.88,0,direct_json,0.642857,0.642857,0.642857,0.0,0,17.1,29.8,14.9,443.2,443.3,33742.1,80.8,16525.8,16017.9,"{'timestamp': '2026-09-06T04:56:00.293960+00:00', 'model_version': 'sonct988/gemma4-26b-a4b-it-q4km-256k:latest', 'prompt_hash': 'a6af280e'}",05_excluidos
1,real_mixed_5,sonct988/gemma4-26b-a4b-it-q4km-256k:latest_baseline,4.075066804885864,54.55,0,direct_json,0.4,0.8,0.533333,0.0,0,22.6,31.4,13.8,443.1,443.1,33717.6,80.8,16525.8,16017.9,"{'timestamp': '2026-09-06T04:56:04.391614+00:00', 'model_version': 'sonct988/gemma4-26b-a4b-it-q4km-256k:latest', 'prompt_hash': 'a6af280e'}",05_excluidos
1,real_mixed_6,sonct988/gemma4-26b-a4b-it-q4km-256k:latest_baseline,3.0539228916168213,56.33,0,direct_json,0.611111,0.611111,0.611111,0.0,0,18.7,23.3,17.9,443.2,443.2,33670.0,80.8,16525.8,16017.9,"{'timestamp': '2026-09-06T04:56:07.479485+00:00', 'model_version': 'sonct988/gemma4-26b-a4b-it-q4km-256k:latest', 'prompt_hash': 'a6af280e'}",05_excluidos
2,real_mixed_7,sonct988/gemma4-26b-a4b-it-q4km-256k:latest_baseline,4.079777956008911,53.89,0,direct_json,0.5625,0.642857,0.6,0.0,0,17.0,25.6,13.2,443.7,443.7,33651.1,80.8,16525.8,16017.9,"{'timestamp': '2026-09-06T04:56:11.588730+00:00', 'model_version': 'sonct988/gemma4-26b-a4b-it-q4km-256k:latest', 'prompt_hash': 'a6af280e'}",05_excluidos
2,real_mixed_8,sonct988/gemma4-26b-a4b-it-q4km-256k:latest_baseline,3.0553641319274902,55.54,0,direct_json,0.5,0.555556,0.526316,0.0,0,21.4,31.6,17.9,444.2,444.3,33539.5,80.8,16525.8,16017.9,"{'timestamp': '2026-09-06T04:56:14.664418+00:00', 'model_version': 'sonct988/gemma4-26b-a4b-it-q4km-256k:latest', 'prompt_hash': 'a6af280e'}",05_excluidos
2,real_mixed_9,sonct988/gemma4-26b-a4b-it-q4km-256k:latest_baseline,3.055692672729492,56.64,0,direct_json,0.428571,0.6,0.5,0.0,0,18.9,22.3,17.9,444.8,444.8,33536.8,81.0,16525.8,16017.9,"{'timestamp': '2026-09-06T04:56:17.739104+00:00', 'model_version': 'sonct988/gemma4-26b-a4b-it-q4km-256k:latest', 'prompt_hash': 'a6af280e'}",05_excluidos
3,real_mixed_10,sonct988/gemma4-26b-a4b-it-q4km-256k:latest_baseline,3.05594801902771,55.98,0,direct_json,0.428571,1.0,0.6,0.0,0,19.2,31.2,18.0,445.4,445.4,33560.9,80.9,16525.8,16017.9,"{'timestamp': '2026-09-06T04:56:20.814180+00:00', 'model_version': 'sonct988/gemma4-26b-a4b-it-q4km-256k:latest', 'prompt_hash': 'a6af280e'}",05_excluidos
3,real_mixed_11,sonct988/gemma4-26b-a4b-it-q4km-256k:latest_baseline,7.105254888534546,52.92,0,direct_json,0.62069,1.0,0.765957,0.0,0,18.7,32.3,7.6,445.6,446.0,33449.8,81.2,16525.8,16017.9,"{'timestamp': '2026-09-06T04:56:27.941474+00:00', 'model_version': 'sonct988/gemma4-26b-a4b-it-q4km-256k:latest', 'prompt_hash': 'a6af280e'}",05_excluidos
3,real_mixed_12,sonct988/gemma4-26b-a4b-it-q4km-256k:latest_baseline,3.0576608180999756,55.77,0,direct_json,0.545455,0.857143,0.666667,0.0,0,18.8,28.0,17.4,166.7,385.0,33249.0,81.9,16525.8,16017.9,"{'timestamp': '2026-09-06T04:56:31.019463+00:00', 'model_version': 'sonct988/gemma4-26b-a4b-it-q4km-256k:latest', 'prompt_hash': 'a6af280e'}",05_excluidos
4,real_mixed_13,sonct988/gemma4-26b-a4b-it-q4km-256k:latest_baseline,5.07468581199646,53.38,0,direct_json,0.538462,0.823529,0.651163,0.0,0,21.1,51.9,10.7,124.8,125.2,32783.2,82.4,16525.8,16017.9,"{'timestamp': '2026-09-06T04:56:36.134207+00:00', 'model_version': 'sonct988/gemma4-26b-a4b-it-q4km-256k:latest', 'prompt_hash': 'a6af280e'}",05_excluidos
4,real_mixed_14,sonct988/gemma4-26b-a4b-it-q4km-256k:latest_baseline,5.581740856170654,53.52,0,direct_json,0.55,0.916667,0.6875,0.0,0,16.0,33.8,9.7,124.0,124.6,31748.2,84.4,16525.8,16017.9,"{'timestamp': '2026-09-06T04:56:41.735039+00:00', 'model_version': 'sonct988/gemma4-26b-a4b-it-q4km-256k:latest', 'prompt_hash': 'a6af280e'}",05_excluidos
4,real_mixed_15,sonct988/gemma4-26b-a4b-it-q4km-256k:latest_baseline,4.0660789012908936,55.47,0,direct_json,0.333333,0.888889,0.484848,0.0,0,13.7,20.9,12.8,118.9,124.6,31418.8,84.7,16525.8,16017.9,"{'timestamp': '2026-09-06T04:56:45.815616+00:00', 'model_version': 'sonct988/gemma4-26b-a4b-it-q4km-256k:latest', 'prompt_hash': 'a6af280e'}",05_excluidos
5,real_mixed_16,sonct988/gemma4-26b-a4b-it-q4km-256k:latest_baseline,3.047091007232666,55.9,0,direct_json,0.636364,0.777778,0.7,0.0909090909090909,1,20.2,37.8,17.9,122.3,122.3,31187.4,85.3,16525.8,16017.9,"{'timestamp': '2026-09-06T04:56:48.884101+00:00', 'model_version': 'sonct988/gemma4-26b-a4b-it-q4km-256k:latest', 'prompt_hash': 'a6af280e'}",05_excluidos
5,real_mixed_17,sonct988/gemma4-26b-a4b-it-q4km-256k:latest_baseline,2.055272102355957,58.22,0,direct_json,0.4,1.0,0.571429,0.0,0,14.3,17.6,26.5,122.8,122.9,31194.8,85.6,16525.8,16017.9,"{'timestamp': '2026-09-06T04:56:50.944305+00:00', 'model_version': 'sonct988/gemma4-26b-a4b-it-q4km-256k:latest', 'prompt_hash': 'a6af280e'}",05_excluidos
5,real_mixed_18,sonct988/gemma4-26b-a4b-it-q4km-256k:latest_baseline,3.0698423385620117,54.74,0,direct_json,0.692308,0.75,0.72,0.0,0,18.6,25.0,17.8,123.6,123.6,31089.4,85.6,16525.8,16017.9,"{'timestamp': '2026-09-06T04:56:54.034528+00:00', 'model_version': 'sonct988/gemma4-26b-a4b-it-q4km-256k:latest', 'prompt_hash': 'a6af280e'}",05_excluidos
6,real_mixed_19,sonct988/gemma4-26b-a4b-it-q4km-256k:latest_baseline,3.571568250656128,57.05,0,direct_json,0.772727,0.85,0.809524,0.0,0,21.6,36.9,15.5,120.4,124.4,30920.6,85.9,16525.8,16017.9,"{'timestamp': '2026-09-06T04:56:57.637980+00:00', 'model_version': 'sonct988/gemma4-26b-a4b-it-q4km-256k:latest', 'prompt_hash': 'a6af280e'}",05_excluidos
6,real_mixed_20,sonct988/gemma4-26b-a4b-it-q4km-256k:latest_baseline,39.934534788131714,53.25,0,fallback,0.5,0.608696,0.54902,0.0,0,14.0,33.9,1.3,118.7,122.8,30544.6,86.5,16525.8,16017.9,"{'timestamp': '2026-09-06T04:57:37.608858+00:00', 'model_version': 'sonct988/gemma4-26b-a4b-it-q4km-256k:latest', 'prompt_hash': 'a6af280e'}",05_excluidos
6,real_mixed_21,sonct988/gemma4-26b-a4b-it-q4km-256k:latest_baseline,4.069706916809082,54.18,0,direct_json,0.75,0.642857,0.692308,0.0,0,13.0,24.5,13.1,113.8,121.4,30671.6,86.3,16525.8,16017.9,"{'timestamp': '2026-09-06T04:57:41.707432+00:00', 'model_version': 'sonct988/gemma4-26b-a4b-it-q4km-256k:latest', 'prompt_hash': 'a6af280e'}",05_excluidos
7,real_mixed_22,sonct988/gemma4-26b-a4b-it-q4km-256k:latest_baseline,2.0485281944274902,57.67,0,direct_json,0.0,0.0,0.0,0.0,0,20.9,25.6,26.3,123.1,123.3,30447.5,86.5,16525.8,16017.9,"{'timestamp': '2026-09-06T04:57:43.770712+00:00', 'model_version': 'sonct988/gemma4-26b-a4b-it-q4km-256k:latest', 'prompt_hash': 'a6af280e'}",05_excluidos
7,real_mixed_23,sonct988/gemma4-26b-a4b-it-q4km-256k:latest_baseline,40.07341909408569,53.17,0,fallback,1.0,0.5,0.666667,0.0,0,14.0,33.1,1.4,132.7,136.2,30492.6,86.5,16525.8,16017.9,"{'timestamp': '2026-09-06T04:58:23.862769+00:00', 'model_version': 'sonct988/gemma4-26b-a4b-it-q4km-256k:latest', 'prompt_hash': 'a6af280e'}",05_excluidos
7,real_mixed_24,sonct988/gemma4-26b-a4b-it-q4km-256k:latest_baseline,2.555363178253174,55.83,0,direct_json,0.5,0.571429,0.533333,0.0,0,23.2,40.3,20.9,131.1,134.6,30587.5,86.4,16525.8,16017.9,"{'timestamp': '2026-09-06T04:58:26.437769+00:00', 'model_version': 'sonct988/gemma4-26b-a4b-it-q4km-256k:latest', 'prompt_hash': 'a6af280e'}",05_excluidos
8,real_mixed_25,sonct988/gemma4-26b-a4b-it-q4km-256k:latest_baseline,3.0487749576568604,55.66,0,direct_json,0.428571,0.5,0.461538,0.0,0,18.4,29.1,17.6,123.0,123.1,30367.7,86.9,16525.8,16017.9,"{'timestamp': '2026-09-06T04:58:29.524347+00:00', 'model_version': 'sonct988/gemma4-26b-a4b-it-q4km-256k:latest', 'prompt_hash': 'a6af280e'}",05_excluidos
8,real_mixed_26,sonct988/gemma4-26b-a4b-it-q4km-256k:latest_baseline,5.597931146621704,54.7,0,direct_json,0.564103,0.611111,0.586667,0.0,0,13.1,24.5,9.8,123.9,123.9,30222.1,86.9,16525.8,16017.9,"{'timestamp': '2026-09-06T04:58:35.173616+00:00', 'model_version': 'sonct988/gemma4-26b-a4b-it-q4km-256k:latest', 'prompt_hash': 'a6af280e'}",05_excluidos
8,real_mixed_27,sonct988/gemma4-26b-a4b-it-q4km-256k:latest_baseline,8.624878168106079,53.11,0,direct_json,0.6,0.777778,0.677419,0.0,0,12.7,23.4,6.2,124.7,124.7,30049.7,87.5,16525.8,16017.9,"{'timestamp': '2026-09-06T04:58:43.828899+00:00', 'model_version': 'sonct988/gemma4-26b-a4b-it-q4km-256k:latest', 'prompt_hash': 'a6af280e'}",05_excluidos
9,real_mixed_28,sonct988/gemma4-26b-a4b-it-q4km-256k:latest_baseline,4.103441953659058,55.66,0,direct_json,0.5625,0.6,0.580645,0.0,0,20.6,27.4,12.4,124.1,125.6,29898.5,87.6,16525.8,16017.9,"{'timestamp': '2026-09-06T04:58:47.961541+00:00', 'model_version': 'sonct988/gemma4-26b-a4b-it-q4km-256k:latest', 'prompt_hash': 'a6af280e'}",05_excluidos
9,real_mixed_29,sonct988/gemma4-26b-a4b-it-q4km-256k:latest_baseline,4.080796957015991,55.93,0,direct_json,0.434783,0.833333,0.571429,0.0,0,16.5,28.0,13.3,122.3,123.2,29669.1,88.4,16525.8,16017.9,"{'timestamp': '2026-09-06T04:58:52.096751+00:00', 'model_version': 'sonct988/gemma4-26b-a4b-it-q4km-256k:latest', 'prompt_hash': 'a6af280e'}",05_excluidos
9,real_mixed_30,sonct988/gemma4-26b-a4b-it-q4km-256k:latest_baseline,2.5585882663726807,56.75,0,direct_json,0.636364,0.875,0.736842,0.0,0,10.3,14.2,22.0,122.6,122.6,29509.3,88.4,16525.8,16017.9,"{'timestamp': '2026-09-06T04:58:54.666443+00:00', 'model_version': 'sonct988/gemma4-26b-a4b-it-q4km-256k:latest', 'prompt_hash': 'a6af280e'}",05_excluidos
10,real_mixed_31,sonct988/gemma4-26b-a4b-it-q4km-256k:latest_baseline,3.5684001445770264,57.2,0,direct_json,0.2,0.5,0.285714,0.0,0,17.8,24.8,15.4,123.8,124.7,29450.6,88.6,16525.8,16017.9,"{'timestamp': '2026-09-06T04:58:58.244389+00:00', 'model_version': 'sonct988/gemma4-26b-a4b-it-q4km-256k:latest', 'prompt_hash': 'a6af280e'}",05_excluidos
10,real_mixed_32,sonct988/gemma4-26b-a4b-it-q4km-256k:latest_baseline,3.059403896331787,56.31,0,direct_json,0.214286,0.428571,0.285714,0.0,0,17.4,26.4,17.7,123.3,124.0,29108.0,89.6,16525.8,16017.9,"{'timestamp': '2026-09-06T04:59:01.315554+00:00', 'model_version': 'sonct988/gemma4-26b-a4b-it-q4km-256k:latest', 'prompt_hash': 'a6af280e'}",05_excluidos
10,real_mixed_33,sonct988/gemma4-26b-a4b-it-q4km-256k:latest_baseline,5.0656797885894775,20.79,0,codeblock,0.666667,0.761905,0.711111,0.0,0,10.8,16.9,10.6,123.5,123.9,29003.0,89.5,16525.8,16017.9,"{'timestamp': '2026-09-06T04:59:06.404226+00:00', 'model_version': 'sonct988/gemma4-26b-a4b-it-q4km-256k:latest', 'prompt_hash': 'a6af280e'}",05_excluidos
11,real_mixed_34,sonct988/gemma4-26b-a4b-it-q4km-256k:latest_baseline,3.558709144592285,54.95,0,direct_json,0.636364,0.7,0.666667,0.0,0,16.4,25.8,15.5,123.4,124.3,28914.1,89.8,16525.8,16017.9,"{'timestamp': '2026-09-06T04:59:09.991917+00:00', 'model_version': 'sonct988/gemma4-26b-a4b-it-q4km-256k:latest', 'prompt_hash': 'a6af280e'}",05_excluidos
11,real_mixed_35,sonct988/gemma4-26b-a4b-it-q4km-256k:latest_baseline,3.0510730743408203,55.09,0,direct_json,0.583333,1.0,0.736842,0.0,0,14.8,33.1,18.1,123.2,123.4,28865.2,89.9,16525.8,16017.9,"{'timestamp': '2026-09-06T04:59:13.066524+00:00', 'model_version': 'sonct988/gemma4-26b-a4b-it-q4km-256k:latest', 'prompt_hash': 'a6af280e'}",05_excluidos
11,real_mixed_36,sonct988/gemma4-26b-a4b-it-q4km-256k:latest_baseline,3.564664125442505,56.6,0,direct_json,0.590909,0.590909,0.590909,0.0,0,12.3,16.8,15.4,123.7,123.9,28798.3,89.9,16525.8,16017.9,"{'timestamp': '2026-09-06T04:59:16.653108+00:00', 'model_version': 'sonct988/gemma4-26b-a4b-it-q4km-256k:latest', 'prompt_hash': 'a6af280e'}",05_excluidos
12,real_mixed_37,sonct988/gemma4-26b-a4b-it-q4km-256k:latest_baseline,3.579055070877075,55.39,0,direct_json,0.642857,0.75,0.692308,0.0,0,14.6,19.1,15.8,123.7,124.4,28809.1,89.8,16525.8,16017.9,"{'timestamp': '2026-09-06T04:59:20.262736+00:00', 'model_version': 'sonct988/gemma4-26b-a4b-it-q4km-256k:latest', 'prompt_hash': 'a6af280e'}",05_excluidos
12,real_mixed_38,sonct988/gemma4-26b-a4b-it-q4km-256k:latest_baseline,4.0761988162994385,54.55,0,direct_json,0.764706,1.0,0.866667,0.0,0,16.1,24.5,13.2,124.1,124.2,28872.6,88.9,16525.8,16017.9,"{'timestamp': '2026-09-06T04:59:24.371433+00:00', 'model_version': 'sonct988/gemma4-26b-a4b-it-q4km-256k:latest', 'prompt_hash': 'a6af280e'}",05_excluidos
12,real_mixed_39,sonct988/gemma4-26b-a4b-it-q4km-256k:latest_baseline,3.0632121562957764,55.77,0,direct_json,0.7,1.0,0.823529,0.0,0,11.9,18.8,17.7,124.9,124.9,29216.6,88.9,16525.8,16017.9,"{'timestamp': '2026-09-06T04:59:27.457622+00:00', 'model_version': 'sonct988/gemma4-26b-a4b-it-q4km-256k:latest', 'prompt_hash': 'a6af280e'}",05_excluidos
13,real_mixed_40,sonct988/gemma4-26b-a4b-it-q4km-256k:latest_baseline,2.539665937423706,56.54,0,direct_json,0.583333,0.583333,0.583333,0.0,0,16.6,24.8,21.4,125.4,125.7,29348.4,89.0,16525.8,16017.9,"{'timestamp': '2026-09-06T04:59:30.030583+00:00', 'model_version': 'sonct988/gemma4-26b-a4b-it-q4km-256k:latest', 'prompt_hash': 'a6af280e'}",05_excluidos
13,real_mixed_41,sonct988/gemma4-26b-a4b-it-q4km-256k:latest_baseline,3.550903081893921,55.49,0,direct_json,0.857143,0.666667,0.75,0.0,0,25.0,43.1,15.4,126.1,126.2,29333.9,88.8,16525.8,16017.9,"{'timestamp': '2026-09-06T04:59:33.619841+00:00', 'model_version': 'sonct988/gemma4-26b-a4b-it-q4km-256k:latest', 'prompt_hash': 'a6af280e'}",05_excluidos
13,real_mixed_42,sonct988/gemma4-26b-a4b-it-q4km-256k:latest_baseline,4.598427772521973,53.97,0,direct_json,0.695652,0.666667,0.680851,0.0,0,23.6,36.0,11.7,122.0,126.9,29145.7,89.2,16525.8,16017.9,"{'timestamp': '2026-09-06T04:59:38.258734+00:00', 'model_version': 'sonct988/gemma4-26b-a4b-it-q4km-256k:latest', 'prompt_hash': 'a6af280e'}",05_excluidos
14,real_mixed_43,sonct988/gemma4-26b-a4b-it-q4km-256k:latest_baseline,8.646387100219727,52.22,0,direct_json,0.7,0.913043,0.792453,0.0,0,21.2,36.1,6.3,135.8,135.9,28857.5,89.8,16525.8,16017.9,"{'timestamp': '2026-09-06T04:59:46.946643+00:00', 'model_version': 'sonct988/gemma4-26b-a4b-it-q4km-256k:latest', 'prompt_hash': 'a6af280e'}",05_excluidos
14,real_mixed_44,sonct988/gemma4-26b-a4b-it-q4km-256k:latest_baseline,4.577358722686768,54.01,0,direct_json,0.56,1.0,0.717949,0.0,0,18.3,28.5,11.9,116.3,136.0,29223.7,89.5,16525.8,16017.9,"{'timestamp': '2026-09-06T04:59:51.550843+00:00', 'model_version': 'sonct988/gemma4-26b-a4b-it-q4km-256k:latest', 'prompt_hash': 'a6af280e'}",05_excluidos
14,real_mixed_45,sonct988/gemma4-26b-a4b-it-q4km-256k:latest_baseline,3.047444105148315,56.46,0,direct_json,0.625,0.833333,0.714286,0.0,0,13.9,20.0,17.5,120.1,120.3,29321.7,88.8,16525.8,16017.9,"{'timestamp': '2026-09-06T04:59:54.621344+00:00', 'model_version': 'sonct988/gemma4-26b-a4b-it-q4km-256k:latest', 'prompt_hash': 'a6af280e'}",05_excluidos
15,real_mixed_46,sonct988/gemma4-26b-a4b-it-q4km-256k:latest_baseline,2.5484302043914795,56.76,0,direct_json,0.625,0.357143,0.454545,0.0,0,19.0,27.6,21.7,123.1,123.1,29473.8,88.6,16525.8,16017.9,"{'timestamp': '2026-09-06T04:59:57.190502+00:00', 'model_version': 'sonct988/gemma4-26b-a4b-it-q4km-256k:latest', 'prompt_hash': 'a6af280e'}",05_excluidos
15,real_mixed_47,sonct988/gemma4-26b-a4b-it-q4km-256k:latest_baseline,4.077677011489868,55.62,0,direct_json,0.703704,0.703704,0.703704,0.037037037037037,1,22.1,27.1,13.3,119.7,123.8,29208.8,89.3,16525.8,16017.9,"{'timestamp': '2026-09-06T05:00:01.300019+00:00', 'model_version': 'sonct988/gemma4-26b-a4b-it-q4km-256k:latest', 'prompt_hash': 'a6af280e'}",05_excluidos
15,real_mixed_48,sonct988/gemma4-26b-a4b-it-q4km-256k:latest_baseline,6.235597133636475,56.18,0,direct_json,0.363636,0.666667,0.470588,0.0,0,24.7,36.4,20.8,120.6,121.5,28862.3,89.9,0.0,16017.9,"{'timestamp': '2026-09-06T05:00:07.555963+00:00', 'model_version': 'sonct988/gemma4-26b-a4b-it-q4km-256k:latest', 'prompt_hash': 'a6af280e'}",05_excluidos
16,real_mixed_49,sonct988/gemma4-26b-a4b-it-q4km-256k:latest_baseline,26.907329082489017,5.11,0,direct_json,0.588235,0.714286,0.645161,0.0,0,34.9,83.5,2.0,17.3,48.2,35563.6,93.6,16525.8,16017.9,"{'timestamp': '2026-09-06T05:00:34.560653+00:00', 'model_version': 'sonct988/gemma4-26b-a4b-it-q4km-256k:latest', 'prompt_hash': 'a6af280e'}",05_excluidos
16,real_mixed_50,sonct988/gemma4-26b-a4b-it-q4km-256k:latest_baseline,16.316383838653564,6.55,0,direct_json,0.461538,0.545455,0.5,0.0,0,26.1,43.1,3.4,24.4,44.6,36376.8,93.5,16525.8,16017.9,"{'timestamp': '2026-09-06T05:00:50.907680+00:00', 'model_version': 'sonct988/gemma4-26b-a4b-it-q4km-256k:latest', 'prompt_hash': 'a6af280e'}",05_excluidos
16,real_mixed_51,sonct988/gemma4-26b-a4b-it-q4km-256k:latest_baseline,18.811131954193115,5.78,0,direct_json,0.384615,0.555556,0.454545,0.0769230769230769,1,23.1,41.1,1.6,19.0,44.5,36672.1,93.5,16525.8,16017.9,"{'timestamp': '2026-09-06T05:01:09.747113+00:00', 'model_version': 'sonct988/gemma4-26b-a4b-it-q4km-256k:latest', 'prompt_hash': 'a6af280e'}",05_excluidos
17,real_mixed_52,sonct988/gemma4-26b-a4b-it-q4km-256k:latest_baseline,24.932780981063843,6.24,0,direct_json,0.571429,0.857143,0.685714,0.0,0,20.8,40.5,2.3,21.0,46.0,36867.3,93.4,16525.8,16017.9,"{'timestamp': '2026-09-06T05:01:34.720236+00:00', 'model_version': 'sonct988/gemma4-26b-a4b-it-q4km-256k:latest', 'prompt_hash': 'a6af280e'}",05_excluidos
17,real_mixed_53,sonct988/gemma4-26b-a4b-it-q4km-256k:latest_baseline,5.636933088302612,26.45,0,direct_json,0.25,0.666667,0.363636,0.0,0,17.0,24.7,9.7,44.3,44.4,36696.8,91.0,16525.8,16017.9,"{'timestamp': '2026-09-06T05:01:40.372020+00:00', 'model_version': 'sonct988/gemma4-26b-a4b-it-q4km-256k:latest', 'prompt_hash': 'a6af280e'}",05_excluidos
17,real_mixed_54,sonct988/gemma4-26b-a4b-it-q4km-256k:latest_baseline,3.617604970932007,27.51,0,direct_json,0.428571,0.75,0.545455,0.0,0,20.1,31.6,15.3,45.2,45.4,36293.3,92.1,16525.8,16017.9,"{'timestamp': '2026-09-06T05:01:44.002728+00:00', 'model_version': 'sonct988/gemma4-26b-a4b-it-q4km-256k:latest', 'prompt_hash': 'a6af280e'}",05_excluidos
18,real_mixed_55,sonct988/gemma4-26b-a4b-it-q4km-256k:latest_baseline,7.170533180236816,24.92,0,direct_json,0.210526,0.444444,0.285714,0.0,0,27.5,37.3,9.8,42.6,55.0,35796.9,93.3,16525.8,16017.9,"{'timestamp': '2026-09-06T05:01:51.216571+00:00', 'model_version': 'sonct988/gemma4-26b-a4b-it-q4km-256k:latest', 'prompt_hash': 'a6af280e'}",05_excluidos
18,real_mixed_56,sonct988/gemma4-26b-a4b-it-q4km-256k:latest_baseline,81.99129891395569,26.02,0,fallback,0.0,0.0,0.0,0.0,0,24.0,52.6,0.7,16.8,45.0,35595.6,93.0,16525.8,16017.9,"{'timestamp': '2026-09-06T05:03:13.229917+00:00', 'model_version': 'sonct988/gemma4-26b-a4b-it-q4km-256k:latest', 'prompt_hash': 'a6af280e'}",05_excluidos
18,real_mixed_57,sonct988/gemma4-26b-a4b-it-q4km-256k:latest_baseline,4.0712199211120605,54.47,0,direct_json,0.666667,0.777778,0.717949,0.0476190476190476,1,22.3,30.0,13.0,44.7,44.8,33955.6,89.5,16525.8,16017.9,"{'timestamp': '2026-09-06T05:03:17.331256+00:00', 'model_version': 'sonct988/gemma4-26b-a4b-it-q4km-256k:latest', 'prompt_hash': 'a6af280e'}",05_excluidos
19,real_mixed_58,sonct988/gemma4-26b-a4b-it-q4km-256k:latest_baseline,3.5505480766296387,54.44,0,direct_json,0.538462,0.636364,0.583333,0.0,0,22.9,34.6,14.3,47.6,47.6,29014.5,89.8,16525.8,16017.9,"{'timestamp': '2026-09-06T05:03:20.905659+00:00', 'model_version': 'sonct988/gemma4-26b-a4b-it-q4km-256k:latest', 'prompt_hash': 'a6af280e'}",05_excluidos
19,real_mixed_59,sonct988/gemma4-26b-a4b-it-q4km-256k:latest_baseline,7.103977918624878,51.37,0,direct_json,0.485714,0.809524,0.607143,0.0,0,26.0,40.5,7.5,47.1,48.4,28817.0,89.9,16525.8,16017.9,"{'timestamp': '2026-09-06T05:03:28.047632+00:00', 'model_version': 'sonct988/gemma4-26b-a4b-it-q4km-256k:latest', 'prompt_hash': 'a6af280e'}",05_excluidos
19,real_mixed_60,sonct988/gemma4-26b-a4b-it-q4km-256k:latest_baseline,4.0767199993133545,52.68,0,direct_json,0.833333,0.769231,0.8,0.0,0,19.3,31.3,13.5,45.6,47.6,28922.5,90.0,16525.8,16017.9,"{'timestamp': '2026-09-06T05:03:32.146556+00:00', 'model_version': 'sonct988/gemma4-26b-a4b-it-q4km-256k:latest', 'prompt_hash': 'a6af280e'}",05_excluidos
20,real_mixed_61,sonct988/gemma4-26b-a4b-it-q4km-256k:latest_baseline,10.65247106552124,50.73,0,direct_json,0.45,0.642857,0.529412,0.025,1,20.8,38.0,5.1,46.4,47.6,28866.8,89.9,16525.8,16017.9,"{'timestamp': '2026-09-06T05:03:42.852366+00:00', 'model_version': 'sonct988/gemma4-26b-a4b-it-q4km-256k:latest', 'prompt_hash': 'a6af280e'}",05_excluidos
20,real_mixed_62,sonct988/gemma4-26b-a4b-it-q4km-256k:latest_baseline,5.10539698600769,52.51,0,direct_json,0.388889,0.636364,0.482759,0.0,0,18.6,38.2,10.9,43.6,47.6,28877.8,89.9,16525.8,16017.9,"{'timestamp': '2026-09-06T05:03:47.982560+00:00', 'model_version': 'sonct988/gemma4-26b-a4b-it-q4km-256k:latest', 'prompt_hash': 'a6af280e'}",05_excluidos
20,real_mixed_63,sonct988/gemma4-26b-a4b-it-q4km-256k:latest_baseline,3.5586962699890137,54.72,0,direct_json,0.285714,0.5,0.363636,0.0,0,18.0,26.9,15.3,45.6,45.8,28921.5,90.1,16525.8,16017.9,"{'timestamp': '2026-09-06T05:03:51.560657+00:00', 'model_version': 'sonct988/gemma4-26b-a4b-it-q4km-256k:latest', 'prompt_hash': 'a6af280e'}",05_excluidos
21,real_mixed_64,sonct988/gemma4-26b-a4b-it-q4km-256k:latest_baseline,3.047323942184448,54.2,0,direct_json,0.166667,1.0,0.285714,0.0,0,26.9,40.7,17.5,47.1,48.0,28899.2,90.0,16525.8,16017.9,"{'timestamp': '2026-09-06T05:03:54.625342+00:00', 'model_version': 'sonct988/gemma4-26b-a4b-it-q4km-256k:latest', 'prompt_hash': 'a6af280e'}",05_excluidos
21,real_mixed_65,sonct988/gemma4-26b-a4b-it-q4km-256k:latest_baseline,4.063919305801392,52.82,0,direct_json,0.444444,0.5,0.470588,0.0,0,21.6,28.9,13.4,46.9,47.0,28877.1,90.0,16525.8,16017.9,"{'timestamp': '2026-09-06T05:03:58.709243+00:00', 'model_version': 'sonct988/gemma4-26b-a4b-it-q4km-256k:latest', 'prompt_hash': 'a6af280e'}",05_excluidos
21,real_mixed_66,sonct988/gemma4-26b-a4b-it-q4km-256k:latest_baseline,4.05576491355896,53.69,0,direct_json,0.388889,0.35,0.368421,0.0,0,15.3,20.9,13.3,47.5,47.9,28888.0,89.9,16525.8,16017.9,"{'timestamp': '2026-09-06T05:04:02.790125+00:00', 'model_version': 'sonct988/gemma4-26b-a4b-it-q4km-256k:latest', 'prompt_hash': 'a6af280e'}",05_excluidos
22,real_mixed_67,sonct988/gemma4-26b-a4b-it-q4km-256k:latest_baseline,5.082551956176758,52.63,0,direct_json,0.5,0.647059,0.564103,0.1363636363636363,3,22.0,37.0,10.7,54.9,55.0,28847.4,89.8,16525.8,16017.9,"{'timestamp': '2026-09-06T05:04:07.916453+00:00', 'model_version': 'sonct988/gemma4-26b-a4b-it-q4km-256k:latest', 'prompt_hash': 'a6af280e'}",05_excluidos
22,real_mixed_68,sonct988/gemma4-26b-a4b-it-q4km-256k:latest_baseline,3.547797679901123,54.65,0,direct_json,0.5625,0.692308,0.62069,0.0,0,18.0,38.0,15.3,53.0,54.9,28901.0,89.9,16525.8,16017.9,"{'timestamp': '2026-09-06T05:04:11.480749+00:00', 'model_version': 'sonct988/gemma4-26b-a4b-it-q4km-256k:latest', 'prompt_hash': 'a6af280e'}",05_excluidos
22,real_mixed_69,sonct988/gemma4-26b-a4b-it-q4km-256k:latest_baseline,4.575139999389648,53.16,0,direct_json,0.84,0.875,0.857143,0.0,0,18.0,23.4,11.9,54.3,54.7,28834.3,89.9,16525.8,16017.9,"{'timestamp': '2026-09-06T05:04:16.094218+00:00', 'model_version': 'sonct988/gemma4-26b-a4b-it-q4km-256k:latest', 'prompt_hash': 'a6af280e'}",05_excluidos
23,real_mixed_70,sonct988/gemma4-26b-a4b-it-q4km-256k:latest_baseline,42.106106996536255,51.68,0,fallback,0.55,0.6875,0.611111,0.05,2,16.8,32.7,1.3,27.9,54.9,28926.9,89.7,16525.8,16017.9,"{'timestamp': '2026-09-06T05:04:58.247216+00:00', 'model_version': 'sonct988/gemma4-26b-a4b-it-q4km-256k:latest', 'prompt_hash': 'a6af280e'}",05_excluidos
23,real_mixed_71,sonct988/gemma4-26b-a4b-it-q4km-256k:latest_baseline,3.5706512928009033,52.91,0,direct_json,0.5,0.5,0.5,0.0,0,15.5,25.9,14.9,45.0,45.2,28967.1,89.9,16525.8,16017.9,"{'timestamp': '2026-09-06T05:05:01.849583+00:00', 'model_version': 'sonct988/gemma4-26b-a4b-it-q4km-256k:latest', 'prompt_hash': 'a6af280e'}",05_excluidos
23,real_mixed_72,sonct988/gemma4-26b-a4b-it-q4km-256k:latest_baseline,3.5617668628692627,10.22,0,fallback,0.0,0.0,0.0,0.0,0,21.0,26.6,15.4,45.7,46.0,28841.2,89.9,16525.8,16017.9,"{'timestamp': '2026-09-06T05:05:05.435115+00:00', 'model_version': 'sonct988/gemma4-26b-a4b-it-q4km-256k:latest', 'prompt_hash': 'a6af280e'}",05_excluidos
24,real_mixed_73,sonct988/gemma4-26b-a4b-it-q4km-256k:latest_baseline,5.069561719894409,14.87,0,codeblock,1.0,0.333333,0.5,0.0,0,25.2,36.5,10.7,30.6,48.4,28994.3,90.0,16525.8,16017.9,"{'timestamp': '2026-09-06T05:05:10.535681+00:00', 'model_version': 'sonct988/gemma4-26b-a4b-it-q4km-256k:latest', 'prompt_hash': 'a6af280e'}",05_excluidos
24,real_mixed_74,sonct988/gemma4-26b-a4b-it-q4km-256k:latest_baseline,3.558769941329956,53.77,0,direct_json,0.75,0.9,0.818182,0.0,0,20.5,33.2,15.1,46.9,47.1,28933.9,89.9,16525.8,16017.9,"{'timestamp': '2026-09-06T05:05:14.119999+00:00', 'model_version': 'sonct988/gemma4-26b-a4b-it-q4km-256k:latest', 'prompt_hash': 'a6af280e'}",05_excluidos
24,real_mixed_75,sonct988/gemma4-26b-a4b-it-q4km-256k:latest_baseline,3.079249143600464,54.61,0,direct_json,0.5,0.666667,0.571429,0.0,0,18.3,26.3,17.7,46.3,47.6,28874.0,90.0,16525.8,16017.9,"{'timestamp': '2026-09-06T05:05:17.214649+00:00', 'model_version': 'sonct988/gemma4-26b-a4b-it-q4km-256k:latest', 'prompt_hash': 'a6af280e'}",05_excluidos
25,real_mixed_76,sonct988/gemma4-26b-a4b-it-q4km-256k:latest_baseline,2.5502848625183105,56.97,0,direct_json,0.0,0.0,0.0,0.0,0,24.9,38.5,20.9,53.1,53.1,28863.4,89.9,16525.8,16017.9,"{'timestamp': '2026-09-06T05:05:19.790004+00:00', 'model_version': 'sonct988/gemma4-26b-a4b-it-q4km-256k:latest', 'prompt_hash': 'a6af280e'}",05_excluidos
25,real_mixed_77,sonct988/gemma4-26b-a4b-it-q4km-256k:latest_baseline,5.572132110595703,52.73,0,fallback,0.592593,0.888889,0.711111,0.0,0,22.7,45.3,6.5,52.7,53.0,28868.4,89.9,16525.8,16017.9,"{'timestamp': '2026-09-06T05:05:25.405566+00:00', 'model_version': 'sonct988/gemma4-26b-a4b-it-q4km-256k:latest', 'prompt_hash': 'a6af280e'}",05_excluidos
25,real_mixed_78,sonct988/gemma4-26b-a4b-it-q4km-256k:latest_baseline,5.585139989852905,51.76,0,direct_json,0.444444,1.0,0.615385,0.0,0,16.7,30.3,9.7,48.8,53.0,28897.8,89.9,16525.8,16017.9,"{'timestamp': '2026-09-06T05:05:31.002237+00:00', 'model_version': 'sonct988/gemma4-26b-a4b-it-q4km-256k:latest', 'prompt_hash': 'a6af280e'}",05_excluidos
26,real_mixed_79,sonct988/gemma4-26b-a4b-it-q4km-256k:latest_baseline,6.618363857269287,51.37,0,direct_json,0.5,0.7,0.583333,0.0,0,19.2,26.2,8.2,48.8,49.3,28824.5,89.9,16525.8,16017.9,"{'timestamp': '2026-09-06T05:05:37.644789+00:00', 'model_version': 'sonct988/gemma4-26b-a4b-it-q4km-256k:latest', 'prompt_hash': 'a6af280e'}",05_excluidos
26,real_mixed_80,sonct988/gemma4-26b-a4b-it-q4km-256k:latest_baseline,7.112881898880005,51.9,0,direct_json,0.555556,0.8,0.655738,0.0,0,14.4,23.8,7.9,49.2,49.5,28931.0,89.8,16525.8,16017.9,"{'timestamp': '2026-09-06T05:05:44.798646+00:00', 'model_version': 'sonct988/gemma4-26b-a4b-it-q4km-256k:latest', 'prompt_hash': 'a6af280e'}",05_excluidos
26,real_mixed_81,sonct988/gemma4-26b-a4b-it-q4km-256k:latest_baseline,3.5669469833374023,54.96,0,direct_json,0.545455,0.545455,0.545455,0.0,0,18.2,23.8,4.9,49.1,49.8,28898.8,89.9,16525.8,16017.9,"{'timestamp': '2026-09-06T05:05:48.395130+00:00', 'model_version': 'sonct988/gemma4-26b-a4b-it-q4km-256k:latest', 'prompt_hash': 'a6af280e'}",05_excluidos
27,real_mixed_82,sonct988/gemma4-26b-a4b-it-q4km-256k:latest_baseline,6.588348865509033,54.19,0,direct_json,0.4,0.666667,0.5,0.0,0,16.1,30.5,5.0,50.1,50.5,28904.0,89.9,16525.8,16017.9,"{'timestamp': '2026-09-06T05:05:55.016072+00:00', 'model_version': 'sonct988/gemma4-26b-a4b-it-q4km-256k:latest', 'prompt_hash': 'a6af280e'}",05_excluidos
27,real_mixed_83,sonct988/gemma4-26b-a4b-it-q4km-256k:latest_baseline,3.0456151962280273,55.26,0,direct_json,0.8,0.8,0.8,0.0,0,16.8,30.4,10.9,49.8,49.8,28946.1,90.0,16525.8,16017.9,"{'timestamp': '2026-09-06T05:05:51.468718+00:00', 'model_version': 'sonct988/gemma4-26b-a4b-it-q4km-256k:latest', 'prompt_hash': 'a6af280e'}",05_excluidos
27,real_mixed_84,sonct988/gemma4-26b-a4b-it-q4km-256k:latest_baseline,6.112506151199341,54.34,0,direct_json,0.777778,0.777778,0.777778,0.0,0,17.2,22.8,9.6,50.0,50.5,28902.5,89.9,16525.8,16017.9,"{'timestamp': '2026-09-06T05:05:57.601864+00:00', 'model_version': 'sonct988/gemma4-26b-a4b-it-q4km-256k:latest', 'prompt_hash': 'a6af280e'}",05_excluidos
28,real_mixed_85,sonct988/gemma4-26b-a4b-it-q4km-256k:latest_baseline,3.560825824737549,55.13,0,direct_json,0.545455,0.75,0.631579,0.0,0,18.2,27.6,26.3,53.1,53.7,28916.7,89.9,16525.8,16017.9,"{'timestamp': '2026-09-06T05:06:01.196123+00:00', 'model_version': 'sonct988/gemma4-26b-a4b-it-q4km-256k:latest', 'prompt_hash': 'a6af280e'}",05_excluidos
28,real_mixed_86,sonct988/gemma4-26b-a4b-it-q4km-256k:latest_baseline,6.583561897277832,53.69,0,direct_json,0.75,0.692308,0.72,0.0833333333333333,1,18.7,28.1,9.2,53.0,53.7,28931.5,89.8,16525.8,16017.9,"{'timestamp': '2026-09-06T05:06:04.229852+00:00', 'model_version': 'sonct988/gemma4-26b-a4b-it-q4km-256k:latest', 'prompt_hash': 'a6af280e'}",05_excluidos
28,real_mixed_87,sonct988/gemma4-26b-a4b-it-q4km-256k:latest_baseline,5.105808258056641,54.73,0,direct_json,0.5,0.571429,0.533333,0.0,0,18.0,29.5,11.4,52.9,53.0,28849.5,89.7,16525.8,16017.9,"{'timestamp': '2026-09-06T05:06:06.322600+00:00', 'model_version': 'sonct988/gemma4-26b-a4b-it-q4km-256k:latest', 'prompt_hash': 'a6af280e'}",05_excluidos
29,real_mixed_88,sonct988/gemma4-26b-a4b-it-q4km-256k:latest_baseline,3.5552589893341064,55.61,0,direct_json,0.333333,0.75,0.461538,0.0,0,18.0,25.5,15.5,52.9,53.1,28813.2,89.9,16525.8,16017.9,"{'timestamp': '2026-09-06T05:06:09.905216+00:00', 'model_version': 'sonct988/gemma4-26b-a4b-it-q4km-256k:latest', 'prompt_hash': 'a6af280e'}",05_excluidos
29,real_mixed_89,sonct988/gemma4-26b-a4b-it-q4km-256k:latest_baseline,6.092855930328369,54.6,0,direct_json,0.727273,0.615385,0.666667,0.0,0,19.5,31.5,9.5,52.8,53.1,28815.1,89.9,16525.8,16017.9,"{'timestamp': '2026-09-06T05:06:12.449464+00:00', 'model_version': 'sonct988/gemma4-26b-a4b-it-q4km-256k:latest', 'prompt_hash': 'a6af280e'}",05_excluidos
29,real_mixed_90,sonct988/gemma4-26b-a4b-it-q4km-256k:latest_baseline,6.604836702346802,53.01,0,direct_json,0.363636,1.0,0.533333,0.0,0,19.3,29.9,8.5,49.3,52.8,28789.1,89.8,16525.8,16017.9,"{'timestamp': '2026-09-06T05:06:16.529415+00:00', 'model_version': 'sonct988/gemma4-26b-a4b-it-q4km-256k:latest', 'prompt_hash': 'a6af280e'}",05_excluidos
30,real_mixed_91,sonct988/gemma4-26b-a4b-it-q4km-256k:latest_baseline,3.566699981689453,52.88,0,direct_json,0.642857,0.75,0.692308,0.0,0,25.2,45.2,17.3,48.8,49.4,28845.5,89.9,16525.8,16017.9,"{'timestamp': '2026-09-06T05:06:20.121293+00:00', 'model_version': 'sonct988/gemma4-26b-a4b-it-q4km-256k:latest', 'prompt_hash': 'a6af280e'}",05_excluidos
30,real_mixed_92,sonct988/gemma4-26b-a4b-it-q4km-256k:latest_baseline,8.119848251342773,53.18,0,direct_json,0.555556,0.666667,0.606061,0.0,0,21.9,45.2,7.4,48.8,49.4,28843.4,89.9,16525.8,16017.9,"{'timestamp': '2026-09-06T05:06:24.682690+00:00', 'model_version': 'sonct988/gemma4-26b-a4b-it-q4km-256k:latest', 'prompt_hash': 'a6af280e'}",05_excluidos
30,real_mixed_93,sonct988/gemma4-26b-a4b-it-q4km-256k:latest_baseline,7.104245185852051,54.06,0,direct_json,0.615385,0.8,0.695652,0.0,0,19.9,28.9,8.0,47.8,49.1,28872.4,89.9,16525.8,16017.9,"{'timestamp': '2026-09-06T05:06:27.241648+00:00', 'model_version': 'sonct988/gemma4-26b-a4b-it-q4km-256k:latest', 'prompt_hash': 'a6af280e'}",05_excluidos
31,real_mixed_94,sonct988/gemma4-26b-a4b-it-q4km-256k:latest_baseline,6.080039978027344,53.48,0,direct_json,0.8,0.8,0.8,0.0,0,21.0,34.3,9.6,53.1,53.5,28921.3,89.9,16525.8,16017.9,"{'timestamp': '2026-09-06T05:06:33.359824+00:00', 'model_version': 'sonct988/gemma4-26b-a4b-it-q4km-256k:latest', 'prompt_hash': 'a6af280e'}",05_excluidos
31,real_mixed_95,sonct988/gemma4-26b-a4b-it-q4km-256k:latest_baseline,3.0427629947662354,54.85,0,direct_json,0.111111,0.5,0.181818,0.0,0,24.6,34.6,18.8,53.4,53.5,28897.4,89.8,16525.8,16017.9,"{'timestamp': '2026-09-06T05:06:30.306779+00:00', 'model_version': 'sonct988/gemma4-26b-a4b-it-q4km-256k:latest', 'prompt_hash': 'a6af280e'}",05_excluidos
31,real_mixed_96,sonct988/gemma4-26b-a4b-it-q4km-256k:latest_baseline,6.111083984375,53.32,0,direct_json,0.533333,0.666667,0.592593,0.0,0,16.3,27.3,9.3,52.8,53.5,28991.0,89.8,16525.8,16017.9,"{'timestamp': '2026-09-06T05:06:36.447814+00:00', 'model_version': 'sonct988/gemma4-26b-a4b-it-q4km-256k:latest', 'prompt_hash': 'a6af280e'}",05_excluidos
32,real_mixed_97,sonct988/gemma4-26b-a4b-it-q4km-256k:latest_baseline,4.066636800765991,53.88,0,direct_json,0.5,0.777778,0.608696,0.0714285714285714,1,24.7,34.7,14.6,50.5,53.0,28974.6,89.8,16525.8,16017.9,"{'timestamp': '2026-09-06T05:06:40.550508+00:00', 'model_version': 'sonct988/gemma4-26b-a4b-it-q4km-256k:latest', 'prompt_hash': 'a6af280e'}",05_excluidos
32,real_mixed_98,sonct988/gemma4-26b-a4b-it-q4km-256k:latest_baseline,8.633088111877441,52.41,0,direct_json,0.6,0.535714,0.566038,0.0,0,19.5,35.3,7.1,49.5,53.0,28954.7,89.9,16525.8,16017.9,"{'timestamp': '2026-09-06T05:06:45.134814+00:00', 'model_version': 'sonct988/gemma4-26b-a4b-it-q4km-256k:latest', 'prompt_hash': 'a6af280e'}",05_excluidos
32,real_mixed_99,sonct988/gemma4-26b-a4b-it-q4km-256k:latest_baseline,6.597899913787842,55.89,0,direct_json,0.222222,1.0,0.363636,0.0,0,16.1,25.5,9.1,48.7,48.7,28972.1,89.8,16525.8,16017.9,"{'timestamp': '2026-09-06T05:06:47.158032+00:00', 'model_version': 'sonct988/gemma4-26b-a4b-it-q4km-256k:latest', 'prompt_hash': 'a6af280e'}",05_excluidos
33,real_mixed_100,sonct988/gemma4-26b-a4b-it-q4km-256k:latest_baseline,46.10357594490051,2.57,0,fallback,0.111111,0.25,0.153846,0.1111111111111111,2,16.8,32.3,1.4,31.8,51.3,28987.1,89.7,16525.8,16017.9,"{'timestamp': '2026-09-06T05:07:33.295482+00:00', 'model_version': 'sonct988/gemma4-26b-a4b-it-q4km-256k:latest', 'prompt_hash': 'a6af280e'}",05_excluidos
33,real_mixed_101,sonct988/gemma4-26b-a4b-it-q4km-256k:latest_baseline,41.066725969314575,51.92,0,codeblock,0.375,0.6,0.461538,0.0,0,16.7,31.2,1.9,30.3,51.3,28990.2,89.6,16525.8,16017.9,"{'timestamp': '2026-09-06T05:07:28.253813+00:00', 'model_version': 'sonct988/gemma4-26b-a4b-it-q4km-256k:latest', 'prompt_hash': 'a6af280e'}",05_excluidos
33,real_mixed_102,sonct988/gemma4-26b-a4b-it-q4km-256k:latest_baseline,5.582819223403931,56.86,0,direct_json,0.0,0.0,0.0,0.0,0,18.1,32.6,10.2,45.3,45.7,28958.9,89.8,16525.8,16017.9,"{'timestamp': '2026-09-06T05:07:33.843370+00:00', 'model_version': 'sonct988/gemma4-26b-a4b-it-q4km-256k:latest', 'prompt_hash': 'a6af280e'}",05_excluidos
34,real_mixed_103,sonct988/gemma4-26b-a4b-it-q4km-256k:latest_baseline,1.5285301208496094,55.97,0,direct_json,0.0,0.0,0.0,0.0,0,19.7,23.2,38.1,49.5,49.6,29210.7,89.3,16525.8,16017.9,"{'timestamp': '2026-09-06T05:07:35.398231+00:00', 'model_version': 'sonct988/gemma4-26b-a4b-it-q4km-256k:latest', 'prompt_hash': 'a6af280e'}",05_excluidos
34,real_mixed_104,sonct988/gemma4-26b-a4b-it-q4km-256k:latest_baseline,4.569230079650879,53.97,0,direct_json,0.333333,0.6,0.428571,0.0,0,21.9,28.6,12.8,49.9,50.3,29134.4,89.5,16525.8,16017.9,"{'timestamp': '2026-09-06T05:07:38.457039+00:00', 'model_version': 'sonct988/gemma4-26b-a4b-it-q4km-256k:latest', 'prompt_hash': 'a6af280e'}",05_excluidos
34,real_mixed_105,sonct988/gemma4-26b-a4b-it-q4km-256k:latest_baseline,6.120990991592407,53.67,0,direct_json,0.533333,0.842105,0.653061,0.0,0,19.9,29.2,9.1,48.8,50.3,29088.6,89.6,16525.8,16017.9,"{'timestamp': '2026-09-06T05:07:41.555164+00:00', 'model_version': 'sonct988/gemma4-26b-a4b-it-q4km-256k:latest', 'prompt_hash': 'a6af280e'}",05_excluidos
35,real_mixed_106,sonct988/gemma4-26b-a4b-it-q4km-256k:latest_baseline,2.0304160118103027,56.19,0,direct_json,0.666667,1.0,0.8,0.0,0,25.4,32.6,27.8,51.2,51.5,28901.7,89.7,16525.8,16017.9,"{'timestamp': '2026-09-06T05:07:43.616542+00:00', 'model_version': 'sonct988/gemma4-26b-a4b-it-q4km-256k:latest', 'prompt_hash': 'a6af280e'}",05_excluidos
35,real_mixed_107,sonct988/gemma4-26b-a4b-it-q4km-256k:latest_baseline,6.108983039855957,52.05,0,direct_json,0.684211,1.0,0.8125,0.0,0,22.2,32.6,9.7,51.5,51.7,28904.6,89.9,16525.8,16017.9,"{'timestamp': '2026-09-06T05:07:47.698362+00:00', 'model_version': 'sonct988/gemma4-26b-a4b-it-q4km-256k:latest', 'prompt_hash': 'a6af280e'}",05_excluidos
35,real_mixed_108,sonct988/gemma4-26b-a4b-it-q4km-256k:latest_baseline,6.619034051895142,53.56,0,direct_json,0.272727,0.6,0.375,0.0,0,20.6,30.3,8.6,51.6,51.7,28919.5,89.9,16525.8,16017.9,"{'timestamp': '2026-09-06T05:07:50.255746+00:00', 'model_version': 'sonct988/gemma4-26b-a4b-it-q4km-256k:latest', 'prompt_hash': 'a6af280e'}",05_excluidos
36,real_mixed_109,sonct988/gemma4-26b-a4b-it-q4km-256k:latest_baseline,49.70274782180786,52.73,0,direct_json,0.576923,0.625,0.6,0.0,0,17.8,35.2,2.5,28.8,52.5,28955.7,89.7,16525.8,16017.9,"{'timestamp': '2026-09-06T05:08:40.029495+00:00', 'model_version': 'sonct988/gemma4-26b-a4b-it-q4km-256k:latest', 'prompt_hash': 'a6af280e'}",05_excluidos
36,real_mixed_110,sonct988/gemma4-26b-a4b-it-q4km-256k:latest_baseline,5.593076944351196,52.41,0,direct_json,0.571429,0.631579,0.6,0.0,0,15.0,29.0,14.6,50.7,52.6,29015.1,89.3,16525.8,16017.9,"{'timestamp': '2026-09-06T05:07:55.913150+00:00', 'model_version': 'sonct988/gemma4-26b-a4b-it-q4km-256k:latest', 'prompt_hash': 'a6af280e'}",05_excluidos
36,real_mixed_111,sonct988/gemma4-26b-a4b-it-q4km-256k:latest_baseline,45.69301700592041,51.81,0,codeblock,0.3,0.473684,0.367347,0.0333333333333333,2,16.4,33.1,2.4,27.9,52.5,28954.4,89.7,16525.8,16017.9,"{'timestamp': '2026-09-06T05:08:36.009312+00:00', 'model_version': 'sonct988/gemma4-26b-a4b-it-q4km-256k:latest', 'prompt_hash': 'a6af280e'}",05_excluidos
37,real_mixed_112,sonct988/gemma4-26b-a4b-it-q4km-256k:latest_baseline,41.05251502990723,51.8,0,codeblock,0.333333,0.6,0.428571,0.1111111111111111,1,18.4,45.6,1.4,22.6,50.0,29045.3,89.6,16525.8,16017.9,"{'timestamp': '2026-09-06T05:09:21.108048+00:00', 'model_version': 'sonct988/gemma4-26b-a4b-it-q4km-256k:latest', 'prompt_hash': 'a6af280e'}",05_excluidos
37,real_mixed_113,sonct988/gemma4-26b-a4b-it-q4km-256k:latest_baseline,43.06764101982117,54.54,0,direct_json,0.8,0.888889,0.842105,0.0,0,18.2,45.6,1.5,23.3,50.0,29056.6,89.5,16525.8,16017.9,"{'timestamp': '2026-09-06T05:09:23.127882+00:00', 'model_version': 'sonct988/gemma4-26b-a4b-it-q4km-256k:latest', 'prompt_hash': 'a6af280e'}",05_excluidos
37,real_mixed_114,sonct988/gemma4-26b-a4b-it-q4km-256k:latest_baseline,84.10004901885986,51.43,0,fallback,0.352941,0.923077,0.510638,0.0,0,18.5,45.8,0.8,24.9,50.0,29082.9,89.5,16525.8,16017.9,"{'timestamp': '2026-09-06T05:10:04.159991+00:00', 'model_version': 'sonct988/gemma4-26b-a4b-it-q4km-256k:latest', 'prompt_hash': 'a6af280e'}",05_excluidos
38,real_mixed_115,sonct988/gemma4-26b-a4b-it-q4km-256k:latest_baseline,2.0934488773345947,54.55,0,direct_json,0.5,1.0,0.666667,0.0,0,12.6,30.4,26.9,49.8,49.8,29336.1,90.0,16525.8,16017.9,"{'timestamp': '2026-09-06T05:10:06.278272+00:00', 'model_version': 'sonct988/gemma4-26b-a4b-it-q4km-256k:latest', 'prompt_hash': 'a6af280e'}",05_excluidos
38,real_mixed_116,sonct988/gemma4-26b-a4b-it-q4km-256k:latest_baseline,4.112289905548096,53.96,0,direct_json,0.4,1.0,0.571429,0.0,0,19.7,39.9,13.7,49.8,49.8,29532.5,90.1,16525.8,16017.9,"{'timestamp': '2026-09-06T05:10:08.295650+00:00', 'model_version': 'sonct988/gemma4-26b-a4b-it-q4km-256k:latest', 'prompt_hash': 'a6af280e'}",05_excluidos
38,real_mixed_117,sonct988/gemma4-26b-a4b-it-q4km-256k:latest_baseline,9.179283142089844,48.38,0,direct_json,0.263158,0.625,0.37037,0.0526315789473684,1,38.2,75.9,6.4,43.0,49.8,29970.0,90.4,16525.8,16017.9,"{'timestamp': '2026-09-06T05:10:13.373327+00:00', 'model_version': 'sonct988/gemma4-26b-a4b-it-q4km-256k:latest', 'prompt_hash': 'a6af280e'}",05_excluidos
39,real_mixed_118,sonct988/gemma4-26b-a4b-it-q4km-256k:latest_baseline,4.628599166870117,54.01,0,direct_json,0.625,1.0,0.769231,0.0,0,25.8,42.2,14.0,43.9,49.6,31031.4,91.1,16525.8,16017.9,"{'timestamp': '2026-09-06T05:10:18.030802+00:00', 'model_version': 'sonct988/gemma4-26b-a4b-it-q4km-256k:latest', 'prompt_hash': 'a6af280e'}",05_excluidos
39,real_mixed_119,sonct988/gemma4-26b-a4b-it-q4km-256k:latest_baseline,3.1118431091308594,53.23,0,direct_json,0.625,0.833333,0.714286,0.0,0,30.9,49.4,21.3,43.4,49.6,30869.8,91.0,16525.8,16017.9,"{'timestamp': '2026-09-06T05:10:16.512834+00:00', 'model_version': 'sonct988/gemma4-26b-a4b-it-q4km-256k:latest', 'prompt_hash': 'a6af280e'}",05_excluidos
39,real_mixed_120,sonct988/gemma4-26b-a4b-it-q4km-256k:latest_baseline,55.7808518409729,41.37,0,fallback,0.357143,1.0,0.526316,0.0,0,23.7,46.7,1.1,21.0,49.6,33225.0,91.9,16525.8,16017.9,"{'timestamp': '2026-09-06T05:11:09.182424+00:00', 'model_version': 'sonct988/gemma4-26b-a4b-it-q4km-256k:latest', 'prompt_hash': 'a6af280e'}",05_excluidos
0,real_mixed_1,sonct988/gemma4-26b-a4b-it-q4km-256k:latest_kb_rag,14.757028102874756,25.62,0,direct_json,0.705882,0.923077,0.8,0.0,0,13.9,48.8,24.8,161.8,581.8,34712.9,92.3,16525.8,16017.9,"{'timestamp': '2026-09-06T05:11:25.248838+00:00', 'model_version': 'sonct988/gemma4-26b-a4b-it-q4km-256k:latest', 'prompt_hash': 'a6af280e'}",05_excluidos
0,real_mixed_2,sonct988/gemma4-26b-a4b-it-q4km-256k:latest_kb_rag,39.48010492324829,52.44,0,direct_json,0.5,0.5,0.5,0.0,0,15.6,50.0,2.4,94.2,583.2,32655.8,89.5,16525.8,16017.9,"{'timestamp': '2026-09-06T05:11:49.979478+00:00', 'model_version': 'sonct988/gemma4-26b-a4b-it-q4km-256k:latest', 'prompt_hash': 'a6af280e'}",05_excluidos
0,real_mixed_3,sonct988/gemma4-26b-a4b-it-q4km-256k:latest_kb_rag,6.073608160018921,35.3,0,direct_json,0.5,0.5,0.5,0.0,0,19.7,50.9,15.2,329.9,503.8,32727.4,90.6,16525.8,16017.9,"{'timestamp': '2026-09-06T05:11:16.483822+00:00', 'model_version': 'sonct988/gemma4-26b-a4b-it-q4km-256k:latest', 'prompt_hash': 'a6af280e'}",05_excluidos
1,real_mixed_4,sonct988/gemma4-26b-a4b-it-q4km-256k:latest_kb_rag,22.290676832199097,52.07,0,direct_json,0.6875,0.785714,0.733333,0.0,0,12.2,48.8,3.4,124.9,583.1,34680.9,90.9,16525.8,16017.9,"{'timestamp': '2026-09-06T05:11:32.805857+00:00', 'model_version': 'sonct988/gemma4-26b-a4b-it-q4km-256k:latest', 'prompt_hash': 'a6af280e'}",05_excluidos
1,real_mixed_5,sonct988/gemma4-26b-a4b-it-q4km-256k:latest_kb_rag,43.50869297981262,51.42,0,direct_json,0.428571,0.9,0.580645,0.0,0,15.0,56.2,6.9,125.3,582.2,32315.5,89.5,16525.8,16017.9,"{'timestamp': '2026-09-06T05:11:53.996312+00:00', 'model_version': 'sonct988/gemma4-26b-a4b-it-q4km-256k:latest', 'prompt_hash': 'a6af280e'}",05_excluidos
1,real_mixed_6,sonct988/gemma4-26b-a4b-it-q4km-256k:latest_kb_rag,26.33504295349121,51.74,0,direct_json,0.6,0.666667,0.631579,0.0,0,13.5,60.0,8.6,114.1,585.1,34309.4,89.7,16525.8,16017.9,"{'timestamp': '2026-09-06T05:11:36.852863+00:00', 'model_version': 'sonct988/gemma4-26b-a4b-it-q4km-256k:latest', 'prompt_hash': 'a6af280e'}",05_excluidos
2,real_mixed_7,sonct988/gemma4-26b-a4b-it-q4km-256k:latest_kb_rag,48.1570029258728,51.85,0,direct_json,0.6875,0.785714,0.733333,0.0,0,20.0,75.0,8.6,157.9,927.2,31999.9,89.6,16525.8,16017.9,"{'timestamp': '2026-09-06T05:11:58.507016+00:00', 'model_version': 'sonct988/gemma4-26b-a4b-it-q4km-256k:latest', 'prompt_hash': 'a6af280e'}",05_excluidos
2,real_mixed_8,sonct988/gemma4-26b-a4b-it-q4km-256k:latest_kb_rag,31.914753913879395,52.21,0,direct_json,0.5,0.555556,0.526316,0.0,0,17.4,50.6,4.2,102.4,503.8,33544.9,89.4,16525.8,16017.9,"{'timestamp': '2026-09-06T05:11:42.338377+00:00', 'model_version': 'sonct988/gemma4-26b-a4b-it-q4km-256k:latest', 'prompt_hash': 'a6af280e'}",05_excluidos
2,real_mixed_9,sonct988/gemma4-26b-a4b-it-q4km-256k:latest_kb_rag,18.76653003692627,52.55,0,direct_json,0.333333,0.5,0.4,0.0,0,19.7,52.5,6.3,147.9,927.8,34861.5,91.8,16525.8,16017.9,"{'timestamp': '2026-09-06T05:11:29.149862+00:00', 'model_version': 'sonct988/gemma4-26b-a4b-it-q4km-256k:latest', 'prompt_hash': 'a6af280e'}",05_excluidos
3,real_mixed_10,sonct988/gemma4-26b-a4b-it-q4km-256k:latest_kb_rag,29.380553007125854,46.53,0,direct_json,0.428571,1.0,0.6,0.0,0,11.9,48.8,6.1,108.0,585.3,33947.0,89.3,16525.8,16017.9,"{'timestamp': '2026-09-06T05:11:39.879798+00:00', 'model_version': 'sonct988/gemma4-26b-a4b-it-q4km-256k:latest', 'prompt_hash': 'a6af280e'}",05_excluidos
3,real_mixed_11,sonct988/gemma4-26b-a4b-it-q4km-256k:latest_kb_rag,53.82766795158386,50.64,0,direct_json,0.62069,1.0,0.765957,0.0,0,15.3,60.9,10.1,173.8,585.4,31681.9,89.6,16525.8,16017.9,"{'timestamp': '2026-09-06T05:12:04.335980+00:00', 'model_version': 'sonct988/gemma4-26b-a4b-it-q4km-256k:latest', 'prompt_hash': 'a6af280e'}",05_excluidos
3,real_mixed_12,sonct988/gemma4-26b-a4b-it-q4km-256k:latest_kb_rag,34.97205305099487,52.64,0,direct_json,0.583333,1.0,0.736842,0.0,0,13.5,50.0,2.6,99.5,585.6,33143.0,89.4,16525.8,16017.9,"{'timestamp': '2026-09-06T05:11:45.469960+00:00', 'model_version': 'sonct988/gemma4-26b-a4b-it-q4km-256k:latest', 'prompt_hash': 'a6af280e'}",05_excluidos
4,real_mixed_13,sonct988/gemma4-26b-a4b-it-q4km-256k:latest_kb_rag,23.830690145492554,51.68,0,direct_json,0.5,0.823529,0.622222,0.0,0,22.6,66.7,46.2,352.8,547.3,29042.7,89.8,16525.8,16017.9,"{'timestamp': '2026-09-06T05:12:14.207708+00:00', 'model_version': 'sonct988/gemma4-26b-a4b-it-q4km-256k:latest', 'prompt_hash': 'a6af280e'}",05_excluidos
4,real_mixed_14,sonct988/gemma4-26b-a4b-it-q4km-256k:latest_kb_rag,28.43287992477417,51.41,0,direct_json,0.611111,0.916667,0.733333,0.0,0,22.2,53.3,17.1,314.9,547.3,29059.0,89.8,16525.8,16017.9,"{'timestamp': '2026-09-06T05:12:18.805231+00:00', 'model_version': 'sonct988/gemma4-26b-a4b-it-q4km-256k:latest', 'prompt_hash': 'a6af280e'}",05_excluidos
4,real_mixed_15,sonct988/gemma4-26b-a4b-it-q4km-256k:latest_kb_rag,17.771199941635132,52.19,0,direct_json,0.347826,0.888889,0.5,0.0,0,25.2,53.6,25.7,411.6,547.3,28984.3,89.9,16525.8,16017.9,"{'timestamp': '2026-09-06T05:12:08.136049+00:00', 'model_version': 'sonct988/gemma4-26b-a4b-it-q4km-256k:latest', 'prompt_hash': 'a6af280e'}",05_excluidos
5,real_mixed_16,sonct988/gemma4-26b-a4b-it-q4km-256k:latest_kb_rag,28.42149567604065,52.49,0,direct_json,0.727273,0.888889,0.8,0.0909090909090909,1,16.1,75.0,21.5,314.3,547.3,29052.9,89.8,16525.8,16017.9,"{'timestamp': '2026-09-06T05:12:22.760107+00:00', 'model_version': 'sonct988/gemma4-26b-a4b-it-q4km-256k:latest', 'prompt_hash': 'a6af280e'}",05_excluidos
5,real_mixed_17,sonct988/gemma4-26b-a4b-it-q4km-256k:latest_kb_rag,34.058658838272095,54.1,0,direct_json,0.4,1.0,0.571429,0.0,0,12.7,47.0,16.2,298.2,547.3,29056.3,89.8,16525.8,16017.9,"{'timestamp': '2026-09-06T05:12:28.388767+00:00', 'model_version': 'sonct988/gemma4-26b-a4b-it-q4km-256k:latest', 'prompt_hash': 'a6af280e'}",05_excluidos
5,real_mixed_18,sonct988/gemma4-26b-a4b-it-q4km-256k:latest_kb_rag,31.96144723892212,51.51,0,direct_json,0.642857,0.75,0.692308,0.0,0,13.8,47.0,14.9,305.9,547.3,29053.3,89.8,16525.8,16017.9,"{'timestamp': '2026-09-06T05:12:26.314570+00:00', 'model_version': 'sonct988/gemma4-26b-a4b-it-q4km-256k:latest', 'prompt_hash': 'a6af280e'}",05_excluidos
6,real_mixed_19,sonct988/gemma4-26b-a4b-it-q4km-256k:latest_kb_rag,32.969422817230225,52.51,0,direct_json,0.75,0.75,0.75,0.0,0,15.2,47.0,15.4,285.4,547.3,29064.2,89.8,16525.8,16017.9,"{'timestamp': '2026-09-06T05:12:31.869219+00:00', 'model_version': 'sonct988/gemma4-26b-a4b-it-q4km-256k:latest', 'prompt_hash': 'a6af280e'}",05_excluidos
6,real_mixed_20,sonct988/gemma4-26b-a4b-it-q4km-256k:latest_kb_rag,41.09211015701294,51.46,0,direct_json,0.571429,0.5,0.533333,0.0,0,14.9,47.0,14.1,258.2,547.3,29062.9,89.7,16525.8,16017.9,"{'timestamp': '2026-09-06T05:12:39.980279+00:00', 'model_version': 'sonct988/gemma4-26b-a4b-it-q4km-256k:latest', 'prompt_hash': 'a6af280e'}",05_excluidos
6,real_mixed_21,sonct988/gemma4-26b-a4b-it-q4km-256k:latest_kb_rag,36.98463582992554,51.58,0,direct_json,0.733333,0.785714,0.758621,0.0666666666666666,1,16.3,47.0,13.4,275.8,547.3,29054.5,89.8,16525.8,16017.9,"{'timestamp': '2026-09-06T05:12:35.868786+00:00', 'model_version': 'sonct988/gemma4-26b-a4b-it-q4km-256k:latest', 'prompt_hash': 'a6af280e'}",05_excluidos
7,real_mixed_22,sonct988/gemma4-26b-a4b-it-q4km-256k:latest_kb_rag,40.03367495536804,54.77,0,direct_json,0.0,0.0,0.0,0.0,0,19.2,100.0,17.2,276.7,528.2,29124.6,89.6,16525.8,16017.9,"{'timestamp': '2026-09-06T05:12:44.757326+00:00', 'model_version': 'sonct988/gemma4-26b-a4b-it-q4km-256k:latest', 'prompt_hash': 'a6af280e'}",05_excluidos
7,real_mixed_23,sonct988/gemma4-26b-a4b-it-q4km-256k:latest_kb_rag,43.094573974609375,52.4,0,direct_json,0.733333,0.733333,0.733333,0.0,0,16.5,47.0,11.2,287.4,528.2,29152.4,89.5,16525.8,16017.9,"{'timestamp': '2026-09-06T05:12:47.837169+00:00', 'model_version': 'sonct988/gemma4-26b-a4b-it-q4km-256k:latest', 'prompt_hash': 'a6af280e'}",05_excluidos
7,real_mixed_24,sonct988/gemma4-26b-a4b-it-q4km-256k:latest_kb_rag,38.04452610015869,52.86,0,direct_json,0.5,0.571429,0.533333,0.0,0,18.6,100.0,14.8,267.8,528.2,29110.4,89.6,16525.8,16017.9,"{'timestamp': '2026-09-06T05:12:42.776905+00:00', 'model_version': 'sonct988/gemma4-26b-a4b-it-q4km-256k:latest', 'prompt_hash': 'a6af280e'}",05_excluidos
8,real_mixed_25,sonct988/gemma4-26b-a4b-it-q4km-256k:latest_kb_rag,32.46764397621155,52.28,0,direct_json,0.428571,0.5,0.461538,0.0,0,11.4,51.2,16.6,327.5,543.6,29159.7,89.5,16525.8,16017.9,"{'timestamp': '2026-09-06T05:12:51.668957+00:00', 'model_version': 'sonct988/gemma4-26b-a4b-it-q4km-256k:latest', 'prompt_hash': 'a6af280e'}",05_excluidos
8,real_mixed_26,sonct988/gemma4-26b-a4b-it-q4km-256k:latest_kb_rag,39.01272082328797,51.03,0,direct_json,0.575,0.638889,0.605263,0.0,0,13.1,51.2,15.1,320.0,562.9,29161.1,89.5,16525.8,16017.9,"{'timestamp': '2026-09-06T05:12:58.243309+00:00', 'model_version': 'sonct988/gemma4-26b-a4b-it-q4km-256k:latest', 'prompt_hash': 'a6af280e'}",05_excluidos
8,real_mixed_27,sonct988/gemma4-26b-a4b-it-q4km-256k:latest_kb_rag,46.12231779098511,50.88,0,direct_json,0.705882,0.888889,0.786885,0.0,0,10.9,51.2,11.2,282.7,543.5,29143.9,89.5,16525.8,16017.9,"{'timestamp': '2026-09-06T05:13:05.330397+00:00', 'model_version': 'sonct988/gemma4-26b-a4b-it-q4km-256k:latest', 'prompt_hash': 'a6af280e'}",05_excluidos
9,real_mixed_28,sonct988/gemma4-26b-a4b-it-q4km-256k:latest_kb_rag,47.60753679275513,52.07,0,direct_json,0.75,0.8,0.774194,0.0,0,15.2,54.9,10.9,284.9,567.4,29164.0,89.5,16525.8,16017.9,"{'timestamp': '2026-09-06T05:13:16.371220+00:00', 'model_version': 'sonct988/gemma4-26b-a4b-it-q4km-256k:latest', 'prompt_hash': 'a6af280e'}",05_excluidos
9,real_mixed_29,sonct988/gemma4-26b-a4b-it-q4km-256k:latest_kb_rag,44.029258012771606,52.26,0,direct_json,0.36,0.75,0.486486,0.0,0,17.4,66.7,14.5,291.4,545.2,29155.0,89.5,16525.8,16017.9,"{'timestamp': '2026-09-06T05:13:12.799344+00:00', 'model_version': 'sonct988/gemma4-26b-a4b-it-q4km-256k:latest', 'prompt_hash': 'a6af280e'}",05_excluidos
9,real_mixed_30,sonct988/gemma4-26b-a4b-it-q4km-256k:latest_kb_rag,39.5799880027771,52.8,0,direct_json,0.636364,0.875,0.736842,0.0,0,13.9,53.4,15.4,291.3,570.4,29159.7,89.5,16525.8,16017.9,"{'timestamp': '2026-09-06T05:13:08.337063+00:00', 'model_version': 'sonct988/gemma4-26b-a4b-it-q4km-256k:latest', 'prompt_hash': 'a6af280e'}",05_excluidos
10,real_mixed_31,sonct988/gemma4-26b-a4b-it-q4km-256k:latest_kb_rag,38.01119112968445,53.4,0,direct_json,0.333333,1.0,0.5,0.0,0,17.8,64.3,15.2,313.2,545.2,29193.0,89.5,16525.8,16017.9,"{'timestamp': '2026-09-06T05:13:18.383311+00:00', 'model_version': 'sonct988/gemma4-26b-a4b-it-q4km-256k:latest', 'prompt_hash': 'a6af280e'}",05_excluidos
10,real_mixed_32,sonct988/gemma4-26b-a4b-it-q4km-256k:latest_kb_rag,41.042680978775024,52.68,0,direct_json,0.214286,0.428571,0.285714,0.0,0,18.8,61.5,13.8,306.4,545.2,29192.4,89.5,16525.8,16017.9,"{'timestamp': '2026-09-06T05:13:21.418787+00:00', 'model_version': 'sonct988/gemma4-26b-a4b-it-q4km-256k:latest', 'prompt_hash': 'a6af280e'}",05_excluidos
10,real_mixed_33,sonct988/gemma4-26b-a4b-it-q4km-256k:latest_kb_rag,44.08117413520813,52.33,0,direct_json,0.666667,0.615385,0.64,0.0,0,17.0,55.0,11.4,300.2,545.2,29201.7,89.5,16525.8,16017.9,"{'timestamp': '2026-09-06T05:13:24.474153+00:00', 'model_version': 'sonct988/gemma4-26b-a4b-it-q4km-256k:latest', 'prompt_hash': 'a6af280e'}",05_excluidos
11,real_mixed_34,sonct988/gemma4-26b-a4b-it-q4km-256k:latest_kb_rag,39.03482007980347,51.16,0,direct_json,0.5,0.7,0.583333,0.0,0,12.9,53.4,12.6,276.9,543.6,29148.7,89.6,16525.8,16017.9,"{'timestamp': '2026-09-06T05:13:27.328972+00:00', 'model_version': 'sonct988/gemma4-26b-a4b-it-q4km-256k:latest', 'prompt_hash': 'a6af280e'}",05_excluidos
11,real_mixed_35,sonct988/gemma4-26b-a4b-it-q4km-256k:latest_kb_rag,46.17116117477417,52.38,0,direct_json,0.583333,1.0,0.736842,0.0,0,13.3,66.7,11.4,257.3,543.6,29154.3,89.6,16525.8,16017.9,"{'timestamp': '2026-09-06T05:13:34.471406+00:00', 'model_version': 'sonct988/gemma4-26b-a4b-it-q4km-256k:latest', 'prompt_hash': 'a6af280e'}",05_excluidos
11,real_mixed_36,sonct988/gemma4-26b-a4b-it-q4km-256k:latest_kb_rag,42.59186315536499,52.55,0,direct_json,0.928571,0.590909,0.722222,0.0,0,12.7,53.4,12.8,267.4,543.6,29150.5,89.6,16525.8,16017.9,"{'timestamp': '2026-09-06T05:13:30.903148+00:00', 'model_version': 'sonct988/gemma4-26b-a4b-it-q4km-256k:latest', 'prompt_hash': 'a6af280e'}",05_excluidos
12,real_mixed_37,sonct988/gemma4-26b-a4b-it-q4km-256k:latest_kb_rag,32.47307300567627,52.17,0,direct_json,0.625,0.833333,0.714286,0.0,0,17.9,53.4,16.3,288.1,542.1,29179.3,89.5,16525.8,16017.9,"{'timestamp': '2026-09-06T05:13:38.243977+00:00', 'model_version': 'sonct988/gemma4-26b-a4b-it-q4km-256k:latest', 'prompt_hash': 'a6af280e'}",05_excluidos
12,real_mixed_38,sonct988/gemma4-26b-a4b-it-q4km-256k:latest_kb_rag,39.46332788467407,52.03,0,direct_json,0.764706,1.0,0.866667,0.0,0,20.1,59.1,13.6,273.4,542.1,29213.2,89.4,16525.8,16017.9,"{'timestamp': '2026-09-06T05:13:45.239565+00:00', 'model_version': 'sonct988/gemma4-26b-a4b-it-q4km-256k:latest', 'prompt_hash': 'a6af280e'}",05_excluidos
12,real_mixed_39,sonct988/gemma4-26b-a4b-it-q4km-256k:latest_kb_rag,35.53715801239014,52.42,0,direct_json,0.7,1.0,0.823529,0.0,0,16.4,53.4,14.2,284.1,542.1,29192.3,89.4,16525.8,16017.9,"{'timestamp': '2026-09-06T05:13:41.306268+00:00', 'model_version': 'sonct988/gemma4-26b-a4b-it-q4km-256k:latest', 'prompt_hash': 'a6af280e'}",05_excluidos
13,real_mixed_40,sonct988/gemma4-26b-a4b-it-q4km-256k:latest_kb_rag,31.468143939971924,52.51,0,direct_json,0.583333,0.583333,0.583333,0.0,0,11.8,44.3,40.4,284.9,544.0,29255.7,89.3,16525.8,16017.9,"{'timestamp': '2026-09-06T05:13:48.244894+00:00', 'model_version': 'sonct988/gemma4-26b-a4b-it-q4km-256k:latest', 'prompt_hash': 'a6af280e'}",05_excluidos
13,real_mixed_41,sonct988/gemma4-26b-a4b-it-q4km-256k:latest_kb_rag,39.55546689033508,51.96,0,direct_json,0.764706,0.722222,0.742857,0.0,0,12.0,44.3,14.4,292.9,544.0,29268.5,89.2,16525.8,16017.9,"{'timestamp': '2026-09-06T05:13:56.359697+00:00', 'model_version': 'sonct988/gemma4-26b-a4b-it-q4km-256k:latest', 'prompt_hash': 'a6af280e'}",05_excluidos
13,real_mixed_42,sonct988/gemma4-26b-a4b-it-q4km-256k:latest_kb_rag,36.016977310180664,52.04,0,direct_json,0.666667,0.666667,0.666667,0.0,0,11.2,44.3,13.3,298.6,542.0,29261.9,89.3,16525.8,16017.9,"{'timestamp': '2026-09-06T05:13:52.827712+00:00', 'model_version': 'sonct988/gemma4-26b-a4b-it-q4km-256k:latest', 'prompt_hash': 'a6af280e'}",05_excluidos
14,real_mixed_43,sonct988/gemma4-26b-a4b-it-q4km-256k:latest_kb_rag,47.138051986694336,50.31,0,direct_json,0.724138,0.913043,0.807692,0.0,0,10.6,44.5,11.2,263.2,542.0,29222.4,89.3,16525.8,16017.9,"{'timestamp': '2026-09-06T05:14:12.047556+00:00', 'model_version': 'sonct988/gemma4-26b-a4b-it-q4km-256k:latest', 'prompt_hash': 'a6af280e'}",05_excluidos
14,real_mixed_44,sonct988/gemma4-26b-a4b-it-q4km-256k:latest_kb_rag,39.52968788146973,51.47,0,direct_json,0.52,0.928571,0.666667,0.0,0,12.5,42.2,13.6,296.9,542.1,29253.1,89.3,16525.8,16017.9,"{'timestamp': '2026-09-06T05:14:04.424861+00:00', 'model_version': 'sonct988/gemma4-26b-a4b-it-q4km-256k:latest', 'prompt_hash': 'a6af280e'}",05_excluidos
14,real_mixed_45,sonct988/gemma4-26b-a4b-it-q4km-256k:latest_kb_rag,34.51158809661865,52.19,0,direct_json,0.6,0.75,0.666667,0.0,0,11.6,45.4,14.1,308.7,542.1,29269.8,89.3,16525.8,16017.9,"{'timestamp': '2026-09-06T05:13:59.419842+00:00', 'model_version': 'sonct988/gemma4-26b-a4b-it-q4km-256k:latest', 'prompt_hash': 'a6af280e'}",05_excluidos
15,real_mixed_46,sonct988/gemma4-26b-a4b-it-q4km-256k:latest_kb_rag,67.35771989822388,51.4,0,direct_json,0.666667,0.428571,0.521739,0.0,0,15.9,100.0,7.6,231.9,541.6,29163.0,89.3,16525.8,16017.9,"{'timestamp': '2026-09-06T05:14:42.299790+00:00', 'model_version': 'sonct988/gemma4-26b-a4b-it-q4km-256k:latest', 'prompt_hash': 'a6af280e'}",05_excluidos
15,real_mixed_47,sonct988/gemma4-26b-a4b-it-q4km-256k:latest_kb_rag,41.5473210811615,52.03,0,direct_json,0.703704,0.703704,0.703704,0.037037037037037,1,18.0,58.3,12.1,285.7,541.5,29203.1,89.3,16525.8,16017.9,"{'timestamp': '2026-09-06T05:14:16.497784+00:00', 'model_version': 'sonct988/gemma4-26b-a4b-it-q4km-256k:latest', 'prompt_hash': 'a6af280e'}",05_excluidos
15,real_mixed_48,sonct988/gemma4-26b-a4b-it-q4km-256k:latest_kb_rag,69.91560196876526,52.5,0,direct_json,0.5,1.0,0.666667,0.0,0,16.7,54.5,7.5,225.5,541.5,29162.4,89.3,16525.8,16017.9,"{'timestamp': '2026-09-06T05:14:44.842578+00:00', 'model_version': 'sonct988/gemma4-26b-a4b-it-q4km-256k:latest', 'prompt_hash': 'a6af280e'}",05_excluidos
16,real_mixed_49,sonct988/gemma4-26b-a4b-it-q4km-256k:latest_kb_rag,68.85609102249146,51.7,0,direct_json,0.611111,0.785714,0.6875,0.0,0,14.1,42.9,18.1,223.6,541.7,29128.4,89.4,16525.8,16017.9,"{'timestamp': '2026-09-06T05:14:54.496302+00:00', 'model_version': 'sonct988/gemma4-26b-a4b-it-q4km-256k:latest', 'prompt_hash': 'a6af280e'}",05_excluidos
16,real_mixed_50,sonct988/gemma4-26b-a4b-it-q4km-256k:latest_kb_rag,65.3750388622284,51.12,0,direct_json,0.533333,0.727273,0.615385,0.0,0,11.9,39.7,7.7,226.5,541.6,29126.1,89.4,16525.8,16017.9,"{'timestamp': '2026-09-06T05:14:51.005426+00:00', 'model_version': 'sonct988/gemma4-26b-a4b-it-q4km-256k:latest', 'prompt_hash': 'a6af280e'}",05_excluidos
16,real_mixed_51,sonct988/gemma4-26b-a4b-it-q4km-256k:latest_kb_rag,62.27498626708984,51.94,0,direct_json,0.333333,0.555556,0.416667,0.0666666666666666,1,15.3,39.8,11.7,226.0,541.7,29128.7,89.4,16525.8,16017.9,"{'timestamp': '2026-09-06T05:14:47.897456+00:00', 'model_version': 'sonct988/gemma4-26b-a4b-it-q4km-256k:latest', 'prompt_hash': 'a6af280e'}",05_excluidos
17,real_mixed_52,sonct988/gemma4-26b-a4b-it-q4km-256k:latest_kb_rag,67.29679584503174,51.78,0,direct_json,0.545455,0.857143,0.666667,0.0,0,14.1,45.0,8.3,202.5,540.1,29095.2,89.5,16525.8,16017.9,"{'timestamp': '2026-09-06T05:15:04.099497+00:00', 'model_version': 'sonct988/gemma4-26b-a4b-it-q4km-256k:latest', 'prompt_hash': 'a6af280e'}",05_excluidos
17,real_mixed_53,sonct988/gemma4-26b-a4b-it-q4km-256k:latest_kb_rag,63.28031301498413,51.74,0,direct_json,0.3125,0.833333,0.454545,0.0,0,12.9,100.0,7.8,206.7,540.1,29094.1,89.5,16525.8,16017.9,"{'timestamp': '2026-09-06T05:15:00.077104+00:00', 'model_version': 'sonct988/gemma4-26b-a4b-it-q4km-256k:latest', 'prompt_hash': 'a6af280e'}",05_excluidos
17,real_mixed_54,sonct988/gemma4-26b-a4b-it-q4km-256k:latest_kb_rag,60.25756907463074,53.34,0,fallback,0.428571,0.75,0.545455,0.0,0,13.6,45.5,9.2,204.6,540.1,29093.0,89.5,16525.8,16017.9,"{'timestamp': '2026-09-06T05:14:57.049074+00:00', 'model_version': 'sonct988/gemma4-26b-a4b-it-q4km-256k:latest', 'prompt_hash': 'a6af280e'}",05_excluidos
18,real_mixed_55,sonct988/gemma4-26b-a4b-it-q4km-256k:latest_kb_rag,58.711353063583374,52.17,0,direct_json,0.35,0.777778,0.482759,0.0,0,15.4,47.5,9.2,220.6,523.5,29098.8,89.5,16525.8,16017.9,"{'timestamp': '2026-09-06T05:15:11.197834+00:00', 'model_version': 'sonct988/gemma4-26b-a4b-it-q4km-256k:latest', 'prompt_hash': 'a6af280e'}",05_excluidos
18,real_mixed_56,sonct988/gemma4-26b-a4b-it-q4km-256k:latest_kb_rag,63.91986107826233,51.3,0,direct_json,0.269231,0.5,0.35,0.0,0,13.3,54.2,8.5,218.5,523.5,29097.5,89.5,16525.8,16017.9,"{'timestamp': '2026-09-06T05:15:16.407578+00:00', 'model_version': 'sonct988/gemma4-26b-a4b-it-q4km-256k:latest', 'prompt_hash': 'a6af280e'}",05_excluidos
18,real_mixed_57,sonct988/gemma4-26b-a4b-it-q4km-256k:latest_kb_rag,55.17251467704773,52.71,0,direct_json,0.666667,0.777778,0.717949,0.0476190476190476,1,13.3,49.1,8.5,219.0,523.5,29094.9,89.5,16525.8,16017.9,"{'timestamp': '2026-09-06T05:15:07.681288+00:00', 'model_version': 'sonct988/gemma4-26b-a4b-it-q4km-256k:latest', 'prompt_hash': 'a6af280e'}",05_excluidos
19,real_mixed_58,sonct988/gemma4-26b-a4b-it-q4km-256k:latest_kb_rag,34.43971085548401,51.61,0,direct_json,0.466667,0.636364,0.538462,0.0,0,14.3,44.4,15.9,274.8,523.5,29092.6,89.6,16525.8,16017.9,"{'timestamp': '2026-09-06T05:15:19.742724+00:00', 'model_version': 'sonct988/gemma4-26b-a4b-it-q4km-256k:latest', 'prompt_hash': 'a6af280e'}",05_excluidos
19,real_mixed_59,sonct988/gemma4-26b-a4b-it-q4km-256k:latest_kb_rag,45.106409788131714,51.31,0,direct_json,0.542857,0.904762,0.678571,0.0,0,11.7,38.6,12.4,252.0,523.5,29198.7,89.3,16525.8,16017.9,"{'timestamp': '2026-09-06T05:15:30.416420+00:00', 'model_version': 'sonct988/gemma4-26b-a4b-it-q4km-256k:latest', 'prompt_hash': 'a6af280e'}",05_excluidos
19,real_mixed_60,sonct988/gemma4-26b-a4b-it-q4km-256k:latest_kb_rag,38.52011799812317,52.39,0,direct_json,0.846154,0.846154,0.846154,0.0,0,12.2,38.6,12.2,263.7,523.5,29109.1,89.5,16525.8,16017.9,"{'timestamp': '2026-09-06T05:15:23.839165+00:00', 'model_version': 'sonct988/gemma4-26b-a4b-it-q4km-256k:latest', 'prompt_hash': 'a6af280e'}",05_excluidos
20,real_mixed_61,sonct988/gemma4-26b-a4b-it-q4km-256k:latest_kb_rag,51.13549089431763,50.41,0,direct_json,0.487179,0.678571,0.567164,0.0256410256410256,1,13.3,38.6,10.8,232.5,519.7,29289.6,89.1,16525.8,16017.9,"{'timestamp': '2026-09-06T05:15:46.046829+00:00', 'model_version': 'sonct988/gemma4-26b-a4b-it-q4km-256k:latest', 'prompt_hash': 'a6af280e'}",05_excluidos
20,real_mixed_62,sonct988/gemma4-26b-a4b-it-q4km-256k:latest_kb_rag,42.54944729804993,52.0,0,direct_json,0.333333,0.545455,0.413793,0.0,0,14.9,100.0,11.9,255.8,518.8,29283.5,89.1,16525.8,16017.9,"{'timestamp': '2026-09-06T05:15:37.451133+00:00', 'model_version': 'sonct988/gemma4-26b-a4b-it-q4km-256k:latest', 'prompt_hash': 'a6af280e'}",05_excluidos
20,real_mixed_63,sonct988/gemma4-26b-a4b-it-q4km-256k:latest_kb_rag,38.56465983390808,52.77,0,direct_json,0.307692,0.5,0.380952,0.0,0,14.0,38.7,13.4,260.0,518.8,29256.8,89.1,16525.8,16017.9,"{'timestamp': '2026-09-06T05:15:33.459951+00:00', 'model_version': 'sonct988/gemma4-26b-a4b-it-q4km-256k:latest', 'prompt_hash': 'a6af280e'}",05_excluidos
21,real_mixed_64,sonct988/gemma4-26b-a4b-it-q4km-256k:latest_kb_rag,47.62686324119568,53.27,0,direct_json,0.25,1.0,0.4,0.0,0,15.2,47.5,20.4,243.0,519.7,29300.5,89.0,16525.8,16017.9,"{'timestamp': '2026-09-06T05:15:52.091981+00:00', 'model_version': 'sonct988/gemma4-26b-a4b-it-q4km-256k:latest', 'prompt_hash': 'a6af280e'}",05_excluidos
21,real_mixed_65,sonct988/gemma4-26b-a4b-it-q4km-256k:latest_kb_rag,45.5951201915741,52.43,0,direct_json,0.375,0.375,0.375,0.0,0,15.2,47.5,10.5,242.2,519.7,29309.9,89.0,16525.8,16017.9,"{'timestamp': '2026-09-06T05:15:50.075488+00:00', 'model_version': 'sonct988/gemma4-26b-a4b-it-q4km-256k:latest', 'prompt_hash': 'a6af280e'}",05_excluidos
21,real_mixed_66,sonct988/gemma4-26b-a4b-it-q4km-256k:latest_kb_rag,51.17052912712097,52.09,0,direct_json,0.55,0.55,0.55,0.0,0,15.3,47.5,9.5,240.2,519.7,29301.9,89.0,16525.8,16017.9,"{'timestamp': '2026-09-06T05:15:55.660009+00:00', 'model_version': 'sonct988/gemma4-26b-a4b-it-q4km-256k:latest', 'prompt_hash': 'a6af280e'}",05_excluidos
22,real_mixed_67,sonct988/gemma4-26b-a4b-it-q4km-256k:latest_kb_rag,47.24608016014099,51.02,0,direct_json,0.52381,0.647059,0.578947,0.1428571428571428,3,12.9,59.0,15.4,235.6,526.0,29340.8,88.9,16525.8,16017.9,"{'timestamp': '2026-09-06T05:16:04.037116+00:00', 'model_version': 'sonct988/gemma4-26b-a4b-it-q4km-256k:latest', 'prompt_hash': 'a6af280e'}",05_excluidos
22,real_mixed_68,sonct988/gemma4-26b-a4b-it-q4km-256k:latest_kb_rag,51.33648514747619,52.28,0,direct_json,0.666667,0.923077,0.774194,0.0,0,11.5,48.6,10.4,222.4,526.0,29313.1,88.9,16525.8,16017.9,"{'timestamp': '2026-09-06T05:16:08.134011+00:00', 'model_version': 'sonct988/gemma4-26b-a4b-it-q4km-256k:latest', 'prompt_hash': 'a6af280e'}",05_excluidos
22,real_mixed_69,sonct988/gemma4-26b-a4b-it-q4km-256k:latest_kb_rag,42.67312288284302,51.7,0,direct_json,0.846154,0.916667,0.88,0.0,0,11.2,48.6,11.0,244.2,526.0,29359.9,88.9,16525.8,16017.9,"{'timestamp': '2026-09-06T05:15:59.498570+00:00', 'model_version': 'sonct988/gemma4-26b-a4b-it-q4km-256k:latest', 'prompt_hash': 'a6af280e'}",05_excluidos
23,real_mixed_70,sonct988/gemma4-26b-a4b-it-q4km-256k:latest_kb_rag,40.572834968566895,51.28,0,direct_json,0.714286,0.714286,0.714286,0.0,0,17.0,50.7,14.0,229.5,526.0,29260.7,89.1,16525.8,16017.9,"{'timestamp': '2026-09-06T05:16:11.388651+00:00', 'model_version': 'sonct988/gemma4-26b-a4b-it-q4km-256k:latest', 'prompt_hash': 'a6af280e'}",05_excluidos
23,real_mixed_71,sonct988/gemma4-26b-a4b-it-q4km-256k:latest_kb_rag,44.125670194625854,52.0,0,direct_json,0.538462,0.583333,0.56,0.0,0,15.9,50.9,12.9,226.6,526.0,29250.9,89.1,16525.8,16017.9,"{'timestamp': '2026-09-06T05:16:14.942295+00:00', 'model_version': 'sonct988/gemma4-26b-a4b-it-q4km-256k:latest', 'prompt_hash': 'a6af280e'}",05_excluidos
23,real_mixed_72,sonct988/gemma4-26b-a4b-it-q4km-256k:latest_kb_rag,47.71697473526001,51.82,0,direct_json,0.692308,0.642857,0.666667,0.0,0,16.1,50.7,10.0,224.5,526.0,29249.1,89.1,16525.8,16017.9,"{'timestamp': '2026-09-06T05:16:18.527917+00:00', 'model_version': 'sonct988/gemma4-26b-a4b-it-q4km-256k:latest', 'prompt_hash': 'a6af280e'}",05_excluidos
24,real_mixed_73,sonct988/gemma4-26b-a4b-it-q4km-256k:latest_kb_rag,40.69805693626404,51.48,0,direct_json,0.933333,0.933333,0.933333,0.0,0,14.5,58.0,14.7,260.9,526.0,29192.3,89.2,16525.8,16017.9,"{'timestamp': '2026-09-06T05:16:27.131445+00:00', 'model_version': 'sonct988/gemma4-26b-a4b-it-q4km-256k:latest', 'prompt_hash': 'a6af280e'}",05_excluidos
24,real_mixed_74,sonct988/gemma4-26b-a4b-it-q4km-256k:latest_kb_rag,35.58938407897949,52.11,0,direct_json,0.75,0.9,0.818182,0.0,0,16.1,57.9,13.6,258.4,526.0,29181.2,89.2,16525.8,16017.9,"{'timestamp': '2026-09-06T05:16:22.041250+00:00', 'model_version': 'sonct988/gemma4-26b-a4b-it-q4km-256k:latest', 'prompt_hash': 'a6af280e'}",05_excluidos
24,real_mixed_75,sonct988/gemma4-26b-a4b-it-q4km-256k:latest_kb_rag,37.60127401351929,53.38,0,direct_json,0.5,0.666667,0.571429,0.0,0,15.3,56.5,12.8,264.1,526.0,29183.8,89.2,16525.8,16017.9,"{'timestamp': '2026-09-06T05:16:24.029709+00:00', 'model_version': 'sonct988/gemma4-26b-a4b-it-q4km-256k:latest', 'prompt_hash': 'a6af280e'}",05_excluidos
25,real_mixed_76,sonct988/gemma4-26b-a4b-it-q4km-256k:latest_kb_rag,33.1046781539917,56.21,0,direct_json,0.0,0.0,0.0,0.0,0,15.0,57.7,18.4,261.7,526.0,29175.6,89.3,16525.8,16017.9,"{'timestamp': '2026-09-06T05:16:29.143266+00:00', 'model_version': 'sonct988/gemma4-26b-a4b-it-q4km-256k:latest', 'prompt_hash': 'a6af280e'}",05_excluidos
25,real_mixed_77,sonct988/gemma4-26b-a4b-it-q4km-256k:latest_kb_rag,38.65828776359558,51.65,0,direct_json,0.62963,0.85,0.723404,0.0,0,16.0,57.7,11.3,270.7,526.0,29163.6,89.3,16525.8,16017.9,"{'timestamp': '2026-09-06T05:16:34.719752+00:00', 'model_version': 'sonct988/gemma4-26b-a4b-it-q4km-256k:latest', 'prompt_hash': 'a6af280e'}",05_excluidos
25,real_mixed_78,sonct988/gemma4-26b-a4b-it-q4km-256k:latest_kb_rag,43.13812208175659,51.47,0,direct_json,0.307692,1.0,0.470588,0.0,0,19.7,54.8,11.3,260.7,526.0,29191.7,89.2,16525.8,16017.9,"{'timestamp': '2026-09-06T05:16:39.192358+00:00', 'model_version': 'sonct988/gemma4-26b-a4b-it-q4km-256k:latest', 'prompt_hash': 'a6af280e'}",05_excluidos
26,real_mixed_79,sonct988/gemma4-26b-a4b-it-q4km-256k:latest_kb_rag,45.57618284225464,51.3,0,direct_json,0.615385,0.8,0.695652,0.0,0,13.6,58.8,10.4,275.7,517.5,29177.6,89.3,16525.8,16017.9,"{'timestamp': '2026-09-06T05:16:54.157357+00:00', 'model_version': 'sonct988/gemma4-26b-a4b-it-q4km-256k:latest', 'prompt_hash': 'a6af280e'}",05_excluidos
26,real_mixed_80,sonct988/gemma4-26b-a4b-it-q4km-256k:latest_kb_rag,40.50795221328735,51.38,0,direct_json,0.594595,0.88,0.709677,0.0,0,13.5,57.1,11.3,297.6,517.5,29178.8,89.3,16525.8,16017.9,"{'timestamp': '2026-09-06T05:16:49.125720+00:00', 'model_version': 'sonct988/gemma4-26b-a4b-it-q4km-256k:latest', 'prompt_hash': 'a6af280e'}",05_excluidos
26,real_mixed_81,sonct988/gemma4-26b-a4b-it-q4km-256k:latest_kb_rag,33.98984694480896,52.6,0,direct_json,0.583333,0.636364,0.608696,0.0,0,12.6,52.6,13.5,309.6,517.5,29196.7,89.3,16525.8,16017.9,"{'timestamp': '2026-09-06T05:16:42.588769+00:00', 'model_version': 'sonct988/gemma4-26b-a4b-it-q4km-256k:latest', 'prompt_hash': 'a6af280e'}",05_excluidos
27,real_mixed_82,sonct988/gemma4-26b-a4b-it-q4km-256k:latest_kb_rag,42.05009198188782,52.19,0,direct_json,0.375,0.666667,0.48,0.0,0,19.2,63.1,13.1,286.4,522.8,29169.8,89.4,16525.8,16017.9,"{'timestamp': '2026-09-06T05:17:00.998254+00:00', 'model_version': 'sonct988/gemma4-26b-a4b-it-q4km-256k:latest', 'prompt_hash': 'a6af280e'}",05_excluidos
27,real_mixed_83,sonct988/gemma4-26b-a4b-it-q4km-256k:latest_kb_rag,38.00437617301941,52.13,0,direct_json,0.75,0.9,0.818182,0.0,0,18.1,63.3,14.5,292.3,522.8,29177.0,89.3,16525.8,16017.9,"{'timestamp': '2026-09-06T05:16:56.952017+00:00', 'model_version': 'sonct988/gemma4-26b-a4b-it-q4km-256k:latest', 'prompt_hash': 'a6af280e'}",05_excluidos
27,real_mixed_84,sonct988/gemma4-26b-a4b-it-q4km-256k:latest_kb_rag,44.04277300834656,52.54,0,direct_json,0.777778,0.777778,0.777778,0.0,0,18.9,63.1,10.9,280.5,522.8,29177.6,89.3,16525.8,16017.9,"{'timestamp': '2026-09-06T05:17:02.997677+00:00', 'model_version': 'sonct988/gemma4-26b-a4b-it-q4km-256k:latest', 'prompt_hash': 'a6af280e'}",05_excluidos
28,real_mixed_85,sonct988/gemma4-26b-a4b-it-q4km-256k:latest_kb_rag,44.09104919433594,52.44,0,direct_json,0.6,0.75,0.666667,0.0,0,15.7,61.5,12.1,271.3,535.9,29124.8,89.4,16525.8,16017.9,"{'timestamp': '2026-09-06T05:17:11.588902+00:00', 'model_version': 'sonct988/gemma4-26b-a4b-it-q4km-256k:latest', 'prompt_hash': 'a6af280e'}",05_excluidos
28,real_mixed_86,sonct988/gemma4-26b-a4b-it-q4km-256k:latest_kb_rag,41.06008577346802,52.34,0,direct_json,0.818182,0.692308,0.75,0.0909090909090909,1,13.7,52.6,12.3,279.2,535.9,29135.1,89.4,16525.8,16017.9,"{'timestamp': '2026-09-06T05:17:08.568451+00:00', 'model_version': 'sonct988/gemma4-26b-a4b-it-q4km-256k:latest', 'prompt_hash': 'a6af280e'}",05_excluidos
28,real_mixed_87,sonct988/gemma4-26b-a4b-it-q4km-256k:latest_kb_rag,37.96855401992798,52.78,0,direct_json,0.5,0.571429,0.533333,0.0,0,18.2,64.5,14.7,276.3,536.1,29151.4,89.4,16525.8,16017.9,"{'timestamp': '2026-09-06T05:17:05.460935+00:00', 'model_version': 'sonct988/gemma4-26b-a4b-it-q4km-256k:latest', 'prompt_hash': 'a6af280e'}",05_excluidos
29,real_mixed_88,sonct988/gemma4-26b-a4b-it-q4km-256k:latest_kb_rag,36.45850706100464,53.44,0,direct_json,0.5,1.0,0.666667,0.0,0,21.9,100.0,15.2,281.4,536.1,29076.2,89.5,16525.8,16017.9,"{'timestamp': '2026-09-06T05:17:16.101734+00:00', 'model_version': 'sonct988/gemma4-26b-a4b-it-q4km-256k:latest', 'prompt_hash': 'a6af280e'}",05_excluidos
29,real_mixed_89,sonct988/gemma4-26b-a4b-it-q4km-256k:latest_kb_rag,34.969374895095825,52.51,0,direct_json,0.636364,0.538462,0.583333,0.0,0,17.2,66.7,14.1,283.1,535.9,29082.9,89.5,16525.8,16017.9,"{'timestamp': '2026-09-06T05:17:14.620117+00:00', 'model_version': 'sonct988/gemma4-26b-a4b-it-q4km-256k:latest', 'prompt_hash': 'a6af280e'}",05_excluidos
29,real_mixed_90,sonct988/gemma4-26b-a4b-it-q4km-256k:latest_kb_rag,41.013675928115845,51.98,0,direct_json,0.333333,1.0,0.5,0.0,0,19.8,100.0,12.7,265.9,536.1,29076.4,89.5,16525.8,16017.9,"{'timestamp': '2026-09-06T05:17:20.663113+00:00', 'model_version': 'sonct988/gemma4-26b-a4b-it-q4km-256k:latest', 'prompt_hash': 'a6af280e'}",05_excluidos
30,real_mixed_91,sonct988/gemma4-26b-a4b-it-q4km-256k:latest_kb_rag,32.437381982803345,51.24,0,direct_json,0.5625,0.75,0.642857,0.0,0,18.5,45.8,16.7,297.0,543.3,29034.3,89.6,16525.8,16017.9,"{'timestamp': '2026-09-06T05:17:27.013966+00:00', 'model_version': 'sonct988/gemma4-26b-a4b-it-q4km-256k:latest', 'prompt_hash': 'a6af280e'}",05_excluidos
30,real_mixed_92,sonct988/gemma4-26b-a4b-it-q4km-256k:latest_kb_rag,35.521052837371826,51.87,0,direct_json,0.444444,0.533333,0.484848,0.0,0,18.9,81.8,13.2,278.2,543.3,29034.7,89.6,16525.8,16017.9,"{'timestamp': '2026-09-06T05:17:30.091400+00:00', 'model_version': 'sonct988/gemma4-26b-a4b-it-q4km-256k:latest', 'prompt_hash': 'a6af280e'}",05_excluidos
30,real_mixed_93,sonct988/gemma4-26b-a4b-it-q4km-256k:latest_kb_rag,28.991814851760864,51.51,0,direct_json,0.615385,0.8,0.695652,0.0,0,15.0,45.6,18.7,305.8,543.3,29043.1,89.6,16525.8,16017.9,"{'timestamp': '2026-09-06T05:17:23.560402+00:00', 'model_version': 'sonct988/gemma4-26b-a4b-it-q4km-256k:latest', 'prompt_hash': 'a6af280e'}",05_excluidos
31,real_mixed_94,sonct988/gemma4-26b-a4b-it-q4km-256k:latest_kb_rag,30.40693306922913,52.25,0,direct_json,0.809524,0.85,0.829268,0.0,0,13.5,45.6,15.1,294.8,543.3,28988.3,89.5,16525.8,16017.9,"{'timestamp': '2026-09-06T05:17:33.801679+00:00', 'model_version': 'sonct988/gemma4-26b-a4b-it-q4km-256k:latest', 'prompt_hash': 'a6af280e'}",05_excluidos
31,real_mixed_95,sonct988/gemma4-26b-a4b-it-q4km-256k:latest_kb_rag,36.02347803115845,52.33,0,direct_json,0.1,0.5,0.166667,0.1,1,13.4,47.2,12.8,294.4,543.3,29064.0,89.4,16525.8,16017.9,"{'timestamp': '2026-09-06T05:17:39.410141+00:00', 'model_version': 'sonct988/gemma4-26b-a4b-it-q4km-256k:latest', 'prompt_hash': 'a6af280e'}",05_excluidos
31,real_mixed_96,sonct988/gemma4-26b-a4b-it-q4km-256k:latest_kb_rag,32.94825005531311,52.65,0,direct_json,0.571429,0.666667,0.615385,0.0,0,15.3,60.0,45.8,300.8,543.3,29017.3,89.5,16525.8,16017.9,"{'timestamp': '2026-09-06T05:17:36.335392+00:00', 'model_version': 'sonct988/gemma4-26b-a4b-it-q4km-256k:latest', 'prompt_hash': 'a6af280e'}",05_excluidos
32,real_mixed_97,sonct988/gemma4-26b-a4b-it-q4km-256k:latest_kb_rag,34.43321704864502,52.06,0,direct_json,0.583333,0.777778,0.666667,0.0,0,18.1,64.4,14.5,298.5,543.3,29189.6,89.2,16525.8,16017.9,"{'timestamp': '2026-09-06T05:17:46.441211+00:00', 'model_version': 'sonct988/gemma4-26b-a4b-it-q4km-256k:latest', 'prompt_hash': 'a6af280e'}",05_excluidos
32,real_mixed_98,sonct988/gemma4-26b-a4b-it-q4km-256k:latest_kb_rag,31.429195165634155,51.5,0,direct_json,0.583333,0.5,0.538462,0.0,0,13.4,45.6,16.2,306.3,543.3,29152.9,89.2,16525.8,16017.9,"{'timestamp': '2026-09-06T05:17:43.466685+00:00', 'model_version': 'sonct988/gemma4-26b-a4b-it-q4km-256k:latest', 'prompt_hash': 'a6af280e'}",05_excluidos
32,real_mixed_99,sonct988/gemma4-26b-a4b-it-q4km-256k:latest_kb_rag,36.9852089881897,52.99,0,direct_json,0.111111,0.5,0.181818,0.0,0,14.5,54.2,12.4,286.2,543.3,29205.6,89.2,16525.8,16017.9,"{'timestamp': '2026-09-06T05:17:48.986635+00:00', 'model_version': 'sonct988/gemma4-26b-a4b-it-q4km-256k:latest', 'prompt_hash': 'a6af280e'}",05_excluidos
33,real_mixed_100,sonct988/gemma4-26b-a4b-it-q4km-256k:latest_kb_rag,36.077417850494385,52.03,0,direct_json,0.047619,0.142857,0.071429,0.0,0,19.7,71.4,15.2,302.2,543.3,29290.2,89.0,16525.8,16017.9,"{'timestamp': '2026-09-06T05:17:57.134576+00:00', 'model_version': 'sonct988/gemma4-26b-a4b-it-q4km-256k:latest', 'prompt_hash': 'a6af280e'}",05_excluidos
33,real_mixed_101,sonct988/gemma4-26b-a4b-it-q4km-256k:latest_kb_rag,31.90905785560608,52.95,0,direct_json,0.4,0.571429,0.470588,0.0,0,24.5,69.5,17.1,314.2,543.3,29275.9,89.0,16525.8,16017.9,"{'timestamp': '2026-09-06T05:17:52.966540+00:00', 'model_version': 'sonct988/gemma4-26b-a4b-it-q4km-256k:latest', 'prompt_hash': 'a6af280e'}",05_excluidos
33,real_mixed_102,sonct988/gemma4-26b-a4b-it-q4km-256k:latest_kb_rag,29.416543006896973,55.86,0,direct_json,0.0,0.0,0.0,0.0,0,22.2,64.4,16.1,302.0,543.3,29272.7,89.0,16525.8,16017.9,"{'timestamp': '2026-09-06T05:17:50.468633+00:00', 'model_version': 'sonct988/gemma4-26b-a4b-it-q4km-256k:latest', 'prompt_hash': 'a6af280e'}",05_excluidos
34,real_mixed_103,sonct988/gemma4-26b-a4b-it-q4km-256k:latest_kb_rag,31.46015691757202,54.84,0,direct_json,0.0,0.0,0.0,0.0,0,16.2,90.0,16.9,346.2,522.0,29420.0,88.7,16525.8,16017.9,"{'timestamp': '2026-09-06T05:18:01.931271+00:00', 'model_version': 'sonct988/gemma4-26b-a4b-it-q4km-256k:latest', 'prompt_hash': 'a6af280e'}",05_excluidos
34,real_mixed_104,sonct988/gemma4-26b-a4b-it-q4km-256k:latest_kb_rag,29.954225301742554,52.64,0,direct_json,0.333333,0.6,0.428571,0.0,0,15.5,88.9,17.1,347.1,522.0,29406.3,88.7,16525.8,16017.9,"{'timestamp': '2026-09-06T05:18:00.433341+00:00', 'model_version': 'sonct988/gemma4-26b-a4b-it-q4km-256k:latest', 'prompt_hash': 'a6af280e'}",05_excluidos
34,real_mixed_105,sonct988/gemma4-26b-a4b-it-q4km-256k:latest_kb_rag,35.534974098205566,51.24,0,direct_json,0.533333,0.8,0.64,0.0,0,13.7,50.0,12.9,328.6,522.7,29461.3,88.6,16525.8,16017.9,"{'timestamp': '2026-09-06T05:18:06.021278+00:00', 'model_version': 'sonct988/gemma4-26b-a4b-it-q4km-256k:latest', 'prompt_hash': 'a6af280e'}",05_excluidos
35,real_mixed_106,sonct988/gemma4-26b-a4b-it-q4km-256k:latest_kb_rag,36.01704502105713,53.76,0,direct_json,0.666667,1.0,0.8,0.0,0,12.6,58.1,13.1,306.1,535.6,29592.5,88.5,16525.8,16017.9,"{'timestamp': '2026-09-06T05:18:15.746624+00:00', 'model_version': 'sonct988/gemma4-26b-a4b-it-q4km-256k:latest', 'prompt_hash': 'a6af280e'}",05_excluidos
35,real_mixed_107,sonct988/gemma4-26b-a4b-it-q4km-256k:latest_kb_rag,33.92091488838196,51.62,0,direct_json,0.684211,1.0,0.8125,0.0,0,12.1,44.1,30.7,311.0,535.6,29592.9,88.5,16525.8,16017.9,"{'timestamp': '2026-09-06T05:18:13.648000+00:00', 'model_version': 'sonct988/gemma4-26b-a4b-it-q4km-256k:latest', 'prompt_hash': 'a6af280e'}",05_excluidos
35,real_mixed_108,sonct988/gemma4-26b-a4b-it-q4km-256k:latest_kb_rag,29.41772699356079,51.85,0,direct_json,0.307692,0.8,0.444444,0.0,0,10.6,35.2,16.2,321.5,535.6,29573.2,88.5,16525.8,16017.9,"{'timestamp': '2026-09-06T05:18:09.141630+00:00', 'model_version': 'sonct988/gemma4-26b-a4b-it-q4km-256k:latest', 'prompt_hash': 'a6af280e'}",05_excluidos
36,real_mixed_109,sonct988/gemma4-26b-a4b-it-q4km-256k:latest_kb_rag,40.50564908981323,51.67,0,direct_json,0.64,0.666667,0.653061,0.0,0,18.4,35.4,12.1,282.6,535.6,29443.8,88.8,16525.8,16017.9,"{'timestamp': '2026-09-06T05:18:29.936647+00:00', 'model_version': 'sonct988/gemma4-26b-a4b-it-q4km-256k:latest', 'prompt_hash': 'a6af280e'}",05_excluidos
36,real_mixed_110,sonct988/gemma4-26b-a4b-it-q4km-256k:latest_kb_rag,35.664677143096924,51.75,0,direct_json,0.578947,0.578947,0.578947,0.0,0,17.9,35.4,12.7,309.5,535.6,29485.0,88.7,16525.8,16017.9,"{'timestamp': '2026-09-06T05:18:25.103362+00:00', 'model_version': 'sonct988/gemma4-26b-a4b-it-q4km-256k:latest', 'prompt_hash': 'a6af280e'}",05_excluidos
36,real_mixed_111,sonct988/gemma4-26b-a4b-it-q4km-256k:latest_kb_rag,30.9171621799469,52.57,0,direct_json,0.742857,0.866667,0.8,0.0,0,18.1,35.4,17.1,324.7,535.6,29546.9,88.5,16525.8,16017.9,"{'timestamp': '2026-09-06T05:18:20.347789+00:00', 'model_version': 'sonct988/gemma4-26b-a4b-it-q4km-256k:latest', 'prompt_hash': 'a6af280e'}",05_excluidos
37,real_mixed_112,sonct988/gemma4-26b-a4b-it-q4km-256k:latest_kb_rag,34.95753216743469,52.43,0,direct_json,0.375,0.6,0.461538,0.0,0,11.2,35.2,10.9,252.6,535.6,29443.1,88.8,16525.8,16017.9,"{'timestamp': '2026-09-06T05:18:32.394123+00:00', 'model_version': 'sonct988/gemma4-26b-a4b-it-q4km-256k:latest', 'prompt_hash': 'a6af280e'}",05_excluidos
37,real_mixed_113,sonct988/gemma4-26b-a4b-it-q4km-256k:latest_kb_rag,41.04193711280823,52.33,0,direct_json,0.8,0.888889,0.842105,0.0,0,11.8,37.5,8.5,225.0,535.6,29370.8,88.9,16525.8,16017.9,"{'timestamp': '2026-09-06T05:18:38.494555+00:00', 'model_version': 'sonct988/gemma4-26b-a4b-it-q4km-256k:latest', 'prompt_hash': 'a6af280e'}",05_excluidos
37,real_mixed_114,sonct988/gemma4-26b-a4b-it-q4km-256k:latest_kb_rag,38.02146601676941,51.96,0,direct_json,0.428571,0.857143,0.571429,0.0,0,10.7,35.2,10.9,238.4,535.6,29406.8,88.8,16525.8,16017.9,"{'timestamp': '2026-09-06T05:18:35.467164+00:00', 'model_version': 'sonct988/gemma4-26b-a4b-it-q4km-256k:latest', 'prompt_hash': 'a6af280e'}",05_excluidos
38,real_mixed_115,sonct988/gemma4-26b-a4b-it-q4km-256k:latest_kb_rag,34.406249046325684,53.52,0,direct_json,0.5,1.0,0.666667,0.0,0,17.1,38.8,29.4,191.4,535.6,29267.9,89.2,16525.8,16017.9,"{'timestamp': '2026-09-06T05:18:40.764455+00:00', 'model_version': 'sonct988/gemma4-26b-a4b-it-q4km-256k:latest', 'prompt_hash': 'a6af280e'}",05_excluidos
38,real_mixed_116,sonct988/gemma4-26b-a4b-it-q4km-256k:latest_kb_rag,36.957144021987915,53.01,0,direct_json,0.4,1.0,0.571429,0.0,0,17.5,39.6,8.4,182.7,535.6,29260.9,89.2,16525.8,16017.9,"{'timestamp': '2026-09-06T05:18:43.317995+00:00', 'model_version': 'sonct988/gemma4-26b-a4b-it-q4km-256k:latest', 'prompt_hash': 'a6af280e'}",05_excluidos
38,real_mixed_117,sonct988/gemma4-26b-a4b-it-q4km-256k:latest_kb_rag,41.52245998382568,51.51,0,direct_json,0.315789,0.75,0.444444,0.0526315789473684,1,16.8,49.4,5.4,169.7,535.6,29228.1,89.3,16525.8,16017.9,"{'timestamp': '2026-09-06T05:18:47.899142+00:00', 'model_version': 'sonct988/gemma4-26b-a4b-it-q4km-256k:latest', 'prompt_hash': 'a6af280e'}",05_excluidos
39,real_mixed_118,sonct988/gemma4-26b-a4b-it-q4km-256k:latest_kb_rag,39.99139094352722,52.32,0,direct_json,0.555556,1.0,0.714286,0.0,0,19.1,50.0,4.0,119.4,524.1,29054.1,89.6,16525.8,16017.9,"{'timestamp': '2026-09-06T05:18:56.191407+00:00', 'model_version': 'sonct988/gemma4-26b-a4b-it-q4km-256k:latest', 'prompt_hash': 'a6af280e'}",05_excluidos
39,real_mixed_119,sonct988/gemma4-26b-a4b-it-q4km-256k:latest_kb_rag,34.405381202697754,52.75,0,direct_json,0.5,0.666667,0.571429,0.0,0,16.1,45.7,4.5,129.4,524.1,29066.4,89.6,16525.8,16017.9,"{'timestamp': '2026-09-06T05:18:50.612747+00:00', 'model_version': 'sonct988/gemma4-26b-a4b-it-q4km-256k:latest', 'prompt_hash': 'a6af280e'}",05_excluidos
39,real_mixed_120,sonct988/gemma4-26b-a4b-it-q4km-256k:latest_kb_rag,37.45199179649353,51.66,0,direct_json,0.384615,1.0,0.555556,0.0,0,15.4,45.9,2.5,123.7,524.1,29057.5,89.6,16525.8,16017.9,"{'timestamp': '2026-09-06T05:18:53.662236+00:00', 'model_version': 'sonct988/gemma4-26b-a4b-it-q4km-256k:latest', 'prompt_hash': 'a6af280e'}",05_excluidos
1,real_mixed_4,gpt-oss:20b_baseline,258.1675910949707,52.39,0,direct_json,0.625,0.714286,0.666667,0.0625,1,13.4,100.0,2.2,272.2,273.0,29852.1,72.4,12165.9,13154.5,"{'timestamp': '2026-09-06T13:40:23.021159+00:00', 'model_version': 'gpt-oss:20b', 'prompt_hash': 'a6af280e'}",05_excluidos
1,real_mixed_5,gpt-oss:20b_baseline,338.7912530899048,51.64,0,direct_json,0.315789,0.6,0.413793,0.0526315789473684,1,9.1,100.0,0.9,272.4,273.0,29984.4,72.6,12165.9,13154.5,"{'timestamp': '2026-09-06T13:41:43.647977+00:00', 'model_version': 'gpt-oss:20b', 'prompt_hash': 'a6af280e'}",05_excluidos
1,real_mixed_6,gpt-oss:20b_baseline,141.7264850139618,51.77,0,direct_json,0.6,0.666667,0.631579,0.0,0,8.2,65.1,1.9,271.7,272.5,29564.6,71.6,12165.9,13154.5,"{'timestamp': '2026-09-06T13:38:26.582254+00:00', 'model_version': 'gpt-oss:20b', 'prompt_hash': 'a6af280e'}",05_excluidos
2,real_mixed_7,gpt-oss:20b_baseline,384.895446062088,51.97,0,direct_json,0.533333,0.571429,0.551724,0.0,0,10.1,66.7,0.8,272.5,273.8,30030.6,72.7,12165.9,13154.5,"{'timestamp': '2026-09-06T13:42:29.754922+00:00', 'model_version': 'gpt-oss:20b', 'prompt_hash': 'a6af280e'}",05_excluidos
2,real_mixed_8,gpt-oss:20b_baseline,245.06422805786133,51.4,0,direct_json,0.5,0.555556,0.526316,0.0,0,10.3,100.0,0.9,272.1,273.0,29822.5,72.4,12165.9,13154.5,"{'timestamp': '2026-09-06T13:40:09.922362+00:00', 'model_version': 'gpt-oss:20b', 'prompt_hash': 'a6af280e'}",05_excluidos
2,real_mixed_9,gpt-oss:20b_baseline,181.7444610595703,51.72,0,fallback,0.0,0.0,0.0,0.0,0,8.3,65.1,1.7,271.9,272.8,29694.3,72.0,12165.9,13154.5,"{'timestamp': '2026-09-06T13:39:06.599023+00:00', 'model_version': 'gpt-oss:20b', 'prompt_hash': 'a6af280e'}",05_excluidos
0,real_mixed_1,gpt-oss:20b_baseline,97.73588514328004,51.42,0,direct_json,0.529412,0.692308,0.6,0.0,0,8.2,65.1,3.0,271.4,272.2,29223.1,70.6,12165.9,13154.5,"{'timestamp': '2026-09-06T13:37:42.588106+00:00', 'model_version': 'gpt-oss:20b', 'prompt_hash': 'a6af280e'}",05_excluidos
0,real_mixed_2,gpt-oss:20b_baseline,417.6573028564453,51.88,0,direct_json,0.545455,0.5,0.521739,0.0909090909090909,1,12.7,65.8,1.8,271.4,273.9,30057.4,72.8,12165.9,13154.5,"{'timestamp': '2026-09-06T13:43:02.505277+00:00', 'model_version': 'gpt-oss:20b', 'prompt_hash': 'a6af280e'}",05_excluidos
0,real_mixed_3,gpt-oss:20b_baseline,298.2604010105133,51.76,0,direct_json,0.357143,0.416667,0.384615,0.0,0,8.3,100.0,2.4,272.3,273.0,29925.8,72.6,12165.9,13154.5,"{'timestamp': '2026-09-06T13:41:03.114264+00:00', 'model_version': 'gpt-oss:20b', 'prompt_hash': 'a6af280e'}",05_excluidos
3,real_mixed_10,gpt-oss:20b_baseline,114.8349289894104,51.81,0,direct_json,0.4,1.0,0.571429,0.0,0,12.9,100.0,1.7,271.5,272.3,29396.8,71.1,12165.9,13154.5,"{'timestamp': '2026-09-06T13:37:59.682717+00:00', 'model_version': 'gpt-oss:20b', 'prompt_hash': 'a6af280e'}",05_excluidos
3,real_mixed_11,gpt-oss:20b_baseline,463.3834578990936,51.25,0,direct_json,0.548387,0.944444,0.693878,0.0,0,7.9,65.5,0.6,269.7,273.9,30085.2,72.9,12165.9,13154.5,"{'timestamp': '2026-09-06T13:43:48.235145+00:00', 'model_version': 'gpt-oss:20b', 'prompt_hash': 'a6af280e'}",05_excluidos
3,real_mixed_12,gpt-oss:20b_baseline,33.965656995773315,51.58,0,direct_json,0.538462,1.0,0.7,0.0,0,7.7,65.1,7.8,270.4,270.6,27401.9,66.4,12165.9,13154.5,"{'timestamp': '2026-09-06T13:36:38.810414+00:00', 'model_version': 'gpt-oss:20b', 'prompt_hash': 'a6af280e'}",05_excluidos
5,real_mixed_16,gpt-oss:20b_baseline,63.76907277107239,51.48,0,direct_json,0.5,0.555556,0.526316,0.1,1,10.2,65.1,1.8,271.0,271.8,28641.8,69.2,12165.9,13154.5,"{'timestamp': '2026-09-06T13:37:08.624022+00:00', 'model_version': 'gpt-oss:20b', 'prompt_hash': 'a6af280e'}",05_excluidos
5,real_mixed_17,gpt-oss:20b_baseline,427.39892077445984,52.71,0,direct_json,0.333333,1.0,0.5,0.0,0,9.2,65.1,0.6,271.0,273.9,30064.7,72.8,12165.9,13154.5,"{'timestamp': '2026-09-06T13:43:12.245360+00:00', 'model_version': 'gpt-oss:20b', 'prompt_hash': 'a6af280e'}",05_excluidos
5,real_mixed_18,gpt-oss:20b_baseline,478.20348620414734,52.15,0,direct_json,0.571429,0.666667,0.615385,0.0714285714285714,1,7.0,65.2,0.6,269.2,273.9,30095.0,72.9,12165.9,13154.5,"{'timestamp': '2026-09-06T13:44:03.060760+00:00', 'model_version': 'gpt-oss:20b', 'prompt_hash': 'a6af280e'}",05_excluidos
4,real_mixed_13,gpt-oss:20b_baseline,513.6534540653229,51.65,0,direct_json,0.44,0.647059,0.52381,0.0,0,8.6,100.0,0.8,264.4,273.9,30103.7,72.9,12165.9,13154.5,"{'timestamp': '2026-09-06T13:44:38.526068+00:00', 'model_version': 'gpt-oss:20b', 'prompt_hash': 'a6af280e'}",05_excluidos
4,real_mixed_14,gpt-oss:20b_baseline,359.57838797569275,51.68,0,direct_json,0.666667,0.833333,0.740741,0.0,0,8.6,100.0,1.9,272.4,273.8,30008.4,72.7,12165.9,13154.5,"{'timestamp': '2026-09-06T13:42:04.432752+00:00', 'model_version': 'gpt-oss:20b', 'prompt_hash': 'a6af280e'}",05_excluidos
4,real_mixed_15,gpt-oss:20b_baseline,211.161278963089,51.9,0,direct_json,0.291667,0.777778,0.424242,0.0,0,9.8,100.0,3.4,272.0,272.9,29761.8,72.2,12165.9,13154.5,"{'timestamp': '2026-09-06T13:39:36.004988+00:00', 'model_version': 'gpt-oss:20b', 'prompt_hash': 'a6af280e'}",05_excluidos
6,real_mixed_19,gpt-oss:20b_baseline,196.02025175094604,52.33,0,direct_json,0.666667,0.7,0.682927,0.0,0,8.0,66.7,0.9,243.7,273.9,30323.3,73.4,12165.9,13154.5,"{'timestamp': '2026-09-06T13:44:59.726087+00:00', 'model_version': 'gpt-oss:20b', 'prompt_hash': 'a6af280e'}",05_excluidos
6,real_mixed_20,gpt-oss:20b_baseline,227.91681385040283,51.84,0,direct_json,0.571429,0.5,0.533333,0.0,0,9.0,100.0,0.9,237.5,273.9,30307.5,73.5,12165.9,13154.5,"{'timestamp': '2026-09-06T13:45:31.622615+00:00', 'model_version': 'gpt-oss:20b', 'prompt_hash': 'a6af280e'}",05_excluidos
6,real_mixed_21,gpt-oss:20b_baseline,268.4877281188965,51.46,0,fallback,0.0,0.0,0.0,0.0,0,8.9,100.0,0.9,231.8,273.9,30286.0,73.5,12165.9,13154.5,"{'timestamp': '2026-09-06T13:46:12.192346+00:00', 'model_version': 'gpt-oss:20b', 'prompt_hash': 'a6af280e'}",05_excluidos
7,real_mixed_22,gpt-oss:20b_baseline,227.94422817230225,52.8,0,direct_json,0.0,0.0,0.0,0.0,0,7.1,100.0,1.0,222.6,273.9,30264.8,73.5,12165.9,13154.5,"{'timestamp': '2026-09-06T13:46:17.726714+00:00', 'model_version': 'gpt-oss:20b', 'prompt_hash': 'a6af280e'}",05_excluidos
7,real_mixed_23,gpt-oss:20b_baseline,278.21982502937317,51.59,0,fallback,0.0,0.0,0.0,0.0,0,6.1,50.0,0.9,218.5,273.9,30226.5,73.6,12165.9,13154.5,"{'timestamp': '2026-09-06T13:47:08.015417+00:00', 'model_version': 'gpt-oss:20b', 'prompt_hash': 'a6af280e'}",05_excluidos
7,real_mixed_24,gpt-oss:20b_baseline,237.55469608306885,52.41,0,direct_json,0.5,0.571429,0.533333,0.0,0,7.7,66.7,0.9,221.6,273.9,30257.8,73.5,12165.9,13154.5,"{'timestamp': '2026-09-06T13:46:27.346822+00:00', 'model_version': 'gpt-oss:20b', 'prompt_hash': 'a6af280e'}",05_excluidos
8,real_mixed_25,gpt-oss:20b_baseline,312.0461468696594,52.01,0,direct_json,0.428571,0.5,0.461538,0.0,0,11.7,51.9,0.9,210.4,254.5,30142.1,73.7,12165.9,13154.5,"{'timestamp': '2026-09-06T13:48:14.600929+00:00', 'model_version': 'gpt-oss:20b', 'prompt_hash': 'a6af280e'}",05_excluidos
8,real_mixed_26,gpt-oss:20b_baseline,284.71673488616943,51.67,0,direct_json,0.6,0.583333,0.591549,0.2,7,11.4,50.0,0.9,211.4,254.5,30166.4,73.7,12165.9,13154.5,"{'timestamp': '2026-09-06T13:47:47.297099+00:00', 'model_version': 'gpt-oss:20b', 'prompt_hash': 'a6af280e'}",05_excluidos
8,real_mixed_27,gpt-oss:20b_baseline,354.17290115356445,50.95,0,fallback,0.0,0.0,0.0,0.0,0,10.7,43.8,0.9,209.2,254.5,30109.6,73.8,12165.9,13154.5,"{'timestamp': '2026-09-06T13:48:56.722103+00:00', 'model_version': 'gpt-oss:20b', 'prompt_hash': 'a6af280e'}",05_excluidos
9,real_mixed_28,gpt-oss:20b_baseline,382.44023990631104,51.67,0,direct_json,0.666667,0.666667,0.666667,0.0,0,10.0,75.0,0.9,202.1,254.5,30012.9,74.0,12165.9,13154.5,"{'timestamp': '2026-09-06T13:50:10.729629+00:00', 'model_version': 'gpt-oss:20b', 'prompt_hash': 'a6af280e'}",05_excluidos
9,real_mixed_29,gpt-oss:20b_baseline,339.4088099002838,52.01,0,direct_json,0.346154,0.75,0.473684,0.0,0,7.3,37.5,0.9,202.3,254.5,30048.5,73.9,12165.9,13154.5,"{'timestamp': '2026-09-06T13:49:27.694905+00:00', 'model_version': 'gpt-oss:20b', 'prompt_hash': 'a6af280e'}",05_excluidos
9,real_mixed_30,gpt-oss:20b_baseline,364.3261299133301,52.17,0,direct_json,0.545455,0.75,0.631579,0.0,0,7.3,92.9,0.9,202.2,254.5,30027.5,73.9,12165.9,13154.5,"{'timestamp': '2026-09-06T13:49:52.605869+00:00', 'model_version': 'gpt-oss:20b', 'prompt_hash': 'a6af280e'}",05_excluidos
10,real_mixed_31,gpt-oss:20b_baseline,411.7951428890228,52.66,0,direct_json,0.0,0.0,0.0,0.0,0,6.1,58.3,0.9,200.1,200.9,29954.0,74.1,12165.9,13154.5,"{'timestamp': '2026-09-06T13:50:54.890229+00:00', 'model_version': 'gpt-oss:20b', 'prompt_hash': 'a6af280e'}",05_excluidos
10,real_mixed_32,gpt-oss:20b_baseline,440.13405895233154,52.1,0,direct_json,0.142857,0.285714,0.190476,0.0,0,7.0,58.3,0.9,200.1,200.9,29928.1,74.1,12165.9,13154.5,"{'timestamp': '2026-09-06T13:51:23.235170+00:00', 'model_version': 'gpt-oss:20b', 'prompt_hash': 'a6af280e'}",05_excluidos
10,real_mixed_33,gpt-oss:20b_baseline,400.1792821884155,51.95,0,direct_json,0.666667,0.615385,0.64,0.0,0,6.1,58.3,0.9,200.1,200.9,29966.4,74.1,12165.9,13154.5,"{'timestamp': '2026-09-06T13:50:43.290164+00:00', 'model_version': 'gpt-oss:20b', 'prompt_hash': 'a6af280e'}",05_excluidos
11,real_mixed_34,gpt-oss:20b_baseline,440.1977541446686,52.15,0,direct_json,0.454545,0.5,0.47619,0.0,0,6.2,58.3,1.0,200.2,200.9,29858.7,74.3,12165.9,13154.5,"{'timestamp': '2026-09-06T13:51:58.767673+00:00', 'model_version': 'gpt-oss:20b', 'prompt_hash': 'a6af280e'}",05_excluidos
11,real_mixed_35,gpt-oss:20b_baseline,481.1966750621796,51.6,0,fallback,0.0,0.0,0.0,0.0,0,6.7,100.0,0.9,200.3,200.9,29807.3,74.4,12165.9,13154.5,"{'timestamp': '2026-09-06T13:52:39.762885+00:00', 'model_version': 'gpt-oss:20b', 'prompt_hash': 'a6af280e'}",05_excluidos
11,real_mixed_36,gpt-oss:20b_baseline,419.0074870586395,52.43,0,direct_json,0.590909,0.590909,0.590909,0.0,0,6.2,58.3,0.9,200.2,200.9,29889.4,74.2,12165.9,13154.5,"{'timestamp': '2026-09-06T13:51:37.589958+00:00', 'model_version': 'gpt-oss:20b', 'prompt_hash': 'a6af280e'}",05_excluidos
12,real_mixed_37,gpt-oss:20b_baseline,426.00880908966064,51.63,0,direct_json,0.666667,0.833333,0.740741,0.0,0,9.4,100.0,0.9,200.4,201.0,29671.8,74.7,12165.9,13154.5,"{'timestamp': '2026-09-06T13:53:18.256242+00:00', 'model_version': 'gpt-oss:20b', 'prompt_hash': 'a6af280e'}",05_excluidos
12,real_mixed_38,gpt-oss:20b_baseline,488.916307926178,51.77,0,direct_json,0.6875,0.846154,0.758621,0.0,0,11.0,68.2,0.8,197.9,201.0,29611.2,74.8,12165.9,13154.5,"{'timestamp': '2026-09-06T13:54:21.163311+00:00', 'model_version': 'gpt-oss:20b', 'prompt_hash': 'a6af280e'}",05_excluidos
12,real_mixed_39,gpt-oss:20b_baseline,457.8087441921234,51.76,0,direct_json,0.666667,0.857143,0.75,0.0,0,7.9,100.0,0.8,200.4,201.0,29642.8,74.7,12165.9,13154.5,"{'timestamp': '2026-09-06T13:53:50.042672+00:00', 'model_version': 'gpt-oss:20b', 'prompt_hash': 'a6af280e'}",05_excluidos
13,real_mixed_40,gpt-oss:20b_baseline,453.9665107727051,52.17,0,direct_json,0.615385,0.666667,0.64,0.0769230769230769,1,6.7,58.3,0.9,194.7,201.0,29536.5,74.9,12165.9,13154.5,"{'timestamp': '2026-09-06T13:54:42.026239+00:00', 'model_version': 'gpt-oss:20b', 'prompt_hash': 'a6af280e'}",05_excluidos
13,real_mixed_41,gpt-oss:20b_baseline,484.8434948921203,51.81,0,direct_json,0.684211,0.722222,0.702703,0.0,0,6.2,58.3,0.8,190.4,201.0,29512.2,75.0,12165.9,13154.5,"{'timestamp': '2026-09-06T13:55:12.912853+00:00', 'model_version': 'gpt-oss:20b', 'prompt_hash': 'a6af280e'}",05_excluidos
13,real_mixed_42,gpt-oss:20b_baseline,526.0511639118195,51.48,0,fallback,0.0,0.0,0.0,0.0,0,6.2,58.3,0.8,185.2,201.0,29484.8,75.0,12165.9,13154.5,"{'timestamp': '2026-09-06T13:55:54.127206+00:00', 'model_version': 'gpt-oss:20b', 'prompt_hash': 'a6af280e'}",05_excluidos
14,real_mixed_43,gpt-oss:20b_baseline,512.9568672180176,50.13,0,fallback,0.0,0.0,0.0,0.0,0,8.3,64.3,0.8,171.3,201.0,29312.6,75.4,12165.9,13154.5,"{'timestamp': '2026-09-06T13:57:29.731106+00:00', 'model_version': 'gpt-oss:20b', 'prompt_hash': 'a6af280e'}",05_excluidos
14,real_mixed_44,gpt-oss:20b_baseline,469.4642150402069,51.26,0,fallback,1.0,0.25,0.4,0.0,0,11.4,66.7,0.8,175.3,201.0,29348.4,75.3,12165.9,13154.5,"{'timestamp': '2026-09-06T13:56:46.242002+00:00', 'model_version': 'gpt-oss:20b', 'prompt_hash': 'a6af280e'}",05_excluidos
14,real_mixed_45,gpt-oss:20b_baseline,428.15965604782104,52.4,0,direct_json,0.571429,0.666667,0.615385,0.0,0,11.6,100.0,0.8,180.0,201.0,29373.4,75.2,12165.9,13154.5,"{'timestamp': '2026-09-06T13:56:04.925132+00:00', 'model_version': 'gpt-oss:20b', 'prompt_hash': 'a6af280e'}",05_excluidos
15,real_mixed_46,gpt-oss:20b_baseline,529.0278031826019,52.21,0,direct_json,0.545455,0.428571,0.48,0.0,0,7.9,100.0,0.8,159.9,201.0,29161.4,75.8,12165.9,13154.5,"{'timestamp': '2026-09-06T13:58:59.802537+00:00', 'model_version': 'gpt-oss:20b', 'prompt_hash': 'a6af280e'}",05_excluidos
15,real_mixed_47,gpt-oss:20b_baseline,479.17210388183594,51.3,0,fallback,0.0,0.0,0.0,0.0,0,9.9,100.0,0.8,163.2,201.0,29212.5,75.7,12165.9,13154.5,"{'timestamp': '2026-09-06T13:58:09.960624+00:00', 'model_version': 'gpt-oss:20b', 'prompt_hash': 'a6af280e'}",05_excluidos
15,real_mixed_48,gpt-oss:20b_baseline,508.37141513824463,51.95,0,direct_json,0.454545,0.833333,0.588235,0.0,0,8.5,60.0,0.8,161.2,201.0,29181.7,75.7,12165.9,13154.5,"{'timestamp': '2026-09-06T13:58:39.142450+00:00', 'model_version': 'gpt-oss:20b', 'prompt_hash': 'a6af280e'}",05_excluidos
16,real_mixed_49,gpt-oss:20b_baseline,551.6189351081848,50.34,0,direct_json,0.533333,0.571429,0.551724,0.0,0,9.8,100.0,0.9,148.6,201.0,29011.1,76.1,12165.9,13154.5,"{'timestamp': '2026-09-06T14:00:34.907503+00:00', 'model_version': 'gpt-oss:20b', 'prompt_hash': 'a6af280e'}",05_excluidos
16,real_mixed_50,gpt-oss:20b_baseline,493.8453719615936,51.8,0,direct_json,0.461538,0.545455,0.5,0.0,0,7.0,55.6,0.9,151.6,201.0,29072.8,76.0,12165.9,13154.5,"{'timestamp': '2026-09-06T13:59:37.135816+00:00', 'model_version': 'gpt-oss:20b', 'prompt_hash': 'a6af280e'}",05_excluidos
16,real_mixed_51,gpt-oss:20b_baseline,535.0844528675079,50.55,0,fallback,0.625,0.714286,0.666667,0.0,0,8.5,100.0,0.9,149.5,201.0,29032.8,76.1,12165.9,13154.5,"{'timestamp': '2026-09-06T14:00:18.366900+00:00', 'model_version': 'gpt-oss:20b', 'prompt_hash': 'a6af280e'}",05_excluidos
17,real_mixed_52,gpt-oss:20b_baseline,536.6914391517639,50.33,0,direct_json,0.5,0.785714,0.611111,0.0,0,7.4,70.8,0.8,138.3,201.0,28891.0,76.3,12165.9,13154.5,"{'timestamp': '2026-09-06T14:01:36.516767+00:00', 'model_version': 'gpt-oss:20b', 'prompt_hash': 'a6af280e'}",05_excluidos
17,real_mixed_53,gpt-oss:20b_baseline,515.028354883194,50.25,0,direct_json,0.25,0.666667,0.363636,0.0,0,7.7,70.8,0.8,138.9,201.0,28918.9,76.3,12165.9,13154.5,"{'timestamp': '2026-09-06T14:01:14.839749+00:00', 'model_version': 'gpt-oss:20b', 'prompt_hash': 'a6af280e'}",05_excluidos
17,real_mixed_54,gpt-oss:20b_baseline,491.8709509372711,50.35,0,direct_json,0.333333,0.75,0.461538,0.2222222222222222,2,7.5,70.8,0.8,139.6,201.0,28944.5,76.2,12165.9,13154.5,"{'timestamp': '2026-09-06T14:00:51.681038+00:00', 'model_version': 'gpt-oss:20b', 'prompt_hash': 'a6af280e'}",05_excluidos
18,real_mixed_55,gpt-oss:20b_baseline,502.5156412124634,49.67,0,direct_json,0.277778,0.555556,0.37037,0.0,0,13.9,100.0,0.8,126.5,133.0,28739.6,76.7,12165.9,13154.5,"{'timestamp': '2026-09-06T14:02:43.732018+00:00', 'model_version': 'gpt-oss:20b', 'prompt_hash': 'a6af280e'}",05_excluidos
18,real_mixed_56,gpt-oss:20b_baseline,545.2173500061035,49.55,0,fallback,0.0,0.0,0.0,0.0,0,15.3,94.5,0.8,126.4,133.0,28695.0,76.7,12165.9,13154.5,"{'timestamp': '2026-09-06T14:03:26.430106+00:00', 'model_version': 'gpt-oss:20b', 'prompt_hash': 'a6af280e'}",05_excluidos
18,real_mixed_57,gpt-oss:20b_baseline,461.3604578971863,50.29,0,direct_json,0.608696,0.777778,0.682927,0.0434782608695652,1,14.6,95.1,0.9,126.6,133.0,28781.6,76.6,12165.9,13154.5,"{'timestamp': '2026-09-06T14:02:02.583933+00:00', 'model_version': 'gpt-oss:20b', 'prompt_hash': 'a6af280e'}",05_excluidos
19,real_mixed_58,gpt-oss:20b_baseline,482.1649959087372,50.06,0,direct_json,0.388889,0.636364,0.482759,0.0,0,8.8,100.0,0.8,126.2,129.9,28572.4,77.0,12165.9,13154.5,"{'timestamp': '2026-09-06T14:03:56.336965+00:00', 'model_version': 'gpt-oss:20b', 'prompt_hash': 'a6af280e'}",05_excluidos
19,real_mixed_59,gpt-oss:20b_baseline,542.8884551525116,49.43,0,direct_json,0.6,0.857143,0.705882,0.0,0,9.8,70.8,0.8,126.1,129.9,28510.9,77.1,12165.9,13154.5,"{'timestamp': '2026-09-06T14:04:57.054075+00:00', 'model_version': 'gpt-oss:20b', 'prompt_hash': 'a6af280e'}",05_excluidos
19,real_mixed_60,gpt-oss:20b_baseline,504.8472828865051,50.23,0,direct_json,0.769231,0.769231,0.769231,0.0,0,8.3,70.8,0.8,126.2,129.9,28547.7,77.1,12165.9,13154.5,"{'timestamp': '2026-09-06T14:04:19.025119+00:00', 'model_version': 'gpt-oss:20b', 'prompt_hash': 'a6af280e'}",05_excluidos
20,real_mixed_61,gpt-oss:20b_baseline,549.5948519706726,49.0,0,direct_json,0.558824,0.678571,0.612903,0.0,0,11.0,70.8,0.8,125.7,129.9,28330.9,77.4,12165.9,13154.5,"{'timestamp': '2026-09-06T14:06:39.392644+00:00', 'model_version': 'gpt-oss:20b', 'prompt_hash': 'a6af280e'}",05_excluidos
20,real_mixed_62,gpt-oss:20b_baseline,525.3776388168335,49.63,0,fallback,0.0,0.0,0.0,0.0,0,10.3,100.0,0.8,125.7,129.9,28349.8,77.4,12165.9,13154.5,"{'timestamp': '2026-09-06T14:06:15.157489+00:00', 'model_version': 'gpt-oss:20b', 'prompt_hash': 'a6af280e'}",05_excluidos
20,real_mixed_63,gpt-oss:20b_baseline,483.2744767665863,49.97,0,direct_json,0.3125,0.625,0.416667,0.0,0,9.8,100.0,0.8,125.8,129.9,28377.7,77.3,12165.9,13154.5,"{'timestamp': '2026-09-06T14:05:33.050850+00:00', 'model_version': 'gpt-oss:20b', 'prompt_hash': 'a6af280e'}",05_excluidos
21,real_mixed_64,gpt-oss:20b_baseline,526.6920132637024,50.21,0,direct_json,0.2,1.0,0.333333,0.0,0,9.3,70.8,0.9,125.3,129.9,28195.0,77.6,12165.9,13154.5,"{'timestamp': '2026-09-06T14:07:46.523713+00:00', 'model_version': 'gpt-oss:20b', 'prompt_hash': 'a6af280e'}",05_excluidos
21,real_mixed_65,gpt-oss:20b_baseline,543.532928943634,50.26,0,direct_json,0.285714,0.5,0.363636,0.0714285714285714,1,10.0,70.8,0.8,125.3,129.9,28184.9,77.7,12165.9,13154.5,"{'timestamp': '2026-09-06T14:08:03.377681+00:00', 'model_version': 'gpt-oss:20b', 'prompt_hash': 'a6af280e'}",05_excluidos
21,real_mixed_66,gpt-oss:20b_baseline,501.508003950119,49.8,0,fallback,0.0,0.0,0.0,0.0,0,9.4,100.0,0.8,125.2,129.9,28211.5,77.6,12165.9,13154.5,"{'timestamp': '2026-09-06T14:07:21.371359+00:00', 'model_version': 'gpt-oss:20b', 'prompt_hash': 'a6af280e'}",05_excluidos
22,real_mixed_67,gpt-oss:20b_baseline,490.48941588401794,49.62,0,fallback,0.0,0.0,0.0,0.0,0,11.7,100.0,0.8,125.5,127.1,28068.0,77.9,12165.9,13154.5,"{'timestamp': '2026-09-06T14:08:45.453519+00:00', 'model_version': 'gpt-oss:20b', 'prompt_hash': 'a6af280e'}",05_excluidos
22,real_mixed_68,gpt-oss:20b_baseline,517.9261441230774,50.19,0,direct_json,0.625,0.769231,0.689655,0.0,0,11.2,100.0,0.8,125.5,127.1,28054.5,77.9,12165.9,13154.5,"{'timestamp': '2026-09-06T14:09:12.882481+00:00', 'model_version': 'gpt-oss:20b', 'prompt_hash': 'a6af280e'}",05_excluidos
22,real_mixed_69,gpt-oss:20b_baseline,560.3279452323914,49.69,0,fallback,0.0,0.0,0.0,0.0,0,11.3,73.7,0.8,125.6,127.1,28031.8,77.9,12165.9,13154.5,"{'timestamp': '2026-09-06T14:09:55.300340+00:00', 'model_version': 'gpt-oss:20b', 'prompt_hash': 'a6af280e'}",05_excluidos
23,real_mixed_70,gpt-oss:20b_baseline,571.7799680233002,49.74,0,fallback,0.0,0.0,0.0,0.0,0,11.9,100.0,0.8,125.9,127.4,27963.7,78.1,12165.9,13154.5,"{'timestamp': '2026-09-06T14:11:08.351789+00:00', 'model_version': 'gpt-oss:20b', 'prompt_hash': 'a6af280e'}",05_excluidos
23,real_mixed_71,gpt-oss:20b_baseline,614.3373820781708,49.58,0,fallback,0.0,0.0,0.0,0.0,0,9.6,100.0,0.8,125.9,127.4,27942.7,78.1,12165.9,13154.5,"{'timestamp': '2026-09-06T14:11:50.909098+00:00', 'model_version': 'gpt-oss:20b', 'prompt_hash': 'a6af280e'}",05_excluidos
23,real_mixed_72,gpt-oss:20b_baseline,529.7316238880157,49.49,0,direct_json,0.571429,0.571429,0.571429,0.0,0,12.3,100.0,0.8,125.8,127.4,27981.6,78.1,12165.9,13154.5,"{'timestamp': '2026-09-06T14:10:26.302635+00:00', 'model_version': 'gpt-oss:20b', 'prompt_hash': 'a6af280e'}",05_excluidos
24,real_mixed_73,gpt-oss:20b_baseline,552.0377039909363,50.3,0,direct_json,0.916667,0.733333,0.814815,0.0,0,10.9,100.0,0.8,125.9,127.4,27853.5,78.3,12165.9,13154.5,"{'timestamp': '2026-09-06T14:12:38.526844+00:00', 'model_version': 'gpt-oss:20b', 'prompt_hash': 'a6af280e'}",05_excluidos
24,real_mixed_74,gpt-oss:20b_baseline,568.2592370510101,50.29,0,direct_json,0.7,0.7,0.7,0.0,0,12.0,100.0,0.8,125.8,127.4,27843.6,78.4,12165.9,13154.5,"{'timestamp': '2026-09-06T14:12:54.737555+00:00', 'model_version': 'gpt-oss:20b', 'prompt_hash': 'a6af280e'}",05_excluidos
24,real_mixed_75,gpt-oss:20b_baseline,533.8632490634918,50.07,0,direct_json,0.4,0.666667,0.5,0.0,0,9.1,100.0,0.8,125.9,127.4,27865.4,78.3,12165.9,13154.5,"{'timestamp': '2026-09-06T14:12:20.330385+00:00', 'model_version': 'gpt-oss:20b', 'prompt_hash': 'a6af280e'}",05_excluidos
25,real_mixed_76,gpt-oss:20b_baseline,493.17817997932434,50.52,0,direct_json,0.0,0.0,0.0,0.0,0,11.1,72.9,0.8,125.9,127.4,27788.3,78.5,12165.9,13154.5,"{'timestamp': '2026-09-06T14:13:10.260105+00:00', 'model_version': 'gpt-oss:20b', 'prompt_hash': 'a6af280e'}",05_excluidos
25,real_mixed_77,gpt-oss:20b_baseline,527.3945937156677,49.89,0,direct_json,0.56,0.7,0.622222,0.0,0,8.4,72.8,0.8,125.8,127.4,27768.0,78.5,12165.9,13154.5,"{'timestamp': '2026-09-06T14:13:44.510815+00:00', 'model_version': 'gpt-oss:20b', 'prompt_hash': 'a6af280e'}",05_excluidos
25,real_mixed_78,gpt-oss:20b_baseline,548.1179201602936,49.6,0,direct_json,0.307692,1.0,0.470588,0.1538461538461538,2,8.9,100.0,0.8,125.7,127.4,27755.7,78.5,12165.9,13154.5,"{'timestamp': '2026-09-06T14:14:05.212146+00:00', 'model_version': 'gpt-oss:20b', 'prompt_hash': 'a6af280e'}",05_excluidos
26,real_mixed_79,gpt-oss:20b_baseline,526.2373161315918,49.06,0,direct_json,0.5,0.6,0.545455,0.0,0,10.6,100.0,0.8,125.6,127.4,27624.1,78.8,12165.9,13154.5,"{'timestamp': '2026-09-06T14:15:25.670762+00:00', 'model_version': 'gpt-oss:20b', 'prompt_hash': 'a6af280e'}",05_excluidos
26,real_mixed_80,gpt-oss:20b_baseline,498.9593439102173,49.74,0,direct_json,0.552632,0.875,0.677419,0.0,0,8.5,72.8,0.8,125.7,127.4,27650.5,78.8,12165.9,13154.5,"{'timestamp': '2026-09-06T14:14:58.425960+00:00', 'model_version': 'gpt-oss:20b', 'prompt_hash': 'a6af280e'}",05_excluidos
26,real_mixed_81,gpt-oss:20b_baseline,471.5282680988312,50.26,0,direct_json,0.6,0.545455,0.571429,0.0,0,9.8,100.0,0.8,125.7,127.4,27673.7,78.7,12165.9,13154.5,"{'timestamp': '2026-09-06T14:14:30.965884+00:00', 'model_version': 'gpt-oss:20b', 'prompt_hash': 'a6af280e'}",05_excluidos
27,real_mixed_82,gpt-oss:20b_baseline,531.4242000579834,49.78,0,fallback,0.0,0.0,0.0,0.0,0,9.2,100.0,0.8,125.2,127.4,27494.0,79.1,12165.9,13154.5,"{'timestamp': '2026-09-06T14:16:54.848899+00:00', 'model_version': 'gpt-oss:20b', 'prompt_hash': 'a6af280e'}",05_excluidos
27,real_mixed_83,gpt-oss:20b_baseline,460.4289579391479,50.33,0,direct_json,0.75,0.9,0.818182,0.0,0,14.9,100.0,0.8,125.4,127.4,27559.2,79.0,12165.9,13154.5,"{'timestamp': '2026-09-06T14:15:43.854492+00:00', 'model_version': 'gpt-oss:20b', 'prompt_hash': 'a6af280e'}",05_excluidos
27,real_mixed_84,gpt-oss:20b_baseline,489.2875099182129,50.15,0,direct_json,0.7,0.777778,0.736842,0.1,1,11.5,100.0,0.8,125.4,127.4,27533.4,79.0,12165.9,13154.5,"{'timestamp': '2026-09-06T14:16:12.707619+00:00', 'model_version': 'gpt-oss:20b', 'prompt_hash': 'a6af280e'}",05_excluidos
28,real_mixed_85,gpt-oss:20b_baseline,431.1059808731079,50.52,0,direct_json,0.6,0.75,0.666667,0.0,0,13.8,100.0,0.9,124.9,127.4,27405.6,79.3,12165.9,13154.5,"{'timestamp': '2026-09-06T14:17:06.455036+00:00', 'model_version': 'gpt-oss:20b', 'prompt_hash': 'a6af280e'}",05_excluidos
28,real_mixed_86,gpt-oss:20b_baseline,499.9858250617981,49.7,0,fallback,0.0,0.0,0.0,0.0,0,14.1,100.0,0.8,124.7,127.4,27329.9,79.4,12165.9,13154.5,"{'timestamp': '2026-09-06T14:18:15.335983+00:00', 'model_version': 'gpt-oss:20b', 'prompt_hash': 'a6af280e'}",05_excluidos
28,real_mixed_87,gpt-oss:20b_baseline,457.9798550605774,50.17,0,direct_json,0.555556,0.714286,0.625,0.0,0,12.7,72.8,0.8,124.8,127.4,27373.1,79.3,12165.9,13154.5,"{'timestamp': '2026-09-06T14:17:33.322282+00:00', 'model_version': 'gpt-oss:20b', 'prompt_hash': 'a6af280e'}",05_excluidos
29,real_mixed_88,gpt-oss:20b_baseline,396.1865670681,50.63,0,direct_json,0.333333,0.75,0.461538,0.0,0,8.3,34.3,0.9,124.3,126.6,27204.9,79.7,12165.9,13154.5,"{'timestamp': '2026-09-06T14:18:27.146162+00:00', 'model_version': 'gpt-oss:20b', 'prompt_hash': 'a6af280e'}",05_excluidos
29,real_mixed_89,gpt-oss:20b_baseline,415.8114919662475,50.28,0,direct_json,0.5,0.384615,0.434783,0.0,0,9.0,38.5,0.7,124.3,126.6,27185.1,79.7,12165.9,13154.5,"{'timestamp': '2026-09-06T14:18:46.792615+00:00', 'model_version': 'gpt-oss:20b', 'prompt_hash': 'a6af280e'}",05_excluidos
29,real_mixed_90,gpt-oss:20b_baseline,451.7893900871277,49.93,0,direct_json,0.347826,1.0,0.516129,0.0,0,11.9,100.0,0.8,124.2,126.6,27146.1,79.8,12165.9,13154.5,"{'timestamp': '2026-09-06T14:19:22.757579+00:00', 'model_version': 'gpt-oss:20b', 'prompt_hash': 'a6af280e'}",05_excluidos
30,real_mixed_91,gpt-oss:20b_baseline,448.3556499481201,49.28,0,direct_json,0.625,0.833333,0.714286,0.0,0,14.1,80.0,0.9,123.9,126.0,27034.6,80.0,12165.9,13154.5,"{'timestamp': '2026-09-06T14:20:23.149021+00:00', 'model_version': 'gpt-oss:20b', 'prompt_hash': 'a6af280e'}",05_excluidos
30,real_mixed_92,gpt-oss:20b_baseline,490.5514569282532,49.63,0,fallback,0.0,0.0,0.0,0.0,0,8.5,61.8,0.9,123.0,126.0,27018.6,80.0,12165.9,13154.5,"{'timestamp': '2026-09-06T14:21:05.341247+00:00', 'model_version': 'gpt-oss:20b', 'prompt_hash': 'a6af280e'}",05_excluidos
30,real_mixed_93,gpt-oss:20b_baseline,406.927640914917,50.23,0,direct_json,0.538462,0.7,0.608696,0.0,0,9.4,100.0,0.9,124.1,126.1,27066.6,79.9,12165.9,13154.5,"{'timestamp': '2026-09-06T14:19:41.713106+00:00', 'model_version': 'gpt-oss:20b', 'prompt_hash': 'a6af280e'}",05_excluidos
31,real_mixed_94,gpt-oss:20b_baseline,494.4690532684326,49.64,0,fallback,0.0,0.0,0.0,0.0,0,8.5,61.8,0.8,122.2,125.7,26903.2,80.2,12165.9,13154.5,"{'timestamp': '2026-09-06T14:22:19.749136+00:00', 'model_version': 'gpt-oss:20b', 'prompt_hash': 'a6af280e'}",05_excluidos
31,real_mixed_95,gpt-oss:20b_baseline,452.2264921665192,50.44,0,direct_json,0.166667,1.0,0.285714,0.0833333333333333,1,10.2,65.6,0.8,122.6,125.7,26928.3,80.2,12165.9,13154.5,"{'timestamp': '2026-09-06T14:21:37.483341+00:00', 'model_version': 'gpt-oss:20b', 'prompt_hash': 'a6af280e'}",05_excluidos
31,real_mixed_96,gpt-oss:20b_baseline,432.6167237758637,50.4,0,direct_json,0.411765,0.583333,0.482759,0.0,0,8.6,61.8,0.9,122.7,125.7,26938.6,80.2,12165.9,13154.5,"{'timestamp': '2026-09-06T14:21:17.891206+00:00', 'model_version': 'gpt-oss:20b', 'prompt_hash': 'a6af280e'}",05_excluidos
32,real_mixed_97,gpt-oss:20b_baseline,454.4528319835663,50.36,0,direct_json,0.583333,0.777778,0.666667,0.0,0,8.7,61.8,0.8,121.8,125.7,26810.0,80.4,12165.9,13154.5,"{'timestamp': '2026-09-06T14:23:00.171924+00:00', 'model_version': 'gpt-oss:20b', 'prompt_hash': 'a6af280e'}",05_excluidos
32,real_mixed_98,gpt-oss:20b_baseline,495.2828118801117,49.56,0,direct_json,0.434783,0.357143,0.392157,0.0,0,14.6,100.0,0.8,121.6,125.7,26776.7,80.5,12165.9,13154.5,"{'timestamp': '2026-09-06T14:23:41.028874+00:00', 'model_version': 'gpt-oss:20b', 'prompt_hash': 'a6af280e'}",05_excluidos
32,real_mixed_99,gpt-oss:20b_baseline,434.1107552051544,50.46,0,direct_json,0.2,1.0,0.333333,0.0,0,11.6,66.7,0.9,121.8,125.6,26824.8,80.4,12165.9,13154.5,"{'timestamp': '2026-09-06T14:22:39.822160+00:00', 'model_version': 'gpt-oss:20b', 'prompt_hash': 'a6af280e'}",05_excluidos
33,real_mixed_100,gpt-oss:20b_baseline,461.903116941452,49.94,0,direct_json,0.111111,0.285714,0.16,0.0,0,13.4,100.0,0.9,121.1,125.6,26670.1,80.7,12165.9,13154.5,"{'timestamp': '2026-09-06T14:24:36.787807+00:00', 'model_version': 'gpt-oss:20b', 'prompt_hash': 'a6af280e'}",05_excluidos
33,real_mixed_101,gpt-oss:20b_baseline,427.5822820663452,50.36,0,direct_json,0.25,0.285714,0.266667,0.0,0,9.4,100.0,0.9,121.1,125.6,26690.1,80.6,12165.9,13154.5,"{'timestamp': '2026-09-06T14:24:02.470692+00:00', 'model_version': 'gpt-oss:20b', 'prompt_hash': 'a6af280e'}",05_excluidos
33,real_mixed_102,gpt-oss:20b_baseline,408.34507513046265,50.86,0,direct_json,0.0,0.0,0.0,0.0,0,9.1,100.0,0.9,121.1,125.6,26707.4,80.6,12165.9,13154.5,"{'timestamp': '2026-09-06T14:23:43.223990+00:00', 'model_version': 'gpt-oss:20b', 'prompt_hash': 'a6af280e'}",05_excluidos
34,real_mixed_103,gpt-oss:20b_baseline,392.1451117992401,50.68,0,direct_json,0.0,0.0,0.0,0.0,0,8.9,61.8,0.9,120.5,125.6,26623.2,80.8,12165.9,13154.5,"{'timestamp': '2026-09-06T14:24:47.517720+00:00', 'model_version': 'gpt-oss:20b', 'prompt_hash': 'a6af280e'}",05_excluidos
34,real_mixed_104,gpt-oss:20b_baseline,414.0791561603546,50.24,0,direct_json,0.277778,0.5,0.357143,0.0,0,8.8,61.8,0.9,120.4,125.6,26608.5,80.8,12165.9,13154.5,"{'timestamp': '2026-09-06T14:25:09.469974+00:00', 'model_version': 'gpt-oss:20b', 'prompt_hash': 'a6af280e'}",05_excluidos
34,real_mixed_105,gpt-oss:20b_baseline,442.18148589134216,50.07,0,direct_json,0.5,0.8,0.615385,0.0,0,14.6,65.6,0.9,120.6,125.6,26589.4,80.8,12165.9,13154.5,"{'timestamp': '2026-09-06T14:25:37.571963+00:00', 'model_version': 'gpt-oss:20b', 'prompt_hash': 'a6af280e'}",05_excluidos
35,real_mixed_106,gpt-oss:20b_baseline,385.457603931427,50.59,0,direct_json,0.666667,1.0,0.8,0.0,0,11.0,100.0,0.9,120.2,125.2,26550.5,80.9,12165.9,13154.5,"{'timestamp': '2026-09-06T14:25:48.257724+00:00', 'model_version': 'gpt-oss:20b', 'prompt_hash': 'a6af280e'}",05_excluidos
35,real_mixed_107,gpt-oss:20b_baseline,444.10327410697937,50.07,0,direct_json,0.8,0.923077,0.857143,0.0,0,15.2,69.8,0.9,120.1,125.2,26502.2,80.9,12165.9,13154.5,"{'timestamp': '2026-09-06T14:26:46.909264+00:00', 'model_version': 'gpt-oss:20b', 'prompt_hash': 'a6af280e'}",05_excluidos
35,real_mixed_108,gpt-oss:20b_baseline,427.5504319667816,49.66,0,fallback,0.0,0.0,0.0,0.0,0,10.0,61.8,0.9,120.2,125.2,26514.7,80.9,12165.9,13154.5,"{'timestamp': '2026-09-06T14:26:30.352302+00:00', 'model_version': 'gpt-oss:20b', 'prompt_hash': 'a6af280e'}",05_excluidos
36,real_mixed_109,gpt-oss:20b_baseline,414.4410560131073,49.81,0,direct_json,0.52,0.541667,0.530612,0.04,1,9.5,41.9,0.9,119.4,125.2,26375.8,81.2,12165.9,13154.5,"{'timestamp': '2026-09-06T14:27:59.852526+00:00', 'model_version': 'gpt-oss:20b', 'prompt_hash': 'a6af280e'}",05_excluidos
36,real_mixed_110,gpt-oss:20b_baseline,456.989649772644,49.56,0,fallback,1.0,0.434783,0.606061,0.0,0,10.1,41.9,0.8,118.3,125.2,26349.7,81.2,12165.9,13154.5,"{'timestamp': '2026-09-06T14:28:42.389888+00:00', 'model_version': 'gpt-oss:20b', 'prompt_hash': 'a6af280e'}",05_excluidos
36,real_mixed_111,gpt-oss:20b_baseline,383.07755494117737,49.93,0,fallback,0.0,0.0,0.0,0.0,0,14.5,47.6,0.9,120.0,125.2,26397.2,81.1,12165.9,13154.5,"{'timestamp': '2026-09-06T14:27:28.484794+00:00', 'model_version': 'gpt-oss:20b', 'prompt_hash': 'a6af280e'}",05_excluidos
37,real_mixed_112,gpt-oss:20b_baseline,395.2100341320038,50.48,0,direct_json,0.4,0.8,0.533333,0.0,0,8.7,32.2,0.8,118.0,125.2,26281.0,81.4,12165.9,13154.5,"{'timestamp': '2026-09-06T14:28:54.999777+00:00', 'model_version': 'gpt-oss:20b', 'prompt_hash': 'a6af280e'}",05_excluidos
37,real_mixed_113,gpt-oss:20b_baseline,446.8760709762573,50.29,0,direct_json,0.7,0.777778,0.736842,0.0,0,9.8,49.1,0.8,117.6,125.2,26254.0,81.4,12165.9,13154.5,"{'timestamp': '2026-09-06T14:29:46.675582+00:00', 'model_version': 'gpt-oss:20b', 'prompt_hash': 'a6af280e'}",05_excluidos
37,real_mixed_114,gpt-oss:20b_baseline,427.53671503067017,49.94,0,direct_json,0.4375,1.0,0.608696,0.0,0,9.0,41.2,0.8,117.8,125.2,26263.7,81.4,12165.9,13154.5,"{'timestamp': '2026-09-06T14:29:27.338265+00:00', 'model_version': 'gpt-oss:20b', 'prompt_hash': 'a6af280e'}",05_excluidos
38,real_mixed_115,gpt-oss:20b_baseline,372.7883641719818,50.7,0,direct_json,0.428571,1.0,0.6,0.0,0,11.4,83.3,0.8,117.0,125.2,26201.9,81.5,12165.9,13154.5,"{'timestamp': '2026-09-06T14:29:53.859595+00:00', 'model_version': 'gpt-oss:20b', 'prompt_hash': 'a6af280e'}",05_excluidos
38,real_mixed_116,gpt-oss:20b_baseline,387.97475695610046,49.52,0,direct_json,0.333333,1.0,0.5,0.0,0,12.6,78.8,0.7,116.9,125.2,26192.3,81.6,12165.9,13154.5,"{'timestamp': '2026-09-06T14:30:09.045930+00:00', 'model_version': 'gpt-oss:20b', 'prompt_hash': 'a6af280e'}",05_excluidos
38,real_mixed_117,gpt-oss:20b_baseline,430.53591799736023,49.53,0,fallback,0.0,0.0,0.0,0.0,0,14.0,100.0,0.7,115.5,125.2,26151.4,81.7,12165.9,13154.5,"{'timestamp': '2026-09-06T14:30:51.617986+00:00', 'model_version': 'gpt-oss:20b', 'prompt_hash': 'a6af280e'}",05_excluidos
39,real_mixed_118,gpt-oss:20b_baseline,453.8514959812164,50.4,0,direct_json,0.625,1.0,0.769231,0.0,0,13.2,100.0,0.6,112.9,125.2,26019.4,82.0,12165.9,13154.5,"{'timestamp': '2026-09-06T14:32:10.683292+00:00', 'model_version': 'gpt-oss:20b', 'prompt_hash': 'a6af280e'}",05_excluidos
39,real_mixed_119,gpt-oss:20b_baseline,411.3581368923187,49.8,0,direct_json,0.5,0.666667,0.571429,0.0,0,11.9,81.3,0.6,113.5,125.2,26075.8,81.9,12165.9,13154.5,"{'timestamp': '2026-09-06T14:31:28.187257+00:00', 'model_version': 'gpt-oss:20b', 'prompt_hash': 'a6af280e'}",05_excluidos
39,real_mixed_120,gpt-oss:20b_baseline,438.09306597709656,50.21,0,direct_json,0.384615,1.0,0.555556,0.0,0,15.1,97.1,0.7,113.2,125.2,26039.3,81.9,12165.9,13154.5,"{'timestamp': '2026-09-06T14:31:54.923238+00:00', 'model_version': 'gpt-oss:20b', 'prompt_hash': 'a6af280e'}",05_excluidos
0,real_mixed_1,gpt-oss:20b_kb_rag,101.4266586303711,49.68,0,direct_json,0.611111,0.846154,0.709677,0.0,0,9.2,71.1,8.2,392.3,1572.7,25530.4,83.1,12165.9,13154.5,"{'timestamp': '2026-09-06T14:33:54.845470+00:00', 'model_version': 'gpt-oss:20b', 'prompt_hash': 'a6af280e'}",05_excluidos
0,real_mixed_2,gpt-oss:20b_kb_rag,76.1050910949707,49.35,0,direct_json,0.571429,0.666667,0.615385,0.0,0,9.4,71.1,12.0,494.7,2024.0,25507.3,83.2,12165.9,13154.5,"{'timestamp': '2026-09-06T14:33:28.965019+00:00', 'model_version': 'gpt-oss:20b', 'prompt_hash': 'a6af280e'}",05_excluidos
0,real_mixed_3,gpt-oss:20b_kb_rag,37.66661596298218,49.44,0,direct_json,0.428571,0.5,0.461538,0.0,0,13.9,100.0,27.3,669.3,1879.0,25428.1,83.3,12165.9,13154.5,"{'timestamp': '2026-09-06T14:32:50.235580+00:00', 'model_version': 'gpt-oss:20b', 'prompt_hash': 'a6af280e'}",05_excluidos
1,real_mixed_4,gpt-oss:20b_kb_rag,143.88457489013672,49.06,0,fallback,0.0,0.0,0.0,0.0,0,10.1,71.4,4.2,369.6,1846.5,25499.1,83.2,12165.9,13154.5,"{'timestamp': '2026-09-06T14:34:37.144175+00:00', 'model_version': 'gpt-oss:20b', 'prompt_hash': 'a6af280e'}",05_excluidos
1,real_mixed_5,gpt-oss:20b_kb_rag,399.18156695365906,49.17,0,fallback,0.0,0.0,0.0,0.0,0,16.3,71.1,1.7,210.9,1288.0,25272.8,83.7,12165.9,13154.5,"{'timestamp': '2026-09-06T14:38:52.701170+00:00', 'model_version': 'gpt-oss:20b', 'prompt_hash': 'a6af280e'}",05_excluidos
1,real_mixed_6,gpt-oss:20b_kb_rag,173.32543087005615,49.76,0,direct_json,0.6,0.666667,0.631579,0.0,0,9.8,100.0,7.3,332.6,1842.2,25477.2,83.3,12165.9,13154.5,"{'timestamp': '2026-09-06T14:35:06.555147+00:00', 'model_version': 'gpt-oss:20b', 'prompt_hash': 'a6af280e'}",05_excluidos
6,real_mixed_19,gpt-oss:20b_kb_rag,423.9686148166657,49.88,0,direct_json,0.772727,0.85,0.809524,0.0,0,9.9,83.3,2.2,213.8,1846.5,25265.8,83.7,12165.9,13154.5,"{'timestamp': '2026-09-06T14:39:17.227319+00:00', 'model_version': 'gpt-oss:20b', 'prompt_hash': 'a6af280e'}",05_excluidos
6,real_mixed_20,gpt-oss:20b_kb_rag,302.0956461429596,49.32,0,fallback,0.0,0.0,0.0,0.0,0,15.1,78.8,1.8,238.9,1289.6,25345.5,83.5,12165.9,13154.5,"{'timestamp': '2026-09-06T14:37:15.690129+00:00', 'model_version': 'gpt-oss:20b', 'prompt_hash': 'a6af280e'}",05_excluidos
6,real_mixed_21,gpt-oss:20b_kb_rag,538.9394910335541,49.15,0,fallback,0.0,0.0,0.0,0.0,0,11.2,100.0,1.9,196.2,1272.3,25223.4,83.8,12165.9,13154.5,"{'timestamp': '2026-09-06T14:41:12.692193+00:00', 'model_version': 'gpt-oss:20b', 'prompt_hash': 'a6af280e'}",05_excluidos
7,real_mixed_22,gpt-oss:20b_kb_rag,596.595367193222,50.24,0,direct_json,0.0,0.0,0.0,0.0,0,14.9,92.1,1.7,198.0,1160.1,25192.5,83.9,12165.9,13154.5,"{'timestamp': '2026-09-06T14:42:10.374836+00:00', 'model_version': 'gpt-oss:20b', 'prompt_hash': 'a6af280e'}",05_excluidos
7,real_mixed_23,gpt-oss:20b_kb_rag,639.8853831291199,49.11,0,fallback,0.0,0.0,0.0,0.0,0,8.8,71.1,1.7,192.8,1155.0,25169.5,83.9,12165.9,13154.5,"{'timestamp': '2026-09-06T14:42:53.655214+00:00', 'model_version': 'gpt-oss:20b', 'prompt_hash': 'a6af280e'}",05_excluidos
7,real_mixed_24,gpt-oss:20b_kb_rag,675.8157823085785,49.44,0,direct_json,0.5,0.571429,0.533333,0.0,0,8.8,71.1,1.5,189.0,1156.5,25155.7,84.0,12165.9,13154.5,"{'timestamp': '2026-09-06T14:43:29.595167+00:00', 'model_version': 'gpt-oss:20b', 'prompt_hash': 'a6af280e'}",05_excluidos
5,real_mixed_16,gpt-oss:20b_kb_rag,762.2957479953766,49.26,0,fallback,0.0,0.0,0.0,0.0,0,12.3,100.0,1.6,187.7,1157.5,25104.2,84.1,12165.9,13154.5,"{'timestamp': '2026-09-06T14:44:56.080985+00:00', 'model_version': 'gpt-oss:20b', 'prompt_hash': 'a6af280e'}",05_excluidos
5,real_mixed_17,gpt-oss:20b_kb_rag,313.59848499298096,50.32,0,direct_json,0.333333,1.0,0.5,0.0,0,9.6,79.3,3.6,234.6,1274.8,25336.5,83.6,12165.9,13154.5,"{'timestamp': '2026-09-06T14:37:27.349338+00:00', 'model_version': 'gpt-oss:20b', 'prompt_hash': 'a6af280e'}",05_excluidos
5,real_mixed_18,gpt-oss:20b_kb_rag,214.8240089416504,49.11,0,direct_json,0.5625,0.75,0.642857,0.0625,1,8.8,71.1,2.8,288.6,1658.8,25430.2,83.4,12165.9,13154.5,"{'timestamp': '2026-09-06T14:35:48.158113+00:00', 'model_version': 'gpt-oss:20b', 'prompt_hash': 'a6af280e'}",05_excluidos
8,real_mixed_25,gpt-oss:20b_kb_rag,849.3602159023285,49.31,0,fallback,0.6,0.666667,0.631579,0.0,0,9.9,100.0,1.7,192.1,1157.9,25052.7,84.2,12165.9,13154.5,"{'timestamp': '2026-09-06T14:46:23.157520+00:00', 'model_version': 'gpt-oss:20b', 'prompt_hash': 'a6af280e'}",05_excluidos
8,real_mixed_26,gpt-oss:20b_kb_rag,495.92142486572266,49.07,0,direct_json,0.758621,0.611111,0.676923,0.0,0,10.1,100.0,1.7,202.7,1273.3,25238.8,83.8,12165.9,13154.5,"{'timestamp': '2026-09-06T14:40:29.712423+00:00', 'model_version': 'gpt-oss:20b', 'prompt_hash': 'a6af280e'}",05_excluidos
8,real_mixed_27,gpt-oss:20b_kb_rag,583.5297620296478,48.63,0,fallback,0.0,0.0,0.0,0.0,0,9.0,85.7,1.7,199.4,1160.2,25201.1,83.9,12165.9,13154.5,"{'timestamp': '2026-09-06T14:41:57.322735+00:00', 'model_version': 'gpt-oss:20b', 'prompt_hash': 'a6af280e'}",05_excluidos
3,real_mixed_10,gpt-oss:20b_kb_rag,875.8053431510925,49.76,0,direct_json,0.357143,0.833333,0.5,0.0,0,8.9,71.1,1.9,196.2,1155.0,25031.0,84.2,12165.9,13154.5,"{'timestamp': '2026-09-06T14:46:49.579949+00:00', 'model_version': 'gpt-oss:20b', 'prompt_hash': 'a6af280e'}",05_excluidos
3,real_mixed_11,gpt-oss:20b_kb_rag,259.35284304618835,48.76,0,fallback,0.0,0.0,0.0,0.0,0,16.7,71.1,2.0,258.1,1288.3,25387.6,83.5,12165.9,13154.5,"{'timestamp': '2026-09-06T14:36:32.909274+00:00', 'model_version': 'gpt-oss:20b', 'prompt_hash': 'a6af280e'}",05_excluidos
3,real_mixed_12,gpt-oss:20b_kb_rag,904.5526580810548,49.71,0,direct_json,0.4375,1.0,0.608696,0.0,0,10.5,100.0,1.9,197.7,1275.5,25015.6,84.3,12165.9,13154.5,"{'timestamp': '2026-09-06T14:47:18.320180+00:00', 'model_version': 'gpt-oss:20b', 'prompt_hash': 'a6af280e'}",05_excluidos
2,real_mixed_7,gpt-oss:20b_kb_rag,466.5246760845184,49.12,0,fallback,1.0,0.526316,0.689655,0.0,0,10.0,82.1,1.7,207.2,1156.2,25246.6,83.7,12165.9,13154.5,"{'timestamp': '2026-09-06T14:40:00.303035+00:00', 'model_version': 'gpt-oss:20b', 'prompt_hash': 'a6af280e'}",05_excluidos
2,real_mixed_8,gpt-oss:20b_kb_rag,356.0165891647339,49.13,0,fallback,0.0,0.0,0.0,0.0,0,12.2,100.0,2.0,221.5,1272.5,25301.7,83.6,12165.9,13154.5,"{'timestamp': '2026-09-06T14:38:09.763524+00:00', 'model_version': 'gpt-oss:20b', 'prompt_hash': 'a6af280e'}",05_excluidos
2,real_mixed_9,gpt-oss:20b_kb_rag,941.9412257671356,49.39,0,direct_json,0.25,0.3,0.272727,0.0,0,10.6,80.0,1.9,197.9,1160.6,24992.3,84.3,12165.9,13154.5,"{'timestamp': '2026-09-06T14:47:55.741596+00:00', 'model_version': 'gpt-oss:20b', 'prompt_hash': 'a6af280e'}",05_excluidos
4,real_mixed_13,gpt-oss:20b_kb_rag,719.2366840839386,49.07,0,fallback,0.0,0.0,0.0,0.0,0,12.8,100.0,2.0,191.8,1272.2,25125.5,84.0,12165.9,13154.5,"{'timestamp': '2026-09-06T14:44:12.994717+00:00', 'model_version': 'gpt-oss:20b', 'prompt_hash': 'a6af280e'}",05_excluidos
4,real_mixed_14,gpt-oss:20b_kb_rag,806.3896729946136,48.82,0,fallback,0.0,0.0,0.0,0.0,0,8.9,81.2,1.8,193.9,1155.0,25078.5,84.1,12165.9,13154.5,"{'timestamp': '2026-09-06T14:45:40.160218+00:00', 'model_version': 'gpt-oss:20b', 'prompt_hash': 'a6af280e'}",05_excluidos
4,real_mixed_15,gpt-oss:20b_kb_rag,984.923868894577,49.22,0,fallback,0.0,0.0,0.0,0.0,0,10.7,100.0,2.1,198.5,1159.5,24970.7,84.3,12165.9,13154.5,"{'timestamp': '2026-09-06T14:48:38.718468+00:00', 'model_version': 'gpt-oss:20b', 'prompt_hash': 'a6af280e'}",05_excluidos
9,real_mixed_28,gpt-oss:20b_kb_rag,1000.2138369083405,48.93,0,direct_json,0.692308,0.6,0.642857,0.0,0,9.9,90.6,2.1,174.7,607.5,24845.9,84.6,12165.9,13154.5,"{'timestamp': '2026-09-06T14:50:35.462270+00:00', 'model_version': 'gpt-oss:20b', 'prompt_hash': 'a6af280e'}",05_excluidos
9,real_mixed_29,gpt-oss:20b_kb_rag,961.9536259174348,49.32,0,fallback,0.0,0.0,0.0,0.0,0,9.5,61.5,2.0,177.0,607.5,24861.7,84.6,12165.9,13154.5,"{'timestamp': '2026-09-06T14:49:57.209693+00:00', 'model_version': 'gpt-oss:20b', 'prompt_hash': 'a6af280e'}",05_excluidos
9,real_mixed_30,gpt-oss:20b_kb_rag,919.0424749851228,49.47,0,direct_json,0.583333,0.875,0.7,0.0,0,10.0,100.0,2.2,179.8,607.5,24885.4,84.5,12165.9,13154.5,"{'timestamp': '2026-09-06T14:49:14.282591+00:00', 'model_version': 'gpt-oss:20b', 'prompt_hash': 'a6af280e'}",05_excluidos
10,real_mixed_31,gpt-oss:20b_kb_rag,719.8675518035889,50.04,0,direct_json,0.125,0.5,0.2,0.0,0,11.7,100.0,2.5,188.8,607.5,24688.7,84.9,12165.9,13154.5,"{'timestamp': '2026-09-06T14:50:52.940259+00:00', 'model_version': 'gpt-oss:20b', 'prompt_hash': 'a6af280e'}",05_excluidos
10,real_mixed_32,gpt-oss:20b_kb_rag,745.3853979110718,48.69,0,direct_json,0.2,0.428571,0.272727,0.0,0,10.7,100.0,2.3,186.7,607.5,24667.0,85.0,12165.9,13154.5,"{'timestamp': '2026-09-06T14:51:18.461823+00:00', 'model_version': 'gpt-oss:20b', 'prompt_hash': 'a6af280e'}",05_excluidos
10,real_mixed_33,gpt-oss:20b_kb_rag,783.6975700855255,49.31,0,direct_json,0.714286,0.769231,0.740741,0.0,0,11.2,100.0,2.3,183.3,607.5,24677.8,85.0,12165.9,13154.5,"{'timestamp': '2026-09-06T14:51:56.788749+00:00', 'model_version': 'gpt-oss:20b', 'prompt_hash': 'a6af280e'}",05_excluidos
11,real_mixed_34,gpt-oss:20b_kb_rag,699.0353910923004,49.38,0,direct_json,0.416667,0.5,0.454545,0.0,0,11.4,100.0,2.5,191.7,607.5,24662.9,85.0,12165.9,13154.5,"{'timestamp': '2026-09-06T14:52:52.176657+00:00', 'model_version': 'gpt-oss:20b', 'prompt_hash': 'a6af280e'}",05_excluidos
11,real_mixed_35,gpt-oss:20b_kb_rag,742.165776014328,49.29,0,fallback,0.0,0.0,0.0,0.0,0,11.3,70.4,2.4,189.3,607.5,24711.0,84.9,12165.9,13154.5,"{'timestamp': '2026-09-06T14:53:35.299771+00:00', 'model_version': 'gpt-oss:20b', 'prompt_hash': 'a6af280e'}",05_excluidos
11,real_mixed_36,gpt-oss:20b_kb_rag,662.152086019516,49.89,0,direct_json,0.571429,0.545455,0.55814,0.0,0,12.3,100.0,2.6,192.8,607.5,24615.0,85.1,12165.9,13154.5,"{'timestamp': '2026-09-06T14:52:15.295094+00:00', 'model_version': 'gpt-oss:20b', 'prompt_hash': 'a6af280e'}",05_excluidos
12,real_mixed_37,gpt-oss:20b_kb_rag,646.573616027832,49.4,0,direct_json,0.555556,0.833333,0.666667,0.0,0,12.6,100.0,2.7,201.2,600.5,24716.8,84.9,12165.9,13154.5,"{'timestamp': '2026-09-06T14:54:16.663293+00:00', 'model_version': 'gpt-oss:20b', 'prompt_hash': 'a6af280e'}",05_excluidos
12,real_mixed_38,gpt-oss:20b_kb_rag,725.8457689285278,49.24,0,fallback,0.0,0.0,0.0,0.0,0,13.0,77.6,2.5,196.9,600.5,24806.2,84.7,12165.9,13154.5,"{'timestamp': '2026-09-06T14:55:35.935917+00:00', 'model_version': 'gpt-oss:20b', 'prompt_hash': 'a6af280e'}",05_excluidos
12,real_mixed_39,gpt-oss:20b_kb_rag,683.0338370800018,49.33,0,direct_json,0.666667,0.857143,0.75,0.0,0,10.4,100.0,2.6,199.8,600.5,24759.4,84.8,12165.9,13154.5,"{'timestamp': '2026-09-06T14:54:53.110061+00:00', 'model_version': 'gpt-oss:20b', 'prompt_hash': 'a6af280e'}",05_excluidos
13,real_mixed_40,gpt-oss:20b_kb_rag,672.2755110263824,49.57,0,direct_json,0.615385,0.666667,0.64,0.0,0,12.9,100.0,2.6,203.9,600.5,24845.7,84.6,12165.9,13154.5,"{'timestamp': '2026-09-06T14:56:08.790614+00:00', 'model_version': 'gpt-oss:20b', 'prompt_hash': 'a6af280e'}",05_excluidos
13,real_mixed_41,gpt-oss:20b_kb_rag,714.6274189949036,49.35,0,fallback,0.0,0.0,0.0,0.0,0,9.3,100.0,2.6,201.5,600.5,24873.6,84.5,12165.9,13154.5,"{'timestamp': '2026-09-06T14:56:51.143274+00:00', 'model_version': 'gpt-oss:20b', 'prompt_hash': 'a6af280e'}",05_excluidos
13,real_mixed_42,gpt-oss:20b_kb_rag,752.2673871517181,49.4,0,direct_json,0.615385,0.666667,0.64,0.0,0,9.6,70.4,2.5,198.8,600.5,24893.0,84.5,12165.9,13154.5,"{'timestamp': '2026-09-06T14:57:28.786062+00:00', 'model_version': 'gpt-oss:20b', 'prompt_hash': 'a6af280e'}",05_excluidos
14,real_mixed_43,gpt-oss:20b_kb_rag,778.5319170951843,48.32,0,fallback,0.0,0.0,0.0,0.0,0,11.1,100.0,2.5,207.1,600.5,24987.2,84.3,12165.9,13154.5,"{'timestamp': '2026-09-06T14:59:22.125866+00:00', 'model_version': 'gpt-oss:20b', 'prompt_hash': 'a6af280e'}",05_excluidos
14,real_mixed_44,gpt-oss:20b_kb_rag,732.5526950359344,49.44,0,direct_json,0.521739,0.857143,0.648649,0.0,0,9.5,100.0,2.5,205.3,600.5,24965.6,84.3,12165.9,13154.5,"{'timestamp': '2026-09-06T14:58:36.149366+00:00', 'model_version': 'gpt-oss:20b', 'prompt_hash': 'a6af280e'}",05_excluidos
14,real_mixed_45,gpt-oss:20b_kb_rag,699.983204126358,49.6,0,direct_json,0.5625,0.75,0.642857,0.0,0,9.5,100.0,2.7,202.7,600.5,24944.5,84.4,12165.9,13154.5,"{'timestamp': '2026-09-06T14:58:03.573702+00:00', 'model_version': 'gpt-oss:20b', 'prompt_hash': 'a6af280e'}",05_excluidos
15,real_mixed_46,gpt-oss:20b_kb_rag,791.6681859493256,49.27,0,direct_json,0.6,0.428571,0.5,0.1,1,11.6,70.4,2.5,202.9,600.5,25043.8,84.2,12165.9,13154.5,"{'timestamp': '2026-09-06T15:00:30.397999+00:00', 'model_version': 'gpt-oss:20b', 'prompt_hash': 'a6af280e'}",05_excluidos
15,real_mixed_47,gpt-oss:20b_kb_rag,766.3721210956573,49.27,0,fallback,0.0,0.0,0.0,0.0,0,11.5,100.0,2.5,204.3,600.5,25034.7,84.2,12165.9,13154.5,"{'timestamp': '2026-09-06T15:00:05.115966+00:00', 'model_version': 'gpt-oss:20b', 'prompt_hash': 'a6af280e'}",05_excluidos
15,real_mixed_48,gpt-oss:20b_kb_rag,819.6150720119476,49.89,0,direct_json,0.333333,0.5,0.4,0.0,0,10.1,100.0,2.4,200.0,600.5,25052.8,84.2,12165.9,13154.5,"{'timestamp': '2026-09-06T15:00:58.336000+00:00', 'model_version': 'gpt-oss:20b', 'prompt_hash': 'a6af280e'}",05_excluidos
16,real_mixed_49,gpt-oss:20b_kb_rag,825.2301089763641,48.99,0,fallback,0.0,0.0,0.0,0.0,0,9.9,100.0,2.4,203.7,600.5,25085.6,84.1,12165.9,13154.5,"{'timestamp': '2026-09-06T15:01:41.432218+00:00', 'model_version': 'gpt-oss:20b', 'prompt_hash': 'a6af280e'}",05_excluidos
16,real_mixed_50,gpt-oss:20b_kb_rag,867.8022677898407,49.38,0,fallback,0.857143,0.705882,0.774194,0.0,0,9.3,100.0,2.3,201.5,600.5,25087.8,84.1,12165.9,13154.5,"{'timestamp': '2026-09-06T15:02:23.992331+00:00', 'model_version': 'gpt-oss:20b', 'prompt_hash': 'a6af280e'}",05_excluidos
16,real_mixed_51,gpt-oss:20b_kb_rag,910.2484979629515,49.25,0,fallback,0.0,0.0,0.0,0.0,0,10.0,79.1,2.2,198.0,600.5,25085.1,84.1,12165.9,13154.5,"{'timestamp': '2026-09-06T15:03:06.442715+00:00', 'model_version': 'gpt-oss:20b', 'prompt_hash': 'a6af280e'}",05_excluidos
17,real_mixed_52,gpt-oss:20b_kb_rag,972.406972169876,49.22,0,fallback,0.0,0.0,0.0,0.0,0,12.0,100.0,2.2,196.2,600.5,25101.0,84.1,12165.9,13154.5,"{'timestamp': '2026-09-06T15:04:51.514359+00:00', 'model_version': 'gpt-oss:20b', 'prompt_hash': 'a6af280e'}",05_excluidos
17,real_mixed_53,gpt-oss:20b_kb_rag,929.820379972458,49.18,0,fallback,0.0,0.0,0.0,0.0,0,11.6,100.0,2.2,199.5,600.5,25107.5,84.0,12165.9,13154.5,"{'timestamp': '2026-09-06T15:04:08.917055+00:00', 'model_version': 'gpt-oss:20b', 'prompt_hash': 'a6af280e'}",05_excluidos
17,real_mixed_54,gpt-oss:20b_kb_rag,887.4853799343109,50.1,0,direct_json,0.428571,0.75,0.545455,0.0,0,12.9,100.0,2.3,200.7,600.5,25112.1,84.0,12165.9,13154.5,"{'timestamp': '2026-09-06T15:03:26.581755+00:00', 'model_version': 'gpt-oss:20b', 'prompt_hash': 'a6af280e'}",05_excluidos
18,real_mixed_55,gpt-oss:20b_kb_rag,933.254900932312,49.24,0,fallback,0.0,0.0,0.0,0.0,0,10.2,100.0,2.3,200.1,600.5,25161.2,83.9,12165.9,13154.5,"{'timestamp': '2026-09-06T15:06:09.129400+00:00', 'model_version': 'gpt-oss:20b', 'prompt_hash': 'a6af280e'}",05_excluidos
18,real_mixed_56,gpt-oss:20b_kb_rag,976.2057271003724,48.93,0,fallback,0.0,0.0,0.0,0.0,0,10.4,88.9,2.3,197.0,600.5,25142.5,84.0,12165.9,13154.5,"{'timestamp': '2026-09-06T15:06:52.078282+00:00', 'model_version': 'gpt-oss:20b', 'prompt_hash': 'a6af280e'}",05_excluidos
18,real_mixed_57,gpt-oss:20b_kb_rag,890.8553721904755,49.63,0,direct_json,0.636364,0.777778,0.7,0.0454545454545454,1,9.6,79.1,2.3,203.0,600.5,25179.0,83.9,12165.9,13154.5,"{'timestamp': '2026-09-06T15:05:26.747751+00:00', 'model_version': 'gpt-oss:20b', 'prompt_hash': 'a6af280e'}",05_excluidos
19,real_mixed_58,gpt-oss:20b_kb_rag,927.9217150211334,49.53,0,direct_json,0.470588,0.727273,0.571429,0.0,0,13.2,100.0,2.2,201.5,604.2,25173.2,83.9,12165.9,13154.5,"{'timestamp': '2026-09-06T15:07:25.100074+00:00', 'model_version': 'gpt-oss:20b', 'prompt_hash': 'a6af280e'}",05_excluidos
19,real_mixed_59,gpt-oss:20b_kb_rag,1012.6898732185364,48.87,0,fallback,0.0,0.0,0.0,0.0,0,11.3,79.9,2.1,198.1,604.2,25113.1,84.0,12165.9,13154.5,"{'timestamp': '2026-09-06T15:08:49.848212+00:00', 'model_version': 'gpt-oss:20b', 'prompt_hash': 'a6af280e'}",05_excluidos
19,real_mixed_60,gpt-oss:20b_kb_rag,968.6189122200012,49.3,0,direct_json,0.714286,0.769231,0.740741,0.0,0,10.7,100.0,2.4,201.2,604.2,25147.2,84.0,12165.9,13154.5,"{'timestamp': '2026-09-06T15:08:05.799828+00:00', 'model_version': 'gpt-oss:20b', 'prompt_hash': 'a6af280e'}",05_excluidos
20,real_mixed_61,gpt-oss:20b_kb_rag,1045.4423642158508,48.27,0,fallback,0.0,0.0,0.0,0.0,0,10.6,100.0,2.1,196.4,604.2,24984.7,84.3,12165.9,13154.5,"{'timestamp': '2026-09-06T15:11:01.222721+00:00', 'model_version': 'gpt-oss:20b', 'prompt_hash': 'a6af280e'}",05_excluidos
20,real_mixed_62,gpt-oss:20b_kb_rag,999.6324999332428,48.8,0,fallback,0.0,0.0,0.0,0.0,0,10.0,79.1,2.2,199.9,604.2,25009.4,84.3,12165.9,13154.5,"{'timestamp': '2026-09-06T15:10:15.396317+00:00', 'model_version': 'gpt-oss:20b', 'prompt_hash': 'a6af280e'}",05_excluidos
20,real_mixed_63,gpt-oss:20b_kb_rag,956.7593216896056,49.51,0,fallback,0.0,0.0,0.0,0.0,0,9.7,79.1,2.2,202.8,604.2,25039.2,84.2,12165.9,13154.5,"{'timestamp': '2026-09-06T15:09:32.526779+00:00', 'model_version': 'gpt-oss:20b', 'prompt_hash': 'a6af280e'}",05_excluidos
21,real_mixed_64,gpt-oss:20b_kb_rag,939.050518989563,49.96,0,direct_json,0.2,1.0,0.333333,0.0,0,11.1,79.1,2.2,196.6,604.2,24908.7,84.4,12165.9,13154.5,"{'timestamp': '2026-09-06T15:11:15.361565+00:00', 'model_version': 'gpt-oss:20b', 'prompt_hash': 'a6af280e'}",05_excluidos
21,real_mixed_65,gpt-oss:20b_kb_rag,1021.52170586586,49.13,0,direct_json,0.363636,0.5,0.421053,0.0,0,11.7,100.0,2.1,191.0,604.2,24848.5,84.5,12165.9,13154.5,"{'timestamp': '2026-09-06T15:12:37.847818+00:00', 'model_version': 'gpt-oss:20b', 'prompt_hash': 'a6af280e'}",05_excluidos
21,real_mixed_66,gpt-oss:20b_kb_rag,981.7232689857484,49.29,0,fallback,0.0,0.0,0.0,0.0,0,9.8,88.9,2.1,194.6,604.2,24877.0,84.5,12165.9,13154.5,"{'timestamp': '2026-09-06T15:11:58.064319+00:00', 'model_version': 'gpt-oss:20b', 'prompt_hash': 'a6af280e'}",05_excluidos
22,real_mixed_67,gpt-oss:20b_kb_rag,1019.1338262557985,49.17,0,fallback,0.0,0.0,0.0,0.0,0,12.2,100.0,2.1,188.5,604.2,24725.4,84.8,12165.9,13154.5,"{'timestamp': '2026-09-06T15:14:28.332773+00:00', 'model_version': 'gpt-oss:20b', 'prompt_hash': 'a6af280e'}",05_excluidos
22,real_mixed_68,gpt-oss:20b_kb_rag,933.223109960556,49.91,0,direct_json,0.666667,0.923077,0.774194,0.0,0,11.5,100.0,2.2,193.2,604.2,24774.7,84.7,12165.9,13154.5,"{'timestamp': '2026-09-06T15:13:02.410435+00:00', 'model_version': 'gpt-oss:20b', 'prompt_hash': 'a6af280e'}",05_excluidos
22,real_mixed_69,gpt-oss:20b_kb_rag,975.9904651641846,49.21,0,fallback,0.0,0.0,0.0,0.0,0,9.3,79.1,2.1,191.3,604.2,24750.0,84.7,12165.9,13154.5,"{'timestamp': '2026-09-06T15:13:45.197842+00:00', 'model_version': 'gpt-oss:20b', 'prompt_hash': 'a6af280e'}",05_excluidos
23,real_mixed_70,gpt-oss:20b_kb_rag,981.4624450206755,49.21,0,fallback,0.684211,0.764706,0.722222,0.0,0,10.5,100.0,2.2,177.7,604.2,24617.8,85.0,12165.9,13154.5,"{'timestamp': '2026-09-06T15:15:43.997340+00:00', 'model_version': 'gpt-oss:20b', 'prompt_hash': 'a6af280e'}",05_excluidos
23,real_mixed_71,gpt-oss:20b_kb_rag,1016.6127622127532,49.2,0,direct_json,0.461538,0.5,0.48,0.0,0,10.5,100.0,2.1,176.3,604.2,24597.7,85.0,12165.9,13154.5,"{'timestamp': '2026-09-06T15:16:19.156980+00:00', 'model_version': 'gpt-oss:20b', 'prompt_hash': 'a6af280e'}",05_excluidos
23,real_mixed_72,gpt-oss:20b_kb_rag,938.2495350837708,49.29,0,direct_json,0.615385,0.571429,0.592593,0.0,0,11.2,96.0,2.2,179.8,604.2,24635.7,85.0,12165.9,13154.5,"{'timestamp': '2026-09-06T15:15:00.792562+00:00', 'model_version': 'gpt-oss:20b', 'prompt_hash': 'a6af280e'}",05_excluidos
24,real_mixed_73,gpt-oss:20b_kb_rag,998.3999178409576,49.11,0,fallback,0.0,0.0,0.0,0.0,0,10.5,77.8,2.1,173.9,604.2,24490.5,85.2,12165.9,13154.5,"{'timestamp': '2026-09-06T15:17:37.125926+00:00', 'model_version': 'gpt-oss:20b', 'prompt_hash': 'a6af280e'}",05_excluidos
24,real_mixed_74,gpt-oss:20b_kb_rag,1031.8969430923462,49.47,0,direct_json,0.727273,0.8,0.761905,0.0,0,9.3,100.0,2.1,172.4,604.2,24470.3,85.3,12165.9,13154.5,"{'timestamp': '2026-09-06T15:18:10.628185+00:00', 'model_version': 'gpt-oss:20b', 'prompt_hash': 'a6af280e'}",05_excluidos
24,real_mixed_75,gpt-oss:20b_kb_rag,954.859411239624,49.37,0,direct_json,0.5,0.666667,0.571429,0.0,0,10.7,100.0,2.1,176.5,604.2,24511.1,85.2,12165.9,13154.5,"{'timestamp': '2026-09-06T15:16:53.572674+00:00', 'model_version': 'gpt-oss:20b', 'prompt_hash': 'a6af280e'}",05_excluidos
25,real_mixed_76,gpt-oss:20b_kb_rag,916.2649757862092,50.33,0,direct_json,0.0,0.0,0.0,0.0,0,10.3,71.5,2.2,173.3,604.2,24374.6,85.5,12165.9,13154.5,"{'timestamp': '2026-09-06T15:18:23.102993+00:00', 'model_version': 'gpt-oss:20b', 'prompt_hash': 'a6af280e'}",05_excluidos
25,real_mixed_77,gpt-oss:20b_kb_rag,959.418594121933,49.13,0,fallback,0.0,0.0,0.0,0.0,0,10.8,100.0,2.1,172.5,604.2,24350.4,85.5,12165.9,13154.5,"{'timestamp': '2026-09-06T15:19:06.286628+00:00', 'model_version': 'gpt-oss:20b', 'prompt_hash': 'a6af280e'}",05_excluidos
25,real_mixed_78,gpt-oss:20b_kb_rag,987.3804049491882,48.91,0,direct_json,0.333333,1.0,0.5,0.1666666666666666,2,9.8,100.0,2.1,171.3,604.2,24335.7,85.5,12165.9,13154.5,"{'timestamp': '2026-09-06T15:19:34.226496+00:00', 'model_version': 'gpt-oss:20b', 'prompt_hash': 'a6af280e'}",05_excluidos
26,real_mixed_79,gpt-oss:20b_kb_rag,978.3339419364928,48.78,0,direct_json,0.636364,0.7,0.666667,0.0,0,12.0,100.0,2.1,172.7,604.2,24211.5,85.8,12165.9,13154.5,"{'timestamp': '2026-09-06T15:21:10.281763+00:00', 'model_version': 'gpt-oss:20b', 'prompt_hash': 'a6af280e'}",05_excluidos
26,real_mixed_80,gpt-oss:20b_kb_rag,956.1269199848176,48.52,0,fallback,0.0,0.0,0.0,0.0,0,11.2,71.5,2.1,172.0,604.2,24222.8,85.7,12165.9,13154.5,"{'timestamp': '2026-09-06T15:20:48.098405+00:00', 'model_version': 'gpt-oss:20b', 'prompt_hash': 'a6af280e'}",05_excluidos
26,real_mixed_81,gpt-oss:20b_kb_rag,912.4344041347504,49.61,0,direct_json,0.444444,0.363636,0.4,0.0,0,9.2,71.5,2.2,173.8,604.2,24245.2,85.7,12165.9,13154.5,"{'timestamp': '2026-09-06T15:20:04.395313+00:00', 'model_version': 'gpt-oss:20b', 'prompt_hash': 'a6af280e'}",05_excluidos
27,real_mixed_82,gpt-oss:20b_kb_rag,965.2613418102264,49.24,0,fallback,0.0,0.0,0.0,0.0,0,10.5,96.4,2.2,171.9,604.2,24089.4,86.0,12165.9,13154.5,"{'timestamp': '2026-09-06T15:22:57.755199+00:00', 'model_version': 'gpt-oss:20b', 'prompt_hash': 'a6af280e'}",05_excluidos
27,real_mixed_83,gpt-oss:20b_kb_rag,882.3236441612244,49.84,0,direct_json,0.692308,0.9,0.782609,0.0,0,10.5,71.8,2.2,177.2,604.2,24122.0,85.9,12165.9,13154.5,"{'timestamp': '2026-09-06T15:21:34.824755+00:00', 'model_version': 'gpt-oss:20b', 'prompt_hash': 'a6af280e'}",05_excluidos
27,real_mixed_84,gpt-oss:20b_kb_rag,922.6106324195862,49.36,0,direct_json,0.8,0.888889,0.842105,0.0,0,11.0,100.0,2.2,174.7,604.2,24104.0,86.0,12165.9,13154.5,"{'timestamp': '2026-09-06T15:22:15.107548+00:00', 'model_version': 'gpt-oss:20b', 'prompt_hash': 'a6af280e'}",05_excluidos
28,real_mixed_85,gpt-oss:20b_kb_rag,881.6733508110046,49.41,0,direct_json,0.545455,0.75,0.631579,0.0,0,9.3,100.0,2.2,172.0,583.2,24027.6,86.1,12165.9,13154.5,"{'timestamp': '2026-09-06T15:23:31.922055+00:00', 'model_version': 'gpt-oss:20b', 'prompt_hash': 'a6af280e'}",05_excluidos
28,real_mixed_86,gpt-oss:20b_kb_rag,925.2880120277404,49.13,0,fallback,0.0,0.0,0.0,0.0,0,9.8,100.0,2.2,169.7,583.2,24012.4,86.1,12165.9,13154.5,"{'timestamp': '2026-09-06T15:24:15.545479+00:00', 'model_version': 'gpt-oss:20b', 'prompt_hash': 'a6af280e'}",05_excluidos
28,real_mixed_87,gpt-oss:20b_kb_rag,960.9163899421692,49.43,0,direct_json,0.454545,0.714286,0.555556,0.0,0,11.5,94.3,2.1,168.0,583.2,24000.4,86.2,12165.9,13154.5,"{'timestamp': '2026-09-06T15:24:51.168877+00:00', 'model_version': 'gpt-oss:20b', 'prompt_hash': 'a6af280e'}",05_excluidos
29,real_mixed_88,gpt-oss:20b_kb_rag,851.589968919754,50.05,0,direct_json,0.4,1.0,0.571429,0.0,0,9.5,100.0,2.3,169.8,583.2,23935.3,86.3,12165.9,13154.5,"{'timestamp': '2026-09-06T15:25:13.200083+00:00', 'model_version': 'gpt-oss:20b', 'prompt_hash': 'a6af280e'}",05_excluidos
29,real_mixed_89,gpt-oss:20b_kb_rag,919.4661478996276,49.72,0,direct_json,0.545455,0.461538,0.5,0.0,0,10.2,90.0,2.2,166.1,583.2,23920.1,86.3,12165.9,13154.5,"{'timestamp': '2026-09-06T15:26:21.087300+00:00', 'model_version': 'gpt-oss:20b', 'prompt_hash': 'a6af280e'}",05_excluidos
29,real_mixed_90,gpt-oss:20b_kb_rag,894.1142420768738,49.26,0,fallback,0.0,0.0,0.0,0.0,0,9.3,100.0,2.2,167.0,583.2,23922.9,86.3,12165.9,13154.5,"{'timestamp': '2026-09-06T15:25:55.731465+00:00', 'model_version': 'gpt-oss:20b', 'prompt_hash': 'a6af280e'}",05_excluidos
30,real_mixed_91,gpt-oss:20b_kb_rag,932.4825887680054,49.15,0,direct_json,0.625,0.833333,0.714286,0.0,0,10.6,100.0,2.2,167.5,583.2,23866.4,86.4,12165.9,13154.5,"{'timestamp': '2026-09-06T15:28:10.760401+00:00', 'model_version': 'gpt-oss:20b', 'prompt_hash': 'a6af280e'}",05_excluidos
30,real_mixed_92,gpt-oss:20b_kb_rag,891.6404917240143,49.27,0,direct_json,0.5,0.533333,0.516129,0.0,0,10.7,100.0,2.2,169.5,583.2,23876.6,86.4,12165.9,13154.5,"{'timestamp': '2026-09-06T15:27:29.926229+00:00', 'model_version': 'gpt-oss:20b', 'prompt_hash': 'a6af280e'}",05_excluidos
30,real_mixed_93,gpt-oss:20b_kb_rag,853.8558099269867,49.46,0,direct_json,0.571429,0.8,0.666667,0.0,0,10.1,100.0,2.3,171.8,583.2,23884.0,86.4,12165.9,13154.5,"{'timestamp': '2026-09-06T15:26:52.130578+00:00', 'model_version': 'gpt-oss:20b', 'prompt_hash': 'a6af280e'}",05_excluidos
31,real_mixed_94,gpt-oss:20b_kb_rag,924.873574256897,49.11,0,fallback,0.0,0.0,0.0,0.0,0,11.2,100.0,2.2,165.4,606.7,23805.7,86.6,12165.9,13154.5,"{'timestamp': '2026-09-06T15:29:53.619874+00:00', 'model_version': 'gpt-oss:20b', 'prompt_hash': 'a6af280e'}",05_excluidos
31,real_mixed_95,gpt-oss:20b_kb_rag,847.7892880439758,49.69,0,direct_json,0.166667,1.0,0.285714,0.0833333333333333,1,9.7,100.0,2.4,168.8,606.7,23817.0,86.5,12165.9,13154.5,"{'timestamp': '2026-09-06T15:28:36.516162+00:00', 'model_version': 'gpt-oss:20b', 'prompt_hash': 'a6af280e'}",05_excluidos
31,real_mixed_96,gpt-oss:20b_kb_rag,881.8018379211426,49.49,0,direct_json,0.533333,0.666667,0.592593,0.0,0,9.7,100.0,2.3,167.9,606.7,23814.7,86.5,12165.9,13154.5,"{'timestamp': '2026-09-06T15:29:10.545821+00:00', 'model_version': 'gpt-oss:20b', 'prompt_hash': 'a6af280e'}",05_excluidos
32,real_mixed_97,gpt-oss:20b_kb_rag,867.6704149246216,49.56,0,direct_json,0.5,0.777778,0.608696,0.0,0,9.9,70.0,2.2,162.2,606.7,23753.9,86.7,12165.9,13154.5,"{'timestamp': '2026-09-06T15:30:47.256886+00:00', 'model_version': 'gpt-oss:20b', 'prompt_hash': 'a6af280e'}",05_excluidos
32,real_mixed_98,gpt-oss:20b_kb_rag,910.9768319129944,49.03,0,fallback,0.0,0.0,0.0,0.0,0,9.7,100.0,2.1,159.9,606.7,23749.0,86.7,12165.9,13154.5,"{'timestamp': '2026-09-06T15:31:30.581817+00:00', 'model_version': 'gpt-oss:20b', 'prompt_hash': 'a6af280e'}",05_excluidos
32,real_mixed_99,gpt-oss:20b_kb_rag,836.7868971824646,49.23,0,direct_json,0.125,0.5,0.2,0.0,0,10.7,100.0,2.1,164.0,606.7,23757.0,86.7,12165.9,13154.5,"{'timestamp': '2026-09-06T15:30:16.367007+00:00', 'model_version': 'gpt-oss:20b', 'prompt_hash': 'a6af280e'}",05_excluidos
33,real_mixed_100,gpt-oss:20b_kb_rag,875.1734738349915,49.49,0,direct_json,0.181818,0.571429,0.275862,0.0,0,14.5,100.0,2.0,157.0,606.7,23722.2,86.8,12165.9,13154.5,"{'timestamp': '2026-09-06T15:32:46.191992+00:00', 'model_version': 'gpt-oss:20b', 'prompt_hash': 'a6af280e'}",05_excluidos
33,real_mixed_101,gpt-oss:20b_kb_rag,841.0646390914917,49.42,0,direct_json,0.333333,0.571429,0.421053,0.0,0,10.6,100.0,2.0,158.4,606.7,23717.4,86.8,12165.9,13154.5,"{'timestamp': '2026-09-06T15:32:12.092760+00:00', 'model_version': 'gpt-oss:20b', 'prompt_hash': 'a6af280e'}",05_excluidos
33,real_mixed_102,gpt-oss:20b_kb_rag,802.3002808094025,50.7,0,direct_json,0.0,0.0,0.0,0.0,0,11.3,100.0,2.1,160.4,606.7,23718.0,86.8,12165.9,13154.5,"{'timestamp': '2026-09-06T15:31:33.310355+00:00', 'model_version': 'gpt-oss:20b', 'prompt_hash': 'a6af280e'}",05_excluidos
34,real_mixed_103,gpt-oss:20b_kb_rag,795.949431180954,50.61,0,direct_json,0.0,0.0,0.0,0.0,0,9.1,68.5,1.9,155.1,606.7,23711.2,86.8,12165.9,13154.5,"{'timestamp': '2026-09-06T15:32:50.583505+00:00', 'model_version': 'gpt-oss:20b', 'prompt_hash': 'a6af280e'}",05_excluidos
34,real_mixed_104,gpt-oss:20b_kb_rag,833.0437948703766,49.47,0,direct_json,0.285714,0.6,0.387097,0.0,0,11.2,68.5,1.8,153.9,606.7,23725.4,86.8,12165.9,13154.5,"{'timestamp': '2026-09-06T15:33:27.693952+00:00', 'model_version': 'gpt-oss:20b', 'prompt_hash': 'a6af280e'}",05_excluidos
34,real_mixed_105,gpt-oss:20b_kb_rag,863.3159799575806,49.43,0,direct_json,0.571429,0.8,0.666667,0.0,0,9.1,68.5,1.8,153.1,606.7,23730.2,86.8,12165.9,13154.5,"{'timestamp': '2026-09-06T15:33:57.968746+00:00', 'model_version': 'gpt-oss:20b', 'prompt_hash': 'a6af280e'}",05_excluidos
35,real_mixed_106,gpt-oss:20b_kb_rag,781.5944418907166,50.02,0,direct_json,0.666667,1.0,0.8,0.0,0,14.6,100.0,2.9,146.1,606.7,23723.6,86.8,12165.9,13154.5,"{'timestamp': '2026-09-06T15:34:12.317234+00:00', 'model_version': 'gpt-oss:20b', 'prompt_hash': 'a6af280e'}",05_excluidos
35,real_mixed_107,gpt-oss:20b_kb_rag,825.6433029174805,48.88,0,fallback,0.0,0.0,0.0,0.0,0,16.2,100.0,1.7,144.7,606.7,23729.6,86.8,12165.9,13154.5,"{'timestamp': '2026-09-06T15:34:56.369014+00:00', 'model_version': 'gpt-oss:20b', 'prompt_hash': 'a6af280e'}",05_excluidos
35,real_mixed_108,gpt-oss:20b_kb_rag,865.7476058006287,49.24,0,direct_json,0.266667,0.8,0.4,0.0,0,11.3,100.0,1.6,143.5,606.7,23733.1,86.8,12165.9,13154.5,"{'timestamp': '2026-09-06T15:35:36.476639+00:00', 'model_version': 'gpt-oss:20b', 'prompt_hash': 'a6af280e'}",05_excluidos
36,real_mixed_109,gpt-oss:20b_kb_rag,886.578195810318,49.06,0,fallback,0.0,0.0,0.0,0.0,0,9.4,100.0,1.4,138.0,606.7,23730.1,86.7,12165.9,13154.5,"{'timestamp': '2026-09-06T15:37:44.783546+00:00', 'model_version': 'gpt-oss:20b', 'prompt_hash': 'a6af280e'}",05_excluidos
36,real_mixed_110,gpt-oss:20b_kb_rag,843.2235159873962,49.2,0,direct_json,0.444444,0.444444,0.444444,0.0,0,12.3,100.0,1.4,139.1,606.7,23733.3,86.7,12165.9,13154.5,"{'timestamp': '2026-09-06T15:37:01.432617+00:00', 'model_version': 'gpt-oss:20b', 'prompt_hash': 'a6af280e'}",05_excluidos
36,real_mixed_111,gpt-oss:20b_kb_rag,800.8188059329987,49.45,0,fallback,0.0,0.0,0.0,0.0,0,11.4,100.0,1.4,140.0,606.7,23731.8,86.7,12165.9,13154.5,"{'timestamp': '2026-09-06T15:36:19.032366+00:00', 'model_version': 'gpt-oss:20b', 'prompt_hash': 'a6af280e'}",05_excluidos
37,real_mixed_112,gpt-oss:20b_kb_rag,839.9084751605988,49.72,0,direct_json,0.4,0.8,0.533333,0.0,0,11.1,100.0,1.3,135.2,606.7,23742.4,86.7,12165.9,13154.5,"{'timestamp': '2026-09-06T15:38:51.447744+00:00', 'model_version': 'gpt-oss:20b', 'prompt_hash': 'a6af280e'}",05_excluidos
37,real_mixed_113,gpt-oss:20b_kb_rag,868.2126693725586,49.56,0,direct_json,0.7,0.777778,0.736842,0.0,0,13.4,100.0,1.3,134.8,606.7,23742.6,86.7,12165.9,13154.5,"{'timestamp': '2026-09-06T15:39:19.758157+00:00', 'model_version': 'gpt-oss:20b', 'prompt_hash': 'a6af280e'}",05_excluidos
37,real_mixed_114,gpt-oss:20b_kb_rag,816.0924696922302,49.26,0,fallback,0.0,0.0,0.0,0.0,0,12.1,100.0,1.2,135.5,606.7,23741.9,86.7,12165.9,13154.5,"{'timestamp': '2026-09-06T15:38:27.636885+00:00', 'model_version': 'gpt-oss:20b', 'prompt_hash': 'a6af280e'}",05_excluidos
38,real_mixed_115,gpt-oss:20b_kb_rag,794.995484828949,50.22,0,direct_json,0.428571,1.0,0.6,0.0,0,12.3,100.0,1.0,131.6,606.7,23745.6,86.7,12165.9,13154.5,"{'timestamp': '2026-09-06T15:39:36.456797+00:00', 'model_version': 'gpt-oss:20b', 'prompt_hash': 'a6af280e'}",05_excluidos
38,real_mixed_116,gpt-oss:20b_kb_rag,864.0965900421143,49.59,0,direct_json,0.5,1.0,0.666667,0.0,0,10.0,69.5,0.9,129.8,606.7,23745.4,86.7,12165.9,13154.5,"{'timestamp': '2026-09-06T15:40:45.561012+00:00', 'model_version': 'gpt-oss:20b', 'prompt_hash': 'a6af280e'}",05_excluidos
38,real_mixed_117,gpt-oss:20b_kb_rag,837.7814559936523,48.84,0,fallback,0.0,0.0,0.0,0.0,0,9.8,69.5,1.0,130.1,606.7,23747.0,86.7,12165.9,13154.5,"{'timestamp': '2026-09-06T15:40:19.257700+00:00', 'model_version': 'gpt-oss:20b', 'prompt_hash': 'a6af280e'}",05_excluidos
39,real_mixed_118,gpt-oss:20b_kb_rag,848.771399974823,50.02,0,direct_json,0.555556,1.0,0.714286,0.0,0,16.5,100.0,0.7,123.7,606.7,23761.4,86.7,12165.9,13154.5,"{'timestamp': '2026-09-06T15:42:19.959560+00:00', 'model_version': 'gpt-oss:20b', 'prompt_hash': 'a6af280e'}",05_excluidos
39,real_mixed_119,gpt-oss:20b_kb_rag,830.1570987701416,49.52,0,direct_json,0.571429,0.666667,0.615385,0.0,0,12.8,100.0,0.7,123.7,606.7,23756.0,86.7,12165.9,13154.5,"{'timestamp': '2026-09-06T15:42:01.350170+00:00', 'model_version': 'gpt-oss:20b', 'prompt_hash': 'a6af280e'}",05_excluidos
39,real_mixed_120,gpt-oss:20b_kb_rag,796.9440548419952,49.32,0,fallback,0.0,0.0,0.0,0.0,0,11.9,100.0,0.8,124.2,606.7,23752.6,86.7,12165.9,13154.5,"{'timestamp': '2026-09-06T15:41:28.135292+00:00', 'model_version': 'gpt-oss:20b', 'prompt_hash': 'a6af280e'}",05_excluidos
2,real_mixed_7,mistral-nemo:latest_baseline,39.460882902145386,20.71,0,direct_json,0.692308,0.642857,0.666667,0.0,0,14.6,57.9,13.2,107.5,114.1,29542.1,80.0,9240.7,6744.1,"{'timestamp': '2026-09-06T10:43:26.546214+00:00', 'model_version': 'mistral-nemo:latest', 'prompt_hash': 'a6af280e'}",06_P3
2,real_mixed_8,mistral-nemo:latest_baseline,32.43950581550598,19.62,0,direct_json,0.6,0.333333,0.428571,0.0,0,12.4,57.7,11.4,108.8,114.1,29322.7,79.3,9240.7,6744.1,"{'timestamp': '2026-09-06T10:43:19.527719+00:00', 'model_version': 'mistral-nemo:latest', 'prompt_hash': 'a6af280e'}",06_P3
2,real_mixed_9,mistral-nemo:latest_baseline,14.237159967422484,20.74,0,direct_json,0.2,0.1,0.133333,0.0,0,14.4,100.0,22.1,113.7,114.1,27444.2,75.2,9240.7,6744.1,"{'timestamp': '2026-09-06T10:43:01.319841+00:00', 'model_version': 'mistral-nemo:latest', 'prompt_hash': 'a6af280e'}",06_P3
3,real_mixed_10,mistral-nemo:latest_baseline,63.78225779533386,30.22,0,direct_json,0.2,0.166667,0.181818,0.0,0,14.1,100.0,5.9,108.2,114.1,28525.6,78.3,9240.7,6744.1,"{'timestamp': '2026-09-06T10:43:50.859817+00:00', 'model_version': 'mistral-nemo:latest', 'prompt_hash': 'a6af280e'}",06_P3
3,real_mixed_11,mistral-nemo:latest_baseline,60.30389928817749,29.56,0,direct_json,0.75,0.666667,0.705882,0.0,0,10.8,57.9,9.1,108.1,114.1,28659.9,78.6,9240.7,6744.1,"{'timestamp': '2026-09-06T10:43:47.387452+00:00', 'model_version': 'mistral-nemo:latest', 'prompt_hash': 'a6af280e'}",06_P3
3,real_mixed_12,mistral-nemo:latest_baseline,104.8647358417511,22.48,0,direct_json,0.5,0.428571,0.461538,0.0,0,11.3,66.7,4.5,101.5,114.1,28281.4,79.7,9240.7,6744.1,"{'timestamp': '2026-09-06T10:44:31.947301+00:00', 'model_version': 'mistral-nemo:latest', 'prompt_hash': 'a6af280e'}",06_P3
7,real_mixed_22,mistral-nemo:latest_baseline,111.51208877563477,31.26,0,direct_json,0.0,0.0,0.0,0.0,0,10.1,57.7,3.9,101.8,114.1,28179.4,80.0,9240.7,6744.1,"{'timestamp': '2026-09-06T10:44:38.589552+00:00', 'model_version': 'mistral-nemo:latest', 'prompt_hash': 'a6af280e'}",06_P3
7,real_mixed_23,mistral-nemo:latest_baseline,10.193756103515623,20.98,0,direct_json,0.222222,0.133333,0.166667,0.0,0,11.0,57.7,38.8,113.9,114.0,25997.4,72.4,9240.7,6744.1,"{'timestamp': '2026-09-06T10:42:57.289643+00:00', 'model_version': 'mistral-nemo:latest', 'prompt_hash': 'a6af280e'}",06_P3
7,real_mixed_24,mistral-nemo:latest_baseline,67.38299512863159,30.63,0,direct_json,0.5,0.428571,0.461538,0.0,0,10.1,57.7,5.7,108.3,114.1,28420.3,78.1,9240.7,6744.1,"{'timestamp': '2026-09-06T10:43:54.471027+00:00', 'model_version': 'mistral-nemo:latest', 'prompt_hash': 'a6af280e'}",06_P3
1,real_mixed_4,mistral-nemo:latest_baseline,52.17554974555969,30.24,0,direct_json,0.714286,0.357143,0.47619,0.0,0,10.2,57.7,4.0,107.9,114.1,29033.8,79.3,9240.7,6744.1,"{'timestamp': '2026-09-06T10:43:39.269067+00:00', 'model_version': 'mistral-nemo:latest', 'prompt_hash': 'a6af280e'}",06_P3
1,real_mixed_5,mistral-nemo:latest_baseline,101.31617283821106,20.46,0,direct_json,0.333333,0.5,0.4,0.0666666666666666,1,17.3,100.0,4.0,102.6,114.1,28279.0,79.4,9240.7,6744.1,"{'timestamp': '2026-09-06T10:44:28.398077+00:00', 'model_version': 'mistral-nemo:latest', 'prompt_hash': 'a6af280e'}",06_P3
1,real_mixed_6,mistral-nemo:latest_baseline,125.53383016586304,30.32,0,direct_json,0.785714,0.611111,0.6875,0.0,0,17.5,61.5,2.5,102.2,114.1,27524.2,80.3,9240.7,6744.1,"{'timestamp': '2026-09-06T10:44:52.621159+00:00', 'model_version': 'mistral-nemo:latest', 'prompt_hash': 'a6af280e'}",06_P3
0,real_mixed_1,mistral-nemo:latest_baseline,115.53117370605467,30.46,0,direct_json,0.7,0.538462,0.608696,0.0,0,11.3,100.0,2.7,101.9,114.1,28039.7,79.9,9240.7,6744.1,"{'timestamp': '2026-09-06T10:44:42.619673+00:00', 'model_version': 'mistral-nemo:latest', 'prompt_hash': 'a6af280e'}",06_P3
0,real_mixed_2,mistral-nemo:latest_baseline,135.23225593566897,30.14,0,direct_json,0.428571,0.5,0.461538,0.0,0,12.5,73.3,2.4,102.6,114.1,27053.1,80.7,9240.7,6744.1,"{'timestamp': '2026-09-06T10:45:02.328792+00:00', 'model_version': 'mistral-nemo:latest', 'prompt_hash': 'a6af280e'}",06_P3
0,real_mixed_3,mistral-nemo:latest_baseline,27.8934588432312,19.68,0,fallback,0.285714,0.166667,0.210526,0.0,0,9.7,57.7,11.9,109.9,114.1,29160.9,78.7,9240.7,6744.1,"{'timestamp': '2026-09-06T10:43:14.987547+00:00', 'model_version': 'mistral-nemo:latest', 'prompt_hash': 'a6af280e'}",06_P3
8,real_mixed_25,mistral-nemo:latest_baseline,70.92955303192139,30.7,0,direct_json,0.444444,0.333333,0.380952,0.0,0,10.0,57.7,2.9,108.3,114.1,28322.9,77.9,9240.7,6744.1,"{'timestamp': '2026-09-06T10:43:58.028556+00:00', 'model_version': 'mistral-nemo:latest', 'prompt_hash': 'a6af280e'}",06_P3
8,real_mixed_26,mistral-nemo:latest_baseline,93.33259296417236,14.6,0,direct_json,0.65625,0.583333,0.617647,0.0,0,10.2,57.7,1.7,105.7,114.1,28235.7,78.9,9240.7,6744.1,"{'timestamp': '2026-09-06T10:44:20.460560+00:00', 'model_version': 'mistral-nemo:latest', 'prompt_hash': 'a6af280e'}",06_P3
8,real_mixed_27,mistral-nemo:latest_baseline,146.95502877235413,29.38,0,direct_json,0.7,0.518519,0.595745,0.0,0,10.0,57.7,1.5,102.4,114.1,26564.8,81.1,9240.7,6744.1,"{'timestamp': '2026-09-06T10:45:14.055941+00:00', 'model_version': 'mistral-nemo:latest', 'prompt_hash': 'a6af280e'}",06_P3
5,real_mixed_16,mistral-nemo:latest_baseline,149.98280715942383,30.98,0,direct_json,1.0,0.222222,0.363636,0.0,0,10.2,57.7,3.1,102.1,114.1,26450.5,81.2,9240.7,6744.1,"{'timestamp': '2026-09-06T10:45:17.076291+00:00', 'model_version': 'mistral-nemo:latest', 'prompt_hash': 'a6af280e'}",06_P3
5,real_mixed_17,mistral-nemo:latest_baseline,73.39492988586426,30.75,0,direct_json,0.25,1.0,0.4,0.0,0,15.5,57.7,4.6,108.3,114.1,28259.6,77.8,9240.7,6744.1,"{'timestamp': '2026-09-06T10:44:00.475915+00:00', 'model_version': 'mistral-nemo:latest', 'prompt_hash': 'a6af280e'}",06_P3
5,real_mixed_18,mistral-nemo:latest_baseline,129.66085720062256,30.05,0,direct_json,0.571429,0.333333,0.421053,0.0,0,12.1,80.0,2.6,102.4,114.1,27319.0,80.4,9240.7,6744.1,"{'timestamp': '2026-09-06T10:44:56.750871+00:00', 'model_version': 'mistral-nemo:latest', 'prompt_hash': 'a6af280e'}",06_P3
6,real_mixed_19,mistral-nemo:latest_baseline,21.829230308532715,20.89,0,direct_json,0.944444,0.85,0.894737,0.0,0,13.5,100.0,20.7,111.6,114.1,28730.4,77.5,9240.7,6744.1,"{'timestamp': '2026-09-06T10:43:08.921515+00:00', 'model_version': 'mistral-nemo:latest', 'prompt_hash': 'a6af280e'}",06_P3
6,real_mixed_20,mistral-nemo:latest_baseline,109.35674905776978,30.18,0,direct_json,0.714286,0.3125,0.434783,0.0,0,16.4,57.7,3.4,101.5,114.1,28236.3,79.9,9240.7,6744.1,"{'timestamp': '2026-09-06T10:44:36.445700+00:00', 'model_version': 'mistral-nemo:latest', 'prompt_hash': 'a6af280e'}",06_P3
6,real_mixed_21,mistral-nemo:latest_baseline,154.5158920288086,30.33,0,direct_json,0.833333,0.357143,0.5,0.0,0,13.9,100.0,3.6,101.8,114.1,26286.1,81.3,9240.7,6744.1,"{'timestamp': '2026-09-06T10:45:21.599258+00:00', 'model_version': 'mistral-nemo:latest', 'prompt_hash': 'a6af280e'}",06_P3
4,real_mixed_13,mistral-nemo:latest_baseline,47.126137018203735,29.73,0,direct_json,0.578947,0.647059,0.611111,0.0,0,12.2,100.0,10.4,107.8,114.1,29352.2,79.8,9240.7,6744.1,"{'timestamp': '2026-09-06T10:43:34.208946+00:00', 'model_version': 'mistral-nemo:latest', 'prompt_hash': 'a6af280e'}",06_P3
4,real_mixed_14,mistral-nemo:latest_baseline,161.08233308792114,29.9,0,direct_json,0.777778,0.583333,0.666667,0.0,0,14.0,57.7,3.1,101.8,114.1,26066.1,81.5,9240.7,6744.1,"{'timestamp': '2026-09-06T10:45:28.171532+00:00', 'model_version': 'mistral-nemo:latest', 'prompt_hash': 'a6af280e'}",06_P3
4,real_mixed_15,mistral-nemo:latest_baseline,121.1486349105835,29.52,0,fallback,0.25,0.444444,0.32,0.0,0,11.0,88.9,5.7,102.1,114.1,27776.3,80.1,9240.7,6744.1,"{'timestamp': '2026-09-06T10:44:48.230975+00:00', 'model_version': 'mistral-nemo:latest', 'prompt_hash': 'a6af280e'}",06_P3
9,real_mixed_28,mistral-nemo:latest_baseline,125.65722107887268,30.17,0,direct_json,0.7,0.466667,0.56,0.0,0,14.1,100.0,1.8,100.2,109.6,24806.4,82.1,9240.7,6744.1,"{'timestamp': '2026-09-06T10:45:32.271117+00:00', 'model_version': 'mistral-nemo:latest', 'prompt_hash': 'a6af280e'}",06_P3
9,real_mixed_29,mistral-nemo:latest_baseline,130.7756474018097,30.5,0,direct_json,0.222222,0.333333,0.266667,0.0,0,10.5,50.0,1.8,100.5,109.6,24654.2,82.2,9240.7,6744.1,"{'timestamp': '2026-09-06T10:45:37.384559+00:00', 'model_version': 'mistral-nemo:latest', 'prompt_hash': 'a6af280e'}",06_P3
9,real_mixed_30,mistral-nemo:latest_baseline,133.7587010860443,30.84,0,direct_json,0.25,0.125,0.166667,0.0,0,14.7,71.4,2.1,100.4,109.6,24568.0,82.3,9240.7,6744.1,"{'timestamp': '2026-09-06T10:45:40.359131+00:00', 'model_version': 'mistral-nemo:latest', 'prompt_hash': 'a6af280e'}",06_P3
10,real_mixed_31,mistral-nemo:latest_baseline,69.90867924690247,31.16,0,direct_json,0.25,0.5,0.333333,0.0,0,10.0,36.9,2.8,103.4,108.5,21728.9,85.0,9240.7,6744.1,"{'timestamp': '2026-09-06T10:45:41.914064+00:00', 'model_version': 'mistral-nemo:latest', 'prompt_hash': 'a6af280e'}",06_P3
10,real_mixed_32,mistral-nemo:latest_baseline,73.95094704627991,30.55,0,direct_json,0.272727,0.428571,0.333333,0.0,0,11.8,44.4,2.4,103.6,108.3,21681.3,85.1,9240.7,6744.1,"{'timestamp': '2026-09-06T10:45:45.961621+00:00', 'model_version': 'mistral-nemo:latest', 'prompt_hash': 'a6af280e'}",06_P3
10,real_mixed_33,mistral-nemo:latest_baseline,78.02675604820251,30.32,0,direct_json,0.714286,0.384615,0.5,0.0,0,12.2,100.0,2.4,103.9,108.3,21636.1,85.1,9240.7,6744.1,"{'timestamp': '2026-09-06T10:45:50.052264+00:00', 'model_version': 'mistral-nemo:latest', 'prompt_hash': 'a6af280e'}",06_P3
11,real_mixed_34,mistral-nemo:latest_baseline,77.4872670173645,30.55,0,direct_json,0.25,0.1,0.142857,0.0,0,11.1,37.5,2.4,104.3,108.9,21168.7,85.2,9240.7,6744.1,"{'timestamp': '2026-09-06T10:45:56.144729+00:00', 'model_version': 'mistral-nemo:latest', 'prompt_hash': 'a6af280e'}",06_P3
11,real_mixed_35,mistral-nemo:latest_baseline,82.04885411262512,30.08,0,direct_json,0.375,0.428571,0.4,0.0,0,11.1,37.5,2.8,104.5,108.9,21163.4,85.2,9240.7,6744.1,"{'timestamp': '2026-09-06T10:46:00.703859+00:00', 'model_version': 'mistral-nemo:latest', 'prompt_hash': 'a6af280e'}",06_P3
11,real_mixed_36,mistral-nemo:latest_baseline,73.97850275039673,30.24,0,direct_json,1.0,0.238095,0.384615,0.0,0,10.9,37.5,2.6,104.1,108.9,21175.9,85.2,9240.7,6744.1,"{'timestamp': '2026-09-06T10:45:52.640812+00:00', 'model_version': 'mistral-nemo:latest', 'prompt_hash': 'a6af280e'}",06_P3
12,real_mixed_37,mistral-nemo:latest_baseline,77.5856339931488,30.36,0,fallback,0.875,0.583333,0.7,0.0,0,21.2,71.4,2.5,103.6,108.9,20921.4,85.7,9240.7,6744.1,"{'timestamp': '2026-09-06T10:46:10.260764+00:00', 'model_version': 'mistral-nemo:latest', 'prompt_hash': 'a6af280e'}",06_P3
12,real_mixed_38,mistral-nemo:latest_baseline,72.50229501724243,30.24,0,fallback,0.6,0.461538,0.521739,0.1,1,21.1,100.0,2.6,103.7,108.9,20919.5,85.7,9240.7,6744.1,"{'timestamp': '2026-09-06T10:46:05.185596+00:00', 'model_version': 'mistral-nemo:latest', 'prompt_hash': 'a6af280e'}",06_P3
12,real_mixed_39,mistral-nemo:latest_baseline,81.11884713172913,29.76,0,direct_json,0.75,0.428571,0.545455,0.0,0,23.3,100.0,2.7,103.3,108.9,20922.1,85.7,9240.7,6744.1,"{'timestamp': '2026-09-06T10:46:13.793371+00:00', 'model_version': 'mistral-nemo:latest', 'prompt_hash': 'a6af280e'}",06_P3
13,real_mixed_40,mistral-nemo:latest_baseline,73.9753532409668,30.92,0,direct_json,0.75,0.25,0.375,0.0,0,13.4,52.7,2.8,102.5,108.9,20925.2,85.7,9240.7,6744.1,"{'timestamp': '2026-09-06T10:46:16.365354+00:00', 'model_version': 'mistral-nemo:latest', 'prompt_hash': 'a6af280e'}",06_P3
13,real_mixed_41,mistral-nemo:latest_baseline,85.24482011795044,30.12,0,direct_json,0.75,0.333333,0.461538,0.0,0,12.1,44.3,2.5,101.8,108.9,20926.1,85.7,9240.7,6744.1,"{'timestamp': '2026-09-06T10:46:27.649131+00:00', 'model_version': 'mistral-nemo:latest', 'prompt_hash': 'a6af280e'}",06_P3
13,real_mixed_42,mistral-nemo:latest_baseline,80.58417105674744,29.52,0,direct_json,0.473684,0.375,0.418605,0.1578947368421052,3,13.0,75.0,2.6,102.1,108.9,20925.4,85.7,9240.7,6744.1,"{'timestamp': '2026-09-06T10:46:22.990876+00:00', 'model_version': 'mistral-nemo:latest', 'prompt_hash': 'a6af280e'}",06_P3
14,real_mixed_43,mistral-nemo:latest_baseline,95.75802898406982,28.7,0,direct_json,0.692308,0.428571,0.529412,0.0,0,11.8,44.3,2.4,102.0,108.9,20918.9,85.7,9240.7,6744.1,"{'timestamp': '2026-09-06T10:46:49.885454+00:00', 'model_version': 'mistral-nemo:latest', 'prompt_hash': 'a6af280e'}",06_P3
14,real_mixed_44,mistral-nemo:latest_baseline,79.04951620101929,29.92,0,direct_json,0.588235,0.714286,0.645161,0.0,0,12.5,44.3,2.7,102.6,108.9,20928.3,85.7,9240.7,6744.1,"{'timestamp': '2026-09-06T10:46:33.180832+00:00', 'model_version': 'mistral-nemo:latest', 'prompt_hash': 'a6af280e'}",06_P3
14,real_mixed_45,mistral-nemo:latest_baseline,83.57073593139648,30.65,0,direct_json,0.583333,0.583333,0.583333,0.0,0,12.6,44.3,2.3,102.4,108.9,20926.7,85.7,9240.7,6744.1,"{'timestamp': '2026-09-06T10:46:37.692607+00:00', 'model_version': 'mistral-nemo:latest', 'prompt_hash': 'a6af280e'}",06_P3
15,real_mixed_46,mistral-nemo:latest_baseline,102.83684611320496,31.56,0,direct_json,0.5,0.071429,0.125,0.0,0,11.7,44.3,2.8,102.1,108.9,20914.4,85.7,9240.7,6744.1,"{'timestamp': '2026-09-06T10:46:59.972677+00:00', 'model_version': 'mistral-nemo:latest', 'prompt_hash': 'a6af280e'}",06_P3
15,real_mixed_47,mistral-nemo:latest_baseline,100.29865193367004,30.23,0,direct_json,0.814815,0.814815,0.814815,0.074074074074074,2,13.2,66.7,2.6,102.1,108.9,20915.1,85.7,9240.7,6744.1,"{'timestamp': '2026-09-06T10:46:57.464564+00:00', 'model_version': 'mistral-nemo:latest', 'prompt_hash': 'a6af280e'}",06_P3
15,real_mixed_48,mistral-nemo:latest_baseline,105.91512989997864,30.76,0,direct_json,0.166667,0.166667,0.166667,0.0,0,11.5,44.3,2.3,102.0,108.9,20915.9,85.7,9240.7,6744.1,"{'timestamp': '2026-09-06T10:47:03.046487+00:00', 'model_version': 'mistral-nemo:latest', 'prompt_hash': 'a6af280e'}",06_P3
16,real_mixed_49,mistral-nemo:latest_baseline,115.51182413101196,30.3,0,direct_json,0.583333,0.5,0.538462,0.0833333333333333,1,13.5,100.0,2.2,101.7,108.9,20919.6,85.7,9240.7,6744.1,"{'timestamp': '2026-09-06T10:47:17.172698+00:00', 'model_version': 'mistral-nemo:latest', 'prompt_hash': 'a6af280e'}",06_P3
16,real_mixed_50,mistral-nemo:latest_baseline,105.7916750907898,30.33,0,direct_json,0.6,0.545455,0.571429,0.0,0,19.7,100.0,2.3,102.0,108.9,20923.5,85.7,9240.7,6744.1,"{'timestamp': '2026-09-06T10:47:07.447743+00:00', 'model_version': 'mistral-nemo:latest', 'prompt_hash': 'a6af280e'}",06_P3
16,real_mixed_51,mistral-nemo:latest_baseline,109.96269702911376,30.49,0,direct_json,0.555556,0.555556,0.555556,0.0,0,12.2,100.0,2.3,101.9,108.9,20918.4,85.7,9240.7,6744.1,"{'timestamp': '2026-09-06T10:47:11.619586+00:00', 'model_version': 'mistral-nemo:latest', 'prompt_hash': 'a6af280e'}",06_P3
17,real_mixed_52,mistral-nemo:latest_baseline,118.07722401618958,30.61,0,direct_json,0.666667,0.285714,0.4,0.0,0,12.6,44.3,2.6,101.4,108.9,20925.0,85.7,9240.7,6744.1,"{'timestamp': '2026-09-06T10:47:26.312120+00:00', 'model_version': 'mistral-nemo:latest', 'prompt_hash': 'a6af280e'}",06_P3
17,real_mixed_53,mistral-nemo:latest_baseline,115.003080368042,30.74,0,direct_json,0.166667,0.166667,0.166667,0.0,0,17.8,51.9,2.3,101.5,108.9,20922.9,85.7,9240.7,6744.1,"{'timestamp': '2026-09-06T10:47:23.228224+00:00', 'model_version': 'mistral-nemo:latest', 'prompt_hash': 'a6af280e'}",06_P3
17,real_mixed_54,mistral-nemo:latest_baseline,111.47454404830933,31.28,0,direct_json,0.428571,0.75,0.545455,0.0,0,12.3,52.9,2.4,101.5,108.9,20920.4,85.7,9240.7,6744.1,"{'timestamp': '2026-09-06T10:47:19.701749+00:00', 'model_version': 'mistral-nemo:latest', 'prompt_hash': 'a6af280e'}",06_P3
18,real_mixed_55,mistral-nemo:latest_baseline,116.51825785636902,29.79,0,direct_json,0.25,0.333333,0.285714,0.0,0,11.9,44.3,2.2,101.1,108.9,20938.5,85.7,9240.7,6744.1,"{'timestamp': '2026-09-06T10:47:36.947466+00:00', 'model_version': 'mistral-nemo:latest', 'prompt_hash': 'a6af280e'}",06_P3
18,real_mixed_56,mistral-nemo:latest_baseline,121.57646584510805,30.08,0,fallback,0.333333,0.214286,0.26087,0.0,0,13.0,50.0,2.1,101.1,108.9,20938.4,85.7,9240.7,6744.1,"{'timestamp': '2026-09-06T10:47:42.008619+00:00', 'model_version': 'mistral-nemo:latest', 'prompt_hash': 'a6af280e'}",06_P3
18,real_mixed_57,mistral-nemo:latest_baseline,110.41483974456789,30.55,0,direct_json,0.928571,0.722222,0.8125,0.0,0,13.0,44.3,2.3,101.1,108.9,20932.8,85.7,9240.7,6744.1,"{'timestamp': '2026-09-06T10:47:30.847781+00:00', 'model_version': 'mistral-nemo:latest', 'prompt_hash': 'a6af280e'}",06_P3
19,real_mixed_58,mistral-nemo:latest_baseline,115.49669313430786,30.64,0,direct_json,0.444444,0.363636,0.4,0.0,0,10.8,44.3,2.2,100.6,108.9,20947.8,85.7,9240.7,6744.1,"{'timestamp': '2026-09-06T10:47:45.616048+00:00', 'model_version': 'mistral-nemo:latest', 'prompt_hash': 'a6af280e'}",06_P3
19,real_mixed_59,mistral-nemo:latest_baseline,128.18930983543396,29.72,0,direct_json,0.642857,0.473684,0.545455,0.0,0,10.5,44.3,2.1,100.8,108.9,20945.6,85.7,9240.7,6744.1,"{'timestamp': '2026-09-06T10:47:58.304233+00:00', 'model_version': 'mistral-nemo:latest', 'prompt_hash': 'a6af280e'}",06_P3
19,real_mixed_60,mistral-nemo:latest_baseline,119.5656681060791,30.69,0,direct_json,0.833333,0.384615,0.526316,0.0,0,10.6,44.3,2.2,100.7,108.9,20947.0,85.7,9240.7,6744.1,"{'timestamp': '2026-09-06T10:47:49.689011+00:00', 'model_version': 'mistral-nemo:latest', 'prompt_hash': 'a6af280e'}",06_P3
20,real_mixed_61,mistral-nemo:latest_baseline,136.2767038345337,28.63,0,fallback,0.5625,0.321429,0.409091,0.0,0,11.3,100.0,2.0,99.7,105.2,20944.9,85.8,9240.7,6744.1,"{'timestamp': '2026-09-06T10:48:17.063132+00:00', 'model_version': 'mistral-nemo:latest', 'prompt_hash': 'a6af280e'}",06_P3
20,real_mixed_62,mistral-nemo:latest_baseline,124.12753629684448,30.57,0,direct_json,0.428571,0.272727,0.333333,0.0,0,10.1,44.3,2.1,100.1,105.2,20940.2,85.8,9240.7,6744.1,"{'timestamp': '2026-09-06T10:48:04.904012+00:00', 'model_version': 'mistral-nemo:latest', 'prompt_hash': 'a6af280e'}",06_P3
20,real_mixed_63,mistral-nemo:latest_baseline,120.07153487205504,30.69,0,direct_json,0.2,0.125,0.153846,0.0,0,10.1,44.3,2.2,100.2,105.2,20937.5,85.8,9240.7,6744.1,"{'timestamp': '2026-09-06T10:48:00.848450+00:00', 'model_version': 'mistral-nemo:latest', 'prompt_hash': 'a6af280e'}",06_P3
21,real_mixed_64,mistral-nemo:latest_baseline,125.75143218040466,31.21,0,direct_json,0.0,0.0,0.0,0.0,0,12.8,100.0,2.1,99.4,105.2,20938.7,85.8,9240.7,6744.1,"{'timestamp': '2026-09-06T10:48:19.598617+00:00', 'model_version': 'mistral-nemo:latest', 'prompt_hash': 'a6af280e'}",06_P3
21,real_mixed_65,mistral-nemo:latest_baseline,134.73250603675842,30.78,0,direct_json,0.5,0.25,0.333333,0.0,0,15.5,75.0,2.1,99.3,105.2,20939.2,85.8,9240.7,6744.1,"{'timestamp': '2026-09-06T10:48:28.587202+00:00', 'model_version': 'mistral-nemo:latest', 'prompt_hash': 'a6af280e'}",06_P3
21,real_mixed_66,mistral-nemo:latest_baseline,131.2058229446411,30.39,0,direct_json,0.272727,0.15,0.193548,0.0,0,13.6,100.0,2.1,99.3,105.2,20939.7,85.8,9240.7,6744.1,"{'timestamp': '2026-09-06T10:48:25.084873+00:00', 'model_version': 'mistral-nemo:latest', 'prompt_hash': 'a6af280e'}",06_P3
22,real_mixed_67,mistral-nemo:latest_baseline,133.68477487564087,30.38,0,direct_json,0.666667,0.235294,0.347826,0.0,0,9.2,34.5,2.2,99.4,105.2,20940.4,85.8,9240.7,6744.1,"{'timestamp': '2026-09-06T10:48:41.410002+00:00', 'model_version': 'mistral-nemo:latest', 'prompt_hash': 'a6af280e'}",06_P3
22,real_mixed_68,mistral-nemo:latest_baseline,125.0862889289856,30.21,0,direct_json,0.5,0.384615,0.434783,0.0,0,9.4,34.5,2.1,99.6,105.2,20940.7,85.8,9240.7,6744.1,"{'timestamp': '2026-09-06T10:48:32.789246+00:00', 'model_version': 'mistral-nemo:latest', 'prompt_hash': 'a6af280e'}",06_P3
22,real_mixed_69,mistral-nemo:latest_baseline,128.6798689365387,30.44,0,direct_json,0.714286,0.208333,0.322581,0.0,0,9.4,34.5,2.0,99.5,105.2,20939.9,85.8,9240.7,6744.1,"{'timestamp': '2026-09-06T10:48:36.411988+00:00', 'model_version': 'mistral-nemo:latest', 'prompt_hash': 'a6af280e'}",06_P3
23,real_mixed_70,mistral-nemo:latest_baseline,117.44568395614624,30.22,0,direct_json,0.611111,0.52381,0.564103,0.0,0,10.0,100.0,2.2,99.5,105.2,20953.0,85.8,9240.7,6744.1,"{'timestamp': '2026-09-06T10:48:47.440197+00:00', 'model_version': 'mistral-nemo:latest', 'prompt_hash': 'a6af280e'}",06_P3
23,real_mixed_71,mistral-nemo:latest_baseline,127.0939438343048,30.2,0,direct_json,0.555556,0.416667,0.47619,0.0,0,9.1,33.1,2.1,99.6,105.2,20954.0,85.8,9240.7,6744.1,"{'timestamp': '2026-09-06T10:48:57.071584+00:00', 'model_version': 'mistral-nemo:latest', 'prompt_hash': 'a6af280e'}",06_P3
23,real_mixed_72,mistral-nemo:latest_baseline,121.60308313369752,30.11,0,direct_json,0.75,0.428571,0.545455,0.0,0,9.1,33.1,2.2,99.6,105.2,20953.0,85.8,9240.7,6744.1,"{'timestamp': '2026-09-06T10:48:51.583012+00:00', 'model_version': 'mistral-nemo:latest', 'prompt_hash': 'a6af280e'}",06_P3
24,real_mixed_73,mistral-nemo:latest_baseline,124.09663796424866,30.35,0,direct_json,0.666667,0.4,0.5,0.0,0,9.1,33.1,2.1,99.7,105.2,20961.3,85.8,9240.7,6744.1,"{'timestamp': '2026-09-06T10:49:07.209615+00:00', 'model_version': 'mistral-nemo:latest', 'prompt_hash': 'a6af280e'}",06_P3
24,real_mixed_74,mistral-nemo:latest_baseline,120.10315132141112,30.26,0,direct_json,0.666667,0.2,0.307692,0.0,0,9.2,33.1,2.2,99.8,105.2,20960.6,85.8,9240.7,6744.1,"{'timestamp': '2026-09-06T10:49:03.208786+00:00', 'model_version': 'mistral-nemo:latest', 'prompt_hash': 'a6af280e'}",06_P3
24,real_mixed_75,mistral-nemo:latest_baseline,117.02853679656982,30.98,0,direct_json,0.333333,0.333333,0.333333,0.0,0,9.2,33.1,2.1,99.7,105.2,20959.4,85.8,9240.7,6744.1,"{'timestamp': '2026-09-06T10:49:00.121721+00:00', 'model_version': 'mistral-nemo:latest', 'prompt_hash': 'a6af280e'}",06_P3
25,real_mixed_76,mistral-nemo:latest_baseline,110.96199011802672,32.33,0,direct_json,0.0,0.0,0.0,0.0,0,11.1,50.0,2.2,99.9,105.2,20964.9,85.8,9240.7,6744.1,"{'timestamp': '2026-09-06T10:49:08.178912+00:00', 'model_version': 'mistral-nemo:latest', 'prompt_hash': 'a6af280e'}",06_P3
25,real_mixed_77,mistral-nemo:latest_baseline,118.08716678619383,29.97,0,direct_json,0.6,0.45,0.514286,0.0,0,10.3,100.0,2.4,99.9,105.2,20963.8,85.8,9240.7,6744.1,"{'timestamp': '2026-09-06T10:49:15.332801+00:00', 'model_version': 'mistral-nemo:latest', 'prompt_hash': 'a6af280e'}",06_P3
25,real_mixed_78,mistral-nemo:latest_baseline,125.12166285514832,29.87,0,direct_json,0.5,1.0,0.666667,0.125,1,14.2,100.0,2.0,99.7,105.2,20962.5,85.8,9240.7,6744.1,"{'timestamp': '2026-09-06T10:49:22.349280+00:00', 'model_version': 'mistral-nemo:latest', 'prompt_hash': 'a6af280e'}",06_P3
26,real_mixed_79,mistral-nemo:latest_baseline,138.8652629852295,29.74,0,direct_json,0.833333,0.5,0.625,0.0,0,9.9,33.3,2.1,99.0,105.2,20956.9,85.8,9240.7,6744.1,"{'timestamp': '2026-09-06T10:49:45.234289+00:00', 'model_version': 'mistral-nemo:latest', 'prompt_hash': 'a6af280e'}",06_P3
26,real_mixed_80,mistral-nemo:latest_baseline,130.73574590682983,29.72,0,direct_json,0.565217,0.541667,0.553191,0.0,0,9.7,33.1,2.1,99.8,105.2,20960.7,85.8,9240.7,6744.1,"{'timestamp': '2026-09-06T10:49:37.121869+00:00', 'model_version': 'mistral-nemo:latest', 'prompt_hash': 'a6af280e'}",06_P3
26,real_mixed_81,mistral-nemo:latest_baseline,119.9893000125885,30.63,0,direct_json,0.75,0.545455,0.631579,0.0,0,14.6,92.9,2.2,99.7,105.2,20962.4,85.8,9240.7,6744.1,"{'timestamp': '2026-09-06T10:49:26.358653+00:00', 'model_version': 'mistral-nemo:latest', 'prompt_hash': 'a6af280e'}",06_P3
27,real_mixed_82,mistral-nemo:latest_baseline,134.71569085121155,30.7,0,direct_json,0.333333,0.333333,0.333333,0.0,0,13.3,92.9,2.2,98.9,105.2,20948.3,85.8,9240.7,6744.1,"{'timestamp': '2026-09-06T10:49:56.802055+00:00', 'model_version': 'mistral-nemo:latest', 'prompt_hash': 'a6af280e'}",06_P3
27,real_mixed_83,mistral-nemo:latest_baseline,130.15912580490112,30.71,0,direct_json,0.75,0.6,0.666667,0.0,0,12.0,100.0,2.2,98.8,105.2,20949.5,85.8,9240.7,6744.1,"{'timestamp': '2026-09-06T10:49:52.239420+00:00', 'model_version': 'mistral-nemo:latest', 'prompt_hash': 'a6af280e'}",06_P3
27,real_mixed_84,mistral-nemo:latest_baseline,127.17038798332214,30.77,0,direct_json,0.833333,0.555556,0.666667,0.0,0,11.0,100.0,2.0,98.7,105.2,20950.0,85.8,9240.7,6744.1,"{'timestamp': '2026-09-06T10:49:49.251963+00:00', 'model_version': 'mistral-nemo:latest', 'prompt_hash': 'a6af280e'}",06_P3
28,real_mixed_85,mistral-nemo:latest_baseline,121.60480618476868,30.76,0,direct_json,0.714286,0.625,0.666667,0.0,0,9.0,33.1,2.2,98.6,105.9,20947.7,85.8,9240.7,6744.1,"{'timestamp': '2026-09-06T10:49:59.966068+00:00', 'model_version': 'mistral-nemo:latest', 'prompt_hash': 'a6af280e'}",06_P3
28,real_mixed_86,mistral-nemo:latest_baseline,128.57957124710083,30.4,0,direct_json,0.7,0.538462,0.608696,0.1,1,9.8,43.3,2.1,98.7,105.2,20949.5,85.8,9240.7,6744.1,"{'timestamp': '2026-09-06T10:50:06.959076+00:00', 'model_version': 'mistral-nemo:latest', 'prompt_hash': 'a6af280e'}",06_P3
28,real_mixed_87,mistral-nemo:latest_baseline,124.11819791793825,31.06,0,direct_json,1.0,0.142857,0.25,0.0,0,9.0,33.1,2.1,98.7,105.9,20947.3,85.8,9240.7,6744.1,"{'timestamp': '2026-09-06T10:50:02.481750+00:00', 'model_version': 'mistral-nemo:latest', 'prompt_hash': 'a6af280e'}",06_P3
29,real_mixed_88,mistral-nemo:latest_baseline,112.41611504554749,27.61,0,direct_json,0.6,0.75,0.666667,0.0,0,9.3,73.1,1.9,99.1,105.7,20941.8,85.8,9240.7,6744.1,"{'timestamp': '2026-09-06T10:50:09.528720+00:00', 'model_version': 'mistral-nemo:latest', 'prompt_hash': 'a6af280e'}",06_P3
29,real_mixed_89,mistral-nemo:latest_baseline,115.97178268432616,30.52,0,direct_json,0.666667,0.307692,0.421053,0.0,0,9.6,73.1,2.6,99.1,105.9,20941.7,85.8,9240.7,6744.1,"{'timestamp': '2026-09-06T10:50:13.098745+00:00', 'model_version': 'mistral-nemo:latest', 'prompt_hash': 'a6af280e'}",06_P3
29,real_mixed_90,mistral-nemo:latest_baseline,119.50630283355711,30.33,0,direct_json,0.222222,0.25,0.235294,0.0,0,9.7,73.1,2.1,98.9,105.7,20942.1,85.8,9240.7,6744.1,"{'timestamp': '2026-09-06T10:50:16.626049+00:00', 'model_version': 'mistral-nemo:latest', 'prompt_hash': 'a6af280e'}",06_P3
30,real_mixed_91,mistral-nemo:latest_baseline,116.98579025268556,30.09,0,fallback,0.692308,0.75,0.72,0.0,0,16.4,73.1,2.1,98.9,104.5,20941.8,85.8,9240.7,6744.1,"{'timestamp': '2026-09-06T10:50:25.631239+00:00', 'model_version': 'mistral-nemo:latest', 'prompt_hash': 'a6af280e'}",06_P3
30,real_mixed_92,mistral-nemo:latest_baseline,122.00290083885191,30.04,0,direct_json,0.727273,0.533333,0.615385,0.0,0,17.4,97.4,2.1,98.7,104.5,20941.8,85.8,9240.7,6744.1,"{'timestamp': '2026-09-06T10:50:30.649919+00:00', 'model_version': 'mistral-nemo:latest', 'prompt_hash': 'a6af280e'}",06_P3
30,real_mixed_93,mistral-nemo:latest_baseline,111.4689600467682,30.36,0,direct_json,0.285714,0.2,0.235294,0.0,0,17.4,100.0,2.2,99.0,104.5,20941.6,85.8,9240.7,6744.1,"{'timestamp': '2026-09-06T10:50:20.112328+00:00', 'model_version': 'mistral-nemo:latest', 'prompt_hash': 'a6af280e'}",06_P3
31,real_mixed_94,mistral-nemo:latest_baseline,118.57363104820251,30.59,0,direct_json,0.6,0.15,0.24,0.0,0,10.0,73.1,2.2,106.7,202.7,20939.5,85.8,9240.7,6744.1,"{'timestamp': '2026-09-06T10:50:40.051879+00:00', 'model_version': 'mistral-nemo:latest', 'prompt_hash': 'a6af280e'}",06_P3
31,real_mixed_95,mistral-nemo:latest_baseline,115.04329109191896,31.35,0,direct_json,0.0,0.0,0.0,0.0,0,9.7,73.1,2.3,104.0,202.6,20941.9,85.8,9240.7,6744.1,"{'timestamp': '2026-09-06T10:50:36.503593+00:00', 'model_version': 'mistral-nemo:latest', 'prompt_hash': 'a6af280e'}",06_P3
31,real_mixed_96,mistral-nemo:latest_baseline,112.51332402229308,30.65,0,fallback,0.555556,0.416667,0.47619,0.0,0,9.8,73.1,2.2,101.7,202.4,20942.4,85.8,9240.7,6744.1,"{'timestamp': '2026-09-06T10:50:33.989244+00:00', 'model_version': 'mistral-nemo:latest', 'prompt_hash': 'a6af280e'}",06_P3
32,real_mixed_97,mistral-nemo:latest_baseline,108.00952506065369,30.98,0,direct_json,0.8,0.444444,0.571429,0.0,0,10.3,100.0,2.3,112.3,206.4,20935.0,85.8,9240.7,6744.1,"{'timestamp': '2026-09-06T10:50:45.141004+00:00', 'model_version': 'mistral-nemo:latest', 'prompt_hash': 'a6af280e'}",06_P3
32,real_mixed_98,mistral-nemo:latest_baseline,114.58235597610474,30.16,0,direct_json,0.615385,0.285714,0.390244,0.0,0,11.8,100.0,2.1,117.5,206.4,20935.8,85.8,9240.7,6744.1,"{'timestamp': '2026-09-06T10:50:51.743455+00:00', 'model_version': 'mistral-nemo:latest', 'prompt_hash': 'a6af280e'}",06_P3
32,real_mixed_99,mistral-nemo:latest_baseline,104.95965886116028,31.0,0,direct_json,0.333333,1.0,0.5,0.0,0,11.3,100.0,2.2,109.4,206.3,20935.5,85.8,9240.7,6744.1,"{'timestamp': '2026-09-06T10:50:42.082165+00:00', 'model_version': 'mistral-nemo:latest', 'prompt_hash': 'a6af280e'}",06_P3
33,real_mixed_100,mistral-nemo:latest_baseline,114.61840009689332,21.95,0,direct_json,0.153846,0.285714,0.2,0.0,0,11.0,100.0,2.1,126.4,206.4,21248.8,85.9,9240.7,6744.1,"{'timestamp': '2026-09-06T10:51:01.885914+00:00', 'model_version': 'mistral-nemo:latest', 'prompt_hash': 'a6af280e'}",06_P3
33,real_mixed_101,mistral-nemo:latest_baseline,108.47771096229552,31.0,0,direct_json,0.333333,0.285714,0.307692,0.0,0,10.3,73.1,2.2,122.4,206.4,20931.6,85.8,9240.7,6744.1,"{'timestamp': '2026-09-06T10:50:55.747608+00:00', 'model_version': 'mistral-nemo:latest', 'prompt_hash': 'a6af280e'}",06_P3
33,real_mixed_102,mistral-nemo:latest_baseline,105.43529009819032,32.32,0,direct_json,0.0,0.0,0.0,0.0,0,10.8,100.0,2.2,119.9,206.4,20932.6,85.8,9240.7,6744.1,"{'timestamp': '2026-09-06T10:50:52.694040+00:00', 'model_version': 'mistral-nemo:latest', 'prompt_hash': 'a6af280e'}",06_P3
34,real_mixed_103,mistral-nemo:latest_baseline,101.475989818573,20.09,0,direct_json,0.0,0.0,0.0,0.0,0,12.5,94.4,2.4,131.7,206.4,21442.7,85.9,9240.7,6744.1,"{'timestamp': '2026-09-06T10:51:03.880275+00:00', 'model_version': 'mistral-nemo:latest', 'prompt_hash': 'a6af280e'}",06_P3
34,real_mixed_104,mistral-nemo:latest_baseline,108.0763008594513,20.54,0,direct_json,0.461538,0.6,0.521739,0.0,0,9.9,73.1,2.1,128.1,206.4,21834.2,86.0,9240.7,6744.1,"{'timestamp': '2026-09-06T10:51:10.491755+00:00', 'model_version': 'mistral-nemo:latest', 'prompt_hash': 'a6af280e'}",06_P3
34,real_mixed_105,mistral-nemo:latest_baseline,113.1502058506012,20.58,0,direct_json,0.625,0.5,0.555556,0.0,0,10.3,73.1,2.2,125.4,206.4,22087.5,86.2,9240.7,6744.1,"{'timestamp': '2026-09-06T10:51:15.567100+00:00', 'model_version': 'mistral-nemo:latest', 'prompt_hash': 'a6af280e'}",06_P3
35,real_mixed_106,mistral-nemo:latest_baseline,93.26015996932983,20.98,0,direct_json,0.5,0.5,0.5,0.0,0,14.3,100.0,2.3,132.2,206.4,22544.7,86.4,9240.7,6744.1,"{'timestamp': '2026-09-06T10:51:18.558316+00:00', 'model_version': 'mistral-nemo:latest', 'prompt_hash': 'a6af280e'}",06_P3
35,real_mixed_107,mistral-nemo:latest_baseline,108.47895002365112,18.37,0,direct_json,0.75,0.692308,0.72,0.0,0,11.3,73.1,2.0,123.2,206.4,23260.2,86.7,9240.7,6744.1,"{'timestamp': '2026-09-06T10:51:33.785906+00:00', 'model_version': 'mistral-nemo:latest', 'prompt_hash': 'a6af280e'}",06_P3
35,real_mixed_108,mistral-nemo:latest_baseline,98.39037919044496,19.02,0,fallback,0.285714,0.4,0.333333,0.0,0,11.4,100.0,2.2,129.0,206.4,22810.5,86.5,9240.7,6744.1,"{'timestamp': '2026-09-06T10:51:23.692257+00:00', 'model_version': 'mistral-nemo:latest', 'prompt_hash': 'a6af280e'}",06_P3
36,real_mixed_109,mistral-nemo:latest_baseline,116.19462609291077,20.87,0,direct_json,0.833333,0.625,0.714286,0.0,0,11.8,73.1,2.0,118.2,206.4,24220.3,87.2,9240.7,6744.1,"{'timestamp': '2026-09-06T10:51:53.083762+00:00', 'model_version': 'mistral-nemo:latest', 'prompt_hash': 'a6af280e'}",06_P3
36,real_mixed_110,mistral-nemo:latest_baseline,122.74217987060548,19.5,0,direct_json,0.5,0.222222,0.307692,0.0,0,13.8,100.0,1.9,115.1,206.4,24401.0,87.3,9240.7,6744.1,"{'timestamp': '2026-09-06T10:51:59.627598+00:00', 'model_version': 'mistral-nemo:latest', 'prompt_hash': 'a6af280e'}",06_P3
36,real_mixed_111,mistral-nemo:latest_baseline,106.03648686408997,21.53,0,direct_json,0.83871,0.866667,0.852459,0.0,0,17.3,100.0,1.9,122.7,206.4,23900.5,87.0,9240.7,6744.1,"{'timestamp': '2026-09-06T10:51:42.930799+00:00', 'model_version': 'mistral-nemo:latest', 'prompt_hash': 'a6af280e'}",06_P3
37,real_mixed_112,mistral-nemo:latest_baseline,116.12149405479433,20.37,0,direct_json,0.2,0.2,0.2,0.0,0,11.9,73.1,1.9,115.5,206.4,24796.2,87.5,9240.7,6744.1,"{'timestamp': '2026-09-06T10:52:03.138522+00:00', 'model_version': 'mistral-nemo:latest', 'prompt_hash': 'a6af280e'}",06_P3
37,real_mixed_113,mistral-nemo:latest_baseline,121.20360708236694,20.21,0,direct_json,0.714286,0.555556,0.625,0.0,0,13.1,100.0,1.8,114.4,206.4,24913.2,87.5,9240.7,6744.1,"{'timestamp': '2026-09-06T10:52:08.229153+00:00', 'model_version': 'mistral-nemo:latest', 'prompt_hash': 'a6af280e'}",06_P3
37,real_mixed_114,mistral-nemo:latest_baseline,126.2765040397644,23.07,0,direct_json,0.333333,0.571429,0.421053,0.0,0,12.2,73.1,1.8,112.3,206.4,25021.8,87.6,9240.7,6744.1,"{'timestamp': '2026-09-06T10:52:13.297418+00:00', 'model_version': 'mistral-nemo:latest', 'prompt_hash': 'a6af280e'}",06_P3
38,real_mixed_115,mistral-nemo:latest_baseline,119.14704513549805,20.53,0,direct_json,1.0,0.666667,0.8,0.0,0,12.7,100.0,1.7,113.0,206.4,25418.3,87.7,9240.7,6744.1,"{'timestamp': '2026-09-06T10:52:15.825223+00:00', 'model_version': 'mistral-nemo:latest', 'prompt_hash': 'a6af280e'}",06_P3
38,real_mixed_116,mistral-nemo:latest_baseline,122.59405994415285,20.01,0,direct_json,0.0,0.0,0.0,0.0,0,18.1,88.9,1.8,112.6,206.4,25475.3,87.8,9240.7,6744.1,"{'timestamp': '2026-09-06T10:52:19.275597+00:00', 'model_version': 'mistral-nemo:latest', 'prompt_hash': 'a6af280e'}",06_P3
38,real_mixed_117,mistral-nemo:latest_baseline,130.73718905448914,19.41,0,direct_json,0.142857,0.125,0.133333,0.0,0,16.5,92.3,1.7,110.8,206.4,25604.0,87.8,9240.7,6744.1,"{'timestamp': '2026-09-06T10:52:27.435129+00:00', 'model_version': 'mistral-nemo:latest', 'prompt_hash': 'a6af280e'}",06_P3
39,real_mixed_118,mistral-nemo:latest_baseline,123.1779408454895,19.27,0,direct_json,0.666667,0.8,0.727273,0.0,0,11.9,39.0,1.6,111.2,206.4,26245.0,88.1,9240.7,6744.1,"{'timestamp': '2026-09-06T10:52:34.134355+00:00', 'model_version': 'mistral-nemo:latest', 'prompt_hash': 'a6af280e'}",06_P3
39,real_mixed_119,mistral-nemo:latest_baseline,119.58823609352112,19.9,0,direct_json,0.333333,0.166667,0.222222,0.0,0,11.8,38.2,1.6,111.9,206.4,26205.5,88.1,9240.7,6744.1,"{'timestamp': '2026-09-06T10:52:30.555976+00:00', 'model_version': 'mistral-nemo:latest', 'prompt_hash': 'a6af280e'}",06_P3
39,real_mixed_120,mistral-nemo:latest_baseline,128.6793029308319,19.73,0,direct_json,0.444444,0.8,0.571429,0.0,0,12.4,38.2,1.6,110.3,206.4,26304.0,88.1,9240.7,6744.1,"{'timestamp': '2026-09-06T10:52:39.641087+00:00', 'model_version': 'mistral-nemo:latest', 'prompt_hash': 'a6af280e'}",06_P3
7,real_mixed_22,mistral-nemo:latest_kb_rag,16.772687911987305,19.44,0,direct_json,0.0,0.0,0.0,0.1666666666666666,1,11.0,67.0,24.7,578.7,1005.2,27484.4,88.9,9240.7,6744.1,"{'timestamp': '2026-09-06T10:52:58.627997+00:00', 'model_version': 'mistral-nemo:latest', 'prompt_hash': 'a6af280e'}",06_P3
7,real_mixed_23,mistral-nemo:latest_kb_rag,7.169370174407959,19.43,0,fallback,0.666667,0.266667,0.380952,0.0,0,25.1,100.0,69.6,775.0,1227.0,27436.6,88.9,9240.7,6744.1,"{'timestamp': '2026-09-06T10:52:48.824078+00:00', 'model_version': 'mistral-nemo:latest', 'prompt_hash': 'a6af280e'}",06_P3
7,real_mixed_24,mistral-nemo:latest_kb_rag,12.711818933486938,19.23,0,direct_json,0.8,0.571429,0.666667,0.0,0,13.7,67.0,60.3,626.6,1061.4,27489.6,88.9,9240.7,6744.1,"{'timestamp': '2026-09-06T10:52:54.444045+00:00', 'model_version': 'mistral-nemo:latest', 'prompt_hash': 'a6af280e'}",06_P3
3,real_mixed_10,mistral-nemo:latest_kb_rag,20.85411310195923,19.25,0,fallback,0.5,0.166667,0.25,0.0,0,12.5,67.0,48.0,555.8,1008.7,27464.6,89.0,9240.7,6744.1,"{'timestamp': '2026-09-06T10:53:02.686457+00:00', 'model_version': 'mistral-nemo:latest', 'prompt_hash': 'a6af280e'}",06_P3
3,real_mixed_11,mistral-nemo:latest_kb_rag,37.16598606109619,19.65,0,direct_json,0.705882,0.666667,0.685714,0.0,0,11.1,67.0,19.2,367.0,984.8,27599.7,88.9,9240.7,6744.1,"{'timestamp': '2026-09-06T10:53:19.129937+00:00', 'model_version': 'mistral-nemo:latest', 'prompt_hash': 'a6af280e'}",06_P3
3,real_mixed_12,mistral-nemo:latest_kb_rag,24.96283483505249,26.63,0,fallback,0.5,0.428571,0.461538,0.0,0,11.1,67.0,23.0,497.4,1000.0,27498.3,88.9,9240.7,6744.1,"{'timestamp': '2026-09-06T10:53:07.087652+00:00', 'model_version': 'mistral-nemo:latest', 'prompt_hash': 'a6af280e'}",06_P3
4,real_mixed_13,mistral-nemo:latest_kb_rag,60.82205867767334,20.18,0,fallback,0.5,0.352941,0.413793,0.0,0,11.2,67.0,10.1,295.3,1006.7,27656.3,88.6,9240.7,6744.1,"{'timestamp': '2026-09-06T10:53:43.130911+00:00', 'model_version': 'mistral-nemo:latest', 'prompt_hash': 'a6af280e'}",06_P3
4,real_mixed_14,mistral-nemo:latest_kb_rag,119.49603796005248,27.73,0,fallback,0.692308,0.75,0.72,0.0,0,10.1,67.0,7.8,185.3,917.8,27382.3,86.9,9240.7,6744.1,"{'timestamp': '2026-09-06T10:54:41.958168+00:00', 'model_version': 'mistral-nemo:latest', 'prompt_hash': 'a6af280e'}",06_P3
4,real_mixed_15,mistral-nemo:latest_kb_rag,44.6623899936676,19.9,0,fallback,0.266667,0.444444,0.333333,0.0,0,11.8,67.0,21.8,363.7,1000.3,27583.5,88.9,9240.7,6744.1,"{'timestamp': '2026-09-06T10:53:26.900754+00:00', 'model_version': 'mistral-nemo:latest', 'prompt_hash': 'a6af280e'}",06_P3
8,real_mixed_25,mistral-nemo:latest_kb_rag,72.45133471488953,21.07,0,direct_json,0.5,0.416667,0.454545,0.0,0,10.7,67.0,8.0,258.9,1008.8,27749.8,88.4,9240.7,6744.1,"{'timestamp': '2026-09-06T10:53:54.826569+00:00', 'model_version': 'mistral-nemo:latest', 'prompt_hash': 'a6af280e'}",06_P3
8,real_mixed_26,mistral-nemo:latest_kb_rag,123.12193894386292,30.13,0,fallback,0.666667,0.055556,0.102564,0.0,0,11.4,67.0,20.2,194.1,851.1,27171.6,86.8,9240.7,6744.1,"{'timestamp': '2026-09-06T10:54:45.788116+00:00', 'model_version': 'mistral-nemo:latest', 'prompt_hash': 'a6af280e'}",06_P3
8,real_mixed_27,mistral-nemo:latest_kb_rag,101.26926302909852,20.96,0,direct_json,0.777778,0.538462,0.636364,0.0,0,11.3,67.0,11.1,202.5,851.9,27736.6,88.1,9240.7,6744.1,"{'timestamp': '2026-09-06T10:54:23.911475+00:00', 'model_version': 'mistral-nemo:latest', 'prompt_hash': 'a6af280e'}",06_P3
0,real_mixed_1,mistral-nemo:latest_kb_rag,52.31142497062683,19.69,0,direct_json,0.769231,0.769231,0.769231,0.0769230769230769,1,11.6,67.0,18.3,331.7,1000.3,27606.1,88.9,9240.7,6744.1,"{'timestamp': '2026-09-06T10:53:34.557185+00:00', 'model_version': 'mistral-nemo:latest', 'prompt_hash': 'a6af280e'}",06_P3
0,real_mixed_2,mistral-nemo:latest_kb_rag,77.98609185218811,29.96,0,direct_json,0.5,0.416667,0.454545,0.0,0,10.6,67.0,6.5,244.7,917.2,27745.3,88.2,9240.7,6744.1,"{'timestamp': '2026-09-06T10:54:00.428514+00:00', 'model_version': 'mistral-nemo:latest', 'prompt_hash': 'a6af280e'}",06_P3
0,real_mixed_3,mistral-nemo:latest_kb_rag,136.26349902153015,30.15,0,fallback,0.428571,0.25,0.315789,0.0,0,16.7,100.0,7.4,204.9,920.3,26573.3,86.7,9240.7,6744.1,"{'timestamp': '2026-09-06T10:54:58.810109+00:00', 'model_version': 'mistral-nemo:latest', 'prompt_hash': 'a6af280e'}",06_P3
2,real_mixed_7,mistral-nemo:latest_kb_rag,110.44626140594482,29.92,0,fallback,0.666667,0.428571,0.521739,0.0,0,17.7,100.0,5.1,193.1,920.1,27608.8,87.5,9240.7,6744.1,"{'timestamp': '2026-09-06T10:54:33.000690+00:00', 'model_version': 'mistral-nemo:latest', 'prompt_hash': 'a6af280e'}",06_P3
2,real_mixed_8,mistral-nemo:latest_kb_rag,148.51317405700684,30.2,0,fallback,0.5,0.333333,0.4,0.0,0,13.4,100.0,6.4,212.5,852.4,26116.1,86.7,9240.7,6744.1,"{'timestamp': '2026-09-06T10:55:11.166049+00:00', 'model_version': 'mistral-nemo:latest', 'prompt_hash': 'a6af280e'}",06_P3
2,real_mixed_9,mistral-nemo:latest_kb_rag,139.2859981060028,30.03,0,fallback,0.625,0.5,0.555556,0.0,0,10.2,46.7,6.2,211.5,849.0,26449.0,86.7,9240.7,6744.1,"{'timestamp': '2026-09-06T10:55:01.955745+00:00', 'model_version': 'mistral-nemo:latest', 'prompt_hash': 'a6af280e'}",06_P3
5,real_mixed_16,mistral-nemo:latest_kb_rag,151.49710369110107,30.78,0,fallback,1.0,0.222222,0.363636,0.0,0,13.2,67.0,10.4,218.5,850.9,26014.2,86.6,9240.7,6744.1,"{'timestamp': '2026-09-06T10:55:14.122684+00:00', 'model_version': 'mistral-nemo:latest', 'prompt_hash': 'a6af280e'}",06_P3
5,real_mixed_17,mistral-nemo:latest_kb_rag,126.69688296318054,30.26,0,direct_json,0.25,1.0,0.4,0.0,0,13.4,67.0,6.0,203.4,849.2,26995.8,86.8,9240.7,6744.1,"{'timestamp': '2026-09-06T10:54:49.268097+00:00', 'model_version': 'mistral-nemo:latest', 'prompt_hash': 'a6af280e'}",06_P3
5,real_mixed_18,mistral-nemo:latest_kb_rag,131.1771821975708,29.99,0,fallback,0.8,0.333333,0.470588,0.0,0,11.2,100.0,7.0,205.1,852.9,26786.9,86.8,9240.7,6744.1,"{'timestamp': '2026-09-06T10:54:53.831947+00:00', 'model_version': 'mistral-nemo:latest', 'prompt_hash': 'a6af280e'}",06_P3
6,real_mixed_19,mistral-nemo:latest_kb_rag,66.43842005729675,20.63,0,direct_json,0.736842,0.7,0.717949,0.0,0,11.1,67.0,9.1,276.1,1005.3,27705.8,88.5,9240.7,6744.1,"{'timestamp': '2026-09-06T10:53:48.838976+00:00', 'model_version': 'mistral-nemo:latest', 'prompt_hash': 'a6af280e'}",06_P3
6,real_mixed_20,mistral-nemo:latest_kb_rag,86.7277319431305,11.79,0,fallback,0.857143,0.375,0.521739,0.0,0,13.0,67.0,6.0,225.7,849.2,27711.1,88.0,9240.7,6744.1,"{'timestamp': '2026-09-06T10:54:09.324461+00:00', 'model_version': 'mistral-nemo:latest', 'prompt_hash': 'a6af280e'}",06_P3
6,real_mixed_21,mistral-nemo:latest_kb_rag,156.61669874191284,30.15,0,direct_json,0.833333,0.357143,0.5,0.0,0,14.5,100.0,15.5,231.0,852.0,25848.5,86.6,9240.7,6744.1,"{'timestamp': '2026-09-06T10:55:19.265697+00:00', 'model_version': 'mistral-nemo:latest', 'prompt_hash': 'a6af280e'}",06_P3
1,real_mixed_4,mistral-nemo:latest_kb_rag,105.37086391448976,30.19,0,fallback,0.5,0.214286,0.3,0.1666666666666666,1,10.3,67.0,4.9,199.3,919.3,27721.9,87.9,9240.7,6744.1,"{'timestamp': '2026-09-06T10:54:27.870860+00:00', 'model_version': 'mistral-nemo:latest', 'prompt_hash': 'a6af280e'}",06_P3
1,real_mixed_5,mistral-nemo:latest_kb_rag,144.44907593727112,29.83,0,fallback,0.625,0.5,0.555556,0.0,0,11.0,67.0,11.6,213.2,851.6,26259.6,86.7,9240.7,6744.1,"{'timestamp': '2026-09-06T10:55:07.085249+00:00', 'model_version': 'mistral-nemo:latest', 'prompt_hash': 'a6af280e'}",06_P3
1,real_mixed_6,mistral-nemo:latest_kb_rag,160.1287591457367,30.35,0,direct_json,0.625,0.277778,0.384615,0.0,0,10.2,46.7,7.9,238.3,848.8,25739.5,86.6,9240.7,6744.1,"{'timestamp': '2026-09-06T10:55:22.810012+00:00', 'model_version': 'mistral-nemo:latest', 'prompt_hash': 'a6af280e'}",06_P3
9,real_mixed_28,mistral-nemo:latest_kb_rag,151.0847339630127,29.99,0,fallback,0.727273,0.533333,0.615385,0.0,0,10.2,46.7,8.1,223.2,666.1,25330.9,86.3,9240.7,6744.1,"{'timestamp': '2026-09-06T10:55:30.139520+00:00', 'model_version': 'mistral-nemo:latest', 'prompt_hash': 'a6af280e'}",06_P3
9,real_mixed_29,mistral-nemo:latest_kb_rag,157.1423852443695,29.57,0,fallback,0.304348,0.583333,0.4,0.0,0,10.2,46.7,7.9,228.9,666.1,25166.0,86.3,9240.7,6744.1,"{'timestamp': '2026-09-06T10:55:36.205102+00:00', 'model_version': 'mistral-nemo:latest', 'prompt_hash': 'a6af280e'}",06_P3
9,real_mixed_30,mistral-nemo:latest_kb_rag,146.56035923957825,30.46,0,fallback,0.333333,0.125,0.181818,0.0,0,12.6,49.4,8.4,211.9,666.1,25465.8,86.3,9240.7,6744.1,"{'timestamp': '2026-09-06T10:55:25.599150+00:00', 'model_version': 'mistral-nemo:latest', 'prompt_hash': 'a6af280e'}",06_P3
10,real_mixed_31,mistral-nemo:latest_kb_rag,139.32904076576233,31.03,0,fallback,0.25,0.5,0.333333,0.0,0,15.0,100.0,9.2,242.6,666.1,24696.3,85.9,9240.7,6744.1,"{'timestamp': '2026-09-06T10:55:38.882772+00:00', 'model_version': 'mistral-nemo:latest', 'prompt_hash': 'a6af280e'}",06_P3
10,real_mixed_32,mistral-nemo:latest_kb_rag,146.49712896347046,29.71,0,fallback,0.222222,0.285714,0.25,0.0,0,14.5,100.0,8.4,250.4,666.1,24516.0,85.9,9240.7,6744.1,"{'timestamp': '2026-09-06T10:55:46.066134+00:00', 'model_version': 'mistral-nemo:latest', 'prompt_hash': 'a6af280e'}",06_P3
10,real_mixed_33,mistral-nemo:latest_kb_rag,142.97118592262268,29.94,0,fallback,0.833333,0.384615,0.526316,0.0,0,15.3,100.0,9.1,249.1,666.1,24602.8,85.9,9240.7,6744.1,"{'timestamp': '2026-09-06T10:55:42.538096+00:00', 'model_version': 'mistral-nemo:latest', 'prompt_hash': 'a6af280e'}",06_P3
11,real_mixed_34,mistral-nemo:latest_kb_rag,66.98004388809204,30.78,0,fallback,0.666667,0.2,0.307692,0.0,0,10.8,46.7,16.6,435.2,666.1,20984.1,85.7,9240.7,6744.1,"{'timestamp': '2026-09-06T10:55:49.340893+00:00', 'model_version': 'mistral-nemo:latest', 'prompt_hash': 'a6af280e'}",06_P3
11,real_mixed_35,mistral-nemo:latest_kb_rag,74.56543183326721,29.86,0,fallback,0.428571,0.428571,0.428571,0.0,0,10.8,46.7,15.6,420.4,666.1,20985.9,85.8,9240.7,6744.1,"{'timestamp': '2026-09-06T10:55:56.917200+00:00', 'model_version': 'mistral-nemo:latest', 'prompt_hash': 'a6af280e'}",06_P3
11,real_mixed_36,mistral-nemo:latest_kb_rag,70.4811179637909,29.86,0,direct_json,0.833333,0.238095,0.37037,0.0,0,10.8,46.7,17.3,427.1,666.1,20983.4,85.7,9240.7,6744.1,"{'timestamp': '2026-09-06T10:55:52.846649+00:00', 'model_version': 'mistral-nemo:latest', 'prompt_hash': 'a6af280e'}",06_P3
12,real_mixed_37,mistral-nemo:latest_kb_rag,81.16463780403137,29.77,0,fallback,0.714286,0.416667,0.526316,0.0,0,14.7,100.0,14.7,410.6,666.1,20982.7,85.8,9240.7,6744.1,"{'timestamp': '2026-09-06T10:56:07.310467+00:00', 'model_version': 'mistral-nemo:latest', 'prompt_hash': 'a6af280e'}",06_P3
12,real_mixed_38,mistral-nemo:latest_kb_rag,76.0495879650116,29.54,0,fallback,0.7,0.538462,0.608696,0.0,0,15.3,80.0,15.2,420.6,666.1,20980.7,85.8,9240.7,6744.1,"{'timestamp': '2026-09-06T10:56:02.194512+00:00', 'model_version': 'mistral-nemo:latest', 'prompt_hash': 'a6af280e'}",06_P3
12,real_mixed_39,mistral-nemo:latest_kb_rag,84.69364881515503,30.31,0,fallback,0.75,0.428571,0.545455,0.0,0,13.5,55.6,13.2,404.5,666.1,20984.1,85.8,9240.7,6744.1,"{'timestamp': '2026-09-06T10:56:10.828875+00:00', 'model_version': 'mistral-nemo:latest', 'prompt_hash': 'a6af280e'}",06_P3
13,real_mixed_40,mistral-nemo:latest_kb_rag,81.5671763420105,30.09,0,direct_json,0.857143,0.5,0.631579,0.0,0,16.4,51.5,22.0,419.2,666.1,20989.0,85.7,9240.7,6744.1,"{'timestamp': '2026-09-06T10:56:20.785340+00:00', 'model_version': 'mistral-nemo:latest', 'prompt_hash': 'a6af280e'}",06_P3
13,real_mixed_41,mistral-nemo:latest_kb_rag,87.25798010826111,29.88,0,direct_json,0.818182,0.5,0.62069,0.0,0,15.3,51.2,13.0,411.3,666.1,20989.1,85.7,9240.7,6744.1,"{'timestamp': '2026-09-06T10:56:26.489064+00:00', 'model_version': 'mistral-nemo:latest', 'prompt_hash': 'a6af280e'}",06_P3
13,real_mixed_42,mistral-nemo:latest_kb_rag,78.04606080055237,29.89,0,fallback,0.466667,0.291667,0.358974,0.2666666666666666,4,17.0,51.3,26.5,425.0,666.1,20983.8,85.8,9240.7,6744.1,"{'timestamp': '2026-09-06T10:56:17.279667+00:00', 'model_version': 'mistral-nemo:latest', 'prompt_hash': 'a6af280e'}",06_P3
14,real_mixed_43,mistral-nemo:latest_kb_rag,91.2585117816925,27.98,0,direct_json,0.769231,0.47619,0.588235,0.0,0,10.9,85.7,14.1,417.0,666.1,20991.1,85.7,9240.7,6744.1,"{'timestamp': '2026-09-06T10:56:42.785837+00:00', 'model_version': 'mistral-nemo:latest', 'prompt_hash': 'a6af280e'}",06_P3
14,real_mixed_44,mistral-nemo:latest_kb_rag,98.32097101211548,29.66,0,direct_json,0.666667,0.714286,0.689655,0.0,0,10.1,40.5,11.6,398.1,666.1,20991.0,85.7,9240.7,6744.1,"{'timestamp': '2026-09-06T10:56:49.848996+00:00', 'model_version': 'mistral-nemo:latest', 'prompt_hash': 'a6af280e'}",06_P3
14,real_mixed_45,mistral-nemo:latest_kb_rag,79.01365780830383,29.86,0,fallback,0.636364,0.583333,0.608696,0.0,0,11.0,91.7,14.3,430.6,666.1,20986.6,85.7,9240.7,6744.1,"{'timestamp': '2026-09-06T10:56:30.542548+00:00', 'model_version': 'mistral-nemo:latest', 'prompt_hash': 'a6af280e'}",06_P3
15,real_mixed_46,mistral-nemo:latest_kb_rag,98.33521223068236,30.71,0,direct_json,1.0,0.142857,0.25,0.0,0,16.7,50.4,12.3,396.1,666.1,20990.5,85.7,9240.7,6744.1,"{'timestamp': '2026-09-06T10:56:52.772470+00:00', 'model_version': 'mistral-nemo:latest', 'prompt_hash': 'a6af280e'}",06_P3
15,real_mixed_47,mistral-nemo:latest_kb_rag,105.45736694335938,29.78,0,direct_json,0.681818,0.576923,0.625,0.0,0,17.9,50.4,11.7,393.9,666.1,20987.9,85.7,9240.7,6744.1,"{'timestamp': '2026-09-06T10:56:59.910414+00:00', 'model_version': 'mistral-nemo:latest', 'prompt_hash': 'a6af280e'}",06_P3
15,real_mixed_48,mistral-nemo:latest_kb_rag,109.55248379707336,30.07,0,direct_json,0.25,0.333333,0.285714,0.0,0,10.9,80.0,10.6,387.7,666.1,20994.7,85.7,9240.7,6744.1,"{'timestamp': '2026-09-06T10:57:03.990479+00:00', 'model_version': 'mistral-nemo:latest', 'prompt_hash': 'a6af280e'}",06_P3
16,real_mixed_49,mistral-nemo:latest_kb_rag,116.4750120639801,30.07,0,fallback,0.333333,0.142857,0.2,0.0,0,14.6,71.4,10.9,372.8,666.1,20996.4,85.7,9240.7,6744.1,"{'timestamp': '2026-09-06T10:57:16.076038+00:00', 'model_version': 'mistral-nemo:latest', 'prompt_hash': 'a6af280e'}",06_P3
16,real_mixed_50,mistral-nemo:latest_kb_rag,112.00282311439514,29.87,0,fallback,0.555556,0.454545,0.5,0.0,0,10.3,40.5,11.3,378.9,666.1,21002.1,85.7,9240.7,6744.1,"{'timestamp': '2026-09-06T10:57:11.598660+00:00', 'model_version': 'mistral-nemo:latest', 'prompt_hash': 'a6af280e'}",06_P3
16,real_mixed_51,mistral-nemo:latest_kb_rag,107.88712286949158,30.07,0,direct_json,0.428571,0.333333,0.375,0.0,0,12.0,40.5,11.1,380.6,666.1,21003.3,85.7,9240.7,6744.1,"{'timestamp': '2026-09-06T10:57:07.487213+00:00', 'model_version': 'mistral-nemo:latest', 'prompt_hash': 'a6af280e'}",06_P3
17,real_mixed_52,mistral-nemo:latest_kb_rag,122.09862494468688,30.6,0,fallback,0.75,0.214286,0.333333,0.0,0,10.1,40.5,10.1,366.3,666.1,20991.6,85.7,9240.7,6744.1,"{'timestamp': '2026-09-06T10:57:25.281913+00:00', 'model_version': 'mistral-nemo:latest', 'prompt_hash': 'a6af280e'}",06_P3
17,real_mixed_53,mistral-nemo:latest_kb_rag,116.51948881149292,29.81,0,direct_json,0.444444,0.666667,0.533333,0.0,0,10.8,50.0,11.4,370.1,666.1,20994.8,85.7,9240.7,6744.1,"{'timestamp': '2026-09-06T10:57:19.697591+00:00', 'model_version': 'mistral-nemo:latest', 'prompt_hash': 'a6af280e'}",06_P3
17,real_mixed_54,mistral-nemo:latest_kb_rag,119.02143478393556,30.45,0,direct_json,0.5,0.75,0.6,0.0,0,10.4,40.5,10.6,368.5,666.1,20992.0,85.7,9240.7,6744.1,"{'timestamp': '2026-09-06T10:57:22.196574+00:00', 'model_version': 'mistral-nemo:latest', 'prompt_hash': 'a6af280e'}",06_P3
18,real_mixed_55,mistral-nemo:latest_kb_rag,118.12127113342284,29.4,0,fallback,0.2,0.222222,0.210526,0.0,0,10.5,40.5,10.4,345.1,614.8,20975.1,85.7,9240.7,6744.1,"{'timestamp': '2026-09-06T10:57:34.739238+00:00', 'model_version': 'mistral-nemo:latest', 'prompt_hash': 'a6af280e'}",06_P3
18,real_mixed_56,mistral-nemo:latest_kb_rag,123.21356010437012,30.12,0,fallback,0.333333,0.214286,0.26087,0.0,0,11.8,51.6,10.3,343.5,614.7,20977.6,85.6,9240.7,6744.1,"{'timestamp': '2026-09-06T10:57:39.833531+00:00', 'model_version': 'mistral-nemo:latest', 'prompt_hash': 'a6af280e'}",06_P3
18,real_mixed_57,mistral-nemo:latest_kb_rag,113.52213501930235,30.32,0,direct_json,0.923077,0.666667,0.774194,0.0,0,10.3,40.5,10.6,347.0,614.8,20977.8,85.7,9240.7,6744.1,"{'timestamp': '2026-09-06T10:57:30.154007+00:00', 'model_version': 'mistral-nemo:latest', 'prompt_hash': 'a6af280e'}",06_P3
19,real_mixed_58,mistral-nemo:latest_kb_rag,117.65416407585144,30.24,0,fallback,0.636364,0.636364,0.636364,0.0,0,10.9,40.6,10.6,339.4,600.5,20979.8,85.6,9240.7,6744.1,"{'timestamp': '2026-09-06T10:57:44.086378+00:00', 'model_version': 'mistral-nemo:latest', 'prompt_hash': 'a6af280e'}",06_P3
19,real_mixed_59,mistral-nemo:latest_kb_rag,132.71569514274597,29.18,0,direct_json,0.705882,0.631579,0.666667,0.0,0,12.5,57.8,9.5,327.7,600.5,20991.0,85.6,9240.7,6744.1,"{'timestamp': '2026-09-06T10:57:59.151570+00:00', 'model_version': 'mistral-nemo:latest', 'prompt_hash': 'a6af280e'}",06_P3
19,real_mixed_60,mistral-nemo:latest_kb_rag,121.70099925994872,29.77,0,direct_json,0.833333,0.384615,0.526316,0.0,0,10.6,40.6,10.4,339.2,600.5,20979.5,85.6,9240.7,6744.1,"{'timestamp': '2026-09-06T10:57:48.134655+00:00', 'model_version': 'mistral-nemo:latest', 'prompt_hash': 'a6af280e'}",06_P3
20,real_mixed_61,mistral-nemo:latest_kb_rag,141.3921570777893,28.29,0,direct_json,0.592593,0.571429,0.581818,0.037037037037037,1,9.5,40.5,9.4,324.9,600.5,21002.0,85.5,9240.7,6744.1,"{'timestamp': '2026-09-06T10:58:18.715850+00:00', 'model_version': 'mistral-nemo:latest', 'prompt_hash': 'a6af280e'}",06_P3
20,real_mixed_62,mistral-nemo:latest_kb_rag,126.2492139339447,30.1,0,fallback,0.666667,0.363636,0.470588,0.0,0,9.8,40.5,10.0,329.6,600.4,20991.1,85.6,9240.7,6744.1,"{'timestamp': '2026-09-06T10:58:03.549546+00:00', 'model_version': 'mistral-nemo:latest', 'prompt_hash': 'a6af280e'}",06_P3
20,real_mixed_63,mistral-nemo:latest_kb_rag,144.93645215034485,30.47,0,fallback,0.2,0.125,0.153846,0.0,0,10.1,40.5,8.8,322.5,600.4,21002.7,85.5,9240.7,6744.1,"{'timestamp': '2026-09-06T10:58:22.235440+00:00', 'model_version': 'mistral-nemo:latest', 'prompt_hash': 'a6af280e'}",06_P3
21,real_mixed_64,mistral-nemo:latest_kb_rag,134.2461278438568,29.54,0,direct_json,0.0,0.0,0.0,0.0,0,14.0,90.5,10.0,325.6,659.4,21002.1,85.5,9240.7,6744.1,"{'timestamp': '2026-09-06T10:58:25.488239+00:00', 'model_version': 'mistral-nemo:latest', 'prompt_hash': 'a6af280e'}",06_P3
21,real_mixed_65,mistral-nemo:latest_kb_rag,141.5431489944458,30.12,0,fallback,0.5,0.25,0.333333,0.25,1,9.7,40.4,9.6,325.0,659.4,21004.2,85.5,9240.7,6744.1,"{'timestamp': '2026-09-06T10:58:32.797856+00:00', 'model_version': 'mistral-nemo:latest', 'prompt_hash': 'a6af280e'}",06_P3
21,real_mixed_66,mistral-nemo:latest_kb_rag,137.82069993019104,30.01,0,direct_json,0.428571,0.15,0.222222,0.0,0,10.3,50.0,9.3,327.9,659.4,21003.1,85.5,9240.7,6744.1,"{'timestamp': '2026-09-06T10:58:29.093832+00:00', 'model_version': 'mistral-nemo:latest', 'prompt_hash': 'a6af280e'}",06_P3
22,real_mixed_67,mistral-nemo:latest_kb_rag,136.8494520187378,29.34,0,fallback,0.454545,0.294118,0.357143,0.0,0,12.2,100.0,9.9,323.2,659.4,20995.9,85.5,9240.7,6744.1,"{'timestamp': '2026-09-06T10:58:43.695325+00:00', 'model_version': 'mistral-nemo:latest', 'prompt_hash': 'a6af280e'}",06_P3
22,real_mixed_68,mistral-nemo:latest_kb_rag,131.36043906211853,29.87,0,direct_json,0.692308,0.692308,0.692308,0.0,0,10.9,100.0,10.1,325.7,659.4,20997.5,85.5,9240.7,6744.1,"{'timestamp': '2026-09-06T10:58:38.199187+00:00', 'model_version': 'mistral-nemo:latest', 'prompt_hash': 'a6af280e'}",06_P3
22,real_mixed_69,mistral-nemo:latest_kb_rag,141.27397990226746,29.66,0,direct_json,0.818182,0.375,0.514286,0.0,0,14.5,60.0,9.1,321.8,659.4,20999.0,85.5,9240.7,6744.1,"{'timestamp': '2026-09-06T10:58:48.140938+00:00', 'model_version': 'mistral-nemo:latest', 'prompt_hash': 'a6af280e'}",06_P3
23,real_mixed_70,mistral-nemo:latest_kb_rag,131.7441029548645,29.67,0,fallback,0.588235,0.47619,0.526316,0.0,0,9.6,40.4,10.0,329.2,659.4,21004.0,85.5,9240.7,6744.1,"{'timestamp': '2026-09-06T10:59:02.098820+00:00', 'model_version': 'mistral-nemo:latest', 'prompt_hash': 'a6af280e'}",06_P3
23,real_mixed_71,mistral-nemo:latest_kb_rag,125.66081881523132,30.6,0,fallback,1.0,0.166667,0.285714,0.0,0,9.6,40.4,10.1,330.9,659.4,20997.4,85.5,9240.7,6744.1,"{'timestamp': '2026-09-06T10:58:56.009638+00:00', 'model_version': 'mistral-nemo:latest', 'prompt_hash': 'a6af280e'}",06_P3
23,real_mixed_72,mistral-nemo:latest_kb_rag,122.62357497215272,29.47,0,fallback,0.8,0.571429,0.666667,0.0,0,9.6,40.4,10.5,331.6,659.4,20994.8,85.5,9240.7,6744.1,"{'timestamp': '2026-09-06T10:58:52.977489+00:00', 'model_version': 'mistral-nemo:latest', 'prompt_hash': 'a6af280e'}",06_P3
24,real_mixed_73,mistral-nemo:latest_kb_rag,129.26718616485596,30.06,0,fallback,0.7,0.466667,0.56,0.0,0,11.3,93.7,10.0,329.4,659.4,21010.9,85.5,9240.7,6744.1,"{'timestamp': '2026-09-06T10:59:13.676158+00:00', 'model_version': 'mistral-nemo:latest', 'prompt_hash': 'a6af280e'}",06_P3
24,real_mixed_74,mistral-nemo:latest_kb_rag,122.0913951396942,29.58,0,fallback,0.875,0.7,0.777778,0.0,0,15.6,100.0,10.5,332.5,659.4,21002.8,85.5,9240.7,6744.1,"{'timestamp': '2026-09-06T10:59:06.493227+00:00', 'model_version': 'mistral-nemo:latest', 'prompt_hash': 'a6af280e'}",06_P3
24,real_mixed_75,mistral-nemo:latest_kb_rag,124.69717288017272,30.72,0,fallback,0.333333,0.333333,0.333333,0.0,0,11.4,66.7,10.3,332.3,659.4,21003.6,85.5,9240.7,6744.1,"{'timestamp': '2026-09-06T10:59:09.080973+00:00', 'model_version': 'mistral-nemo:latest', 'prompt_hash': 'a6af280e'}",06_P3
25,real_mixed_76,mistral-nemo:latest_kb_rag,118.63842701911926,31.69,0,direct_json,0.0,0.0,0.0,0.0,0,12.3,60.0,11.3,331.4,659.4,21017.7,85.4,9240.7,6744.1,"{'timestamp': '2026-09-06T10:59:15.115553+00:00', 'model_version': 'mistral-nemo:latest', 'prompt_hash': 'a6af280e'}",06_P3
25,real_mixed_77,mistral-nemo:latest_kb_rag,126.76253890991212,29.69,0,direct_json,0.578947,0.55,0.564103,0.0,0,12.2,66.7,10.7,340.6,659.4,21022.2,85.4,9240.7,6744.1,"{'timestamp': '2026-09-06T10:59:23.278994+00:00', 'model_version': 'mistral-nemo:latest', 'prompt_hash': 'a6af280e'}",06_P3
25,real_mixed_78,mistral-nemo:latest_kb_rag,134.30445504188538,29.12,0,direct_json,0.444444,1.0,0.615385,0.2222222222222222,2,13.2,100.0,9.7,338.1,659.4,21031.1,85.4,9240.7,6744.1,"{'timestamp': '2026-09-06T10:59:30.798059+00:00', 'model_version': 'mistral-nemo:latest', 'prompt_hash': 'a6af280e'}",06_P3
26,real_mixed_79,mistral-nemo:latest_kb_rag,147.54685640335083,28.4,0,direct_json,0.75,0.6,0.666667,0.0,0,9.7,40.4,9.4,322.8,659.4,21025.9,85.4,9240.7,6744.1,"{'timestamp': '2026-09-06T10:59:53.233913+00:00', 'model_version': 'mistral-nemo:latest', 'prompt_hash': 'a6af280e'}",06_P3
26,real_mixed_80,mistral-nemo:latest_kb_rag,137.00695204734802,29.13,0,direct_json,0.611111,0.458333,0.52381,0.0,0,9.4,40.4,9.4,334.3,659.4,21036.6,85.4,9240.7,6744.1,"{'timestamp': '2026-09-06T10:59:42.720502+00:00', 'model_version': 'mistral-nemo:latest', 'prompt_hash': 'a6af280e'}",06_P3
26,real_mixed_81,mistral-nemo:latest_kb_rag,128.77086186408997,29.66,0,fallback,0.714286,0.454545,0.555556,0.0,0,9.5,40.4,10.6,337.4,659.4,21040.3,85.4,9240.7,6744.1,"{'timestamp': '2026-09-06T10:59:34.470324+00:00', 'model_version': 'mistral-nemo:latest', 'prompt_hash': 'a6af280e'}",06_P3
27,real_mixed_82,mistral-nemo:latest_kb_rag,145.10531091690063,29.78,0,direct_json,0.2,0.222222,0.210526,0.0,0,10.6,100.0,8.8,325.3,659.4,21030.2,85.4,9240.7,6744.1,"{'timestamp': '2026-09-06T11:00:05.412896+00:00', 'model_version': 'mistral-nemo:latest', 'prompt_hash': 'a6af280e'}",06_P3
27,real_mixed_83,mistral-nemo:latest_kb_rag,136.89327597618103,30.02,0,direct_json,0.8,0.8,0.8,0.0,0,12.7,100.0,9.9,329.9,659.4,21032.9,85.4,9240.7,6744.1,"{'timestamp': '2026-09-06T10:59:57.194961+00:00', 'model_version': 'mistral-nemo:latest', 'prompt_hash': 'a6af280e'}",06_P3
27,real_mixed_84,mistral-nemo:latest_kb_rag,140.39475178718567,30.16,0,fallback,0.833333,0.555556,0.666667,0.0,0,15.3,100.0,9.6,329.7,659.4,21030.6,85.4,9240.7,6744.1,"{'timestamp': '2026-09-06T11:00:00.699242+00:00', 'model_version': 'mistral-nemo:latest', 'prompt_hash': 'a6af280e'}",06_P3
28,real_mixed_85,mistral-nemo:latest_kb_rag,129.7435920238495,27.18,0,direct_json,0.714286,0.625,0.666667,0.0,0,11.9,71.7,9.5,333.7,659.4,21020.5,85.4,9240.7,6744.1,"{'timestamp': '2026-09-06T11:00:09.374348+00:00', 'model_version': 'mistral-nemo:latest', 'prompt_hash': 'a6af280e'}",06_P3
28,real_mixed_86,mistral-nemo:latest_kb_rag,133.7784457206726,29.91,0,fallback,0.833333,0.384615,0.526316,0.0,0,10.7,71.7,10.1,329.3,659.4,21019.1,85.4,9240.7,6744.1,"{'timestamp': '2026-09-06T11:00:13.419676+00:00', 'model_version': 'mistral-nemo:latest', 'prompt_hash': 'a6af280e'}",06_P3
28,real_mixed_87,mistral-nemo:latest_kb_rag,137.41981983184814,30.63,0,fallback,0.75,0.428571,0.545455,0.0,0,10.1,71.7,9.1,325.5,659.4,21016.3,85.4,9240.7,6744.1,"{'timestamp': '2026-09-06T11:00:17.065803+00:00', 'model_version': 'mistral-nemo:latest', 'prompt_hash': 'a6af280e'}",06_P3
29,real_mixed_88,mistral-nemo:latest_kb_rag,116.23299789428712,30.41,0,direct_json,0.25,0.25,0.25,0.0,0,14.7,71.7,10.6,336.8,659.4,21003.5,85.4,9240.7,6744.1,"{'timestamp': '2026-09-06T11:00:18.875237+00:00', 'model_version': 'mistral-nemo:latest', 'prompt_hash': 'a6af280e'}",06_P3
29,real_mixed_89,mistral-nemo:latest_kb_rag,123.03392100334167,30.21,0,direct_json,0.6,0.230769,0.333333,0.0,0,10.2,71.7,10.3,335.5,659.4,20997.3,85.5,9240.7,6744.1,"{'timestamp': '2026-09-06T11:00:25.685989+00:00', 'model_version': 'mistral-nemo:latest', 'prompt_hash': 'a6af280e'}",06_P3
29,real_mixed_90,mistral-nemo:latest_kb_rag,119.99563574790956,30.72,0,direct_json,0.25,0.125,0.166667,0.0,0,10.3,71.7,10.6,336.8,659.4,21000.1,85.5,9240.7,6744.1,"{'timestamp': '2026-09-06T11:00:22.643440+00:00', 'model_version': 'mistral-nemo:latest', 'prompt_hash': 'a6af280e'}",06_P3
30,real_mixed_91,mistral-nemo:latest_kb_rag,125.11065292358398,29.96,0,fallback,0.636364,0.583333,0.608696,0.0,0,9.9,71.7,9.9,333.3,595.0,20992.0,85.4,9240.7,6744.1,"{'timestamp': '2026-09-06T11:00:38.322132+00:00', 'model_version': 'mistral-nemo:latest', 'prompt_hash': 'a6af280e'}",06_P3
30,real_mixed_92,mistral-nemo:latest_kb_rag,120.10271215438844,30.3,0,fallback,0.5,0.2,0.285714,0.0,0,10.0,71.7,10.3,334.7,595.0,20995.4,85.4,9240.7,6744.1,"{'timestamp': '2026-09-06T11:00:33.316617+00:00', 'model_version': 'mistral-nemo:latest', 'prompt_hash': 'a6af280e'}",06_P3
30,real_mixed_93,mistral-nemo:latest_kb_rag,116.5589210987091,30.26,0,fallback,0.333333,0.2,0.25,0.0,0,10.0,71.7,10.6,335.4,594.9,20998.7,85.4,9240.7,6744.1,"{'timestamp': '2026-09-06T11:00:29.756777+00:00', 'model_version': 'mistral-nemo:latest', 'prompt_hash': 'a6af280e'}",06_P3
31,real_mixed_94,mistral-nemo:latest_kb_rag,120.47117900848389,30.39,0,fallback,0.833333,0.25,0.384615,0.0,0,9.8,71.7,10.4,343.2,603.8,20992.6,85.4,9240.7,6744.1,"{'timestamp': '2026-09-06T11:00:48.976345+00:00', 'model_version': 'mistral-nemo:latest', 'prompt_hash': 'a6af280e'}",06_P3
31,real_mixed_95,mistral-nemo:latest_kb_rag,112.44068598747252,30.58,0,direct_json,0.0,0.0,0.0,0.0,0,9.9,71.7,11.0,340.9,603.8,21000.6,85.4,9240.7,6744.1,"{'timestamp': '2026-09-06T11:00:40.930762+00:00', 'model_version': 'mistral-nemo:latest', 'prompt_hash': 'a6af280e'}",06_P3
31,real_mixed_96,mistral-nemo:latest_kb_rag,115.95548391342165,30.39,0,fallback,0.8,0.333333,0.470588,0.0,0,9.9,71.7,10.6,345.1,603.8,20996.1,85.4,9240.7,6744.1,"{'timestamp': '2026-09-06T11:00:44.456849+00:00', 'model_version': 'mistral-nemo:latest', 'prompt_hash': 'a6af280e'}",06_P3
32,real_mixed_97,mistral-nemo:latest_kb_rag,111.60312390327454,30.42,0,direct_json,0.857143,0.666667,0.75,0.0,0,9.8,71.7,9.6,339.6,603.8,20982.4,85.5,9240.7,6744.1,"{'timestamp': '2026-09-06T11:00:54.213368+00:00', 'model_version': 'mistral-nemo:latest', 'prompt_hash': 'a6af280e'}",06_P3
32,real_mixed_98,mistral-nemo:latest_kb_rag,120.16937923431396,24.5,0,fallback,0.666667,0.357143,0.465116,0.0,0,9.9,71.7,9.1,331.3,603.8,21308.0,85.5,9240.7,6744.1,"{'timestamp': '2026-09-06T11:01:02.795661+00:00', 'model_version': 'mistral-nemo:latest', 'prompt_hash': 'a6af280e'}",06_P3
32,real_mixed_99,mistral-nemo:latest_kb_rag,108.4601709842682,30.39,0,direct_json,0.0,0.0,0.0,0.0,0,9.8,71.7,9.9,339.6,603.8,20979.5,85.5,9240.7,6744.1,"{'timestamp': '2026-09-06T11:00:51.059840+00:00', 'model_version': 'mistral-nemo:latest', 'prompt_hash': 'a6af280e'}",06_P3
33,real_mixed_100,mistral-nemo:latest_kb_rag,119.10985493659972,19.78,0,fallback,0.4,0.285714,0.333333,0.0,0,17.3,100.0,8.5,312.4,603.8,21952.9,85.7,9240.7,6744.1,"{'timestamp': '2026-09-06T11:01:13.144154+00:00', 'model_version': 'mistral-nemo:latest', 'prompt_hash': 'a6af280e'}",06_P3
33,real_mixed_101,mistral-nemo:latest_kb_rag,115.14193820953368,19.91,0,fallback,0.666667,0.571429,0.615385,0.0,0,13.7,71.7,9.0,319.3,603.8,21736.6,85.7,9240.7,6744.1,"{'timestamp': '2026-09-06T11:01:09.179030+00:00', 'model_version': 'mistral-nemo:latest', 'prompt_hash': 'a6af280e'}",06_P3
33,real_mixed_102,mistral-nemo:latest_kb_rag,110.9742648601532,20.16,0,fallback,0.0,0.0,0.0,0.0,0,18.5,85.7,8.5,328.4,603.8,21496.5,85.6,9240.7,6744.1,"{'timestamp': '2026-09-06T11:01:05.003173+00:00', 'model_version': 'mistral-nemo:latest', 'prompt_hash': 'a6af280e'}",06_P3
34,real_mixed_103,mistral-nemo:latest_kb_rag,107.0579822063446,20.27,0,fallback,1.0,1.0,1.0,0.0,0,15.6,94.1,8.1,288.6,603.8,22368.6,86.0,9240.7,6744.1,"{'timestamp': '2026-09-06T11:01:18.212076+00:00', 'model_version': 'mistral-nemo:latest', 'prompt_hash': 'a6af280e'}",06_P3
34,real_mixed_104,mistral-nemo:latest_kb_rag,112.6472179889679,19.71,0,direct_json,0.454545,0.5,0.47619,0.0,0,17.2,94.1,7.9,278.8,603.8,22645.4,86.1,9240.7,6744.1,"{'timestamp': '2026-09-06T11:01:23.822484+00:00', 'model_version': 'mistral-nemo:latest', 'prompt_hash': 'a6af280e'}",06_P3
34,real_mixed_105,mistral-nemo:latest_kb_rag,118.19918608665466,19.91,0,fallback,0.625,0.5,0.555556,0.0,0,18.0,100.0,7.0,269.9,603.8,22890.7,86.2,9240.7,6744.1,"{'timestamp': '2026-09-06T11:01:29.379702+00:00', 'model_version': 'mistral-nemo:latest', 'prompt_hash': 'a6af280e'}",06_P3
35,real_mixed_106,mistral-nemo:latest_kb_rag,107.04621505737305,21.17,0,direct_json,0.333333,0.5,0.4,0.0,0,10.4,71.7,6.5,250.0,603.8,23805.6,86.6,9240.7,6744.1,"{'timestamp': '2026-09-06T11:01:40.702717+00:00', 'model_version': 'mistral-nemo:latest', 'prompt_hash': 'a6af280e'}",06_P3
35,real_mixed_107,mistral-nemo:latest_kb_rag,104.43913435935974,20.69,0,direct_json,0.8,0.615385,0.695652,0.0,0,11.0,100.0,8.8,254.8,603.8,23711.1,86.5,9240.7,6744.1,"{'timestamp': '2026-09-06T11:01:38.066266+00:00', 'model_version': 'mistral-nemo:latest', 'prompt_hash': 'a6af280e'}",06_P3
35,real_mixed_108,mistral-nemo:latest_kb_rag,111.91446995735168,21.03,0,fallback,0.285714,0.4,0.333333,0.0,0,13.7,71.7,6.3,243.5,603.8,23980.3,86.7,9240.7,6744.1,"{'timestamp': '2026-09-06T11:01:45.584186+00:00', 'model_version': 'mistral-nemo:latest', 'prompt_hash': 'a6af280e'}",06_P3
36,real_mixed_109,mistral-nemo:latest_kb_rag,125.73248720169067,19.49,0,fallback,0.789474,0.625,0.697674,0.0,0,10.9,100.0,4.4,201.5,603.8,25058.4,87.2,9240.7,6744.1,"{'timestamp': '2026-09-06T11:02:11.554476+00:00', 'model_version': 'mistral-nemo:latest', 'prompt_hash': 'a6af280e'}",06_P3
36,real_mixed_110,mistral-nemo:latest_kb_rag,117.12042689323424,20.64,0,fallback,0.333333,0.166667,0.222222,0.0,0,10.4,71.7,5.3,211.0,603.8,24854.6,87.0,9240.7,6744.1,"{'timestamp': '2026-09-06T11:02:02.933540+00:00', 'model_version': 'mistral-nemo:latest', 'prompt_hash': 'a6af280e'}",06_P3
36,real_mixed_111,mistral-nemo:latest_kb_rag,109.86904501914978,22.1,0,direct_json,0.9,0.9,0.9,0.0,0,14.6,71.7,5.8,219.3,603.8,24662.4,87.0,9240.7,6744.1,"{'timestamp': '2026-09-06T11:01:55.681991+00:00', 'model_version': 'mistral-nemo:latest', 'prompt_hash': 'a6af280e'}",06_P3
37,real_mixed_112,mistral-nemo:latest_kb_rag,118.11680698394775,20.02,0,direct_json,0.4,0.4,0.4,0.0,0,10.1,38.5,4.2,189.2,603.8,25565.6,87.4,9240.7,6744.1,"{'timestamp': '2026-09-06T11:02:15.550189+00:00', 'model_version': 'mistral-nemo:latest', 'prompt_hash': 'a6af280e'}",06_P3
37,real_mixed_113,mistral-nemo:latest_kb_rag,123.60057282447816,20.03,0,fallback,1.0,0.666667,0.8,0.0,0,14.2,53.1,3.8,185.1,603.8,25662.6,87.4,9240.7,6744.1,"{'timestamp': '2026-09-06T11:02:21.050350+00:00', 'model_version': 'mistral-nemo:latest', 'prompt_hash': 'a6af280e'}",06_P3
37,real_mixed_114,mistral-nemo:latest_kb_rag,127.72818088531494,19.93,0,fallback,0.5,0.428571,0.461538,0.0,0,10.8,38.5,3.6,181.7,603.8,25721.9,87.5,9240.7,6744.1,"{'timestamp': '2026-09-06T11:02:25.180226+00:00', 'model_version': 'mistral-nemo:latest', 'prompt_hash': 'a6af280e'}",06_P3
38,real_mixed_115,mistral-nemo:latest_kb_rag,125.19076085090636,20.32,0,direct_json,1.0,0.333333,0.5,0.0,0,10.8,60.0,3.1,163.5,603.8,26145.2,87.7,9240.7,6744.1,"{'timestamp': '2026-09-06T11:02:31.239793+00:00', 'model_version': 'mistral-nemo:latest', 'prompt_hash': 'a6af280e'}",06_P3
38,real_mixed_116,mistral-nemo:latest_kb_rag,122.60170698165894,20.14,0,direct_json,0.0,0.0,0.0,0.0,0,12.8,100.0,9.6,165.1,603.8,26115.8,87.7,9240.7,6744.1,"{'timestamp': '2026-09-06T11:02:28.645799+00:00', 'model_version': 'mistral-nemo:latest', 'prompt_hash': 'a6af280e'}",06_P3
38,real_mixed_117,mistral-nemo:latest_kb_rag,129.73587203025818,19.89,0,fallback,0.666667,0.25,0.363636,0.0,0,11.9,60.0,2.8,159.3,603.8,26191.2,87.7,9240.7,6744.1,"{'timestamp': '2026-09-06T11:02:35.795669+00:00', 'model_version': 'mistral-nemo:latest', 'prompt_hash': 'a6af280e'}",06_P3
39,real_mixed_118,mistral-nemo:latest_kb_rag,131.24046516418457,20.34,0,fallback,0.571429,0.8,0.666667,0.0,0,16.2,68.4,1.6,131.7,603.8,26839.7,88.0,9240.7,6744.1,"{'timestamp': '2026-09-06T11:02:49.914878+00:00', 'model_version': 'mistral-nemo:latest', 'prompt_hash': 'a6af280e'}",06_P3
39,real_mixed_119,mistral-nemo:latest_kb_rag,121.66138172149658,19.94,0,fallback,0.5,0.5,0.5,0.0,0,14.4,64.7,2.5,135.1,603.8,26788.1,88.0,9240.7,6744.1,"{'timestamp': '2026-09-06T11:02:40.336394+00:00', 'model_version': 'mistral-nemo:latest', 'prompt_hash': 'a6af280e'}",06_P3
39,real_mixed_120,mistral-nemo:latest_kb_rag,127.18753790855408,19.99,0,fallback,0.428571,0.6,0.5,0.0,0,17.3,100.0,1.7,133.1,603.8,26821.8,88.0,9240.7,6744.1,"{'timestamp': '2026-09-06T11:02:45.858961+00:00', 'model_version': 'mistral-nemo:latest', 'prompt_hash': 'a6af280e'}",06_P3
1,real_mixed_4,llama3.1:8b_baseline,61.79204773902893,27.25,0,direct_json,0.538462,0.5,0.518519,0.0769230769230769,1,12.5,90.3,6.9,114.0,115.8,28761.1,79.9,6859.6,4692.8,"{'timestamp': '2026-09-06T12:22:41.177009+00:00', 'model_version': 'llama3.1:8b', 'prompt_hash': 'a6af280e'}",06_P3
1,real_mixed_5,llama3.1:8b_baseline,16.233153104782104,27.32,0,direct_json,0.357143,0.5,0.416667,0.0,0,14.6,100.0,9.3,115.3,115.7,27167.7,77.8,6859.6,4692.8,"{'timestamp': '2026-09-06T12:21:55.605708+00:00', 'model_version': 'llama3.1:8b', 'prompt_hash': 'a6af280e'}",06_P3
1,real_mixed_6,llama3.1:8b_baseline,54.70747494697571,27.51,0,direct_json,0.733333,0.611111,0.666667,0.0,0,11.7,100.0,7.8,114.7,115.8,28663.3,79.8,6859.6,4692.8,"{'timestamp': '2026-09-06T12:22:34.096914+00:00', 'model_version': 'llama3.1:8b', 'prompt_hash': 'a6af280e'}",06_P3
0,real_mixed_1,llama3.1:8b_baseline,42.59125304222107,27.48,0,direct_json,0.6,0.692308,0.642857,0.0666666666666666,1,12.4,90.3,7.8,115.6,115.8,28444.9,79.5,6859.6,4692.8,"{'timestamp': '2026-09-06T12:22:21.965286+00:00', 'model_version': 'llama3.1:8b', 'prompt_hash': 'a6af280e'}",06_P3
0,real_mixed_2,llama3.1:8b_baseline,9.163613080978394,27.55,0,direct_json,0.5,0.416667,0.454545,0.0,0,20.4,100.0,25.3,115.0,115.7,25954.9,75.7,6859.6,4692.8,"{'timestamp': '2026-09-06T12:21:48.535228+00:00', 'model_version': 'llama3.1:8b', 'prompt_hash': 'a6af280e'}",06_P3
0,real_mixed_3,llama3.1:8b_baseline,70.37692904472351,39.54,0,direct_json,0.545455,0.5,0.521739,0.0,0,10.9,100.0,6.6,113.7,115.8,28756.0,80.1,6859.6,4692.8,"{'timestamp': '2026-09-06T12:22:49.749421+00:00', 'model_version': 'llama3.1:8b', 'prompt_hash': 'a6af280e'}",06_P3
7,real_mixed_22,llama3.1:8b_baseline,71.96400690078735,45.84,0,direct_json,0.0,0.0,0.0,0.0,0,7.3,90.3,4.2,115.9,215.5,28733.5,80.1,6859.6,4692.8,"{'timestamp': '2026-09-06T12:22:51.350272+00:00', 'model_version': 'llama3.1:8b', 'prompt_hash': 'a6af280e'}",06_P3
7,real_mixed_23,llama3.1:8b_baseline,22.294970989227295,27.0,0,direct_json,0.578947,0.733333,0.647059,0.0,0,9.3,90.3,9.3,115.7,115.7,27701.6,78.7,6859.6,4692.8,"{'timestamp': '2026-09-06T12:22:01.694123+00:00', 'model_version': 'llama3.1:8b', 'prompt_hash': 'a6af280e'}",06_P3
7,real_mixed_24,llama3.1:8b_baseline,88.13604521751404,32.14,0,direct_json,0.428571,0.428571,0.428571,0.1428571428571428,1,8.9,100.0,1.9,133.7,215.7,28573.3,80.1,6859.6,4692.8,"{'timestamp': '2026-09-06T12:23:07.539003+00:00', 'model_version': 'llama3.1:8b', 'prompt_hash': 'a6af280e'}",06_P3
2,real_mixed_7,llama3.1:8b_baseline,102.34369802474976,44.03,0,direct_json,0.538462,0.5,0.518519,0.0,0,7.7,90.3,2.7,144.6,215.7,28194.0,79.6,6859.6,4692.8,"{'timestamp': '2026-09-06T12:23:21.737131+00:00', 'model_version': 'llama3.1:8b', 'prompt_hash': 'a6af280e'}",06_P3
2,real_mixed_8,llama3.1:8b_baseline,115.98140597343443,44.31,0,direct_json,0.4,0.222222,0.285714,0.0,0,9.3,100.0,2.2,152.6,215.7,27651.8,79.1,6859.6,4692.8,"{'timestamp': '2026-09-06T12:23:35.362171+00:00', 'model_version': 'llama3.1:8b', 'prompt_hash': 'a6af280e'}",06_P3
2,real_mixed_9,llama3.1:8b_baseline,84.67370104789734,26.73,0,direct_json,0.333333,0.3,0.315789,0.2222222222222222,2,7.5,90.3,2.0,130.4,215.7,28576.1,80.0,6859.6,4692.8,"{'timestamp': '2026-09-06T12:23:04.070241+00:00', 'model_version': 'llama3.1:8b', 'prompt_hash': 'a6af280e'}",06_P3
8,real_mixed_25,llama3.1:8b_baseline,120.01091194152832,44.13,0,direct_json,0.416667,0.416667,0.416667,0.0,0,9.4,100.0,2.7,154.7,215.7,27402.6,79.2,6859.6,4692.8,"{'timestamp': '2026-09-06T12:23:39.409705+00:00', 'model_version': 'llama3.1:8b', 'prompt_hash': 'a6af280e'}",06_P3
8,real_mixed_26,llama3.1:8b_baseline,95.74982786178587,43.9,0,direct_json,0.65625,0.583333,0.617647,0.09375,3,7.7,90.3,2.0,139.9,215.7,28444.0,80.0,6859.6,4692.8,"{'timestamp': '2026-09-06T12:23:15.160828+00:00', 'model_version': 'llama3.1:8b', 'prompt_hash': 'a6af280e'}",06_P3
8,real_mixed_27,llama3.1:8b_baseline,112.9869613647461,43.02,0,direct_json,0.75,0.555556,0.638298,0.0,0,8.4,100.0,2.6,151.1,215.7,27811.6,79.1,6859.6,4692.8,"{'timestamp': '2026-09-06T12:23:32.388141+00:00', 'model_version': 'llama3.1:8b', 'prompt_hash': 'a6af280e'}",06_P3
6,real_mixed_19,llama3.1:8b_baseline,124.01581406593324,44.62,0,direct_json,0.684211,0.65,0.666667,0.0,0,11.0,90.3,3.9,156.3,215.7,27163.8,79.3,6859.6,4692.8,"{'timestamp': '2026-09-06T12:23:43.428419+00:00', 'model_version': 'llama3.1:8b', 'prompt_hash': 'a6af280e'}",06_P3
6,real_mixed_20,llama3.1:8b_baseline,28.909605741500854,27.1,0,direct_json,0.555556,0.3125,0.4,0.0,0,8.4,90.3,6.7,115.7,115.8,28061.3,79.1,6859.6,4692.8,"{'timestamp': '2026-09-06T12:22:08.324313+00:00', 'model_version': 'llama3.1:8b', 'prompt_hash': 'a6af280e'}",06_P3
6,real_mixed_21,llama3.1:8b_baseline,75.5081090927124,44.64,0,direct_json,0.625,0.357143,0.454545,0.125,1,7.4,90.3,4.0,120.6,215.6,28617.6,79.9,6859.6,4692.8,"{'timestamp': '2026-09-06T12:22:54.908382+00:00', 'model_version': 'llama3.1:8b', 'prompt_hash': 'a6af280e'}",06_P3
3,real_mixed_10,llama3.1:8b_baseline,80.05020904541016,33.87,0,direct_json,0.333333,0.666667,0.444444,0.0,0,12.5,100.0,4.9,125.2,215.7,28556.2,79.9,6859.6,4692.8,"{'timestamp': '2026-09-06T12:22:59.421471+00:00', 'model_version': 'llama3.1:8b', 'prompt_hash': 'a6af280e'}",06_P3
3,real_mixed_11,llama3.1:8b_baseline,131.78309893608093,42.89,0,direct_json,0.615385,0.888889,0.727273,0.0,0,10.0,100.0,2.8,154.2,215.8,26744.9,79.6,6859.6,4692.8,"{'timestamp': '2026-09-06T12:23:51.157571+00:00', 'model_version': 'llama3.1:8b', 'prompt_hash': 'a6af280e'}",06_P3
3,real_mixed_12,llama3.1:8b_baseline,65.88116574287415,26.85,0,direct_json,0.333333,0.428571,0.375,0.0,0,9.3,100.0,5.6,113.8,115.8,28772.8,80.0,6859.6,4692.8,"{'timestamp': '2026-09-06T12:22:45.252987+00:00', 'model_version': 'llama3.1:8b', 'prompt_hash': 'a6af280e'}",06_P3
5,real_mixed_16,llama3.1:8b_baseline,105.30610299110413,44.03,0,direct_json,0.777778,0.777778,0.777778,0.0,0,13.4,100.0,2.7,146.1,215.7,28080.5,79.4,6859.6,4692.8,"{'timestamp': '2026-09-06T12:23:24.678389+00:00', 'model_version': 'llama3.1:8b', 'prompt_hash': 'a6af280e'}",06_P3
5,real_mixed_17,llama3.1:8b_baseline,97.78815007209778,45.67,0,direct_json,0.285714,1.0,0.444444,0.0,0,7.4,90.3,4.4,141.4,215.7,28366.9,79.9,6859.6,4692.8,"{'timestamp': '2026-09-06T12:23:17.161663+00:00', 'model_version': 'llama3.1:8b', 'prompt_hash': 'a6af280e'}",06_P3
5,real_mixed_18,llama3.1:8b_baseline,135.22969889640808,44.11,0,direct_json,0.727273,0.666667,0.695652,0.0,0,9.5,90.3,2.3,153.0,215.7,26565.3,79.7,6859.6,4692.8,"{'timestamp': '2026-09-06T12:23:54.626954+00:00', 'model_version': 'llama3.1:8b', 'prompt_hash': 'a6af280e'}",06_P3
4,real_mixed_13,llama3.1:8b_baseline,143.34169816970825,43.74,0,direct_json,0.454545,0.588235,0.512821,0.0454545454545454,1,12.8,90.3,2.7,150.1,215.7,26182.5,79.9,6859.6,4692.8,"{'timestamp': '2026-09-06T12:24:02.728122+00:00', 'model_version': 'llama3.1:8b', 'prompt_hash': 'a6af280e'}",06_P3
4,real_mixed_14,llama3.1:8b_baseline,37.01533222198486,27.0,0,direct_json,0.625,0.833333,0.714286,0.0,0,9.1,100.0,2.5,115.7,115.8,28324.7,79.4,6859.6,4692.8,"{'timestamp': '2026-09-06T12:22:16.410395+00:00', 'model_version': 'llama3.1:8b', 'prompt_hash': 'a6af280e'}",06_P3
4,real_mixed_15,llama3.1:8b_baseline,48.656343936920166,31.57,0,direct_json,0.315789,0.666667,0.428571,0.0,0,8.5,100.0,2.4,115.4,115.8,28557.7,79.7,6859.6,4692.8,"{'timestamp': '2026-09-06T12:22:28.046029+00:00', 'model_version': 'llama3.1:8b', 'prompt_hash': 'a6af280e'}",06_P3
9,real_mixed_28,llama3.1:8b_baseline,85.58991694450378,44.58,0,direct_json,0.8,0.533333,0.64,0.0,0,9.3,33.3,2.6,174.8,215.8,24014.3,80.1,6859.6,4692.8,"{'timestamp': '2026-09-06T12:24:06.869028+00:00', 'model_version': 'llama3.1:8b', 'prompt_hash': 'a6af280e'}",06_P3
9,real_mixed_29,llama3.1:8b_baseline,94.25458884239195,44.47,0,direct_json,0.36,0.75,0.486486,0.04,1,7.9,28.4,2.4,168.8,215.8,23624.2,80.4,6859.6,4692.8,"{'timestamp': '2026-09-06T12:24:15.528992+00:00', 'model_version': 'llama3.1:8b', 'prompt_hash': 'a6af280e'}",06_P3
9,real_mixed_30,llama3.1:8b_baseline,88.65039610862732,45.07,0,direct_json,0.5,0.666667,0.571429,0.0,0,8.0,28.4,2.5,172.5,215.8,23866.6,80.2,6859.6,4692.8,"{'timestamp': '2026-09-06T12:24:09.918855+00:00', 'model_version': 'llama3.1:8b', 'prompt_hash': 'a6af280e'}",06_P3
10,real_mixed_31,llama3.1:8b_baseline,88.14144515991211,45.68,0,direct_json,0.333333,1.0,0.5,0.0,0,7.7,26.6,2.8,172.6,215.8,23010.7,80.3,6859.6,4692.8,"{'timestamp': '2026-09-06T12:24:18.023499+00:00', 'model_version': 'llama3.1:8b', 'prompt_hash': 'a6af280e'}",06_P3
10,real_mixed_32,llama3.1:8b_baseline,91.19375801086426,44.77,0,direct_json,0.166667,0.285714,0.210526,0.0,0,7.7,26.6,2.2,170.5,215.8,22896.9,80.4,6859.6,4692.8,"{'timestamp': '2026-09-06T12:24:21.085907+00:00', 'model_version': 'llama3.1:8b', 'prompt_hash': 'a6af280e'}",06_P3
10,real_mixed_33,llama3.1:8b_baseline,94.74434876441956,44.33,0,direct_json,0.444444,0.470588,0.457143,0.1111111111111111,2,7.9,26.6,2.4,168.1,215.8,22774.6,80.6,6859.6,4692.8,"{'timestamp': '2026-09-06T12:24:24.642126+00:00', 'model_version': 'llama3.1:8b', 'prompt_hash': 'a6af280e'}",06_P3
11,real_mixed_34,llama3.1:8b_baseline,89.20587086677551,43.8,0,direct_json,0.3,0.3,0.3,0.0,0,7.7,29.9,2.6,150.1,215.8,21314.7,81.1,6859.6,4692.8,"{'timestamp': '2026-09-06T12:24:36.843152+00:00', 'model_version': 'llama3.1:8b', 'prompt_hash': 'a6af280e'}",06_P3
11,real_mixed_35,llama3.1:8b_baseline,85.13213205337524,44.34,0,direct_json,0.3,0.428571,0.352941,0.0,0,7.8,29.9,2.6,153.1,215.8,21405.0,81.0,6859.6,4692.8,"{'timestamp': '2026-09-06T12:24:32.767073+00:00', 'model_version': 'llama3.1:8b', 'prompt_hash': 'a6af280e'}",06_P3
11,real_mixed_36,llama3.1:8b_baseline,81.53959393501282,44.73,0,direct_json,0.6,0.571429,0.585366,0.0,0,8.6,40.0,2.8,155.2,215.8,21488.3,80.9,6859.6,4692.8,"{'timestamp': '2026-09-06T12:24:29.187015+00:00', 'model_version': 'llama3.1:8b', 'prompt_hash': 'a6af280e'}",06_P3
12,real_mixed_37,llama3.1:8b_baseline,65.84991192817688,44.15,0,direct_json,0.642857,0.75,0.692308,0.0,0,10.1,50.0,3.1,120.4,215.8,19732.8,83.5,6859.6,4692.8,"{'timestamp': '2026-09-06T12:24:41.311451+00:00', 'model_version': 'llama3.1:8b', 'prompt_hash': 'a6af280e'}",06_P3
12,real_mixed_38,llama3.1:8b_baseline,70.3821029663086,44.16,0,direct_json,0.642857,0.692308,0.666667,0.0,0,10.2,54.5,3.0,119.5,215.8,19705.7,83.5,6859.6,4692.8,"{'timestamp': '2026-09-06T12:24:45.834711+00:00', 'model_version': 'llama3.1:8b', 'prompt_hash': 'a6af280e'}",06_P3
12,real_mixed_39,llama3.1:8b_baseline,73.47441697120667,44.79,0,direct_json,0.6,0.428571,0.5,0.0,0,7.8,29.9,3.0,118.9,215.8,19684.2,83.6,6859.6,4692.8,"{'timestamp': '2026-09-06T12:24:48.920195+00:00', 'model_version': 'llama3.1:8b', 'prompt_hash': 'a6af280e'}",06_P3
13,real_mixed_40,llama3.1:8b_baseline,83.13014721870422,44.26,0,direct_json,0.636364,0.583333,0.608696,0.0,0,9.4,55.6,3.3,111.4,215.8,19563.5,83.8,6859.6,4692.8,"{'timestamp': '2026-09-06T12:25:02.628958+00:00', 'model_version': 'llama3.1:8b', 'prompt_hash': 'a6af280e'}",06_P3
13,real_mixed_41,llama3.1:8b_baseline,73.48028802871704,43.67,0,direct_json,0.769231,0.555556,0.645161,0.0,0,10.3,54.8,2.9,112.8,215.8,19621.8,83.7,6859.6,4692.8,"{'timestamp': '2026-09-06T12:24:52.985468+00:00', 'model_version': 'llama3.1:8b', 'prompt_hash': 'a6af280e'}",06_P3
13,real_mixed_42,llama3.1:8b_baseline,78.99374198913574,44.15,0,direct_json,0.75,0.625,0.681818,0.0,0,11.5,54.5,3.2,112.0,215.8,19584.9,83.8,6859.6,4692.8,"{'timestamp': '2026-09-06T12:24:58.504709+00:00', 'model_version': 'llama3.1:8b', 'prompt_hash': 'a6af280e'}",06_P3
14,real_mixed_43,llama3.1:8b_baseline,97.23115801811218,42.03,0,direct_json,0.714286,0.714286,0.714286,0.0,0,15.6,100.0,2.5,105.3,215.7,19461.9,84.0,6859.6,4692.8,"{'timestamp': '2026-09-06T12:25:20.755046+00:00', 'model_version': 'llama3.1:8b', 'prompt_hash': 'a6af280e'}",06_P3
14,real_mixed_44,llama3.1:8b_baseline,84.07409191131592,43.87,0,direct_json,0.5,0.642857,0.5625,0.0,0,13.7,40.0,2.7,105.8,215.7,19517.8,83.9,6859.6,4692.8,"{'timestamp': '2026-09-06T12:25:07.601253+00:00', 'model_version': 'llama3.1:8b', 'prompt_hash': 'a6af280e'}",06_P3
14,real_mixed_45,llama3.1:8b_baseline,88.30710792541504,44.24,0,direct_json,0.583333,0.736842,0.651163,0.0,0,8.8,38.4,2.7,105.7,215.6,19500.0,84.0,6859.6,4692.8,"{'timestamp': '2026-09-06T12:25:11.825257+00:00', 'model_version': 'llama3.1:8b', 'prompt_hash': 'a6af280e'}",06_P3
15,real_mixed_46,llama3.1:8b_baseline,91.16330432891846,45.36,0,direct_json,0.5,0.142857,0.222222,0.0,0,10.0,38.4,2.6,104.6,110.3,19413.5,84.1,6859.6,4692.8,"{'timestamp': '2026-09-06T12:25:22.419612+00:00', 'model_version': 'llama3.1:8b', 'prompt_hash': 'a6af280e'}",06_P3
15,real_mixed_47,llama3.1:8b_baseline,97.2924418449402,44.43,0,direct_json,0.655172,0.730769,0.690909,0.1379310344827586,4,8.9,38.4,2.6,104.5,110.3,19388.2,84.2,6859.6,4692.8,"{'timestamp': '2026-09-06T12:25:28.559200+00:00', 'model_version': 'llama3.1:8b', 'prompt_hash': 'a6af280e'}",06_P3
15,real_mixed_48,llama3.1:8b_baseline,100.82500410079956,44.81,0,direct_json,0.333333,0.5,0.4,0.0,0,8.6,38.4,2.6,104.5,110.3,19376.3,84.2,6859.6,4692.8,"{'timestamp': '2026-09-06T12:25:32.075926+00:00', 'model_version': 'llama3.1:8b', 'prompt_hash': 'a6af280e'}",06_P3
16,real_mixed_49,llama3.1:8b_baseline,109.01581597328186,44.03,0,direct_json,0.5,0.5,0.5,0.0714285714285714,1,8.4,38.4,2.8,104.2,110.4,19321.0,84.3,6859.6,4692.8,"{'timestamp': '2026-09-06T12:25:43.749540+00:00', 'model_version': 'llama3.1:8b', 'prompt_hash': 'a6af280e'}",06_P3
16,real_mixed_50,llama3.1:8b_baseline,103.92114186286926,44.79,0,direct_json,0.4,0.363636,0.380952,0.0,0,9.7,38.9,3.0,104.2,110.4,19336.0,84.2,6859.6,4692.8,"{'timestamp': '2026-09-06T12:25:38.652203+00:00', 'model_version': 'llama3.1:8b', 'prompt_hash': 'a6af280e'}",06_P3
16,real_mixed_51,llama3.1:8b_baseline,100.33026504516602,44.48,0,direct_json,0.333333,0.333333,0.333333,0.0,0,11.3,55.6,2.6,104.2,110.4,19347.6,84.2,6859.6,4692.8,"{'timestamp': '2026-09-06T12:25:35.061944+00:00', 'model_version': 'llama3.1:8b', 'prompt_hash': 'a6af280e'}",06_P3
17,real_mixed_52,llama3.1:8b_baseline,106.92605686187744,43.93,0,direct_json,0.428571,0.428571,0.428571,0.0,0,10.9,42.9,3.5,104.0,110.4,19268.8,84.4,6859.6,4692.8,"{'timestamp': '2026-09-06T12:25:49.753962+00:00', 'model_version': 'llama3.1:8b', 'prompt_hash': 'a6af280e'}",06_P3
17,real_mixed_53,llama3.1:8b_baseline,110.43660020828248,44.1,0,direct_json,0.333333,0.833333,0.47619,0.0,0,13.4,53.5,2.7,103.5,110.4,19263.4,84.4,6859.6,4692.8,"{'timestamp': '2026-09-06T12:25:53.254845+00:00', 'model_version': 'llama3.1:8b', 'prompt_hash': 'a6af280e'}",06_P3
17,real_mixed_54,llama3.1:8b_baseline,102.85100603103638,45.68,0,direct_json,0.428571,0.75,0.545455,0.0,0,12.6,54.1,2.5,104.0,110.4,19280.0,84.3,6859.6,4692.8,"{'timestamp': '2026-09-06T12:25:45.661458+00:00', 'model_version': 'llama3.1:8b', 'prompt_hash': 'a6af280e'}",06_P3
18,real_mixed_55,llama3.1:8b_baseline,105.8680272102356,44.47,0,direct_json,0.1,0.111111,0.105263,0.0,0,8.7,38.4,2.5,110.9,209.5,19190.0,84.5,6859.6,4692.8,"{'timestamp': '2026-09-06T12:26:01.495750+00:00', 'model_version': 'llama3.1:8b', 'prompt_hash': 'a6af280e'}",06_P3
18,real_mixed_56,llama3.1:8b_baseline,109.91913509368896,43.79,0,direct_json,0.166667,0.142857,0.153846,0.0,0,8.9,38.4,2.6,114.4,209.5,19187.5,84.6,6859.6,4692.8,"{'timestamp': '2026-09-06T12:26:05.541597+00:00', 'model_version': 'llama3.1:8b', 'prompt_hash': 'a6af280e'}",06_P3
18,real_mixed_57,llama3.1:8b_baseline,102.34039878845216,44.57,0,direct_json,0.666667,0.777778,0.717949,0.0476190476190476,1,8.8,38.4,2.6,107.6,209.5,19193.5,84.5,6859.6,4692.8,"{'timestamp': '2026-09-06T12:25:57.976956+00:00', 'model_version': 'llama3.1:8b', 'prompt_hash': 'a6af280e'}",06_P3
19,real_mixed_58,llama3.1:8b_baseline,104.36807417869568,44.2,0,direct_json,0.384615,0.454545,0.416667,0.0,0,9.7,100.0,2.6,118.0,209.5,19147.2,84.6,6859.6,4692.8,"{'timestamp': '2026-09-06T12:26:09.105669+00:00', 'model_version': 'llama3.1:8b', 'prompt_hash': 'a6af280e'}",06_P3
19,real_mixed_59,llama3.1:8b_baseline,115.0091679096222,43.36,0,direct_json,0.583333,0.736842,0.651163,0.0,0,9.9,41.0,2.7,126.2,209.5,19142.6,84.7,6859.6,4692.8,"{'timestamp': '2026-09-06T12:26:19.741918+00:00', 'model_version': 'llama3.1:8b', 'prompt_hash': 'a6af280e'}",06_P3
19,real_mixed_60,llama3.1:8b_baseline,108.41222405433656,43.48,0,direct_json,0.6,0.461538,0.521739,0.0,0,10.3,53.8,2.5,121.3,209.5,19144.9,84.6,6859.6,4692.8,"{'timestamp': '2026-09-06T12:26:13.153260+00:00', 'model_version': 'llama3.1:8b', 'prompt_hash': 'a6af280e'}",06_P3
20,real_mixed_61,llama3.1:8b_baseline,122.08652091026306,41.79,0,direct_json,0.392857,0.392857,0.392857,0.0,0,9.2,41.0,2.3,130.2,210.0,19107.3,84.8,6859.6,4692.8,"{'timestamp': '2026-09-06T12:26:39.051297+00:00', 'model_version': 'llama3.1:8b', 'prompt_hash': 'a6af280e'}",06_P3
20,real_mixed_62,llama3.1:8b_baseline,111.45855617523192,44.15,0,direct_json,0.428571,0.545455,0.48,0.0,0,9.4,41.0,2.5,132.8,210.0,19107.0,84.8,6859.6,4692.8,"{'timestamp': '2026-09-06T12:26:28.404178+00:00', 'model_version': 'llama3.1:8b', 'prompt_hash': 'a6af280e'}",06_P3
20,real_mixed_63,llama3.1:8b_baseline,106.41909694671632,44.86,0,direct_json,0.166667,0.25,0.2,0.0,0,9.7,41.0,2.7,131.9,209.8,19105.9,84.8,6859.6,4692.8,"{'timestamp': '2026-09-06T12:26:23.364272+00:00', 'model_version': 'llama3.1:8b', 'prompt_hash': 'a6af280e'}",06_P3
21,real_mixed_64,llama3.1:8b_baseline,117.5133466720581,44.86,0,direct_json,0.25,1.0,0.4,0.0,0,11.2,77.8,2.5,130.9,210.0,19098.9,84.8,6859.6,4692.8,"{'timestamp': '2026-09-06T12:26:46.512625+00:00', 'model_version': 'llama3.1:8b', 'prompt_hash': 'a6af280e'}",06_P3
21,real_mixed_65,llama3.1:8b_baseline,120.60816383361816,44.36,0,direct_json,0.222222,0.25,0.235294,0.1111111111111111,1,10.0,48.6,2.5,130.2,210.0,19104.7,84.8,6859.6,4692.8,"{'timestamp': '2026-09-06T12:26:49.622380+00:00', 'model_version': 'llama3.1:8b', 'prompt_hash': 'a6af280e'}",06_P3
21,real_mixed_66,llama3.1:8b_baseline,115.08427906036376,43.83,0,direct_json,0.45,0.45,0.45,0.0,0,9.2,41.0,2.5,131.5,210.0,19092.2,84.8,6859.6,4692.8,"{'timestamp': '2026-09-06T12:26:44.102646+00:00', 'model_version': 'llama3.1:8b', 'prompt_hash': 'a6af280e'}",06_P3
22,real_mixed_67,llama3.1:8b_baseline,121.03345894813538,42.92,0,direct_json,0.583333,0.583333,0.583333,0.1666666666666666,4,9.4,77.8,2.4,130.3,210.0,19131.2,84.8,6859.6,4692.8,"{'timestamp': '2026-09-06T12:27:03.768537+00:00', 'model_version': 'llama3.1:8b', 'prompt_hash': 'a6af280e'}",06_P3
22,real_mixed_68,llama3.1:8b_baseline,111.4157419204712,43.95,0,direct_json,0.555556,0.869565,0.677966,0.1111111111111111,4,9.3,41.0,2.6,132.8,210.0,19112.0,84.8,6859.6,4692.8,"{'timestamp': '2026-09-06T12:26:54.133730+00:00', 'model_version': 'llama3.1:8b', 'prompt_hash': 'a6af280e'}",06_P3
22,real_mixed_69,llama3.1:8b_baseline,116.44948196411131,43.85,0,direct_json,0.85,0.708333,0.772727,0.0,0,9.7,41.0,2.5,131.5,210.0,19121.8,84.8,6859.6,4692.8,"{'timestamp': '2026-09-06T12:26:59.181037+00:00', 'model_version': 'llama3.1:8b', 'prompt_hash': 'a6af280e'}",06_P3
23,real_mixed_70,llama3.1:8b_baseline,107.70396780967712,43.52,0,direct_json,0.666667,0.666667,0.666667,0.0,0,15.8,50.6,2.5,133.1,210.0,19144.3,84.9,6859.6,4692.8,"{'timestamp': '2026-09-06T12:27:08.559326+00:00', 'model_version': 'llama3.1:8b', 'prompt_hash': 'a6af280e'}",06_P3
23,real_mixed_71,llama3.1:8b_baseline,117.2523422241211,43.56,0,direct_json,0.307692,0.333333,0.32,0.0,0,16.0,51.8,2.4,130.2,210.0,19160.0,84.9,6859.6,4692.8,"{'timestamp': '2026-09-06T12:27:18.106434+00:00', 'model_version': 'llama3.1:8b', 'prompt_hash': 'a6af280e'}",06_P3
23,real_mixed_72,llama3.1:8b_baseline,112.2313756942749,43.32,0,direct_json,0.583333,0.5,0.538462,0.0,0,16.3,100.0,2.5,131.8,210.0,19151.0,84.9,6859.6,4692.8,"{'timestamp': '2026-09-06T12:27:13.090388+00:00', 'model_version': 'llama3.1:8b', 'prompt_hash': 'a6af280e'}",06_P3
24,real_mixed_73,llama3.1:8b_baseline,115.73164892196657,44.1,0,direct_json,0.7,0.466667,0.56,0.0,0,8.9,41.0,2.3,130.6,210.0,19184.3,84.9,6859.6,4692.8,"{'timestamp': '2026-09-06T12:27:27.910127+00:00', 'model_version': 'llama3.1:8b', 'prompt_hash': 'a6af280e'}",06_P3
24,real_mixed_74,llama3.1:8b_baseline,112.18978095054626,43.27,0,direct_json,0.666667,0.75,0.705882,0.0,0,9.2,41.0,2.5,131.7,210.0,19181.0,84.9,6859.6,4692.8,"{'timestamp': '2026-09-06T12:27:24.361552+00:00', 'model_version': 'llama3.1:8b', 'prompt_hash': 'a6af280e'}",06_P3
24,real_mixed_75,llama3.1:8b_baseline,108.13956308364868,43.98,0,direct_json,0.5,0.666667,0.571429,0.0,0,11.0,41.2,2.5,132.9,210.0,19176.3,84.9,6859.6,4692.8,"{'timestamp': '2026-09-06T12:27:20.300581+00:00', 'model_version': 'llama3.1:8b', 'prompt_hash': 'a6af280e'}",06_P3
25,real_mixed_76,llama3.1:8b_baseline,105.04629039764404,45.91,0,direct_json,0.0,0.0,0.0,0.0,0,9.6,41.7,2.5,133.3,210.0,19204.4,84.9,6859.6,4692.8,"{'timestamp': '2026-09-06T12:27:28.871765+00:00', 'model_version': 'llama3.1:8b', 'prompt_hash': 'a6af280e'}",06_P3
25,real_mixed_77,llama3.1:8b_baseline,117.64752388000488,43.32,0,direct_json,0.684211,0.65,0.666667,0.0,0,10.3,100.0,2.3,128.7,210.0,19213.5,84.9,6859.6,4692.8,"{'timestamp': '2026-09-06T12:27:41.495640+00:00', 'model_version': 'llama3.1:8b', 'prompt_hash': 'a6af280e'}",06_P3
25,real_mixed_78,llama3.1:8b_baseline,111.61378693580627,42.33,0,direct_json,0.266667,1.0,0.421053,0.1333333333333333,2,9.3,41.0,2.6,131.4,210.0,19209.3,84.9,6859.6,4692.8,"{'timestamp': '2026-09-06T12:27:35.446972+00:00', 'model_version': 'llama3.1:8b', 'prompt_hash': 'a6af280e'}",06_P3
26,real_mixed_79,llama3.1:8b_baseline,127.17507600784302,42.92,0,direct_json,0.636364,0.7,0.666667,0.0,0,12.2,51.0,2.8,126.9,210.0,19241.3,84.9,6859.6,4692.8,"{'timestamp': '2026-09-06T12:28:00.590993+00:00', 'model_version': 'llama3.1:8b', 'prompt_hash': 'a6af280e'}",06_P3
26,real_mixed_80,llama3.1:8b_baseline,120.65802788734436,42.85,0,direct_json,0.516129,0.666667,0.581818,0.064516129032258,2,11.2,59.6,2.2,128.3,210.0,19239.0,84.9,6859.6,4692.8,"{'timestamp': '2026-09-06T12:27:54.102667+00:00', 'model_version': 'llama3.1:8b', 'prompt_hash': 'a6af280e'}",06_P3
26,real_mixed_81,llama3.1:8b_baseline,112.1204957962036,44.11,0,direct_json,0.5,0.454545,0.47619,0.0,0,9.3,41.0,2.7,130.4,210.0,19233.2,84.9,6859.6,4692.8,"{'timestamp': '2026-09-06T12:27:45.541231+00:00', 'model_version': 'llama3.1:8b', 'prompt_hash': 'a6af280e'}",06_P3
27,real_mixed_82,llama3.1:8b_baseline,125.62194299697876,43.53,0,direct_json,0.307692,0.444444,0.363636,0.0,0,9.1,41.0,2.2,116.9,210.0,19259.8,84.9,6859.6,4692.8,"{'timestamp': '2026-09-06T12:28:11.259546+00:00', 'model_version': 'llama3.1:8b', 'prompt_hash': 'a6af280e'}",06_P3
27,real_mixed_83,llama3.1:8b_baseline,121.55804181098938,44.34,0,direct_json,0.533333,0.8,0.64,0.0666666666666666,1,9.9,64.2,2.3,117.6,210.0,19258.3,84.9,6859.6,4692.8,"{'timestamp': '2026-09-06T12:28:07.194973+00:00', 'model_version': 'llama3.1:8b', 'prompt_hash': 'a6af280e'}",06_P3
27,real_mixed_84,llama3.1:8b_baseline,118.05712485313416,43.93,0,direct_json,0.75,0.666667,0.705882,0.0,0,9.0,41.0,2.1,118.2,210.0,19255.6,84.9,6859.6,4692.8,"{'timestamp': '2026-09-06T12:28:03.687496+00:00', 'model_version': 'llama3.1:8b', 'prompt_hash': 'a6af280e'}",06_P3
28,real_mixed_85,llama3.1:8b_baseline,117.42250227928162,43.98,0,direct_json,0.714286,0.625,0.666667,0.0,0,9.9,65.2,1.9,105.2,210.0,19276.4,84.9,6859.6,4692.8,"{'timestamp': '2026-09-06T12:28:17.259382+00:00', 'model_version': 'llama3.1:8b', 'prompt_hash': 'a6af280e'}",06_P3
28,real_mixed_86,llama3.1:8b_baseline,121.51182293891908,43.53,0,direct_json,0.727273,0.615385,0.666667,0.1818181818181818,2,8.6,35.8,2.2,105.2,210.0,19274.4,84.9,6859.6,4692.8,"{'timestamp': '2026-09-06T12:28:21.355245+00:00', 'model_version': 'llama3.1:8b', 'prompt_hash': 'a6af280e'}",06_P3
28,real_mixed_87,llama3.1:8b_baseline,114.43187999725342,44.03,0,direct_json,0.5,0.571429,0.533333,0.0,0,9.5,51.5,2.3,105.4,210.0,19278.6,84.9,6859.6,4692.8,"{'timestamp': '2026-09-06T12:28:14.270882+00:00', 'model_version': 'llama3.1:8b', 'prompt_hash': 'a6af280e'}",06_P3
29,real_mixed_88,llama3.1:8b_baseline,104.68977522850037,44.76,0,direct_json,0.375,0.75,0.5,0.0,0,9.3,35.8,2.5,99.7,105.7,19301.9,84.9,6859.6,4692.8,"{'timestamp': '2026-09-06T12:28:23.826608+00:00', 'model_version': 'llama3.1:8b', 'prompt_hash': 'a6af280e'}",06_P3
29,real_mixed_89,llama3.1:8b_baseline,107.73127603530884,43.89,0,direct_json,0.625,0.384615,0.47619,0.0,0,9.1,35.8,2.2,99.8,105.9,19300.0,84.9,6859.6,4692.8,"{'timestamp': '2026-09-06T12:28:26.873360+00:00', 'model_version': 'llama3.1:8b', 'prompt_hash': 'a6af280e'}",06_P3
29,real_mixed_90,llama3.1:8b_baseline,113.72365212440492,42.69,0,direct_json,0.315789,0.75,0.444444,0.0,0,10.3,35.8,2.2,100.0,105.9,19289.7,84.9,6859.6,4692.8,"{'timestamp': '2026-09-06T12:28:32.862689+00:00', 'model_version': 'llama3.1:8b', 'prompt_hash': 'a6af280e'}",06_P3
30,real_mixed_91,llama3.1:8b_baseline,116.28568387031557,43.46,0,direct_json,0.642857,0.75,0.692308,0.0,0,10.7,57.1,2.2,98.8,105.8,19280.9,84.9,6859.6,4692.8,"{'timestamp': '2026-09-06T12:28:46.006808+00:00', 'model_version': 'llama3.1:8b', 'prompt_hash': 'a6af280e'}",06_P3
30,real_mixed_92,llama3.1:8b_baseline,111.77157211303712,43.62,0,direct_json,0.5,0.695652,0.581818,0.0,0,10.0,83.3,2.2,99.6,105.8,19282.5,84.9,6859.6,4692.8,"{'timestamp': '2026-09-06T12:28:41.500698+00:00', 'model_version': 'llama3.1:8b', 'prompt_hash': 'a6af280e'}",06_P3
30,real_mixed_93,llama3.1:8b_baseline,107.20194482803343,42.9,0,direct_json,0.583333,0.7,0.636364,0.0,0,10.9,45.5,2.3,99.7,105.8,19285.9,84.9,6859.6,4692.8,"{'timestamp': '2026-09-06T12:28:36.916625+00:00', 'model_version': 'llama3.1:8b', 'prompt_hash': 'a6af280e'}",06_P3
31,real_mixed_94,llama3.1:8b_baseline,110.23671293258668,43.6,0,direct_json,0.666667,0.4,0.5,0.0,0,9.5,36.8,2.3,98.7,105.4,19265.2,85.0,6859.6,4692.8,"{'timestamp': '2026-09-06T12:28:54.118453+00:00', 'model_version': 'llama3.1:8b', 'prompt_hash': 'a6af280e'}",06_P3
31,real_mixed_95,llama3.1:8b_baseline,112.76424026489258,44.75,0,direct_json,0.1,0.5,0.166667,0.0,0,9.5,36.8,2.2,98.7,105.4,19263.5,85.0,6859.6,4692.8,"{'timestamp': '2026-09-06T12:28:56.623779+00:00', 'model_version': 'llama3.1:8b', 'prompt_hash': 'a6af280e'}",06_P3
31,real_mixed_96,llama3.1:8b_baseline,106.21699404716492,43.78,0,direct_json,0.5,0.666667,0.571429,0.0,0,9.5,36.8,2.2,98.6,105.4,19268.3,85.0,6859.6,4692.8,"{'timestamp': '2026-09-06T12:28:50.084421+00:00', 'model_version': 'llama3.1:8b', 'prompt_hash': 'a6af280e'}",06_P3
32,real_mixed_97,llama3.1:8b_baseline,104.20608115196228,43.85,0,direct_json,0.5,0.555556,0.526316,0.0,0,18.5,100.0,2.4,98.8,105.5,19249.4,85.0,6859.6,4692.8,"{'timestamp': '2026-09-06T12:29:02.405902+00:00', 'model_version': 'llama3.1:8b', 'prompt_hash': 'a6af280e'}",06_P3
32,real_mixed_98,llama3.1:8b_baseline,110.22423815727234,43.23,0,direct_json,0.444444,0.285714,0.347826,0.0,0,18.6,66.7,2.3,99.1,105.6,19248.4,85.0,6859.6,4692.8,"{'timestamp': '2026-09-06T12:29:08.437281+00:00', 'model_version': 'llama3.1:8b', 'prompt_hash': 'a6af280e'}",06_P3
32,real_mixed_99,llama3.1:8b_baseline,101.18320679664612,44.44,0,direct_json,0.125,0.5,0.2,0.0,0,17.8,62.4,2.3,98.7,105.4,19250.3,85.0,6859.6,4692.8,"{'timestamp': '2026-09-06T12:28:59.373039+00:00', 'model_version': 'llama3.1:8b', 'prompt_hash': 'a6af280e'}",06_P3
33,real_mixed_100,llama3.1:8b_baseline,107.7462568283081,43.75,0,direct_json,0.0,0.0,0.0,0.0,0,10.4,100.0,2.2,99.2,106.7,19244.0,85.0,6859.6,4692.8,"{'timestamp': '2026-09-06T12:29:15.740116+00:00', 'model_version': 'llama3.1:8b', 'prompt_hash': 'a6af280e'}",06_P3
33,real_mixed_101,llama3.1:8b_baseline,104.21546602249146,44.15,0,direct_json,0.25,0.285714,0.266667,0.0,0,10.5,47.8,2.3,99.2,106.7,19243.2,85.0,6859.6,4692.8,"{'timestamp': '2026-09-06T12:29:12.209507+00:00', 'model_version': 'llama3.1:8b', 'prompt_hash': 'a6af280e'}",06_P3
33,real_mixed_102,llama3.1:8b_baseline,101.19576096534728,46.27,0,direct_json,0.0,0.0,0.0,0.0,0,9.4,36.8,2.3,99.2,106.5,19243.8,85.0,6859.6,4692.8,"{'timestamp': '2026-09-06T12:29:09.183458+00:00', 'model_version': 'llama3.1:8b', 'prompt_hash': 'a6af280e'}",06_P3
34,real_mixed_103,llama3.1:8b_baseline,95.15127801895142,45.59,0,direct_json,0.0,0.0,0.0,0.0,0,10.8,100.0,2.4,100.3,106.7,19238.3,85.0,6859.6,4692.8,"{'timestamp': '2026-09-06T12:29:16.730180+00:00', 'model_version': 'llama3.1:8b', 'prompt_hash': 'a6af280e'}",06_P3
34,real_mixed_104,llama3.1:8b_baseline,103.20926308631896,43.22,0,direct_json,0.352941,0.6,0.444444,0.0,0,10.9,37.8,2.3,100.2,106.7,19242.7,85.0,6859.6,4692.8,"{'timestamp': '2026-09-06T12:29:24.797576+00:00', 'model_version': 'llama3.1:8b', 'prompt_hash': 'a6af280e'}",06_P3
34,real_mixed_105,llama3.1:8b_baseline,98.68396520614624,43.44,0,direct_json,0.555556,0.5,0.526316,0.0,0,10.6,100.0,2.4,100.5,106.7,19237.2,85.0,6859.6,4692.8,"{'timestamp': '2026-09-06T12:29:20.272644+00:00', 'model_version': 'llama3.1:8b', 'prompt_hash': 'a6af280e'}",06_P3
35,real_mixed_106,llama3.1:8b_baseline,85.62204217910767,44.92,0,direct_json,0.2,0.5,0.285714,0.0,0,12.9,100.0,2.6,101.4,210.2,19232.3,85.0,6859.6,4692.8,"{'timestamp': '2026-09-06T12:29:26.308315+00:00', 'model_version': 'llama3.1:8b', 'prompt_hash': 'a6af280e'}",06_P3
35,real_mixed_107,llama3.1:8b_baseline,91.15513324737547,43.19,0,direct_json,0.692308,0.692308,0.692308,0.0,0,12.0,100.0,2.4,108.0,210.5,19235.1,84.9,6859.6,4692.8,"{'timestamp': '2026-09-06T12:29:31.842962+00:00', 'model_version': 'llama3.1:8b', 'prompt_hash': 'a6af280e'}",06_P3
35,real_mixed_108,llama3.1:8b_baseline,94.17187571525574,44.75,0,direct_json,0.285714,0.4,0.333333,0.0,0,13.0,59.4,2.3,111.1,210.5,19233.3,84.9,6859.6,4692.8,"{'timestamp': '2026-09-06T12:29:34.862675+00:00', 'model_version': 'llama3.1:8b', 'prompt_hash': 'a6af280e'}",06_P3
36,real_mixed_109,llama3.1:8b_baseline,98.7070450782776,43.97,0,direct_json,0.75,0.625,0.681818,0.0,0,9.7,36.9,2.3,127.6,210.5,19206.6,84.9,6859.6,4692.8,"{'timestamp': '2026-09-06T12:29:50.084218+00:00', 'model_version': 'llama3.1:8b', 'prompt_hash': 'a6af280e'}",06_P3
36,real_mixed_110,llama3.1:8b_baseline,93.172593832016,43.97,0,direct_json,0.444444,0.222222,0.296296,0.0,0,10.0,36.9,2.4,123.1,210.5,19213.7,84.9,6859.6,4692.8,"{'timestamp': '2026-09-06T12:29:44.551129+00:00', 'model_version': 'llama3.1:8b', 'prompt_hash': 'a6af280e'}",06_P3
36,real_mixed_111,llama3.1:8b_baseline,89.14447522163391,44.6,0,direct_json,0.757576,0.833333,0.793651,0.0,0,10.0,36.9,2.4,119.4,210.5,19217.1,84.9,6859.6,4692.8,"{'timestamp': '2026-09-06T12:29:40.528108+00:00', 'model_version': 'llama3.1:8b', 'prompt_hash': 'a6af280e'}",06_P3
37,real_mixed_112,llama3.1:8b_baseline,91.12497472763062,44.81,0,direct_json,0.3,0.6,0.4,0.0,0,10.2,50.0,2.3,132.7,210.5,19202.7,84.9,6859.6,4692.8,"{'timestamp': '2026-09-06T12:29:52.570577+00:00', 'model_version': 'llama3.1:8b', 'prompt_hash': 'a6af280e'}",06_P3
37,real_mixed_113,llama3.1:8b_baseline,94.65206909179688,44.56,0,direct_json,0.857143,0.666667,0.75,0.0,0,10.1,50.0,2.1,135.4,210.5,19197.5,84.9,6859.6,4692.8,"{'timestamp': '2026-09-06T12:29:56.103820+00:00', 'model_version': 'llama3.1:8b', 'prompt_hash': 'a6af280e'}",06_P3
37,real_mixed_114,llama3.1:8b_baseline,97.66564917564392,43.56,0,direct_json,0.333333,0.428571,0.375,0.0,0,10.1,36.9,2.2,135.3,210.5,19194.0,84.9,6859.6,4692.8,"{'timestamp': '2026-09-06T12:29:59.111991+00:00', 'model_version': 'llama3.1:8b', 'prompt_hash': 'a6af280e'}",06_P3
38,real_mixed_115,llama3.1:8b_baseline,88.12805199623108,44.48,0,direct_json,0.4,0.666667,0.5,0.2,1,12.5,70.0,2.0,138.7,210.5,19194.4,84.9,6859.6,4692.8,"{'timestamp': '2026-09-06T12:30:01.079060+00:00', 'model_version': 'llama3.1:8b', 'prompt_hash': 'a6af280e'}",06_P3
38,real_mixed_116,llama3.1:8b_baseline,95.68133282661438,40.36,0,direct_json,0.333333,1.0,0.5,0.3333333333333333,2,14.5,100.0,2.1,135.5,210.5,19182.6,84.9,6859.6,4692.8,"{'timestamp': '2026-09-06T12:30:08.636294+00:00', 'model_version': 'llama3.1:8b', 'prompt_hash': 'a6af280e'}",06_P3
38,real_mixed_117,llama3.1:8b_baseline,92.66598677635191,43.97,0,direct_json,0.375,0.375,0.375,0.0,0,12.2,47.1,2.4,136.8,210.5,19187.1,84.9,6859.6,4692.8,"{'timestamp': '2026-09-06T12:30:05.633186+00:00', 'model_version': 'llama3.1:8b', 'prompt_hash': 'a6af280e'}",06_P3
39,real_mixed_118,llama3.1:8b_baseline,88.17478823661804,42.82,0,direct_json,0.625,1.0,0.769231,0.0,0,11.7,71.5,2.2,139.4,210.5,19288.7,84.9,6859.6,4692.8,"{'timestamp': '2026-09-06T12:30:14.272969+00:00', 'model_version': 'llama3.1:8b', 'prompt_hash': 'a6af280e'}",06_P3
39,real_mixed_119,llama3.1:8b_baseline,91.70603513717651,27.12,0,direct_json,0.4,0.333333,0.363636,0.0,0,11.8,71.5,2.3,137.7,210.5,19582.5,84.9,6859.6,4692.8,"{'timestamp': '2026-09-06T12:30:17.805969+00:00', 'model_version': 'llama3.1:8b', 'prompt_hash': 'a6af280e'}",06_P3
39,real_mixed_120,llama3.1:8b_baseline,85.60267186164856,43.58,0,direct_json,0.333333,0.8,0.470588,0.0,0,11.8,71.5,2.2,140.7,210.5,19175.6,84.9,6859.6,4692.8,"{'timestamp': '2026-09-06T12:30:11.699690+00:00', 'model_version': 'llama3.1:8b', 'prompt_hash': 'a6af280e'}",06_P3
4,real_mixed_13,llama3.1:8b_kb_rag,11.221505880355837,26.79,0,direct_json,0.521739,0.705882,0.6,0.0,0,14.3,62.4,47.2,599.9,1102.3,26028.6,87.4,6859.6,4692.8,"{'timestamp': '2026-09-06T12:30:30.907015+00:00', 'model_version': 'llama3.1:8b', 'prompt_hash': 'a6af280e'}",06_P3
4,real_mixed_14,llama3.1:8b_kb_rag,35.82869291305542,26.88,0,direct_json,0.714286,0.833333,0.769231,0.0,0,12.0,62.4,10.3,235.0,1062.9,25937.1,87.4,6859.6,4692.8,"{'timestamp': '2026-09-06T12:30:56.000750+00:00', 'model_version': 'llama3.1:8b', 'prompt_hash': 'a6af280e'}",06_P3
4,real_mixed_15,llama3.1:8b_kb_rag,17.173084259033203,26.91,0,direct_json,0.277778,0.555556,0.37037,0.1111111111111111,2,20.9,89.7,26.1,417.3,975.6,25975.1,87.5,6859.6,4692.8,"{'timestamp': '2026-09-06T12:30:37.105752+00:00', 'model_version': 'llama3.1:8b', 'prompt_hash': 'a6af280e'}",06_P3
2,real_mixed_7,llama3.1:8b_kb_rag,23.304274797439575,26.61,0,direct_json,0.555556,0.357143,0.434783,0.0,0,12.7,62.4,18.6,324.1,1056.7,25926.7,87.5,6859.6,4692.8,"{'timestamp': '2026-09-06T12:30:43.408052+00:00', 'model_version': 'llama3.1:8b', 'prompt_hash': 'a6af280e'}",06_P3
2,real_mixed_8,llama3.1:8b_kb_rag,27.283849954605103,26.55,0,direct_json,0.5,0.333333,0.4,0.0,0,13.3,62.4,17.5,289.6,1057.3,25927.8,87.5,6859.6,4692.8,"{'timestamp': '2026-09-06T12:30:47.345081+00:00', 'model_version': 'llama3.1:8b', 'prompt_hash': 'a6af280e'}",06_P3
2,real_mixed_9,llama3.1:8b_kb_rag,38.79150485992432,29.7,0,direct_json,0.555556,0.5,0.526316,0.0,0,13.1,62.4,8.1,241.8,1056.7,25931.7,87.4,6859.6,4692.8,"{'timestamp': '2026-09-06T12:30:59.462282+00:00', 'model_version': 'llama3.1:8b', 'prompt_hash': 'a6af280e'}",06_P3
0,real_mixed_1,llama3.1:8b_kb_rag,72.52893495559692,43.41,0,direct_json,0.631579,0.923077,0.75,0.0,0,12.0,62.4,11.6,241.3,886.8,23076.1,86.2,6859.6,4692.8,"{'timestamp': '2026-09-06T12:31:33.236162+00:00', 'model_version': 'llama3.1:8b', 'prompt_hash': 'a6af280e'}",06_P3
0,real_mixed_2,llama3.1:8b_kb_rag,46.36266803741455,43.48,0,direct_json,0.545455,0.5,0.521739,0.0,0,10.2,62.4,9.8,260.8,806.6,25355.8,87.0,6859.6,4692.8,"{'timestamp': '2026-09-06T12:31:07.090517+00:00', 'model_version': 'llama3.1:8b', 'prompt_hash': 'a6af280e'}",06_P3
0,real_mixed_3,llama3.1:8b_kb_rag,69.0074999332428,43.49,0,direct_json,0.6,0.5,0.545455,0.0,0,10.8,62.4,7.3,248.1,806.6,23282.7,86.3,6859.6,4692.8,"{'timestamp': '2026-09-06T12:31:29.732226+00:00', 'model_version': 'llama3.1:8b', 'prompt_hash': 'a6af280e'}",06_P3
3,real_mixed_10,llama3.1:8b_kb_rag,42.30260896682739,43.29,0,direct_json,0.333333,0.666667,0.444444,0.0,0,12.0,62.4,13.0,265.3,1076.0,25885.6,87.3,6859.6,4692.8,"{'timestamp': '2026-09-06T12:31:03.009700+00:00', 'model_version': 'llama3.1:8b', 'prompt_hash': 'a6af280e'}",06_P3
3,real_mixed_11,llama3.1:8b_kb_rag,65.48065090179443,42.83,0,direct_json,0.727273,0.888889,0.8,0.0454545454545454,1,10.9,66.7,6.9,253.6,806.6,23509.1,86.4,6859.6,4692.8,"{'timestamp': '2026-09-06T12:31:26.196934+00:00', 'model_version': 'llama3.1:8b', 'prompt_hash': 'a6af280e'}",06_P3
3,real_mixed_12,llama3.1:8b_kb_rag,91.62410712242126,44.54,0,direct_json,0.375,0.428571,0.4,0.0,0,8.1,62.4,6.5,237.0,807.1,22229.6,85.9,6859.6,4692.8,"{'timestamp': '2026-09-06T12:31:52.408905+00:00', 'model_version': 'llama3.1:8b', 'prompt_hash': 'a6af280e'}",06_P3
7,real_mixed_22,llama3.1:8b_kb_rag,47.8524010181427,45.32,0,direct_json,0.0,0.0,0.0,0.0,0,11.7,62.4,17.7,262.2,970.7,25155.0,86.9,6859.6,4692.8,"{'timestamp': '2026-09-06T12:31:08.547456+00:00', 'model_version': 'llama3.1:8b', 'prompt_hash': 'a6af280e'}",06_P3
7,real_mixed_23,llama3.1:8b_kb_rag,104.7265169620514,43.77,0,direct_json,0.529412,0.6,0.5625,0.1176470588235294,2,7.9,62.4,21.5,238.6,806.7,21835.0,85.8,6859.6,4692.8,"{'timestamp': '2026-09-06T12:32:05.518070+00:00', 'model_version': 'llama3.1:8b', 'prompt_hash': 'a6af280e'}",06_P3
7,real_mixed_24,llama3.1:8b_kb_rag,58.44789505004883,44.07,0,direct_json,0.5,0.571429,0.533333,0.0,0,8.5,62.4,8.9,257.9,806.6,24047.2,86.6,6859.6,4692.8,"{'timestamp': '2026-09-06T12:31:19.176622+00:00', 'model_version': 'llama3.1:8b', 'prompt_hash': 'a6af280e'}",06_P3
6,real_mixed_19,llama3.1:8b_kb_rag,112.27841806411745,43.77,0,direct_json,0.684211,0.65,0.666667,0.0,0,8.4,62.4,11.6,248.1,807.0,21647.5,85.7,6859.6,4692.8,"{'timestamp': '2026-09-06T12:32:13.077057+00:00', 'model_version': 'llama3.1:8b', 'prompt_hash': 'a6af280e'}",06_P3
6,real_mixed_20,llama3.1:8b_kb_rag,77.03226399421692,43.55,0,direct_json,0.625,0.3125,0.416667,0.0,0,8.4,62.4,7.6,244.6,810.1,22834.2,86.1,6859.6,4692.8,"{'timestamp': '2026-09-06T12:31:37.879160+00:00', 'model_version': 'llama3.1:8b', 'prompt_hash': 'a6af280e'}",06_P3
6,real_mixed_21,llama3.1:8b_kb_rag,108.2877631187439,43.28,0,direct_json,0.833333,0.357143,0.5,0.1666666666666666,1,7.9,62.4,11.4,245.1,809.2,21744.1,85.7,6859.6,4692.8,"{'timestamp': '2026-09-06T12:32:09.127095+00:00', 'model_version': 'llama3.1:8b', 'prompt_hash': 'a6af280e'}",06_P3
5,real_mixed_16,llama3.1:8b_kb_rag,50.88178992271423,43.72,0,direct_json,0.777778,0.777778,0.777778,0.0,0,9.8,62.4,11.2,259.5,806.6,24786.0,86.8,6859.6,4692.8,"{'timestamp': '2026-09-06T12:31:11.604631+00:00', 'model_version': 'llama3.1:8b', 'prompt_hash': 'a6af280e'}",06_P3
5,real_mixed_17,llama3.1:8b_kb_rag,113.78508400917052,43.3,0,direct_json,0.4,1.0,0.571429,0.0,0,8.0,62.4,8.6,251.8,806.6,21613.4,85.7,6859.6,4692.8,"{'timestamp': '2026-09-06T12:32:14.548199+00:00', 'model_version': 'llama3.1:8b', 'prompt_hash': 'a6af280e'}",06_P3
5,real_mixed_18,llama3.1:8b_kb_rag,80.64780473709106,43.46,0,direct_json,0.727273,0.666667,0.695652,0.0,0,8.4,62.4,7.1,243.8,809.2,22667.4,86.1,6859.6,4692.8,"{'timestamp': '2026-09-06T12:31:41.485613+00:00', 'model_version': 'llama3.1:8b', 'prompt_hash': 'a6af280e'}",06_P3
8,real_mixed_25,llama3.1:8b_kb_rag,84.09921979904175,44.07,0,direct_json,0.416667,0.416667,0.416667,0.0,0,8.3,62.4,7.3,243.8,810.8,22515.6,86.0,6859.6,4692.8,"{'timestamp': '2026-09-06T12:31:44.947373+00:00', 'model_version': 'llama3.1:8b', 'prompt_hash': 'a6af280e'}",06_P3
8,real_mixed_26,llama3.1:8b_kb_rag,120.3622772693634,43.28,0,direct_json,0.636364,0.583333,0.608696,0.0,0,7.9,62.4,8.8,253.6,811.0,21465.6,85.6,6859.6,4692.8,"{'timestamp': '2026-09-06T12:32:21.238547+00:00', 'model_version': 'llama3.1:8b', 'prompt_hash': 'a6af280e'}",06_P3
8,real_mixed_27,llama3.1:8b_kb_rag,100.21202993392944,41.8,0,direct_json,0.807692,0.777778,0.792453,0.0,0,8.0,62.4,7.1,237.0,810.9,21956.0,85.8,6859.6,4692.8,"{'timestamp': '2026-09-06T12:32:01.066845+00:00', 'model_version': 'llama3.1:8b', 'prompt_hash': 'a6af280e'}",06_P3
1,real_mixed_4,llama3.1:8b_kb_rag,55.430148124694824,43.41,0,direct_json,0.642857,0.642857,0.642857,0.0,0,8.6,62.4,9.3,258.5,806.6,24318.6,86.7,6859.6,4692.8,"{'timestamp': '2026-09-06T12:31:16.173608+00:00', 'model_version': 'llama3.1:8b', 'prompt_hash': 'a6af280e'}",06_P3
1,real_mixed_5,llama3.1:8b_kb_rag,124.88998007774352,43.5,0,direct_json,0.5,0.6,0.545455,0.0,0,8.0,62.4,10.0,260.8,807.0,21375.3,85.6,6859.6,4692.8,"{'timestamp': '2026-09-06T12:32:25.680380+00:00', 'model_version': 'llama3.1:8b', 'prompt_hash': 'a6af280e'}",06_P3
1,real_mixed_6,llama3.1:8b_kb_rag,88.63424110412598,43.79,0,direct_json,0.833333,0.833333,0.833333,0.0,0,8.1,62.4,7.3,239.9,810.7,22337.8,86.0,6859.6,4692.8,"{'timestamp': '2026-09-06T12:31:49.495331+00:00', 'model_version': 'llama3.1:8b', 'prompt_hash': 'a6af280e'}",06_P3
9,real_mixed_28,llama3.1:8b_kb_rag,94.69706296920776,43.61,0,direct_json,0.8,0.533333,0.64,0.0,0,12.2,60.0,12.1,298.9,643.8,19520.9,84.8,6859.6,4692.8,"{'timestamp': '2026-09-06T12:32:31.135226+00:00', 'model_version': 'llama3.1:8b', 'prompt_hash': 'a6af280e'}",06_P3
9,real_mixed_29,llama3.1:8b_kb_rag,99.7002010345459,43.16,0,direct_json,0.434783,0.833333,0.571429,0.0,0,11.9,60.0,11.5,303.5,643.8,19502.2,84.8,6859.6,4692.8,"{'timestamp': '2026-09-06T12:32:36.139524+00:00', 'model_version': 'llama3.1:8b', 'prompt_hash': 'a6af280e'}",06_P3
9,real_mixed_30,llama3.1:8b_kb_rag,91.63694429397584,44.15,0,direct_json,0.666667,0.75,0.705882,0.0,0,14.8,60.0,12.9,288.7,643.6,19534.6,84.8,6859.6,4692.8,"{'timestamp': '2026-09-06T12:32:28.067463+00:00', 'model_version': 'llama3.1:8b', 'prompt_hash': 'a6af280e'}",06_P3
10,real_mixed_31,llama3.1:8b_kb_rag,98.25232219696044,45.0,0,direct_json,0.0,0.0,0.0,0.0,0,7.9,35.6,12.6,309.0,731.0,19295.6,84.7,6859.6,4692.8,"{'timestamp': '2026-09-06T12:32:38.070262+00:00', 'model_version': 'llama3.1:8b', 'prompt_hash': 'a6af280e'}",06_P3
10,real_mixed_32,llama3.1:8b_kb_rag,100.76026487350464,43.48,0,direct_json,0.181818,0.285714,0.222222,0.0,0,7.8,35.6,12.4,313.3,731.0,19285.5,84.7,6859.6,4692.8,"{'timestamp': '2026-09-06T12:32:40.584957+00:00', 'model_version': 'llama3.1:8b', 'prompt_hash': 'a6af280e'}",06_P3
10,real_mixed_33,llama3.1:8b_kb_rag,104.29868006706238,43.68,0,direct_json,0.7,0.538462,0.608696,0.0,0,8.0,35.6,11.2,313.5,731.0,19278.2,84.8,6859.6,4692.8,"{'timestamp': '2026-09-06T12:32:44.146342+00:00', 'model_version': 'llama3.1:8b', 'prompt_hash': 'a6af280e'}",06_P3
11,real_mixed_34,llama3.1:8b_kb_rag,75.02722907066345,44.13,0,direct_json,0.25,0.1,0.142857,0.0,0,10.9,60.0,15.1,355.4,731.3,19030.1,84.7,6859.6,4692.8,"{'timestamp': '2026-09-06T12:32:48.731993+00:00', 'model_version': 'llama3.1:8b', 'prompt_hash': 'a6af280e'}",06_P3
11,real_mixed_35,llama3.1:8b_kb_rag,78.55180311203003,43.48,0,direct_json,0.25,0.428571,0.315789,0.1666666666666666,2,10.1,60.0,14.4,360.8,731.3,19029.0,84.7,6859.6,4692.8,"{'timestamp': '2026-09-06T12:32:52.250006+00:00', 'model_version': 'llama3.1:8b', 'prompt_hash': 'a6af280e'}",06_P3
11,real_mixed_36,llama3.1:8b_kb_rag,72.51294898986816,43.71,0,direct_json,1.0,0.238095,0.384615,0.0,0,10.8,60.0,15.4,347.6,731.3,19032.5,84.7,6859.6,4692.8,"{'timestamp': '2026-09-06T12:32:46.221741+00:00', 'model_version': 'llama3.1:8b', 'prompt_hash': 'a6af280e'}",06_P3
12,real_mixed_37,llama3.1:8b_kb_rag,62.99669885635376,43.85,0,direct_json,0.9,0.75,0.818182,0.0,0,8.5,37.5,18.8,412.6,731.0,19039.3,84.7,6859.6,4692.8,"{'timestamp': '2026-09-06T12:32:55.875904+00:00', 'model_version': 'llama3.1:8b', 'prompt_hash': 'a6af280e'}",06_P3
12,real_mixed_38,llama3.1:8b_kb_rag,67.0291121006012,43.46,0,direct_json,0.727273,0.615385,0.666667,0.0,0,8.6,35.6,18.1,412.7,731.0,19044.9,84.7,6859.6,4692.8,"{'timestamp': '2026-09-06T12:32:59.915132+00:00', 'model_version': 'llama3.1:8b', 'prompt_hash': 'a6af280e'}",06_P3
12,real_mixed_39,llama3.1:8b_kb_rag,69.52099394798279,43.93,0,direct_json,0.8,0.571429,0.666667,0.0,0,8.7,50.0,16.4,412.4,731.0,19054.3,84.7,6859.6,4692.8,"{'timestamp': '2026-09-06T12:33:02.400660+00:00', 'model_version': 'llama3.1:8b', 'prompt_hash': 'a6af280e'}",06_P3
13,real_mixed_40,llama3.1:8b_kb_rag,68.00189113616943,44.01,0,direct_json,0.666667,0.5,0.571429,0.0,0,13.8,100.0,16.5,441.6,731.3,19078.1,84.7,6859.6,4692.8,"{'timestamp': '2026-09-06T12:33:13.921168+00:00', 'model_version': 'llama3.1:8b', 'prompt_hash': 'a6af280e'}",06_P3
13,real_mixed_41,llama3.1:8b_kb_rag,60.42875862121582,42.89,0,direct_json,0.857143,0.666667,0.75,0.0,0,15.8,100.0,18.8,457.4,731.3,19063.6,84.7,6859.6,4692.8,"{'timestamp': '2026-09-06T12:33:06.353553+00:00', 'model_version': 'llama3.1:8b', 'prompt_hash': 'a6af280e'}",06_P3
13,real_mixed_42,llama3.1:8b_kb_rag,65.4675989151001,43.43,0,direct_json,0.714286,0.625,0.666667,0.0,0,14.5,100.0,18.0,448.4,731.3,19072.7,84.7,6859.6,4692.8,"{'timestamp': '2026-09-06T12:33:11.398430+00:00', 'model_version': 'llama3.1:8b', 'prompt_hash': 'a6af280e'}",06_P3
14,real_mixed_43,llama3.1:8b_kb_rag,75.53234100341797,41.21,0,direct_json,0.666667,0.666667,0.666667,0.0,0,8.8,38.4,29.2,431.2,731.0,19095.9,84.7,6859.6,4692.8,"{'timestamp': '2026-09-06T12:33:29.089191+00:00', 'model_version': 'llama3.1:8b', 'prompt_hash': 'a6af280e'}",06_P3
14,real_mixed_44,llama3.1:8b_kb_rag,65.98282527923584,43.22,0,direct_json,0.555556,0.714286,0.625,0.0,0,9.0,38.4,78.9,444.8,731.0,19092.7,84.6,6859.6,4692.8,"{'timestamp': '2026-09-06T12:33:19.537734+00:00', 'model_version': 'llama3.1:8b', 'prompt_hash': 'a6af280e'}",06_P3
14,real_mixed_45,llama3.1:8b_kb_rag,79.07741904258728,43.2,0,direct_json,0.642857,0.75,0.692308,0.0,0,8.9,38.4,14.5,423.1,731.0,19096.4,84.7,6859.6,4692.8,"{'timestamp': '2026-09-06T12:33:32.635104+00:00', 'model_version': 'llama3.1:8b', 'prompt_hash': 'a6af280e'}",06_P3
15,real_mixed_46,llama3.1:8b_kb_rag,80.10710597038269,44.28,0,direct_json,0.5,0.214286,0.3,0.0,0,8.9,44.9,42.4,426.1,731.0,19095.6,84.7,6859.6,4692.8,"{'timestamp': '2026-09-06T12:33:35.008945+00:00', 'model_version': 'llama3.1:8b', 'prompt_hash': 'a6af280e'}",06_P3
15,real_mixed_47,llama3.1:8b_kb_rag,87.68901085853577,43.28,0,direct_json,0.769231,0.769231,0.769231,0.0769230769230769,2,10.5,45.8,13.3,411.9,731.0,19089.3,84.7,6859.6,4692.8,"{'timestamp': '2026-09-06T12:33:42.609195+00:00', 'model_version': 'llama3.1:8b', 'prompt_hash': 'a6af280e'}",06_P3
15,real_mixed_48,llama3.1:8b_kb_rag,83.13147497177124,44.22,0,direct_json,0.25,0.333333,0.285714,0.0,0,8.9,44.9,14.9,421.9,731.0,19090.5,84.7,6859.6,4692.8,"{'timestamp': '2026-09-06T12:33:38.027603+00:00', 'model_version': 'llama3.1:8b', 'prompt_hash': 'a6af280e'}",06_P3
16,real_mixed_49,llama3.1:8b_kb_rag,88.17759609222412,43.06,0,direct_json,0.538462,0.5,0.518519,0.0769230769230769,1,9.0,44.9,14.1,414.9,731.1,19098.2,84.7,6859.6,4692.8,"{'timestamp': '2026-09-06T12:33:49.795898+00:00', 'model_version': 'llama3.1:8b', 'prompt_hash': 'a6af280e'}",06_P3
16,real_mixed_50,llama3.1:8b_kb_rag,84.11318397521973,43.86,0,direct_json,0.5,0.454545,0.47619,0.0,0,9.0,44.9,14.6,416.3,731.0,19105.1,84.7,6859.6,4692.8,"{'timestamp': '2026-09-06T12:33:45.724492+00:00', 'model_version': 'llama3.1:8b', 'prompt_hash': 'a6af280e'}",06_P3
16,real_mixed_51,llama3.1:8b_kb_rag,90.17317390441896,44.91,0,direct_json,0.0,0.0,0.0,1.0,2,8.9,44.9,12.8,410.6,731.0,19095.6,84.7,6859.6,4692.8,"{'timestamp': '2026-09-06T12:33:51.786392+00:00', 'model_version': 'llama3.1:8b', 'prompt_hash': 'a6af280e'}",06_P3
17,real_mixed_52,llama3.1:8b_kb_rag,94.14197778701782,43.21,0,direct_json,0.538462,0.5,0.518519,0.0,0,16.7,100.0,13.4,416.8,731.3,19100.8,84.7,6859.6,4692.8,"{'timestamp': '2026-09-06T12:34:00.198585+00:00', 'model_version': 'llama3.1:8b', 'prompt_hash': 'a6af280e'}",06_P3
17,real_mixed_53,llama3.1:8b_kb_rag,90.6421959400177,43.99,0,direct_json,0.416667,0.833333,0.555556,0.0,0,15.4,100.0,13.9,417.9,731.3,19099.8,84.7,6859.6,4692.8,"{'timestamp': '2026-09-06T12:33:56.689966+00:00', 'model_version': 'llama3.1:8b', 'prompt_hash': 'a6af280e'}",06_P3
17,real_mixed_54,llama3.1:8b_kb_rag,87.6082010269165,43.49,0,direct_json,0.428571,0.75,0.545455,0.0,0,14.3,50.0,13.5,415.3,731.3,19101.6,84.7,6859.6,4692.8,"{'timestamp': '2026-09-06T12:33:53.657507+00:00', 'model_version': 'llama3.1:8b', 'prompt_hash': 'a6af280e'}",06_P3
18,real_mixed_55,llama3.1:8b_kb_rag,96.70382285118104,43.01,0,direct_json,0.272727,0.333333,0.3,0.0,0,10.7,75.0,12.0,403.6,731.3,19126.8,84.7,6859.6,4692.8,"{'timestamp': '2026-09-06T12:34:13.349564+00:00', 'model_version': 'llama3.1:8b', 'prompt_hash': 'a6af280e'}",06_P3
18,real_mixed_56,llama3.1:8b_kb_rag,93.192364692688,42.89,0,direct_json,0.235294,0.285714,0.258065,0.0,0,9.6,44.9,13.2,407.0,731.2,19115.4,84.7,6859.6,4692.8,"{'timestamp': '2026-09-06T12:34:09.842646+00:00', 'model_version': 'llama3.1:8b', 'prompt_hash': 'a6af280e'}",06_P3
18,real_mixed_57,llama3.1:8b_kb_rag,88.14449620246887,42.96,0,direct_json,0.608696,0.777778,0.682927,0.1739130434782608,4,12.4,53.8,13.8,410.6,731.2,19101.9,84.7,6859.6,4692.8,"{'timestamp': '2026-09-06T12:34:04.791141+00:00', 'model_version': 'llama3.1:8b', 'prompt_hash': 'a6af280e'}",06_P3
19,real_mixed_58,llama3.1:8b_kb_rag,92.2086489200592,43.11,0,direct_json,0.384615,0.454545,0.416667,0.0,0,9.5,44.9,13.5,407.2,699.1,19146.3,84.7,6859.6,4692.8,"{'timestamp': '2026-09-06T12:34:16.723815+00:00', 'model_version': 'llama3.1:8b', 'prompt_hash': 'a6af280e'}",06_P3
19,real_mixed_59,llama3.1:8b_kb_rag,99.25499486923218,42.01,0,direct_json,0.772727,0.894737,0.829268,0.0,0,9.5,44.9,12.5,398.5,699.1,19161.4,84.7,6859.6,4692.8,"{'timestamp': '2026-09-06T12:34:23.767625+00:00', 'model_version': 'llama3.1:8b', 'prompt_hash': 'a6af280e'}",06_P3
19,real_mixed_60,llama3.1:8b_kb_rag,102.77291107177734,42.66,0,direct_json,0.636364,0.538462,0.583333,0.0,0,9.3,44.9,11.5,391.9,699.1,19170.3,84.7,6859.6,4692.8,"{'timestamp': '2026-09-06T12:34:27.294838+00:00', 'model_version': 'llama3.1:8b', 'prompt_hash': 'a6af280e'}",06_P3
20,real_mixed_61,llama3.1:8b_kb_rag,110.81371307373048,40.64,0,direct_json,0.548387,0.586207,0.566667,0.0,0,9.5,44.9,11.5,368.3,698.2,19188.8,84.7,6859.6,4692.8,"{'timestamp': '2026-09-06T12:34:43.481775+00:00', 'model_version': 'llama3.1:8b', 'prompt_hash': 'a6af280e'}",06_P3
20,real_mixed_62,llama3.1:8b_kb_rag,99.73183679580688,42.77,0,direct_json,0.357143,0.454545,0.4,0.0,0,9.7,44.9,12.3,384.7,698.2,19186.5,84.7,6859.6,4692.8,"{'timestamp': '2026-09-06T12:34:32.366569+00:00', 'model_version': 'llama3.1:8b', 'prompt_hash': 'a6af280e'}",06_P3
20,real_mixed_63,llama3.1:8b_kb_rag,113.8212640285492,44.11,0,direct_json,0.1,0.125,0.111111,0.0,0,9.4,44.9,10.4,362.5,698.2,19191.3,84.7,6859.6,4692.8,"{'timestamp': '2026-09-06T12:34:46.464437+00:00', 'model_version': 'llama3.1:8b', 'prompt_hash': 'a6af280e'}",06_P3
21,real_mixed_64,llama3.1:8b_kb_rag,105.78182625770567,43.6,0,direct_json,0.0,0.0,0.0,0.0,0,14.0,100.0,19.9,351.5,604.0,19191.0,84.7,6859.6,4692.8,"{'timestamp': '2026-09-06T12:34:48.606584+00:00', 'model_version': 'llama3.1:8b', 'prompt_hash': 'a6af280e'}",06_P3
21,real_mixed_65,llama3.1:8b_kb_rag,111.81854486465454,42.96,0,direct_json,0.4,0.25,0.307692,0.0,0,12.5,58.3,11.3,350.2,604.0,19191.5,84.7,6859.6,4692.8,"{'timestamp': '2026-09-06T12:34:54.651323+00:00', 'model_version': 'llama3.1:8b', 'prompt_hash': 'a6af280e'}",06_P3
21,real_mixed_66,llama3.1:8b_kb_rag,109.37439107894896,42.38,0,direct_json,0.692308,0.45,0.545455,0.0,0,10.2,48.1,11.0,353.2,603.9,19186.3,84.7,6859.6,4692.8,"{'timestamp': '2026-09-06T12:34:52.223955+00:00', 'model_version': 'llama3.1:8b', 'prompt_hash': 'a6af280e'}",06_P3
22,real_mixed_67,llama3.1:8b_kb_rag,109.21943616867064,42.43,0,direct_json,0.4,0.352941,0.375,0.1333333333333333,2,9.9,44.9,13.5,352.3,600.6,19200.8,84.7,6859.6,4692.8,"{'timestamp': '2026-09-06T12:35:03.526680+00:00', 'model_version': 'llama3.1:8b', 'prompt_hash': 'a6af280e'}",06_P3
22,real_mixed_68,llama3.1:8b_kb_rag,105.71883606910706,42.76,0,direct_json,0.571429,0.923077,0.705882,0.0,0,9.9,44.9,13.4,354.8,600.6,19195.5,84.7,6859.6,4692.8,"{'timestamp': '2026-09-06T12:35:00.017478+00:00', 'model_version': 'llama3.1:8b', 'prompt_hash': 'a6af280e'}",06_P3
22,real_mixed_69,llama3.1:8b_kb_rag,113.33211016654968,42.91,0,direct_json,0.625,0.416667,0.5,0.0,0,9.9,44.9,10.7,346.5,600.6,19210.7,84.7,6859.6,4692.8,"{'timestamp': '2026-09-06T12:35:07.649290+00:00', 'model_version': 'llama3.1:8b', 'prompt_hash': 'a6af280e'}",06_P3
23,real_mixed_70,llama3.1:8b_kb_rag,99.29248309135436,42.63,0,direct_json,0.619048,0.619048,0.619048,0.0,0,12.0,50.0,13.6,347.0,600.2,19237.6,84.7,6859.6,4692.8,"{'timestamp': '2026-09-06T12:35:12.369358+00:00', 'model_version': 'llama3.1:8b', 'prompt_hash': 'a6af280e'}",06_P3
23,real_mixed_71,llama3.1:8b_kb_rag,106.27820301055908,44.0,0,direct_json,0.0,0.0,0.0,0.6666666666666666,2,15.8,53.8,11.7,339.1,598.3,19246.2,84.7,6859.6,4692.8,"{'timestamp': '2026-09-06T12:35:19.347890+00:00', 'model_version': 'llama3.1:8b', 'prompt_hash': 'a6af280e'}",06_P3
23,real_mixed_72,llama3.1:8b_kb_rag,103.7553689479828,43.41,0,direct_json,0.363636,0.571429,0.444444,0.3181818181818182,7,15.6,100.0,11.9,342.3,598.3,19244.5,84.7,6859.6,4692.8,"{'timestamp': '2026-09-06T12:35:16.833500+00:00', 'model_version': 'llama3.1:8b', 'prompt_hash': 'a6af280e'}",06_P3
24,real_mixed_73,llama3.1:8b_kb_rag,103.25220894813538,43.26,0,direct_json,0.7,0.466667,0.56,0.0,0,10.5,42.5,12.7,360.6,665.0,19267.8,84.6,6859.6,4692.8,"{'timestamp': '2026-09-06T12:35:26.264055+00:00', 'model_version': 'llama3.1:8b', 'prompt_hash': 'a6af280e'}",06_P3
24,real_mixed_74,llama3.1:8b_kb_rag,100.182678937912,43.59,0,direct_json,0.666667,0.6,0.631579,0.0,0,10.5,42.5,13.2,358.1,665.0,19268.1,84.6,6859.6,4692.8,"{'timestamp': '2026-09-06T12:35:23.187718+00:00', 'model_version': 'llama3.1:8b', 'prompt_hash': 'a6af280e'}",06_P3
24,real_mixed_75,llama3.1:8b_kb_rag,106.25994396209715,43.82,0,direct_json,0.5,0.666667,0.571429,0.0,0,10.3,42.5,11.8,361.2,665.0,19268.8,84.6,6859.6,4692.8,"{'timestamp': '2026-09-06T12:35:29.254743+00:00', 'model_version': 'llama3.1:8b', 'prompt_hash': 'a6af280e'}",06_P3
25,real_mixed_76,llama3.1:8b_kb_rag,98.23908400535583,44.76,0,direct_json,0.0,0.0,0.0,0.0,0,15.1,100.0,13.3,356.8,684.5,19294.3,84.6,6859.6,4692.8,"{'timestamp': '2026-09-06T12:35:30.429057+00:00', 'model_version': 'llama3.1:8b', 'prompt_hash': 'a6af280e'}",06_P3
25,real_mixed_77,llama3.1:8b_kb_rag,102.41046404838562,43.44,0,direct_json,0.615385,0.4,0.484848,0.0,0,13.5,66.7,12.3,366.9,679.2,19287.6,84.6,6859.6,4692.8,"{'timestamp': '2026-09-06T12:35:34.640375+00:00', 'model_version': 'llama3.1:8b', 'prompt_hash': 'a6af280e'}",06_P3
25,real_mixed_78,llama3.1:8b_kb_rag,107.4375250339508,42.93,0,direct_json,0.333333,1.0,0.5,0.25,3,13.4,66.7,12.4,368.5,679.2,19281.4,84.6,6859.6,4692.8,"{'timestamp': '2026-09-06T12:35:39.638570+00:00', 'model_version': 'llama3.1:8b', 'prompt_hash': 'a6af280e'}",06_P3
26,real_mixed_79,llama3.1:8b_kb_rag,118.88560891151428,40.82,0,direct_json,0.615385,0.8,0.695652,0.0,0,9.9,42.5,11.2,374.9,687.1,19313.6,84.6,6859.6,4692.8,"{'timestamp': '2026-09-06T12:35:59.514464+00:00', 'model_version': 'llama3.1:8b', 'prompt_hash': 'a6af280e'}",06_P3
26,real_mixed_80,llama3.1:8b_kb_rag,107.8169448375702,42.92,0,direct_json,0.457143,0.666667,0.542373,0.0571428571428571,2,10.3,50.5,12.7,380.1,687.1,19300.5,84.6,6859.6,4692.8,"{'timestamp': '2026-09-06T12:35:48.465529+00:00', 'model_version': 'llama3.1:8b', 'prompt_hash': 'a6af280e'}",06_P3
26,real_mixed_81,llama3.1:8b_kb_rag,110.83182191848756,43.49,0,direct_json,0.444444,0.363636,0.4,0.0,0,10.0,42.5,11.3,380.4,687.1,19303.6,84.6,6859.6,4692.8,"{'timestamp': '2026-09-06T12:35:51.470034+00:00', 'model_version': 'llama3.1:8b', 'prompt_hash': 'a6af280e'}",06_P3
27,real_mixed_82,llama3.1:8b_kb_rag,111.88707304000854,43.17,0,direct_json,0.333333,0.444444,0.380952,0.0,0,15.7,50.3,12.1,366.5,687.1,19305.1,84.6,6859.6,4692.8,"{'timestamp': '2026-09-06T12:36:05.703417+00:00', 'model_version': 'llama3.1:8b', 'prompt_hash': 'a6af280e'}",06_P3
27,real_mixed_83,llama3.1:8b_kb_rag,108.85966205596924,42.8,0,direct_json,0.8,0.8,0.8,0.0,0,14.6,100.0,12.2,369.2,687.1,19307.6,84.6,6859.6,4692.8,"{'timestamp': '2026-09-06T12:36:02.676785+00:00', 'model_version': 'llama3.1:8b', 'prompt_hash': 'a6af280e'}",06_P3
27,real_mixed_84,llama3.1:8b_kb_rag,114.50636315345764,44.15,0,direct_json,0.75,0.666667,0.705882,0.125,1,12.1,100.0,11.1,364.2,687.1,19304.0,84.6,6859.6,4692.8,"{'timestamp': '2026-09-06T12:36:08.324867+00:00', 'model_version': 'llama3.1:8b', 'prompt_hash': 'a6af280e'}",06_P3
28,real_mixed_85,llama3.1:8b_kb_rag,106.4079089164734,43.99,0,direct_json,0.714286,0.625,0.666667,0.0,0,9.7,42.3,12.3,373.4,687.1,19289.3,84.6,6859.6,4692.8,"{'timestamp': '2026-09-06T12:36:14.147146+00:00', 'model_version': 'llama3.1:8b', 'prompt_hash': 'a6af280e'}",06_P3
28,real_mixed_86,llama3.1:8b_kb_rag,109.83104991912842,43.53,0,direct_json,0.818182,0.692308,0.75,0.0,0,9.8,42.3,12.0,370.3,687.1,19289.0,84.6,6859.6,4692.8,"{'timestamp': '2026-09-06T12:36:17.577383+00:00', 'model_version': 'llama3.1:8b', 'prompt_hash': 'a6af280e'}",06_P3
28,real_mixed_87,llama3.1:8b_kb_rag,103.85986399650574,43.73,0,direct_json,0.714286,0.714286,0.714286,0.0,0,9.8,42.3,11.9,374.8,687.1,19290.9,84.6,6859.6,4692.8,"{'timestamp': '2026-09-06T12:36:11.595801+00:00', 'model_version': 'llama3.1:8b', 'prompt_hash': 'a6af280e'}",06_P3
29,real_mixed_88,llama3.1:8b_kb_rag,93.26658010482788,43.88,0,direct_json,0.4,1.0,0.571429,0.0,0,9.7,42.3,17.6,395.1,687.1,19302.9,84.5,6859.6,4692.8,"{'timestamp': '2026-09-06T12:36:20.128954+00:00', 'model_version': 'llama3.1:8b', 'prompt_hash': 'a6af280e'}",06_P3
29,real_mixed_89,llama3.1:8b_kb_rag,101.76072883605956,43.47,0,direct_json,0.571429,0.307692,0.4,0.0,0,9.6,42.3,12.2,386.0,687.1,19303.5,84.5,6859.6,4692.8,"{'timestamp': '2026-09-06T12:36:28.636506+00:00', 'model_version': 'llama3.1:8b', 'prompt_hash': 'a6af280e'}",06_P3
29,real_mixed_90,llama3.1:8b_kb_rag,98.87010526657104,42.93,0,direct_json,0.25,0.625,0.357143,0.0,0,9.7,42.3,12.9,390.6,687.1,19303.1,84.5,6859.6,4692.8,"{'timestamp': '2026-09-06T12:36:25.734365+00:00', 'model_version': 'llama3.1:8b', 'prompt_hash': 'a6af280e'}",06_P3
30,real_mixed_91,llama3.1:8b_kb_rag,100.84057807922365,42.28,0,direct_json,0.7,0.583333,0.636364,0.0,0,14.0,90.6,12.7,386.1,687.1,19310.6,84.6,6859.6,4692.8,"{'timestamp': '2026-09-06T12:36:35.910559+00:00', 'model_version': 'llama3.1:8b', 'prompt_hash': 'a6af280e'}",06_P3
30,real_mixed_92,llama3.1:8b_kb_rag,104.29393196105956,43.05,0,direct_json,0.538462,0.466667,0.5,0.0769230769230769,1,9.5,42.3,11.9,381.2,687.1,19307.4,84.6,6859.6,4692.8,"{'timestamp': '2026-09-06T12:36:39.367736+00:00', 'model_version': 'llama3.1:8b', 'prompt_hash': 'a6af280e'}",06_P3
30,real_mixed_93,llama3.1:8b_kb_rag,97.33213424682616,42.83,0,direct_json,0.666667,0.8,0.727273,0.0,0,13.6,90.6,13.0,390.3,687.1,19312.3,84.5,6859.6,4692.8,"{'timestamp': '2026-09-06T12:36:32.399407+00:00', 'model_version': 'llama3.1:8b', 'prompt_hash': 'a6af280e'}",06_P3
31,real_mixed_94,llama3.1:8b_kb_rag,97.28781604766846,42.35,0,direct_json,0.6,0.45,0.514286,0.1333333333333333,2,9.3,46.0,12.9,399.1,687.1,19292.8,84.6,6859.6,4692.8,"{'timestamp': '2026-09-06T12:36:45.369148+00:00', 'model_version': 'llama3.1:8b', 'prompt_hash': 'a6af280e'}",06_P3
31,real_mixed_95,llama3.1:8b_kb_rag,93.76870918273926,42.94,0,direct_json,0.111111,0.5,0.181818,0.0,0,9.3,46.0,13.0,392.4,687.1,19294.6,84.6,6859.6,4692.8,"{'timestamp': '2026-09-06T12:36:41.826456+00:00', 'model_version': 'llama3.1:8b', 'prompt_hash': 'a6af280e'}",06_P3
31,real_mixed_96,llama3.1:8b_kb_rag,100.33148694038393,43.4,0,direct_json,0.571429,0.666667,0.615385,0.0,0,9.3,46.0,12.1,398.8,687.1,19297.0,84.6,6859.6,4692.8,"{'timestamp': '2026-09-06T12:36:48.415227+00:00', 'model_version': 'llama3.1:8b', 'prompt_hash': 'a6af280e'}",06_P3
32,real_mixed_97,llama3.1:8b_kb_rag,92.74255800247192,44.41,0,direct_json,0.4,0.444444,0.421053,0.0,0,13.3,62.5,11.5,410.1,687.1,19290.1,84.6,6859.6,4692.8,"{'timestamp': '2026-09-06T12:36:52.569193+00:00', 'model_version': 'llama3.1:8b', 'prompt_hash': 'a6af280e'}",06_P3
32,real_mixed_98,llama3.1:8b_kb_rag,97.84389781951904,43.09,0,direct_json,0.4,0.214286,0.27907,0.0,0,12.2,55.0,11.2,407.4,687.1,19298.2,84.6,6859.6,4692.8,"{'timestamp': '2026-09-06T12:36:57.691837+00:00', 'model_version': 'llama3.1:8b', 'prompt_hash': 'a6af280e'}",06_P3
32,real_mixed_99,llama3.1:8b_kb_rag,90.69366979599,44.22,0,direct_json,0.125,0.5,0.2,0.0,0,17.0,90.6,12.1,409.6,687.1,19285.3,84.6,6859.6,4692.8,"{'timestamp': '2026-09-06T12:36:50.511649+00:00', 'model_version': 'llama3.1:8b', 'prompt_hash': 'a6af280e'}",06_P3
33,real_mixed_100,llama3.1:8b_kb_rag,95.17818307876588,43.33,0,direct_json,0.0,0.0,0.0,0.0,0,9.2,46.0,10.8,383.0,687.1,19309.3,84.5,6859.6,4692.8,"{'timestamp': '2026-09-06T12:37:04.828778+00:00', 'model_version': 'llama3.1:8b', 'prompt_hash': 'a6af280e'}",06_P3
33,real_mixed_101,llama3.1:8b_kb_rag,91.65087103843688,43.52,0,direct_json,0.5,0.571429,0.533333,0.0,0,9.0,46.0,15.2,391.4,687.1,19303.6,84.6,6859.6,4692.8,"{'timestamp': '2026-09-06T12:37:01.290561+00:00', 'model_version': 'llama3.1:8b', 'prompt_hash': 'a6af280e'}",06_P3
33,real_mixed_102,llama3.1:8b_kb_rag,89.15065217018127,46.51,0,direct_json,0.0,0.0,0.0,0.0,0,9.1,46.0,10.7,395.8,687.1,19300.6,84.6,6859.6,4692.8,"{'timestamp': '2026-09-06T12:36:58.791078+00:00', 'model_version': 'llama3.1:8b', 'prompt_hash': 'a6af280e'}",06_P3
34,real_mixed_103,llama3.1:8b_kb_rag,86.60307288169861,45.09,0,direct_json,0.0,0.0,0.0,0.0,0,13.2,46.0,9.4,366.6,687.1,19328.0,84.5,6859.6,4692.8,"{'timestamp': '2026-09-06T12:37:06.669895+00:00', 'model_version': 'llama3.1:8b', 'prompt_hash': 'a6af280e'}",06_P3
34,real_mixed_104,llama3.1:8b_kb_rag,89.69412088394165,43.68,0,direct_json,0.294118,0.5,0.37037,0.1176470588235294,2,10.9,46.0,9.1,359.9,687.1,19328.5,84.5,6859.6,4692.8,"{'timestamp': '2026-09-06T12:37:09.779716+00:00', 'model_version': 'llama3.1:8b', 'prompt_hash': 'a6af280e'}",06_P3
34,real_mixed_105,llama3.1:8b_kb_rag,93.2481608390808,43.28,0,direct_json,0.7,0.7,0.7,0.0,0,10.9,46.0,8.7,352.2,687.1,19331.9,84.5,6859.6,4692.8,"{'timestamp': '2026-09-06T12:37:13.334051+00:00', 'model_version': 'llama3.1:8b', 'prompt_hash': 'a6af280e'}",06_P3
35,real_mixed_106,llama3.1:8b_kb_rag,80.71313619613647,44.77,0,direct_json,0.2,0.5,0.285714,0.0,0,10.4,46.0,9.2,313.9,613.2,19332.4,84.5,6859.6,4692.8,"{'timestamp': '2026-09-06T12:37:20.651575+00:00', 'model_version': 'llama3.1:8b', 'prompt_hash': 'a6af280e'}",06_P3
35,real_mixed_107,llama3.1:8b_kb_rag,79.07679510116577,42.79,0,direct_json,0.8,0.923077,0.857143,0.0,0,10.4,46.0,8.6,318.4,613.2,19329.6,84.5,6859.6,4692.8,"{'timestamp': '2026-09-06T12:37:19.019985+00:00', 'model_version': 'llama3.1:8b', 'prompt_hash': 'a6af280e'}",06_P3
35,real_mixed_108,llama3.1:8b_kb_rag,83.60604786872864,43.27,0,direct_json,0.363636,0.8,0.5,0.0,0,10.2,46.0,9.0,308.0,613.2,19339.8,84.5,6859.6,4692.8,"{'timestamp': '2026-09-06T12:37:23.542663+00:00', 'model_version': 'llama3.1:8b', 'prompt_hash': 'a6af280e'}",06_P3
36,real_mixed_109,llama3.1:8b_kb_rag,84.11602878570557,43.35,0,direct_json,0.75,0.625,0.681818,0.0,0,16.0,66.7,7.7,289.9,613.2,19357.4,84.4,6859.6,4692.8,"{'timestamp': '2026-09-06T12:37:32.875580+00:00', 'model_version': 'llama3.1:8b', 'prompt_hash': 'a6af280e'}",06_P3
36,real_mixed_110,llama3.1:8b_kb_rag,79.06498908996582,43.54,0,direct_json,0.545455,0.333333,0.413793,0.0,0,17.5,83.9,7.7,300.8,613.2,19356.2,84.4,6859.6,4692.8,"{'timestamp': '2026-09-06T12:37:27.808386+00:00', 'model_version': 'llama3.1:8b', 'prompt_hash': 'a6af280e'}",06_P3
36,real_mixed_111,llama3.1:8b_kb_rag,90.16080617904665,44.09,0,direct_json,0.702703,0.866667,0.776119,0.027027027027027,1,15.3,46.0,6.5,277.2,613.2,19363.8,84.4,6859.6,4692.8,"{'timestamp': '2026-09-06T12:37:38.925004+00:00', 'model_version': 'llama3.1:8b', 'prompt_hash': 'a6af280e'}",06_P3
37,real_mixed_112,llama3.1:8b_kb_rag,83.5676281452179,44.06,0,direct_json,0.333333,0.6,0.428571,0.0,0,10.9,46.0,16.9,261.6,614.1,19383.8,84.3,6859.6,4692.8,"{'timestamp': '2026-09-06T12:37:41.569594+00:00', 'model_version': 'llama3.1:8b', 'prompt_hash': 'a6af280e'}",06_P3
37,real_mixed_113,llama3.1:8b_kb_rag,86.582190990448,43.84,0,direct_json,1.0,0.777778,0.875,0.0,0,11.4,46.8,5.5,256.1,614.0,19392.1,84.3,6859.6,4692.8,"{'timestamp': '2026-09-06T12:37:44.596492+00:00', 'model_version': 'llama3.1:8b', 'prompt_hash': 'a6af280e'}",06_P3
37,real_mixed_114,llama3.1:8b_kb_rag,89.63529205322266,43.86,0,direct_json,0.384615,0.714286,0.5,0.0769230769230769,1,10.4,48.1,5.2,250.9,614.1,19399.8,84.3,6859.6,4692.8,"{'timestamp': '2026-09-06T12:37:47.648614+00:00', 'model_version': 'llama3.1:8b', 'prompt_hash': 'a6af280e'}",06_P3
38,real_mixed_115,llama3.1:8b_kb_rag,80.09000396728516,44.87,0,direct_json,0.6,1.0,0.75,0.0,0,11.4,46.3,4.7,235.1,595.1,19417.2,84.2,6859.6,4692.8,"{'timestamp': '2026-09-06T12:37:49.130472+00:00', 'model_version': 'llama3.1:8b', 'prompt_hash': 'a6af280e'}",06_P3
38,real_mixed_116,llama3.1:8b_kb_rag,82.58936905860901,44.55,0,direct_json,0.5,1.0,0.666667,0.25,1,12.5,60.0,3.9,231.1,595.1,19420.8,84.2,6859.6,4692.8,"{'timestamp': '2026-09-06T12:37:51.634519+00:00', 'model_version': 'llama3.1:8b', 'prompt_hash': 'a6af280e'}",06_P3
38,real_mixed_117,llama3.1:8b_kb_rag,87.13039898872375,43.2,0,direct_json,0.4,0.5,0.444444,0.0,0,13.4,75.0,4.5,224.1,595.1,19405.6,84.2,6859.6,4692.8,"{'timestamp': '2026-09-06T12:37:56.188808+00:00', 'model_version': 'llama3.1:8b', 'prompt_hash': 'a6af280e'}",06_P3
39,real_mixed_118,llama3.1:8b_kb_rag,84.5648181438446,43.76,0,direct_json,0.555556,1.0,0.714286,0.0,0,11.1,49.2,2.6,208.3,578.9,19402.2,84.2,6859.6,4692.8,"{'timestamp': '2026-09-06T12:38:04.368456+00:00', 'model_version': 'llama3.1:8b', 'prompt_hash': 'a6af280e'}",06_P3
39,real_mixed_119,llama3.1:8b_kb_rag,82.54584407806396,44.18,0,direct_json,0.666667,0.666667,0.666667,0.0,0,11.6,47.9,24.8,208.7,578.9,19407.4,84.2,6859.6,4692.8,"{'timestamp': '2026-09-06T12:38:02.342915+00:00', 'model_version': 'llama3.1:8b', 'prompt_hash': 'a6af280e'}",06_P3
39,real_mixed_120,llama3.1:8b_kb_rag,79.57585597038269,44.2,0,direct_json,0.333333,0.8,0.470588,0.0,0,10.5,49.7,20.8,208.5,578.9,19415.5,84.2,6859.6,4692.8,"{'timestamp': '2026-09-06T12:37:59.368576+00:00', 'model_version': 'llama3.1:8b', 'prompt_hash': 'a6af280e'}",06_P3
7,real_mixed_22,deepseek-r1:1.5b_baseline,7.548025846481323,146.69,0,codeblock,0.0,0.0,0.0,0.1428571428571428,1,13.0,44.2,55.8,279.7,279.8,15876.4,68.8,1723.0,1065.6,"{'timestamp': '2026-09-06T12:46:48.407930+00:00', 'model_version': 'deepseek-r1:1.5b', 'prompt_hash': 'a6af280e'}",06_P3
7,real_mixed_23,deepseek-r1:1.5b_baseline,50.31027102470398,143.33,0,codeblock,0.1,0.066667,0.08,0.0,0,9.9,44.2,6.3,279.7,279.8,17019.7,70.5,1723.0,1065.6,"{'timestamp': '2026-09-06T12:47:31.184143+00:00', 'model_version': 'deepseek-r1:1.5b', 'prompt_hash': 'a6af280e'}",06_P3
7,real_mixed_24,deepseek-r1:1.5b_baseline,58.39357399940491,144.25,0,codeblock,0.375,0.428571,0.4,0.0,0,9.6,44.2,4.6,279.7,279.8,17107.9,70.5,1723.0,1065.6,"{'timestamp': '2026-09-06T12:47:39.260304+00:00', 'model_version': 'deepseek-r1:1.5b', 'prompt_hash': 'a6af280e'}",06_P3
1,real_mixed_4,deepseek-r1:1.5b_baseline,39.28218078613281,144.35,0,codeblock,0.285714,0.142857,0.190476,0.2857142857142857,2,9.4,44.2,8.4,279.7,279.8,16844.6,70.2,1723.0,1065.6,"{'timestamp': '2026-09-06T12:47:20.155629+00:00', 'model_version': 'deepseek-r1:1.5b', 'prompt_hash': 'a6af280e'}",06_P3
1,real_mixed_5,deepseek-r1:1.5b_baseline,42.29817605018616,144.24,0,codeblock,0.75,0.3,0.428571,0.0,0,9.5,44.2,8.0,279.7,279.8,16902.3,70.3,1723.0,1065.6,"{'timestamp': '2026-09-06T12:47:23.161850+00:00', 'model_version': 'deepseek-r1:1.5b', 'prompt_hash': 'a6af280e'}",06_P3
1,real_mixed_6,deepseek-r1:1.5b_baseline,69.46031379699707,144.91,0,codeblock,0.0,0.0,0.0,0.4117647058823529,7,10.0,52.2,5.1,279.7,279.8,17262.5,70.7,1723.0,1065.6,"{'timestamp': '2026-09-06T12:47:50.337953+00:00', 'model_version': 'deepseek-r1:1.5b', 'prompt_hash': 'a6af280e'}",06_P3
0,real_mixed_1,deepseek-r1:1.5b_baseline,83.52734398841858,145.28,0,codeblock,0.428571,0.461538,0.444444,0.1428571428571428,2,14.4,58.3,4.4,279.7,279.8,17433.4,70.8,1723.0,1065.6,"{'timestamp': '2026-09-06T12:48:04.395476+00:00', 'model_version': 'deepseek-r1:1.5b', 'prompt_hash': 'a6af280e'}",06_P3
0,real_mixed_2,deepseek-r1:1.5b_baseline,11.578044891357422,144.47,0,codeblock,0.142857,0.083333,0.105263,0.1428571428571428,1,21.3,100.0,25.3,279.7,279.8,16134.6,69.2,1723.0,1065.6,"{'timestamp': '2026-09-06T12:46:52.444671+00:00', 'model_version': 'deepseek-r1:1.5b', 'prompt_hash': 'a6af280e'}",06_P3
0,real_mixed_3,deepseek-r1:1.5b_baseline,89.53444385528564,142.28,0,codeblock,0.333333,0.166667,0.222222,0.1666666666666666,1,17.6,68.3,4.1,279.7,279.8,17514.3,70.9,1723.0,1065.6,"{'timestamp': '2026-09-06T12:48:10.397869+00:00', 'model_version': 'deepseek-r1:1.5b', 'prompt_hash': 'a6af280e'}",06_P3
2,real_mixed_7,deepseek-r1:1.5b_baseline,62.9228880405426,142.86,0,codeblock,0.222222,0.142857,0.173913,0.4444444444444444,4,11.0,85.7,5.8,279.7,279.8,17163.7,70.6,1723.0,1065.6,"{'timestamp': '2026-09-06T12:47:43.787664+00:00', 'model_version': 'deepseek-r1:1.5b', 'prompt_hash': 'a6af280e'}",06_P3
2,real_mixed_8,deepseek-r1:1.5b_baseline,16.621880054473877,143.29,0,codeblock,0.1,0.111111,0.105263,0.5,5,14.5,50.0,20.6,279.7,279.8,16350.2,69.6,1723.0,1065.6,"{'timestamp': '2026-09-06T12:46:57.480478+00:00', 'model_version': 'deepseek-r1:1.5b', 'prompt_hash': 'a6af280e'}",06_P3
2,real_mixed_9,deepseek-r1:1.5b_baseline,98.65624213218688,144.06,0,codeblock,0.133333,0.2,0.16,0.2666666666666666,4,10.9,66.7,6.1,279.7,279.9,17633.4,71.1,1723.0,1065.6,"{'timestamp': '2026-09-06T12:48:19.528531+00:00', 'model_version': 'deepseek-r1:1.5b', 'prompt_hash': 'a6af280e'}",06_P3
6,real_mixed_19,deepseek-r1:1.5b_baseline,44.77262592315674,148.34,0,codeblock,0.333333,0.1,0.153846,0.0,0,11.4,60.0,3.5,279.7,279.8,16947.2,70.4,1723.0,1065.6,"{'timestamp': '2026-09-06T12:47:25.655385+00:00', 'model_version': 'deepseek-r1:1.5b', 'prompt_hash': 'a6af280e'}",06_P3
6,real_mixed_20,deepseek-r1:1.5b_baseline,106.21297216415404,144.2,0,codeblock,0.666667,0.25,0.363636,0.0,0,10.7,44.2,2.3,279.7,280.0,17719.5,71.2,1723.0,1065.6,"{'timestamp': '2026-09-06T12:48:27.096200+00:00', 'model_version': 'deepseek-r1:1.5b', 'prompt_hash': 'a6af280e'}",06_P3
6,real_mixed_21,deepseek-r1:1.5b_baseline,29.202379941940308,142.75,0,codeblock,0.375,0.214286,0.272727,0.125,1,9.3,44.2,3.4,279.7,279.8,16626.4,70.0,1723.0,1065.6,"{'timestamp': '2026-09-06T12:47:10.084467+00:00', 'model_version': 'deepseek-r1:1.5b', 'prompt_hash': 'a6af280e'}",06_P3
4,real_mixed_13,deepseek-r1:1.5b_baseline,115.7530801296234,140.47,0,codeblock,0.625,0.294118,0.4,0.0,0,15.9,100.0,3.7,279.7,280.0,17831.5,71.3,1723.0,1065.6,"{'timestamp': '2026-09-06T12:48:36.621205+00:00', 'model_version': 'deepseek-r1:1.5b', 'prompt_hash': 'a6af280e'}",06_P3
4,real_mixed_14,deepseek-r1:1.5b_baseline,80.00106906890869,142.47,0,codeblock,1.0,0.166667,0.285714,0.0,0,12.2,58.3,4.8,279.7,279.8,17393.2,70.8,1723.0,1065.6,"{'timestamp': '2026-09-06T12:48:00.863052+00:00', 'model_version': 'deepseek-r1:1.5b', 'prompt_hash': 'a6af280e'}",06_P3
4,real_mixed_15,deepseek-r1:1.5b_baseline,102.1799771785736,144.31,0,codeblock,0.230769,0.333333,0.272727,0.0,0,14.3,85.7,4.5,279.7,280.0,17673.2,71.1,1723.0,1065.6,"{'timestamp': '2026-09-06T12:48:23.044110+00:00', 'model_version': 'deepseek-r1:1.5b', 'prompt_hash': 'a6af280e'}",06_P3
5,real_mixed_16,deepseek-r1:1.5b_baseline,119.2894411087036,144.89,0,codeblock,0.428571,0.333333,0.375,0.2857142857142857,2,12.0,44.2,3.6,279.8,280.3,17868.3,71.4,1723.0,1065.6,"{'timestamp': '2026-09-06T12:48:40.167550+00:00', 'model_version': 'deepseek-r1:1.5b', 'prompt_hash': 'a6af280e'}",06_P3
5,real_mixed_17,deepseek-r1:1.5b_baseline,93.11751699447632,146.59,0,codeblock,0.333333,1.0,0.5,0.0,0,10.4,66.7,6.6,279.7,279.9,17562.3,71.0,1723.0,1065.6,"{'timestamp': '2026-09-06T12:48:13.976818+00:00', 'model_version': 'deepseek-r1:1.5b', 'prompt_hash': 'a6af280e'}",06_P3
5,real_mixed_18,deepseek-r1:1.5b_baseline,22.65871524810791,141.87,0,codeblock,0.3,0.375,0.333333,0.0,0,9.8,44.2,12.1,279.7,279.8,16502.3,69.8,1723.0,1065.6,"{'timestamp': '2026-09-06T12:47:03.535032+00:00', 'model_version': 'deepseek-r1:1.5b', 'prompt_hash': 'a6af280e'}",06_P3
8,real_mixed_25,deepseek-r1:1.5b_baseline,54.36376190185547,144.17,0,codeblock,0.333333,0.25,0.285714,0.3333333333333333,3,9.7,44.2,8.7,279.7,279.8,17064.9,70.5,1723.0,1065.6,"{'timestamp': '2026-09-06T12:47:35.247470+00:00', 'model_version': 'deepseek-r1:1.5b', 'prompt_hash': 'a6af280e'}",06_P3
8,real_mixed_26,deepseek-r1:1.5b_baseline,76.99929594993591,143.08,0,codeblock,0.071429,0.055556,0.0625,0.0357142857142857,1,11.7,83.3,8.5,279.7,279.8,17361.9,70.8,1723.0,1065.6,"{'timestamp': '2026-09-06T12:47:57.892840+00:00', 'model_version': 'deepseek-r1:1.5b', 'prompt_hash': 'a6af280e'}",06_P3
8,real_mixed_27,deepseek-r1:1.5b_baseline,123.78951287269592,140.25,0,codeblock,0.0,0.0,0.0,0.9,9,14.9,85.7,5.6,279.8,280.5,17916.5,71.4,1723.0,1065.6,"{'timestamp': '2026-09-06T12:48:44.670513+00:00', 'model_version': 'deepseek-r1:1.5b', 'prompt_hash': 'a6af280e'}",06_P3
3,real_mixed_10,deepseek-r1:1.5b_baseline,34.72681999206543,144.36,0,codeblock,0.25,0.166667,0.2,0.25,1,9.7,44.2,11.2,279.7,279.8,16761.4,70.1,1723.0,1065.6,"{'timestamp': '2026-09-06T12:47:15.589912+00:00', 'model_version': 'deepseek-r1:1.5b', 'prompt_hash': 'a6af280e'}",06_P3
3,real_mixed_11,deepseek-r1:1.5b_baseline,129.375638961792,142.23,0,codeblock,0.4,0.222222,0.285714,0.0,0,12.5,44.2,4.9,279.8,280.6,17970.8,71.5,1723.0,1065.6,"{'timestamp': '2026-09-06T12:48:50.243849+00:00', 'model_version': 'deepseek-r1:1.5b', 'prompt_hash': 'a6af280e'}",06_P3
3,real_mixed_12,deepseek-r1:1.5b_baseline,25.18283700942993,146.03,0,codeblock,0.2,0.285714,0.235294,0.0,0,9.4,44.2,19.3,279.7,279.8,16555.6,69.9,1723.0,1065.6,"{'timestamp': '2026-09-06T12:47:06.049710+00:00', 'model_version': 'deepseek-r1:1.5b', 'prompt_hash': 'a6af280e'}",06_P3
9,real_mixed_28,deepseek-r1:1.5b_baseline,84.06261086463928,146.15,0,codeblock,0.4,0.133333,0.2,0.0,0,9.7,36.2,2.9,280.1,280.9,18788.2,72.4,1723.0,1065.6,"{'timestamp': '2026-09-06T12:49:03.450705+00:00', 'model_version': 'deepseek-r1:1.5b', 'prompt_hash': 'a6af280e'}",06_P3
9,real_mixed_29,deepseek-r1:1.5b_baseline,78.52257204055786,143.99,0,codeblock,0.111111,0.083333,0.095238,0.0,0,9.7,36.2,2.8,280.0,280.9,18745.4,72.3,1723.0,1065.6,"{'timestamp': '2026-09-06T12:48:57.907608+00:00', 'model_version': 'deepseek-r1:1.5b', 'prompt_hash': 'a6af280e'}",06_P3
9,real_mixed_30,deepseek-r1:1.5b_baseline,81.52761816978455,147.49,0,codeblock,0.333333,0.125,0.181818,0.3333333333333333,1,11.1,50.0,3.1,280.1,280.9,18770.0,72.4,1723.0,1065.6,"{'timestamp': '2026-09-06T12:49:00.900174+00:00', 'model_version': 'deepseek-r1:1.5b', 'prompt_hash': 'a6af280e'}",06_P3
10,real_mixed_31,deepseek-r1:1.5b_baseline,77.51211071014404,147.05,0,codeblock,0.333333,0.5,0.4,0.0,0,9.6,36.2,4.5,280.2,281.0,18929.0,72.6,1723.0,1065.6,"{'timestamp': '2026-09-06T12:49:07.955102+00:00', 'model_version': 'deepseek-r1:1.5b', 'prompt_hash': 'a6af280e'}",06_P3
10,real_mixed_32,deepseek-r1:1.5b_baseline,81.53681707382202,145.13,0,codeblock,0.363636,0.571429,0.444444,0.0,0,10.9,100.0,2.8,280.3,281.0,18956.6,72.6,1723.0,1065.6,"{'timestamp': '2026-09-06T12:49:11.983415+00:00', 'model_version': 'deepseek-r1:1.5b', 'prompt_hash': 'a6af280e'}",06_P3
10,real_mixed_33,deepseek-r1:1.5b_baseline,85.05604100227356,143.15,0,codeblock,0.666667,0.307692,0.421053,0.0,0,9.4,36.2,2.5,280.3,281.0,18982.9,72.6,1723.0,1065.6,"{'timestamp': '2026-09-06T12:49:15.512354+00:00', 'model_version': 'deepseek-r1:1.5b', 'prompt_hash': 'a6af280e'}",06_P3
11,real_mixed_34,deepseek-r1:1.5b_baseline,81.59870219230652,137.76,0,codeblock,0.0,0.0,0.0,0.0,0,9.6,40.0,2.7,280.6,281.2,19198.3,72.9,1723.0,1065.6,"{'timestamp': '2026-09-06T12:49:32.115337+00:00', 'model_version': 'deepseek-r1:1.5b', 'prompt_hash': 'a6af280e'}",06_P3
11,real_mixed_35,deepseek-r1:1.5b_baseline,89.156005859375,141.62,0,codeblock,0.333333,0.428571,0.375,0.2222222222222222,2,12.9,100.0,2.6,280.6,281.2,19210.4,72.9,1723.0,1065.6,"{'timestamp': '2026-09-06T12:49:39.673804+00:00', 'model_version': 'deepseek-r1:1.5b', 'prompt_hash': 'a6af280e'}",06_P3
11,real_mixed_36,deepseek-r1:1.5b_baseline,69.06818103790283,144.96,0,codeblock,0.5,0.190476,0.275862,0.25,2,9.5,33.3,3.1,280.5,281.2,19189.4,72.9,1723.0,1065.6,"{'timestamp': '2026-09-06T12:49:19.592674+00:00', 'model_version': 'deepseek-r1:1.5b', 'prompt_hash': 'a6af280e'}",06_P3
12,real_mixed_37,deepseek-r1:1.5b_baseline,87.58740615844727,143.26,0,codeblock,0.571429,0.333333,0.421053,0.2857142857142857,2,8.7,33.3,2.6,280.8,281.3,19270.4,72.9,1723.0,1065.6,"{'timestamp': '2026-09-06T12:49:47.296284+00:00', 'model_version': 'deepseek-r1:1.5b', 'prompt_hash': 'a6af280e'}",06_P3
12,real_mixed_38,deepseek-r1:1.5b_baseline,91.65167617797852,140.89,0,codeblock,0.25,0.153846,0.190476,0.0,0,8.7,33.3,2.7,280.8,281.3,19283.2,72.9,1723.0,1065.6,"{'timestamp': '2026-09-06T12:49:51.358799+00:00', 'model_version': 'deepseek-r1:1.5b', 'prompt_hash': 'a6af280e'}",06_P3
12,real_mixed_39,deepseek-r1:1.5b_baseline,82.57441782951355,143.48,0,codeblock,0.5,0.285714,0.363636,0.25,1,8.7,33.3,2.7,280.8,281.3,19258.8,72.9,1723.0,1065.6,"{'timestamp': '2026-09-06T12:49:42.274703+00:00', 'model_version': 'deepseek-r1:1.5b', 'prompt_hash': 'a6af280e'}",06_P3
13,real_mixed_40,deepseek-r1:1.5b_baseline,88.11362504959106,144.97,0,codeblock,0.272727,0.25,0.26087,0.3636363636363636,4,8.9,33.3,2.6,280.9,281.5,19339.3,72.9,1723.0,1065.6,"{'timestamp': '2026-09-06T12:49:55.325968+00:00', 'model_version': 'deepseek-r1:1.5b', 'prompt_hash': 'a6af280e'}",06_P3
13,real_mixed_41,deepseek-r1:1.5b_baseline,98.1804609298706,139.89,0,codeblock,0.666667,0.111111,0.190476,0.0,0,9.0,33.3,2.4,281.0,281.5,19362.2,72.8,1723.0,1065.6,"{'timestamp': '2026-09-06T12:50:05.396109+00:00', 'model_version': 'deepseek-r1:1.5b', 'prompt_hash': 'a6af280e'}",06_P3
13,real_mixed_42,deepseek-r1:1.5b_baseline,102.21010112762453,134.43,0,codeblock,0.571429,0.333333,0.421053,0.0,0,9.2,71.4,2.5,281.0,281.5,19379.3,72.8,1723.0,1065.6,"{'timestamp': '2026-09-06T12:50:09.428297+00:00', 'model_version': 'deepseek-r1:1.5b', 'prompt_hash': 'a6af280e'}",06_P3
14,real_mixed_43,deepseek-r1:1.5b_baseline,103.69111704826356,130.67,0,codeblock,0.545455,0.285714,0.375,0.0,0,13.5,100.0,2.4,281.1,281.5,19480.0,72.7,1723.0,1065.6,"{'timestamp': '2026-09-06T12:50:20.434827+00:00', 'model_version': 'deepseek-r1:1.5b', 'prompt_hash': 'a6af280e'}",06_P3
14,real_mixed_44,deepseek-r1:1.5b_baseline,98.6690239906311,144.1,0,codeblock,0.25,0.142857,0.181818,0.0,0,16.7,71.8,2.5,281.1,281.5,19450.1,72.8,1723.0,1065.6,"{'timestamp': '2026-09-06T12:50:15.417291+00:00', 'model_version': 'deepseek-r1:1.5b', 'prompt_hash': 'a6af280e'}",06_P3
14,real_mixed_45,deepseek-r1:1.5b_baseline,96.16446304321288,142.25,0,codeblock,0.428571,0.25,0.315789,0.0,0,10.9,71.4,2.5,281.1,281.5,19432.9,72.8,1723.0,1065.6,"{'timestamp': '2026-09-06T12:50:12.904852+00:00', 'model_version': 'deepseek-r1:1.5b', 'prompt_hash': 'a6af280e'}",06_P3
15,real_mixed_46,deepseek-r1:1.5b_baseline,131.44832706451416,138.1,0,fallback,0.0,0.0,0.0,0.0,0,9.7,71.4,2.1,281.2,281.5,19649.6,72.6,1723.0,1065.6,"{'timestamp': '2026-09-06T12:50:51.739177+00:00', 'model_version': 'deepseek-r1:1.5b', 'prompt_hash': 'a6af280e'}",06_P3
15,real_mixed_47,deepseek-r1:1.5b_baseline,110.7217447757721,141.23,0,codeblock,0.484848,0.615385,0.542373,0.0,0,12.1,71.4,2.3,281.2,281.5,19556.1,72.7,1723.0,1065.6,"{'timestamp': '2026-09-06T12:50:31.025469+00:00', 'model_version': 'deepseek-r1:1.5b', 'prompt_hash': 'a6af280e'}",06_P3
15,real_mixed_48,deepseek-r1:1.5b_baseline,116.24941110610962,143.84,0,codeblock,0.222222,0.333333,0.266667,0.0,0,14.2,71.8,2.3,281.2,281.5,19585.9,72.7,1723.0,1065.6,"{'timestamp': '2026-09-06T12:50:36.531079+00:00', 'model_version': 'deepseek-r1:1.5b', 'prompt_hash': 'a6af280e'}",06_P3
16,real_mixed_49,deepseek-r1:1.5b_baseline,150.51790118217468,141.8,0,codeblock,0.285714,0.142857,0.190476,0.0,0,13.5,100.0,1.8,281.3,281.6,19745.7,72.6,1723.0,1065.6,"{'timestamp': '2026-09-06T12:51:15.309483+00:00', 'model_version': 'deepseek-r1:1.5b', 'prompt_hash': 'a6af280e'}",06_P3
16,real_mixed_50,deepseek-r1:1.5b_baseline,145.52487087249756,144.09,0,codeblock,0.375,0.272727,0.315789,0.0,0,13.5,100.0,2.0,281.3,281.6,19727.5,72.6,1723.0,1065.6,"{'timestamp': '2026-09-06T12:51:10.307972+00:00', 'model_version': 'deepseek-r1:1.5b', 'prompt_hash': 'a6af280e'}",06_P3
16,real_mixed_51,deepseek-r1:1.5b_baseline,141.99358797073364,137.16,0,fallback,0.0,0.0,0.0,0.0,0,14.4,100.0,2.1,281.3,281.6,19716.6,72.6,1723.0,1065.6,"{'timestamp': '2026-09-06T12:51:06.776491+00:00', 'model_version': 'deepseek-r1:1.5b', 'prompt_hash': 'a6af280e'}",06_P3
17,real_mixed_52,deepseek-r1:1.5b_baseline,153.5045142173767,145.56,0,codeblock,0.25,0.071429,0.111111,0.0,0,11.3,71.4,2.0,281.4,281.7,19794.2,72.5,1723.0,1065.6,"{'timestamp': '2026-09-06T12:51:23.879134+00:00', 'model_version': 'deepseek-r1:1.5b', 'prompt_hash': 'a6af280e'}",06_P3
17,real_mixed_53,deepseek-r1:1.5b_baseline,148.040913105011,145.69,0,codeblock,0.166667,0.166667,0.166667,0.0,0,10.3,71.4,2.0,281.3,281.7,19776.9,72.5,1723.0,1065.6,"{'timestamp': '2026-09-06T12:51:18.399536+00:00', 'model_version': 'deepseek-r1:1.5b', 'prompt_hash': 'a6af280e'}",06_P3
17,real_mixed_54,deepseek-r1:1.5b_baseline,151.0867681503296,147.43,0,codeblock,0.333333,0.25,0.285714,0.0,0,10.8,71.4,1.8,281.4,281.7,19786.3,72.5,1723.0,1065.6,"{'timestamp': '2026-09-06T12:51:21.444669+00:00', 'model_version': 'deepseek-r1:1.5b', 'prompt_hash': 'a6af280e'}",06_P3
18,real_mixed_55,deepseek-r1:1.5b_baseline,148.02631211280823,142.61,0,codeblock,0.285714,0.222222,0.25,0.0,0,8.9,71.4,2.0,281.4,281.8,19855.5,72.5,1723.0,1065.6,"{'timestamp': '2026-09-06T12:51:31.594389+00:00', 'model_version': 'deepseek-r1:1.5b', 'prompt_hash': 'a6af280e'}",06_P3
18,real_mixed_56,deepseek-r1:1.5b_baseline,153.04452919960022,141.49,0,codeblock,0.294118,0.357143,0.322581,0.1176470588235294,2,8.9,71.4,2.0,281.4,281.8,19869.1,72.5,1723.0,1065.6,"{'timestamp': '2026-09-06T12:51:36.618660+00:00', 'model_version': 'deepseek-r1:1.5b', 'prompt_hash': 'a6af280e'}",06_P3
18,real_mixed_57,deepseek-r1:1.5b_baseline,143.48313903808594,146.73,0,codeblock,0.4,0.5,0.444444,0.2,6,8.9,71.4,2.0,281.4,281.8,19844.2,72.5,1723.0,1065.6,"{'timestamp': '2026-09-06T12:51:27.057913+00:00', 'model_version': 'deepseek-r1:1.5b', 'prompt_hash': 'a6af280e'}",06_P3
19,real_mixed_58,deepseek-r1:1.5b_baseline,144.4895350933075,145.24,0,codeblock,0.272727,0.272727,0.272727,0.1818181818181818,2,9.1,71.4,2.0,281.5,282.0,19907.0,72.4,1723.0,1065.6,"{'timestamp': '2026-09-06T12:51:40.125509+00:00', 'model_version': 'deepseek-r1:1.5b', 'prompt_hash': 'a6af280e'}",06_P3
19,real_mixed_59,deepseek-r1:1.5b_baseline,153.04024195671082,141.5,0,codeblock,0.214286,0.272727,0.24,0.5,14,9.9,71.4,2.1,281.5,282.0,19925.4,72.4,1723.0,1065.6,"{'timestamp': '2026-09-06T12:51:48.670688+00:00', 'model_version': 'deepseek-r1:1.5b', 'prompt_hash': 'a6af280e'}",06_P3
19,real_mixed_60,deepseek-r1:1.5b_baseline,149.0275959968567,144.02,0,codeblock,0.222222,0.153846,0.181818,0.0,0,8.9,71.4,2.1,281.5,282.0,19917.8,72.4,1723.0,1065.6,"{'timestamp': '2026-09-06T12:51:44.660704+00:00', 'model_version': 'deepseek-r1:1.5b', 'prompt_hash': 'a6af280e'}",06_P3
20,real_mixed_61,deepseek-r1:1.5b_baseline,143.4361391067505,130.54,0,codeblock,0.0,0.0,0.0,0.0,0,12.1,71.4,2.0,281.6,282.2,20055.4,72.3,1723.0,1065.6,"{'timestamp': '2026-09-06T12:52:03.243616+00:00', 'model_version': 'deepseek-r1:1.5b', 'prompt_hash': 'a6af280e'}",06_P3
20,real_mixed_62,deepseek-r1:1.5b_baseline,136.92520594596863,143.12,0,codeblock,0.285714,0.181818,0.222222,0.0,0,9.1,71.4,2.2,281.6,282.2,20048.3,72.3,1723.0,1065.6,"{'timestamp': '2026-09-06T12:51:56.719660+00:00', 'model_version': 'deepseek-r1:1.5b', 'prompt_hash': 'a6af280e'}",06_P3
20,real_mixed_63,deepseek-r1:1.5b_baseline,133.4024019241333,145.47,0,codeblock,0.1,0.125,0.111111,0.3,3,10.4,71.4,2.2,281.6,282.2,20043.5,72.3,1723.0,1065.6,"{'timestamp': '2026-09-06T12:51:53.202778+00:00', 'model_version': 'deepseek-r1:1.5b', 'prompt_hash': 'a6af280e'}",06_P3
21,real_mixed_64,deepseek-r1:1.5b_baseline,137.89831495285034,145.15,0,codeblock,0.0,0.0,0.0,0.0,0,8.9,71.4,2.2,281.7,282.3,20110.7,72.2,1723.0,1065.6,"{'timestamp': '2026-09-06T12:52:09.365973+00:00', 'model_version': 'deepseek-r1:1.5b', 'prompt_hash': 'a6af280e'}",06_P3
21,real_mixed_65,deepseek-r1:1.5b_baseline,142.46707701683044,142.41,0,codeblock,0.2,0.125,0.153846,0.0,0,8.8,71.4,2.0,281.7,282.3,20115.1,72.2,1723.0,1065.6,"{'timestamp': '2026-09-06T12:52:13.939694+00:00', 'model_version': 'deepseek-r1:1.5b', 'prompt_hash': 'a6af280e'}",06_P3
21,real_mixed_66,deepseek-r1:1.5b_baseline,134.89103317260742,144.83,0,codeblock,0.2,0.05,0.08,0.2,1,8.9,71.4,2.1,281.7,282.3,20108.8,72.2,1723.0,1065.6,"{'timestamp': '2026-09-06T12:52:06.383066+00:00', 'model_version': 'deepseek-r1:1.5b', 'prompt_hash': 'a6af280e'}",06_P3
22,real_mixed_67,deepseek-r1:1.5b_baseline,130.37604999542236,142.47,0,codeblock,0.16,0.235294,0.190476,0.4,10,8.3,37.2,2.4,281.8,282.3,20186.0,72.2,1723.0,1065.6,"{'timestamp': '2026-09-06T12:52:19.945752+00:00', 'model_version': 'deepseek-r1:1.5b', 'prompt_hash': 'a6af280e'}",06_P3
22,real_mixed_68,deepseek-r1:1.5b_baseline,126.8277759552002,147.79,0,codeblock,0.25,0.076923,0.117647,0.0,0,8.7,62.7,2.9,281.8,282.3,20185.9,72.2,1723.0,1065.6,"{'timestamp': '2026-09-06T12:52:16.379707+00:00', 'model_version': 'deepseek-r1:1.5b', 'prompt_hash': 'a6af280e'}",06_P3
22,real_mixed_69,deepseek-r1:1.5b_baseline,134.906818151474,142.86,0,codeblock,0.5,0.166667,0.25,0.125,1,8.2,35.9,2.5,281.8,282.3,20188.6,72.2,1723.0,1065.6,"{'timestamp': '2026-09-06T12:52:24.486982+00:00', 'model_version': 'deepseek-r1:1.5b', 'prompt_hash': 'a6af280e'}",06_P3
23,real_mixed_70,deepseek-r1:1.5b_baseline,139.95558309555054,142.49,0,codeblock,0.545455,0.285714,0.375,0.1818181818181818,2,8.4,31.4,2.0,281.9,282.4,20207.5,72.2,1723.0,1065.6,"{'timestamp': '2026-09-06T12:52:40.568593+00:00', 'model_version': 'deepseek-r1:1.5b', 'prompt_hash': 'a6af280e'}",06_P3
23,real_mixed_71,deepseek-r1:1.5b_baseline,126.35587692260742,142.89,0,codeblock,0.428571,0.25,0.315789,0.0,0,8.4,31.4,2.2,281.8,282.4,20201.6,72.2,1723.0,1065.6,"{'timestamp': '2026-09-06T12:52:26.957891+00:00', 'model_version': 'deepseek-r1:1.5b', 'prompt_hash': 'a6af280e'}",06_P3
23,real_mixed_72,deepseek-r1:1.5b_baseline,132.38514828681946,142.85,0,codeblock,0.466667,0.5,0.482759,0.0666666666666666,1,8.2,31.4,2.2,281.8,282.4,20204.8,72.2,1723.0,1065.6,"{'timestamp': '2026-09-06T12:52:32.987356+00:00', 'model_version': 'deepseek-r1:1.5b', 'prompt_hash': 'a6af280e'}",06_P3
24,real_mixed_73,deepseek-r1:1.5b_baseline,123.88379287719728,143.11,0,codeblock,0.8,0.266667,0.4,0.0,0,8.3,31.4,2.6,282.0,282.5,20227.1,72.1,1723.0,1065.6,"{'timestamp': '2026-09-06T12:52:55.752490+00:00', 'model_version': 'deepseek-r1:1.5b', 'prompt_hash': 'a6af280e'}",06_P3
24,real_mixed_74,deepseek-r1:1.5b_baseline,116.30681204795836,142.37,0,codeblock,0.333333,0.2,0.25,0.3333333333333333,2,8.4,31.6,2.3,282.0,282.5,20226.7,72.1,1723.0,1065.6,"{'timestamp': '2026-09-06T12:52:48.173661+00:00', 'model_version': 'deepseek-r1:1.5b', 'prompt_hash': 'a6af280e'}",06_P3
24,real_mixed_75,deepseek-r1:1.5b_baseline,120.84249305725098,143.75,0,codeblock,0.0,0.0,0.0,0.0,0,8.3,31.4,2.3,282.0,282.5,20226.7,72.1,1723.0,1065.6,"{'timestamp': '2026-09-06T12:52:52.696178+00:00', 'model_version': 'deepseek-r1:1.5b', 'prompt_hash': 'a6af280e'}",06_P3
25,real_mixed_76,deepseek-r1:1.5b_baseline,104.7148048877716,147.26,0,codeblock,0.0,0.0,0.0,0.0,0,14.6,100.0,2.6,282.2,282.5,20235.4,72.1,1723.0,1065.6,"{'timestamp': '2026-09-06T12:53:00.133649+00:00', 'model_version': 'deepseek-r1:1.5b', 'prompt_hash': 'a6af280e'}",06_P3
25,real_mixed_77,deepseek-r1:1.5b_baseline,110.73314881324768,142.54,0,codeblock,0.142857,0.1,0.117647,0.6428571428571429,9,13.2,40.4,2.4,282.2,282.5,20237.7,72.1,1723.0,1065.6,"{'timestamp': '2026-09-06T12:53:06.184183+00:00', 'model_version': 'deepseek-r1:1.5b', 'prompt_hash': 'a6af280e'}",06_P3
25,real_mixed_78,deepseek-r1:1.5b_baseline,117.30198693275452,137.47,0,codeblock,0.285714,0.5,0.363636,0.1428571428571428,1,13.0,43.8,2.4,282.2,282.5,20232.7,72.1,1723.0,1065.6,"{'timestamp': '2026-09-06T12:53:12.726264+00:00', 'model_version': 'deepseek-r1:1.5b', 'prompt_hash': 'a6af280e'}",06_P3
26,real_mixed_79,deepseek-r1:1.5b_baseline,123.81483292579652,133.7,0,codeblock,0.666667,0.4,0.5,0.0,0,13.9,52.9,2.3,282.3,282.5,20229.6,72.1,1723.0,1065.6,"{'timestamp': '2026-09-06T12:53:27.809710+00:00', 'model_version': 'deepseek-r1:1.5b', 'prompt_hash': 'a6af280e'}",06_P3
26,real_mixed_80,deepseek-r1:1.5b_baseline,118.30894613265993,141.86,0,codeblock,0.333333,0.166667,0.222222,0.0,0,12.8,50.0,2.4,282.2,282.5,20228.8,72.1,1723.0,1065.6,"{'timestamp': '2026-09-06T12:53:22.339028+00:00', 'model_version': 'deepseek-r1:1.5b', 'prompt_hash': 'a6af280e'}",06_P3
26,real_mixed_81,deepseek-r1:1.5b_baseline,112.28925728797913,146.45,0,codeblock,0.4,0.181818,0.25,0.4,2,10.7,35.5,2.5,282.2,282.5,20230.2,72.1,1723.0,1065.6,"{'timestamp': '2026-09-06T12:53:16.301803+00:00', 'model_version': 'deepseek-r1:1.5b', 'prompt_hash': 'a6af280e'}",06_P3
27,real_mixed_82,deepseek-r1:1.5b_baseline,123.31491494178772,144.19,0,codeblock,0.375,0.333333,0.352941,0.375,3,8.7,26.6,2.5,282.3,282.6,20228.3,72.0,1723.0,1065.6,"{'timestamp': '2026-09-06T12:53:40.047745+00:00', 'model_version': 'deepseek-r1:1.5b', 'prompt_hash': 'a6af280e'}",06_P3
27,real_mixed_83,deepseek-r1:1.5b_baseline,115.2925717830658,145.69,0,codeblock,0.4,0.4,0.4,0.0,0,8.5,26.6,2.4,282.3,282.6,20229.1,72.0,1723.0,1065.6,"{'timestamp': '2026-09-06T12:53:32.025380+00:00', 'model_version': 'deepseek-r1:1.5b', 'prompt_hash': 'a6af280e'}",06_P3
27,real_mixed_84,deepseek-r1:1.5b_baseline,118.81848001480104,145.4,0,codeblock,0.375,0.333333,0.352941,0.0,0,8.5,26.6,2.4,282.3,282.6,20233.4,72.1,1723.0,1065.6,"{'timestamp': '2026-09-06T12:53:35.552215+00:00', 'model_version': 'deepseek-r1:1.5b', 'prompt_hash': 'a6af280e'}",06_P3
28,real_mixed_85,deepseek-r1:1.5b_baseline,118.8228359222412,143.98,0,codeblock,0.333333,0.25,0.285714,0.1666666666666666,1,9.1,28.3,2.4,282.4,282.6,20218.5,72.0,1723.0,1065.6,"{'timestamp': '2026-09-06T12:53:47.615916+00:00', 'model_version': 'deepseek-r1:1.5b', 'prompt_hash': 'a6af280e'}",06_P3
28,real_mixed_86,deepseek-r1:1.5b_baseline,126.40687417984007,143.72,0,codeblock,0.6,0.461538,0.521739,0.0,0,8.6,27.7,2.2,282.4,282.6,20212.3,72.0,1723.0,1065.6,"{'timestamp': '2026-09-06T12:53:55.201519+00:00', 'model_version': 'deepseek-r1:1.5b', 'prompt_hash': 'a6af280e'}",06_P3
28,real_mixed_87,deepseek-r1:1.5b_baseline,122.78907895088196,144.83,0,codeblock,0.285714,0.285714,0.285714,0.2857142857142857,2,11.9,57.9,2.3,282.4,282.6,20213.9,72.0,1723.0,1065.6,"{'timestamp': '2026-09-06T12:53:51.581464+00:00', 'model_version': 'deepseek-r1:1.5b', 'prompt_hash': 'a6af280e'}",06_P3
29,real_mixed_88,deepseek-r1:1.5b_baseline,114.28401827812196,147.38,0,codeblock,0.5,0.5,0.5,0.0,0,10.7,39.4,2.6,282.4,282.6,20217.8,72.0,1723.0,1065.6,"{'timestamp': '2026-09-06T12:53:57.640003+00:00', 'model_version': 'deepseek-r1:1.5b', 'prompt_hash': 'a6af280e'}",06_P3
29,real_mixed_89,deepseek-r1:1.5b_baseline,117.78154683113098,145.15,0,codeblock,0.333333,0.076923,0.125,0.0,0,10.0,28.4,2.3,282.4,282.6,20218.0,72.0,1723.0,1065.6,"{'timestamp': '2026-09-06T12:54:01.143398+00:00', 'model_version': 'deepseek-r1:1.5b', 'prompt_hash': 'a6af280e'}",06_P3
29,real_mixed_90,deepseek-r1:1.5b_baseline,122.30635285377502,143.57,0,codeblock,0.454545,0.555556,0.5,0.0909090909090909,1,10.6,36.4,2.2,282.4,282.6,20220.3,72.0,1723.0,1065.6,"{'timestamp': '2026-09-06T12:54:05.663998+00:00', 'model_version': 'deepseek-r1:1.5b', 'prompt_hash': 'a6af280e'}",06_P3
30,real_mixed_91,deepseek-r1:1.5b_baseline,126.33196592330933,142.7,0,codeblock,0.375,0.25,0.3,0.0,0,9.1,34.9,2.3,282.5,282.7,20224.0,72.0,1723.0,1065.6,"{'timestamp': '2026-09-06T12:54:20.388554+00:00', 'model_version': 'deepseek-r1:1.5b', 'prompt_hash': 'a6af280e'}",06_P3
30,real_mixed_92,deepseek-r1:1.5b_baseline,120.31424570083618,143.11,0,codeblock,0.166667,0.066667,0.095238,0.1666666666666666,1,9.0,34.9,2.3,282.5,282.7,20222.8,72.0,1723.0,1065.6,"{'timestamp': '2026-09-06T12:54:14.378486+00:00', 'model_version': 'deepseek-r1:1.5b', 'prompt_hash': 'a6af280e'}",06_P3
30,real_mixed_93,deepseek-r1:1.5b_baseline,115.2682719230652,145.72,0,codeblock,0.125,0.1,0.111111,0.0,0,9.0,34.9,2.4,282.5,282.7,20219.8,72.0,1723.0,1065.6,"{'timestamp': '2026-09-06T12:54:09.324522+00:00', 'model_version': 'deepseek-r1:1.5b', 'prompt_hash': 'a6af280e'}",06_P3
31,real_mixed_94,deepseek-r1:1.5b_baseline,140.9117980003357,137.7,0,fallback,0.0,0.0,0.0,0.0,0,11.3,100.0,2.2,282.5,282.7,20234.4,72.0,1723.0,1065.6,"{'timestamp': '2026-09-06T12:54:45.526312+00:00', 'model_version': 'deepseek-r1:1.5b', 'prompt_hash': 'a6af280e'}",06_P3
31,real_mixed_95,deepseek-r1:1.5b_baseline,122.30418801307678,144.01,0,codeblock,0.285714,1.0,0.444444,0.0,0,9.4,34.9,2.3,282.5,282.7,20226.5,72.0,1723.0,1065.6,"{'timestamp': '2026-09-06T12:54:26.901781+00:00', 'model_version': 'deepseek-r1:1.5b', 'prompt_hash': 'a6af280e'}",06_P3
31,real_mixed_96,deepseek-r1:1.5b_baseline,125.3347828388214,145.1,0,codeblock,0.2,0.166667,0.181818,0.4,4,9.8,100.0,2.4,282.5,282.7,20226.5,72.0,1723.0,1065.6,"{'timestamp': '2026-09-06T12:54:29.948320+00:00', 'model_version': 'deepseek-r1:1.5b', 'prompt_hash': 'a6af280e'}",06_P3
32,real_mixed_97,deepseek-r1:1.5b_baseline,132.40577006340027,144.91,0,codeblock,0.444444,0.444444,0.444444,0.1111111111111111,1,9.5,34.9,2.6,282.5,282.7,20234.4,72.0,1723.0,1065.6,"{'timestamp': '2026-09-06T12:54:53.096957+00:00', 'model_version': 'deepseek-r1:1.5b', 'prompt_hash': 'a6af280e'}",06_P3
32,real_mixed_98,deepseek-r1:1.5b_baseline,147.98533701896667,135.76,0,fallback,0.0,0.0,0.0,0.0,0,11.4,100.0,2.1,282.5,282.7,20241.5,72.0,1723.0,1065.6,"{'timestamp': '2026-09-06T12:55:08.692230+00:00', 'model_version': 'deepseek-r1:1.5b', 'prompt_hash': 'a6af280e'}",06_P3
32,real_mixed_99,deepseek-r1:1.5b_baseline,127.8555908203125,147.15,0,codeblock,0.0,0.0,0.0,0.1428571428571428,1,9.8,37.5,2.7,282.6,282.7,20232.1,72.0,1723.0,1065.6,"{'timestamp': '2026-09-06T12:54:48.536156+00:00', 'model_version': 'deepseek-r1:1.5b', 'prompt_hash': 'a6af280e'}",06_P3
33,real_mixed_100,deepseek-r1:1.5b_baseline,152.146821975708,145.06,0,codeblock,0.0,0.0,0.0,0.0,0,9.5,34.9,1.9,282.5,282.7,20247.1,72.0,1723.0,1065.6,"{'timestamp': '2026-09-06T12:55:28.018930+00:00', 'model_version': 'deepseek-r1:1.5b', 'prompt_hash': 'a6af280e'}",06_P3
33,real_mixed_101,deepseek-r1:1.5b_baseline,149.07901096343994,139.53,0,codeblock,0.153846,0.285714,0.2,0.0,0,9.5,34.9,1.9,282.5,282.7,20246.7,72.0,1723.0,1065.6,"{'timestamp': '2026-09-06T12:55:24.953683+00:00', 'model_version': 'deepseek-r1:1.5b', 'prompt_hash': 'a6af280e'}",06_P3
33,real_mixed_102,deepseek-r1:1.5b_baseline,135.90664100646973,147.28,0,codeblock,0.0,0.0,0.0,0.5,1,9.4,34.9,2.1,282.5,282.7,20242.1,72.0,1723.0,1065.6,"{'timestamp': '2026-09-06T12:55:11.772263+00:00', 'model_version': 'deepseek-r1:1.5b', 'prompt_hash': 'a6af280e'}",06_P3
34,real_mixed_103,deepseek-r1:1.5b_baseline,137.0514190196991,147.41,0,codeblock,1.0,1.0,1.0,0.0,0,12.4,66.7,2.1,282.5,282.7,20252.9,72.0,1723.0,1065.6,"{'timestamp': '2026-09-06T12:55:29.939062+00:00', 'model_version': 'deepseek-r1:1.5b', 'prompt_hash': 'a6af280e'}",06_P3
34,real_mixed_104,deepseek-r1:1.5b_baseline,147.23142409324646,141.73,0,codeblock,0.142857,0.2,0.166667,0.1428571428571428,2,10.3,40.0,1.9,282.5,282.7,20254.9,72.0,1723.0,1065.6,"{'timestamp': '2026-09-06T12:55:40.133099+00:00', 'model_version': 'deepseek-r1:1.5b', 'prompt_hash': 'a6af280e'}",06_P3
34,real_mixed_105,deepseek-r1:1.5b_baseline,150.1773717403412,144.4,0,codeblock,0.5,0.3,0.375,0.0,0,11.7,100.0,1.9,282.5,282.7,20256.2,72.0,1723.0,1065.6,"{'timestamp': '2026-09-06T12:55:43.077095+00:00', 'model_version': 'deepseek-r1:1.5b', 'prompt_hash': 'a6af280e'}",06_P3
35,real_mixed_106,deepseek-r1:1.5b_baseline,138.66598296165466,146.07,0,codeblock,0.142857,0.5,0.222222,0.0,0,16.0,64.5,1.9,282.5,282.7,20260.9,72.0,1723.0,1065.6,"{'timestamp': '2026-09-06T12:55:46.588495+00:00', 'model_version': 'deepseek-r1:1.5b', 'prompt_hash': 'a6af280e'}",06_P3
35,real_mixed_107,deepseek-r1:1.5b_baseline,154.3570339679718,142.06,0,codeblock,0.181818,0.153846,0.166667,0.0,0,18.6,57.1,1.7,282.4,282.7,20263.6,72.0,1723.0,1065.6,"{'timestamp': '2026-09-06T12:56:02.284224+00:00', 'model_version': 'deepseek-r1:1.5b', 'prompt_hash': 'a6af280e'}",06_P3
35,real_mixed_108,deepseek-r1:1.5b_baseline,148.79856705665588,140.07,0,codeblock,0.166667,0.2,0.181818,0.0,0,18.0,54.9,1.8,282.4,282.7,20262.7,72.0,1723.0,1065.6,"{'timestamp': '2026-09-06T12:55:56.720565+00:00', 'model_version': 'deepseek-r1:1.5b', 'prompt_hash': 'a6af280e'}",06_P3
36,real_mixed_109,deepseek-r1:1.5b_baseline,162.47418308258057,142.83,0,codeblock,0.333333,0.083333,0.133333,0.1666666666666666,1,11.6,42.9,1.8,277.6,282.7,20267.2,72.0,1723.0,1065.6,"{'timestamp': '2026-09-06T12:56:22.665198+00:00', 'model_version': 'deepseek-r1:1.5b', 'prompt_hash': 'a6af280e'}",06_P3
36,real_mixed_110,deepseek-r1:1.5b_baseline,157.91905689239502,139.37,0,codeblock,0.333333,0.222222,0.266667,0.0,0,10.7,38.9,1.8,278.6,282.7,20267.3,72.0,1723.0,1065.6,"{'timestamp': '2026-09-06T12:56:18.096739+00:00', 'model_version': 'deepseek-r1:1.5b', 'prompt_hash': 'a6af280e'}",06_P3
36,real_mixed_111,deepseek-r1:1.5b_baseline,147.80256509780884,144.82,0,codeblock,0.375,0.6,0.461538,0.0,0,10.2,35.7,1.8,281.0,282.7,20268.3,72.0,1723.0,1065.6,"{'timestamp': '2026-09-06T12:56:07.995662+00:00', 'model_version': 'deepseek-r1:1.5b', 'prompt_hash': 'a6af280e'}",06_P3
37,real_mixed_112,deepseek-r1:1.5b_baseline,151.916442155838,146.4,0,codeblock,0.090909,0.2,0.125,0.0909090909090909,1,10.1,35.4,1.7,276.0,282.7,20286.6,72.0,1723.0,1065.6,"{'timestamp': '2026-09-06T12:56:27.232016+00:00', 'model_version': 'deepseek-r1:1.5b', 'prompt_hash': 'a6af280e'}",06_P3
37,real_mixed_113,deepseek-r1:1.5b_baseline,163.49082398414612,144.13,0,codeblock,0.117647,0.222222,0.153846,0.1176470588235294,2,10.9,39.3,1.7,273.7,282.7,20285.5,72.0,1723.0,1065.6,"{'timestamp': '2026-09-06T12:56:38.821387+00:00', 'model_version': 'deepseek-r1:1.5b', 'prompt_hash': 'a6af280e'}",06_P3
37,real_mixed_114,deepseek-r1:1.5b_baseline,157.06429076194763,144.51,0,codeblock,0.0,0.0,0.0,0.2857142857142857,2,10.1,34.9,1.7,275.0,282.7,20285.2,72.0,1723.0,1065.6,"{'timestamp': '2026-09-06T12:56:32.385955+00:00', 'model_version': 'deepseek-r1:1.5b', 'prompt_hash': 'a6af280e'}",06_P3
38,real_mixed_115,deepseek-r1:1.5b_baseline,156.59102368354797,147.91,0,codeblock,0.5,0.666667,0.571429,0.0,0,11.9,64.3,1.8,272.3,282.7,20285.5,72.0,1723.0,1065.6,"{'timestamp': '2026-09-06T12:56:42.364340+00:00', 'model_version': 'deepseek-r1:1.5b', 'prompt_hash': 'a6af280e'}",06_P3
38,real_mixed_116,deepseek-r1:1.5b_baseline,160.61065912246704,144.54,0,codeblock,0.666667,1.0,0.8,0.0,0,14.6,100.0,1.7,271.6,282.7,20281.7,72.0,1723.0,1065.6,"{'timestamp': '2026-09-06T12:56:46.384353+00:00', 'model_version': 'deepseek-r1:1.5b', 'prompt_hash': 'a6af280e'}",06_P3
38,real_mixed_117,deepseek-r1:1.5b_baseline,168.76450514793396,142.38,0,codeblock,0.066667,0.125,0.086957,0.0,0,11.2,35.4,1.6,270.2,282.7,20273.4,72.0,1723.0,1065.6,"{'timestamp': '2026-09-06T12:56:54.553602+00:00', 'model_version': 'deepseek-r1:1.5b', 'prompt_hash': 'a6af280e'}",06_P3
39,real_mixed_118,deepseek-r1:1.5b_baseline,170.2558631896973,145.57,0,codeblock,0.0,0.0,0.0,0.1666666666666666,1,11.4,64.3,1.4,266.4,282.7,20260.3,71.9,1723.0,1065.6,"{'timestamp': '2026-09-06T12:57:10.758268+00:00', 'model_version': 'deepseek-r1:1.5b', 'prompt_hash': 'a6af280e'}",06_P3
39,real_mixed_119,deepseek-r1:1.5b_baseline,166.70050716400146,146.05,0,codeblock,0.0,0.0,0.0,0.3333333333333333,2,11.2,35.4,1.6,267.0,282.7,20264.0,71.9,1723.0,1065.6,"{'timestamp': '2026-09-06T12:57:07.205895+00:00', 'model_version': 'deepseek-r1:1.5b', 'prompt_hash': 'a6af280e'}",06_P3
39,real_mixed_120,deepseek-r1:1.5b_baseline,163.2944359779358,143.81,0,codeblock,0.5,0.6,0.545455,0.0,0,10.5,33.8,1.6,267.5,282.7,20263.4,71.9,1723.0,1065.6,"{'timestamp': '2026-09-06T12:57:03.796674+00:00', 'model_version': 'deepseek-r1:1.5b', 'prompt_hash': 'a6af280e'}",06_P3
2,real_mixed_7,deepseek-r1:1.5b_kb_rag,20.354453086853027,141.82,0,codeblock,0.142857,0.071429,0.095238,0.0,0,17.9,68.1,31.0,889.2,1084.0,19165.2,73.9,1723.0,1065.6,"{'timestamp': '2026-09-06T12:57:32.450957+00:00', 'model_version': 'deepseek-r1:1.5b', 'prompt_hash': 'a6af280e'}",06_P3
2,real_mixed_8,deepseek-r1:1.5b_kb_rag,24.382699012756348,142.15,0,codeblock,0.0,0.0,0.0,0.25,2,9.8,65.9,22.4,891.7,1137.5,19163.0,74.0,1723.0,1065.6,"{'timestamp': '2026-09-06T12:57:36.640800+00:00', 'model_version': 'deepseek-r1:1.5b', 'prompt_hash': 'a6af280e'}",06_P3
2,real_mixed_9,deepseek-r1:1.5b_kb_rag,9.176313877105711,142.91,0,codeblock,0.5,0.2,0.285714,0.0,0,14.8,65.9,150.2,897.9,1131.8,19219.5,73.8,1723.0,1065.6,"{'timestamp': '2026-09-06T12:57:21.079244+00:00', 'model_version': 'deepseek-r1:1.5b', 'prompt_hash': 'a6af280e'}",06_P3
1,real_mixed_4,deepseek-r1:1.5b_kb_rag,48.68672513961792,133.28,0,fallback,0.0,0.0,0.0,0.0,0,16.0,72.6,12.0,880.0,1083.8,19103.4,74.1,1723.0,1065.6,"{'timestamp': '2026-09-06T12:58:01.246696+00:00', 'model_version': 'deepseek-r1:1.5b', 'prompt_hash': 'a6af280e'}",06_P3
1,real_mixed_5,deepseek-r1:1.5b_kb_rag,5.128422737121582,137.99,0,codeblock,0.222222,0.2,0.210526,0.3333333333333333,3,20.1,65.9,196.5,910.5,1130.5,19258.5,73.7,1723.0,1065.6,"{'timestamp': '2026-09-06T12:57:16.970885+00:00', 'model_version': 'deepseek-r1:1.5b', 'prompt_hash': 'a6af280e'}",06_P3
1,real_mixed_6,deepseek-r1:1.5b_kb_rag,32.934033155441284,142.75,0,codeblock,0.333333,0.166667,0.222222,0.1111111111111111,1,17.4,71.6,18.1,883.6,1132.3,19145.1,74.0,1723.0,1065.6,"{'timestamp': '2026-09-06T12:57:45.428854+00:00', 'model_version': 'deepseek-r1:1.5b', 'prompt_hash': 'a6af280e'}",06_P3
0,real_mixed_1,deepseek-r1:1.5b_kb_rag,28.41021966934204,142.28,0,codeblock,0.333333,0.384615,0.357143,0.4,6,13.9,65.9,24.3,885.0,1131.8,19144.9,74.0,1723.0,1065.6,"{'timestamp': '2026-09-06T12:57:40.819025+00:00', 'model_version': 'deepseek-r1:1.5b', 'prompt_hash': 'a6af280e'}",06_P3
0,real_mixed_2,deepseek-r1:1.5b_kb_rag,16.35847234725952,140.34,0,codeblock,0.0,0.0,0.0,0.0,0,15.4,65.9,49.2,892.2,1084.7,19173.7,73.9,1723.0,1065.6,"{'timestamp': '2026-09-06T12:57:28.457615+00:00', 'model_version': 'deepseek-r1:1.5b', 'prompt_hash': 'a6af280e'}",06_P3
0,real_mixed_3,deepseek-r1:1.5b_kb_rag,71.50926184654236,136.66,0,codeblock,0.117647,0.166667,0.137931,0.1176470588235294,2,11.6,65.9,8.9,892.1,1084.5,19042.0,74.2,1723.0,1065.6,"{'timestamp': '2026-09-06T12:58:24.668154+00:00', 'model_version': 'deepseek-r1:1.5b', 'prompt_hash': 'a6af280e'}",06_P3
5,real_mixed_16,deepseek-r1:1.5b_kb_rag,57.23576378822327,142.4,0,codeblock,0.0,0.0,0.0,0.0,0,8.6,65.9,10.3,885.8,1129.3,19077.8,74.1,1723.0,1065.6,"{'timestamp': '2026-09-06T12:58:10.086022+00:00', 'model_version': 'deepseek-r1:1.5b', 'prompt_hash': 'a6af280e'}",06_P3
5,real_mixed_17,deepseek-r1:1.5b_kb_rag,94.75347995758057,144.23,0,codeblock,0.333333,0.5,0.4,0.0,0,9.0,65.9,6.5,895.9,1129.8,19002.2,74.3,1723.0,1065.6,"{'timestamp': '2026-09-06T12:58:48.004279+00:00', 'model_version': 'deepseek-r1:1.5b', 'prompt_hash': 'a6af280e'}",06_P3
5,real_mixed_18,deepseek-r1:1.5b_kb_rag,80.21011400222778,142.44,0,codeblock,0.5,0.333333,0.4,0.125,1,9.3,65.9,9.4,894.4,1137.5,19024.3,74.2,1723.0,1065.6,"{'timestamp': '2026-09-06T12:58:33.531372+00:00', 'model_version': 'deepseek-r1:1.5b', 'prompt_hash': 'a6af280e'}",06_P3
8,real_mixed_25,deepseek-r1:1.5b_kb_rag,53.213682889938354,142.19,0,codeblock,0.25,0.166667,0.2,0.375,3,8.7,65.9,10.8,883.7,1129.3,19092.3,74.1,1723.0,1065.6,"{'timestamp': '2026-09-06T12:58:06.062933+00:00', 'model_version': 'deepseek-r1:1.5b', 'prompt_hash': 'a6af280e'}",06_P3
8,real_mixed_26,deepseek-r1:1.5b_kb_rag,76.96640491485596,138.91,0,codeblock,0.225,0.25,0.236842,0.375,15,10.5,65.9,7.7,893.5,1129.8,19030.1,74.2,1723.0,1065.6,"{'timestamp': '2026-09-06T12:58:30.238103+00:00', 'model_version': 'deepseek-r1:1.5b', 'prompt_hash': 'a6af280e'}",06_P3
8,real_mixed_27,deepseek-r1:1.5b_kb_rag,100.84215712547302,132.62,0,codeblock,0.8,0.461538,0.585366,0.0,0,8.6,65.9,6.9,895.5,922.0,18992.2,74.3,1723.0,1065.6,"{'timestamp': '2026-09-06T12:58:54.193384+00:00', 'model_version': 'deepseek-r1:1.5b', 'prompt_hash': 'a6af280e'}",06_P3
6,real_mixed_19,deepseek-r1:1.5b_kb_rag,91.23029589653017,142.78,0,codeblock,0.533333,0.4,0.457143,0.2666666666666666,4,9.9,65.9,5.7,894.4,922.0,19007.5,74.3,1723.0,1065.6,"{'timestamp': '2026-09-06T12:58:44.648043+00:00', 'model_version': 'deepseek-r1:1.5b', 'prompt_hash': 'a6af280e'}",06_P3
6,real_mixed_20,deepseek-r1:1.5b_kb_rag,97.20562076568604,142.9,0,codeblock,0.5,0.1875,0.272727,0.0,0,8.6,65.9,7.4,894.9,922.0,18997.4,74.3,1723.0,1065.6,"{'timestamp': '2026-09-06T12:58:50.625984+00:00', 'model_version': 'deepseek-r1:1.5b', 'prompt_hash': 'a6af280e'}",06_P3
6,real_mixed_21,deepseek-r1:1.5b_kb_rag,112.58051204681396,142.92,0,codeblock,1.0,0.285714,0.444444,0.0,0,10.0,65.9,6.8,897.6,922.0,18970.8,74.3,1723.0,1065.6,"{'timestamp': '2026-09-06T12:59:06.012014+00:00', 'model_version': 'deepseek-r1:1.5b', 'prompt_hash': 'a6af280e'}",06_P3
4,real_mixed_13,deepseek-r1:1.5b_kb_rag,87.11570715904236,137.97,0,codeblock,0.111111,0.117647,0.114286,0.4444444444444444,8,9.4,65.9,7.5,895.0,1134.2,19012.7,74.3,1723.0,1065.6,"{'timestamp': '2026-09-06T12:58:40.428804+00:00', 'model_version': 'deepseek-r1:1.5b', 'prompt_hash': 'a6af280e'}",06_P3
4,real_mixed_14,deepseek-r1:1.5b_kb_rag,128.21871399879456,131.76,0,codeblock,0.6,0.666667,0.631579,0.0,0,11.4,65.9,7.9,900.3,922.0,18938.9,74.4,1723.0,1065.6,"{'timestamp': '2026-09-06T12:59:21.642542+00:00', 'model_version': 'deepseek-r1:1.5b', 'prompt_hash': 'a6af280e'}",06_P3
4,real_mixed_15,deepseek-r1:1.5b_kb_rag,105.82412600517272,142.3,0,codeblock,0.2,0.333333,0.25,0.1333333333333333,2,8.8,65.9,8.0,896.5,922.0,18983.3,74.3,1723.0,1065.6,"{'timestamp': '2026-09-06T12:58:59.232602+00:00', 'model_version': 'deepseek-r1:1.5b', 'prompt_hash': 'a6af280e'}",06_P3
3,real_mixed_10,deepseek-r1:1.5b_kb_rag,60.76323986053467,143.11,0,codeblock,0.166667,0.166667,0.166667,0.6666666666666666,4,16.8,70.7,8.9,888.0,1131.8,19061.5,74.2,1723.0,1065.6,"{'timestamp': '2026-09-06T12:58:13.746741+00:00', 'model_version': 'deepseek-r1:1.5b', 'prompt_hash': 'a6af280e'}",06_P3
3,real_mixed_11,deepseek-r1:1.5b_kb_rag,135.39924478530884,134.08,0,codeblock,0.142857,0.111111,0.125,0.4285714285714285,6,10.4,65.9,12.2,901.4,922.0,18895.1,74.5,1723.0,1065.6,"{'timestamp': '2026-09-06T12:59:28.813481+00:00', 'model_version': 'deepseek-r1:1.5b', 'prompt_hash': 'a6af280e'}",06_P3
3,real_mixed_12,deepseek-r1:1.5b_kb_rag,137.27073407173157,142.91,0,codeblock,0.111111,0.142857,0.125,0.2222222222222222,2,10.0,65.9,8.6,901.7,922.0,18882.6,74.5,1723.0,1065.6,"{'timestamp': '2026-09-06T12:59:30.686877+00:00', 'model_version': 'deepseek-r1:1.5b', 'prompt_hash': 'a6af280e'}",06_P3
7,real_mixed_22,deepseek-r1:1.5b_kb_rag,109.56178879737854,144.55,0,codeblock,0.0,0.0,0.0,0.5,4,10.4,65.9,7.4,897.2,922.0,18974.7,74.3,1723.0,1065.6,"{'timestamp': '2026-09-06T12:59:02.923790+00:00', 'model_version': 'deepseek-r1:1.5b', 'prompt_hash': 'a6af280e'}",06_P3
7,real_mixed_23,deepseek-r1:1.5b_kb_rag,141.286926984787,142.3,0,codeblock,0.5,0.133333,0.210526,0.0,0,13.5,75.6,8.6,902.2,922.0,18860.7,74.6,1723.0,1065.6,"{'timestamp': '2026-09-06T12:59:34.707240+00:00', 'model_version': 'deepseek-r1:1.5b', 'prompt_hash': 'a6af280e'}",06_P3
7,real_mixed_24,deepseek-r1:1.5b_kb_rag,155.91618394851685,134.92,0,codeblock,0.090909,0.142857,0.111111,0.5454545454545454,6,9.1,65.9,8.5,904.0,922.0,18788.6,74.7,1723.0,1065.6,"{'timestamp': '2026-09-06T12:59:49.330556+00:00', 'model_version': 'deepseek-r1:1.5b', 'prompt_hash': 'a6af280e'}",06_P3
9,real_mixed_28,deepseek-r1:1.5b_kb_rag,143.39809203147888,142.79,0,codeblock,0.166667,0.133333,0.148148,0.0,0,10.7,88.9,8.8,909.0,922.4,18672.1,74.9,1723.0,1065.6,"{'timestamp': '2026-09-06T13:00:00.430034+00:00', 'model_version': 'deepseek-r1:1.5b', 'prompt_hash': 'a6af280e'}",06_P3
9,real_mixed_29,deepseek-r1:1.5b_kb_rag,139.3160138130188,139.68,0,codeblock,0.052632,0.083333,0.064516,0.2105263157894736,4,11.2,66.7,9.2,908.6,922.4,18692.1,74.9,1723.0,1065.6,"{'timestamp': '2026-09-06T12:59:56.352021+00:00', 'model_version': 'deepseek-r1:1.5b', 'prompt_hash': 'a6af280e'}",06_P3
9,real_mixed_30,deepseek-r1:1.5b_kb_rag,146.37971878051758,142.21,0,codeblock,0.5,0.25,0.333333,0.0,0,10.4,43.1,8.3,909.2,922.4,18656.2,74.9,1723.0,1065.6,"{'timestamp': '2026-09-06T13:00:03.407173+00:00', 'model_version': 'deepseek-r1:1.5b', 'prompt_hash': 'a6af280e'}",06_P3
10,real_mixed_31,deepseek-r1:1.5b_kb_rag,128.2447350025177,133.24,0,codeblock,0.142857,0.5,0.222222,0.0,0,11.9,74.1,9.8,912.9,922.4,18512.6,75.2,1723.0,1065.6,"{'timestamp': '2026-09-06T13:00:09.869310+00:00', 'model_version': 'deepseek-r1:1.5b', 'prompt_hash': 'a6af280e'}",06_P3
10,real_mixed_32,deepseek-r1:1.5b_kb_rag,131.66979813575745,138.91,0,codeblock,0.333333,0.571429,0.421053,0.0,0,14.3,74.1,9.7,909.0,922.4,18480.3,75.3,1723.0,1065.6,"{'timestamp': '2026-09-06T13:00:13.306219+00:00', 'model_version': 'deepseek-r1:1.5b', 'prompt_hash': 'a6af280e'}",06_P3
10,real_mixed_33,deepseek-r1:1.5b_kb_rag,147.80833792686462,131.15,0,fallback,0.0,0.0,0.0,0.0,0,15.8,100.0,8.3,893.6,922.4,18361.3,75.5,1723.0,1065.6,"{'timestamp': '2026-09-06T13:00:29.459391+00:00', 'model_version': 'deepseek-r1:1.5b', 'prompt_hash': 'a6af280e'}",06_P3
11,real_mixed_34,deepseek-r1:1.5b_kb_rag,131.71964597702026,137.71,0,codeblock,0.0,0.0,0.0,0.0,0,11.5,74.1,9.3,882.5,922.5,18216.0,75.9,1723.0,1065.6,"{'timestamp': '2026-09-06T13:00:36.782538+00:00', 'model_version': 'deepseek-r1:1.5b', 'prompt_hash': 'a6af280e'}",06_P3
11,real_mixed_35,deepseek-r1:1.5b_kb_rag,135.75989985466003,137.92,0,codeblock,0.181818,0.285714,0.222222,0.0909090909090909,1,11.2,74.1,9.0,877.8,922.5,18192.8,75.9,1723.0,1065.6,"{'timestamp': '2026-09-06T13:00:40.836216+00:00', 'model_version': 'deepseek-r1:1.5b', 'prompt_hash': 'a6af280e'}",06_P3
11,real_mixed_36,deepseek-r1:1.5b_kb_rag,127.72993612289427,137.03,0,codeblock,0.8,0.363636,0.5,0.2,2,11.1,74.1,16.1,885.7,922.4,18238.7,75.8,1723.0,1065.6,"{'timestamp': '2026-09-06T13:00:32.806453+00:00', 'model_version': 'deepseek-r1:1.5b', 'prompt_hash': 'a6af280e'}",06_P3
12,real_mixed_37,deepseek-r1:1.5b_kb_rag,122.12889122962952,133.16,0,codeblock,0.294118,0.416667,0.344828,0.1176470588235294,2,11.7,74.1,10.3,857.6,922.4,17999.7,76.3,1723.0,1065.6,"{'timestamp': '2026-09-06T13:00:50.528553+00:00', 'model_version': 'deepseek-r1:1.5b', 'prompt_hash': 'a6af280e'}",06_P3
12,real_mixed_38,deepseek-r1:1.5b_kb_rag,130.2389943599701,137.92,0,codeblock,0.230769,0.230769,0.230769,0.1538461538461538,2,11.6,74.1,9.2,843.4,922.4,17961.1,76.4,1723.0,1065.6,"{'timestamp': '2026-09-06T13:00:58.644814+00:00', 'model_version': 'deepseek-r1:1.5b', 'prompt_hash': 'a6af280e'}",06_P3
12,real_mixed_39,deepseek-r1:1.5b_kb_rag,127.14790105819702,137.22,0,codeblock,0.375,0.428571,0.4,0.0,0,11.6,74.1,10.0,849.4,922.4,17976.0,76.4,1723.0,1065.6,"{'timestamp': '2026-09-06T13:00:55.541197+00:00', 'model_version': 'deepseek-r1:1.5b', 'prompt_hash': 'a6af280e'}",06_P3
13,real_mixed_40,deepseek-r1:1.5b_kb_rag,130.16940188407898,137.25,0,codeblock,0.5,0.166667,0.25,0.25,1,11.6,74.1,10.0,829.6,922.4,17892.0,76.6,1723.0,1065.6,"{'timestamp': '2026-09-06T13:01:04.726155+00:00', 'model_version': 'deepseek-r1:1.5b', 'prompt_hash': 'a6af280e'}",06_P3
13,real_mixed_41,deepseek-r1:1.5b_kb_rag,135.21171188354492,137.23,0,codeblock,0.333333,0.222222,0.266667,0.3333333333333333,4,11.6,74.1,9.5,821.5,922.4,17871.7,76.6,1723.0,1065.6,"{'timestamp': '2026-09-06T13:01:09.786857+00:00', 'model_version': 'deepseek-r1:1.5b', 'prompt_hash': 'a6af280e'}",06_P3
13,real_mixed_42,deepseek-r1:1.5b_kb_rag,139.24350309371948,137.66,0,codeblock,0.125,0.041667,0.0625,0.125,1,11.5,74.1,8.8,815.3,922.4,17855.0,76.6,1723.0,1065.6,"{'timestamp': '2026-09-06T13:01:13.815052+00:00', 'model_version': 'deepseek-r1:1.5b', 'prompt_hash': 'a6af280e'}",06_P3
14,real_mixed_43,deepseek-r1:1.5b_kb_rag,149.83743596076965,124.04,0,codeblock,0.333333,0.333333,0.333333,0.1904761904761904,4,19.5,100.0,8.4,778.8,922.4,17699.7,76.9,1723.0,1065.6,"{'timestamp': '2026-09-06T13:01:36.233809+00:00', 'model_version': 'deepseek-r1:1.5b', 'prompt_hash': 'a6af280e'}",06_P3
14,real_mixed_44,deepseek-r1:1.5b_kb_rag,139.32089018821716,137.93,0,codeblock,0.166667,0.142857,0.153846,0.3333333333333333,4,15.8,75.0,8.9,790.5,922.4,17723.5,76.9,1723.0,1065.6,"{'timestamp': '2026-09-06T13:01:25.718289+00:00', 'model_version': 'deepseek-r1:1.5b', 'prompt_hash': 'a6af280e'}",06_P3
14,real_mixed_45,deepseek-r1:1.5b_kb_rag,134.7009379863739,136.19,0,codeblock,0.294118,0.416667,0.344828,0.0,0,17.3,75.0,9.2,796.1,922.4,17736.7,76.9,1723.0,1065.6,"{'timestamp': '2026-09-06T13:01:21.089528+00:00', 'model_version': 'deepseek-r1:1.5b', 'prompt_hash': 'a6af280e'}",06_P3
15,real_mixed_46,deepseek-r1:1.5b_kb_rag,141.41015219688416,138.21,0,codeblock,0.125,0.071429,0.090909,0.0,0,16.2,75.0,9.2,757.2,922.4,17578.2,77.2,1723.0,1065.6,"{'timestamp': '2026-09-06T13:01:43.469336+00:00', 'model_version': 'deepseek-r1:1.5b', 'prompt_hash': 'a6af280e'}",06_P3
15,real_mixed_47,deepseek-r1:1.5b_kb_rag,146.85951709747314,137.85,0,codeblock,0.344828,0.37037,0.357143,0.0,0,21.5,100.0,8.6,753.7,922.4,17578.2,77.2,1723.0,1065.6,"{'timestamp': '2026-09-06T13:01:48.937333+00:00', 'model_version': 'deepseek-r1:1.5b', 'prompt_hash': 'a6af280e'}",06_P3
15,real_mixed_48,deepseek-r1:1.5b_kb_rag,136.86381101608276,137.42,0,codeblock,0.5,0.333333,0.4,0.0,0,15.9,100.0,9.4,760.3,922.4,17580.8,77.2,1723.0,1065.6,"{'timestamp': '2026-09-06T13:01:38.914637+00:00', 'model_version': 'deepseek-r1:1.5b', 'prompt_hash': 'a6af280e'}",06_P3
16,real_mixed_49,deepseek-r1:1.5b_kb_rag,164.6197669506073,142.11,0,codeblock,0.333333,0.142857,0.2,0.1666666666666666,1,16.8,74.1,8.5,730.8,922.4,17542.9,77.3,1723.0,1065.6,"{'timestamp': '2026-09-06T13:02:15.685157+00:00', 'model_version': 'deepseek-r1:1.5b', 'prompt_hash': 'a6af280e'}",06_P3
16,real_mixed_50,deepseek-r1:1.5b_kb_rag,161.4286470413208,137.06,0,codeblock,0.461538,0.545455,0.5,0.0,0,11.3,74.1,8.3,732.1,922.4,17545.8,77.3,1723.0,1065.6,"{'timestamp': '2026-09-06T13:02:12.492180+00:00', 'model_version': 'deepseek-r1:1.5b', 'prompt_hash': 'a6af280e'}",06_P3
16,real_mixed_51,deepseek-r1:1.5b_kb_rag,153.3933036327362,131.81,0,fallback,0.0,0.0,0.0,0.0,0,11.5,74.1,8.2,735.5,922.4,17550.6,77.3,1723.0,1065.6,"{'timestamp': '2026-09-06T13:02:04.459565+00:00', 'model_version': 'deepseek-r1:1.5b', 'prompt_hash': 'a6af280e'}",06_P3
17,real_mixed_52,deepseek-r1:1.5b_kb_rag,160.85125088691711,140.74,0,codeblock,0.285714,0.142857,0.190476,0.1428571428571428,1,11.1,74.1,8.0,712.5,922.4,17460.1,77.5,1723.0,1065.6,"{'timestamp': '2026-09-06T13:02:30.575955+00:00', 'model_version': 'deepseek-r1:1.5b', 'prompt_hash': 'a6af280e'}",06_P3
17,real_mixed_53,deepseek-r1:1.5b_kb_rag,148.33920288085938,143.36,0,codeblock,0.333333,0.5,0.4,0.1111111111111111,1,11.5,74.1,8.7,707.7,922.4,17472.4,77.5,1723.0,1065.6,"{'timestamp': '2026-09-06T13:02:18.053813+00:00', 'model_version': 'deepseek-r1:1.5b', 'prompt_hash': 'a6af280e'}",06_P3
17,real_mixed_54,deepseek-r1:1.5b_kb_rag,154.90012288093567,143.04,0,codeblock,0.153846,0.5,0.235294,0.0769230769230769,1,11.3,74.1,8.2,709.9,922.4,17466.4,77.5,1723.0,1065.6,"{'timestamp': '2026-09-06T13:02:24.621922+00:00', 'model_version': 'deepseek-r1:1.5b', 'prompt_hash': 'a6af280e'}",06_P3
18,real_mixed_55,deepseek-r1:1.5b_kb_rag,155.88672590255737,139.85,0,codeblock,0.117647,0.222222,0.153846,0.2352941176470588,4,11.2,74.1,8.5,697.5,882.4,17395.6,77.7,1723.0,1065.6,"{'timestamp': '2026-09-06T13:02:39.747031+00:00', 'model_version': 'deepseek-r1:1.5b', 'prompt_hash': 'a6af280e'}",06_P3
18,real_mixed_56,deepseek-r1:1.5b_kb_rag,162.85699605941772,136.09,0,codeblock,0.2,0.285714,0.235294,0.5,10,11.4,74.1,7.8,699.5,882.5,17384.7,77.7,1723.0,1065.6,"{'timestamp': '2026-09-06T13:02:46.727541+00:00', 'model_version': 'deepseek-r1:1.5b', 'prompt_hash': 'a6af280e'}",06_P3
18,real_mixed_57,deepseek-r1:1.5b_kb_rag,151.77788090705872,141.07,0,codeblock,0.352941,0.333333,0.342857,0.1764705882352941,3,11.2,74.1,8.8,695.3,882.4,17401.0,77.7,1723.0,1065.6,"{'timestamp': '2026-09-06T13:02:35.649607+00:00', 'model_version': 'deepseek-r1:1.5b', 'prompt_hash': 'a6af280e'}",06_P3
19,real_mixed_58,deepseek-r1:1.5b_kb_rag,155.78301000595093,135.85,0,fallback,0.0,0.0,0.0,0.0,0,15.6,70.4,8.6,679.8,781.8,17358.3,77.7,1723.0,1065.6,"{'timestamp': '2026-09-06T13:03:05.696332+00:00', 'model_version': 'deepseek-r1:1.5b', 'prompt_hash': 'a6af280e'}",06_P3
19,real_mixed_59,deepseek-r1:1.5b_kb_rag,161.30708408355713,134.32,0,codeblock,0.764706,0.684211,0.722222,0.0,0,14.8,70.4,8.0,673.1,781.8,17345.1,77.7,1723.0,1065.6,"{'timestamp': '2026-09-06T13:03:11.213598+00:00', 'model_version': 'deepseek-r1:1.5b', 'prompt_hash': 'a6af280e'}",06_P3
19,real_mixed_60,deepseek-r1:1.5b_kb_rag,140.70282077789307,141.11,0,codeblock,0.333333,0.25,0.285714,0.0,0,17.1,66.7,11.8,683.9,781.9,17385.6,77.7,1723.0,1065.6,"{'timestamp': '2026-09-06T13:02:50.602683+00:00', 'model_version': 'deepseek-r1:1.5b', 'prompt_hash': 'a6af280e'}",06_P3
20,real_mixed_61,deepseek-r1:1.5b_kb_rag,162.22978687286377,129.72,0,codeblock,0.045455,0.035714,0.04,0.1818181818181818,4,9.7,37.8,7.9,671.7,781.8,17324.2,77.7,1723.0,1065.6,"{'timestamp': '2026-09-06T13:03:23.503447+00:00', 'model_version': 'deepseek-r1:1.5b', 'prompt_hash': 'a6af280e'}",06_P3
20,real_mixed_62,deepseek-r1:1.5b_kb_rag,155.1208472251892,141.53,0,codeblock,0.230769,0.272727,0.25,0.2307692307692307,3,10.1,37.8,8.3,668.6,781.8,17333.1,77.7,1723.0,1065.6,"{'timestamp': '2026-09-06T13:03:16.373253+00:00', 'model_version': 'deepseek-r1:1.5b', 'prompt_hash': 'a6af280e'}",06_P3
20,real_mixed_63,deepseek-r1:1.5b_kb_rag,167.659282207489,143.09,0,codeblock,0.133333,0.25,0.173913,0.0,0,10.5,37.8,7.7,667.1,781.8,17326.6,77.7,1723.0,1065.6,"{'timestamp': '2026-09-06T13:03:28.913851+00:00', 'model_version': 'deepseek-r1:1.5b', 'prompt_hash': 'a6af280e'}",06_P3
21,real_mixed_64,deepseek-r1:1.5b_kb_rag,156.4949071407318,142.56,0,codeblock,0.0,0.0,0.0,0.7777777777777778,7,9.8,40.6,8.1,666.0,797.9,17325.4,77.7,1723.0,1065.6,"{'timestamp': '2026-09-06T13:03:35.526231+00:00', 'model_version': 'deepseek-r1:1.5b', 'prompt_hash': 'a6af280e'}",06_P3
21,real_mixed_65,deepseek-r1:1.5b_kb_rag,154.0323829650879,141.2,0,codeblock,0.0,0.0,0.0,0.0,0,9.7,40.6,8.7,668.6,797.9,17323.7,77.7,1723.0,1065.6,"{'timestamp': '2026-09-06T13:03:33.069318+00:00', 'model_version': 'deepseek-r1:1.5b', 'prompt_hash': 'a6af280e'}",06_P3
21,real_mixed_66,deepseek-r1:1.5b_kb_rag,160.63282299041748,142.37,0,codeblock,0.5,0.15,0.230769,0.0,0,10.0,40.6,8.0,662.9,797.9,17328.3,77.7,1723.0,1065.6,"{'timestamp': '2026-09-06T13:03:39.687639+00:00', 'model_version': 'deepseek-r1:1.5b', 'prompt_hash': 'a6af280e'}",06_P3
22,real_mixed_67,deepseek-r1:1.5b_kb_rag,162.99914073944092,140.51,0,codeblock,0.0,0.0,0.0,0.25,1,10.5,100.0,8.2,665.2,811.5,17335.2,77.7,1723.0,1065.6,"{'timestamp': '2026-09-06T13:03:57.212428+00:00', 'model_version': 'deepseek-r1:1.5b', 'prompt_hash': 'a6af280e'}",06_P3
22,real_mixed_68,deepseek-r1:1.5b_kb_rag,148.91427493095398,141.5,0,codeblock,1.0,0.153846,0.266667,0.0,0,10.1,46.5,8.7,670.3,811.5,17330.7,77.8,1723.0,1065.6,"{'timestamp': '2026-09-06T13:03:43.109904+00:00', 'model_version': 'deepseek-r1:1.5b', 'prompt_hash': 'a6af280e'}",06_P3
22,real_mixed_69,deepseek-r1:1.5b_kb_rag,157.96815419197085,138.62,0,codeblock,0.545455,0.25,0.342857,0.0909090909090909,1,10.1,46.5,8.0,669.7,811.5,17334.2,77.7,1723.0,1065.6,"{'timestamp': '2026-09-06T13:03:52.184176+00:00', 'model_version': 'deepseek-r1:1.5b', 'prompt_hash': 'a6af280e'}",06_P3
23,real_mixed_70,deepseek-r1:1.5b_kb_rag,144.18880891799927,141.92,0,codeblock,0.666667,0.190476,0.296296,0.1666666666666666,1,10.1,46.5,8.9,674.2,811.3,17337.4,77.8,1723.0,1065.6,"{'timestamp': '2026-09-06T13:04:00.837672+00:00', 'model_version': 'deepseek-r1:1.5b', 'prompt_hash': 'a6af280e'}",06_P3
23,real_mixed_71,deepseek-r1:1.5b_kb_rag,148.74415183067322,138.85,0,codeblock,0.285714,0.166667,0.210526,0.0,0,10.0,46.5,9.0,672.7,811.3,17343.4,77.8,1723.0,1065.6,"{'timestamp': '2026-09-06T13:04:05.376792+00:00', 'model_version': 'deepseek-r1:1.5b', 'prompt_hash': 'a6af280e'}",06_P3
23,real_mixed_72,deepseek-r1:1.5b_kb_rag,164.30772995948792,133.85,0,fallback,0.0,0.0,0.0,0.0,0,9.7,46.5,7.8,654.0,811.3,17346.8,77.7,1723.0,1065.6,"{'timestamp': '2026-09-06T13:04:20.947146+00:00', 'model_version': 'deepseek-r1:1.5b', 'prompt_hash': 'a6af280e'}",06_P3
24,real_mixed_73,deepseek-r1:1.5b_kb_rag,158.69974398612976,141.41,0,codeblock,0.5,0.133333,0.210526,0.25,1,9.7,46.5,8.2,654.8,811.3,17342.0,77.8,1723.0,1065.6,"{'timestamp': '2026-09-06T13:04:28.038524+00:00', 'model_version': 'deepseek-r1:1.5b', 'prompt_hash': 'a6af280e'}",06_P3
24,real_mixed_74,deepseek-r1:1.5b_kb_rag,166.30328011512756,139.11,0,direct_json,0.5,0.2,0.285714,0.0,0,16.9,56.4,7.7,648.0,800.3,17353.0,77.8,1723.0,1065.6,"{'timestamp': '2026-09-06T13:04:35.641335+00:00', 'model_version': 'deepseek-r1:1.5b', 'prompt_hash': 'a6af280e'}",06_P3
24,real_mixed_75,deepseek-r1:1.5b_kb_rag,155.7074098587036,140.54,0,codeblock,0.0,0.0,0.0,0.0,0,9.6,46.5,10.5,653.9,811.3,17338.5,77.8,1723.0,1065.6,"{'timestamp': '2026-09-06T13:04:25.030421+00:00', 'model_version': 'deepseek-r1:1.5b', 'prompt_hash': 'a6af280e'}",06_P3
25,real_mixed_76,deepseek-r1:1.5b_kb_rag,141.67912006378174,145.7,0,codeblock,1.0,1.0,1.0,0.0,0,12.6,50.7,9.2,645.6,800.3,17321.1,77.8,1723.0,1065.6,"{'timestamp': '2026-09-06T13:04:37.876778+00:00', 'model_version': 'deepseek-r1:1.5b', 'prompt_hash': 'a6af280e'}",06_P3
25,real_mixed_77,deepseek-r1:1.5b_kb_rag,150.11858296394348,136.02,0,codeblock,0.266667,0.32,0.290909,0.2,6,15.4,66.7,8.3,645.1,800.3,17330.4,77.8,1723.0,1065.6,"{'timestamp': '2026-09-06T13:04:46.357709+00:00', 'model_version': 'deepseek-r1:1.5b', 'prompt_hash': 'a6af280e'}",06_P3
25,real_mixed_78,deepseek-r1:1.5b_kb_rag,155.63167119026184,131.69,0,codeblock,0.166667,0.25,0.2,0.1666666666666666,1,15.4,59.6,8.5,639.7,800.3,17334.3,77.8,1723.0,1065.6,"{'timestamp': '2026-09-06T13:04:51.834317+00:00', 'model_version': 'deepseek-r1:1.5b', 'prompt_hash': 'a6af280e'}",06_P3
26,real_mixed_79,deepseek-r1:1.5b_kb_rag,158.1740689277649,129.22,0,direct_json,0.318182,0.7,0.4375,0.5909090909090909,13,10.4,46.5,8.4,614.8,808.6,17340.9,77.8,1723.0,1065.6,"{'timestamp': '2026-09-06T13:05:09.171588+00:00', 'model_version': 'deepseek-r1:1.5b', 'prompt_hash': 'a6af280e'}",06_P3
26,real_mixed_80,deepseek-r1:1.5b_kb_rag,149.11777114868164,139.71,0,codeblock,0.125,0.083333,0.1,0.0,0,10.7,46.5,8.2,624.7,800.3,17338.2,77.8,1723.0,1065.6,"{'timestamp': '2026-09-06T13:05:00.131473+00:00', 'model_version': 'deepseek-r1:1.5b', 'prompt_hash': 'a6af280e'}",06_P3
26,real_mixed_81,deepseek-r1:1.5b_kb_rag,145.61028480529785,141.24,0,codeblock,0.333333,0.272727,0.3,0.1111111111111111,1,10.0,50.0,9.0,628.4,808.7,17339.1,77.8,1723.0,1065.6,"{'timestamp': '2026-09-06T13:04:56.604259+00:00', 'model_version': 'deepseek-r1:1.5b', 'prompt_hash': 'a6af280e'}",06_P3
27,real_mixed_82,deepseek-r1:1.5b_kb_rag,147.07242012023926,142.09,0,codeblock,0.5,0.333333,0.4,0.1666666666666666,1,10.3,50.0,8.7,601.7,808.6,17356.1,77.8,1723.0,1065.6,"{'timestamp': '2026-09-06T13:05:14.210812+00:00', 'model_version': 'deepseek-r1:1.5b', 'prompt_hash': 'a6af280e'}",06_P3
27,real_mixed_83,deepseek-r1:1.5b_kb_rag,152.18185901641846,142.42,0,codeblock,0.777778,0.7,0.736842,0.0,0,10.0,46.5,8.3,599.5,811.5,17354.2,77.8,1723.0,1065.6,"{'timestamp': '2026-09-06T13:05:19.325773+00:00', 'model_version': 'deepseek-r1:1.5b', 'prompt_hash': 'a6af280e'}",06_P3
27,real_mixed_84,deepseek-r1:1.5b_kb_rag,144.56084036827087,141.0,0,codeblock,0.5,0.222222,0.307692,0.0,0,10.4,50.0,8.6,600.4,808.6,17357.6,77.8,1723.0,1065.6,"{'timestamp': '2026-09-06T13:05:11.697254+00:00', 'model_version': 'deepseek-r1:1.5b', 'prompt_hash': 'a6af280e'}",06_P3
28,real_mixed_85,deepseek-r1:1.5b_kb_rag,134.95264196395874,142.72,0,direct_json,0.333333,0.125,0.181818,0.3333333333333333,1,17.1,61.9,9.2,600.7,800.3,17395.8,77.8,1723.0,1065.6,"{'timestamp': '2026-09-06T13:05:26.582721+00:00', 'model_version': 'deepseek-r1:1.5b', 'prompt_hash': 'a6af280e'}",06_P3
28,real_mixed_86,deepseek-r1:1.5b_kb_rag,138.5044560432434,142.31,0,codeblock,0.25,0.153846,0.190476,0.0,0,16.2,100.0,9.0,597.1,800.3,17392.9,77.8,1723.0,1065.6,"{'timestamp': '2026-09-06T13:05:30.149616+00:00', 'model_version': 'deepseek-r1:1.5b', 'prompt_hash': 'a6af280e'}",06_P3
28,real_mixed_87,deepseek-r1:1.5b_kb_rag,132.52909803390503,141.6,0,codeblock,0.333333,0.285714,0.307692,0.1666666666666666,1,15.7,100.0,9.7,600.3,800.3,17398.9,77.8,1723.0,1065.6,"{'timestamp': '2026-09-06T13:05:24.158702+00:00', 'model_version': 'deepseek-r1:1.5b', 'prompt_hash': 'a6af280e'}",06_P3
29,real_mixed_88,deepseek-r1:1.5b_kb_rag,125.5583770275116,141.28,0,codeblock,0.0,0.0,0.0,0.1428571428571428,1,11.8,100.0,10.1,594.2,800.3,17405.9,77.9,1723.0,1065.6,"{'timestamp': '2026-09-06T13:05:34.855489+00:00', 'model_version': 'deepseek-r1:1.5b', 'prompt_hash': 'a6af280e'}",06_P3
29,real_mixed_89,deepseek-r1:1.5b_kb_rag,129.35377407073975,142.86,0,codeblock,0.6,0.230769,0.333333,0.2,1,17.0,100.0,10.1,594.5,800.3,17397.2,77.9,1723.0,1065.6,"{'timestamp': '2026-09-06T13:05:38.661092+00:00', 'model_version': 'deepseek-r1:1.5b', 'prompt_hash': 'a6af280e'}",06_P3
29,real_mixed_90,deepseek-r1:1.5b_kb_rag,135.10389399528503,142.04,0,codeblock,0.222222,0.25,0.235294,0.3333333333333333,3,12.5,100.0,9.2,591.1,800.3,17379.0,77.9,1723.0,1065.6,"{'timestamp': '2026-09-06T13:05:44.419435+00:00', 'model_version': 'deepseek-r1:1.5b', 'prompt_hash': 'a6af280e'}",06_P3
30,real_mixed_91,deepseek-r1:1.5b_kb_rag,134.58356499671936,142.15,0,direct_json,0.636364,0.583333,0.608696,0.0,0,10.0,46.5,9.3,599.5,811.3,17354.0,78.0,1723.0,1065.6,"{'timestamp': '2026-09-06T13:05:54.734433+00:00', 'model_version': 'deepseek-r1:1.5b', 'prompt_hash': 'a6af280e'}",06_P3
30,real_mixed_92,deepseek-r1:1.5b_kb_rag,130.91850018501282,142.24,0,codeblock,0.0,0.0,0.0,0.1428571428571428,1,10.1,46.5,10.2,597.7,811.3,17360.9,78.0,1723.0,1065.6,"{'timestamp': '2026-09-06T13:05:51.077862+00:00', 'model_version': 'deepseek-r1:1.5b', 'prompt_hash': 'a6af280e'}",06_P3
30,real_mixed_93,deepseek-r1:1.5b_kb_rag,127.90991997718812,141.71,0,direct_json,0.0,0.0,0.0,0.1666666666666666,1,10.1,46.5,10.3,593.3,811.3,17366.8,77.9,1723.0,1065.6,"{'timestamp': '2026-09-06T13:05:48.053645+00:00', 'model_version': 'deepseek-r1:1.5b', 'prompt_hash': 'a6af280e'}",06_P3
31,real_mixed_94,deepseek-r1:1.5b_kb_rag,137.0328619480133,134.04,0,fallback,0.0,0.0,0.0,0.0,0,9.9,39.1,20.7,598.2,799.7,17308.8,78.1,1723.0,1065.6,"{'timestamp': '2026-09-06T13:06:14.659863+00:00', 'model_version': 'deepseek-r1:1.5b', 'prompt_hash': 'a6af280e'}",06_P3
31,real_mixed_95,deepseek-r1:1.5b_kb_rag,140.14065313339233,141.99,0,codeblock,0.066667,0.5,0.117647,0.1333333333333333,2,10.1,39.1,9.4,595.0,799.7,17306.1,78.1,1723.0,1065.6,"{'timestamp': '2026-09-06T13:06:17.757246+00:00', 'model_version': 'deepseek-r1:1.5b', 'prompt_hash': 'a6af280e'}",06_P3
31,real_mixed_96,deepseek-r1:1.5b_kb_rag,121.46800684928894,141.3,0,codeblock,0.285714,0.166667,0.210526,0.0,0,11.5,100.0,10.9,599.7,799.7,17337.3,78.0,1723.0,1065.6,"{'timestamp': '2026-09-06T13:05:59.092376+00:00', 'model_version': 'deepseek-r1:1.5b', 'prompt_hash': 'a6af280e'}",06_P3
32,real_mixed_97,deepseek-r1:1.5b_kb_rag,124.4158399105072,142.44,0,codeblock,0.25,0.111111,0.153846,0.0,0,10.3,39.1,10.3,598.7,792.2,17273.9,78.3,1723.0,1065.6,"{'timestamp': '2026-09-06T13:06:25.789266+00:00', 'model_version': 'deepseek-r1:1.5b', 'prompt_hash': 'a6af280e'}",06_P3
32,real_mixed_98,deepseek-r1:1.5b_kb_rag,129.97941207885742,136.89,0,direct_json,0.333333,0.178571,0.232558,0.4,6,10.3,39.1,9.8,594.6,792.2,17270.2,78.3,1723.0,1065.6,"{'timestamp': '2026-09-06T13:06:31.369004+00:00', 'model_version': 'deepseek-r1:1.5b', 'prompt_hash': 'a6af280e'}",06_P3
32,real_mixed_99,deepseek-r1:1.5b_kb_rag,120.98252987861632,142.18,0,codeblock,0.111111,0.5,0.181818,0.2222222222222222,2,10.3,39.1,9.7,601.4,792.2,17276.4,78.3,1723.0,1065.6,"{'timestamp': '2026-09-06T13:06:22.352814+00:00', 'model_version': 'deepseek-r1:1.5b', 'prompt_hash': 'a6af280e'}",06_P3
33,real_mixed_100,deepseek-r1:1.5b_kb_rag,138.5173020362854,142.6,0,codeblock,0.05,0.142857,0.074074,0.6,12,10.2,39.1,7.8,577.3,792.2,17220.3,78.4,1723.0,1065.6,"{'timestamp': '2026-09-06T13:06:54.612401+00:00', 'model_version': 'deepseek-r1:1.5b', 'prompt_hash': 'a6af280e'}",06_P3
33,real_mixed_101,deepseek-r1:1.5b_kb_rag,133.43384981155396,135.32,0,fallback,0.0,0.0,0.0,0.0,0,10.3,39.1,8.7,580.6,792.2,17225.5,78.4,1723.0,1065.6,"{'timestamp': '2026-09-06T13:06:49.517146+00:00', 'model_version': 'deepseek-r1:1.5b', 'prompt_hash': 'a6af280e'}",06_P3
33,real_mixed_102,deepseek-r1:1.5b_kb_rag,117.85675406455994,144.73,0,codeblock,1.0,1.0,1.0,0.0,0,10.5,39.1,9.6,590.5,792.2,17235.7,78.4,1723.0,1065.6,"{'timestamp': '2026-09-06T13:06:33.932761+00:00', 'model_version': 'deepseek-r1:1.5b', 'prompt_hash': 'a6af280e'}",06_P3
34,real_mixed_103,deepseek-r1:1.5b_kb_rag,125.42816615104675,143.83,0,codeblock,0.0,0.0,0.0,0.0,0,10.3,39.1,8.0,571.5,792.3,17185.2,78.5,1723.0,1065.6,"{'timestamp': '2026-09-06T13:06:57.653104+00:00', 'model_version': 'deepseek-r1:1.5b', 'prompt_hash': 'a6af280e'}",06_P3
34,real_mixed_104,deepseek-r1:1.5b_kb_rag,129.95949912071228,142.86,0,codeblock,0.444444,0.4,0.421053,0.1111111111111111,1,10.3,39.1,7.9,569.3,792.3,17179.0,78.5,1723.0,1065.6,"{'timestamp': '2026-09-06T13:07:02.199574+00:00', 'model_version': 'deepseek-r1:1.5b', 'prompt_hash': 'a6af280e'}",06_P3
34,real_mixed_105,deepseek-r1:1.5b_kb_rag,134.8953058719635,141.9,0,direct_json,0.375,0.3,0.333333,0.125,1,10.1,39.1,7.1,567.0,792.2,17175.4,78.5,1723.0,1065.6,"{'timestamp': '2026-09-06T13:07:07.142433+00:00', 'model_version': 'deepseek-r1:1.5b', 'prompt_hash': 'a6af280e'}",06_P3
35,real_mixed_106,deepseek-r1:1.5b_kb_rag,120.79043102264404,143.26,0,codeblock,0.125,0.5,0.2,0.0,0,11.6,100.0,7.2,575.0,792.2,17138.6,78.5,1723.0,1065.6,"{'timestamp': '2026-09-06T13:07:10.465953+00:00', 'model_version': 'deepseek-r1:1.5b', 'prompt_hash': 'a6af280e'}",06_P3
35,real_mixed_107,deepseek-r1:1.5b_kb_rag,128.89554524421692,138.51,0,codeblock,0.5,0.307692,0.380952,0.125,1,10.0,39.1,6.3,570.3,792.2,17135.6,78.5,1723.0,1065.6,"{'timestamp': '2026-09-06T13:07:18.577639+00:00', 'model_version': 'deepseek-r1:1.5b', 'prompt_hash': 'a6af280e'}",06_P3
35,real_mixed_108,deepseek-r1:1.5b_kb_rag,123.85239887237547,142.58,0,codeblock,0.181818,0.4,0.25,0.0909090909090909,1,10.0,39.1,6.5,573.2,792.2,17137.5,78.5,1723.0,1065.6,"{'timestamp': '2026-09-06T13:07:13.540243+00:00', 'model_version': 'deepseek-r1:1.5b', 'prompt_hash': 'a6af280e'}",06_P3
36,real_mixed_109,deepseek-r1:1.5b_kb_rag,153.52939891815186,133.48,0,fallback,0.0,0.0,0.0,0.0,0,12.4,100.0,5.0,542.2,792.2,17100.5,78.6,1723.0,1065.6,"{'timestamp': '2026-09-06T13:07:53.295415+00:00', 'model_version': 'deepseek-r1:1.5b', 'prompt_hash': 'a6af280e'}",06_P3
36,real_mixed_110,deepseek-r1:1.5b_kb_rag,137.5605218410492,132.99,0,codeblock,0.0,0.0,0.0,0.0,0,10.9,100.0,5.5,555.3,792.2,17114.7,78.5,1723.0,1065.6,"{'timestamp': '2026-09-06T13:07:37.331921+00:00', 'model_version': 'deepseek-r1:1.5b', 'prompt_hash': 'a6af280e'}",06_P3
36,real_mixed_111,deepseek-r1:1.5b_kb_rag,121.82866311073305,144.85,0,codeblock,0.333333,0.137931,0.195122,0.25,3,10.1,39.1,6.3,564.1,792.2,17119.2,78.6,1723.0,1065.6,"{'timestamp': '2026-09-06T13:07:21.603235+00:00', 'model_version': 'deepseek-r1:1.5b', 'prompt_hash': 'a6af280e'}",06_P3
37,real_mixed_112,deepseek-r1:1.5b_kb_rag,147.10745286941528,143.73,0,codeblock,0.5,0.4,0.444444,0.25,1,18.5,66.7,4.4,531.4,792.2,17081.0,78.6,1723.0,1065.6,"{'timestamp': '2026-09-06T13:07:57.780410+00:00', 'model_version': 'deepseek-r1:1.5b', 'prompt_hash': 'a6af280e'}",06_P3
37,real_mixed_113,deepseek-r1:1.5b_kb_rag,154.65303111076355,142.72,0,codeblock,0.5,0.444444,0.470588,0.375,3,17.9,61.5,3.9,523.0,792.2,17062.6,78.6,1723.0,1065.6,"{'timestamp': '2026-09-06T13:08:05.337724+00:00', 'model_version': 'deepseek-r1:1.5b', 'prompt_hash': 'a6af280e'}",06_P3
37,real_mixed_114,deepseek-r1:1.5b_kb_rag,151.12839698791504,142.8,0,codeblock,0.4,0.571429,0.470588,0.3,3,19.0,66.7,4.4,527.0,792.2,17070.6,78.6,1723.0,1065.6,"{'timestamp': '2026-09-06T13:08:01.803844+00:00', 'model_version': 'deepseek-r1:1.5b', 'prompt_hash': 'a6af280e'}",06_P3
38,real_mixed_115,deepseek-r1:1.5b_kb_rag,145.0493950843811,142.72,0,codeblock,0.4,0.666667,0.5,0.0,0,15.3,83.3,3.4,509.0,792.2,17049.0,78.6,1723.0,1065.6,"{'timestamp': '2026-09-06T13:08:09.879615+00:00', 'model_version': 'deepseek-r1:1.5b', 'prompt_hash': 'a6af280e'}",06_P3
38,real_mixed_116,deepseek-r1:1.5b_kb_rag,148.5552110671997,142.64,0,codeblock,0.0,0.0,0.0,0.4285714285714285,3,14.5,100.0,3.7,505.0,792.2,17041.7,78.7,1723.0,1065.6,"{'timestamp': '2026-09-06T13:08:13.392728+00:00', 'model_version': 'deepseek-r1:1.5b', 'prompt_hash': 'a6af280e'}",06_P3
38,real_mixed_117,deepseek-r1:1.5b_kb_rag,154.6051549911499,140.01,0,codeblock,0.125,0.125,0.125,0.0,0,14.1,100.0,2.9,498.5,792.2,17028.8,78.7,1723.0,1065.6,"{'timestamp': '2026-09-06T13:08:19.454779+00:00', 'model_version': 'deepseek-r1:1.5b', 'prompt_hash': 'a6af280e'}",06_P3
39,real_mixed_118,deepseek-r1:1.5b_kb_rag,164.10865998268127,141.78,0,codeblock,0.0,0.0,0.0,0.4545454545454545,10,11.2,43.0,2.2,451.9,792.2,16987.0,78.8,1723.0,1065.6,"{'timestamp': '2026-09-06T13:08:39.342837+00:00', 'model_version': 'deepseek-r1:1.5b', 'prompt_hash': 'a6af280e'}",06_P3
39,real_mixed_119,deepseek-r1:1.5b_kb_rag,153.58852982521057,139.88,0,codeblock,0.117647,0.333333,0.173913,0.1764705882352941,3,10.1,40.9,1.7,469.1,792.2,17007.0,78.7,1723.0,1065.6,"{'timestamp': '2026-09-06T13:08:28.823541+00:00', 'model_version': 'deepseek-r1:1.5b', 'prompt_hash': 'a6af280e'}",06_P3
39,real_mixed_120,deepseek-r1:1.5b_kb_rag,157.59898114204407,142.79,0,codeblock,0.3,0.6,0.4,0.3,3,10.5,42.5,1.8,462.4,792.2,16997.7,78.7,1723.0,1065.6,"{'timestamp': '2026-09-06T13:08:32.829236+00:00', 'model_version': 'deepseek-r1:1.5b', 'prompt_hash': 'a6af280e'}",06_P3
1,real_mixed_4,llama3.2:latest_baseline,1.5207149982452393,87.47,0,direct_json,0.5,0.214286,0.3,0.1666666666666666,1,6.9,20.7,53.9,248.4,248.5,22897.1,71.2,3920.4,1925.8,"{'timestamp': '2026-09-01T18:04:23.688179+00:00', 'model_version': 'llama3.2:latest', 'prompt_hash': 'a6af280e'}",07_legacy_kbrag
1,real_mixed_5,llama3.2:latest_baseline,6.046856880187988,85.54,0,direct_json,0.235294,0.4,0.296296,0.0,0,14.1,35.7,11.1,249.7,250.5,22773.9,71.7,3920.4,1925.8,"{'timestamp': '2026-09-01T18:04:28.198633+00:00', 'model_version': 'llama3.2:latest', 'prompt_hash': 'a6af280e'}",07_legacy_kbrag
1,real_mixed_6,llama3.2:latest_baseline,6.547358989715576,84.63,0,direct_json,0.736842,0.777778,0.756757,0.0,0,17.1,34.3,3.9,250.4,250.5,22728.6,71.8,3920.4,1925.8,"{'timestamp': '2026-09-01T18:04:30.256139+00:00', 'model_version': 'llama3.2:latest', 'prompt_hash': 'a6af280e'}",07_legacy_kbrag
0,real_mixed_1,llama3.2:latest_baseline,2.5297040939331055,88.44,0,direct_json,0.333333,0.153846,0.210526,0.0,0,7.5,20.7,36.6,248.7,249.7,22841.5,71.5,3920.4,1925.8,"{'timestamp': '2026-09-01T18:04:24.691289+00:00', 'model_version': 'llama3.2:latest', 'prompt_hash': 'a6af280e'}",07_legacy_kbrag
0,real_mixed_2,llama3.2:latest_baseline,4.538714170455933,84.88,0,direct_json,0.307692,0.333333,0.32,0.0,0,11.2,28.2,19.2,249.4,250.5,22791.7,71.6,3920.4,1925.8,"{'timestamp': '2026-09-01T18:04:26.691493+00:00', 'model_version': 'llama3.2:latest', 'prompt_hash': 'a6af280e'}",07_legacy_kbrag
0,real_mixed_3,llama3.2:latest_baseline,7.558125019073486,85.92,0,direct_json,0.454545,0.416667,0.434783,0.0,0,20.4,34.3,8.1,250.5,250.5,22698.6,71.8,3920.4,1925.8,"{'timestamp': '2026-09-01T18:04:32.267072+00:00', 'model_version': 'llama3.2:latest', 'prompt_hash': 'a6af280e'}",07_legacy_kbrag
2,real_mixed_7,llama3.2:latest_baseline,5.044756889343262,84.94,0,direct_json,0.25,0.142857,0.181818,0.0,0,23.0,41.3,12.9,251.2,251.9,22565.8,72.1,3920.4,1925.8,"{'timestamp': '2026-09-01T18:04:35.320170+00:00', 'model_version': 'llama3.2:latest', 'prompt_hash': 'a6af280e'}",07_legacy_kbrag
2,real_mixed_8,llama3.2:latest_baseline,3.0317821502685547,84.81,0,direct_json,0.125,0.111111,0.117647,0.125,1,27.3,41.4,19.5,250.8,251.3,22591.1,72.0,3920.4,1925.8,"{'timestamp': '2026-09-01T18:04:33.305249+00:00', 'model_version': 'llama3.2:latest', 'prompt_hash': 'a6af280e'}",07_legacy_kbrag
2,real_mixed_9,llama3.2:latest_baseline,7.567364692687988,82.33,0,direct_json,0.142857,0.1,0.117647,0.0,0,19.6,32.2,7.7,252.3,252.6,22249.2,72.8,3920.4,1925.8,"{'timestamp': '2026-09-01T18:04:40.886662+00:00', 'model_version': 'llama3.2:latest', 'prompt_hash': 'a6af280e'}",07_legacy_kbrag
3,real_mixed_10,llama3.2:latest_baseline,4.036318063735962,84.41,0,direct_json,0.125,0.166667,0.142857,0.0,0,20.5,29.3,15.6,251.7,251.9,22499.9,72.2,3920.4,1925.8,"{'timestamp': '2026-09-01T18:04:36.316808+00:00', 'model_version': 'llama3.2:latest', 'prompt_hash': 'a6af280e'}",07_legacy_kbrag
3,real_mixed_11,llama3.2:latest_baseline,7.550925016403198,81.9,0,fallback,1.0,0.941176,0.969697,0.0,0,25.8,41.3,3.7,252.1,252.6,22471.3,72.3,3920.4,1925.8,"{'timestamp': '2026-09-01T18:04:39.834203+00:00', 'model_version': 'llama3.2:latest', 'prompt_hash': 'a6af280e'}",07_legacy_kbrag
3,real_mixed_12,llama3.2:latest_baseline,6.050627946853638,86.05,0,direct_json,0.363636,0.571429,0.444444,0.0,0,24.6,38.9,9.8,252.8,254.1,21549.0,74.2,3920.4,1925.8,"{'timestamp': '2026-09-01T18:04:42.379234+00:00', 'model_version': 'llama3.2:latest', 'prompt_hash': 'a6af280e'}",07_legacy_kbrag
4,real_mixed_13,llama3.2:latest_baseline,6.551284074783325,82.46,0,direct_json,0.5,0.529412,0.514286,0.0,0,19.1,31.2,10.2,255.4,256.2,19906.0,77.5,3920.4,1925.8,"{'timestamp': '2026-09-01T18:04:47.465043+00:00', 'model_version': 'llama3.2:latest', 'prompt_hash': 'a6af280e'}",07_legacy_kbrag
4,real_mixed_14,llama3.2:latest_baseline,4.036484956741333,82.51,0,direct_json,0.785714,0.916667,0.846154,0.0,0,15.7,31.2,14.7,255.0,255.5,19904.5,77.5,3920.4,1925.8,"{'timestamp': '2026-09-01T18:04:44.939976+00:00', 'model_version': 'llama3.2:latest', 'prompt_hash': 'a6af280e'}",07_legacy_kbrag
4,real_mixed_15,llama3.2:latest_baseline,7.063442945480347,85.5,0,direct_json,0.15,0.333333,0.206897,0.05,1,23.4,39.7,8.2,223.6,256.2,19122.9,78.9,3920.4,1925.8,"{'timestamp': '2026-09-01T18:04:52.016885+00:00', 'model_version': 'llama3.2:latest', 'prompt_hash': 'a6af280e'}",07_legacy_kbrag
5,real_mixed_16,llama3.2:latest_baseline,7.551192998886108,85.42,0,direct_json,0.6,0.666667,0.631579,0.0,0,23.5,39.8,8.5,240.7,256.2,19504.2,78.2,3920.4,1925.8,"{'timestamp': '2026-09-01T18:04:49.946969+00:00', 'model_version': 'llama3.2:latest', 'prompt_hash': 'a6af280e'}",07_legacy_kbrag
5,real_mixed_17,llama3.2:latest_baseline,6.042891025543213,90.54,0,direct_json,0.5,1.0,0.666667,0.0,0,22.8,39.8,10.3,251.1,256.2,19716.8,77.9,3920.4,1925.8,"{'timestamp': '2026-09-01T18:04:48.429733+00:00', 'model_version': 'llama3.2:latest', 'prompt_hash': 'a6af280e'}",07_legacy_kbrag
5,real_mixed_18,llama3.2:latest_baseline,4.547259092330933,86.34,0,direct_json,1.0,0.166667,0.285714,0.0,0,22.9,35.8,12.7,199.5,200.8,18674.4,79.7,3920.4,1925.8,"{'timestamp': '2026-09-01T18:04:52.992534+00:00', 'model_version': 'llama3.2:latest', 'prompt_hash': 'a6af280e'}",07_legacy_kbrag
6,real_mixed_19,llama3.2:latest_baseline,2.024017810821533,85.96,0,direct_json,0.6,0.15,0.24,0.0,0,25.5,39.8,29.6,201.5,202.3,18715.7,79.8,3920.4,1925.8,"{'timestamp': '2026-09-01T18:04:54.067122+00:00', 'model_version': 'llama3.2:latest', 'prompt_hash': 'a6af280e'}",07_legacy_kbrag
6,real_mixed_20,llama3.2:latest_baseline,3.5310330390930176,85.61,0,direct_json,0.454545,0.3125,0.37037,0.0,0,19.0,39.8,17.8,200.2,202.3,18553.0,80.2,3920.4,1925.8,"{'timestamp': '2026-09-01T18:04:55.571359+00:00', 'model_version': 'llama3.2:latest', 'prompt_hash': 'a6af280e'}",07_legacy_kbrag
6,real_mixed_21,llama3.2:latest_baseline,6.053522109985352,84.05,0,direct_json,0.5,0.214286,0.3,0.1666666666666666,1,15.6,26.4,9.5,198.7,198.7,18103.9,81.2,3920.4,1925.8,"{'timestamp': '2026-09-01T18:05:00.138779+00:00', 'model_version': 'llama3.2:latest', 'prompt_hash': 'a6af280e'}",07_legacy_kbrag
7,real_mixed_22,llama3.2:latest_baseline,3.5377840995788574,89.45,0,direct_json,0.0,0.0,0.0,0.0,0,26.3,40.5,18.5,199.6,202.3,18373.2,80.7,3920.4,1925.8,"{'timestamp': '2026-09-01T18:04:56.537246+00:00', 'model_version': 'llama3.2:latest', 'prompt_hash': 'a6af280e'}",07_legacy_kbrag
7,real_mixed_23,llama3.2:latest_baseline,5.545446157455444,85.24,0,direct_json,0.473684,0.6,0.529412,0.0526315789473684,1,25.9,40.4,11.0,199.3,202.3,18262.3,80.9,3920.4,1925.8,"{'timestamp': '2026-09-01T18:04:58.557749+00:00', 'model_version': 'llama3.2:latest', 'prompt_hash': 'a6af280e'}",07_legacy_kbrag
7,real_mixed_24,llama3.2:latest_baseline,5.039720296859741,85.19,0,direct_json,0.428571,0.428571,0.428571,0.0,0,20.6,33.5,11.5,198.7,198.7,17977.3,81.6,3920.4,1925.8,"{'timestamp': '2026-09-01T18:05:01.588561+00:00', 'model_version': 'llama3.2:latest', 'prompt_hash': 'a6af280e'}",07_legacy_kbrag
8,real_mixed_25,llama3.2:latest_baseline,2.528120279312134,86.54,0,direct_json,0.5,0.333333,0.4,0.0,0,21.9,33.4,22.8,198.7,198.8,17829.8,82.2,3920.4,1925.8,"{'timestamp': '2026-09-01T18:05:02.689108+00:00', 'model_version': 'llama3.2:latest', 'prompt_hash': 'a6af280e'}",07_legacy_kbrag
8,real_mixed_26,llama3.2:latest_baseline,4.541737079620361,84.47,0,direct_json,0.5,0.361111,0.419355,0.0,0,20.8,35.9,13.8,198.8,198.8,17761.1,82.3,3920.4,1925.8,"{'timestamp': '2026-09-01T18:05:04.725409+00:00', 'model_version': 'llama3.2:latest', 'prompt_hash': 'a6af280e'}",07_legacy_kbrag
8,real_mixed_27,llama3.2:latest_baseline,9.576070070266724,81.34,0,direct_json,0.608696,0.538462,0.571429,0.0,0,19.6,35.9,6.4,198.8,198.8,17656.1,82.2,3920.4,1925.8,"{'timestamp': '2026-09-01T18:05:12.283017+00:00', 'model_version': 'llama3.2:latest', 'prompt_hash': 'a6af280e'}",07_legacy_kbrag
9,real_mixed_28,llama3.2:latest_baseline,7.561324834823608,85.68,0,direct_json,0.333333,0.2,0.25,0.1111111111111111,1,21.4,36.0,8.5,198.8,198.8,17679.9,82.3,3920.4,1925.8,"{'timestamp': '2026-09-01T18:05:09.171824+00:00', 'model_version': 'llama3.2:latest', 'prompt_hash': 'a6af280e'}",07_legacy_kbrag
9,real_mixed_29,llama3.2:latest_baseline,6.052844047546387,84.92,0,direct_json,0.291667,0.583333,0.388889,0.0416666666666666,1,19.9,35.9,11.1,198.8,198.8,17698.7,82.3,3920.4,1925.8,"{'timestamp': '2026-09-01T18:05:07.664457+00:00', 'model_version': 'llama3.2:latest', 'prompt_hash': 'a6af280e'}",07_legacy_kbrag
9,real_mixed_30,llama3.2:latest_baseline,5.552184104919434,86.36,0,direct_json,0.333333,0.25,0.285714,0.0,0,20.3,30.2,10.6,198.8,198.9,17627.6,82.1,3920.4,1925.8,"{'timestamp': '2026-09-01T18:05:13.228747+00:00', 'model_version': 'llama3.2:latest', 'prompt_hash': 'a6af280e'}",07_legacy_kbrag
10,real_mixed_31,llama3.2:latest_baseline,2.0226988792419434,89.46,0,direct_json,0.166667,0.5,0.25,0.0,0,22.7,27.9,28.6,198.9,198.9,17661.7,82.1,3920.4,1925.8,"{'timestamp': '2026-09-01T18:05:14.317074+00:00', 'model_version': 'llama3.2:latest', 'prompt_hash': 'a6af280e'}",07_legacy_kbrag
10,real_mixed_32,llama3.2:latest_baseline,3.537580966949463,84.93,0,direct_json,0.083333,0.142857,0.105263,0.0,0,21.9,34.1,17.3,198.9,199.0,17654.7,82.0,3920.4,1925.8,"{'timestamp': '2026-09-01T18:05:15.835749+00:00', 'model_version': 'llama3.2:latest', 'prompt_hash': 'a6af280e'}",07_legacy_kbrag
10,real_mixed_33,llama3.2:latest_baseline,5.540204048156738,86.19,0,direct_json,0.6,0.230769,0.333333,0.0,0,19.3,34.1,10.5,198.6,199.0,17636.7,82.2,3920.4,1925.8,"{'timestamp': '2026-09-01T18:05:19.875429+00:00', 'model_version': 'llama3.2:latest', 'prompt_hash': 'a6af280e'}",07_legacy_kbrag
11,real_mixed_34,llama3.2:latest_baseline,3.5333330631256104,85.1,0,direct_json,0.285714,0.2,0.235294,0.0,0,23.0,34.5,16.3,198.9,199.0,17655.1,82.0,3920.4,1925.8,"{'timestamp': '2026-09-01T18:05:16.779796+00:00', 'model_version': 'llama3.2:latest', 'prompt_hash': 'a6af280e'}",07_legacy_kbrag
11,real_mixed_35,llama3.2:latest_baseline,5.035876035690308,84.45,0,direct_json,0.0,0.0,0.0,0.0,0,24.7,34.5,11.9,198.9,199.0,17650.7,82.1,3920.4,1925.8,"{'timestamp': '2026-09-01T18:05:18.279546+00:00', 'model_version': 'llama3.2:latest', 'prompt_hash': 'a6af280e'}",07_legacy_kbrag
11,real_mixed_36,llama3.2:latest_baseline,4.037805080413818,85.69,0,direct_json,0.583333,0.333333,0.424242,0.0,0,24.5,41.5,14.4,198.3,198.9,17590.3,82.3,3920.4,1925.8,"{'timestamp': '2026-09-01T18:05:20.840427+00:00', 'model_version': 'llama3.2:latest', 'prompt_hash': 'a6af280e'}",07_legacy_kbrag
12,real_mixed_37,llama3.2:latest_baseline,4.54340386390686,83.77,0,direct_json,0.4,0.333333,0.363636,0.0,0,27.7,39.5,15.5,199.2,200.1,17479.1,82.5,3920.4,1925.8,"{'timestamp': '2026-09-01T18:05:24.441005+00:00', 'model_version': 'llama3.2:latest', 'prompt_hash': 'a6af280e'}",07_legacy_kbrag
12,real_mixed_38,llama3.2:latest_baseline,3.0336110591888428,83.95,0,direct_json,0.538462,0.538462,0.538462,0.0,0,25.3,39.5,16.9,198.9,199.4,17485.6,82.4,3920.4,1925.8,"{'timestamp': '2026-09-01T18:05:22.932757+00:00', 'model_version': 'llama3.2:latest', 'prompt_hash': 'a6af280e'}",07_legacy_kbrag
12,real_mixed_39,llama3.2:latest_baseline,5.55351185798645,88.97,0,direct_json,1.0,0.142857,0.25,0.0,0,23.4,38.6,10.8,200.3,200.7,17328.1,83.0,3920.4,1925.8,"{'timestamp': '2026-09-01T18:05:28.498394+00:00', 'model_version': 'llama3.2:latest', 'prompt_hash': 'a6af280e'}",07_legacy_kbrag
13,real_mixed_40,llama3.2:latest_baseline,5.034843921661377,85.24,0,direct_json,0.375,0.25,0.3,0.125,1,28.4,50.0,12.0,199.7,200.1,17449.2,82.6,3920.4,1925.8,"{'timestamp': '2026-09-01T18:05:25.897738+00:00', 'model_version': 'llama3.2:latest', 'prompt_hash': 'a6af280e'}",07_legacy_kbrag
13,real_mixed_41,llama3.2:latest_baseline,6.5644989013671875,85.2,0,direct_json,0.5,0.277778,0.357143,0.1,1,23.6,38.6,9.8,199.9,200.7,17400.9,82.8,3920.4,1925.8,"{'timestamp': '2026-09-01T18:05:27.433435+00:00', 'model_version': 'llama3.2:latest', 'prompt_hash': 'a6af280e'}",07_legacy_kbrag
13,real_mixed_42,llama3.2:latest_baseline,4.530105113983154,84.2,0,direct_json,0.4,0.25,0.307692,0.2,3,24.0,38.7,13.4,203.1,207.8,17183.5,83.1,3920.4,1925.8,"{'timestamp': '2026-09-01T18:05:30.456815+00:00', 'model_version': 'llama3.2:latest', 'prompt_hash': 'a6af280e'}",07_legacy_kbrag
14,real_mixed_43,llama3.2:latest_baseline,6.0462729930877686,77.79,0,direct_json,0.652174,0.714286,0.681818,0.0434782608695652,1,17.3,31.9,10.1,207.8,207.9,17189.9,82.9,3920.4,1925.8,"{'timestamp': '2026-09-01T18:05:34.578346+00:00', 'model_version': 'llama3.2:latest', 'prompt_hash': 'a6af280e'}",07_legacy_kbrag
14,real_mixed_44,llama3.2:latest_baseline,8.565377950668335,84.14,0,direct_json,0.65,0.928571,0.764706,0.0,0,18.0,35.4,7.2,207.9,207.9,17189.1,82.9,3920.4,1925.8,"{'timestamp': '2026-09-01T18:05:37.094593+00:00', 'model_version': 'llama3.2:latest', 'prompt_hash': 'a6af280e'}",07_legacy_kbrag
14,real_mixed_45,llama3.2:latest_baseline,7.0642900466918945,84.75,0,direct_json,0.333333,0.25,0.285714,0.1111111111111111,1,18.5,36.2,8.4,207.8,207.9,17177.4,83.0,3920.4,1925.8,"{'timestamp': '2026-09-01T18:05:41.658914+00:00', 'model_version': 'llama3.2:latest', 'prompt_hash': 'a6af280e'}",07_legacy_kbrag
15,real_mixed_46,llama3.2:latest_baseline,10.081122875213625,84.39,0,direct_json,0.4,0.142857,0.210526,0.2,1,19.4,34.1,6.4,207.9,207.9,17194.6,82.9,3920.4,1925.8,"{'timestamp': '2026-09-01T18:05:40.560021+00:00', 'model_version': 'llama3.2:latest', 'prompt_hash': 'a6af280e'}",07_legacy_kbrag
15,real_mixed_47,llama3.2:latest_baseline,9.07287883758545,84.0,0,direct_json,0.304348,0.269231,0.285714,0.0434782608695652,1,19.0,34.1,7.0,207.9,207.9,17195.9,82.9,3920.4,1925.8,"{'timestamp': '2026-09-01T18:05:39.564792+00:00', 'model_version': 'llama3.2:latest', 'prompt_hash': 'a6af280e'}",07_legacy_kbrag
15,real_mixed_48,llama3.2:latest_baseline,3.0261340141296387,86.03,0,direct_json,0.166667,0.166667,0.166667,0.0,0,23.1,26.2,19.4,207.8,207.8,17156.0,83.1,3920.4,1925.8,"{'timestamp': '2026-09-01T18:05:42.601909+00:00', 'model_version': 'llama3.2:latest', 'prompt_hash': 'a6af280e'}",07_legacy_kbrag
16,real_mixed_49,llama3.2:latest_baseline,4.034917831420898,83.34,0,direct_json,0.375,0.214286,0.272727,0.0,0,18.7,24.8,15.3,207.9,207.9,17151.6,83.1,3920.4,1925.8,"{'timestamp': '2026-09-01T18:05:45.717269+00:00', 'model_version': 'llama3.2:latest', 'prompt_hash': 'a6af280e'}",07_legacy_kbrag
16,real_mixed_50,llama3.2:latest_baseline,2.527376890182495,85.03,0,direct_json,0.272727,0.272727,0.272727,0.0,0,17.2,22.3,24.7,207.9,207.9,17156.9,83.1,3920.4,1925.8,"{'timestamp': '2026-09-01T18:05:44.207481+00:00', 'model_version': 'llama3.2:latest', 'prompt_hash': 'a6af280e'}",07_legacy_kbrag
16,real_mixed_51,llama3.2:latest_baseline,6.054066896438599,85.39,0,direct_json,0.222222,0.222222,0.222222,0.1111111111111111,1,19.6,27.3,9.8,207.9,207.9,17113.8,83.1,3920.4,1925.8,"{'timestamp': '2026-09-01T18:05:50.276959+00:00', 'model_version': 'llama3.2:latest', 'prompt_hash': 'a6af280e'}",07_legacy_kbrag
17,real_mixed_52,llama3.2:latest_baseline,6.549164056777954,85.57,0,direct_json,0.307692,0.285714,0.296296,0.0,0,19.5,28.9,9.7,207.9,207.9,17133.3,83.1,3920.4,1925.8,"{'timestamp': '2026-09-01T18:05:49.175546+00:00', 'model_version': 'llama3.2:latest', 'prompt_hash': 'a6af280e'}",07_legacy_kbrag
17,real_mixed_53,llama3.2:latest_baseline,5.036333084106445,85.85,0,direct_json,0.0,0.0,0.0,0.0,0,18.1,23.6,11.8,207.9,207.9,17142.9,83.1,3920.4,1925.8,"{'timestamp': '2026-09-01T18:05:47.655107+00:00', 'model_version': 'llama3.2:latest', 'prompt_hash': 'a6af280e'}",07_legacy_kbrag
17,real_mixed_54,llama3.2:latest_baseline,3.538832187652588,88.71,0,direct_json,0.285714,0.5,0.363636,0.0,0,22.2,28.3,17.4,207.9,208.0,17051.6,83.2,3920.4,1925.8,"{'timestamp': '2026-09-01T18:05:51.202675+00:00', 'model_version': 'llama3.2:latest', 'prompt_hash': 'a6af280e'}",07_legacy_kbrag
18,real_mixed_55,llama3.2:latest_baseline,5.043837070465088,84.9,0,direct_json,0.176471,0.333333,0.230769,0.0,0,17.6,30.2,12.1,208.1,208.1,16997.7,83.7,3920.4,1925.8,"{'timestamp': '2026-09-01T18:05:55.342120+00:00', 'model_version': 'llama3.2:latest', 'prompt_hash': 'a6af280e'}",07_legacy_kbrag
18,real_mixed_56,llama3.2:latest_baseline,3.0336790084838867,83.19,0,direct_json,0.076923,0.071429,0.074074,0.0,0,15.0,26.9,19.3,208.1,208.1,16978.7,83.4,3920.4,1925.8,"{'timestamp': '2026-09-01T18:05:53.337034+00:00', 'model_version': 'llama3.2:latest', 'prompt_hash': 'a6af280e'}",07_legacy_kbrag
18,real_mixed_57,llama3.2:latest_baseline,7.563206911087036,84.79,0,direct_json,0.5,0.222222,0.307692,0.0,0,20.4,37.6,2.7,208.0,208.1,16914.4,83.6,3920.4,1925.8,"{'timestamp': '2026-09-01T18:06:00.924369+00:00', 'model_version': 'llama3.2:latest', 'prompt_hash': 'a6af280e'}",07_legacy_kbrag
19,real_mixed_58,llama3.2:latest_baseline,5.542246103286743,85.81,0,direct_json,0.466667,0.636364,0.538462,0.0666666666666666,1,19.5,28.0,11.0,208.1,208.1,16961.4,83.7,3920.4,1925.8,"{'timestamp': '2026-09-01T18:05:56.767142+00:00', 'model_version': 'llama3.2:latest', 'prompt_hash': 'a6af280e'}",07_legacy_kbrag
19,real_mixed_59,llama3.2:latest_baseline,9.07271409034729,82.57,0,fallback,0.75,0.774194,0.761905,0.0,0,21.7,37.9,7.3,208.1,208.1,16935.3,83.6,3920.4,1925.8,"{'timestamp': '2026-09-01T18:06:00.297425+00:00', 'model_version': 'llama3.2:latest', 'prompt_hash': 'a6af280e'}",07_legacy_kbrag
19,real_mixed_60,llama3.2:latest_baseline,6.050283670425415,85.39,0,direct_json,0.888889,0.615385,0.727273,0.0,0,25.3,38.7,9.9,208.0,208.1,16866.0,83.6,3920.4,1925.8,"{'timestamp': '2026-09-01T18:06:02.835657+00:00', 'model_version': 'llama3.2:latest', 'prompt_hash': 'a6af280e'}",07_legacy_kbrag
20,real_mixed_61,llama3.2:latest_baseline,8.05430293083191,78.21,0,direct_json,0.703704,0.678571,0.690909,0.0,0,21.7,56.2,7.6,208.2,208.2,16791.3,83.5,3920.4,1925.8,"{'timestamp': '2026-09-01T18:06:09.022155+00:00', 'model_version': 'llama3.2:latest', 'prompt_hash': 'a6af280e'}",07_legacy_kbrag
20,real_mixed_62,llama3.2:latest_baseline,3.528634786605835,84.47,0,direct_json,0.25,0.181818,0.210526,0.0,0,24.3,29.5,16.6,208.1,208.2,16783.7,83.6,3920.4,1925.8,"{'timestamp': '2026-09-01T18:06:04.480953+00:00', 'model_version': 'llama3.2:latest', 'prompt_hash': 'a6af280e'}",07_legacy_kbrag
20,real_mixed_63,llama3.2:latest_baseline,8.562104940414429,85.85,0,direct_json,0.272727,0.375,0.315789,0.0,0,17.7,53.3,6.8,208.2,208.2,16833.4,83.4,3920.4,1925.8,"{'timestamp': '2026-09-01T18:06:13.057776+00:00', 'model_version': 'llama3.2:latest', 'prompt_hash': 'a6af280e'}",07_legacy_kbrag
21,real_mixed_64,llama3.2:latest_baseline,7.559286117553711,86.6,0,direct_json,0.2,1.0,0.333333,0.0,0,21.1,59.8,7.9,208.2,208.2,16816.3,83.4,3920.4,1925.8,"{'timestamp': '2026-09-01T18:06:10.405621+00:00', 'model_version': 'llama3.2:latest', 'prompt_hash': 'a6af280e'}",07_legacy_kbrag
21,real_mixed_65,llama3.2:latest_baseline,9.06735110282898,85.51,0,direct_json,0.285714,0.25,0.266667,0.0,0,22.8,60.0,7.0,208.2,208.2,16823.4,83.4,3920.4,1925.8,"{'timestamp': '2026-09-01T18:06:11.920623+00:00', 'model_version': 'llama3.2:latest', 'prompt_hash': 'a6af280e'}",07_legacy_kbrag
21,real_mixed_66,llama3.2:latest_baseline,4.038502931594849,85.86,0,direct_json,0.214286,0.15,0.176471,0.0,0,18.2,30.7,14.1,204.2,208.2,16880.6,83.5,3920.4,1925.8,"{'timestamp': '2026-09-01T18:06:14.468808+00:00', 'model_version': 'llama3.2:latest', 'prompt_hash': 'a6af280e'}",07_legacy_kbrag
22,real_mixed_67,llama3.2:latest_baseline,5.040237188339233,84.79,0,direct_json,0.357143,0.294118,0.322581,0.2142857142857142,3,19.3,31.8,12.1,149.0,208.2,16797.2,83.7,3920.4,1925.8,"{'timestamp': '2026-09-01T18:06:18.129990+00:00', 'model_version': 'llama3.2:latest', 'prompt_hash': 'a6af280e'}",07_legacy_kbrag
22,real_mixed_68,llama3.2:latest_baseline,3.0342400074005127,85.16,0,direct_json,0.5625,0.692308,0.62069,0.0,0,22.4,31.7,19.6,163.0,208.2,16858.6,83.6,3920.4,1925.8,"{'timestamp': '2026-09-01T18:06:16.111711+00:00', 'model_version': 'llama3.2:latest', 'prompt_hash': 'a6af280e'}",07_legacy_kbrag
22,real_mixed_69,llama3.2:latest_baseline,7.060408115386963,85.21,0,direct_json,0.625,0.416667,0.5,0.0,0,19.4,32.9,8.6,127.9,128.1,16700.0,83.9,3920.4,1925.8,"{'timestamp': '2026-09-01T18:06:23.201235+00:00', 'model_version': 'llama3.2:latest', 'prompt_hash': 'a6af280e'}",07_legacy_kbrag
23,real_mixed_70,llama3.2:latest_baseline,5.554717779159546,85.67,0,direct_json,0.571429,0.380952,0.457143,0.0,0,17.9,31.6,10.9,128.1,128.5,16731.0,83.8,3920.4,1925.8,"{'timestamp': '2026-09-01T18:06:20.052691+00:00', 'model_version': 'llama3.2:latest', 'prompt_hash': 'a6af280e'}",07_legacy_kbrag
23,real_mixed_71,llama3.2:latest_baseline,7.059595108032227,84.82,0,direct_json,0.428571,0.25,0.315789,0.0,0,23.1,50.0,9.0,128.1,128.5,16721.5,83.8,3920.4,1925.8,"{'timestamp': '2026-09-01T18:06:21.550790+00:00', 'model_version': 'llama3.2:latest', 'prompt_hash': 'a6af280e'}",07_legacy_kbrag
23,real_mixed_72,llama3.2:latest_baseline,5.04040002822876,85.12,0,direct_json,0.583333,0.5,0.538462,0.0,0,25.0,37.1,11.8,127.4,128.0,16690.7,83.9,3920.4,1925.8,"{'timestamp': '2026-09-01T18:06:25.113578+00:00', 'model_version': 'llama3.2:latest', 'prompt_hash': 'a6af280e'}",07_legacy_kbrag
24,real_mixed_73,llama3.2:latest_baseline,4.539305925369263,85.69,0,direct_json,0.9,0.6,0.72,0.0,0,21.6,35.3,13.5,126.7,126.8,16620.6,83.8,3920.4,1925.8,"{'timestamp': '2026-09-01T18:06:27.771047+00:00', 'model_version': 'llama3.2:latest', 'prompt_hash': 'a6af280e'}",07_legacy_kbrag
24,real_mixed_74,llama3.2:latest_baseline,3.0284509658813477,86.25,0,direct_json,0.571429,0.4,0.470588,0.0,0,21.1,35.3,19.5,126.7,126.7,16653.2,83.8,3920.4,1925.8,"{'timestamp': '2026-09-01T18:06:26.254923+00:00', 'model_version': 'llama3.2:latest', 'prompt_hash': 'a6af280e'}",07_legacy_kbrag
24,real_mixed_75,llama3.2:latest_baseline,5.046925067901611,84.63,0,direct_json,0.4,0.666667,0.5,0.0,0,22.0,28.2,11.7,126.8,126.8,16646.8,83.8,3920.4,1925.8,"{'timestamp': '2026-09-01T18:06:31.310141+00:00', 'model_version': 'llama3.2:latest', 'prompt_hash': 'a6af280e'}",07_legacy_kbrag
25,real_mixed_76,llama3.2:latest_baseline,3.5387320518493652,91.97,0,direct_json,0.0,0.0,0.0,0.0,0,20.8,24.7,17.1,126.7,126.8,16584.3,83.7,3920.4,1925.8,"{'timestamp': '2026-09-01T18:06:28.663085+00:00', 'model_version': 'llama3.2:latest', 'prompt_hash': 'a6af280e'}",07_legacy_kbrag
25,real_mixed_77,llama3.2:latest_baseline,5.041885137557983,85.12,0,direct_json,0.222222,0.1,0.137931,0.0,0,22.4,29.5,12.6,126.8,126.8,16612.1,83.7,3920.4,1925.8,"{'timestamp': '2026-09-01T18:06:30.188905+00:00', 'model_version': 'llama3.2:latest', 'prompt_hash': 'a6af280e'}",07_legacy_kbrag
25,real_mixed_78,llama3.2:latest_baseline,5.044661998748779,82.18,0,direct_json,0.125,0.25,0.166667,0.25,2,22.0,29.1,11.6,126.9,126.9,16722.1,83.9,3920.4,1925.8,"{'timestamp': '2026-09-01T18:06:33.717179+00:00', 'model_version': 'llama3.2:latest', 'prompt_hash': 'a6af280e'}",07_legacy_kbrag
26,real_mixed_79,llama3.2:latest_baseline,8.569792985916138,81.44,0,direct_json,0.6,0.3,0.4,0.0,0,21.4,37.1,7.4,126.8,127.0,16835.6,83.7,3920.4,1925.8,"{'timestamp': '2026-09-01T18:06:39.897062+00:00', 'model_version': 'llama3.2:latest', 'prompt_hash': 'a6af280e'}",07_legacy_kbrag
26,real_mixed_80,llama3.2:latest_baseline,6.057296991348267,81.71,0,direct_json,0.5625,0.75,0.642857,0.0,0,20.6,35.9,10.3,126.9,127.0,16806.6,83.8,3920.4,1925.8,"{'timestamp': '2026-09-01T18:06:37.404832+00:00', 'model_version': 'llama3.2:latest', 'prompt_hash': 'a6af280e'}",07_legacy_kbrag
26,real_mixed_81,llama3.2:latest_baseline,6.559417247772217,85.56,0,direct_json,0.333333,0.181818,0.235294,0.0,0,20.4,35.0,8.7,126.8,126.8,16845.9,83.8,3920.4,1925.8,"{'timestamp': '2026-09-01T18:06:43.981193+00:00', 'model_version': 'llama3.2:latest', 'prompt_hash': 'a6af280e'}",07_legacy_kbrag
27,real_mixed_82,llama3.2:latest_baseline,9.080406665802002,84.44,0,direct_json,0.307692,0.444444,0.363636,0.0,0,24.2,37.6,7.1,126.8,127.0,16827.6,83.7,3920.4,1925.8,"{'timestamp': '2026-09-01T18:06:42.818966+00:00', 'model_version': 'llama3.2:latest', 'prompt_hash': 'a6af280e'}",07_legacy_kbrag
27,real_mixed_83,llama3.2:latest_baseline,7.5471696853637695,83.86,0,direct_json,0.615385,0.8,0.695652,0.0,0,27.4,37.4,9.1,126.8,127.0,16832.9,83.7,3920.4,1925.8,"{'timestamp': '2026-09-01T18:06:41.284066+00:00', 'model_version': 'llama3.2:latest', 'prompt_hash': 'a6af280e'}",07_legacy_kbrag
27,real_mixed_84,llama3.2:latest_baseline,3.5380070209503174,85.72,0,direct_json,0.6,0.333333,0.428571,0.0,0,22.1,30.3,16.5,126.8,126.8,16871.4,83.9,3920.4,1925.8,"{'timestamp': '2026-09-01T18:06:44.837396+00:00', 'model_version': 'llama3.2:latest', 'prompt_hash': 'a6af280e'}",07_legacy_kbrag
28,real_mixed_85,llama3.2:latest_baseline,2.0199670791625977,84.55,0,direct_json,0.571429,0.5,0.533333,0.1428571428571428,1,18.2,32.1,29.7,126.9,126.9,16906.0,83.8,3920.4,1925.8,"{'timestamp': '2026-09-01T18:06:46.025192+00:00', 'model_version': 'llama3.2:latest', 'prompt_hash': 'a6af280e'}",07_legacy_kbrag
28,real_mixed_86,llama3.2:latest_baseline,3.533241033554077,86.8,0,direct_json,0.5,0.307692,0.380952,0.0,0,18.0,32.1,17.6,126.9,126.9,16865.7,83.7,3920.4,1925.8,"{'timestamp': '2026-09-01T18:06:47.549598+00:00', 'model_version': 'llama3.2:latest', 'prompt_hash': 'a6af280e'}",07_legacy_kbrag
28,real_mixed_87,llama3.2:latest_baseline,4.533761024475098,88.37,0,direct_json,0.25,0.285714,0.266667,0.0,0,19.8,33.4,13.7,123.5,126.9,16893.8,83.8,3920.4,1925.8,"{'timestamp': '2026-09-01T18:06:50.571382+00:00', 'model_version': 'llama3.2:latest', 'prompt_hash': 'a6af280e'}",07_legacy_kbrag
29,real_mixed_88,llama3.2:latest_baseline,3.534058094024658,90.41,0,direct_json,0.428571,0.75,0.545455,0.0,0,18.8,33.7,17.1,126.1,126.9,16847.9,83.6,3920.4,1925.8,"{'timestamp': '2026-09-01T18:06:48.394189+00:00', 'model_version': 'llama3.2:latest', 'prompt_hash': 'a6af280e'}",07_legacy_kbrag
29,real_mixed_89,llama3.2:latest_baseline,4.541220188140869,87.5,0,direct_json,0.2,0.076923,0.111111,0.2,1,20.6,33.6,14.2,124.9,126.9,16882.2,83.7,3920.4,1925.8,"{'timestamp': '2026-09-01T18:06:49.416375+00:00', 'model_version': 'llama3.2:latest', 'prompt_hash': 'a6af280e'}",07_legacy_kbrag
29,real_mixed_90,llama3.2:latest_baseline,4.042693138122559,86.65,0,direct_json,0.210526,0.5,0.296296,0.0,0,23.6,32.7,14.8,120.8,120.9,16846.6,83.7,3920.4,1925.8,"{'timestamp': '2026-09-01T18:06:52.462823+00:00', 'model_version': 'llama3.2:latest', 'prompt_hash': 'a6af280e'}",07_legacy_kbrag
30,real_mixed_91,llama3.2:latest_baseline,4.039265155792236,86.66,0,direct_json,0.545455,0.5,0.521739,0.0,0,14.7,28.1,15.6,120.9,121.0,16706.3,83.4,3920.4,1925.8,"{'timestamp': '2026-09-01T18:06:54.643984+00:00', 'model_version': 'llama3.2:latest', 'prompt_hash': 'a6af280e'}",07_legacy_kbrag
30,real_mixed_92,llama3.2:latest_baseline,5.050548791885376,87.56,0,direct_json,0.222222,0.133333,0.166667,0.0,0,12.8,27.9,13.0,120.9,121.0,16698.2,83.4,3920.4,1925.8,"{'timestamp': '2026-09-01T18:06:55.660505+00:00', 'model_version': 'llama3.2:latest', 'prompt_hash': 'a6af280e'}",07_legacy_kbrag
30,real_mixed_93,llama3.2:latest_baseline,5.046113967895508,87.02,0,direct_json,0.444444,0.4,0.421053,0.0,0,14.3,29.1,12.3,121.0,121.0,16743.0,83.4,3920.4,1925.8,"{'timestamp': '2026-09-01T18:06:59.709111+00:00', 'model_version': 'llama3.2:latest', 'prompt_hash': 'a6af280e'}",07_legacy_kbrag
31,real_mixed_94,llama3.2:latest_baseline,6.047930002212524,87.15,0,direct_json,0.545455,0.3,0.387097,0.0,0,15.8,31.6,10.8,121.0,121.0,16715.4,83.3,3920.4,1925.8,"{'timestamp': '2026-09-01T18:06:58.557127+00:00', 'model_version': 'llama3.2:latest', 'prompt_hash': 'a6af280e'}",07_legacy_kbrag
31,real_mixed_95,llama3.2:latest_baseline,4.048727035522461,89.51,0,direct_json,0.285714,1.0,0.444444,0.0,0,11.9,19.0,4.6,121.0,121.0,16684.4,83.3,3920.4,1925.8,"{'timestamp': '2026-09-01T18:06:56.532525+00:00', 'model_version': 'llama3.2:latest', 'prompt_hash': 'a6af280e'}",07_legacy_kbrag
31,real_mixed_96,llama3.2:latest_baseline,4.051539897918701,86.62,0,direct_json,0.333333,0.25,0.285714,0.0,0,18.7,38.7,14.9,121.0,121.0,16774.6,83.6,3920.4,1925.8,"{'timestamp': '2026-09-01T18:07:00.606548+00:00', 'model_version': 'llama3.2:latest', 'prompt_hash': 'a6af280e'}",07_legacy_kbrag
32,real_mixed_97,llama3.2:latest_baseline,2.0228919982910156,84.4,0,direct_json,0.7,0.777778,0.736842,0.1,1,26.6,33.5,29.2,121.1,121.2,16789.5,83.9,3920.4,1925.8,"{'timestamp': '2026-09-01T18:07:01.754457+00:00', 'model_version': 'llama3.2:latest', 'prompt_hash': 'a6af280e'}",07_legacy_kbrag
32,real_mixed_98,llama3.2:latest_baseline,4.539706230163574,82.45,0,direct_json,0.466667,0.25,0.325581,0.0,0,22.2,40.0,14.2,121.0,121.2,16839.0,83.8,3920.4,1925.8,"{'timestamp': '2026-09-01T18:07:04.288354+00:00', 'model_version': 'llama3.2:latest', 'prompt_hash': 'a6af280e'}",07_legacy_kbrag
32,real_mixed_99,llama3.2:latest_baseline,6.56839394569397,90.5,0,direct_json,0.0,0.0,0.0,0.0,0,19.1,39.8,9.1,120.8,120.9,16861.9,83.7,3920.4,1925.8,"{'timestamp': '2026-09-01T18:07:08.330106+00:00', 'model_version': 'llama3.2:latest', 'prompt_hash': 'a6af280e'}",07_legacy_kbrag
33,real_mixed_100,llama3.2:latest_baseline,6.558057069778442,84.29,0,direct_json,0.222222,0.571429,0.32,0.0,0,24.0,37.6,9.8,120.9,121.2,16854.1,83.7,3920.4,1925.8,"{'timestamp': '2026-09-01T18:07:07.184684+00:00', 'model_version': 'llama3.2:latest', 'prompt_hash': 'a6af280e'}",07_legacy_kbrag
33,real_mixed_101,llama3.2:latest_baseline,4.536931991577148,84.88,0,direct_json,0.166667,0.142857,0.153846,0.0,0,24.2,37.5,13.5,121.0,121.2,16852.6,83.8,3920.4,1925.8,"{'timestamp': '2026-09-01T18:07:05.165055+00:00', 'model_version': 'llama3.2:latest', 'prompt_hash': 'a6af280e'}",07_legacy_kbrag
33,real_mixed_102,llama3.2:latest_baseline,3.535259246826172,93.5,0,direct_json,0.0,0.0,0.0,0.0,0,24.1,29.4,15.2,120.6,120.9,16848.4,83.7,3920.4,1925.8,"{'timestamp': '2026-09-01T18:07:08.704828+00:00', 'model_version': 'llama3.2:latest', 'prompt_hash': 'a6af280e'}",07_legacy_kbrag
34,real_mixed_103,llama3.2:latest_baseline,1.0197980403900146,88.33,0,direct_json,0.0,0.0,0.0,0.0,0,12.5,25.0,57.3,120.3,120.4,16811.0,83.6,3920.4,1925.8,"{'timestamp': '2026-09-01T18:07:09.365149+00:00', 'model_version': 'llama3.2:latest', 'prompt_hash': 'a6af280e'}",07_legacy_kbrag
34,real_mixed_104,llama3.2:latest_baseline,2.542025089263916,83.3,0,direct_json,0.2,0.3,0.24,0.0666666666666666,1,21.7,44.3,24.4,120.4,120.4,16747.0,83.7,3920.4,1925.8,"{'timestamp': '2026-09-01T18:07:10.896509+00:00', 'model_version': 'llama3.2:latest', 'prompt_hash': 'a6af280e'}",07_legacy_kbrag
34,real_mixed_105,llama3.2:latest_baseline,7.0727880001068115,71.51,0,direct_json,0.625,0.5,0.555556,0.125,1,50.8,86.8,8.1,120.3,120.4,16750.4,83.8,3920.4,1925.8,"{'timestamp': '2026-09-01T18:07:16.453007+00:00', 'model_version': 'llama3.2:latest', 'prompt_hash': 'a6af280e'}",07_legacy_kbrag
35,real_mixed_106,llama3.2:latest_baseline,6.099318027496338,78.85,0,direct_json,0.666667,1.0,0.8,0.0,0,54.2,100.0,10.0,120.4,120.4,16738.0,83.9,3920.4,1925.8,"{'timestamp': '2026-09-01T18:07:14.821033+00:00', 'model_version': 'llama3.2:latest', 'prompt_hash': 'a6af280e'}",07_legacy_kbrag
35,real_mixed_107,llama3.2:latest_baseline,5.078387975692749,76.82,0,direct_json,0.733333,0.846154,0.785714,0.0,0,47.1,85.9,12.1,120.4,120.4,16733.9,83.9,3920.4,1925.8,"{'timestamp': '2026-09-01T18:07:13.806668+00:00', 'model_version': 'llama3.2:latest', 'prompt_hash': 'a6af280e'}",07_legacy_kbrag
35,real_mixed_108,llama3.2:latest_baseline,4.055875062942505,79.82,0,direct_json,0.2,0.2,0.2,0.0,0,53.4,80.8,14.3,120.3,120.4,16820.4,83.8,3920.4,1925.8,"{'timestamp': '2026-09-01T18:07:17.871074+00:00', 'model_version': 'llama3.2:latest', 'prompt_hash': 'a6af280e'}",07_legacy_kbrag
36,real_mixed_109,llama3.2:latest_baseline,6.584664821624756,81.8,0,direct_json,0.473684,0.375,0.418605,0.0,0,34.6,50.4,9.3,120.4,120.4,16906.1,83.7,3920.4,1925.8,"{'timestamp': '2026-09-01T18:07:23.075509+00:00', 'model_version': 'llama3.2:latest', 'prompt_hash': 'a6af280e'}",07_legacy_kbrag
36,real_mixed_110,llama3.2:latest_baseline,3.543858289718628,80.61,0,direct_json,0.555556,0.277778,0.37037,0.0,0,38.6,58.0,17.0,120.3,120.4,16828.6,83.6,3920.4,1925.8,"{'timestamp': '2026-09-01T18:07:20.034142+00:00', 'model_version': 'llama3.2:latest', 'prompt_hash': 'a6af280e'}",07_legacy_kbrag
36,real_mixed_111,llama3.2:latest_baseline,6.070990085601807,86.19,0,direct_json,0.333333,0.103448,0.157895,0.0,0,30.0,46.6,9.8,120.4,120.4,16935.1,83.6,3920.4,1925.8,"{'timestamp': '2026-09-01T18:07:26.136633+00:00', 'model_version': 'llama3.2:latest', 'prompt_hash': 'a6af280e'}",07_legacy_kbrag
37,real_mixed_112,llama3.2:latest_baseline,5.567580938339233,88.65,0,direct_json,1.0,0.4,0.571429,0.0,0,37.6,53.8,10.9,120.4,120.4,16927.8,83.7,3920.4,1925.8,"{'timestamp': '2026-09-01T18:07:23.455593+00:00', 'model_version': 'llama3.2:latest', 'prompt_hash': 'a6af280e'}",07_legacy_kbrag
37,real_mixed_113,llama3.2:latest_baseline,7.104789972305298,83.56,0,direct_json,0.428571,0.333333,0.375,0.1428571428571428,1,38.1,49.6,8.9,120.4,120.4,16913.7,83.6,3920.4,1925.8,"{'timestamp': '2026-09-01T18:07:24.999715+00:00', 'model_version': 'llama3.2:latest', 'prompt_hash': 'a6af280e'}",07_legacy_kbrag
37,real_mixed_114,llama3.2:latest_baseline,3.5491158962249756,84.1,0,direct_json,0.25,0.285714,0.266667,0.0,0,39.7,44.5,16.9,120.4,120.4,16867.6,83.4,3920.4,1925.8,"{'timestamp': '2026-09-01T18:07:27.017264+00:00', 'model_version': 'llama3.2:latest', 'prompt_hash': 'a6af280e'}",07_legacy_kbrag
38,real_mixed_115,llama3.2:latest_baseline,1.5219979286193848,86.9,0,direct_json,0.333333,0.333333,0.333333,0.0,0,38.8,42.4,39.8,120.5,120.5,16901.3,83.5,3920.4,1925.8,"{'timestamp': '2026-09-01T18:07:27.674332+00:00', 'model_version': 'llama3.2:latest', 'prompt_hash': 'a6af280e'}",07_legacy_kbrag
38,real_mixed_116,llama3.2:latest_baseline,3.0505168437957764,83.18,0,direct_json,0.0,0.0,0.0,0.3333333333333333,1,39.1,47.9,20.0,120.5,120.5,16924.7,83.5,3920.4,1925.8,"{'timestamp': '2026-09-01T18:07:29.203011+00:00', 'model_version': 'llama3.2:latest', 'prompt_hash': 'a6af280e'}",07_legacy_kbrag
38,real_mixed_117,llama3.2:latest_baseline,6.075607061386108,81.3,0,direct_json,0.25,0.375,0.3,0.0,0,34.7,50.1,9.4,119.4,120.5,16906.8,83.6,3920.4,1925.8,"{'timestamp': '2026-09-01T18:07:33.762771+00:00', 'model_version': 'llama3.2:latest', 'prompt_hash': 'a6af280e'}",07_legacy_kbrag
39,real_mixed_118,llama3.2:latest_baseline,4.048037052154541,82.16,0,direct_json,0.5,0.6,0.545455,0.0,0,42.5,49.3,14.9,120.5,120.5,16932.7,83.5,3920.4,1925.8,"{'timestamp': '2026-09-01T18:07:31.085433+00:00', 'model_version': 'llama3.2:latest', 'prompt_hash': 'a6af280e'}",07_legacy_kbrag
39,real_mixed_119,llama3.2:latest_baseline,3.0445220470428467,83.05,0,direct_json,0.166667,0.166667,0.166667,0.0,0,42.9,48.5,19.6,120.5,120.5,16937.5,83.5,3920.4,1925.8,"{'timestamp': '2026-09-01T18:07:30.085022+00:00', 'model_version': 'llama3.2:latest', 'prompt_hash': 'a6af280e'}",07_legacy_kbrag
39,real_mixed_120,llama3.2:latest_baseline,5.088276147842407,84.59,0,direct_json,0.222222,0.4,0.285714,0.0,0,40.7,49.7,11.2,118.0,120.5,16850.0,83.6,3920.4,1925.8,"{'timestamp': '2026-09-01T18:07:35.183035+00:00', 'model_version': 'llama3.2:latest', 'prompt_hash': 'a6af280e'}",07_legacy_kbrag
1,real_mixed_4,llama3.2:latest_kb_rag,2.545076847076416,80.33,0,direct_json,0.666667,0.714286,0.689655,0.0,0,26.4,46.9,219.6,587.8,652.8,16722.3,83.8,3920.4,1925.8,"{'timestamp': '2026-09-01T18:07:38.389236+00:00', 'model_version': 'llama3.2:latest', 'prompt_hash': 'a6af280e'}",07_legacy_kbrag
1,real_mixed_5,llama3.2:latest_kb_rag,9.11844801902771,80.92,0,direct_json,0.294118,0.5,0.37037,0.0,0,35.5,52.2,16.9,489.7,652.8,16719.9,83.7,3920.4,1925.8,"{'timestamp': '2026-09-01T18:07:44.960714+00:00', 'model_version': 'llama3.2:latest', 'prompt_hash': 'a6af280e'}",07_legacy_kbrag
1,real_mixed_6,llama3.2:latest_kb_rag,8.604063034057617,82.38,0,direct_json,0.615385,0.888889,0.727273,0.1153846153846153,3,37.2,49.9,10.2,435.9,462.5,16738.8,83.6,3920.4,1925.8,"{'timestamp': '2026-09-01T18:07:47.122733+00:00', 'model_version': 'llama3.2:latest', 'prompt_hash': 'a6af280e'}",07_legacy_kbrag
0,real_mixed_1,llama3.2:latest_kb_rag,4.558612108230591,81.09,0,direct_json,0.647059,0.846154,0.733333,0.0588235294117647,1,31.2,46.8,19.3,516.9,652.8,16697.6,83.7,3920.4,1925.8,"{'timestamp': '2026-09-01T18:07:40.405868+00:00', 'model_version': 'llama3.2:latest', 'prompt_hash': 'a6af280e'}",07_legacy_kbrag
0,real_mixed_2,llama3.2:latest_kb_rag,6.588115930557251,80.67,0,direct_json,0.444444,0.333333,0.380952,0.0,0,33.1,52.2,35.9,504.9,715.6,16697.4,83.7,3920.4,1925.8,"{'timestamp': '2026-09-01T18:07:42.426864+00:00', 'model_version': 'llama3.2:latest', 'prompt_hash': 'a6af280e'}",07_legacy_kbrag
0,real_mixed_3,llama3.2:latest_kb_rag,9.1263689994812,83.02,0,direct_json,0.428571,0.5,0.461538,0.0,0,38.7,55.6,14.7,444.6,553.7,16770.2,83.6,3920.4,1925.8,"{'timestamp': '2026-09-01T18:07:49.644211+00:00', 'model_version': 'llama3.2:latest', 'prompt_hash': 'a6af280e'}",07_legacy_kbrag
2,real_mixed_7,llama3.2:latest_kb_rag,5.593523025512695,81.61,0,direct_json,0.416667,0.357143,0.384615,0.0,0,23.0,46.3,32.3,545.7,567.8,16778.2,83.5,3920.4,1925.8,"{'timestamp': '2026-09-01T18:07:52.936316+00:00', 'model_version': 'llama3.2:latest', 'prompt_hash': 'a6af280e'}",07_legacy_kbrag
2,real_mixed_8,llama3.2:latest_kb_rag,3.565873861312866,82.28,0,direct_json,0.166667,0.111111,0.133333,0.0,0,16.1,46.5,59.9,541.6,567.2,16783.9,83.4,3920.4,1925.8,"{'timestamp': '2026-09-01T18:07:50.907981+00:00', 'model_version': 'llama3.2:latest', 'prompt_hash': 'a6af280e'}",07_legacy_kbrag
2,real_mixed_9,llama3.2:latest_kb_rag,8.622863054275513,84.68,0,direct_json,0.4,0.4,0.4,0.0,0,26.6,40.2,10.7,465.1,567.8,16549.9,83.1,3920.4,1925.8,"{'timestamp': '2026-09-01T18:07:59.656825+00:00', 'model_version': 'llama3.2:latest', 'prompt_hash': 'a6af280e'}",07_legacy_kbrag
3,real_mixed_10,llama3.2:latest_kb_rag,8.108880758285522,85.06,0,direct_json,0.0,0.0,0.0,0.0,0,31.4,46.3,15.1,475.6,567.8,16600.7,83.2,3920.4,1925.8,"{'timestamp': '2026-09-01T18:07:57.985872+00:00', 'model_version': 'llama3.2:latest', 'prompt_hash': 'a6af280e'}",07_legacy_kbrag
3,real_mixed_11,llama3.2:latest_kb_rag,7.094357013702393,82.31,0,direct_json,0.419355,0.722222,0.530612,0.1290322580645161,4,31.4,46.5,20.4,484.1,567.8,16626.6,83.2,3920.4,1925.8,"{'timestamp': '2026-09-01T18:07:56.980887+00:00', 'model_version': 'llama3.2:latest', 'prompt_hash': 'a6af280e'}",07_legacy_kbrag
3,real_mixed_12,llama3.2:latest_kb_rag,4.062741994857788,82.27,0,direct_json,0.076923,0.142857,0.1,0.3846153846153846,5,31.9,55.5,32.1,492.7,570.4,16466.6,83.0,3920.4,1925.8,"{'timestamp': '2026-09-01T18:08:01.158255+00:00', 'model_version': 'llama3.2:latest', 'prompt_hash': 'a6af280e'}",07_legacy_kbrag
4,real_mixed_13,llama3.2:latest_kb_rag,7.086408853530884,82.68,0,direct_json,0.5,0.588235,0.540541,0.0,0,36.2,57.1,32.1,506.2,570.4,16693.6,83.2,3920.4,1925.8,"{'timestamp': '2026-09-01T18:08:06.969289+00:00', 'model_version': 'llama3.2:latest', 'prompt_hash': 'a6af280e'}",07_legacy_kbrag
4,real_mixed_14,llama3.2:latest_kb_rag,4.045913219451904,82.2,0,direct_json,0.769231,0.833333,0.8,0.0,0,39.2,50.0,31.6,537.9,570.4,16786.9,83.7,3920.4,1925.8,"{'timestamp': '2026-09-01T18:08:03.925781+00:00', 'model_version': 'llama3.2:latest', 'prompt_hash': 'a6af280e'}",07_legacy_kbrag
4,real_mixed_15,llama3.2:latest_kb_rag,6.083548069000244,84.35,0,direct_json,0.222222,0.444444,0.296296,0.0,0,31.4,47.0,14.7,474.7,479.5,16575.5,82.6,3920.4,1925.8,"{'timestamp': '2026-09-01T18:08:10.125956+00:00', 'model_version': 'llama3.2:latest', 'prompt_hash': 'a6af280e'}",07_legacy_kbrag
5,real_mixed_16,llama3.2:latest_kb_rag,7.107527256011963,85.82,0,direct_json,1.0,0.222222,0.363636,0.0,0,36.5,57.1,17.2,480.6,567.0,16674.1,83.0,3920.4,1925.8,"{'timestamp': '2026-09-01T18:08:08.488358+00:00', 'model_version': 'llama3.2:latest', 'prompt_hash': 'a6af280e'}",07_legacy_kbrag
5,real_mixed_17,llama3.2:latest_kb_rag,6.071813106536865,88.1,0,direct_json,0.666667,1.0,0.8,0.0,0,32.2,46.1,24.0,484.8,566.9,16687.3,83.1,3920.4,1925.8,"{'timestamp': '2026-09-01T18:08:07.437022+00:00', 'model_version': 'llama3.2:latest', 'prompt_hash': 'a6af280e'}",07_legacy_kbrag
5,real_mixed_18,llama3.2:latest_kb_rag,4.085979223251343,84.08,0,direct_json,0.666667,0.5,0.571429,0.1111111111111111,1,33.9,50.1,32.2,488.0,551.5,16539.8,82.5,3920.4,1925.8,"{'timestamp': '2026-09-01T18:08:11.654747+00:00', 'model_version': 'llama3.2:latest', 'prompt_hash': 'a6af280e'}",07_legacy_kbrag
6,real_mixed_19,llama3.2:latest_kb_rag,2.5452301502227783,85.59,0,direct_json,0.666667,0.2,0.307692,0.0,0,32.6,45.8,213.9,540.9,551.5,16579.2,83.0,3920.4,1925.8,"{'timestamp': '2026-09-01T18:08:12.906054+00:00', 'model_version': 'llama3.2:latest', 'prompt_hash': 'a6af280e'}",07_legacy_kbrag
6,real_mixed_20,llama3.2:latest_kb_rag,4.554202079772949,84.93,0,direct_json,0.5,0.4375,0.466667,0.0,0,29.8,45.9,34.6,535.7,551.5,16562.9,83.1,3920.4,1925.8,"{'timestamp': '2026-09-01T18:08:14.919618+00:00', 'model_version': 'llama3.2:latest', 'prompt_hash': 'a6af280e'}",07_legacy_kbrag
6,real_mixed_21,llama3.2:latest_kb_rag,6.6133952140808105,84.69,0,direct_json,1.0,0.571429,0.727273,0.0,0,16.6,36.1,13.8,479.5,530.0,16586.4,83.4,3920.4,1925.8,"{'timestamp': '2026-09-01T18:08:19.638432+00:00', 'model_version': 'llama3.2:latest', 'prompt_hash': 'a6af280e'}",07_legacy_kbrag
7,real_mixed_22,llama3.2:latest_kb_rag,4.0655059814453125,86.6,0,direct_json,0.0,0.0,0.0,0.0,0,25.1,45.8,39.4,514.2,530.0,16641.7,83.4,3920.4,1925.8,"{'timestamp': '2026-09-01T18:08:15.962472+00:00', 'model_version': 'llama3.2:latest', 'prompt_hash': 'a6af280e'}",07_legacy_kbrag
7,real_mixed_23,llama3.2:latest_kb_rag,6.094141960144043,84.42,0,direct_json,0.588235,0.666667,0.625,0.0,0,18.0,36.7,19.9,495.9,530.0,16671.5,83.5,3920.4,1925.8,"{'timestamp': '2026-09-01T18:08:18.016119+00:00', 'model_version': 'llama3.2:latest', 'prompt_hash': 'a6af280e'}",07_legacy_kbrag
7,real_mixed_24,llama3.2:latest_kb_rag,5.0621960163116455,85.74,0,direct_json,0.5,0.571429,0.533333,0.0,0,17.9,39.8,27.2,464.1,543.6,16593.1,83.4,3920.4,1925.8,"{'timestamp': '2026-09-01T18:08:21.140303+00:00', 'model_version': 'llama3.2:latest', 'prompt_hash': 'a6af280e'}",07_legacy_kbrag
8,real_mixed_25,llama3.2:latest_kb_rag,2.5360188484191895,86.09,0,direct_json,0.428571,0.25,0.315789,0.0,0,15.0,32.7,75.0,541.7,547.8,16647.1,83.4,3920.4,1925.8,"{'timestamp': '2026-09-01T18:08:22.393898+00:00', 'model_version': 'llama3.2:latest', 'prompt_hash': 'a6af280e'}",07_legacy_kbrag
8,real_mixed_26,llama3.2:latest_kb_rag,6.083979845046997,84.17,0,direct_json,0.707317,0.805556,0.753247,0.1219512195121951,5,11.7,32.4,26.3,520.9,547.8,16538.5,83.2,3920.4,1925.8,"{'timestamp': '2026-09-01T18:08:25.975057+00:00', 'model_version': 'llama3.2:latest', 'prompt_hash': 'a6af280e'}",07_legacy_kbrag
8,real_mixed_27,llama3.2:latest_kb_rag,10.6362202167511,80.42,0,direct_json,0.695652,0.615385,0.653061,0.0,0,14.7,25.4,9.2,432.4,548.1,16507.0,83.1,3920.4,1925.8,"{'timestamp': '2026-09-01T18:08:33.145561+00:00', 'model_version': 'llama3.2:latest', 'prompt_hash': 'a6af280e'}",07_legacy_kbrag
9,real_mixed_28,llama3.2:latest_kb_rag,8.122275829315186,85.17,0,direct_json,0.5,0.466667,0.482759,0.0,0,15.7,32.8,20.5,468.8,547.8,16477.4,83.0,3920.4,1925.8,"{'timestamp': '2026-09-01T18:08:29.469807+00:00', 'model_version': 'llama3.2:latest', 'prompt_hash': 'a6af280e'}",07_legacy_kbrag
9,real_mixed_29,llama3.2:latest_kb_rag,6.613001108169556,85.7,0,direct_json,0.26087,0.5,0.342857,0.0,0,15.6,33.0,15.7,482.0,547.8,16448.0,83.0,3920.4,1925.8,"{'timestamp': '2026-09-01T18:08:27.955028+00:00', 'model_version': 'llama3.2:latest', 'prompt_hash': 'a6af280e'}",07_legacy_kbrag
9,real_mixed_30,llama3.2:latest_kb_rag,6.102185964584351,88.55,0,direct_json,1.0,0.25,0.4,0.0,0,18.7,29.1,16.0,405.5,543.0,16619.0,83.4,3920.4,1925.8,"{'timestamp': '2026-09-01T18:08:34.169751+00:00', 'model_version': 'llama3.2:latest', 'prompt_hash': 'a6af280e'}",07_legacy_kbrag
10,real_mixed_31,llama3.2:latest_kb_rag,1.5198960304260254,87.48,0,direct_json,0.0,0.0,0.0,0.0,0,21.0,28.5,121.8,544.6,548.2,16517.5,83.5,3920.4,1925.8,"{'timestamp': '2026-09-01T18:08:34.919267+00:00', 'model_version': 'llama3.2:latest', 'prompt_hash': 'a6af280e'}",07_legacy_kbrag
10,real_mixed_32,llama3.2:latest_kb_rag,3.0362179279327393,85.33,0,direct_json,0.090909,0.142857,0.111111,0.0,0,15.8,28.6,52.2,537.5,548.8,16514.3,83.4,3920.4,1925.8,"{'timestamp': '2026-09-01T18:08:36.444729+00:00', 'model_version': 'llama3.2:latest', 'prompt_hash': 'a6af280e'}",07_legacy_kbrag
10,real_mixed_33,llama3.2:latest_kb_rag,6.1002819538116455,85.05,0,direct_json,0.8,0.615385,0.695652,0.0,0,22.7,100.0,14.4,454.5,548.8,16489.7,83.3,3920.4,1925.8,"{'timestamp': '2026-09-01T18:08:41.138425+00:00', 'model_version': 'llama3.2:latest', 'prompt_hash': 'a6af280e'}",07_legacy_kbrag
11,real_mixed_34,llama3.2:latest_kb_rag,3.5469720363616943,85.03,0,direct_json,0.25,0.2,0.222222,0.0,0,19.5,30.1,46.3,492.7,548.8,16545.9,83.5,3920.4,1925.8,"{'timestamp': '2026-09-01T18:08:37.903647+00:00', 'model_version': 'llama3.2:latest', 'prompt_hash': 'a6af280e'}",07_legacy_kbrag
11,real_mixed_35,llama3.2:latest_kb_rag,5.090163946151733,84.97,0,direct_json,0.333333,0.571429,0.421053,0.0,0,18.9,30.4,22.5,470.7,548.8,16517.8,83.4,3920.4,1925.8,"{'timestamp': '2026-09-01T18:08:39.451742+00:00', 'model_version': 'llama3.2:latest', 'prompt_hash': 'a6af280e'}",07_legacy_kbrag
11,real_mixed_36,llama3.2:latest_kb_rag,4.5736470222473145,85.47,0,direct_json,0.4375,0.333333,0.378378,0.0,0,16.1,27.7,28.4,477.7,549.3,16381.2,82.9,3920.4,1925.8,"{'timestamp': '2026-09-01T18:08:42.615344+00:00', 'model_version': 'llama3.2:latest', 'prompt_hash': 'a6af280e'}",07_legacy_kbrag
12,real_mixed_37,llama3.2:latest_kb_rag,3.541209936141968,85.97,0,direct_json,0.642857,0.75,0.692308,0.0,0,15.0,26.7,55.7,540.2,549.3,16392.1,83.3,3920.4,1925.8,"{'timestamp': '2026-09-01T18:08:44.884686+00:00', 'model_version': 'llama3.2:latest', 'prompt_hash': 'a6af280e'}",07_legacy_kbrag
12,real_mixed_38,llama3.2:latest_kb_rag,5.084208011627197,85.23,0,direct_json,0.583333,0.538462,0.56,0.0833333333333333,1,13.9,26.8,32.6,534.6,549.3,16438.3,83.4,3920.4,1925.8,"{'timestamp': '2026-09-01T18:08:46.436323+00:00', 'model_version': 'llama3.2:latest', 'prompt_hash': 'a6af280e'}",07_legacy_kbrag
12,real_mixed_39,llama3.2:latest_kb_rag,5.577658653259277,85.77,0,direct_json,1.0,0.285714,0.444444,0.0,0,13.5,27.6,16.4,479.0,536.5,16482.6,83.5,3920.4,1925.8,"{'timestamp': '2026-09-01T18:08:50.570348+00:00', 'model_version': 'llama3.2:latest', 'prompt_hash': 'a6af280e'}",07_legacy_kbrag
13,real_mixed_40,llama3.2:latest_kb_rag,5.080943822860718,86.1,0,direct_json,0.777778,0.583333,0.666667,0.1111111111111111,1,23.7,100.0,28.9,518.5,536.5,16499.9,83.7,3920.4,1925.8,"{'timestamp': '2026-09-01T18:08:47.917657+00:00', 'model_version': 'llama3.2:latest', 'prompt_hash': 'a6af280e'}",07_legacy_kbrag
13,real_mixed_41,llama3.2:latest_kb_rag,6.595066070556641,85.33,0,direct_json,0.625,0.555556,0.588235,0.0,0,14.7,30.3,18.1,501.8,536.5,16495.1,83.6,3920.4,1925.8,"{'timestamp': '2026-09-01T18:08:49.444162+00:00', 'model_version': 'llama3.2:latest', 'prompt_hash': 'a6af280e'}",07_legacy_kbrag
13,real_mixed_42,llama3.2:latest_kb_rag,5.5705647468566895,83.75,0,direct_json,0.708333,0.708333,0.708333,0.0,0,21.8,33.4,23.1,467.2,535.4,16395.2,83.3,3920.4,1925.8,"{'timestamp': '2026-09-01T18:08:53.611727+00:00', 'model_version': 'llama3.2:latest', 'prompt_hash': 'a6af280e'}",07_legacy_kbrag
14,real_mixed_43,llama3.2:latest_kb_rag,7.088515758514404,79.47,0,direct_json,0.72,0.857143,0.782609,0.04,1,23.5,57.1,27.0,516.2,541.2,16491.1,83.5,3920.4,1925.8,"{'timestamp': '2026-09-01T18:08:57.875289+00:00', 'model_version': 'llama3.2:latest', 'prompt_hash': 'a6af280e'}",07_legacy_kbrag
14,real_mixed_44,llama3.2:latest_kb_rag,9.113593101501465,84.89,0,direct_json,0.625,0.714286,0.666667,0.0,0,17.8,42.4,17.3,518.1,541.2,16446.7,83.4,3920.4,1925.8,"{'timestamp': '2026-09-01T18:08:59.914259+00:00', 'model_version': 'llama3.2:latest', 'prompt_hash': 'a6af280e'}",07_legacy_kbrag
14,real_mixed_45,llama3.2:latest_kb_rag,7.609653949737549,85.19,0,direct_json,0.6,0.5,0.545455,0.0,0,25.0,45.5,12.5,426.0,524.8,16661.2,83.5,3920.4,1925.8,"{'timestamp': '2026-09-01T18:09:05.597911+00:00', 'model_version': 'llama3.2:latest', 'prompt_hash': 'a6af280e'}",07_legacy_kbrag
15,real_mixed_46,llama3.2:latest_kb_rag,10.13244104385376,82.43,0,direct_json,0.625,0.357143,0.454545,0.125,1,22.3,40.2,12.1,472.2,541.2,16573.1,83.6,3920.4,1925.8,"{'timestamp': '2026-09-01T18:09:03.958238+00:00', 'model_version': 'llama3.2:latest', 'prompt_hash': 'a6af280e'}",07_legacy_kbrag
15,real_mixed_47,llama3.2:latest_kb_rag,8.62582015991211,84.86,0,direct_json,0.612903,0.703704,0.655172,0.064516129032258,2,21.2,40.2,17.8,484.4,541.2,16524.7,83.5,3920.4,1925.8,"{'timestamp': '2026-09-01T18:09:02.468708+00:00', 'model_version': 'llama3.2:latest', 'prompt_hash': 'a6af280e'}",07_legacy_kbrag
15,real_mixed_48,llama3.2:latest_kb_rag,4.092076063156128,86.42,0,direct_json,0.285714,0.333333,0.307692,0.0,0,32.6,51.0,33.5,420.2,501.7,16903.0,83.6,3920.4,1925.8,"{'timestamp': '2026-09-01T18:09:06.672897+00:00', 'model_version': 'llama3.2:latest', 'prompt_hash': 'a6af280e'}",07_legacy_kbrag
16,real_mixed_49,llama3.2:latest_kb_rag,4.065256834030151,84.8,0,direct_json,0.375,0.214286,0.272727,0.0,0,21.2,36.1,38.1,490.7,516.5,16721.5,83.6,3920.4,1925.8,"{'timestamp': '2026-09-01T18:09:09.910247+00:00', 'model_version': 'llama3.2:latest', 'prompt_hash': 'a6af280e'}",07_legacy_kbrag
16,real_mixed_50,llama3.2:latest_kb_rag,2.5508248805999756,85.82,0,direct_json,0.357143,0.454545,0.4,0.0,0,23.0,36.1,75.9,510.5,516.5,16754.0,83.7,3920.4,1925.8,"{'timestamp': '2026-09-01T18:09:08.384659+00:00', 'model_version': 'llama3.2:latest', 'prompt_hash': 'a6af280e'}",07_legacy_kbrag
16,real_mixed_51,llama3.2:latest_kb_rag,6.082808017730713,86.27,0,direct_json,0.428571,0.333333,0.375,0.0,0,13.3,22.9,14.8,417.2,520.0,16609.4,83.4,3920.4,1925.8,"{'timestamp': '2026-09-01T18:09:14.574932+00:00', 'model_version': 'llama3.2:latest', 'prompt_hash': 'a6af280e'}",07_legacy_kbrag
17,real_mixed_52,llama3.2:latest_kb_rag,6.087337970733643,84.41,0,direct_json,0.5,0.857143,0.631579,0.0,0,16.6,29.1,19.9,453.9,516.4,16647.5,83.5,3920.4,1925.8,"{'timestamp': '2026-09-01T18:09:12.975197+00:00', 'model_version': 'llama3.2:latest', 'prompt_hash': 'a6af280e'}",07_legacy_kbrag
17,real_mixed_53,llama3.2:latest_kb_rag,3.5714497566223145,90.25,0,direct_json,1.0,0.166667,0.285714,0.0,0,18.3,28.9,42.4,472.4,516.4,16701.6,83.6,3920.4,1925.8,"{'timestamp': '2026-09-01T18:09:10.448711+00:00', 'model_version': 'llama3.2:latest', 'prompt_hash': 'a6af280e'}",07_legacy_kbrag
17,real_mixed_54,llama3.2:latest_kb_rag,4.6233909130096436,86.02,0,direct_json,0.285714,0.5,0.363636,0.0,0,12.8,20.4,16.7,404.2,502.3,16592.5,83.4,3920.4,1925.8,"{'timestamp': '2026-09-01T18:09:15.181361+00:00', 'model_version': 'llama3.2:latest', 'prompt_hash': 'a6af280e'}",07_legacy_kbrag
18,real_mixed_55,llama3.2:latest_kb_rag,2.5417630672454834,84.68,0,direct_json,0.166667,0.333333,0.222222,0.0,0,24.6,42.6,77.1,521.8,523.2,16460.4,83.1,3920.4,1925.8,"{'timestamp': '2026-09-01T18:09:17.345295+00:00', 'model_version': 'llama3.2:latest', 'prompt_hash': 'a6af280e'}",07_legacy_kbrag
18,real_mixed_56,llama3.2:latest_kb_rag,4.564424991607666,84.24,0,direct_json,0.125,0.142857,0.133333,0.0,0,18.2,42.6,35.1,509.1,523.2,16435.0,83.0,3920.4,1925.8,"{'timestamp': '2026-09-01T18:09:19.380297+00:00', 'model_version': 'llama3.2:latest', 'prompt_hash': 'a6af280e'}",07_legacy_kbrag
18,real_mixed_57,llama3.2:latest_kb_rag,7.607469797134399,88.19,0,direct_json,1.0,0.222222,0.363636,0.0,0,15.9,35.9,13.2,404.0,523.2,16387.5,83.0,3920.4,1925.8,"{'timestamp': '2026-09-01T18:09:25.077996+00:00', 'model_version': 'llama3.2:latest', 'prompt_hash': 'a6af280e'}",07_legacy_kbrag
19,real_mixed_58,llama3.2:latest_kb_rag,9.153708219528198,84.45,0,direct_json,0.466667,0.636364,0.538462,0.0666666666666666,1,14.8,35.0,14.1,429.1,523.3,16380.2,83.0,3920.4,1925.8,"{'timestamp': '2026-09-01T18:09:24.533076+00:00', 'model_version': 'llama3.2:latest', 'prompt_hash': 'a6af280e'}",07_legacy_kbrag
19,real_mixed_59,llama3.2:latest_kb_rag,7.616138935089111,83.68,0,direct_json,0.583333,0.736842,0.651163,0.0,0,14.6,36.5,20.4,438.2,523.3,16358.2,82.8,3920.4,1925.8,"{'timestamp': '2026-09-01T18:09:22.995630+00:00', 'model_version': 'llama3.2:latest', 'prompt_hash': 'a6af280e'}",07_legacy_kbrag
19,real_mixed_60,llama3.2:latest_kb_rag,3.541654109954834,85.68,0,direct_json,0.777778,0.538462,0.636364,0.0,0,20.3,38.0,40.6,360.7,424.6,16410.1,83.4,3920.4,1925.8,"{'timestamp': '2026-09-01T18:09:26.707858+00:00', 'model_version': 'llama3.2:latest', 'prompt_hash': 'a6af280e'}",07_legacy_kbrag
20,real_mixed_61,llama3.2:latest_kb_rag,7.615453958511352,78.01,0,direct_json,0.5625,0.642857,0.6,0.0,0,20.5,28.2,32.0,358.8,391.1,16512.1,83.5,3920.4,1925.8,"{'timestamp': '2026-09-01T18:09:32.986425+00:00', 'model_version': 'llama3.2:latest', 'prompt_hash': 'a6af280e'}",07_legacy_kbrag
20,real_mixed_62,llama3.2:latest_kb_rag,2.5486106872558594,87.56,0,direct_json,0.666667,0.181818,0.285714,0.3333333333333333,1,21.1,27.9,55.9,330.4,463.3,16448.9,83.6,3920.4,1925.8,"{'timestamp': '2026-09-01T18:09:27.908948+00:00', 'model_version': 'llama3.2:latest', 'prompt_hash': 'a6af280e'}",07_legacy_kbrag
20,real_mixed_63,llama3.2:latest_kb_rag,8.62789797782898,86.78,0,direct_json,0.25,0.375,0.3,0.0,0,17.3,37.2,10.4,388.6,434.7,16618.0,83.6,3920.4,1925.8,"{'timestamp': '2026-09-01T18:09:36.681485+00:00', 'model_version': 'llama3.2:latest', 'prompt_hash': 'a6af280e'}",07_legacy_kbrag
21,real_mixed_64,llama3.2:latest_kb_rag,7.111495018005371,84.83,0,direct_json,0.25,1.0,0.4,0.0,0,18.8,27.3,23.3,356.2,388.6,16551.1,83.5,3920.4,1925.8,"{'timestamp': '2026-09-01T18:09:34.081665+00:00', 'model_version': 'llama3.2:latest', 'prompt_hash': 'a6af280e'}",07_legacy_kbrag
21,real_mixed_65,llama3.2:latest_kb_rag,8.122661828994751,84.11,0,direct_json,0.166667,0.125,0.142857,0.3333333333333333,2,19.5,31.7,15.8,356.5,434.7,16571.0,83.6,3920.4,1925.8,"{'timestamp': '2026-09-01T18:09:35.103228+00:00', 'model_version': 'llama3.2:latest', 'prompt_hash': 'a6af280e'}",07_legacy_kbrag
21,real_mixed_66,llama3.2:latest_kb_rag,4.550998687744141,84.89,0,direct_json,0.333333,0.35,0.341463,0.0,0,12.5,24.7,27.8,463.2,522.8,16665.6,83.6,3920.4,1925.8,"{'timestamp': '2026-09-01T18:09:38.767395+00:00', 'model_version': 'llama3.2:latest', 'prompt_hash': 'a6af280e'}",07_legacy_kbrag
22,real_mixed_67,llama3.2:latest_kb_rag,6.096038818359375,84.54,0,direct_json,0.666667,0.588235,0.625,0.2,3,15.8,29.3,37.9,413.9,524.1,16587.5,83.6,3920.4,1925.8,"{'timestamp': '2026-09-01T18:09:42.986512+00:00', 'model_version': 'llama3.2:latest', 'prompt_hash': 'a6af280e'}",07_legacy_kbrag
22,real_mixed_68,llama3.2:latest_kb_rag,4.064618110656738,84.95,0,direct_json,0.45,0.692308,0.545455,0.0,0,17.1,45.7,31.8,468.5,524.1,16572.6,83.5,3920.4,1925.8,"{'timestamp': '2026-09-01T18:09:40.943642+00:00', 'model_version': 'llama3.2:latest', 'prompt_hash': 'a6af280e'}",07_legacy_kbrag
22,real_mixed_69,llama3.2:latest_kb_rag,7.600296974182129,84.95,0,direct_json,0.565217,0.541667,0.553191,0.217391304347826,5,16.6,31.0,12.2,337.8,435.4,16675.0,83.8,3920.4,1925.8,"{'timestamp': '2026-09-01T18:09:48.711471+00:00', 'model_version': 'llama3.2:latest', 'prompt_hash': 'a6af280e'}",07_legacy_kbrag
23,real_mixed_70,llama3.2:latest_kb_rag,7.598810911178589,83.7,0,direct_json,0.764706,0.619048,0.684211,0.1176470588235294,2,15.5,29.5,16.6,365.1,524.1,16604.7,83.7,3920.4,1925.8,"{'timestamp': '2026-09-01T18:09:46.567329+00:00', 'model_version': 'llama3.2:latest', 'prompt_hash': 'a6af280e'}",07_legacy_kbrag
23,real_mixed_71,llama3.2:latest_kb_rag,5.581805944442749,84.69,0,direct_json,0.8,0.666667,0.727273,0.0,0,25.0,100.0,31.1,351.4,524.1,16614.4,83.7,3920.4,1925.8,"{'timestamp': '2026-09-01T18:09:44.546324+00:00', 'model_version': 'llama3.2:latest', 'prompt_hash': 'a6af280e'}",07_legacy_kbrag
23,real_mixed_72,llama3.2:latest_kb_rag,6.104830026626587,83.2,0,direct_json,0.529412,0.642857,0.580645,0.1176470588235294,2,18.3,33.9,22.4,384.9,505.5,16727.0,83.8,3920.4,1925.8,"{'timestamp': '2026-09-01T18:09:50.781853+00:00', 'model_version': 'llama3.2:latest', 'prompt_hash': 'a6af280e'}",07_legacy_kbrag
24,real_mixed_73,llama3.2:latest_kb_rag,4.584838151931763,84.27,0,direct_json,0.888889,0.533333,0.666667,0.0,0,31.7,66.7,34.9,477.9,518.7,16854.3,83.9,3920.4,1925.8,"{'timestamp': '2026-09-01T18:09:53.546884+00:00', 'model_version': 'llama3.2:latest', 'prompt_hash': 'a6af280e'}",07_legacy_kbrag
24,real_mixed_74,llama3.2:latest_kb_rag,3.0546841621398926,85.97,0,direct_json,0.625,0.5,0.555556,0.0,0,32.6,66.7,69.6,509.8,518.7,16781.5,83.8,3920.4,1925.8,"{'timestamp': '2026-09-01T18:09:51.999456+00:00', 'model_version': 'llama3.2:latest', 'prompt_hash': 'a6af280e'}",07_legacy_kbrag
24,real_mixed_75,llama3.2:latest_kb_rag,5.582961082458496,87.37,0,direct_json,0.5,0.666667,0.571429,0.0,0,12.6,24.8,16.8,409.8,429.9,16833.8,83.4,3920.4,1925.8,"{'timestamp': '2026-09-01T18:09:57.704041+00:00', 'model_version': 'llama3.2:latest', 'prompt_hash': 'a6af280e'}",07_legacy_kbrag
25,real_mixed_76,llama3.2:latest_kb_rag,3.0550122261047363,90.13,0,direct_json,0.0,0.0,0.0,0.0,0,22.8,42.1,30.4,442.8,518.8,16954.5,83.9,3920.4,1925.8,"{'timestamp': '2026-09-01T18:09:54.025427+00:00', 'model_version': 'llama3.2:latest', 'prompt_hash': 'a6af280e'}",07_legacy_kbrag
25,real_mixed_77,llama3.2:latest_kb_rag,5.5840349197387695,84.57,0,direct_json,0.571429,0.4,0.470588,0.0,0,15.5,29.6,21.7,423.4,518.7,16866.4,83.6,3920.4,1925.8,"{'timestamp': '2026-09-01T18:09:56.600470+00:00', 'model_version': 'llama3.2:latest', 'prompt_hash': 'a6af280e'}",07_legacy_kbrag
25,real_mixed_78,llama3.2:latest_kb_rag,6.102123975753784,82.05,0,direct_json,0.266667,1.0,0.421053,0.2,3,13.5,23.2,21.7,444.7,509.7,16651.9,83.0,3920.4,1925.8,"{'timestamp': '2026-09-01T18:10:00.242856+00:00', 'model_version': 'llama3.2:latest', 'prompt_hash': 'a6af280e'}",07_legacy_kbrag
26,real_mixed_79,llama3.2:latest_kb_rag,9.108296155929564,79.29,0,direct_json,0.411765,0.7,0.518519,0.1764705882352941,3,18.4,30.8,24.4,470.1,511.4,16802.5,83.3,3920.4,1925.8,"{'timestamp': '2026-09-01T18:10:07.027685+00:00', 'model_version': 'llama3.2:latest', 'prompt_hash': 'a6af280e'}",07_legacy_kbrag
26,real_mixed_80,llama3.2:latest_kb_rag,6.083497047424316,83.6,0,direct_json,0.441176,0.625,0.517241,0.1176470588235294,4,15.2,28.9,21.0,492.0,511.2,16738.7,83.3,3920.4,1925.8,"{'timestamp': '2026-09-01T18:10:04.028878+00:00', 'model_version': 'llama3.2:latest', 'prompt_hash': 'a6af280e'}",07_legacy_kbrag
26,real_mixed_81,llama3.2:latest_kb_rag,7.572116136550903,86.15,0,direct_json,0.4,0.363636,0.380952,0.0,0,16.0,28.4,11.9,415.1,441.3,16944.9,83.3,3920.4,1925.8,"{'timestamp': '2026-09-01T18:10:11.722935+00:00', 'model_version': 'llama3.2:latest', 'prompt_hash': 'a6af280e'}",07_legacy_kbrag
27,real_mixed_82,llama3.2:latest_kb_rag,8.589455842971802,85.3,0,direct_json,0.357143,0.555556,0.434783,0.0,0,15.8,28.4,19.4,435.2,511.2,16925.6,83.5,3920.4,1925.8,"{'timestamp': '2026-09-01T18:10:09.040479+00:00', 'model_version': 'llama3.2:latest', 'prompt_hash': 'a6af280e'}",07_legacy_kbrag
27,real_mixed_83,llama3.2:latest_kb_rag,10.115981817245483,86.64,0,direct_json,0.615385,0.8,0.695652,0.0769230769230769,1,18.0,50.0,12.0,426.3,511.2,16936.4,83.5,3920.4,1925.8,"{'timestamp': '2026-09-01T18:10:10.574746+00:00', 'model_version': 'llama3.2:latest', 'prompt_hash': 'a6af280e'}",07_legacy_kbrag
27,real_mixed_84,llama3.2:latest_kb_rag,4.029024600982666,84.02,0,direct_json,0.625,0.555556,0.588235,0.125,1,21.9,38.6,32.2,426.1,500.6,16840.9,83.0,3920.4,1925.8,"{'timestamp': '2026-09-01T18:10:13.185386+00:00', 'model_version': 'llama3.2:latest', 'prompt_hash': 'a6af280e'}",07_legacy_kbrag
28,real_mixed_85,llama3.2:latest_kb_rag,4.036728143692017,86.26,0,direct_json,0.857143,0.75,0.8,0.0,0,21.0,34.5,40.4,448.8,506.7,16871.0,83.4,3920.4,1925.8,"{'timestamp': '2026-09-01T18:10:15.980224+00:00', 'model_version': 'llama3.2:latest', 'prompt_hash': 'a6af280e'}",07_legacy_kbrag
28,real_mixed_86,llama3.2:latest_kb_rag,2.5274713039398193,83.95,0,direct_json,0.615385,0.615385,0.615385,0.1538461538461538,2,22.7,34.7,53.4,479.2,506.7,16838.5,83.3,3920.4,1925.8,"{'timestamp': '2026-09-01T18:10:14.469373+00:00', 'model_version': 'llama3.2:latest', 'prompt_hash': 'a6af280e'}",07_legacy_kbrag
28,real_mixed_87,llama3.2:latest_kb_rag,5.039913892745972,88.3,0,direct_json,0.666667,0.285714,0.4,0.0,0,15.6,27.5,17.9,366.0,439.1,16892.2,83.7,3920.4,1925.8,"{'timestamp': '2026-09-01T18:10:19.624124+00:00', 'model_version': 'llama3.2:latest', 'prompt_hash': 'a6af280e'}",07_legacy_kbrag
29,real_mixed_88,llama3.2:latest_kb_rag,5.037675857543945,86.42,0,direct_json,0.444444,1.0,0.615385,0.0,0,18.0,35.0,24.3,372.5,493.3,16922.9,83.7,3920.4,1925.8,"{'timestamp': '2026-09-01T18:10:18.423338+00:00', 'model_version': 'llama3.2:latest', 'prompt_hash': 'a6af280e'}",07_legacy_kbrag
29,real_mixed_89,llama3.2:latest_kb_rag,4.036673069000244,85.75,0,direct_json,0.5,0.384615,0.434783,0.0,0,19.7,35.2,35.7,377.3,493.3,16917.1,83.7,3920.4,1925.8,"{'timestamp': '2026-09-01T18:10:17.429720+00:00', 'model_version': 'llama3.2:latest', 'prompt_hash': 'a6af280e'}",07_legacy_kbrag
29,real_mixed_90,llama3.2:latest_kb_rag,4.540948152542114,85.87,0,direct_json,0.380952,1.0,0.551724,0.0,0,15.7,30.3,28.8,433.1,496.0,16680.2,83.3,3920.4,1925.8,"{'timestamp': '2026-09-01T18:10:22.111781+00:00', 'model_version': 'llama3.2:latest', 'prompt_hash': 'a6af280e'}",07_legacy_kbrag
30,real_mixed_91,llama3.2:latest_kb_rag,6.554633140563965,84.07,0,direct_json,0.625,0.833333,0.714286,0.0,0,17.7,41.9,25.5,412.4,500.1,16518.9,83.4,3920.4,1925.8,"{'timestamp': '2026-09-01T18:10:26.398614+00:00', 'model_version': 'llama3.2:latest', 'prompt_hash': 'a6af280e'}",07_legacy_kbrag
30,real_mixed_92,llama3.2:latest_kb_rag,4.041548013687134,84.66,0,direct_json,0.461538,0.4,0.428571,0.0,0,14.1,27.2,47.1,497.5,500.1,16511.0,83.2,3920.4,1925.8,"{'timestamp': '2026-09-01T18:10:23.884480+00:00', 'model_version': 'llama3.2:latest', 'prompt_hash': 'a6af280e'}",07_legacy_kbrag
30,real_mixed_93,llama3.2:latest_kb_rag,6.6032679080963135,85.98,0,direct_json,0.583333,0.7,0.636364,0.0,0,14.7,29.4,13.8,316.4,406.8,16576.6,83.8,3920.4,1925.8,"{'timestamp': '2026-09-01T18:10:30.657052+00:00', 'model_version': 'llama3.2:latest', 'prompt_hash': 'a6af280e'}",07_legacy_kbrag
31,real_mixed_94,llama3.2:latest_kb_rag,6.049137115478516,85.38,0,direct_json,0.444444,0.4,0.421053,0.2222222222222222,4,19.5,43.0,28.2,332.2,500.1,16546.7,83.7,3920.4,1925.8,"{'timestamp': '2026-09-01T18:10:28.368840+00:00', 'model_version': 'llama3.2:latest', 'prompt_hash': 'a6af280e'}",07_legacy_kbrag
31,real_mixed_95,llama3.2:latest_kb_rag,7.058906078338623,86.16,0,direct_json,0.2,1.0,0.333333,0.0,0,17.1,42.1,18.1,333.5,500.1,16547.2,83.7,3920.4,1925.8,"{'timestamp': '2026-09-01T18:10:29.361539+00:00', 'model_version': 'llama3.2:latest', 'prompt_hash': 'a6af280e'}",07_legacy_kbrag
31,real_mixed_96,llama3.2:latest_kb_rag,3.5812430381774902,75.55,0,direct_json,0.555556,0.416667,0.47619,0.0,0,25.7,58.8,37.6,413.7,495.9,17535.6,83.8,3920.4,1925.8,"{'timestamp': '2026-09-01T18:10:32.083839+00:00', 'model_version': 'llama3.2:latest', 'prompt_hash': 'a6af280e'}",07_legacy_kbrag
32,real_mixed_97,llama3.2:latest_kb_rag,3.0795741081237793,45.23,0,direct_json,0.714286,0.555556,0.625,0.0,0,22.5,41.0,68.5,501.6,507.5,22142.8,84.8,3920.4,1925.8,"{'timestamp': '2026-09-01T18:10:33.966545+00:00', 'model_version': 'llama3.2:latest', 'prompt_hash': 'a6af280e'}",07_legacy_kbrag
32,real_mixed_98,llama3.2:latest_kb_rag,7.109637975692749,45.87,0,direct_json,0.5,0.285714,0.363636,0.0,0,21.0,41.0,24.0,413.0,507.5,23470.0,85.1,3920.4,1925.8,"{'timestamp': '2026-09-01T18:10:38.021194+00:00', 'model_version': 'llama3.2:latest', 'prompt_hash': 'a6af280e'}",07_legacy_kbrag
32,real_mixed_99,llama3.2:latest_kb_rag,10.6420578956604,49.23,0,direct_json,0.0,0.0,0.0,0.0,0,18.1,34.7,8.6,324.6,438.4,24007.2,85.6,3920.4,1925.8,"{'timestamp': '2026-09-01T18:10:44.706979+00:00', 'model_version': 'llama3.2:latest', 'prompt_hash': 'a6af280e'}",07_legacy_kbrag
33,real_mixed_100,llama3.2:latest_kb_rag,10.631226062774658,46.63,0,direct_json,0.210526,0.571429,0.307692,0.0,0,20.5,37.2,11.6,354.1,507.5,24166.0,85.5,3920.4,1925.8,"{'timestamp': '2026-09-01T18:10:42.936318+00:00', 'model_version': 'llama3.2:latest', 'prompt_hash': 'a6af280e'}",07_legacy_kbrag
33,real_mixed_101,llama3.2:latest_kb_rag,7.615594863891602,45.93,0,direct_json,0.444444,0.571429,0.5,0.0,0,22.5,37.3,18.4,357.2,507.4,24343.7,85.5,3920.4,1925.8,"{'timestamp': '2026-09-01T18:10:39.922854+00:00', 'model_version': 'llama3.2:latest', 'prompt_hash': 'a6af280e'}",07_legacy_kbrag
33,real_mixed_102,llama3.2:latest_kb_rag,5.58358907699585,45.82,0,direct_json,0.0,0.0,0.0,0.0,0,18.8,30.3,24.6,340.3,482.6,23663.7,85.9,3920.4,1925.8,"{'timestamp': '2026-09-01T18:10:45.631535+00:00', 'model_version': 'llama3.2:latest', 'prompt_hash': 'a6af280e'}",07_legacy_kbrag
34,real_mixed_103,llama3.2:latest_kb_rag,1.56958270072937,45.43,0,direct_json,0.0,0.0,0.0,0.0,0,39.5,50.4,126.2,483.5,491.2,23544.9,87.2,3920.4,1925.8,"{'timestamp': '2026-09-01T18:10:46.532396+00:00', 'model_version': 'llama3.2:latest', 'prompt_hash': 'a6af280e'}",07_legacy_kbrag
34,real_mixed_104,llama3.2:latest_kb_rag,5.099596738815308,41.91,0,direct_json,0.26087,0.6,0.363636,0.217391304347826,5,42.1,74.3,35.0,426.8,491.2,23599.6,87.0,3920.4,1925.8,"{'timestamp': '2026-09-01T18:10:50.080481+00:00', 'model_version': 'llama3.2:latest', 'prompt_hash': 'a6af280e'}",07_legacy_kbrag
34,real_mixed_105,llama3.2:latest_kb_rag,11.581307172775269,44.66,0,direct_json,0.615385,0.8,0.695652,0.0769230769230769,1,23.8,74.0,7.7,336.4,407.3,23667.2,86.2,3920.4,1925.8,"{'timestamp': '2026-09-01T18:10:58.311251+00:00', 'model_version': 'llama3.2:latest', 'prompt_hash': 'a6af280e'}",07_legacy_kbrag
35,real_mixed_106,llama3.2:latest_kb_rag,6.095139741897583,40.88,0,direct_json,0.2,0.5,0.285714,0.0,0,42.5,70.7,29.3,376.0,491.2,23568.2,86.7,3920.4,1925.8,"{'timestamp': '2026-09-01T18:10:51.930560+00:00', 'model_version': 'llama3.2:latest', 'prompt_hash': 'a6af280e'}",07_legacy_kbrag
35,real_mixed_107,llama3.2:latest_kb_rag,9.62559413909912,45.34,0,direct_json,0.75,0.923077,0.827586,0.0,0,31.3,70.7,14.1,374.0,491.2,23614.1,86.3,3920.4,1925.8,"{'timestamp': '2026-09-01T18:10:55.473332+00:00', 'model_version': 'llama3.2:latest', 'prompt_hash': 'a6af280e'}",07_legacy_kbrag
35,real_mixed_108,llama3.2:latest_kb_rag,7.557324171066284,86.52,0,direct_json,0.25,0.2,0.222222,0.0,0,18.0,35.9,18.1,356.2,511.5,23707.9,85.7,3920.4,1925.8,"{'timestamp': '2026-09-01T18:10:59.598996+00:00', 'model_version': 'llama3.2:latest', 'prompt_hash': 'a6af280e'}",07_legacy_kbrag
36,real_mixed_109,llama3.2:latest_kb_rag,4.03633713722229,83.44,0,direct_json,0.642857,0.75,0.692308,0.0357142857142857,1,24.1,28.6,48.5,514.5,516.3,23355.2,84.5,3920.4,1925.8,"{'timestamp': '2026-09-01T18:11:02.593033+00:00', 'model_version': 'llama3.2:latest', 'prompt_hash': 'a6af280e'}",07_legacy_kbrag
36,real_mixed_110,llama3.2:latest_kb_rag,6.045230150222778,84.09,0,direct_json,0.428571,0.333333,0.375,0.0,0,18.2,28.5,26.7,497.0,516.3,22874.5,83.4,3920.4,1925.8,"{'timestamp': '2026-09-01T18:11:04.600339+00:00', 'model_version': 'llama3.2:latest', 'prompt_hash': 'a6af280e'}",07_legacy_kbrag
36,real_mixed_111,llama3.2:latest_kb_rag,7.056311130523682,85.59,0,direct_json,0.589744,0.793103,0.676471,0.1794871794871795,7,23.2,93.8,12.2,431.5,462.0,20620.4,77.9,3920.4,1925.8,"{'timestamp': '2026-09-01T18:11:09.771655+00:00', 'model_version': 'llama3.2:latest', 'prompt_hash': 'a6af280e'}",07_legacy_kbrag
37,real_mixed_112,llama3.2:latest_kb_rag,6.053714752197266,88.5,0,direct_json,0.333333,0.6,0.428571,0.0,0,22.0,29.4,26.5,478.6,516.3,22125.8,81.6,3920.4,1925.8,"{'timestamp': '2026-09-01T18:11:05.840401+00:00', 'model_version': 'llama3.2:latest', 'prompt_hash': 'a6af280e'}",07_legacy_kbrag
37,real_mixed_113,llama3.2:latest_kb_rag,7.058768033981323,86.55,0,direct_json,0.857143,0.666667,0.75,0.0,0,21.8,36.1,16.2,465.7,516.3,21840.9,80.9,3920.4,1925.8,"{'timestamp': '2026-09-01T18:11:06.855028+00:00', 'model_version': 'llama3.2:latest', 'prompt_hash': 'a6af280e'}",07_legacy_kbrag
37,real_mixed_114,llama3.2:latest_kb_rag,5.5529139041900635,84.27,0,direct_json,0.416667,0.714286,0.526316,0.0,0,36.9,94.4,23.7,451.7,516.1,20109.5,76.4,3920.4,1925.8,"{'timestamp': '2026-09-01T18:11:11.500888+00:00', 'model_version': 'llama3.2:latest', 'prompt_hash': 'a6af280e'}",07_legacy_kbrag
38,real_mixed_115,llama3.2:latest_kb_rag,3.0294690132141113,87.43,0,direct_json,0.333333,0.333333,0.333333,0.0,0,26.9,36.4,42.3,517.2,519.4,20394.3,76.6,3920.4,1925.8,"{'timestamp': '2026-09-01T18:11:13.000897+00:00', 'model_version': 'llama3.2:latest', 'prompt_hash': 'a6af280e'}",07_legacy_kbrag
38,real_mixed_116,llama3.2:latest_kb_rag,2.521919012069702,86.48,0,direct_json,0.4,1.0,0.571429,0.0,0,25.8,35.3,73.9,516.7,519.4,20381.8,76.6,3920.4,1925.8,"{'timestamp': '2026-09-01T18:11:12.490724+00:00', 'model_version': 'llama3.2:latest', 'prompt_hash': 'a6af280e'}",07_legacy_kbrag
38,real_mixed_117,llama3.2:latest_kb_rag,8.112206935882568,46.39,0,direct_json,0.285714,0.5,0.363636,0.2857142857142857,4,19.1,31.0,11.1,344.0,519.5,23423.2,85.2,3920.4,1925.8,"{'timestamp': '2026-09-01T18:11:20.721918+00:00', 'model_version': 'llama3.2:latest', 'prompt_hash': 'a6af280e'}",07_legacy_kbrag
39,real_mixed_118,llama3.2:latest_kb_rag,5.592634201049805,44.56,0,direct_json,0.555556,1.0,0.714286,0.0,0,20.6,37.3,21.8,394.1,519.5,23142.0,83.6,3920.4,1925.8,"{'timestamp': '2026-09-01T18:11:17.301011+00:00', 'model_version': 'llama3.2:latest', 'prompt_hash': 'a6af280e'}",07_legacy_kbrag
39,real_mixed_119,llama3.2:latest_kb_rag,4.090318918228149,42.17,0,direct_json,0.625,0.833333,0.714286,0.0,0,19.4,33.0,38.0,429.0,519.5,22905.0,82.4,3920.4,1925.8,"{'timestamp': '2026-09-01T18:11:15.795479+00:00', 'model_version': 'llama3.2:latest', 'prompt_hash': 'a6af280e'}",07_legacy_kbrag
39,real_mixed_120,llama3.2:latest_kb_rag,7.1124560832977295,46.66,0,direct_json,0.222222,0.4,0.285714,0.0,0,18.6,42.5,8.3,282.3,364.1,23463.7,86.3,3920.4,1925.8,"{'timestamp': '2026-09-01T18:11:23.048604+00:00', 'model_version': 'llama3.2:latest', 'prompt_hash': 'a6af280e'}",07_legacy_kbrag
0,real_mixed_1,gemma4:latest_baseline,61.88291597366333,38.77,0,direct_json,0.588235,0.769231,0.666667,0.0,0,20.9,83.6,1.1,123.5,230.8,26710.2,83.5,9051.5,9163.2,"{'timestamp': '2026-09-01T18:12:27.006137+00:00', 'model_version': 'gemma4:latest', 'prompt_hash': 'a6af280e'}",07_legacy_kbrag
0,real_mixed_2,gemma4:latest_baseline,30.21989417076111,44.32,0,direct_json,0.545455,0.5,0.521739,0.0,0,18.8,47.4,4.5,137.8,230.8,26170.3,82.0,9051.5,9163.2,"{'timestamp': '2026-09-01T18:11:55.340977+00:00', 'model_version': 'gemma4:latest', 'prompt_hash': 'a6af280e'}",07_legacy_kbrag
0,real_mixed_3,gemma4:latest_baseline,103.18169212341309,52.67,0,direct_json,0.583333,0.583333,0.583333,0.0,0,16.1,82.9,0.7,114.9,120.0,24127.3,84.8,9051.5,9163.2,"{'timestamp': '2026-09-01T18:13:38.543168+00:00', 'model_version': 'gemma4:latest', 'prompt_hash': 'a6af280e'}",07_legacy_kbrag
1,real_mixed_4,gemma4:latest_baseline,85.05495095252991,52.66,0,direct_json,0.833333,0.833333,0.833333,0.0,0,20.1,100.0,1.2,120.9,230.8,26147.0,83.3,9051.5,9163.2,"{'timestamp': '2026-09-01T18:12:50.194990+00:00', 'model_version': 'gemma4:latest', 'prompt_hash': 'a6af280e'}",07_legacy_kbrag
1,real_mixed_5,gemma4:latest_baseline,110.22905087471008,52.55,0,direct_json,0.333333,0.6,0.428571,0.0,0,18.4,83.7,0.8,120.6,230.8,25145.6,83.9,9051.5,9163.2,"{'timestamp': '2026-09-01T18:13:15.349354+00:00', 'model_version': 'gemma4:latest', 'prompt_hash': 'a6af280e'}",07_legacy_kbrag
1,real_mixed_6,gemma4:latest_baseline,50.32966685295105,53.8,0,direct_json,0.733333,0.611111,0.666667,0.0,0,13.9,28.3,1.3,118.7,126.6,21842.3,85.7,9051.5,9163.2,"{'timestamp': '2026-09-01T18:13:40.550773+00:00', 'model_version': 'gemma4:latest', 'prompt_hash': 'a6af280e'}",07_legacy_kbrag
2,real_mixed_7,gemma4:latest_baseline,49.360499143600464,52.42,0,direct_json,0.529412,0.642857,0.580645,0.0,0,11.3,33.7,1.4,127.3,127.5,21825.6,85.6,9051.5,9163.2,"{'timestamp': '2026-09-01T18:14:27.950630+00:00', 'model_version': 'gemma4:latest', 'prompt_hash': 'a6af280e'}",07_legacy_kbrag
2,real_mixed_8,gemma4:latest_baseline,23.16413116455078,52.51,0,direct_json,0.555556,0.555556,0.555556,0.0,0,10.7,25.9,2.7,127.4,127.5,21861.0,85.7,9051.5,9163.2,"{'timestamp': '2026-09-01T18:14:01.749085+00:00', 'model_version': 'gemma4:latest', 'prompt_hash': 'a6af280e'}",07_legacy_kbrag
2,real_mixed_9,gemma4:latest_baseline,72.49023365974426,53.7,0,direct_json,0.454545,0.5,0.47619,0.0,0,12.2,34.5,0.9,125.7,127.5,21794.8,85.6,9051.5,9163.2,"{'timestamp': '2026-09-01T18:15:14.259935+00:00', 'model_version': 'gemma4:latest', 'prompt_hash': 'a6af280e'}",07_legacy_kbrag
3,real_mixed_10,gemma4:latest_baseline,68.45941710472107,52.72,0,direct_json,0.357143,0.833333,0.5,0.0,0,13.3,34.4,1.1,127.3,127.5,21800.2,85.6,9051.5,9163.2,"{'timestamp': '2026-09-01T18:14:49.041975+00:00', 'model_version': 'gemma4:latest', 'prompt_hash': 'a6af280e'}",07_legacy_kbrag
3,real_mixed_11,gemma4:latest_baseline,91.16722178459167,52.17,0,direct_json,0.642857,1.0,0.782609,0.0,0,13.3,66.7,0.8,126.2,127.5,21802.6,85.6,9051.5,9163.2,"{'timestamp': '2026-09-01T18:15:11.755215+00:00', 'model_version': 'gemma4:latest', 'prompt_hash': 'a6af280e'}",07_legacy_kbrag
3,real_mixed_12,gemma4:latest_baseline,48.843674182891846,52.55,0,direct_json,0.538462,1.0,0.7,0.0,0,15.4,42.9,1.3,125.0,127.6,21918.0,85.7,9051.5,9163.2,"{'timestamp': '2026-09-01T18:15:37.907636+00:00', 'model_version': 'gemma4:latest', 'prompt_hash': 'a6af280e'}",07_legacy_kbrag
4,real_mixed_13,gemma4:latest_baseline,68.18441009521484,52.49,0,direct_json,0.823529,0.903226,0.861538,0.0,0,15.3,57.1,1.1,125.4,127.7,21854.2,85.9,9051.5,9163.2,"{'timestamp': '2026-09-01T18:16:22.503093+00:00', 'model_version': 'gemma4:latest', 'prompt_hash': 'a6af280e'}",07_legacy_kbrag
4,real_mixed_14,gemma4:latest_baseline,101.6812527179718,51.88,0,direct_json,0.733333,0.916667,0.814815,0.0,0,13.0,50.0,0.8,119.4,127.7,21844.6,85.9,9051.5,9163.2,"{'timestamp': '2026-09-01T18:16:55.987577+00:00', 'model_version': 'gemma4:latest', 'prompt_hash': 'a6af280e'}",07_legacy_kbrag
4,real_mixed_15,gemma4:latest_baseline,44.87834596633911,52.55,0,direct_json,0.315789,0.666667,0.428571,0.0,0,11.9,46.3,1.7,127.4,127.7,21883.8,85.8,9051.5,9163.2,"{'timestamp': '2026-09-01T18:15:59.189394+00:00', 'model_version': 'gemma4:latest', 'prompt_hash': 'a6af280e'}",07_legacy_kbrag
5,real_mixed_16,gemma4:latest_baseline,100.78529381752014,52.55,0,direct_json,0.666667,0.666667,0.666667,0.1111111111111111,1,13.9,37.3,0.9,118.9,127.7,21811.3,85.8,9051.5,9163.2,"{'timestamp': '2026-09-01T18:17:18.738052+00:00', 'model_version': 'gemma4:latest', 'prompt_hash': 'a6af280e'}",07_legacy_kbrag
5,real_mixed_17,gemma4:latest_baseline,78.96687889099121,54.13,0,direct_json,0.4,1.0,0.571429,0.0,0,14.7,58.6,1.1,117.0,127.7,21792.7,85.9,9051.5,9163.2,"{'timestamp': '2026-09-01T18:16:56.909062+00:00', 'model_version': 'gemma4:latest', 'prompt_hash': 'a6af280e'}",07_legacy_kbrag
5,real_mixed_18,gemma4:latest_baseline,103.26250290870668,54.11,0,direct_json,0.7,0.583333,0.636364,0.0,0,14.3,51.5,0.8,119.1,127.7,21815.0,85.8,9051.5,9163.2,"{'timestamp': '2026-09-01T18:17:21.214651+00:00', 'model_version': 'gemma4:latest', 'prompt_hash': 'a6af280e'}",07_legacy_kbrag
6,real_mixed_19,gemma4:latest_baseline,44.06052374839783,52.99,0,direct_json,0.631579,0.6,0.615385,0.0,0,12.4,100.0,1.7,126.6,128.1,21891.3,85.5,9051.5,9163.2,"{'timestamp': '2026-09-01T18:17:40.110106+00:00', 'model_version': 'gemma4:latest', 'prompt_hash': 'a6af280e'}",07_legacy_kbrag
6,real_mixed_20,gemma4:latest_baseline,71.45059585571289,52.51,0,direct_json,0.615385,0.5,0.551724,0.0,0,11.2,30.1,1.1,127.1,128.1,21817.2,85.6,9051.5,9163.2,"{'timestamp': '2026-09-01T18:18:07.488813+00:00', 'model_version': 'gemma4:latest', 'prompt_hash': 'a6af280e'}",07_legacy_kbrag
6,real_mixed_21,gemma4:latest_baseline,98.28234887123108,52.21,0,direct_json,0.75,0.642857,0.692308,0.0833333333333333,1,10.9,29.8,0.9,126.7,128.1,21791.8,85.5,9051.5,9163.2,"{'timestamp': '2026-09-01T18:18:34.327766+00:00', 'model_version': 'gemma4:latest', 'prompt_hash': 'a6af280e'}",07_legacy_kbrag
7,real_mixed_22,gemma4:latest_baseline,85.13672590255737,53.4,0,direct_json,0.0,0.0,0.0,0.0,0,12.9,30.2,1.2,126.8,128.1,21765.5,85.6,9051.5,9163.2,"{'timestamp': '2026-09-01T18:18:46.381233+00:00', 'model_version': 'gemma4:latest', 'prompt_hash': 'a6af280e'}",07_legacy_kbrag
7,real_mixed_23,gemma4:latest_baseline,132.747820854187,52.41,0,direct_json,0.6,0.8,0.685714,0.0,0,14.4,55.4,0.6,126.4,128.1,21782.6,85.8,9051.5,9163.2,"{'timestamp': '2026-09-01T18:19:34.013723+00:00', 'model_version': 'gemma4:latest', 'prompt_hash': 'a6af280e'}",07_legacy_kbrag
7,real_mixed_24,gemma4:latest_baseline,106.84886503219604,52.47,0,direct_json,0.428571,0.428571,0.428571,0.0,0,13.8,36.7,0.6,126.6,128.1,21773.7,85.7,9051.5,9163.2,"{'timestamp': '2026-09-01T18:19:08.100437+00:00', 'model_version': 'gemma4:latest', 'prompt_hash': 'a6af280e'}",07_legacy_kbrag
8,real_mixed_25,gemma4:latest_baseline,104.32623481750488,52.78,0,direct_json,0.4,0.333333,0.363636,0.0,0,12.6,43.1,0.9,125.3,127.8,21814.1,85.9,9051.5,9163.2,"{'timestamp': '2026-09-01T18:20:18.705764+00:00', 'model_version': 'gemma4:latest', 'prompt_hash': 'a6af280e'}",07_legacy_kbrag
8,real_mixed_26,gemma4:latest_baseline,89.64619588851929,52.34,0,direct_json,0.75,0.583333,0.65625,0.0,0,11.4,55.6,0.9,125.6,127.8,21822.2,86.0,9051.5,9163.2,"{'timestamp': '2026-09-01T18:20:04.037744+00:00', 'model_version': 'gemma4:latest', 'prompt_hash': 'a6af280e'}",07_legacy_kbrag
8,real_mixed_27,gemma4:latest_baseline,162.59092688560486,36.2,0,fallback,0.777778,0.875,0.823529,0.0,0,14.1,100.0,0.6,117.7,127.8,23717.8,86.1,9051.5,9163.2,"{'timestamp': '2026-09-01T18:21:16.964089+00:00', 'model_version': 'gemma4:latest', 'prompt_hash': 'a6af280e'}",07_legacy_kbrag
9,real_mixed_28,gemma4:latest_baseline,166.20492696762085,52.52,0,direct_json,0.588235,0.666667,0.625,0.0,0,15.6,100.0,0.6,115.2,127.8,24439.8,86.0,9051.5,9163.2,"{'timestamp': '2026-09-01T18:22:20.263885+00:00', 'model_version': 'gemma4:latest', 'prompt_hash': 'a6af280e'}",07_legacy_kbrag
9,real_mixed_29,gemma4:latest_baseline,126.19609189033508,46.95,0,direct_json,0.409091,0.75,0.529412,0.0,0,16.7,81.9,0.7,115.2,127.8,25280.1,86.3,9051.5,9163.2,"{'timestamp': '2026-09-01T18:21:40.262939+00:00', 'model_version': 'gemma4:latest', 'prompt_hash': 'a6af280e'}",07_legacy_kbrag
9,real_mixed_30,gemma4:latest_baseline,144.93076300621033,52.5,0,direct_json,0.6,0.75,0.666667,0.0,0,16.1,81.8,0.7,115.3,127.8,24835.0,86.1,9051.5,9163.2,"{'timestamp': '2026-09-01T18:21:58.987549+00:00', 'model_version': 'gemma4:latest', 'prompt_hash': 'a6af280e'}",07_legacy_kbrag
10,real_mixed_31,gemma4:latest_baseline,73.9575469493866,53.42,0,direct_json,0.166667,0.5,0.25,0.0,0,13.0,66.7,1.3,120.1,126.7,23553.0,85.9,9051.5,9163.2,"{'timestamp': '2026-09-01T18:22:30.954551+00:00', 'model_version': 'gemma4:latest', 'prompt_hash': 'a6af280e'}",07_legacy_kbrag
10,real_mixed_32,gemma4:latest_baseline,91.22633910179138,52.94,0,direct_json,0.071429,0.142857,0.095238,0.0,0,12.2,39.7,1.0,121.2,126.7,23184.2,85.8,9051.5,9163.2,"{'timestamp': '2026-09-01T18:22:48.227858+00:00', 'model_version': 'gemma4:latest', 'prompt_hash': 'a6af280e'}",07_legacy_kbrag
10,real_mixed_33,gemma4:latest_baseline,114.53659224510191,52.51,0,direct_json,0.9,0.692308,0.782609,0.0,0,11.4,39.1,0.8,122.1,126.7,22866.4,85.8,9051.5,9163.2,"{'timestamp': '2026-09-01T18:23:11.551623+00:00', 'model_version': 'gemma4:latest', 'prompt_hash': 'a6af280e'}",07_legacy_kbrag
11,real_mixed_34,gemma4:latest_baseline,79.56710028648376,52.47,0,direct_json,0.272727,0.3,0.285714,0.0,0,13.0,37.5,1.0,126.3,127.8,21665.2,85.7,9051.5,9163.2,"{'timestamp': '2026-09-01T18:23:39.873007+00:00', 'model_version': 'gemma4:latest', 'prompt_hash': 'a6af280e'}",07_legacy_kbrag
11,real_mixed_35,gemma4:latest_baseline,99.26409101486206,52.55,0,direct_json,0.545455,0.857143,0.666667,0.0,0,13.1,37.5,0.8,126.3,127.8,21626.3,85.7,9051.5,9163.2,"{'timestamp': '2026-09-01T18:23:59.572621+00:00', 'model_version': 'gemma4:latest', 'prompt_hash': 'a6af280e'}",07_legacy_kbrag
11,real_mixed_36,gemma4:latest_baseline,53.76070594787598,53.83,0,direct_json,0.590909,0.590909,0.590909,0.0,0,12.3,37.3,1.4,125.9,127.6,21680.5,85.7,9051.5,9163.2,"{'timestamp': '2026-09-01T18:23:14.078886+00:00', 'model_version': 'gemma4:latest', 'prompt_hash': 'a6af280e'}",07_legacy_kbrag
12,real_mixed_37,gemma4:latest_baseline,68.38441777229309,52.49,0,direct_json,0.6,0.5,0.545455,0.0,0,11.9,37.0,1.2,127.1,127.9,21622.4,85.8,9051.5,9163.2,"{'timestamp': '2026-09-01T18:24:19.987867+00:00', 'model_version': 'gemma4:latest', 'prompt_hash': 'a6af280e'}",07_legacy_kbrag
12,real_mixed_38,gemma4:latest_baseline,92.23779487609865,52.47,0,direct_json,0.538462,0.538462,0.538462,0.0769230769230769,1,10.7,37.0,1.0,127.7,130.8,21675.0,85.7,9051.5,9163.2,"{'timestamp': '2026-09-01T18:24:43.838501+00:00', 'model_version': 'gemma4:latest', 'prompt_hash': 'a6af280e'}",07_legacy_kbrag
12,real_mixed_39,gemma4:latest_baseline,114.01617193222046,52.42,0,direct_json,0.666667,0.571429,0.615385,0.0,0,10.6,37.0,0.8,126.9,130.8,21667.1,85.7,9051.5,9163.2,"{'timestamp': '2026-09-01T18:25:05.607801+00:00', 'model_version': 'gemma4:latest', 'prompt_hash': 'a6af280e'}",07_legacy_kbrag
13,real_mixed_40,gemma4:latest_baseline,111.48549509048462,52.78,0,direct_json,0.727273,0.666667,0.695652,0.0,0,13.7,42.9,0.8,127.1,130.8,21672.6,85.7,9051.5,9163.2,"{'timestamp': '2026-09-01T18:25:51.110273+00:00', 'model_version': 'gemma4:latest', 'prompt_hash': 'a6af280e'}",07_legacy_kbrag
13,real_mixed_41,gemma4:latest_baseline,136.79942512512207,52.41,0,direct_json,0.846154,0.611111,0.709677,0.0,0,14.9,100.0,0.7,126.6,130.8,21670.9,85.7,9051.5,9163.2,"{'timestamp': '2026-09-01T18:26:16.437639+00:00', 'model_version': 'gemma4:latest', 'prompt_hash': 'a6af280e'}",07_legacy_kbrag
13,real_mixed_42,gemma4:latest_baseline,90.71761202812196,52.34,0,direct_json,0.681818,0.625,0.652174,0.0,0,12.9,42.9,0.9,127.4,130.8,21697.0,85.6,9051.5,9163.2,"{'timestamp': '2026-09-01T18:25:30.355822+00:00', 'model_version': 'gemma4:latest', 'prompt_hash': 'a6af280e'}",07_legacy_kbrag
14,real_mixed_43,gemma4:latest_baseline,159.65421104431152,51.0,0,direct_json,0.863636,0.904762,0.883721,0.0,0,15.1,67.8,0.6,123.6,130.6,21691.7,85.7,9051.5,9163.2,"{'timestamp': '2026-09-01T18:27:45.306765+00:00', 'model_version': 'gemma4:latest', 'prompt_hash': 'a6af280e'}",07_legacy_kbrag
14,real_mixed_44,gemma4:latest_baseline,119.5522849559784,52.04,0,direct_json,0.636364,1.0,0.777778,0.0,0,16.4,56.5,0.9,126.1,130.6,21644.9,85.9,9051.5,9163.2,"{'timestamp': '2026-09-01T18:27:05.210319+00:00', 'model_version': 'gemma4:latest', 'prompt_hash': 'a6af280e'}",07_legacy_kbrag
14,real_mixed_45,gemma4:latest_baseline,90.78086996078493,52.63,0,direct_json,0.642857,0.75,0.692308,0.0,0,13.1,44.4,1.0,126.1,130.6,21644.1,85.9,9051.5,9163.2,"{'timestamp': '2026-09-01T18:26:36.433654+00:00', 'model_version': 'gemma4:latest', 'prompt_hash': 'a6af280e'}",07_legacy_kbrag
15,real_mixed_46,gemma4:latest_baseline,110.43849110603333,52.7,0,direct_json,0.666667,0.428571,0.521739,0.0,0,17.8,58.3,0.8,122.7,126.8,21789.8,85.6,9051.5,9163.2,"{'timestamp': '2026-09-01T18:28:06.933741+00:00', 'model_version': 'gemma4:latest', 'prompt_hash': 'a6af280e'}",07_legacy_kbrag
15,real_mixed_47,gemma4:latest_baseline,137.23565793037417,52.55,0,direct_json,0.68,0.62963,0.653846,0.04,1,17.0,58.3,0.7,123.4,127.1,21764.8,85.6,9051.5,9163.2,"{'timestamp': '2026-09-01T18:28:33.748582+00:00', 'model_version': 'gemma4:latest', 'prompt_hash': 'a6af280e'}",07_legacy_kbrag
15,real_mixed_48,gemma4:latest_baseline,139.245680809021,54.32,0,direct_json,0.444444,0.666667,0.533333,0.0,0,18.1,63.8,0.8,123.5,127.1,21761.7,85.6,9051.5,9163.2,"{'timestamp': '2026-09-01T18:28:35.732333+00:00', 'model_version': 'gemma4:latest', 'prompt_hash': 'a6af280e'}",07_legacy_kbrag
16,real_mixed_49,gemma4:latest_baseline,124.09935927391052,52.31,0,direct_json,0.538462,0.5,0.518519,0.0,0,10.7,80.0,0.8,126.6,128.2,21679.6,85.6,9051.5,9163.2,"{'timestamp': '2026-09-01T18:29:49.451153+00:00', 'model_version': 'gemma4:latest', 'prompt_hash': 'a6af280e'}",07_legacy_kbrag
16,real_mixed_50,gemma4:latest_baseline,72.91014623641968,52.55,0,direct_json,0.333333,0.363636,0.347826,0.0,0,10.0,31.8,1.2,126.7,128.2,21741.3,85.7,9051.5,9163.2,"{'timestamp': '2026-09-01T18:28:58.262853+00:00', 'model_version': 'gemma4:latest', 'prompt_hash': 'a6af280e'}",07_legacy_kbrag
16,real_mixed_51,gemma4:latest_baseline,98.20710515975952,52.51,0,direct_json,0.428571,0.666667,0.521739,0.0,0,11.1,60.0,0.9,126.6,128.2,21706.4,85.6,9051.5,9163.2,"{'timestamp': '2026-09-01T18:29:23.563251+00:00', 'model_version': 'gemma4:latest', 'prompt_hash': 'a6af280e'}",07_legacy_kbrag
17,real_mixed_52,gemma4:latest_baseline,142.96307396888733,34.26,0,direct_json,0.8125,0.962963,0.881356,0.0,0,14.4,71.4,0.7,125.8,128.2,23010.0,85.6,9051.5,9163.2,"{'timestamp': '2026-09-01T18:30:58.746606+00:00', 'model_version': 'gemma4:latest', 'prompt_hash': 'a6af280e'}",07_legacy_kbrag
17,real_mixed_53,gemma4:latest_baseline,106.94266295433044,52.63,0,direct_json,0.294118,0.833333,0.434783,0.0,0,11.5,32.1,0.8,126.8,128.2,21626.4,85.6,9051.5,9163.2,"{'timestamp': '2026-09-01T18:30:22.721252+00:00', 'model_version': 'gemma4:latest', 'prompt_hash': 'a6af280e'}",07_legacy_kbrag
17,real_mixed_54,gemma4:latest_baseline,85.61084270477295,53.24,0,direct_json,0.333333,0.5,0.4,0.0,0,12.1,42.1,0.9,126.7,128.2,21635.2,85.7,9051.5,9163.2,"{'timestamp': '2026-09-01T18:30:01.385616+00:00', 'model_version': 'gemma4:latest', 'prompt_hash': 'a6af280e'}",07_legacy_kbrag
18,real_mixed_55,gemma4:latest_baseline,125.07173609733582,52.39,0,direct_json,0.428571,0.666667,0.521739,0.0,0,13.6,68.6,0.8,119.7,127.9,25280.0,84.6,9051.5,9163.2,"{'timestamp': '2026-09-01T18:31:54.566889+00:00', 'model_version': 'gemma4:latest', 'prompt_hash': 'a6af280e'}",07_legacy_kbrag
18,real_mixed_56,gemma4:latest_baseline,150.49395513534546,52.19,0,direct_json,0.15,0.214286,0.176471,0.05,1,13.1,68.6,0.7,118.9,127.9,24698.3,84.7,9051.5,9163.2,"{'timestamp': '2026-09-01T18:32:19.991649+00:00', 'model_version': 'gemma4:latest', 'prompt_hash': 'a6af280e'}",07_legacy_kbrag
18,real_mixed_57,gemma4:latest_baseline,99.33603596687315,36.87,0,direct_json,0.7,0.777778,0.736842,0.05,1,13.5,68.3,0.9,121.3,127.9,25397.0,86.0,9051.5,9163.2,"{'timestamp': '2026-09-01T18:31:28.841820+00:00', 'model_version': 'gemma4:latest', 'prompt_hash': 'a6af280e'}",07_legacy_kbrag
19,real_mixed_58,gemma4:latest_baseline,120.53657388687134,52.78,0,direct_json,0.666667,0.842105,0.744186,0.0,0,13.7,43.0,0.8,118.1,127.8,23811.4,84.5,9051.5,9163.2,"{'timestamp': '2026-09-01T18:32:59.338870+00:00', 'model_version': 'gemma4:latest', 'prompt_hash': 'a6af280e'}",07_legacy_kbrag
19,real_mixed_59,gemma4:latest_baseline,162.09730696678162,51.8,0,fallback,1.0,0.642857,0.782609,0.0,0,13.5,50.0,0.6,119.6,127.8,23224.8,84.8,9051.5,9163.2,"{'timestamp': '2026-09-01T18:33:40.892731+00:00', 'model_version': 'gemma4:latest', 'prompt_hash': 'a6af280e'}",07_legacy_kbrag
19,real_mixed_60,gemma4:latest_baseline,99.30712413787842,52.64,0,direct_json,0.888889,0.761905,0.820513,0.0,0,15.2,43.7,0.9,116.2,127.6,24281.7,84.3,9051.5,9163.2,"{'timestamp': '2026-09-01T18:32:38.117218+00:00', 'model_version': 'gemma4:latest', 'prompt_hash': 'a6af280e'}",07_legacy_kbrag
20,real_mixed_61,gemma4:latest_baseline,149.43142294883728,51.14,0,direct_json,0.441176,0.535714,0.483871,0.0294117647058823,1,10.6,39.8,0.6,124.2,127.8,21613.5,85.8,9051.5,9163.2,"{'timestamp': '2026-09-01T18:34:49.504311+00:00', 'model_version': 'gemma4:latest', 'prompt_hash': 'a6af280e'}",07_legacy_kbrag
20,real_mixed_62,gemma4:latest_baseline,107.9058530330658,52.26,0,direct_json,0.357143,0.454545,0.4,0.0,0,11.5,43.6,0.8,123.7,127.8,21611.0,85.8,9051.5,9163.2,"{'timestamp': '2026-09-01T18:34:07.947474+00:00', 'model_version': 'gemma4:latest', 'prompt_hash': 'a6af280e'}",07_legacy_kbrag
20,real_mixed_63,gemma4:latest_baseline,82.56997489929199,53.42,0,direct_json,0.125,0.125,0.125,0.0,0,10.9,100.0,1.0,125.5,127.8,21574.7,85.8,9051.5,9163.2,"{'timestamp': '2026-09-01T18:33:42.605942+00:00', 'model_version': 'gemma4:latest', 'prompt_hash': 'a6af280e'}",07_legacy_kbrag
21,real_mixed_64,gemma4:latest_baseline,82.13593578338623,52.76,0,direct_json,0.25,1.0,0.4,0.0,0,13.1,34.3,1.0,123.5,127.9,21691.2,85.9,9051.5,9163.2,"{'timestamp': '2026-09-01T18:35:03.064498+00:00', 'model_version': 'gemma4:latest', 'prompt_hash': 'a6af280e'}",07_legacy_kbrag
21,real_mixed_65,gemma4:latest_baseline,124.63096499443054,52.47,0,direct_json,0.5,0.625,0.555556,0.0,0,13.0,34.3,0.7,124.8,127.9,21674.4,85.8,9051.5,9163.2,"{'timestamp': '2026-09-01T18:35:45.564745+00:00', 'model_version': 'gemma4:latest', 'prompt_hash': 'a6af280e'}",07_legacy_kbrag
21,real_mixed_66,gemma4:latest_baseline,103.42872595787048,52.54,0,direct_json,0.388889,0.35,0.368421,0.0,0,12.2,33.8,0.9,124.3,127.9,21692.0,85.8,9051.5,9163.2,"{'timestamp': '2026-09-01T18:35:24.385515+00:00', 'model_version': 'gemma4:latest', 'prompt_hash': 'a6af280e'}",07_legacy_kbrag
22,real_mixed_67,gemma4:latest_baseline,111.0418689250946,52.3,0,direct_json,0.5,0.588235,0.540541,0.15,3,12.0,55.0,1.3,173.0,232.8,21669.9,85.7,9051.5,9163.2,"{'timestamp': '2026-09-01T18:36:40.610747+00:00', 'model_version': 'gemma4:latest', 'prompt_hash': 'a6af280e'}",07_legacy_kbrag
22,real_mixed_68,gemma4:latest_baseline,59.404667139053345,53.37,0,direct_json,0.55,0.846154,0.666667,0.0,0,10.4,31.0,1.4,132.3,232.8,21689.8,85.7,9051.5,9163.2,"{'timestamp': '2026-09-01T18:35:48.957278+00:00', 'model_version': 'gemma4:latest', 'prompt_hash': 'a6af280e'}",07_legacy_kbrag
22,real_mixed_69,gemma4:latest_baseline,84.71968507766724,52.48,0,direct_json,0.703704,0.791667,0.745098,0.0,0,10.9,37.2,1.7,158.4,232.8,21700.8,85.7,9051.5,9163.2,"{'timestamp': '2026-09-01T18:36:14.293157+00:00', 'model_version': 'gemma4:latest', 'prompt_hash': 'a6af280e'}",07_legacy_kbrag
23,real_mixed_70,gemma4:latest_baseline,77.49062490463257,52.49,0,direct_json,0.866667,0.764706,0.8125,0.0,0,12.6,100.0,1.1,217.0,232.8,21666.0,85.8,9051.5,9163.2,"{'timestamp': '2026-09-01T18:37:03.440943+00:00', 'model_version': 'gemma4:latest', 'prompt_hash': 'a6af280e'}",07_legacy_kbrag
23,real_mixed_71,gemma4:latest_baseline,99.19961595535278,52.44,0,direct_json,0.833333,0.588235,0.689655,0.0,0,14.2,41.9,0.9,197.3,232.8,21675.6,85.7,9051.5,9163.2,"{'timestamp': '2026-09-01T18:37:25.135765+00:00', 'model_version': 'gemma4:latest', 'prompt_hash': 'a6af280e'}",07_legacy_kbrag
23,real_mixed_72,gemma4:latest_baseline,118.42817902565002,52.55,0,direct_json,0.583333,0.5,0.538462,0.0,0,13.0,50.0,0.8,185.9,232.8,21680.9,85.6,9051.5,9163.2,"{'timestamp': '2026-09-01T18:37:44.366886+00:00', 'model_version': 'gemma4:latest', 'prompt_hash': 'a6af280e'}",07_legacy_kbrag
24,real_mixed_73,gemma4:latest_baseline,99.33029341697691,52.29,0,direct_json,0.75,0.6,0.666667,0.0,0,10.9,37.0,0.9,146.1,232.4,21720.7,85.6,9051.5,9163.2,"{'timestamp': '2026-09-01T18:38:19.996955+00:00', 'model_version': 'gemma4:latest', 'prompt_hash': 'a6af280e'}",07_legacy_kbrag
24,real_mixed_74,gemma4:latest_baseline,119.02003288269044,52.52,0,direct_json,0.666667,0.6,0.631579,0.0,0,11.7,38.2,0.8,142.8,232.4,21708.0,85.6,9051.5,9163.2,"{'timestamp': '2026-09-01T18:38:39.683513+00:00', 'model_version': 'gemma4:latest', 'prompt_hash': 'a6af280e'}",07_legacy_kbrag
24,real_mixed_75,gemma4:latest_baseline,74.98348689079285,52.85,0,direct_json,0.4,0.666667,0.5,0.0,0,11.4,100.0,1.1,152.3,232.4,21715.8,85.6,9051.5,9163.2,"{'timestamp': '2026-09-01T18:37:55.632430+00:00', 'model_version': 'gemma4:latest', 'prompt_hash': 'a6af280e'}",07_legacy_kbrag
25,real_mixed_76,gemma4:latest_baseline,66.85636901855469,53.49,0,direct_json,0.0,0.0,0.0,0.0,0,13.1,38.0,1.1,127.1,128.5,21724.3,85.6,9051.5,9163.2,"{'timestamp': '2026-09-01T18:38:51.252171+00:00', 'model_version': 'gemma4:latest', 'prompt_hash': 'a6af280e'}",07_legacy_kbrag
25,real_mixed_77,gemma4:latest_baseline,93.20914721488953,52.47,0,direct_json,0.571429,0.6,0.585366,0.0,0,13.2,100.0,0.9,127.3,128.5,21710.9,85.5,9051.5,9163.2,"{'timestamp': '2026-09-01T18:39:17.642957+00:00', 'model_version': 'gemma4:latest', 'prompt_hash': 'a6af280e'}",07_legacy_kbrag
25,real_mixed_78,gemma4:latest_baseline,120.08114099502563,52.11,0,direct_json,0.333333,1.0,0.5,0.0,0,13.2,100.0,0.8,127.3,128.5,21718.6,85.4,9051.5,9163.2,"{'timestamp': '2026-09-01T18:39:44.481546+00:00', 'model_version': 'gemma4:latest', 'prompt_hash': 'a6af280e'}",07_legacy_kbrag
26,real_mixed_79,gemma4:latest_baseline,139.2080340385437,40.54,0,direct_json,0.777778,0.823529,0.8,0.0,0,12.2,66.0,0.7,123.4,128.7,22807.3,85.6,9051.5,9163.2,"{'timestamp': '2026-09-01T18:40:58.932621+00:00', 'model_version': 'gemma4:latest', 'prompt_hash': 'a6af280e'}",07_legacy_kbrag
26,real_mixed_80,gemma4:latest_baseline,107.90963912010191,51.88,0,direct_json,0.515152,0.708333,0.596491,0.0,0,10.8,30.8,0.8,127.5,128.7,21720.8,85.5,9051.5,9163.2,"{'timestamp': '2026-09-01T18:40:27.660391+00:00', 'model_version': 'gemma4:latest', 'prompt_hash': 'a6af280e'}",07_legacy_kbrag
26,real_mixed_81,gemma4:latest_baseline,67.39313101768494,53.41,0,direct_json,0.5,0.363636,0.421053,0.0,0,11.5,31.5,1.1,127.6,128.5,21741.1,85.4,9051.5,9163.2,"{'timestamp': '2026-09-01T18:39:47.127727+00:00', 'model_version': 'gemma4:latest', 'prompt_hash': 'a6af280e'}",07_legacy_kbrag
27,real_mixed_82,gemma4:latest_baseline,120.00075912475586,51.93,0,direct_json,0.4,0.666667,0.5,0.0,0,17.5,100.0,0.8,122.6,128.7,23750.5,85.4,9051.5,9163.2,"{'timestamp': '2026-09-01T18:41:44.526082+00:00', 'model_version': 'gemma4:latest', 'prompt_hash': 'a6af280e'}",07_legacy_kbrag
27,real_mixed_83,gemma4:latest_baseline,94.66445088386536,53.85,0,direct_json,0.727273,0.8,0.761905,0.0,0,17.9,66.1,0.9,121.2,128.7,24420.2,85.5,9051.5,9163.2,"{'timestamp': '2026-09-01T18:41:19.193237+00:00', 'model_version': 'gemma4:latest', 'prompt_hash': 'a6af280e'}",07_legacy_kbrag
27,real_mixed_84,gemma4:latest_baseline,92.6938292980194,42.6,0,direct_json,0.75,0.666667,0.705882,0.0,0,16.7,100.0,0.9,121.1,128.7,24421.1,85.7,9051.5,9163.2,"{'timestamp': '2026-09-01T18:41:17.226534+00:00', 'model_version': 'gemma4:latest', 'prompt_hash': 'a6af280e'}",07_legacy_kbrag
28,real_mixed_85,gemma4:latest_baseline,47.10538196563721,54.03,0,direct_json,0.666667,0.75,0.705882,0.1111111111111111,1,20.2,100.0,1.6,127.5,128.8,23679.0,84.7,9051.5,9163.2,"{'timestamp': '2026-09-01T18:41:46.080763+00:00', 'model_version': 'gemma4:latest', 'prompt_hash': 'a6af280e'}",07_legacy_kbrag
28,real_mixed_86,gemma4:latest_baseline,83.11414813995361,52.26,0,direct_json,0.875,0.7,0.777778,0.0,0,15.1,72.7,1.0,127.5,128.9,22710.4,85.1,9051.5,9163.2,"{'timestamp': '2026-09-01T18:42:22.101321+00:00', 'model_version': 'gemma4:latest', 'prompt_hash': 'a6af280e'}",07_legacy_kbrag
28,real_mixed_87,gemma4:latest_baseline,61.75811982154846,52.86,0,direct_json,0.428571,0.428571,0.428571,0.0,0,18.0,100.0,1.3,127.6,128.9,23136.2,85.0,9051.5,9163.2,"{'timestamp': '2026-09-01T18:42:00.731985+00:00', 'model_version': 'gemma4:latest', 'prompt_hash': 'a6af280e'}",07_legacy_kbrag
29,real_mixed_88,gemma4:latest_baseline,53.13734316825867,53.27,0,direct_json,0.375,0.75,0.5,0.0,0,12.4,37.0,1.4,127.7,128.9,21452.3,85.6,9051.5,9163.2,"{'timestamp': '2026-09-01T18:42:37.710153+00:00', 'model_version': 'gemma4:latest', 'prompt_hash': 'a6af280e'}",07_legacy_kbrag
29,real_mixed_89,gemma4:latest_baseline,74.95883178710938,52.83,0,direct_json,0.5,0.307692,0.380952,0.0,0,11.2,35.1,1.2,127.9,128.9,21460.4,85.6,9051.5,9163.2,"{'timestamp': '2026-09-01T18:42:59.544976+00:00', 'model_version': 'gemma4:latest', 'prompt_hash': 'a6af280e'}",07_legacy_kbrag
29,real_mixed_90,gemma4:latest_baseline,98.72193694114684,52.55,0,direct_json,0.294118,0.625,0.4,0.0,0,11.3,35.8,0.9,124.9,128.9,21439.1,85.6,9051.5,9163.2,"{'timestamp': '2026-09-01T18:43:23.308322+00:00', 'model_version': 'gemma4:latest', 'prompt_hash': 'a6af280e'}",07_legacy_kbrag
30,real_mixed_91,gemma4:latest_baseline,101.77188301086426,52.58,0,direct_json,0.6,0.75,0.666667,0.0,0,9.0,100.0,0.9,125.1,128.5,21397.6,85.7,9051.5,9163.2,"{'timestamp': '2026-09-01T18:44:03.929455+00:00', 'model_version': 'gemma4:latest', 'prompt_hash': 'a6af280e'}",07_legacy_kbrag
30,real_mixed_92,gemma4:latest_baseline,125.04148721694946,52.43,0,direct_json,0.777778,0.636364,0.7,0.0,0,9.0,37.2,0.7,125.5,128.5,21409.4,85.7,9051.5,9163.2,"{'timestamp': '2026-09-01T18:44:27.197632+00:00', 'model_version': 'gemma4:latest', 'prompt_hash': 'a6af280e'}",07_legacy_kbrag
30,real_mixed_93,gemma4:latest_baseline,80.54426717758179,52.63,0,direct_json,0.615385,0.8,0.695652,0.0,0,8.9,28.6,1.0,124.5,128.5,21411.0,85.7,9051.5,9163.2,"{'timestamp': '2026-09-01T18:43:42.696903+00:00', 'model_version': 'gemma4:latest', 'prompt_hash': 'a6af280e'}",07_legacy_kbrag
31,real_mixed_94,gemma4:latest_baseline,93.19123196601868,52.5,0,direct_json,0.9,0.857143,0.878049,0.0,0,10.4,39.0,0.9,127.8,128.7,21405.5,85.6,9051.5,9163.2,"{'timestamp': '2026-09-01T18:44:56.568560+00:00', 'model_version': 'gemma4:latest', 'prompt_hash': 'a6af280e'}",07_legacy_kbrag
31,real_mixed_95,gemma4:latest_baseline,127.59968090057372,52.96,0,direct_json,0.083333,0.5,0.142857,0.0833333333333333,1,11.7,62.5,0.7,125.0,128.7,21396.9,85.7,9051.5,9163.2,"{'timestamp': '2026-09-01T18:45:30.949164+00:00', 'model_version': 'gemma4:latest', 'prompt_hash': 'a6af280e'}",07_legacy_kbrag
31,real_mixed_96,gemma4:latest_baseline,111.42541599273682,52.71,0,direct_json,0.538462,0.583333,0.56,0.0,0,10.9,40.0,0.8,126.3,128.7,21404.1,85.6,9051.5,9163.2,"{'timestamp': '2026-09-01T18:45:14.791905+00:00', 'model_version': 'gemma4:latest', 'prompt_hash': 'a6af280e'}",07_legacy_kbrag
32,real_mixed_97,gemma4:latest_baseline,94.15472197532654,52.95,0,direct_json,0.5,0.777778,0.608696,0.0,0,10.1,50.0,1.1,124.5,128.7,21373.6,85.7,9051.5,9163.2,"{'timestamp': '2026-09-01T18:46:01.404428+00:00', 'model_version': 'gemma4:latest', 'prompt_hash': 'a6af280e'}",07_legacy_kbrag
32,real_mixed_98,gemma4:latest_baseline,128.5873339176178,52.31,0,direct_json,0.565217,0.464286,0.509804,0.0,0,9.9,50.0,1.4,125.3,128.7,21382.5,85.6,9051.5,9163.2,"{'timestamp': '2026-09-01T18:46:35.851035+00:00', 'model_version': 'gemma4:latest', 'prompt_hash': 'a6af280e'}",07_legacy_kbrag
32,real_mixed_99,gemma4:latest_baseline,75.43190598487854,53.57,0,direct_json,0.111111,0.5,0.181818,0.0,0,9.0,36.8,1.2,123.5,128.7,21396.9,85.7,9051.5,9163.2,"{'timestamp': '2026-09-01T18:45:42.670024+00:00', 'model_version': 'gemma4:latest', 'prompt_hash': 'a6af280e'}",07_legacy_kbrag
33,real_mixed_100,gemma4:latest_baseline,90.59664797782898,52.6,0,direct_json,0.111111,0.285714,0.16,0.0,0,12.8,100.0,0.9,128.1,128.7,21346.1,85.6,9051.5,9163.2,"{'timestamp': '2026-09-01T18:47:01.606794+00:00', 'model_version': 'gemma4:latest', 'prompt_hash': 'a6af280e'}",07_legacy_kbrag
33,real_mixed_101,gemma4:latest_baseline,114.97495102882384,52.8,0,direct_json,0.4,0.571429,0.470588,0.0,0,12.2,47.7,0.8,125.7,128.7,21366.3,85.6,9051.5,9163.2,"{'timestamp': '2026-09-01T18:47:25.985559+00:00', 'model_version': 'gemma4:latest', 'prompt_hash': 'a6af280e'}",07_legacy_kbrag
33,real_mixed_102,gemma4:latest_baseline,95.720458984375,53.13,0,direct_json,0.0,0.0,0.0,0.0,0,12.3,47.7,0.9,127.6,128.7,21347.9,85.6,9051.5,9163.2,"{'timestamp': '2026-09-01T18:47:06.717085+00:00', 'model_version': 'gemma4:latest', 'prompt_hash': 'a6af280e'}",07_legacy_kbrag
34,real_mixed_103,gemma4:latest_baseline,58.753462076187134,53.62,0,direct_json,0.0,0.0,0.0,0.0,0,12.1,49.1,1.3,123.6,128.7,21379.1,85.7,9051.5,9163.2,"{'timestamp': '2026-09-01T18:47:34.638782+00:00', 'model_version': 'gemma4:latest', 'prompt_hash': 'a6af280e'}",07_legacy_kbrag
34,real_mixed_104,gemma4:latest_baseline,80.5513710975647,52.72,0,direct_json,0.352941,0.6,0.444444,0.0,0,11.5,49.7,1.1,124.8,128.7,21361.9,85.7,9051.5,9163.2,"{'timestamp': '2026-09-01T18:47:56.449599+00:00', 'model_version': 'gemma4:latest', 'prompt_hash': 'a6af280e'}",07_legacy_kbrag
34,real_mixed_105,gemma4:latest_baseline,104.86851978302002,52.5,0,direct_json,0.533333,0.8,0.64,0.0666666666666666,1,9.9,49.3,0.8,125.4,128.7,21362.9,85.7,9051.5,9163.2,"{'timestamp': '2026-09-01T18:48:20.773385+00:00', 'model_version': 'gemma4:latest', 'prompt_hash': 'a6af280e'}",07_legacy_kbrag
35,real_mixed_106,gemma4:latest_baseline,68.85963726043701,53.03,0,direct_json,0.666667,1.0,0.8,0.0,0,10.2,38.6,1.1,128.0,128.7,21336.0,85.7,9051.5,9163.2,"{'timestamp': '2026-09-01T18:48:34.888507+00:00', 'model_version': 'gemma4:latest', 'prompt_hash': 'a6af280e'}",07_legacy_kbrag
35,real_mixed_107,gemma4:latest_baseline,122.0039200782776,52.29,0,direct_json,0.8,0.923077,0.857143,0.0,0,11.5,42.8,0.7,125.5,128.9,21317.9,85.7,9051.5,9163.2,"{'timestamp': '2026-09-01T18:49:28.043086+00:00', 'model_version': 'gemma4:latest', 'prompt_hash': 'a6af280e'}",07_legacy_kbrag
35,real_mixed_108,gemma4:latest_baseline,92.65628385543825,52.56,0,direct_json,0.3,0.75,0.428571,0.0,0,10.1,41.0,0.9,128.2,128.8,21327.9,85.7,9051.5,9163.2,"{'timestamp': '2026-09-01T18:48:58.695852+00:00', 'model_version': 'gemma4:latest', 'prompt_hash': 'a6af280e'}",07_legacy_kbrag
36,real_mixed_109,gemma4:latest_baseline,146.34712171554563,45.19,0,direct_json,0.636364,0.583333,0.608696,0.0,0,9.7,54.2,0.7,125.1,128.9,21792.1,85.8,9051.5,9163.2,"{'timestamp': '2026-09-01T18:50:47.179144+00:00', 'model_version': 'gemma4:latest', 'prompt_hash': 'a6af280e'}",07_legacy_kbrag
36,real_mixed_110,gemma4:latest_baseline,119.0340428352356,52.35,0,direct_json,0.666667,0.615385,0.64,0.0,0,9.8,50.0,0.8,125.6,128.9,21304.0,85.7,9051.5,9163.2,"{'timestamp': '2026-09-01T18:50:19.875321+00:00', 'model_version': 'gemma4:latest', 'prompt_hash': 'a6af280e'}",07_legacy_kbrag
36,real_mixed_111,gemma4:latest_baseline,88.09265089035034,53.09,0,direct_json,0.75,0.8,0.774194,0.0,0,10.3,100.0,0.9,124.8,128.9,21293.1,85.7,9051.5,9163.2,"{'timestamp': '2026-09-01T18:49:48.932885+00:00', 'model_version': 'gemma4:latest', 'prompt_hash': 'a6af280e'}",07_legacy_kbrag
37,real_mixed_112,gemma4:latest_baseline,81.56497311592102,25.29,0,direct_json,0.285714,0.4,0.333333,0.0,0,12.9,79.5,1.1,126.3,128.8,22424.4,85.9,9051.5,9163.2,"{'timestamp': '2026-09-01T18:50:49.651052+00:00', 'model_version': 'gemma4:latest', 'prompt_hash': 'a6af280e'}",07_legacy_kbrag
37,real_mixed_113,gemma4:latest_baseline,111.3924720287323,31.81,0,direct_json,0.666667,0.666667,0.666667,0.0,0,13.4,79.4,0.8,126.6,128.8,24067.4,86.2,9051.5,9163.2,"{'timestamp': '2026-09-01T18:51:19.486042+00:00', 'model_version': 'gemma4:latest', 'prompt_hash': 'a6af280e'}",07_legacy_kbrag
37,real_mixed_114,gemma4:latest_baseline,142.874902009964,36.25,0,direct_json,0.333333,0.571429,0.421053,0.0,0,13.3,78.2,0.7,121.6,128.8,24709.8,86.0,9051.5,9163.2,"{'timestamp': '2026-09-01T18:51:50.963812+00:00', 'model_version': 'gemma4:latest', 'prompt_hash': 'a6af280e'}",07_legacy_kbrag
38,real_mixed_115,gemma4:latest_baseline,73.4119188785553,53.57,0,direct_json,0.428571,1.0,0.6,0.0,0,13.6,80.2,1.0,117.3,128.3,27740.0,85.9,9051.5,9163.2,"{'timestamp': '2026-09-01T18:52:00.643254+00:00', 'model_version': 'gemma4:latest', 'prompt_hash': 'a6af280e'}",07_legacy_kbrag
38,real_mixed_116,gemma4:latest_baseline,126.04330396652222,52.58,0,direct_json,0.333333,1.0,0.5,0.1666666666666666,1,12.7,100.0,0.9,121.5,128.3,25489.8,84.9,9051.5,9163.2,"{'timestamp': '2026-09-01T18:52:53.273919+00:00', 'model_version': 'gemma4:latest', 'prompt_hash': 'a6af280e'}",07_legacy_kbrag
38,real_mixed_117,gemma4:latest_baseline,104.28080320358276,52.23,0,direct_json,0.411765,0.875,0.56,0.0,0,14.0,100.0,0.8,120.3,128.3,26354.3,84.8,9051.5,9163.2,"{'timestamp': '2026-09-01T18:52:31.528509+00:00', 'model_version': 'gemma4:latest', 'prompt_hash': 'a6af280e'}",07_legacy_kbrag
39,real_mixed_118,gemma4:latest_baseline,116.49457836151124,52.77,0,direct_json,0.625,1.0,0.769231,0.0,0,11.8,47.4,0.7,124.7,128.4,22313.3,84.5,9051.5,9163.2,"{'timestamp': '2026-09-01T18:53:47.503003+00:00', 'model_version': 'gemma4:latest', 'prompt_hash': 'a6af280e'}",07_legacy_kbrag
39,real_mixed_119,gemma4:latest_baseline,78.52021884918213,52.84,0,direct_json,0.5,0.5,0.5,0.0,0,12.2,83.3,0.9,127.6,128.4,22768.2,84.0,9051.5,9163.2,"{'timestamp': '2026-09-01T18:53:09.524698+00:00', 'model_version': 'gemma4:latest', 'prompt_hash': 'a6af280e'}",07_legacy_kbrag
39,real_mixed_120,gemma4:latest_baseline,99.21767401695251,52.8,0,direct_json,0.363636,0.8,0.5,0.0,0,11.3,50.0,0.8,126.3,128.4,22476.1,84.3,9051.5,9163.2,"{'timestamp': '2026-09-01T18:53:30.227506+00:00', 'model_version': 'gemma4:latest', 'prompt_hash': 'a6af280e'}",07_legacy_kbrag
2,real_mixed_7,gemma4:latest_kb_rag,45.183318853378296,52.24,0,direct_json,0.666667,0.714286,0.689655,0.0,0,7.3,80.9,13.6,393.1,1025.1,21486.7,85.5,9051.5,9163.2,"{'timestamp': '2026-09-01T18:54:34.103021+00:00', 'model_version': 'gemma4:latest', 'prompt_hash': 'a6af280e'}",07_legacy_kbrag
2,real_mixed_8,gemma4:latest_kb_rag,91.696799993515,52.22,0,direct_json,0.5,0.444444,0.470588,0.0,0,6.1,80.9,6.8,334.3,1009.4,21500.6,85.4,9051.5,9163.2,"{'timestamp': '2026-09-01T18:55:20.672262+00:00', 'model_version': 'gemma4:latest', 'prompt_hash': 'a6af280e'}",07_legacy_kbrag
2,real_mixed_9,gemma4:latest_kb_rag,112.46635699272156,52.41,0,direct_json,0.416667,0.5,0.454545,0.0,0,7.9,83.3,5.2,295.3,1017.4,21470.4,85.4,9051.5,9163.2,"{'timestamp': '2026-09-01T18:55:41.606065+00:00', 'model_version': 'gemma4:latest', 'prompt_hash': 'a6af280e'}",07_legacy_kbrag
0,real_mixed_1,gemma4:latest_kb_rag,20.38539218902588,52.42,0,direct_json,0.666667,0.923077,0.774194,0.0,0,13.9,84.7,44.5,488.1,1018.2,21383.4,85.7,9051.5,9163.2,"{'timestamp': '2026-09-01T18:54:09.040690+00:00', 'model_version': 'gemma4:latest', 'prompt_hash': 'a6af280e'}",07_legacy_kbrag
0,real_mixed_2,gemma4:latest_kb_rag,135.27891898155212,52.45,0,direct_json,0.5,0.416667,0.454545,0.0,0,6.5,81.0,4.7,297.9,1004.8,21438.6,85.5,9051.5,9163.2,"{'timestamp': '2026-09-01T18:56:04.616956+00:00', 'model_version': 'gemma4:latest', 'prompt_hash': 'a6af280e'}",07_legacy_kbrag
0,real_mixed_3,gemma4:latest_kb_rag,68.35701894760132,52.34,0,direct_json,0.545455,0.5,0.521739,0.0,0,6.2,80.9,12.3,367.6,1024.6,21532.8,85.3,9051.5,9163.2,"{'timestamp': '2026-09-01T18:54:57.296688+00:00', 'model_version': 'gemma4:latest', 'prompt_hash': 'a6af280e'}",07_legacy_kbrag
4,real_mixed_13,gemma4:latest_kb_rag,208.3924479484558,52.1,0,direct_json,0.6,0.705882,0.648649,0.0,0,6.3,84.2,4.1,269.8,1018.3,21427.3,85.5,9051.5,9163.2,"{'timestamp': '2026-09-01T18:57:18.122291+00:00', 'model_version': 'gemma4:latest', 'prompt_hash': 'a6af280e'}",07_legacy_kbrag
4,real_mixed_14,gemma4:latest_kb_rag,372.66126704216,51.74,0,direct_json,0.733333,0.916667,0.814815,0.0,0,8.2,80.9,2.2,207.8,1004.8,21384.4,85.6,9051.5,9163.2,"{'timestamp': '2026-09-01T19:00:02.532582+00:00', 'model_version': 'gemma4:latest', 'prompt_hash': 'a6af280e'}",07_legacy_kbrag
4,real_mixed_15,gemma4:latest_kb_rag,323.2591087818146,52.31,0,direct_json,0.285714,0.666667,0.4,0.0,0,6.9,80.9,1.9,219.3,695.1,21394.8,85.6,9051.5,9163.2,"{'timestamp': '2026-09-01T18:59:13.304949+00:00', 'model_version': 'gemma4:latest', 'prompt_hash': 'a6af280e'}",07_legacy_kbrag
3,real_mixed_10,gemma4:latest_kb_rag,154.9695119857788,52.33,0,direct_json,0.357143,0.833333,0.5,0.0,0,6.6,84.7,3.8,294.4,1018.2,21411.8,85.5,9051.5,9163.2,"{'timestamp': '2026-09-01T18:56:24.738525+00:00', 'model_version': 'gemma4:latest', 'prompt_hash': 'a6af280e'}",07_legacy_kbrag
3,real_mixed_11,gemma4:latest_kb_rag,399.1722478866577,51.96,0,direct_json,0.642857,1.0,0.782609,0.0,0,8.7,80.9,2.1,213.2,1011.1,21384.2,85.6,9051.5,9163.2,"{'timestamp': '2026-09-01T19:00:29.082140+00:00', 'model_version': 'gemma4:latest', 'prompt_hash': 'a6af280e'}",07_legacy_kbrag
3,real_mixed_12,gemma4:latest_kb_rag,296.81260204315186,52.31,0,direct_json,0.5,1.0,0.666667,0.0,0,6.5,80.9,3.1,227.5,772.7,21393.5,85.6,9051.5,9163.2,"{'timestamp': '2026-09-01T18:58:46.950560+00:00', 'model_version': 'gemma4:latest', 'prompt_hash': 'a6af280e'}",07_legacy_kbrag
1,real_mixed_4,gemma4:latest_kb_rag,227.97575497627255,52.35,0,direct_json,0.666667,0.428571,0.521739,0.0,0,6.5,80.9,3.1,258.3,1004.8,21419.5,85.5,9051.5,9163.2,"{'timestamp': '2026-09-01T18:57:37.867417+00:00', 'model_version': 'gemma4:latest', 'prompt_hash': 'a6af280e'}",07_legacy_kbrag
1,real_mixed_5,gemma4:latest_kb_rag,254.2697601318359,52.41,0,direct_json,0.444444,0.8,0.571429,0.0,0,6.2,80.9,3.0,245.6,1009.7,21404.1,85.5,9051.5,9163.2,"{'timestamp': '2026-09-01T18:58:04.150321+00:00', 'model_version': 'gemma4:latest', 'prompt_hash': 'a6af280e'}",07_legacy_kbrag
1,real_mixed_6,gemma4:latest_kb_rag,457.2966499328613,48.2,0,direct_json,0.75,0.666667,0.705882,0.0,0,6.8,80.9,2.2,216.8,773.2,22044.4,85.2,9051.5,9163.2,"{'timestamp': '2026-09-01T19:01:27.450395+00:00', 'model_version': 'gemma4:latest', 'prompt_hash': 'a6af280e'}",07_legacy_kbrag
6,real_mixed_19,gemma4:latest_kb_rag,175.23940896987915,52.39,0,direct_json,0.761905,0.8,0.780488,0.0,0,6.0,80.9,3.7,290.3,1003.8,21419.7,85.5,9051.5,9163.2,"{'timestamp': '2026-09-01T18:56:45.120013+00:00', 'model_version': 'gemma4:latest', 'prompt_hash': 'a6af280e'}",07_legacy_kbrag
6,real_mixed_20,gemma4:latest_kb_rag,428.0689249038696,42.01,0,direct_json,0.666667,0.5,0.571429,0.0,0,6.8,80.9,2.2,221.9,695.1,21732.8,85.5,9051.5,9163.2,"{'timestamp': '2026-09-01T19:00:58.128031+00:00', 'model_version': 'gemma4:latest', 'prompt_hash': 'a6af280e'}",07_legacy_kbrag
6,real_mixed_21,gemma4:latest_kb_rag,504.96957087516785,52.32,0,direct_json,0.666667,0.571429,0.615385,0.0,0,6.6,80.9,2.8,220.6,773.0,21985.2,85.3,9051.5,9163.2,"{'timestamp': '2026-09-01T19:02:15.126453+00:00', 'model_version': 'gemma4:latest', 'prompt_hash': 'a6af280e'}",07_legacy_kbrag
5,real_mixed_16,gemma4:latest_kb_rag,478.6863169670105,52.27,0,direct_json,0.666667,0.666667,0.666667,0.1111111111111111,1,8.5,80.9,2.4,221.6,1023.8,22013.7,85.3,9051.5,9163.2,"{'timestamp': '2026-09-01T19:01:48.619736+00:00', 'model_version': 'gemma4:latest', 'prompt_hash': 'a6af280e'}",07_legacy_kbrag
5,real_mixed_17,gemma4:latest_kb_rag,275.60339975357056,52.49,0,direct_json,0.4,1.0,0.571429,0.0,0,6.7,100.0,2.5,236.2,695.1,21393.3,85.5,9051.5,9163.2,"{'timestamp': '2026-09-01T18:58:25.620735+00:00', 'model_version': 'gemma4:latest', 'prompt_hash': 'a6af280e'}",07_legacy_kbrag
5,real_mixed_18,gemma4:latest_kb_rag,535.2328457832336,52.27,0,direct_json,0.727273,0.666667,0.695652,0.0,0,6.5,100.0,2.5,224.8,775.3,21946.9,85.3,9051.5,9163.2,"{'timestamp': '2026-09-01T19:02:45.396381+00:00', 'model_version': 'gemma4:latest', 'prompt_hash': 'a6af280e'}",07_legacy_kbrag
8,real_mixed_25,gemma4:latest_kb_rag,341.73188996315,52.41,0,direct_json,0.4,0.333333,0.363636,0.0,0,8.7,80.9,1.9,214.4,774.3,21393.5,85.6,9051.5,9163.2,"{'timestamp': '2026-09-01T18:59:31.895118+00:00', 'model_version': 'gemma4:latest', 'prompt_hash': 'a6af280e'}",07_legacy_kbrag
8,real_mixed_26,gemma4:latest_kb_rag,564.2148649692535,52.53,0,direct_json,0.793103,0.638889,0.707692,0.0,0,6.5,80.9,2.6,228.3,774.1,21916.2,85.3,9051.5,9163.2,"{'timestamp': '2026-09-01T19:03:14.403596+00:00', 'model_version': 'gemma4:latest', 'prompt_hash': 'a6af280e'}",07_legacy_kbrag
8,real_mixed_27,gemma4:latest_kb_rag,511.4706768989563,52.3,0,direct_json,0.785714,0.814815,0.8,0.0,0,6.7,80.9,2.4,222.8,776.2,21976.5,85.3,9051.5,9163.2,"{'timestamp': '2026-09-01T19:02:21.641988+00:00', 'model_version': 'gemma4:latest', 'prompt_hash': 'a6af280e'}",07_legacy_kbrag
7,real_mixed_22,gemma4:latest_kb_rag,559.5869519710541,55.03,0,direct_json,0.0,0.0,0.0,0.0,0,9.3,80.9,3.5,229.4,1025.1,21919.6,85.3,9051.5,9163.2,"{'timestamp': '2026-09-01T19:03:09.562466+00:00', 'model_version': 'gemma4:latest', 'prompt_hash': 'a6af280e'}",07_legacy_kbrag
7,real_mixed_23,gemma4:latest_kb_rag,592.9545469284058,52.28,0,direct_json,0.555556,0.666667,0.606061,0.0,0,8.5,100.0,2.8,235.6,773.3,21889.0,85.3,9051.5,9163.2,"{'timestamp': '2026-09-01T19:03:43.115154+00:00', 'model_version': 'gemma4:latest', 'prompt_hash': 'a6af280e'}",07_legacy_kbrag
7,real_mixed_24,gemma4:latest_kb_rag,557.455775976181,52.43,0,direct_json,0.428571,0.428571,0.428571,0.0,0,8.6,100.0,2.4,228.6,776.2,21921.3,85.3,9051.5,9163.2,"{'timestamp': '2026-09-01T19:03:07.609193+00:00', 'model_version': 'gemma4:latest', 'prompt_hash': 'a6af280e'}",07_legacy_kbrag
9,real_mixed_28,gemma4:latest_kb_rag,531.2629749774933,52.2,0,direct_json,0.5625,0.6,0.580645,0.0,0,7.3,100.0,2.8,226.0,608.8,21937.9,85.3,9051.5,9163.2,"{'timestamp': '2026-09-01T19:04:33.241497+00:00', 'model_version': 'gemma4:latest', 'prompt_hash': 'a6af280e'}",07_legacy_kbrag
9,real_mixed_29,gemma4:latest_kb_rag,507.5215528011322,52.42,0,direct_json,0.375,0.75,0.5,0.0,0,8.0,83.3,3.0,228.0,608.7,21962.9,85.3,9051.5,9163.2,"{'timestamp': '2026-09-01T19:04:09.503468+00:00', 'model_version': 'gemma4:latest', 'prompt_hash': 'a6af280e'}",07_legacy_kbrag
9,real_mixed_30,gemma4:latest_kb_rag,483.1944909095764,53.69,0,direct_json,0.5,0.375,0.428571,0.0,0,7.5,100.0,3.0,224.3,608.7,21983.9,85.3,9051.5,9163.2,"{'timestamp': '2026-09-01T19:03:45.168821+00:00', 'model_version': 'gemma4:latest', 'prompt_hash': 'a6af280e'}",07_legacy_kbrag
10,real_mixed_31,gemma4:latest_kb_rag,540.692055940628,52.84,0,direct_json,0.166667,0.5,0.25,0.0,0,6.5,61.4,2.9,225.7,608.8,21929.4,85.3,9051.5,9163.2,"{'timestamp': '2026-09-01T19:05:05.686506+00:00', 'model_version': 'gemma4:latest', 'prompt_hash': 'a6af280e'}",07_legacy_kbrag
10,real_mixed_32,gemma4:latest_kb_rag,527.4963939189911,52.44,0,direct_json,0.071429,0.142857,0.095238,0.0,0,6.5,61.4,2.9,225.8,608.8,21941.2,85.3,9051.5,9163.2,"{'timestamp': '2026-09-01T19:04:52.489016+00:00', 'model_version': 'gemma4:latest', 'prompt_hash': 'a6af280e'}",07_legacy_kbrag
10,real_mixed_33,gemma4:latest_kb_rag,569.0215587615967,52.33,0,direct_json,0.727273,0.615385,0.666667,0.0,0,6.5,61.4,2.7,221.3,608.8,21900.7,85.3,9051.5,9163.2,"{'timestamp': '2026-09-01T19:05:34.036363+00:00', 'model_version': 'gemma4:latest', 'prompt_hash': 'a6af280e'}",07_legacy_kbrag
11,real_mixed_34,gemma4:latest_kb_rag,380.5667431354522,52.26,0,direct_json,0.4,0.4,0.4,0.0,0,9.6,66.7,3.7,263.8,608.8,22177.4,85.2,9051.5,9163.2,"{'timestamp': '2026-09-01T19:06:23.636050+00:00', 'model_version': 'gemma4:latest', 'prompt_hash': 'a6af280e'}",07_legacy_kbrag
11,real_mixed_35,gemma4:latest_kb_rag,402.7221591472626,52.29,0,direct_json,0.555556,0.714286,0.625,0.0,0,12.1,71.9,3.6,258.9,608.8,22132.0,85.2,9051.5,9163.2,"{'timestamp': '2026-09-01T19:06:45.783909+00:00', 'model_version': 'gemma4:latest', 'prompt_hash': 'a6af280e'}",07_legacy_kbrag
11,real_mixed_36,gemma4:latest_kb_rag,351.6409740447998,52.37,0,direct_json,0.571429,0.571429,0.571429,0.0,0,10.8,69.7,3.9,269.0,608.8,22234.6,85.2,9051.5,9163.2,"{'timestamp': '2026-09-01T19:05:54.713798+00:00', 'model_version': 'gemma4:latest', 'prompt_hash': 'a6af280e'}",07_legacy_kbrag
12,real_mixed_37,gemma4:latest_kb_rag,427.8849418163299,52.3,0,direct_json,0.714286,0.833333,0.769231,0.0,0,12.2,80.0,3.3,251.9,608.8,22089.6,85.2,9051.5,9163.2,"{'timestamp': '2026-09-01T19:07:37.311606+00:00', 'model_version': 'gemma4:latest', 'prompt_hash': 'a6af280e'}",07_legacy_kbrag
12,real_mixed_38,gemma4:latest_kb_rag,403.89249992370605,52.18,0,direct_json,0.722222,1.0,0.83871,0.0,0,8.2,80.0,3.5,256.5,608.8,22130.8,85.2,9051.5,9163.2,"{'timestamp': '2026-09-01T19:07:13.310826+00:00', 'model_version': 'gemma4:latest', 'prompt_hash': 'a6af280e'}",07_legacy_kbrag
12,real_mixed_39,gemma4:latest_kb_rag,452.36179208755493,52.23,0,direct_json,0.666667,0.857143,0.75,0.0,0,9.5,100.0,3.2,245.6,608.8,22053.8,85.3,9051.5,9163.2,"{'timestamp': '2026-09-01T19:08:01.774582+00:00', 'model_version': 'gemma4:latest', 'prompt_hash': 'a6af280e'}",07_legacy_kbrag
13,real_mixed_40,gemma4:latest_kb_rag,420.2666788101196,52.3,0,direct_json,0.727273,0.666667,0.695652,0.0,0,6.3,33.8,3.3,243.7,608.7,21383.8,85.6,9051.5,9163.2,"{'timestamp': '2026-09-01T19:08:28.256359+00:00', 'model_version': 'gemma4:latest', 'prompt_hash': 'a6af280e'}",07_legacy_kbrag
13,real_mixed_41,gemma4:latest_kb_rag,477.42307114601135,52.21,0,direct_json,0.823529,0.777778,0.8,0.0,0,6.2,33.8,3.1,234.5,608.8,21384.0,85.6,9051.5,9163.2,"{'timestamp': '2026-09-01T19:09:25.418469+00:00', 'model_version': 'gemma4:latest', 'prompt_hash': 'a6af280e'}",07_legacy_kbrag
13,real_mixed_42,gemma4:latest_kb_rag,446.66456389427185,52.21,0,direct_json,0.695652,0.666667,0.680851,0.0,0,6.2,33.8,3.3,239.6,608.8,21382.4,85.6,9051.5,9163.2,"{'timestamp': '2026-09-01T19:08:54.653021+00:00', 'model_version': 'gemma4:latest', 'prompt_hash': 'a6af280e'}",07_legacy_kbrag
14,real_mixed_43,gemma4:latest_kb_rag,489.2127287387848,50.73,0,direct_json,0.863636,0.904762,0.883721,0.0,0,6.1,33.8,3.1,232.9,608.8,21378.3,85.6,9051.5,9163.2,"{'timestamp': '2026-09-01T19:10:24.728218+00:00', 'model_version': 'gemma4:latest', 'prompt_hash': 'a6af280e'}",07_legacy_kbrag
14,real_mixed_44,gemma4:latest_kb_rag,451.8180091381073,52.58,0,direct_json,0.6,0.857143,0.705882,0.0,0,6.2,33.8,3.3,234.7,608.7,21381.2,85.6,9051.5,9163.2,"{'timestamp': '2026-09-01T19:09:47.329749+00:00', 'model_version': 'gemma4:latest', 'prompt_hash': 'a6af280e'}",07_legacy_kbrag
14,real_mixed_45,gemma4:latest_kb_rag,447.85665798187256,52.29,0,direct_json,0.642857,0.75,0.692308,0.0,0,6.2,33.8,3.2,235.3,608.8,21381.6,85.6,9051.5,9163.2,"{'timestamp': '2026-09-01T19:09:43.372252+00:00', 'model_version': 'gemma4:latest', 'prompt_hash': 'a6af280e'}",07_legacy_kbrag
15,real_mixed_46,gemma4:latest_kb_rag,540.3505752086639,52.28,0,direct_json,0.625,0.357143,0.454545,0.0,0,7.0,100.0,2.8,221.0,608.8,22089.8,85.5,9051.5,9163.2,"{'timestamp': '2026-09-01T19:11:46.111144+00:00', 'model_version': 'gemma4:latest', 'prompt_hash': 'a6af280e'}",07_legacy_kbrag
15,real_mixed_47,gemma4:latest_kb_rag,521.6091740131378,32.62,0,direct_json,0.708333,0.62963,0.666667,0.0416666666666666,1,7.0,80.0,2.9,224.7,608.8,21990.4,85.7,9051.5,9163.2,"{'timestamp': '2026-09-01T19:11:27.398019+00:00', 'model_version': 'gemma4:latest', 'prompt_hash': 'a6af280e'}",07_legacy_kbrag
15,real_mixed_48,gemma4:latest_kb_rag,478.58913588523865,48.8,0,direct_json,0.333333,0.5,0.4,0.0,0,11.2,100.0,3.1,233.8,608.8,21429.0,85.6,9051.5,9163.2,"{'timestamp': '2026-09-01T19:10:44.343461+00:00', 'model_version': 'gemma4:latest', 'prompt_hash': 'a6af280e'}",07_legacy_kbrag
16,real_mixed_49,gemma4:latest_kb_rag,594.7234058380127,51.85,0,direct_json,0.538462,0.5,0.518519,0.0,0,6.4,66.0,2.8,217.6,608.8,22043.7,85.4,9051.5,9163.2,"{'timestamp': '2026-09-01T19:13:09.525925+00:00', 'model_version': 'gemma4:latest', 'prompt_hash': 'a6af280e'}",07_legacy_kbrag
16,real_mixed_50,gemma4:latest_kb_rag,560.7601189613342,52.33,0,direct_json,0.461538,0.545455,0.5,0.0,0,6.5,66.0,2.8,219.3,608.7,22074.2,85.5,9051.5,9163.2,"{'timestamp': '2026-09-01T19:12:35.549436+00:00', 'model_version': 'gemma4:latest', 'prompt_hash': 'a6af280e'}",07_legacy_kbrag
16,real_mixed_51,gemma4:latest_kb_rag,537.5247740745544,52.35,0,direct_json,0.357143,0.555556,0.434783,0.0714285714285714,1,6.6,66.0,2.8,221.0,608.7,22097.7,85.5,9051.5,9163.2,"{'timestamp': '2026-09-01T19:12:12.322176+00:00', 'model_version': 'gemma4:latest', 'prompt_hash': 'a6af280e'}",07_legacy_kbrag
17,real_mixed_52,gemma4:latest_kb_rag,630.0604619979858,52.29,0,direct_json,0.631579,0.857143,0.727273,0.0,0,7.5,100.0,2.6,211.7,608.8,22003.8,85.5,9051.5,9163.2,"{'timestamp': '2026-09-01T19:14:13.538458+00:00', 'model_version': 'gemma4:latest', 'prompt_hash': 'a6af280e'}",07_legacy_kbrag
17,real_mixed_53,gemma4:latest_kb_rag,591.1785049438477,52.38,0,direct_json,0.294118,0.833333,0.434783,0.0,0,7.1,100.0,2.7,213.5,608.8,22046.0,85.4,9051.5,9163.2,"{'timestamp': '2026-09-01T19:13:34.643912+00:00', 'model_version': 'gemma4:latest', 'prompt_hash': 'a6af280e'}",07_legacy_kbrag
17,real_mixed_54,gemma4:latest_kb_rag,603.0843369960785,52.6,0,direct_json,0.5,1.0,0.666667,0.0,0,10.4,100.0,2.6,212.9,608.8,22029.7,85.5,9051.5,9163.2,"{'timestamp': '2026-09-01T19:13:46.550515+00:00', 'model_version': 'gemma4:latest', 'prompt_hash': 'a6af280e'}",07_legacy_kbrag
18,real_mixed_55,gemma4:latest_kb_rag,582.6628470420837,53.38,0,direct_json,0.181818,0.222222,0.2,0.0,0,6.4,66.0,2.8,209.1,612.3,22046.2,85.5,9051.5,9163.2,"{'timestamp': '2026-09-01T19:14:16.264382+00:00', 'model_version': 'gemma4:latest', 'prompt_hash': 'a6af280e'}",07_legacy_kbrag
18,real_mixed_56,gemma4:latest_kb_rag,613.5646440982819,52.04,0,direct_json,0.210526,0.285714,0.242424,0.0,0,6.6,66.7,2.6,214.7,612.3,22009.6,85.5,9051.5,9163.2,"{'timestamp': '2026-09-01T19:14:47.176851+00:00', 'model_version': 'gemma4:latest', 'prompt_hash': 'a6af280e'}",07_legacy_kbrag
18,real_mixed_57,gemma4:latest_kb_rag,635.0239150524139,52.34,0,direct_json,0.7,0.777778,0.736842,0.05,1,10.4,100.0,2.6,214.3,612.3,21988.6,85.5,9051.5,9163.2,"{'timestamp': '2026-09-01T19:15:08.631426+00:00', 'model_version': 'gemma4:latest', 'prompt_hash': 'a6af280e'}",07_legacy_kbrag
19,real_mixed_58,gemma4:latest_kb_rag,597.3265430927277,52.35,0,direct_json,0.411765,0.636364,0.5,0.0,0,6.3,66.0,2.7,220.7,612.3,22028.3,85.5,9051.5,9163.2,"{'timestamp': '2026-09-01T19:15:31.783937+00:00', 'model_version': 'gemma4:latest', 'prompt_hash': 'a6af280e'}",07_legacy_kbrag
19,real_mixed_59,gemma4:latest_kb_rag,658.6995649337769,51.43,0,fallback,0.0,0.0,0.0,0.0,0,6.4,66.0,2.5,216.3,612.3,21967.4,85.5,9051.5,9163.2,"{'timestamp': '2026-09-01T19:16:33.157609+00:00', 'model_version': 'gemma4:latest', 'prompt_hash': 'a6af280e'}",07_legacy_kbrag
19,real_mixed_60,gemma4:latest_kb_rag,616.6542820930481,52.28,0,direct_json,0.75,0.692308,0.72,0.0,0,6.7,66.0,2.7,219.9,612.3,22009.0,85.5,9051.5,9163.2,"{'timestamp': '2026-09-01T19:15:51.109094+00:00', 'model_version': 'gemma4:latest', 'prompt_hash': 'a6af280e'}",07_legacy_kbrag
20,real_mixed_61,gemma4:latest_kb_rag,670.9774279594421,50.7,0,direct_json,0.5625,0.642857,0.6,0.0,0,6.6,66.0,2.5,215.9,612.3,21956.1,85.5,9051.5,9163.2,"{'timestamp': '2026-09-01T19:17:57.134050+00:00', 'model_version': 'gemma4:latest', 'prompt_hash': 'a6af280e'}",07_legacy_kbrag
20,real_mixed_62,gemma4:latest_kb_rag,629.0597789287567,52.22,0,direct_json,0.3125,0.454545,0.37037,0.0,0,6.5,66.0,4.1,220.2,612.3,21990.6,85.5,9051.5,9163.2,"{'timestamp': '2026-09-01T19:17:15.196929+00:00', 'model_version': 'gemma4:latest', 'prompt_hash': 'a6af280e'}",07_legacy_kbrag
20,real_mixed_63,gemma4:latest_kb_rag,606.3022270202637,52.58,0,direct_json,0.181818,0.25,0.210526,0.0,0,10.0,100.0,2.6,220.6,612.3,22011.7,85.5,9051.5,9163.2,"{'timestamp': '2026-09-01T19:16:52.444896+00:00', 'model_version': 'gemma4:latest', 'prompt_hash': 'a6af280e'}",07_legacy_kbrag
21,real_mixed_64,gemma4:latest_kb_rag,663.7367832660675,52.28,0,direct_json,0.0,0.0,0.0,0.0,0,8.5,100.0,2.5,219.8,612.3,21967.6,85.5,9051.5,9163.2,"{'timestamp': '2026-09-01T19:19:05.872104+00:00', 'model_version': 'gemma4:latest', 'prompt_hash': 'a6af280e'}",07_legacy_kbrag
21,real_mixed_65,gemma4:latest_kb_rag,641.8624839782715,52.34,0,direct_json,0.444444,0.5,0.470588,0.0,0,8.6,100.0,2.6,222.0,612.3,21987.0,85.5,9051.5,9163.2,"{'timestamp': '2026-09-01T19:18:44.000494+00:00', 'model_version': 'gemma4:latest', 'prompt_hash': 'a6af280e'}",07_legacy_kbrag
21,real_mixed_66,gemma4:latest_kb_rag,618.5797748565674,52.26,0,direct_json,0.333333,0.3,0.315789,0.0,0,7.0,100.0,2.7,224.4,612.3,22005.7,85.5,9051.5,9163.2,"{'timestamp': '2026-09-01T19:18:20.739197+00:00', 'model_version': 'gemma4:latest', 'prompt_hash': 'a6af280e'}",07_legacy_kbrag
22,real_mixed_67,gemma4:latest_kb_rag,646.8070142269135,52.01,0,direct_json,0.5,0.588235,0.540541,0.1,2,7.0,66.0,2.6,219.9,612.3,21978.2,85.5,9051.5,9163.2,"{'timestamp': '2026-09-01T19:20:12.606660+00:00', 'model_version': 'gemma4:latest', 'prompt_hash': 'a6af280e'}",07_legacy_kbrag
22,real_mixed_68,gemma4:latest_kb_rag,584.1687939167023,52.72,0,direct_json,0.47619,0.769231,0.588235,0.0,0,7.1,100.0,4.2,226.3,612.3,22047.1,85.5,9051.5,9163.2,"{'timestamp': '2026-09-01T19:19:09.957190+00:00', 'model_version': 'gemma4:latest', 'prompt_hash': 'a6af280e'}",07_legacy_kbrag
22,real_mixed_69,gemma4:latest_kb_rag,615.8523881435394,52.16,0,direct_json,0.724138,0.875,0.792453,0.0,0,7.7,66.0,2.6,223.0,612.3,22010.0,85.5,9051.5,9163.2,"{'timestamp': '2026-09-01T19:19:41.667814+00:00', 'model_version': 'gemma4:latest', 'prompt_hash': 'a6af280e'}",07_legacy_kbrag
23,real_mixed_70,gemma4:latest_kb_rag,611.8959398269653,52.26,0,direct_json,0.625,0.714286,0.666667,0.0,0,6.7,66.0,2.8,219.2,612.3,22009.2,85.5,9051.5,9163.2,"{'timestamp': '2026-09-01T19:20:37.012081+00:00', 'model_version': 'gemma4:latest', 'prompt_hash': 'a6af280e'}",07_legacy_kbrag
23,real_mixed_71,gemma4:latest_kb_rag,678.2539398670197,35.8,0,direct_json,0.5,0.416667,0.454545,0.0,0,7.6,68.5,2.6,211.7,612.3,22448.4,85.6,9051.5,9163.2,"{'timestamp': '2026-09-01T19:21:43.353415+00:00', 'model_version': 'gemma4:latest', 'prompt_hash': 'a6af280e'}",07_legacy_kbrag
23,real_mixed_72,gemma4:latest_kb_rag,642.1339340209961,41.41,0,direct_json,0.615385,0.571429,0.592593,0.0,0,7.4,68.5,2.6,216.8,612.3,22198.6,85.5,9051.5,9163.2,"{'timestamp': '2026-09-01T19:21:07.239976+00:00', 'model_version': 'gemma4:latest', 'prompt_hash': 'a6af280e'}",07_legacy_kbrag
24,real_mixed_73,gemma4:latest_kb_rag,649.2866718769073,52.25,0,direct_json,0.916667,0.733333,0.814815,0.0,0,7.4,68.5,2.6,221.6,693.9,22058.3,85.7,9051.5,9163.2,"{'timestamp': '2026-09-01T19:22:36.296515+00:00', 'model_version': 'gemma4:latest', 'prompt_hash': 'a6af280e'}",07_legacy_kbrag
24,real_mixed_74,gemma4:latest_kb_rag,625.4678430557251,47.15,0,direct_json,0.7,0.7,0.7,0.0,0,7.3,100.0,2.6,220.3,693.9,22089.0,85.7,9051.5,9163.2,"{'timestamp': '2026-09-01T19:22:12.472948+00:00', 'model_version': 'gemma4:latest', 'prompt_hash': 'a6af280e'}",07_legacy_kbrag
24,real_mixed_75,gemma4:latest_kb_rag,598.1854751110077,25.99,0,direct_json,0.333333,0.333333,0.333333,0.0,0,9.2,100.0,2.7,217.0,693.9,21971.4,85.7,9051.5,9163.2,"{'timestamp': '2026-09-01T19:21:45.181097+00:00', 'model_version': 'gemma4:latest', 'prompt_hash': 'a6af280e'}",07_legacy_kbrag
25,real_mixed_76,gemma4:latest_kb_rag,567.8227708339691,55.88,0,direct_json,0.0,0.0,0.0,0.0,0,9.1,100.0,2.8,221.6,693.9,22140.5,85.8,9051.5,9163.2,"{'timestamp': '2026-09-01T19:22:37.784604+00:00', 'model_version': 'gemma4:latest', 'prompt_hash': 'a6af280e'}",07_legacy_kbrag
25,real_mixed_77,gemma4:latest_kb_rag,598.6849789619446,52.21,0,direct_json,0.695652,0.8,0.744186,0.0,0,9.2,92.0,2.7,222.2,693.9,22100.4,85.8,9051.5,9163.2,"{'timestamp': '2026-09-01T19:23:08.678160+00:00', 'model_version': 'gemma4:latest', 'prompt_hash': 'a6af280e'}",07_legacy_kbrag
25,real_mixed_78,gemma4:latest_kb_rag,602.7033038139343,53.41,0,direct_json,0.571429,1.0,0.727273,0.0,0,10.0,92.7,2.7,221.8,693.9,22096.3,85.8,9051.5,9163.2,"{'timestamp': '2026-09-01T19:23:12.669049+00:00', 'model_version': 'gemma4:latest', 'prompt_hash': 'a6af280e'}",07_legacy_kbrag
26,real_mixed_79,gemma4:latest_kb_rag,567.5848650932312,52.59,0,direct_json,0.7,0.7,0.7,0.0,0,7.6,100.0,3.0,223.0,693.9,22147.6,85.8,9051.5,9163.2,"{'timestamp': '2026-09-01T19:23:41.488679+00:00', 'model_version': 'gemma4:latest', 'prompt_hash': 'a6af280e'}",07_legacy_kbrag
26,real_mixed_80,gemma4:latest_kb_rag,563.0438079833984,52.63,0,direct_json,0.428571,0.6,0.5,0.0,0,8.1,100.0,3.0,223.6,693.9,22152.0,85.8,9051.5,9163.2,"{'timestamp': '2026-09-01T19:23:36.964672+00:00', 'model_version': 'gemma4:latest', 'prompt_hash': 'a6af280e'}",07_legacy_kbrag
26,real_mixed_81,gemma4:latest_kb_rag,557.5169389247894,52.37,0,direct_json,0.666667,0.727273,0.695652,0.0,0,7.3,68.5,2.9,224.1,693.9,22158.3,85.8,9051.5,9163.2,"{'timestamp': '2026-09-01T19:23:31.434161+00:00', 'model_version': 'gemma4:latest', 'prompt_hash': 'a6af280e'}",07_legacy_kbrag
27,real_mixed_82,gemma4:latest_kb_rag,576.3267250061035,52.28,0,direct_json,0.4,0.666667,0.5,0.0,0,7.4,100.0,2.8,208.4,693.9,22145.7,85.7,9051.5,9163.2,"{'timestamp': '2026-09-01T19:24:45.365314+00:00', 'model_version': 'gemma4:latest', 'prompt_hash': 'a6af280e'}",07_legacy_kbrag
27,real_mixed_83,gemma4:latest_kb_rag,532.9329931735992,52.37,0,direct_json,0.692308,0.9,0.782609,0.0,0,7.1,68.5,3.1,217.8,693.9,22203.4,85.8,9051.5,9163.2,"{'timestamp': '2026-09-01T19:24:01.964215+00:00', 'model_version': 'gemma4:latest', 'prompt_hash': 'a6af280e'}",07_legacy_kbrag
27,real_mixed_84,gemma4:latest_kb_rag,552.2617926597595,52.07,0,direct_json,0.75,0.666667,0.705882,0.0,0,7.1,68.5,2.9,214.1,693.9,22179.3,85.8,9051.5,9163.2,"{'timestamp': '2026-09-01T19:24:21.302553+00:00', 'model_version': 'gemma4:latest', 'prompt_hash': 'a6af280e'}",07_legacy_kbrag
28,real_mixed_85,gemma4:latest_kb_rag,493.79474091529846,52.88,0,direct_json,0.75,0.75,0.75,0.0,0,7.4,100.0,3.1,205.8,693.9,22277.0,85.8,9051.5,9163.2,"{'timestamp': '2026-09-01T19:24:47.386610+00:00', 'model_version': 'gemma4:latest', 'prompt_hash': 'a6af280e'}",07_legacy_kbrag
28,real_mixed_86,gemma4:latest_kb_rag,517.0773229598999,52.4,0,direct_json,0.727273,0.615385,0.666667,0.0,0,7.6,100.0,3.2,208.5,693.9,22229.5,85.8,9051.5,9163.2,"{'timestamp': '2026-09-01T19:25:10.662736+00:00', 'model_version': 'gemma4:latest', 'prompt_hash': 'a6af280e'}",07_legacy_kbrag
28,real_mixed_87,gemma4:latest_kb_rag,495.3079192638397,53.65,0,direct_json,0.6,0.428571,0.5,0.0,0,7.5,100.0,3.1,206.8,693.9,22273.6,85.8,9051.5,9163.2,"{'timestamp': '2026-09-01T19:24:48.896539+00:00', 'model_version': 'gemma4:latest', 'prompt_hash': 'a6af280e'}",07_legacy_kbrag
29,real_mixed_88,gemma4:latest_kb_rag,497.8337903022766,52.81,0,direct_json,0.5,1.0,0.666667,0.0,0,9.1,100.0,3.1,210.3,693.9,22262.7,85.8,9051.5,9163.2,"{'timestamp': '2026-09-01T19:26:15.384256+00:00', 'model_version': 'gemma4:latest', 'prompt_hash': 'a6af280e'}",07_legacy_kbrag
29,real_mixed_89,gemma4:latest_kb_rag,482.4395980834961,52.31,0,direct_json,0.5,0.307692,0.380952,0.0,0,7.1,68.5,3.2,213.2,693.9,22290.7,85.8,9051.5,9163.2,"{'timestamp': '2026-09-01T19:25:59.997755+00:00', 'model_version': 'gemma4:latest', 'prompt_hash': 'a6af280e'}",07_legacy_kbrag
29,real_mixed_90,gemma4:latest_kb_rag,461.0133829116822,52.34,0,direct_json,0.318182,0.875,0.466667,0.0,0,8.8,100.0,3.3,212.9,693.9,22331.8,85.8,9051.5,9163.2,"{'timestamp': '2026-09-01T19:25:38.573599+00:00', 'model_version': 'gemma4:latest', 'prompt_hash': 'a6af280e'}",07_legacy_kbrag
30,real_mixed_91,gemma4:latest_kb_rag,449.8250050544739,52.37,0,direct_json,0.692308,0.75,0.72,0.0,0,7.5,100.0,3.3,213.8,693.6,22341.6,85.8,9051.5,9163.2,"{'timestamp': '2026-09-01T19:26:36.093189+00:00', 'model_version': 'gemma4:latest', 'prompt_hash': 'a6af280e'}",07_legacy_kbrag
30,real_mixed_92,gemma4:latest_kb_rag,497.3698160648346,52.31,0,direct_json,0.4375,0.466667,0.451613,0.0,0,7.7,68.5,3.1,205.6,693.5,22267.9,85.8,9051.5,9163.2,"{'timestamp': '2026-09-01T19:27:23.643174+00:00', 'model_version': 'gemma4:latest', 'prompt_hash': 'a6af280e'}",07_legacy_kbrag
30,real_mixed_93,gemma4:latest_kb_rag,469.5151541233063,52.24,0,direct_json,0.583333,0.7,0.636364,0.0,0,7.6,68.5,3.2,211.4,693.9,22308.3,85.8,9051.5,9163.2,"{'timestamp': '2026-09-01T19:26:55.782359+00:00', 'model_version': 'gemma4:latest', 'prompt_hash': 'a6af280e'}",07_legacy_kbrag
31,real_mixed_94,gemma4:latest_kb_rag,501.4968180656433,52.42,0,direct_json,0.894737,0.809524,0.85,0.0,0,7.9,68.5,3.1,213.9,693.9,22264.2,85.7,9051.5,9163.2,"{'timestamp': '2026-09-01T19:28:34.512422+00:00', 'model_version': 'gemma4:latest', 'prompt_hash': 'a6af280e'}",07_legacy_kbrag
31,real_mixed_95,gemma4:latest_kb_rag,470.60910272598267,52.46,0,direct_json,0.1,0.5,0.166667,0.0,0,8.2,68.5,3.3,219.3,693.9,22320.3,85.7,9051.5,9163.2,"{'timestamp': '2026-09-01T19:28:03.596379+00:00', 'model_version': 'gemma4:latest', 'prompt_hash': 'a6af280e'}",07_legacy_kbrag
31,real_mixed_96,gemma4:latest_kb_rag,448.29904675483704,52.36,0,direct_json,0.538462,0.583333,0.56,0.0,0,7.6,68.5,3.4,219.1,693.9,22366.3,85.8,9051.5,9163.2,"{'timestamp': '2026-09-01T19:27:41.318885+00:00', 'model_version': 'gemma4:latest', 'prompt_hash': 'a6af280e'}",07_legacy_kbrag
32,real_mixed_97,gemma4:latest_kb_rag,442.0497989654541,52.48,0,direct_json,0.538462,0.777778,0.636364,0.0,0,7.7,100.0,3.1,212.6,693.7,21609.9,85.6,9051.5,9163.2,"{'timestamp': '2026-09-01T19:29:06.120352+00:00', 'model_version': 'gemma4:latest', 'prompt_hash': 'a6af280e'}",07_legacy_kbrag
32,real_mixed_98,gemma4:latest_kb_rag,473.0778219699859,52.05,0,direct_json,0.619048,0.464286,0.530612,0.0,0,7.3,100.0,2.9,204.1,693.7,21603.5,85.6,9051.5,9163.2,"{'timestamp': '2026-09-01T19:29:37.178567+00:00', 'model_version': 'gemma4:latest', 'prompt_hash': 'a6af280e'}",07_legacy_kbrag
32,real_mixed_99,gemma4:latest_kb_rag,423.9744608402252,52.54,0,direct_json,0.125,0.5,0.2,0.0,0,7.8,100.0,3.1,217.8,693.9,21619.2,85.6,9051.5,9163.2,"{'timestamp': '2026-09-01T19:28:48.041802+00:00', 'model_version': 'gemma4:latest', 'prompt_hash': 'a6af280e'}",07_legacy_kbrag
33,real_mixed_100,gemma4:latest_kb_rag,464.28587317466736,52.34,0,direct_json,0.111111,0.285714,0.16,0.0,0,7.3,100.0,2.8,184.5,601.2,21406.0,85.6,9051.5,9163.2,"{'timestamp': '2026-09-01T19:30:20.957982+00:00', 'model_version': 'gemma4:latest', 'prompt_hash': 'a6af280e'}",07_legacy_kbrag
33,real_mixed_101,gemma4:latest_kb_rag,438.68282175064087,52.43,0,direct_json,0.4,0.571429,0.470588,0.0,0,7.1,100.0,2.7,190.2,601.2,21406.0,85.6,9051.5,9163.2,"{'timestamp': '2026-09-01T19:29:55.368887+00:00', 'model_version': 'gemma4:latest', 'prompt_hash': 'a6af280e'}",07_legacy_kbrag
33,real_mixed_102,gemma4:latest_kb_rag,439.7011339664459,56.17,0,direct_json,0.0,0.0,0.0,0.0,0,7.1,80.0,2.9,189.9,601.2,21405.3,85.6,9051.5,9163.2,"{'timestamp': '2026-09-01T19:29:56.370378+00:00', 'model_version': 'gemma4:latest', 'prompt_hash': 'a6af280e'}",07_legacy_kbrag
34,real_mixed_103,gemma4:latest_kb_rag,428.6995136737823,55.6,0,direct_json,0.0,0.0,0.0,0.0,0,9.0,100.0,2.7,180.4,601.2,21407.4,85.6,9051.5,9163.2,"{'timestamp': '2026-09-01T19:30:21.765449+00:00', 'model_version': 'gemma4:latest', 'prompt_hash': 'a6af280e'}",07_legacy_kbrag
34,real_mixed_104,gemma4:latest_kb_rag,450.83391070365906,52.16,0,direct_json,0.285714,0.6,0.387097,0.0,0,6.7,46.2,2.6,176.0,601.2,21407.4,85.6,9051.5,9163.2,"{'timestamp': '2026-09-01T19:30:43.915209+00:00', 'model_version': 'gemma4:latest', 'prompt_hash': 'a6af280e'}",07_legacy_kbrag
34,real_mixed_105,gemma4:latest_kb_rag,495.39492988586426,28.67,0,direct_json,0.571429,0.8,0.666667,0.0714285714285714,1,6.9,58.1,2.2,164.7,601.2,22052.3,85.8,9051.5,9163.2,"{'timestamp': '2026-09-01T19:31:28.484374+00:00', 'model_version': 'gemma4:latest', 'prompt_hash': 'a6af280e'}",07_legacy_kbrag
35,real_mixed_106,gemma4:latest_kb_rag,491.1496331691742,27.73,0,direct_json,0.666667,1.0,0.8,0.0,0,9.2,100.0,2.1,156.7,601.2,22384.2,86.0,9051.5,9163.2,"{'timestamp': '2026-09-01T19:31:52.985241+00:00', 'model_version': 'gemma4:latest', 'prompt_hash': 'a6af280e'}",07_legacy_kbrag
35,real_mixed_107,gemma4:latest_kb_rag,571.1359679698944,50.62,0,direct_json,0.916667,0.846154,0.88,0.0,0,7.7,100.0,1.9,143.8,601.2,22982.4,85.8,9051.5,9163.2,"{'timestamp': '2026-09-01T19:33:12.980209+00:00', 'model_version': 'gemma4:latest', 'prompt_hash': 'a6af280e'}",07_legacy_kbrag
35,real_mixed_108,gemma4:latest_kb_rag,534.8908200263977,30.76,0,direct_json,0.214286,0.6,0.315789,0.0,0,7.3,58.1,1.9,148.5,601.2,22832.7,86.1,9051.5,9163.2,"{'timestamp': '2026-09-01T19:32:36.739751+00:00', 'model_version': 'gemma4:latest', 'prompt_hash': 'a6af280e'}",07_legacy_kbrag
36,real_mixed_109,gemma4:latest_kb_rag,582.6344468593597,52.17,0,direct_json,0.666667,0.666667,0.666667,0.0,0,9.7,75.0,1.6,135.9,601.2,23308.3,85.0,9051.5,9163.2,"{'timestamp': '2026-09-01T19:34:28.401457+00:00', 'model_version': 'gemma4:latest', 'prompt_hash': 'a6af280e'}",07_legacy_kbrag
36,real_mixed_110,gemma4:latest_kb_rag,557.3381340503693,51.57,0,direct_json,0.5,0.388889,0.4375,0.0,0,9.0,100.0,1.6,138.2,601.2,23344.9,85.1,9051.5,9163.2,"{'timestamp': '2026-09-01T19:34:03.101591+00:00', 'model_version': 'gemma4:latest', 'prompt_hash': 'a6af280e'}",07_legacy_kbrag
36,real_mixed_111,gemma4:latest_kb_rag,532.1147129535675,52.51,0,direct_json,0.735294,0.833333,0.78125,0.0294117647058823,1,7.5,81.8,1.7,140.6,601.2,23265.6,85.4,9051.5,9163.2,"{'timestamp': '2026-09-01T19:33:37.888115+00:00', 'model_version': 'gemma4:latest', 'prompt_hash': 'a6af280e'}",07_legacy_kbrag
37,real_mixed_112,gemma4:latest_kb_rag,574.0053510665894,52.51,0,direct_json,0.375,0.6,0.461538,0.0,0,7.1,100.0,1.4,128.2,601.2,23349.8,85.0,9051.5,9163.2,"{'timestamp': '2026-09-01T19:34:45.070614+00:00', 'model_version': 'gemma4:latest', 'prompt_hash': 'a6af280e'}",07_legacy_kbrag
37,real_mixed_113,gemma4:latest_kb_rag,591.3060190677643,52.39,0,direct_json,0.5,0.444444,0.470588,0.0,0,6.7,58.1,1.3,127.0,601.2,23294.4,85.0,9051.5,9163.2,"{'timestamp': '2026-09-01T19:35:02.379736+00:00', 'model_version': 'gemma4:latest', 'prompt_hash': 'a6af280e'}",07_legacy_kbrag
37,real_mixed_114,gemma4:latest_kb_rag,612.9493901729584,52.32,0,direct_json,0.384615,0.714286,0.5,0.0,0,9.7,100.0,1.3,125.6,601.2,23235.7,85.0,9051.5,9163.2,"{'timestamp': '2026-09-01T19:35:24.021441+00:00', 'model_version': 'gemma4:latest', 'prompt_hash': 'a6af280e'}",07_legacy_kbrag
38,real_mixed_115,gemma4:latest_kb_rag,599.3729500770569,54.79,0,direct_json,0.5,1.0,0.666667,0.0,0,9.9,100.0,1.1,109.7,601.2,23285.5,85.0,9051.5,9163.2,"{'timestamp': '2026-09-01T19:36:15.150713+00:00', 'model_version': 'gemma4:latest', 'prompt_hash': 'a6af280e'}",07_legacy_kbrag
38,real_mixed_116,gemma4:latest_kb_rag,597.5196988582611,52.14,0,direct_json,0.333333,1.0,0.5,0.1666666666666666,1,8.5,100.0,1.1,109.8,601.2,23290.5,85.0,9051.5,9163.2,"{'timestamp': '2026-09-01T19:36:13.297088+00:00', 'model_version': 'gemma4:latest', 'prompt_hash': 'a6af280e'}",07_legacy_kbrag
38,real_mixed_117,gemma4:latest_kb_rag,577.7189149856567,52.21,0,direct_json,0.466667,0.875,0.608696,0.0,0,8.0,100.0,1.0,111.1,601.2,23350.8,85.0,9051.5,9163.2,"{'timestamp': '2026-09-01T19:35:53.508103+00:00', 'model_version': 'gemma4:latest', 'prompt_hash': 'a6af280e'}",07_legacy_kbrag
39,real_mixed_118,gemma4:latest_kb_rag,589.1778028011322,52.46,0,direct_json,0.625,1.0,0.769231,0.0,0,11.9,61.5,0.7,98.6,601.2,23307.7,85.0,9051.5,9163.2,"{'timestamp': '2026-09-01T19:37:13.274610+00:00', 'model_version': 'gemma4:latest', 'prompt_hash': 'a6af280e'}",07_legacy_kbrag
39,real_mixed_119,gemma4:latest_kb_rag,572.1290547847748,52.35,0,direct_json,0.571429,0.666667,0.615385,0.0,0,9.5,100.0,0.8,99.1,601.2,23365.4,85.0,9051.5,9163.2,"{'timestamp': '2026-09-01T19:36:56.230944+00:00', 'model_version': 'gemma4:latest', 'prompt_hash': 'a6af280e'}",07_legacy_kbrag
39,real_mixed_120,gemma4:latest_kb_rag,554.401526927948,52.38,0,direct_json,0.454545,1.0,0.625,0.0,0,9.2,100.0,0.7,99.6,601.2,23429.9,85.0,9051.5,9163.2,"{'timestamp': '2026-09-01T19:36:38.499553+00:00', 'model_version': 'gemma4:latest', 'prompt_hash': 'a6af280e'}",07_legacy_kbrag
3,real_mixed_10,gemma4:31b-mlx_baseline,129.0649390220642,25.53,0,direct_json,0.4,1.0,0.571429,0.0,0,19.8,84.9,2.9,40.7,109.5,28679.6,81.8,18610.0,17768.0,"{'timestamp': '2026-09-01T19:39:24.505008+00:00', 'model_version': 'gemma4:31b-mlx', 'prompt_hash': 'a6af280e'}",07_legacy_kbrag
3,real_mixed_11,gemma4:31b-mlx_baseline,601.8958189487457,26.92,0,direct_json,0.633333,1.0,0.77551,0.0,0,14.8,100.0,1.1,43.4,109.5,30499.8,81.2,27008.8,17768.0,"{'timestamp': '2026-09-01T19:47:17.348370+00:00', 'model_version': 'gemma4:31b-mlx', 'prompt_hash': 'a6af280e'}",07_legacy_kbrag
3,real_mixed_12,gemma4:31b-mlx_baseline,520.8167779445648,22.31,0,direct_json,0.538462,1.0,0.7,0.0,0,13.0,100.0,1.1,42.3,109.5,30688.9,81.5,26805.0,17768.0,"{'timestamp': '2026-09-01T19:45:56.258325+00:00', 'model_version': 'gemma4:31b-mlx', 'prompt_hash': 'a6af280e'}",07_legacy_kbrag
6,real_mixed_19,gemma4:31b-mlx_baseline,761.1694369316101,27.09,0,direct_json,0.909091,1.0,0.952381,0.0,0,11.6,100.0,0.9,45.9,109.5,30152.3,82.1,27205.7,17768.0,"{'timestamp': '2026-09-01T19:49:56.634202+00:00', 'model_version': 'gemma4:31b-mlx', 'prompt_hash': 'a6af280e'}",07_legacy_kbrag
6,real_mixed_20,gemma4:31b-mlx_baseline,320.8235740661621,21.22,0,direct_json,0.666667,0.5,0.571429,0.0,0,14.7,84.9,1.6,39.8,109.5,31053.3,81.3,26708.8,17768.0,"{'timestamp': '2026-09-01T19:42:36.283207+00:00', 'model_version': 'gemma4:31b-mlx', 'prompt_hash': 'a6af280e'}",07_legacy_kbrag
6,real_mixed_21,gemma4:31b-mlx_baseline,633.4802570343018,25.21,0,direct_json,0.666667,0.571429,0.615385,0.0,0,12.0,100.0,0.9,44.3,109.5,30406.7,81.4,27008.8,17768.0,"{'timestamp': '2026-09-01T19:47:48.934201+00:00', 'model_version': 'gemma4:31b-mlx', 'prompt_hash': 'a6af280e'}",07_legacy_kbrag
7,real_mixed_22,gemma4:31b-mlx_baseline,40.805171966552734,22.31,0,direct_json,0.0,0.0,0.0,0.0,0,33.4,85.1,8.0,43.8,109.5,26433.1,87.8,17364.7,17768.0,"{'timestamp': '2026-09-01T19:37:56.238010+00:00', 'model_version': 'gemma4:31b-mlx', 'prompt_hash': 'a6af280e'}",07_legacy_kbrag
7,real_mixed_23,gemma4:31b-mlx_baseline,559.2151198387146,24.26,0,direct_json,0.55,0.733333,0.628571,0.0,0,14.2,100.0,1.3,42.9,109.5,30690.3,81.6,26750.7,17768.0,"{'timestamp': '2026-09-01T19:46:34.670799+00:00', 'model_version': 'gemma4:31b-mlx', 'prompt_hash': 'a6af280e'}",07_legacy_kbrag
7,real_mixed_24,gemma4:31b-mlx_baseline,836.774927854538,19.79,0,direct_json,0.5,0.571429,0.533333,0.0,0,9.7,100.0,0.8,46.4,109.5,30134.5,82.1,27166.0,17768.0,"{'timestamp': '2026-09-01T19:51:12.212776+00:00', 'model_version': 'gemma4:31b-mlx', 'prompt_hash': 'a6af280e'}",07_legacy_kbrag
5,real_mixed_16,gemma4:31b-mlx_baseline,484.5882217884064,23.41,0,direct_json,0.75,1.0,0.857143,0.0833333333333333,1,12.1,84.9,1.6,41.6,109.5,30704.5,81.5,26871.9,17768.0,"{'timestamp': '2026-09-01T19:45:20.034221+00:00', 'model_version': 'gemma4:31b-mlx', 'prompt_hash': 'a6af280e'}",07_legacy_kbrag
5,real_mixed_17,gemma4:31b-mlx_baseline,916.6877901554108,22.75,0,direct_json,0.4,1.0,0.571429,0.0,0,11.2,100.0,0.9,45.3,109.5,30432.6,82.6,26741.6,17768.0,"{'timestamp': '2026-09-01T19:52:32.127563+00:00', 'model_version': 'gemma4:31b-mlx', 'prompt_hash': 'a6af280e'}",07_legacy_kbrag
5,real_mixed_18,gemma4:31b-mlx_baseline,218.8077380657196,24.37,0,direct_json,0.692308,0.75,0.72,0.0,0,18.1,100.0,2.2,43.1,109.5,29228.7,78.2,21694.8,17768.0,"{'timestamp': '2026-09-01T19:40:54.262796+00:00', 'model_version': 'gemma4:31b-mlx', 'prompt_hash': 'a6af280e'}",07_legacy_kbrag
2,real_mixed_7,gemma4:31b-mlx_baseline,966.7692799568176,24.39,0,direct_json,0.611111,0.785714,0.6875,0.0,0,10.6,100.0,0.7,46.2,109.5,30338.5,82.7,27082.8,17768.0,"{'timestamp': '2026-09-01T19:53:22.225262+00:00', 'model_version': 'gemma4:31b-mlx', 'prompt_hash': 'a6af280e'}",07_legacy_kbrag
2,real_mixed_8,gemma4:31b-mlx_baseline,82.94470071792603,23.13,0,direct_json,0.555556,0.555556,0.555556,0.0,0,25.2,84.9,5.3,44.7,109.5,27934.9,79.4,18610.0,17768.0,"{'timestamp': '2026-09-01T19:38:38.397343+00:00', 'model_version': 'gemma4:31b-mlx', 'prompt_hash': 'a6af280e'}",07_legacy_kbrag
2,real_mixed_9,gemma4:31b-mlx_baseline,400.948744058609,25.5,0,direct_json,0.428571,0.6,0.5,0.0,0,19.3,100.0,1.5,39.5,109.5,31100.2,82.0,26930.7,17768.0,"{'timestamp': '2026-09-01T19:43:56.400406+00:00', 'model_version': 'gemma4:31b-mlx', 'prompt_hash': 'a6af280e'}",07_legacy_kbrag
0,real_mixed_1,gemma4:31b-mlx_baseline,357.1727488040924,24.24,0,direct_json,0.555556,0.769231,0.645161,0.0,0,18.9,100.0,2.2,38.4,109.5,31014.6,81.9,26708.8,17768.0,"{'timestamp': '2026-09-01T19:43:12.611915+00:00', 'model_version': 'gemma4:31b-mlx', 'prompt_hash': 'a6af280e'}",07_legacy_kbrag
0,real_mixed_2,gemma4:31b-mlx_baseline,1010.3977048397064,25.56,0,direct_json,0.538462,0.583333,0.56,0.0,0,11.0,100.0,1.1,47.1,109.5,30277.9,82.6,27215.6,17768.0,"{'timestamp': '2026-09-01T19:54:05.838353+00:00', 'model_version': 'gemma4:31b-mlx', 'prompt_hash': 'a6af280e'}",07_legacy_kbrag
0,real_mixed_3,gemma4:31b-mlx_baseline,810.9710171222687,23.83,0,direct_json,0.461538,0.5,0.48,0.0,0,11.9,100.0,1.3,46.2,109.5,30083.7,82.0,27166.0,17768.0,"{'timestamp': '2026-09-01T19:50:46.409865+00:00', 'model_version': 'gemma4:31b-mlx', 'prompt_hash': 'a6af280e'}",07_legacy_kbrag
4,real_mixed_13,gemma4:31b-mlx_baseline,460.9178729057312,23.85,0,direct_json,0.5,0.823529,0.622222,0.0,0,13.3,100.0,1.7,41.4,109.5,30698.7,81.4,26871.9,17768.0,"{'timestamp': '2026-09-01T19:44:56.369667+00:00', 'model_version': 'gemma4:31b-mlx', 'prompt_hash': 'a6af280e'}",07_legacy_kbrag
4,real_mixed_14,gemma4:31b-mlx_baseline,1101.4073867797852,22.18,0,direct_json,0.846154,0.916667,0.88,0.0,0,14.4,100.0,1.0,48.7,109.5,30166.1,82.5,26351.3,17768.0,"{'timestamp': '2026-09-01T19:55:36.850222+00:00', 'model_version': 'gemma4:31b-mlx', 'prompt_hash': 'a6af280e'}",07_legacy_kbrag
4,real_mixed_15,gemma4:31b-mlx_baseline,1058.5015687942505,23.37,0,direct_json,0.291667,0.777778,0.424242,0.0,0,14.7,100.0,0.8,47.9,109.5,30218.6,82.8,27215.6,17768.0,"{'timestamp': '2026-09-01T19:54:53.939601+00:00', 'model_version': 'gemma4:31b-mlx', 'prompt_hash': 'a6af280e'}",07_legacy_kbrag
8,real_mixed_25,gemma4:31b-mlx_baseline,264.35422706604004,19.56,0,direct_json,0.666667,0.666667,0.666667,0.0,0,15.9,84.9,1.2,40.6,109.5,30247.9,80.4,25228.5,17768.0,"{'timestamp': '2026-09-01T19:41:39.808332+00:00', 'model_version': 'gemma4:31b-mlx', 'prompt_hash': 'a6af280e'}",07_legacy_kbrag
8,real_mixed_26,gemma4:31b-mlx_baseline,195.27801990509033,28.03,0,direct_json,0.525,0.583333,0.552632,0.0,0,18.0,100.0,1.2,42.6,109.5,29078.9,77.9,21694.8,17768.0,"{'timestamp': '2026-09-01T19:40:30.760805+00:00', 'model_version': 'gemma4:31b-mlx', 'prompt_hash': 'a6af280e'}",07_legacy_kbrag
8,real_mixed_27,gemma4:31b-mlx_baseline,1150.1979568004608,27.26,0,direct_json,0.71875,0.851852,0.779661,0.0,0,9.1,100.0,0.7,49.6,109.5,30179.2,82.2,26915.3,17768.0,"{'timestamp': '2026-09-01T19:56:25.664888+00:00', 'model_version': 'gemma4:31b-mlx', 'prompt_hash': 'a6af280e'}",07_legacy_kbrag
1,real_mixed_4,gemma4:31b-mlx_baseline,721.8362641334534,23.37,0,direct_json,0.785714,0.785714,0.785714,0.0,0,10.5,100.0,0.8,45.4,109.5,30174.9,82.2,27340.4,17768.0,"{'timestamp': '2026-09-01T19:49:17.283451+00:00', 'model_version': 'gemma4:31b-mlx', 'prompt_hash': 'a6af280e'}",07_legacy_kbrag
1,real_mixed_5,gemma4:31b-mlx_baseline,1194.5617451667786,24.82,0,direct_json,0.352941,0.6,0.444444,0.0588235294117647,1,10.0,100.0,0.9,50.0,109.5,30159.9,82.3,26915.3,17768.0,"{'timestamp': '2026-09-01T19:57:10.008084+00:00', 'model_version': 'gemma4:31b-mlx', 'prompt_hash': 'a6af280e'}",07_legacy_kbrag
1,real_mixed_6,gemma4:31b-mlx_baseline,899.4373300075531,21.5,0,direct_json,0.736842,0.777778,0.756757,0.0,0,14.1,100.0,0.7,45.2,109.5,30432.6,82.6,26741.6,17768.0,"{'timestamp': '2026-09-01T19:52:14.885549+00:00', 'model_version': 'gemma4:31b-mlx', 'prompt_hash': 'a6af280e'}",07_legacy_kbrag
9,real_mixed_28,gemma4:31b-mlx_baseline,732.3320457935333,23.52,0,direct_json,0.6875,0.733333,0.709677,0.0,0,10.6,69.1,0.8,55.6,74.8,29791.5,83.0,27142.0,17768.0,"{'timestamp': '2026-09-01T19:59:29.878893+00:00', 'model_version': 'gemma4:31b-mlx', 'prompt_hash': 'a6af280e'}",07_legacy_kbrag
9,real_mixed_29,gemma4:31b-mlx_baseline,682.8216667175293,25.31,0,direct_json,0.416667,0.833333,0.555556,0.0,0,9.3,64.7,0.8,56.9,74.8,29722.3,83.1,26720.0,17768.0,"{'timestamp': '2026-09-01T19:58:40.364454+00:00', 'model_version': 'gemma4:31b-mlx', 'prompt_hash': 'a6af280e'}",07_legacy_kbrag
9,real_mixed_30,gemma4:31b-mlx_baseline,625.2383890151978,25.4,0,direct_json,0.636364,0.875,0.736842,0.0,0,12.0,65.2,0.8,56.3,74.8,29816.7,83.6,26818.8,17768.0,"{'timestamp': '2026-09-01T19:57:42.765000+00:00', 'model_version': 'gemma4:31b-mlx', 'prompt_hash': 'a6af280e'}",07_legacy_kbrag
10,real_mixed_31,gemma4:31b-mlx_baseline,639.8678929805756,25.33,0,direct_json,0.285714,1.0,0.444444,0.0,0,6.9,69.1,0.9,55.7,74.8,30138.6,82.7,26834.2,17768.0,"{'timestamp': '2026-09-01T20:00:36.570117+00:00', 'model_version': 'gemma4:31b-mlx', 'prompt_hash': 'a6af280e'}",07_legacy_kbrag
10,real_mixed_32,gemma4:31b-mlx_baseline,612.8428161144257,26.85,0,direct_json,0.2,0.428571,0.272727,0.0,0,8.5,100.0,0.9,56.3,74.8,30043.5,82.6,27142.0,17768.0,"{'timestamp': '2026-09-01T20:00:09.550231+00:00', 'model_version': 'gemma4:31b-mlx', 'prompt_hash': 'a6af280e'}",07_legacy_kbrag
10,real_mixed_33,gemma4:31b-mlx_baseline,680.8695061206818,23.28,0,direct_json,0.714286,0.769231,0.740741,0.0,0,8.8,100.0,0.9,54.9,74.8,30211.8,83.0,27130.4,17768.0,"{'timestamp': '2026-09-01T20:01:17.586200+00:00', 'model_version': 'gemma4:31b-mlx', 'prompt_hash': 'a6af280e'}",07_legacy_kbrag
11,real_mixed_34,gemma4:31b-mlx_baseline,723.6884388923645,21.52,0,direct_json,0.454545,0.5,0.47619,0.0,0,11.6,100.0,0.9,51.2,74.8,30783.4,83.3,27246.5,17768.0,"{'timestamp': '2026-09-01T20:03:15.991463+00:00', 'model_version': 'gemma4:31b-mlx', 'prompt_hash': 'a6af280e'}",07_legacy_kbrag
11,real_mixed_35,gemma4:31b-mlx_baseline,792.1338469982147,21.57,0,direct_json,0.538462,1.0,0.7,0.0,0,10.9,100.0,0.8,49.5,74.8,30628.1,83.6,27246.5,17768.0,"{'timestamp': '2026-09-01T20:04:24.439401+00:00', 'model_version': 'gemma4:31b-mlx', 'prompt_hash': 'a6af280e'}",07_legacy_kbrag
11,real_mixed_36,gemma4:31b-mlx_baseline,660.2633788585663,19.28,0,direct_json,0.590909,0.590909,0.590909,0.0,0,9.3,100.0,0.9,53.2,74.8,30740.1,83.3,27068.7,17768.0,"{'timestamp': '2026-09-01T20:02:12.576792+00:00', 'model_version': 'gemma4:31b-mlx', 'prompt_hash': 'a6af280e'}",07_legacy_kbrag
12,real_mixed_37,gemma4:31b-mlx_baseline,816.3784182071686,19.43,0,direct_json,0.6875,0.916667,0.785714,0.0,0,14.2,100.0,0.8,51.9,174.2,30230.9,83.1,26683.6,17768.0,"{'timestamp': '2026-09-01T20:06:08.610487+00:00', 'model_version': 'gemma4:31b-mlx', 'prompt_hash': 'a6af280e'}",07_legacy_kbrag
12,real_mixed_38,gemma4:31b-mlx_baseline,886.852777004242,22.71,0,direct_json,0.6875,0.846154,0.758621,0.0,0,11.5,100.0,0.8,50.8,174.2,30101.4,82.9,27187.4,17768.0,"{'timestamp': '2026-09-01T20:07:19.090016+00:00', 'model_version': 'gemma4:31b-mlx', 'prompt_hash': 'a6af280e'}",07_legacy_kbrag
12,real_mixed_39,gemma4:31b-mlx_baseline,755.5077030658722,17.9,0,direct_json,0.777778,1.0,0.875,0.0,0,9.9,100.0,0.9,51.9,174.2,30284.9,83.4,26460.5,17768.0,"{'timestamp': '2026-09-01T20:05:07.733410+00:00', 'model_version': 'gemma4:31b-mlx', 'prompt_hash': 'a6af280e'}",07_legacy_kbrag
13,real_mixed_40,gemma4:31b-mlx_baseline,933.427225112915,21.61,0,direct_json,0.666667,0.666667,0.666667,0.0,0,12.7,100.0,0.9,50.4,174.2,30111.1,82.7,26869.7,17768.0,"{'timestamp': '2026-09-01T20:08:55.719382+00:00', 'model_version': 'gemma4:31b-mlx', 'prompt_hash': 'a6af280e'}",07_legacy_kbrag
13,real_mixed_41,gemma4:31b-mlx_baseline,972.6692142486572,25.28,0,direct_json,0.8125,0.722222,0.764706,0.0,0,16.9,100.0,0.8,50.7,174.2,30069.3,82.7,26719.4,17768.0,"{'timestamp': '2026-09-01T20:09:34.968702+00:00', 'model_version': 'gemma4:31b-mlx', 'prompt_hash': 'a6af280e'}",07_legacy_kbrag
13,real_mixed_42,gemma4:31b-mlx_baseline,893.2268421649933,23.67,0,direct_json,0.695652,0.666667,0.680851,0.0,0,10.8,100.0,0.8,50.9,174.2,30092.2,82.5,26869.7,17768.0,"{'timestamp': '2026-09-01T20:08:15.526842+00:00', 'model_version': 'gemma4:31b-mlx', 'prompt_hash': 'a6af280e'}",07_legacy_kbrag
14,real_mixed_43,gemma4:31b-mlx_baseline,1012.1323142051696,23.7,0,direct_json,0.793103,0.92,0.851852,0.0,0,12.3,100.0,0.8,51.4,174.2,30249.3,82.6,26894.1,17768.0,"{'timestamp': '2026-09-01T20:10:58.043595+00:00', 'model_version': 'gemma4:31b-mlx', 'prompt_hash': 'a6af280e'}",07_legacy_kbrag
14,real_mixed_44,gemma4:31b-mlx_baseline,1121.927155971527,22.81,0,direct_json,0.52,0.928571,0.666667,0.0,0,12.2,100.0,0.8,49.8,174.2,30548.2,83.2,26719.1,17768.0,"{'timestamp': '2026-09-01T20:12:47.836826+00:00', 'model_version': 'gemma4:31b-mlx', 'prompt_hash': 'a6af280e'}",07_legacy_kbrag
14,real_mixed_45,gemma4:31b-mlx_baseline,1061.1366379261017,20.16,0,direct_json,0.642857,0.75,0.692308,0.0,0,13.4,100.0,0.8,50.4,174.2,30437.0,82.9,26719.1,17768.0,"{'timestamp': '2026-09-01T20:11:47.044887+00:00', 'model_version': 'gemma4:31b-mlx', 'prompt_hash': 'a6af280e'}",07_legacy_kbrag
15,real_mixed_46,gemma4:31b-mlx_baseline,1077.8956937789917,27.01,0,direct_json,0.666667,0.571429,0.615385,0.0,0,18.2,100.0,0.8,48.8,174.2,30631.2,83.5,27092.6,17768.0,"{'timestamp': '2026-09-01T20:13:34.810776+00:00', 'model_version': 'gemma4:31b-mlx', 'prompt_hash': 'a6af280e'}",07_legacy_kbrag
15,real_mixed_47,gemma4:31b-mlx_baseline,1159.7965931892395,23.78,0,direct_json,0.666667,0.666667,0.666667,0.037037037037037,1,16.3,100.0,0.7,49.2,174.2,30565.1,83.3,26938.8,17768.0,"{'timestamp': '2026-09-01T20:14:56.725877+00:00', 'model_version': 'gemma4:31b-mlx', 'prompt_hash': 'a6af280e'}",07_legacy_kbrag
15,real_mixed_48,gemma4:31b-mlx_baseline,1106.3421640396118,25.09,0,direct_json,0.4,0.666667,0.5,0.0,0,15.0,100.0,0.7,48.9,174.2,30634.5,83.5,27103.3,17768.0,"{'timestamp': '2026-09-01T20:14:03.252254+00:00', 'model_version': 'gemma4:31b-mlx', 'prompt_hash': 'a6af280e'}",07_legacy_kbrag
16,real_mixed_49,gemma4:31b-mlx_baseline,1194.5906009674072,25.94,0,direct_json,0.5625,0.642857,0.6,0.0,0,13.6,100.0,0.7,48.4,174.2,30506.5,83.4,26674.8,17768.0,"{'timestamp': '2026-09-01T20:16:20.328533+00:00', 'model_version': 'gemma4:31b-mlx', 'prompt_hash': 'a6af280e'}",07_legacy_kbrag
16,real_mixed_50,gemma4:31b-mlx_baseline,1160.8237080574036,25.3,0,direct_json,0.538462,0.636364,0.583333,0.0,0,13.1,100.0,0.7,48.2,174.2,30533.9,83.7,26938.8,17768.0,"{'timestamp': '2026-09-01T20:15:46.560405+00:00', 'model_version': 'gemma4:31b-mlx', 'prompt_hash': 'a6af280e'}",07_legacy_kbrag
16,real_mixed_51,gemma4:31b-mlx_baseline,1222.031639099121,25.82,0,direct_json,0.416667,0.555556,0.47619,0.0833333333333333,1,14.0,100.0,0.8,48.2,174.2,30500.6,83.3,27042.3,17768.0,"{'timestamp': '2026-09-01T20:16:47.770643+00:00', 'model_version': 'gemma4:31b-mlx', 'prompt_hash': 'a6af280e'}",07_legacy_kbrag
17,real_mixed_52,gemma4:31b-mlx_baseline,1267.269014120102,26.63,0,direct_json,0.545455,0.857143,0.666667,0.0,0,14.7,100.0,0.7,48.1,174.2,30468.2,83.3,27018.8,17768.0,"{'timestamp': '2026-09-01T20:18:17.346576+00:00', 'model_version': 'gemma4:31b-mlx', 'prompt_hash': 'a6af280e'}",07_legacy_kbrag
17,real_mixed_53,gemma4:31b-mlx_baseline,1216.6410081386566,27.29,0,direct_json,0.294118,0.833333,0.434783,0.0,0,13.9,100.0,0.7,47.9,174.2,30521.9,83.4,27042.3,17768.0,"{'timestamp': '2026-09-01T20:17:26.710240+00:00', 'model_version': 'gemma4:31b-mlx', 'prompt_hash': 'a6af280e'}",07_legacy_kbrag
17,real_mixed_54,gemma4:31b-mlx_baseline,1291.411296129227,24.86,0,direct_json,0.5,1.0,0.666667,0.0,0,16.5,100.0,0.7,48.2,174.2,30497.3,83.3,26889.8,17768.0,"{'timestamp': '2026-09-01T20:18:41.481307+00:00', 'model_version': 'gemma4:31b-mlx', 'prompt_hash': 'a6af280e'}",07_legacy_kbrag
18,real_mixed_55,gemma4:31b-mlx_baseline,1301.916204214096,23.82,0,direct_json,0.35,0.777778,0.482759,0.0,0,15.1,100.0,0.7,47.3,174.2,30529.4,83.6,26517.8,17768.0,"{'timestamp': '2026-09-01T20:21:11.863354+00:00', 'model_version': 'gemma4:31b-mlx', 'prompt_hash': 'a6af280e'}",07_legacy_kbrag
18,real_mixed_56,gemma4:31b-mlx_baseline,1209.1777868270874,26.39,0,direct_json,0.291667,0.5,0.368421,0.0,0,12.7,100.0,0.7,48.9,174.2,30576.5,83.4,27040.1,17768.0,"{'timestamp': '2026-09-01T20:19:39.124781+00:00', 'model_version': 'gemma4:31b-mlx', 'prompt_hash': 'a6af280e'}",07_legacy_kbrag
18,real_mixed_57,gemma4:31b-mlx_baseline,1234.8028531074524,24.32,0,direct_json,0.7,0.777778,0.736842,0.05,1,13.9,100.0,0.7,48.5,174.2,30598.3,83.5,27040.1,17768.0,"{'timestamp': '2026-09-01T20:20:04.762787+00:00', 'model_version': 'gemma4:31b-mlx', 'prompt_hash': 'a6af280e'}",07_legacy_kbrag
19,real_mixed_58,gemma4:31b-mlx_baseline,1308.019189119339,20.62,0,direct_json,0.4375,0.636364,0.518519,0.0,0,24.0,100.0,0.8,45.4,174.2,30672.0,83.5,26560.0,17768.0,"{'timestamp': '2026-09-01T20:23:05.675505+00:00', 'model_version': 'gemma4:31b-mlx', 'prompt_hash': 'a6af280e'}",07_legacy_kbrag
19,real_mixed_59,gemma4:31b-mlx_baseline,1386.6339750289917,23.2,0,direct_json,0.5,0.809524,0.618182,0.0,0,19.1,100.0,0.8,44.4,174.2,30678.4,83.8,27133.1,17768.0,"{'timestamp': '2026-09-01T20:24:24.308406+00:00', 'model_version': 'gemma4:31b-mlx', 'prompt_hash': 'a6af280e'}",07_legacy_kbrag
19,real_mixed_60,gemma4:31b-mlx_baseline,1255.788421869278,13.77,0,direct_json,0.916667,0.846154,0.88,0.0,0,17.9,100.0,0.8,46.1,174.2,30676.3,83.6,26671.0,17768.0,"{'timestamp': '2026-09-01T20:22:13.455205+00:00', 'model_version': 'gemma4:31b-mlx', 'prompt_hash': 'a6af280e'}",07_legacy_kbrag
20,real_mixed_61,gemma4:31b-mlx_baseline,1426.2490582466123,21.35,0,direct_json,0.555556,0.714286,0.625,0.0,0,18.6,100.0,0.8,46.5,174.2,30535.4,83.0,27302.3,17768.0,"{'timestamp': '2026-09-01T20:28:11.184032+00:00', 'model_version': 'gemma4:31b-mlx', 'prompt_hash': 'a6af280e'}",07_legacy_kbrag
20,real_mixed_62,gemma4:31b-mlx_baseline,1287.229809999466,19.01,0,direct_json,0.375,0.545455,0.444444,0.0,0,19.5,100.0,0.8,45.2,174.2,30338.4,83.8,27133.1,17768.0,"{'timestamp': '2026-09-01T20:25:52.146511+00:00', 'model_version': 'gemma4:31b-mlx', 'prompt_hash': 'a6af280e'}",07_legacy_kbrag
20,real_mixed_63,gemma4:31b-mlx_baseline,1333.1255321502686,24.23,0,direct_json,0.142857,0.25,0.181818,0.0,0,24.5,100.0,0.8,45.5,174.2,30432.2,83.6,27117.6,17768.0,"{'timestamp': '2026-09-01T20:26:38.039277+00:00', 'model_version': 'gemma4:31b-mlx', 'prompt_hash': 'a6af280e'}",07_legacy_kbrag
21,real_mixed_64,gemma4:31b-mlx_baseline,1353.6923263072968,17.65,0,direct_json,0.25,1.0,0.4,0.0,0,18.3,100.0,0.8,46.4,71.7,30649.2,83.0,26585.8,17768.0,"{'timestamp': '2026-09-01T20:29:52.838109+00:00', 'model_version': 'gemma4:31b-mlx', 'prompt_hash': 'a6af280e'}",07_legacy_kbrag
21,real_mixed_65,gemma4:31b-mlx_baseline,1383.9851140975952,20.42,0,direct_json,0.444444,0.5,0.470588,0.0,0,16.4,100.0,0.8,46.5,71.7,30616.1,83.0,26585.8,17768.0,"{'timestamp': '2026-09-01T20:30:23.140551+00:00', 'model_version': 'gemma4:31b-mlx', 'prompt_hash': 'a6af280e'}",07_legacy_kbrag
21,real_mixed_66,gemma4:31b-mlx_baseline,1311.9294667243958,21.49,0,direct_json,0.48,0.6,0.533333,0.0,0,21.2,100.0,0.8,46.1,71.7,30654.2,83.0,26799.4,17768.0,"{'timestamp': '2026-09-01T20:29:11.098776+00:00', 'model_version': 'gemma4:31b-mlx', 'prompt_hash': 'a6af280e'}",07_legacy_kbrag
22,real_mixed_67,gemma4:31b-mlx_baseline,1349.7954909801483,17.85,0,direct_json,0.571429,0.705882,0.631579,0.1428571428571428,3,16.8,100.0,0.8,45.2,71.7,30810.4,83.5,27240.4,17768.0,"{'timestamp': '2026-09-01T20:32:04.864616+00:00', 'model_version': 'gemma4:31b-mlx', 'prompt_hash': 'a6af280e'}",07_legacy_kbrag
22,real_mixed_68,gemma4:31b-mlx_baseline,1492.550432920456,22.12,0,direct_json,0.625,0.769231,0.689655,0.0,0,22.1,100.0,0.8,46.0,71.7,30916.5,83.7,27240.4,17768.0,"{'timestamp': '2026-09-01T20:34:27.582184+00:00', 'model_version': 'gemma4:31b-mlx', 'prompt_hash': 'a6af280e'}",07_legacy_kbrag
22,real_mixed_69,gemma4:31b-mlx_baseline,1438.38241314888,19.36,0,direct_json,0.741935,0.958333,0.836364,0.0,0,17.6,100.0,0.8,45.6,71.7,30972.8,83.5,27240.4,17768.0,"{'timestamp': '2026-09-01T20:33:33.430694+00:00', 'model_version': 'gemma4:31b-mlx', 'prompt_hash': 'a6af280e'}",07_legacy_kbrag
23,real_mixed_70,gemma4:31b-mlx_baseline,1362.4945969581604,20.68,0,direct_json,0.65,0.619048,0.634146,0.0,0,16.0,100.0,0.8,45.7,72.2,30594.9,83.5,27157.9,17768.0,"{'timestamp': '2026-09-01T20:35:30.475235+00:00', 'model_version': 'gemma4:31b-mlx', 'prompt_hash': 'a6af280e'}",07_legacy_kbrag
23,real_mixed_71,gemma4:31b-mlx_baseline,1406.020840883255,17.91,0,direct_json,0.4,0.333333,0.363636,0.0,0,15.2,100.0,0.8,46.1,73.4,30558.7,83.5,27157.9,17768.0,"{'timestamp': '2026-09-01T20:36:13.952999+00:00', 'model_version': 'gemma4:31b-mlx', 'prompt_hash': 'a6af280e'}",07_legacy_kbrag
23,real_mixed_72,gemma4:31b-mlx_baseline,1449.5639381408691,18.03,0,direct_json,0.583333,0.5,0.538462,0.0,0,16.5,100.0,0.8,46.4,73.4,30522.9,83.6,27398.5,17768.0,"{'timestamp': '2026-09-01T20:36:57.505314+00:00', 'model_version': 'gemma4:31b-mlx', 'prompt_hash': 'a6af280e'}",07_legacy_kbrag
24,real_mixed_73,gemma4:31b-mlx_baseline,1410.2999069690704,21.67,0,direct_json,0.923077,0.8,0.857143,0.0,0,16.1,100.0,0.8,46.0,73.4,30545.6,83.7,27197.5,17768.0,"{'timestamp': '2026-09-01T20:38:27.088867+00:00', 'model_version': 'gemma4:31b-mlx', 'prompt_hash': 'a6af280e'}",07_legacy_kbrag
24,real_mixed_74,gemma4:31b-mlx_baseline,1370.7920320034027,19.4,0,direct_json,0.727273,0.8,0.761905,0.0,0,17.2,100.0,0.8,45.7,73.4,30594.2,83.7,27392.2,17768.0,"{'timestamp': '2026-09-01T20:37:47.578454+00:00', 'model_version': 'gemma4:31b-mlx', 'prompt_hash': 'a6af280e'}",07_legacy_kbrag
24,real_mixed_75,gemma4:31b-mlx_baseline,1495.8402471542358,15.97,0,direct_json,0.5,0.666667,0.571429,0.0,0,15.9,100.0,0.8,47.0,73.4,30456.2,83.5,27152.8,17768.0,"{'timestamp': '2026-09-01T20:39:52.622335+00:00', 'model_version': 'gemma4:31b-mlx', 'prompt_hash': 'a6af280e'}",07_legacy_kbrag
25,real_mixed_76,gemma4:31b-mlx_baseline,1534.1338002681732,15.61,0,direct_json,0.0,0.0,0.0,0.0,0,14.5,100.0,0.8,46.3,73.5,30657.1,83.9,27227.5,17768.0,"{'timestamp': '2026-09-01T20:42:22.000360+00:00', 'model_version': 'gemma4:31b-mlx', 'prompt_hash': 'a6af280e'}",07_legacy_kbrag
25,real_mixed_77,gemma4:31b-mlx_baseline,1455.8138160705566,22.87,0,direct_json,0.695652,0.8,0.744186,0.0,0,15.5,100.0,0.8,47.3,73.5,30443.6,83.5,27227.5,17768.0,"{'timestamp': '2026-09-01T20:41:03.702101+00:00', 'model_version': 'gemma4:31b-mlx', 'prompt_hash': 'a6af280e'}",07_legacy_kbrag
25,real_mixed_78,gemma4:31b-mlx_baseline,1594.3832619190216,19.35,0,direct_json,0.4,1.0,0.571429,0.0,0,16.8,100.0,0.8,46.0,73.5,30785.6,83.8,26840.3,17768.0,"{'timestamp': '2026-09-01T20:43:22.264492+00:00', 'model_version': 'gemma4:31b-mlx', 'prompt_hash': 'a6af280e'}",07_legacy_kbrag
26,real_mixed_79,gemma4:31b-mlx_baseline,1527.244349002838,25.11,0,direct_json,0.583333,0.7,0.636364,0.0,0,20.7,100.0,0.8,46.3,73.5,30808.9,83.8,27181.9,17768.0,"{'timestamp': '2026-09-01T20:44:08.806771+00:00', 'model_version': 'gemma4:31b-mlx', 'prompt_hash': 'a6af280e'}",07_legacy_kbrag
26,real_mixed_80,gemma4:31b-mlx_baseline,1640.618068933487,27.12,0,direct_json,0.578947,0.88,0.698413,0.0,0,15.6,100.0,0.8,46.4,73.5,30702.3,83.5,26992.8,17768.0,"{'timestamp': '2026-09-01T20:46:02.202372+00:00', 'model_version': 'gemma4:31b-mlx', 'prompt_hash': 'a6af280e'}",07_legacy_kbrag
26,real_mixed_81,gemma4:31b-mlx_baseline,1574.425500869751,27.46,0,direct_json,0.692308,0.818182,0.75,0.0,0,21.0,100.0,0.8,45.8,73.5,30776.1,83.9,27181.9,17768.0,"{'timestamp': '2026-09-01T20:44:55.990442+00:00', 'model_version': 'gemma4:31b-mlx', 'prompt_hash': 'a6af280e'}",07_legacy_kbrag
27,real_mixed_82,gemma4:31b-mlx_baseline,1554.476727724075,25.45,0,direct_json,0.375,0.666667,0.48,0.0,0,13.6,100.0,0.8,46.7,76.9,30739.9,83.5,26628.8,17768.0,"{'timestamp': '2026-09-01T20:47:06.634603+00:00', 'model_version': 'gemma4:31b-mlx', 'prompt_hash': 'a6af280e'}",07_legacy_kbrag
27,real_mixed_83,gemma4:31b-mlx_baseline,1527.1469032764437,24.25,0,direct_json,0.75,0.9,0.818182,0.0,0,15.2,100.0,0.8,46.6,76.9,30763.0,83.6,27135.0,17768.0,"{'timestamp': '2026-09-01T20:46:39.300522+00:00', 'model_version': 'gemma4:31b-mlx', 'prompt_hash': 'a6af280e'}",07_legacy_kbrag
27,real_mixed_84,gemma4:31b-mlx_baseline,1576.6727209091189,25.93,0,direct_json,0.8,0.888889,0.842105,0.0,0,15.6,100.0,0.9,46.8,76.9,30754.2,83.5,27092.5,17768.0,"{'timestamp': '2026-09-01T20:47:28.827227+00:00', 'model_version': 'gemma4:31b-mlx', 'prompt_hash': 'a6af280e'}",07_legacy_kbrag
28,real_mixed_85,gemma4:31b-mlx_baseline,1450.3193247318268,27.82,0,direct_json,0.666667,0.75,0.705882,0.0,0,9.3,99.9,0.8,50.0,76.9,30607.6,83.2,26746.6,17768.0,"{'timestamp': '2026-09-01T20:48:34.738474+00:00', 'model_version': 'gemma4:31b-mlx', 'prompt_hash': 'a6af280e'}",07_legacy_kbrag
28,real_mixed_86,gemma4:31b-mlx_baseline,1491.4457039833069,25.07,0,direct_json,0.909091,0.769231,0.833333,0.0,0,9.7,100.0,0.8,49.6,76.9,30570.0,83.0,26727.2,17768.0,"{'timestamp': '2026-09-01T20:49:15.868492+00:00', 'model_version': 'gemma4:31b-mlx', 'prompt_hash': 'a6af280e'}",07_legacy_kbrag
28,real_mixed_87,gemma4:31b-mlx_baseline,1414.2698049545288,27.15,0,direct_json,0.571429,0.571429,0.571429,0.0,0,10.7,100.0,0.8,49.9,76.9,30613.9,83.1,27092.5,17768.0,"{'timestamp': '2026-09-01T20:47:58.678618+00:00', 'model_version': 'gemma4:31b-mlx', 'prompt_hash': 'a6af280e'}",07_legacy_kbrag
29,real_mixed_88,gemma4:31b-mlx_baseline,1384.679664850235,24.52,0,direct_json,0.5,1.0,0.666667,0.0,0,9.2,100.0,0.8,51.0,76.9,30500.1,83.5,26566.3,17768.0,"{'timestamp': '2026-09-01T20:51:15.923017+00:00', 'model_version': 'gemma4:31b-mlx', 'prompt_hash': 'a6af280e'}",07_legacy_kbrag
29,real_mixed_89,gemma4:31b-mlx_baseline,1311.7125270366669,23.86,0,direct_json,0.636364,0.538462,0.583333,0.0,0,9.8,100.0,0.8,50.9,76.9,30520.5,83.6,26727.2,17768.0,"{'timestamp': '2026-09-01T20:50:02.963148+00:00', 'model_version': 'gemma4:31b-mlx', 'prompt_hash': 'a6af280e'}",07_legacy_kbrag
29,real_mixed_90,gemma4:31b-mlx_baseline,1361.340291261673,25.53,0,direct_json,0.333333,1.0,0.5,0.0,0,8.8,100.0,0.8,51.1,76.9,30462.3,83.4,26566.3,17768.0,"{'timestamp': '2026-09-01T20:50:52.594353+00:00', 'model_version': 'gemma4:31b-mlx', 'prompt_hash': 'a6af280e'}",07_legacy_kbrag
30,real_mixed_91,gemma4:31b-mlx_baseline,1354.8979499340055,19.2,0,direct_json,0.692308,0.75,0.72,0.0,0,9.3,100.0,0.8,49.4,76.9,30908.0,83.8,26582.8,17768.0,"{'timestamp': '2026-09-01T20:52:58.120501+00:00', 'model_version': 'gemma4:31b-mlx', 'prompt_hash': 'a6af280e'}",07_legacy_kbrag
30,real_mixed_92,gemma4:31b-mlx_baseline,1294.771411895752,21.44,0,direct_json,0.411765,0.466667,0.4375,0.0,0,9.3,100.0,0.9,50.4,76.9,30725.3,83.7,27352.2,17768.0,"{'timestamp': '2026-09-01T20:51:57.997757+00:00', 'model_version': 'gemma4:31b-mlx', 'prompt_hash': 'a6af280e'}",07_legacy_kbrag
30,real_mixed_93,gemma4:31b-mlx_baseline,1320.0025169849396,19.4,0,direct_json,0.538462,0.7,0.608696,0.0,0,8.9,64.5,0.9,50.0,76.9,30829.1,83.8,26571.9,17768.0,"{'timestamp': '2026-09-01T20:52:23.218961+00:00', 'model_version': 'gemma4:31b-mlx', 'prompt_hash': 'a6af280e'}",07_legacy_kbrag
31,real_mixed_94,gemma4:31b-mlx_baseline,1207.6483781337738,23.64,0,direct_json,0.857143,0.857143,0.857143,0.0,0,10.6,100.0,0.9,52.1,176.0,30660.1,83.2,26499.4,17768.0,"{'timestamp': '2026-09-01T20:54:35.340725+00:00', 'model_version': 'gemma4:31b-mlx', 'prompt_hash': 'a6af280e'}",07_legacy_kbrag
31,real_mixed_95,gemma4:31b-mlx_baseline,1137.444349050522,25.0,0,direct_json,0.166667,1.0,0.285714,0.0833333333333333,1,9.0,100.0,0.9,52.5,176.0,30751.5,83.2,26582.8,17768.0,"{'timestamp': '2026-09-01T20:53:25.120794+00:00', 'model_version': 'gemma4:31b-mlx', 'prompt_hash': 'a6af280e'}",07_legacy_kbrag
31,real_mixed_96,gemma4:31b-mlx_baseline,1264.9115211963654,22.11,0,direct_json,0.5625,0.75,0.642857,0.0,0,13.1,100.0,0.8,50.9,176.0,30658.4,83.4,26499.4,17768.0,"{'timestamp': '2026-09-01T20:55:32.603689+00:00', 'model_version': 'gemma4:31b-mlx', 'prompt_hash': 'a6af280e'}",07_legacy_kbrag
32,real_mixed_97,gemma4:31b-mlx_baseline,1154.7877960205078,21.43,0,direct_json,0.615385,0.888889,0.727273,0.0,0,12.4,100.0,0.8,49.7,176.0,30842.0,83.5,26965.0,17768.0,"{'timestamp': '2026-09-01T20:56:12.426905+00:00', 'model_version': 'gemma4:31b-mlx', 'prompt_hash': 'a6af280e'}",07_legacy_kbrag
32,real_mixed_98,gemma4:31b-mlx_baseline,1213.3003311157229,22.07,0,direct_json,0.56,0.5,0.528302,0.0,0,17.1,100.0,0.9,48.6,176.0,30810.0,83.3,26825.0,17768.0,"{'timestamp': '2026-09-01T20:57:10.897804+00:00', 'model_version': 'gemma4:31b-mlx', 'prompt_hash': 'a6af280e'}",07_legacy_kbrag
32,real_mixed_99,gemma4:31b-mlx_baseline,1262.254361152649,19.24,0,direct_json,0.222222,1.0,0.363636,0.0,0,14.6,100.0,0.8,47.5,176.0,30810.4,83.4,26693.3,17768.0,"{'timestamp': '2026-09-01T20:57:59.826969+00:00', 'model_version': 'gemma4:31b-mlx', 'prompt_hash': 'a6af280e'}",07_legacy_kbrag
33,real_mixed_100,gemma4:31b-mlx_baseline,1150.2838530540466,20.52,0,direct_json,0.238095,0.714286,0.357143,0.0,0,16.6,100.0,0.8,44.6,176.0,30977.7,83.7,26693.3,17768.0,"{'timestamp': '2026-09-01T20:59:02.967414+00:00', 'model_version': 'gemma4:31b-mlx', 'prompt_hash': 'a6af280e'}",07_legacy_kbrag
33,real_mixed_101,gemma4:31b-mlx_baseline,1213.766900062561,18.6,0,direct_json,0.363636,0.571429,0.444444,0.0,0,15.6,100.0,0.8,44.9,176.0,31058.3,83.4,26808.3,17768.0,"{'timestamp': '2026-09-01T21:00:06.451788+00:00', 'model_version': 'gemma4:31b-mlx', 'prompt_hash': 'a6af280e'}",07_legacy_kbrag
33,real_mixed_102,gemma4:31b-mlx_baseline,1164.378051996231,21.64,0,direct_json,0.0,0.0,0.0,0.0,0,16.3,100.0,0.8,44.6,176.0,30988.4,83.6,26808.3,17768.0,"{'timestamp': '2026-09-01T20:59:17.055483+00:00', 'model_version': 'gemma4:31b-mlx', 'prompt_hash': 'a6af280e'}",07_legacy_kbrag
34,real_mixed_103,gemma4:31b-mlx_baseline,1109.9913940429688,21.22,0,direct_json,0.0,0.0,0.0,0.0,0,22.3,100.0,0.8,44.3,176.0,31068.4,83.8,26717.6,17768.0,"{'timestamp': '2026-09-01T21:01:52.356749+00:00', 'model_version': 'gemma4:31b-mlx', 'prompt_hash': 'a6af280e'}",07_legacy_kbrag
34,real_mixed_104,gemma4:31b-mlx_baseline,1051.7072908878326,18.7,0,direct_json,0.315789,0.6,0.413793,0.0,0,17.5,100.0,0.9,45.2,176.0,30854.1,83.5,26834.2,17768.0,"{'timestamp': '2026-09-01T21:00:54.086443+00:00', 'model_version': 'gemma4:31b-mlx', 'prompt_hash': 'a6af280e'}",07_legacy_kbrag
34,real_mixed_105,gemma4:31b-mlx_baseline,1094.5664150714874,21.82,0,direct_json,0.533333,0.8,0.64,0.0,0,16.4,100.0,0.8,44.5,176.0,30992.2,83.7,26717.6,17768.0,"{'timestamp': '2026-09-01T21:01:36.947475+00:00', 'model_version': 'gemma4:31b-mlx', 'prompt_hash': 'a6af280e'}",07_legacy_kbrag
35,real_mixed_106,gemma4:31b-mlx_baseline,976.4063749313354,19.25,0,direct_json,0.666667,1.0,0.8,0.0,0,18.0,100.0,0.8,42.0,176.0,31417.1,84.3,26688.5,17768.0,"{'timestamp': '2026-09-01T21:02:18.678134+00:00', 'model_version': 'gemma4:31b-mlx', 'prompt_hash': 'a6af280e'}",07_legacy_kbrag
35,real_mixed_107,gemma4:31b-mlx_baseline,1042.3019089698792,25.33,0,direct_json,0.705882,0.923077,0.8,0.0,0,21.9,100.0,0.8,42.2,176.0,31347.7,84.1,26971.1,17768.0,"{'timestamp': '2026-09-01T21:03:24.583244+00:00', 'model_version': 'gemma4:31b-mlx', 'prompt_hash': 'a6af280e'}",07_legacy_kbrag
35,real_mixed_108,gemma4:31b-mlx_baseline,1099.340548992157,25.53,0,direct_json,0.266667,0.8,0.4,0.0,0,22.6,100.0,0.8,41.2,176.0,31201.5,83.9,27321.0,17768.0,"{'timestamp': '2026-09-01T21:04:21.612532+00:00', 'model_version': 'gemma4:31b-mlx', 'prompt_hash': 'a6af280e'}",07_legacy_kbrag
36,real_mixed_109,gemma4:31b-mlx_baseline,1140.343064069748,23.01,0,fallback,0.0,0.0,0.0,0.0,0,21.0,100.0,0.7,39.2,176.0,31080.0,83.6,26624.2,17768.0,"{'timestamp': '2026-09-01T21:06:29.287228+00:00', 'model_version': 'gemma4:31b-mlx', 'prompt_hash': 'a6af280e'}",07_legacy_kbrag
36,real_mixed_110,gemma4:31b-mlx_baseline,1044.5922689437866,26.08,0,direct_json,0.5,0.388889,0.4375,0.0,0,19.2,100.0,0.7,40.4,176.0,31246.4,84.1,27321.0,17768.0,"{'timestamp': '2026-09-01T21:04:53.526290+00:00', 'model_version': 'gemma4:31b-mlx', 'prompt_hash': 'a6af280e'}",07_legacy_kbrag
36,real_mixed_111,gemma4:31b-mlx_baseline,1190.9776182174685,26.7,0,direct_json,0.742857,0.866667,0.8,0.0,0,21.8,100.0,0.7,38.6,176.0,31059.4,83.8,27223.8,17768.0,"{'timestamp': '2026-09-01T21:07:19.917619+00:00', 'model_version': 'gemma4:31b-mlx', 'prompt_hash': 'a6af280e'}",07_legacy_kbrag
37,real_mixed_112,gemma4:31b-mlx_baseline,1153.8383820056915,22.22,0,direct_json,0.428571,0.6,0.5,0.0,0,23.2,100.0,0.7,36.7,176.0,31193.4,83.9,27223.8,17768.0,"{'timestamp': '2026-09-01T21:08:29.773042+00:00', 'model_version': 'gemma4:31b-mlx', 'prompt_hash': 'a6af280e'}",07_legacy_kbrag
37,real_mixed_113,gemma4:31b-mlx_baseline,1198.865025997162,23.53,0,direct_json,0.7,0.777778,0.736842,0.0,0,23.3,100.0,0.7,36.4,176.0,31175.2,83.7,26895.3,17768.0,"{'timestamp': '2026-09-01T21:09:14.804704+00:00', 'model_version': 'gemma4:31b-mlx', 'prompt_hash': 'a6af280e'}",07_legacy_kbrag
37,real_mixed_114,gemma4:31b-mlx_baseline,1120.097337961197,26.71,0,direct_json,0.375,0.857143,0.521739,0.0,0,18.1,100.0,0.7,37.1,176.0,31144.2,83.9,27223.8,17768.0,"{'timestamp': '2026-09-01T21:07:56.034358+00:00', 'model_version': 'gemma4:31b-mlx', 'prompt_hash': 'a6af280e'}",07_legacy_kbrag
38,real_mixed_115,gemma4:31b-mlx_baseline,1199.2915930747986,16.91,0,direct_json,0.5,1.0,0.666667,0.0,0,26.3,100.0,0.6,33.2,176.0,31512.0,84.1,26286.3,17768.0,"{'timestamp': '2026-09-01T21:11:15.295345+00:00', 'model_version': 'gemma4:31b-mlx', 'prompt_hash': 'a6af280e'}",07_legacy_kbrag
38,real_mixed_116,gemma4:31b-mlx_baseline,1105.0055327415466,23.72,0,direct_json,0.4,1.0,0.571429,0.0,0,25.0,100.0,0.7,33.8,176.0,31289.8,83.8,26665.3,17768.0,"{'timestamp': '2026-09-01T21:09:41.003028+00:00', 'model_version': 'gemma4:31b-mlx', 'prompt_hash': 'a6af280e'}",07_legacy_kbrag
38,real_mixed_117,gemma4:31b-mlx_baseline,1175.4723398685455,22.06,0,direct_json,0.263158,0.625,0.37037,0.0526315789473684,1,20.3,100.0,0.6,33.4,176.0,31403.0,83.9,26529.2,17768.0,"{'timestamp': '2026-09-01T21:10:51.478886+00:00', 'model_version': 'gemma4:31b-mlx', 'prompt_hash': 'a6af280e'}",07_legacy_kbrag
39,real_mixed_118,gemma4:31b-mlx_baseline,1208.6961538791656,22.08,0,direct_json,0.625,1.0,0.769231,0.0,0,22.4,100.0,0.5,32.4,176.0,31355.2,84.4,26458.5,17768.0,"{'timestamp': '2026-09-01T21:13:07.390101+00:00', 'model_version': 'gemma4:31b-mlx', 'prompt_hash': 'a6af280e'}",07_legacy_kbrag
39,real_mixed_119,gemma4:31b-mlx_baseline,1147.0738098621368,19.37,0,direct_json,0.5,0.714286,0.588235,0.0,0,23.9,100.0,0.6,33.1,176.0,31316.5,84.2,27213.2,17768.0,"{'timestamp': '2026-09-01T21:12:05.775717+00:00', 'model_version': 'gemma4:31b-mlx', 'prompt_hash': 'a6af280e'}",07_legacy_kbrag
39,real_mixed_120,gemma4:31b-mlx_baseline,1181.730209827423,24.49,0,direct_json,0.384615,1.0,0.555556,0.0,0,28.2,100.0,0.6,32.7,176.0,31308.3,84.3,27213.2,17768.0,"{'timestamp': '2026-09-01T21:12:40.426187+00:00', 'model_version': 'gemma4:31b-mlx', 'prompt_hash': 'a6af280e'}",07_legacy_kbrag
0,real_mixed_1,gemma4:31b-mlx_kb_rag,221.62925004959104,17.49,0,direct_json,0.666667,0.923077,0.774194,0.0,0,27.9,64.3,1.7,80.9,972.8,35310.8,89.0,27322.0,17768.0,"{'timestamp': '2026-09-01T21:16:51.614897+00:00', 'model_version': 'gemma4:31b-mlx', 'prompt_hash': 'a6af280e'}",07_legacy_kbrag
0,real_mixed_2,gemma4:31b-mlx_kb_rag,523.8705589771271,18.65,0,direct_json,0.538462,0.583333,0.56,0.0,0,25.8,100.0,1.8,49.7,972.9,32765.7,89.5,27388.8,17768.0,"{'timestamp': '2026-09-01T21:21:53.855464+00:00', 'model_version': 'gemma4:31b-mlx', 'prompt_hash': 'a6af280e'}",07_legacy_kbrag
0,real_mixed_3,gemma4:31b-mlx_kb_rag,145.69040369987488,14.95,0,direct_json,0.428571,0.5,0.461538,0.0,0,24.2,65.1,1.9,103.4,973.5,35122.1,89.2,27174.5,17768.0,"{'timestamp': '2026-09-01T21:15:35.692544+00:00', 'model_version': 'gemma4:31b-mlx', 'prompt_hash': 'a6af280e'}",07_legacy_kbrag
7,real_mixed_22,gemma4:31b-mlx_kb_rag,810.8110330104828,24.51,0,direct_json,0.0,0.0,0.0,0.0,0,13.3,100.0,1.3,48.2,1016.2,31754.2,89.1,27804.6,17768.0,"{'timestamp': '2026-09-01T21:26:41.036749+00:00', 'model_version': 'gemma4:31b-mlx', 'prompt_hash': 'a6af280e'}",07_legacy_kbrag
7,real_mixed_23,gemma4:31b-mlx_kb_rag,46.43164896965027,21.68,0,direct_json,0.578947,0.733333,0.647059,0.0,0,17.6,63.7,7.2,254.9,1070.7,34958.7,86.1,27439.8,17768.0,"{'timestamp': '2026-09-01T21:13:56.639156+00:00', 'model_version': 'gemma4:31b-mlx', 'prompt_hash': 'a6af280e'}",07_legacy_kbrag
7,real_mixed_24,gemma4:31b-mlx_kb_rag,450.217875957489,24.87,0,direct_json,0.555556,0.714286,0.625,0.0,0,23.4,100.0,1.1,54.0,975.7,32520.6,89.2,27388.8,17768.0,"{'timestamp': '2026-09-01T21:20:40.294520+00:00', 'model_version': 'gemma4:31b-mlx', 'prompt_hash': 'a6af280e'}",07_legacy_kbrag
8,real_mixed_25,gemma4:31b-mlx_kb_rag,600.1851449012756,24.29,0,direct_json,0.538462,0.583333,0.56,0.0,0,15.0,100.0,1.2,49.1,813.1,32592.3,89.4,27202.8,17768.0,"{'timestamp': '2026-09-01T21:23:10.465742+00:00', 'model_version': 'gemma4:31b-mlx', 'prompt_hash': 'a6af280e'}",07_legacy_kbrag
8,real_mixed_26,gemma4:31b-mlx_kb_rag,1036.4653310775757,27.37,0,direct_json,0.525,0.583333,0.552632,0.0,0,12.5,66.7,1.0,81.4,813.1,31557.4,87.9,27336.2,17768.0,"{'timestamp': '2026-09-01T21:30:26.748721+00:00', 'model_version': 'gemma4:31b-mlx', 'prompt_hash': 'a6af280e'}",07_legacy_kbrag
8,real_mixed_27,gemma4:31b-mlx_kb_rag,669.3599171638489,25.33,0,direct_json,0.705882,0.888889,0.786885,0.0,0,12.8,63.7,1.1,48.9,813.1,32218.8,89.2,27564.0,17768.0,"{'timestamp': '2026-09-01T21:24:19.638641+00:00', 'model_version': 'gemma4:31b-mlx', 'prompt_hash': 'a6af280e'}",07_legacy_kbrag
1,real_mixed_4,gemma4:31b-mlx_kb_rag,1105.102962255478,17.9,0,direct_json,0.6875,0.785714,0.733333,0.0,0,19.0,100.0,1.2,79.7,975.3,31733.8,88.2,27241.5,17768.0,"{'timestamp': '2026-09-01T21:31:35.199456+00:00', 'model_version': 'gemma4:31b-mlx', 'prompt_hash': 'a6af280e'}",07_legacy_kbrag
1,real_mixed_5,gemma4:31b-mlx_kb_rag,365.58781003952026,25.52,0,direct_json,0.428571,0.9,0.580645,0.0,0,22.4,65.2,1.0,60.0,975.7,33183.6,89.0,27456.9,17768.0,"{'timestamp': '2026-09-01T21:19:15.682440+00:00', 'model_version': 'gemma4:31b-mlx', 'prompt_hash': 'a6af280e'}",07_legacy_kbrag
1,real_mixed_6,gemma4:31b-mlx_kb_rag,307.82637786865234,22.84,0,direct_json,0.736842,0.777778,0.756757,0.0,0,15.9,100.0,0.8,65.1,931.2,34060.1,88.9,27346.7,17768.0,"{'timestamp': '2026-09-01T21:18:18.099436+00:00', 'model_version': 'gemma4:31b-mlx', 'prompt_hash': 'a6af280e'}",07_legacy_kbrag
2,real_mixed_7,gemma4:31b-mlx_kb_rag,1164.8963360786438,21.51,0,direct_json,0.631579,0.857143,0.727273,0.0,0,15.7,100.0,1.3,78.4,813.1,31784.5,88.3,27271.2,17768.0,"{'timestamp': '2026-09-01T21:32:35.155074+00:00', 'model_version': 'gemma4:31b-mlx', 'prompt_hash': 'a6af280e'}",07_legacy_kbrag
2,real_mixed_8,gemma4:31b-mlx_kb_rag,916.4758801460266,24.43,0,direct_json,0.5,0.555556,0.526316,0.0,0,16.1,100.0,1.1,85.0,813.1,31715.4,88.2,27449.9,17768.0,"{'timestamp': '2026-09-01T21:28:26.741140+00:00', 'model_version': 'gemma4:31b-mlx', 'prompt_hash': 'a6af280e'}",07_legacy_kbrag
2,real_mixed_9,gemma4:31b-mlx_kb_rag,1283.7562029361725,18.66,0,fallback,0.0,0.0,0.0,0.0,0,13.2,100.0,1.1,74.1,813.1,31780.5,88.4,27262.4,17768.0,"{'timestamp': '2026-09-01T21:34:34.019959+00:00', 'model_version': 'gemma4:31b-mlx', 'prompt_hash': 'a6af280e'}",07_legacy_kbrag
3,real_mixed_10,gemma4:31b-mlx_kb_rag,967.3940210342408,24.7,0,direct_json,0.4,1.0,0.571429,0.0,0,17.3,100.0,1.1,84.2,813.1,31662.1,88.0,27489.0,17768.0,"{'timestamp': '2026-09-01T21:29:17.644075+00:00', 'model_version': 'gemma4:31b-mlx', 'prompt_hash': 'a6af280e'}",07_legacy_kbrag
3,real_mixed_11,gemma4:31b-mlx_kb_rag,1377.8213949203491,23.23,0,direct_json,0.642857,1.0,0.782609,0.0,0,12.7,84.0,1.3,73.9,813.1,31680.3,88.0,27098.4,17768.0,"{'timestamp': '2026-09-01T21:36:08.082829+00:00', 'model_version': 'gemma4:31b-mlx', 'prompt_hash': 'a6af280e'}",07_legacy_kbrag
3,real_mixed_12,gemma4:31b-mlx_kb_rag,714.6180610656738,22.13,0,direct_json,0.538462,1.0,0.7,0.0,0,12.6,85.7,1.5,49.4,931.2,32019.9,89.2,26728.1,17768.0,"{'timestamp': '2026-09-01T21:25:04.860867+00:00', 'model_version': 'gemma4:31b-mlx', 'prompt_hash': 'a6af280e'}",07_legacy_kbrag
6,real_mixed_19,gemma4:31b-mlx_kb_rag,1436.2822980880735,23.14,0,direct_json,0.909091,1.0,0.952381,0.0,0,12.8,100.0,1.4,80.2,813.1,31602.8,87.9,26681.8,17768.0,"{'timestamp': '2026-09-01T21:37:06.554324+00:00', 'model_version': 'gemma4:31b-mlx', 'prompt_hash': 'a6af280e'}",07_legacy_kbrag
6,real_mixed_20,gemma4:31b-mlx_kb_rag,1482.6247742176056,23.41,0,direct_json,0.666667,0.5,0.571429,0.0,0,15.4,100.0,1.2,79.9,813.1,31516.2,87.9,26634.0,17768.0,"{'timestamp': '2026-09-01T21:37:52.911801+00:00', 'model_version': 'gemma4:31b-mlx', 'prompt_hash': 'a6af280e'}",07_legacy_kbrag
6,real_mixed_21,gemma4:31b-mlx_kb_rag,778.4963901042938,23.17,0,direct_json,0.733333,0.785714,0.758621,0.0,0,12.8,100.0,1.1,49.0,813.1,31791.0,89.1,27804.6,17768.0,"{'timestamp': '2026-09-01T21:26:08.775582+00:00', 'model_version': 'gemma4:31b-mlx', 'prompt_hash': 'a6af280e'}",07_legacy_kbrag
5,real_mixed_16,gemma4:31b-mlx_kb_rag,1516.0725622177124,23.08,0,direct_json,0.692308,1.0,0.818182,0.0769230769230769,1,13.1,100.0,1.4,82.8,813.1,31451.8,87.9,26569.0,17768.0,"{'timestamp': '2026-09-01T21:38:26.348188+00:00', 'model_version': 'gemma4:31b-mlx', 'prompt_hash': 'a6af280e'}",07_legacy_kbrag
5,real_mixed_17,gemma4:31b-mlx_kb_rag,1314.696002960205,20.97,0,direct_json,0.4,1.0,0.571429,0.0,0,18.7,100.0,1.4,74.6,813.1,31722.1,88.3,27200.3,17768.0,"{'timestamp': '2026-09-01T21:35:04.955962+00:00', 'model_version': 'gemma4:31b-mlx', 'prompt_hash': 'a6af280e'}",07_legacy_kbrag
5,real_mixed_18,gemma4:31b-mlx_kb_rag,860.3185760974884,23.42,0,direct_json,0.692308,0.75,0.72,0.0,0,12.3,63.7,1.1,74.4,813.1,31737.3,88.5,26735.9,17768.0,"{'timestamp': '2026-09-01T21:27:30.602661+00:00', 'model_version': 'gemma4:31b-mlx', 'prompt_hash': 'a6af280e'}",07_legacy_kbrag
4,real_mixed_13,gemma4:31b-mlx_kb_rag,1637.542060136795,23.69,0,direct_json,0.555556,0.882353,0.681818,0.0,0,13.9,100.0,1.5,85.3,813.1,31284.7,87.9,27459.3,17768.0,"{'timestamp': '2026-09-01T21:40:27.826792+00:00', 'model_version': 'gemma4:31b-mlx', 'prompt_hash': 'a6af280e'}",07_legacy_kbrag
4,real_mixed_14,gemma4:31b-mlx_kb_rag,423.5748858451843,25.43,0,direct_json,0.846154,0.916667,0.88,0.0,0,13.5,63.7,0.8,55.4,813.1,32584.0,89.1,27204.0,17768.0,"{'timestamp': '2026-09-01T21:20:13.858407+00:00', 'model_version': 'gemma4:31b-mlx', 'prompt_hash': 'a6af280e'}",07_legacy_kbrag
4,real_mixed_15,gemma4:31b-mlx_kb_rag,1563.8015830516815,23.54,0,direct_json,0.304348,0.777778,0.4375,0.0,0,12.7,100.0,1.5,86.3,813.1,31373.2,87.9,27100.3,17768.0,"{'timestamp': '2026-09-01T21:39:14.079900+00:00', 'model_version': 'gemma4:31b-mlx', 'prompt_hash': 'a6af280e'}",07_legacy_kbrag
9,real_mixed_28,gemma4:31b-mlx_kb_rag,1237.761766910553,15.36,0,direct_json,0.625,0.666667,0.645161,0.0,0,16.4,100.0,1.6,97.9,544.8,30990.3,87.7,27304.0,17768.0,"{'timestamp': '2026-09-01T21:42:32.595811+00:00', 'model_version': 'gemma4:31b-mlx', 'prompt_hash': 'a6af280e'}",07_legacy_kbrag
9,real_mixed_29,gemma4:31b-mlx_kb_rag,1311.5043017864227,20.79,0,direct_json,0.4,0.833333,0.540541,0.0,0,14.7,100.0,1.6,95.2,544.8,30905.5,87.7,27366.5,17768.0,"{'timestamp': '2026-09-01T21:43:46.336398+00:00', 'model_version': 'gemma4:31b-mlx', 'prompt_hash': 'a6af280e'}",07_legacy_kbrag
9,real_mixed_30,gemma4:31b-mlx_kb_rag,1155.4816799163818,16.8,0,direct_json,0.636364,0.875,0.736842,0.0,0,15.4,100.0,1.7,102.3,544.8,30710.8,87.3,27542.4,17768.0,"{'timestamp': '2026-09-01T21:41:10.311099+00:00', 'model_version': 'gemma4:31b-mlx', 'prompt_hash': 'a6af280e'}",07_legacy_kbrag
10,real_mixed_31,gemma4:31b-mlx_kb_rag,1189.488776922226,16.78,0,direct_json,0.285714,1.0,0.444444,0.0,0,13.1,100.0,1.7,105.0,621.1,30885.4,87.5,26742.8,17768.0,"{'timestamp': '2026-09-01T21:46:31.151251+00:00', 'model_version': 'gemma4:31b-mlx', 'prompt_hash': 'a6af280e'}",07_legacy_kbrag
10,real_mixed_32,gemma4:31b-mlx_kb_rag,1139.1478731632233,22.06,0,direct_json,0.2,0.428571,0.272727,0.0,0,12.9,84.0,1.7,107.5,621.1,30940.1,87.7,27017.8,17768.0,"{'timestamp': '2026-09-01T21:45:40.813626+00:00', 'model_version': 'gemma4:31b-mlx', 'prompt_hash': 'a6af280e'}",07_legacy_kbrag
10,real_mixed_33,gemma4:31b-mlx_kb_rag,1089.2997961044312,21.35,0,direct_json,0.75,0.923077,0.827586,0.0,0,12.5,100.0,1.8,110.3,621.1,31043.6,87.6,27941.8,17768.0,"{'timestamp': '2026-09-01T21:44:50.973907+00:00', 'model_version': 'gemma4:31b-mlx', 'prompt_hash': 'a6af280e'}",07_legacy_kbrag
11,real_mixed_34,gemma4:31b-mlx_kb_rag,1106.112613916397,16.65,0,direct_json,0.538462,0.7,0.608696,0.0,0,12.9,100.0,1.8,125.5,621.1,30974.8,87.3,28043.4,17768.0,"{'timestamp': '2026-09-01T21:48:53.309851+00:00', 'model_version': 'gemma4:31b-mlx', 'prompt_hash': 'a6af280e'}",07_legacy_kbrag
11,real_mixed_35,gemma4:31b-mlx_kb_rag,1048.0728583335876,17.43,0,direct_json,0.538462,1.0,0.7,0.0,0,12.2,100.0,2.0,117.0,621.1,31000.2,87.5,27480.3,17768.0,"{'timestamp': '2026-09-01T21:47:55.258747+00:00', 'model_version': 'gemma4:31b-mlx', 'prompt_hash': 'a6af280e'}",07_legacy_kbrag
11,real_mixed_36,gemma4:31b-mlx_kb_rag,1157.3663177490234,19.48,0,direct_json,0.590909,0.590909,0.590909,0.0,0,14.7,84.0,1.7,123.2,621.1,30901.8,87.2,27033.1,17768.0,"{'timestamp': '2026-09-01T21:49:44.565827+00:00', 'model_version': 'gemma4:31b-mlx', 'prompt_hash': 'a6af280e'}",07_legacy_kbrag
12,real_mixed_37,gemma4:31b-mlx_kb_rag,1301.703059911728,18.41,0,direct_json,0.647059,0.916667,0.758621,0.0,0,13.3,100.0,1.6,117.6,621.1,30912.9,87.5,27296.2,17768.0,"{'timestamp': '2026-09-01T21:53:17.555467+00:00', 'model_version': 'gemma4:31b-mlx', 'prompt_hash': 'a6af280e'}",07_legacy_kbrag
12,real_mixed_38,gemma4:31b-mlx_kb_rag,1241.8575699329376,14.26,0,direct_json,0.722222,1.0,0.83871,0.0,0,13.9,100.0,1.6,120.4,621.1,30934.7,87.5,27268.4,17768.0,"{'timestamp': '2026-09-01T21:52:17.714538+00:00', 'model_version': 'gemma4:31b-mlx', 'prompt_hash': 'a6af280e'}",07_legacy_kbrag
12,real_mixed_39,gemma4:31b-mlx_kb_rag,1136.066261053085,16.65,0,direct_json,0.7,1.0,0.823529,0.0,0,15.0,100.0,1.8,128.1,621.1,30630.5,87.0,27044.6,17768.0,"{'timestamp': '2026-09-01T21:50:31.910633+00:00', 'model_version': 'gemma4:31b-mlx', 'prompt_hash': 'a6af280e'}",07_legacy_kbrag
13,real_mixed_40,gemma4:31b-mlx_kb_rag,1189.4160132408142,18.17,0,direct_json,0.615385,0.666667,0.64,0.0,0,13.3,100.0,1.7,128.2,621.1,30618.7,87.2,27296.2,17768.0,"{'timestamp': '2026-09-01T21:54:25.010377+00:00', 'model_version': 'gemma4:31b-mlx', 'prompt_hash': 'a6af280e'}",07_legacy_kbrag
13,real_mixed_41,gemma4:31b-mlx_kb_rag,1341.4614160060885,21.66,0,direct_json,0.736842,0.777778,0.756757,0.0,0,14.2,88.9,1.6,120.0,621.1,30420.2,87.4,27417.1,17768.0,"{'timestamp': '2026-09-01T21:56:57.062709+00:00', 'model_version': 'gemma4:31b-mlx', 'prompt_hash': 'a6af280e'}",07_legacy_kbrag
13,real_mixed_42,gemma4:31b-mlx_kb_rag,1293.1777367591858,21.37,0,direct_json,0.68,0.708333,0.693878,0.0,0,13.6,100.0,1.6,122.7,621.1,30484.4,87.3,27761.5,17768.0,"{'timestamp': '2026-09-01T21:56:08.783667+00:00', 'model_version': 'gemma4:31b-mlx', 'prompt_hash': 'a6af280e'}",07_legacy_kbrag
14,real_mixed_43,gemma4:31b-mlx_kb_rag,1477.1604640483856,17.0,0,fallback,0.0,0.0,0.0,0.0,0,13.1,100.0,1.5,115.2,621.1,30289.7,87.8,27496.5,17768.0,"{'timestamp': '2026-09-01T22:00:45.786997+00:00', 'model_version': 'gemma4:31b-mlx', 'prompt_hash': 'a6af280e'}",07_legacy_kbrag
14,real_mixed_44,gemma4:31b-mlx_kb_rag,1332.211107969284,20.36,0,direct_json,0.541667,0.928571,0.684211,0.0,0,10.6,100.0,1.6,121.6,621.1,30337.6,87.8,27368.7,17768.0,"{'timestamp': '2026-09-01T21:58:20.838754+00:00', 'model_version': 'gemma4:31b-mlx', 'prompt_hash': 'a6af280e'}",07_legacy_kbrag
14,real_mixed_45,gemma4:31b-mlx_kb_rag,1564.239032745361,14.03,0,direct_json,0.666667,0.833333,0.740741,0.0,0,11.6,100.0,1.5,109.8,621.1,30457.3,88.0,27496.5,17768.0,"{'timestamp': '2026-09-01T22:02:12.870348+00:00', 'model_version': 'gemma4:31b-mlx', 'prompt_hash': 'a6af280e'}",07_legacy_kbrag
15,real_mixed_46,gemma4:31b-mlx_kb_rag,1661.8005759716034,20.07,0,direct_json,0.666667,0.571429,0.615385,0.0,0,12.4,100.0,1.4,101.8,621.1,30353.2,88.1,27428.7,17768.0,"{'timestamp': '2026-09-01T22:05:35.314540+00:00', 'model_version': 'gemma4:31b-mlx', 'prompt_hash': 'a6af280e'}",07_legacy_kbrag
15,real_mixed_47,gemma4:31b-mlx_kb_rag,1606.9831659793854,16.75,0,direct_json,0.703704,0.703704,0.703704,0.037037037037037,1,10.6,64.5,1.5,103.5,621.1,30402.8,88.0,27428.7,17768.0,"{'timestamp': '2026-09-01T22:04:40.516348+00:00', 'model_version': 'gemma4:31b-mlx', 'prompt_hash': 'a6af280e'}",07_legacy_kbrag
15,real_mixed_48,gemma4:31b-mlx_kb_rag,1512.1643781661987,15.38,0,direct_json,0.454545,0.833333,0.588235,0.0,0,13.2,100.0,1.5,107.0,621.1,30490.7,88.0,27302.1,17768.0,"{'timestamp': '2026-09-01T22:03:05.662202+00:00', 'model_version': 'gemma4:31b-mlx', 'prompt_hash': 'a6af280e'}",07_legacy_kbrag
16,real_mixed_49,gemma4:31b-mlx_kb_rag,1807.3737931251528,20.43,0,direct_json,0.647059,0.785714,0.709677,0.0,0,10.4,64.5,1.4,96.3,621.1,30257.9,88.0,28073.7,17768.0,"{'timestamp': '2026-09-01T22:08:34.202972+00:00', 'model_version': 'gemma4:31b-mlx', 'prompt_hash': 'a6af280e'}",07_legacy_kbrag
16,real_mixed_50,gemma4:31b-mlx_kb_rag,1762.9899830818176,16.52,0,fallback,0.0,0.0,0.0,0.0,0,11.7,100.0,1.4,97.0,621.1,30295.3,88.0,27798.7,17768.0,"{'timestamp': '2026-09-01T22:07:49.817671+00:00', 'model_version': 'gemma4:31b-mlx', 'prompt_hash': 'a6af280e'}",07_legacy_kbrag
16,real_mixed_51,gemma4:31b-mlx_kb_rag,1860.6567378044128,17.76,0,direct_json,0.461538,0.666667,0.545455,0.0769230769230769,1,14.0,100.0,1.4,95.8,621.1,30245.4,88.0,28073.7,17768.0,"{'timestamp': '2026-09-01T22:09:27.493302+00:00', 'model_version': 'gemma4:31b-mlx', 'prompt_hash': 'a6af280e'}",07_legacy_kbrag
17,real_mixed_52,gemma4:31b-mlx_kb_rag,1900.7559030056,16.45,0,direct_json,0.521739,0.857143,0.648649,0.0,0,17.2,100.0,1.4,94.1,621.1,30502.3,88.2,27257.2,17768.0,"{'timestamp': '2026-09-01T22:12:09.060440+00:00', 'model_version': 'gemma4:31b-mlx', 'prompt_hash': 'a6af280e'}",07_legacy_kbrag
17,real_mixed_53,gemma4:31b-mlx_kb_rag,1790.550440311432,23.33,0,direct_json,0.294118,0.833333,0.434783,0.0,0,13.3,100.0,1.4,97.5,621.1,30287.2,88.0,27273.5,17768.0,"{'timestamp': '2026-09-01T22:10:18.846929+00:00', 'model_version': 'gemma4:31b-mlx', 'prompt_hash': 'a6af280e'}",07_legacy_kbrag
17,real_mixed_54,gemma4:31b-mlx_kb_rag,1934.371428012848,22.76,0,direct_json,0.5,1.0,0.666667,0.0,0,11.5,100.0,1.3,93.0,621.1,30500.4,88.2,27348.7,17768.0,"{'timestamp': '2026-09-01T22:12:42.675343+00:00', 'model_version': 'gemma4:31b-mlx', 'prompt_hash': 'a6af280e'}",07_legacy_kbrag
18,real_mixed_55,gemma4:31b-mlx_kb_rag,1898.798670053482,24.26,0,direct_json,0.333333,0.666667,0.444444,0.0,0,10.1,64.5,1.4,97.9,621.0,30255.3,87.4,27290.3,17768.0,"{'timestamp': '2026-09-01T22:15:26.348624+00:00', 'model_version': 'gemma4:31b-mlx', 'prompt_hash': 'a6af280e'}",07_legacy_kbrag
18,real_mixed_56,gemma4:31b-mlx_kb_rag,1820.9414930343628,25.85,0,direct_json,0.291667,0.5,0.368421,0.0,0,13.2,100.0,1.4,98.7,621.3,30242.5,87.5,27257.8,17768.0,"{'timestamp': '2026-09-01T22:14:08.499882+00:00', 'model_version': 'gemma4:31b-mlx', 'prompt_hash': 'a6af280e'}",07_legacy_kbrag
18,real_mixed_57,gemma4:31b-mlx_kb_rag,1770.3534531593325,26.03,0,direct_json,0.7,0.777778,0.736842,0.05,1,10.2,64.5,1.4,98.6,621.0,30221.8,87.8,27253.1,17768.0,"{'timestamp': '2026-09-01T22:13:17.907705+00:00', 'model_version': 'gemma4:31b-mlx', 'prompt_hash': 'a6af280e'}",07_legacy_kbrag
19,real_mixed_58,gemma4:31b-mlx_kb_rag,1898.892112016678,25.93,0,direct_json,0.470588,0.727273,0.571429,0.0,0,10.3,100.0,1.4,98.0,543.4,30255.9,87.4,27441.0,17768.0,"{'timestamp': '2026-09-01T22:18:10.561593+00:00', 'model_version': 'gemma4:31b-mlx', 'prompt_hash': 'a6af280e'}",07_legacy_kbrag
19,real_mixed_59,gemma4:31b-mlx_kb_rag,1832.765392065048,24.93,0,fallback,0.666667,0.48,0.55814,0.0,0,10.1,64.5,1.4,99.7,543.5,30309.3,87.3,27299.3,17768.0,"{'timestamp': '2026-09-01T22:17:04.434736+00:00', 'model_version': 'gemma4:31b-mlx', 'prompt_hash': 'a6af280e'}",07_legacy_kbrag
19,real_mixed_60,gemma4:31b-mlx_kb_rag,1942.1955201625824,26.34,0,direct_json,0.916667,0.846154,0.88,0.0,0,10.4,71.4,1.4,97.4,543.5,30234.3,87.4,26781.7,17768.0,"{'timestamp': '2026-09-01T22:18:53.874157+00:00', 'model_version': 'gemma4:31b-mlx', 'prompt_hash': 'a6af280e'}",07_legacy_kbrag
20,real_mixed_61,gemma4:31b-mlx_kb_rag,1844.9806480407717,24.66,0,direct_json,0.512195,0.75,0.608696,0.024390243902439,1,10.6,74.2,1.5,72.4,543.5,30126.4,88.0,27309.5,17768.0,"{'timestamp': '2026-09-01T22:20:30.095359+00:00', 'model_version': 'gemma4:31b-mlx', 'prompt_hash': 'a6af280e'}",07_legacy_kbrag
20,real_mixed_62,gemma4:31b-mlx_kb_rag,1920.2294461727145,18.48,0,direct_json,0.428571,0.545455,0.48,0.0,0,11.2,74.1,1.4,70.9,543.4,30292.0,88.2,27297.8,17768.0,"{'timestamp': '2026-09-01T22:21:45.320604+00:00', 'model_version': 'gemma4:31b-mlx', 'prompt_hash': 'a6af280e'}",07_legacy_kbrag
20,real_mixed_63,gemma4:31b-mlx_kb_rag,1978.9619438648224,20.26,0,direct_json,0.153846,0.25,0.190476,0.0,0,11.3,100.0,1.4,69.6,543.4,30412.0,88.1,27787.1,17768.0,"{'timestamp': '2026-09-01T22:22:44.044902+00:00', 'model_version': 'gemma4:31b-mlx', 'prompt_hash': 'a6af280e'}",07_legacy_kbrag
21,real_mixed_64,gemma4:31b-mlx_kb_rag,1902.942274093628,24.07,0,direct_json,0.25,1.0,0.4,0.0,0,10.9,100.0,1.4,74.9,543.5,30141.2,87.8,27152.1,17768.0,"{'timestamp': '2026-09-01T22:25:01.027731+00:00', 'model_version': 'gemma4:31b-mlx', 'prompt_hash': 'a6af280e'}",07_legacy_kbrag
21,real_mixed_65,gemma4:31b-mlx_kb_rag,1800.2502419948578,25.81,0,direct_json,0.444444,0.5,0.470588,0.0,0,10.6,100.0,1.4,75.3,543.5,30229.4,87.7,26938.1,17768.0,"{'timestamp': '2026-09-01T22:23:18.340436+00:00', 'model_version': 'gemma4:31b-mlx', 'prompt_hash': 'a6af280e'}",07_legacy_kbrag
21,real_mixed_66,gemma4:31b-mlx_kb_rag,1878.7970943450928,25.03,0,direct_json,0.5,0.7,0.583333,0.0,0,10.1,73.2,1.4,74.9,543.5,30160.2,87.8,27291.8,17768.0,"{'timestamp': '2026-09-01T22:24:36.911978+00:00', 'model_version': 'gemma4:31b-mlx', 'prompt_hash': 'a6af280e'}",07_legacy_kbrag
22,real_mixed_67,gemma4:31b-mlx_kb_rag,1785.830982208252,23.61,0,direct_json,0.571429,0.705882,0.631579,0.1428571428571428,3,11.1,100.0,1.5,75.9,543.4,30225.5,87.7,27710.6,17768.0,"{'timestamp': '2026-09-01T22:26:43.374751+00:00', 'model_version': 'gemma4:31b-mlx', 'prompt_hash': 'a6af280e'}",07_legacy_kbrag
22,real_mixed_68,gemma4:31b-mlx_kb_rag,1731.4276340007782,27.21,0,direct_json,0.47619,0.769231,0.588235,0.0,0,12.7,100.0,1.5,76.5,543.4,30269.7,87.7,27068.4,17768.0,"{'timestamp': '2026-09-01T22:25:48.982667+00:00', 'model_version': 'gemma4:31b-mlx', 'prompt_hash': 'a6af280e'}",07_legacy_kbrag
22,real_mixed_69,gemma4:31b-mlx_kb_rag,1862.1018912792208,24.95,0,direct_json,0.6875,0.916667,0.785714,0.0,0,12.0,100.0,1.5,75.9,543.4,30198.4,87.6,26983.4,17768.0,"{'timestamp': '2026-09-01T22:27:59.668025+00:00', 'model_version': 'gemma4:31b-mlx', 'prompt_hash': 'a6af280e'}",07_legacy_kbrag
23,real_mixed_70,gemma4:31b-mlx_kb_rag,1660.6294510364532,24.51,0,direct_json,0.714286,0.714286,0.714286,0.0,0,13.8,100.0,1.5,82.0,539.0,30035.7,87.4,28095.6,17768.0,"{'timestamp': '2026-09-01T22:29:54.151996+00:00', 'model_version': 'gemma4:31b-mlx', 'prompt_hash': 'a6af280e'}",07_legacy_kbrag
23,real_mixed_71,gemma4:31b-mlx_kb_rag,1696.551805973053,25.55,0,direct_json,0.5,0.5,0.5,0.0,0,11.6,100.0,1.5,81.6,539.0,30034.0,87.4,27498.7,17768.0,"{'timestamp': '2026-09-01T22:30:30.069020+00:00', 'model_version': 'gemma4:31b-mlx', 'prompt_hash': 'a6af280e'}",07_legacy_kbrag
23,real_mixed_72,gemma4:31b-mlx_kb_rag,1608.8023972511292,23.49,0,direct_json,0.666667,0.8,0.727273,0.0,0,12.1,100.0,1.6,82.3,539.0,30066.4,87.4,27440.6,17768.0,"{'timestamp': '2026-09-01T22:29:02.348670+00:00', 'model_version': 'gemma4:31b-mlx', 'prompt_hash': 'a6af280e'}",07_legacy_kbrag
24,real_mixed_73,gemma4:31b-mlx_kb_rag,1678.3806128501892,23.98,0,direct_json,0.928571,0.866667,0.896552,0.0,0,13.0,100.0,1.5,80.9,536.0,30385.6,87.7,26981.5,17768.0,"{'timestamp': '2026-09-01T22:33:34.102898+00:00', 'model_version': 'gemma4:31b-mlx', 'prompt_hash': 'a6af280e'}",07_legacy_kbrag
24,real_mixed_74,gemma4:31b-mlx_kb_rag,1522.3090949058533,23.72,0,direct_json,0.727273,0.8,0.761905,0.0,0,10.8,100.0,1.6,84.4,536.0,30218.4,87.4,27479.0,17768.0,"{'timestamp': '2026-09-01T22:30:58.028098+00:00', 'model_version': 'gemma4:31b-mlx', 'prompt_hash': 'a6af280e'}",07_legacy_kbrag
24,real_mixed_75,gemma4:31b-mlx_kb_rag,1612.3633799552915,15.1,0,direct_json,0.6,1.0,0.75,0.0,0,11.6,100.0,1.6,81.8,536.0,30457.0,87.6,27757.8,17768.0,"{'timestamp': '2026-09-01T22:32:28.068869+00:00', 'model_version': 'gemma4:31b-mlx', 'prompt_hash': 'a6af280e'}",07_legacy_kbrag
25,real_mixed_76,gemma4:31b-mlx_kb_rag,1500.115139961243,22.29,0,direct_json,0.0,0.0,0.0,0.0,0,11.9,100.0,2.0,82.7,635.8,30546.5,87.5,26774.3,17768.0,"{'timestamp': '2026-09-01T22:34:28.094686+00:00', 'model_version': 'gemma4:31b-mlx', 'prompt_hash': 'a6af280e'}",07_legacy_kbrag
25,real_mixed_77,gemma4:31b-mlx_kb_rag,1558.4863541126251,26.51,0,direct_json,0.695652,0.8,0.744186,0.0,0,11.8,100.0,1.6,82.4,635.8,30577.8,87.0,26783.1,17768.0,"{'timestamp': '2026-09-01T22:35:26.493017+00:00', 'model_version': 'gemma4:31b-mlx', 'prompt_hash': 'a6af280e'}",07_legacy_kbrag
25,real_mixed_78,gemma4:31b-mlx_kb_rag,1626.5127770900726,22.96,0,direct_json,0.444444,1.0,0.615385,0.0,0,11.8,100.0,1.6,81.3,635.8,30577.5,87.0,26844.9,17768.0,"{'timestamp': '2026-09-01T22:36:34.504794+00:00', 'model_version': 'gemma4:31b-mlx', 'prompt_hash': 'a6af280e'}",07_legacy_kbrag
26,real_mixed_79,gemma4:31b-mlx_kb_rag,1546.1425490379331,25.18,0,direct_json,0.615385,0.8,0.695652,0.0,0,11.1,100.0,1.6,86.9,635.8,30299.0,86.7,27116.8,17768.0,"{'timestamp': '2026-09-01T22:38:29.312370+00:00', 'model_version': 'gemma4:31b-mlx', 'prompt_hash': 'a6af280e'}",07_legacy_kbrag
26,real_mixed_80,gemma4:31b-mlx_kb_rag,1627.822823047638,25.81,0,direct_json,0.585366,0.96,0.727273,0.0,0,11.3,73.2,1.6,84.9,635.8,30231.2,86.8,27615.9,17768.0,"{'timestamp': '2026-09-01T22:39:51.017021+00:00', 'model_version': 'gemma4:31b-mlx', 'prompt_hash': 'a6af280e'}",07_legacy_kbrag
26,real_mixed_81,gemma4:31b-mlx_kb_rag,1482.2448797225952,26.95,0,direct_json,0.642857,0.818182,0.72,0.0,0,10.9,100.0,1.6,88.4,635.8,30342.7,86.6,26905.9,17768.0,"{'timestamp': '2026-09-01T22:37:25.417465+00:00', 'model_version': 'gemma4:31b-mlx', 'prompt_hash': 'a6af280e'}",07_legacy_kbrag
27,real_mixed_82,gemma4:31b-mlx_kb_rag,1514.6327688694,24.77,0,direct_json,0.375,0.666667,0.48,0.0,0,13.1,100.0,1.6,85.3,635.8,30210.3,87.4,27314.6,17768.0,"{'timestamp': '2026-09-01T22:40:41.550970+00:00', 'model_version': 'gemma4:31b-mlx', 'prompt_hash': 'a6af280e'}",07_legacy_kbrag
27,real_mixed_83,gemma4:31b-mlx_kb_rag,1653.3826298713684,15.53,0,direct_json,0.714286,1.0,0.833333,0.0,0,12.5,100.0,1.5,80.9,635.8,30538.7,87.7,27214.0,17768.0,"{'timestamp': '2026-09-01T22:43:00.301826+00:00', 'model_version': 'gemma4:31b-mlx', 'prompt_hash': 'a6af280e'}",07_legacy_kbrag
27,real_mixed_84,gemma4:31b-mlx_kb_rag,1603.1276631355286,17.83,0,direct_json,0.818182,0.9,0.857143,0.0,0,10.7,73.2,1.6,82.6,635.8,30450.5,87.7,27214.0,17768.0,"{'timestamp': '2026-09-01T22:42:10.033244+00:00', 'model_version': 'gemma4:31b-mlx', 'prompt_hash': 'a6af280e'}",07_legacy_kbrag
28,real_mixed_85,gemma4:31b-mlx_kb_rag,1575.7212216854095,22.98,0,direct_json,0.538462,0.875,0.666667,0.0,0,14.7,100.0,1.6,80.8,635.8,30598.4,87.7,27340.3,17768.0,"{'timestamp': '2026-09-01T22:45:09.981258+00:00', 'model_version': 'gemma4:31b-mlx', 'prompt_hash': 'a6af280e'}",07_legacy_kbrag
28,real_mixed_86,gemma4:31b-mlx_kb_rag,1491.8337330818176,22.67,0,direct_json,0.846154,0.846154,0.846154,0.0,0,13.8,100.0,1.6,81.8,635.8,30693.6,87.7,28055.3,17768.0,"{'timestamp': '2026-09-01T22:43:46.098919+00:00', 'model_version': 'gemma4:31b-mlx', 'prompt_hash': 'a6af280e'}",07_legacy_kbrag
28,real_mixed_87,gemma4:31b-mlx_kb_rag,1661.747210264206,22.95,0,direct_json,0.4,0.571429,0.470588,0.0,0,14.0,100.0,1.5,79.1,635.8,30499.4,87.8,27373.4,17768.0,"{'timestamp': '2026-09-01T22:46:36.013124+00:00', 'model_version': 'gemma4:31b-mlx', 'prompt_hash': 'a6af280e'}",07_legacy_kbrag
29,real_mixed_88,gemma4:31b-mlx_kb_rag,1617.1163811683657,23.32,0,direct_json,0.5,1.0,0.666667,0.0,0,12.2,100.0,1.6,84.6,635.8,30066.3,87.6,27463.4,17768.0,"{'timestamp': '2026-09-01T22:49:41.806270+00:00', 'model_version': 'gemma4:31b-mlx', 'prompt_hash': 'a6af280e'}",07_legacy_kbrag
29,real_mixed_89,gemma4:31b-mlx_kb_rag,1504.8230168819427,22.17,0,direct_json,0.714286,0.769231,0.740741,0.0,0,12.5,100.0,1.6,86.6,635.8,30134.8,87.7,27420.6,17768.0,"{'timestamp': '2026-09-01T22:47:49.529459+00:00', 'model_version': 'gemma4:31b-mlx', 'prompt_hash': 'a6af280e'}",07_legacy_kbrag
29,real_mixed_90,gemma4:31b-mlx_kb_rag,1581.7407848834991,22.94,0,direct_json,0.333333,1.0,0.5,0.0,0,15.0,100.0,1.6,85.7,635.8,30075.2,87.7,27859.0,17768.0,"{'timestamp': '2026-09-01T22:49:06.441578+00:00', 'model_version': 'gemma4:31b-mlx', 'prompt_hash': 'a6af280e'}",07_legacy_kbrag
30,real_mixed_91,gemma4:31b-mlx_kb_rag,1554.9643111228943,23.64,0,direct_json,0.625,0.833333,0.714286,0.0,0,13.1,100.0,1.6,91.7,635.8,30180.9,87.4,27296.5,17768.0,"{'timestamp': '2026-09-01T22:50:56.398842+00:00', 'model_version': 'gemma4:31b-mlx', 'prompt_hash': 'a6af280e'}",07_legacy_kbrag
30,real_mixed_92,gemma4:31b-mlx_kb_rag,1610.8616299629211,18.84,0,direct_json,0.444444,0.533333,0.484848,0.0,0,13.6,100.0,1.6,89.9,635.8,30294.0,87.5,27435.3,17768.0,"{'timestamp': '2026-09-01T22:51:52.307682+00:00', 'model_version': 'gemma4:31b-mlx', 'prompt_hash': 'a6af280e'}",07_legacy_kbrag
30,real_mixed_93,gemma4:31b-mlx_kb_rag,1508.4616639614103,24.81,0,direct_json,0.538462,0.7,0.608696,0.0,0,12.5,100.0,1.7,88.0,635.8,30157.2,87.4,27385.3,17768.0,"{'timestamp': '2026-09-01T22:50:09.893348+00:00', 'model_version': 'gemma4:31b-mlx', 'prompt_hash': 'a6af280e'}",07_legacy_kbrag
31,real_mixed_94,gemma4:31b-mlx_kb_rag,1574.7065887451172,22.51,0,direct_json,0.782609,0.857143,0.818182,0.0,0,13.1,100.0,1.6,90.9,635.8,30301.0,87.6,27119.0,17768.0,"{'timestamp': '2026-09-01T22:54:14.864318+00:00', 'model_version': 'gemma4:31b-mlx', 'prompt_hash': 'a6af280e'}",07_legacy_kbrag
31,real_mixed_95,gemma4:31b-mlx_kb_rag,1621.1596240997314,23.72,0,direct_json,0.166667,1.0,0.285714,0.0833333333333333,1,11.7,100.0,1.6,90.1,635.8,30247.4,87.6,27223.1,17768.0,"{'timestamp': '2026-09-01T22:55:01.301035+00:00', 'model_version': 'gemma4:31b-mlx', 'prompt_hash': 'a6af280e'}",07_legacy_kbrag
31,real_mixed_96,gemma4:31b-mlx_kb_rag,1507.093074798584,22.44,0,direct_json,0.533333,0.666667,0.592593,0.0,0,14.0,100.0,1.6,93.0,635.8,30356.6,87.6,27050.9,17768.0,"{'timestamp': '2026-09-01T22:53:07.248895+00:00', 'model_version': 'gemma4:31b-mlx', 'prompt_hash': 'a6af280e'}",07_legacy_kbrag
32,real_mixed_97,gemma4:31b-mlx_kb_rag,1520.2391459941864,22.82,0,direct_json,0.533333,0.888889,0.666667,0.0,0,10.8,73.8,1.5,88.1,635.8,30320.5,87.6,27955.6,17768.0,"{'timestamp': '2026-09-01T22:55:50.760120+00:00', 'model_version': 'gemma4:31b-mlx', 'prompt_hash': 'a6af280e'}",07_legacy_kbrag
32,real_mixed_98,gemma4:31b-mlx_kb_rag,1610.4747967720032,21.96,0,direct_json,0.56,0.5,0.528302,0.0,0,14.5,100.0,1.4,85.8,635.8,30249.1,87.7,27158.4,17768.0,"{'timestamp': '2026-09-01T22:57:21.013326+00:00', 'model_version': 'gemma4:31b-mlx', 'prompt_hash': 'a6af280e'}",07_legacy_kbrag
32,real_mixed_99,gemma4:31b-mlx_kb_rag,1678.0393869876862,22.48,0,direct_json,0.1,0.5,0.166667,0.0,0,14.0,100.0,1.4,84.1,635.8,30208.4,87.4,27701.5,17768.0,"{'timestamp': '2026-09-01T22:58:28.554191+00:00', 'model_version': 'gemma4:31b-mlx', 'prompt_hash': 'a6af280e'}",07_legacy_kbrag
33,real_mixed_100,gemma4:31b-mlx_kb_rag,1614.8112292289734,24.36,0,direct_json,0.190476,0.571429,0.285714,0.0,0,14.3,100.0,1.3,85.3,635.8,30051.7,86.5,27107.4,17768.0,"{'timestamp': '2026-09-01T23:00:29.936626+00:00', 'model_version': 'gemma4:31b-mlx', 'prompt_hash': 'a6af280e'}",07_legacy_kbrag
33,real_mixed_101,gemma4:31b-mlx_kb_rag,1563.4079241752625,24.27,0,direct_json,0.416667,0.714286,0.526316,0.0,0,13.4,100.0,1.4,85.7,635.8,29995.4,86.7,27111.2,17768.0,"{'timestamp': '2026-09-01T22:59:38.524665+00:00', 'model_version': 'gemma4:31b-mlx', 'prompt_hash': 'a6af280e'}",07_legacy_kbrag
33,real_mixed_102,gemma4:31b-mlx_kb_rag,1510.4873259067535,21.44,0,direct_json,0.0,0.0,0.0,0.0,0,15.0,100.0,1.4,86.6,635.8,30004.3,87.0,26929.0,17768.0,"{'timestamp': '2026-09-01T22:58:45.595554+00:00', 'model_version': 'gemma4:31b-mlx', 'prompt_hash': 'a6af280e'}",07_legacy_kbrag
34,real_mixed_103,gemma4:31b-mlx_kb_rag,1458.68896317482,19.75,0,direct_json,0.0,0.0,0.0,0.0,0,10.9,100.0,1.3,86.3,551.3,30012.3,87.3,27107.4,17768.0,"{'timestamp': '2026-09-01T23:00:53.613949+00:00', 'model_version': 'gemma4:31b-mlx', 'prompt_hash': 'a6af280e'}",07_legacy_kbrag
34,real_mixed_104,gemma4:31b-mlx_kb_rag,1556.6923069953918,17.81,0,direct_json,0.363636,0.8,0.5,0.0,0,13.4,100.0,1.3,82.8,551.3,30273.0,87.4,27291.8,17768.0,"{'timestamp': '2026-09-01T23:02:31.631676+00:00', 'model_version': 'gemma4:31b-mlx', 'prompt_hash': 'a6af280e'}",07_legacy_kbrag
34,real_mixed_105,gemma4:31b-mlx_kb_rag,1599.083102941513,23.07,0,direct_json,0.666667,0.8,0.727273,0.0,0,12.1,100.0,1.3,81.6,551.3,30227.4,87.4,27009.9,17768.0,"{'timestamp': '2026-09-01T23:03:14.023115+00:00', 'model_version': 'gemma4:31b-mlx', 'prompt_hash': 'a6af280e'}",07_legacy_kbrag
35,real_mixed_106,gemma4:31b-mlx_kb_rag,1552.20392203331,22.82,0,direct_json,0.666667,1.0,0.8,0.0,0,11.6,100.0,1.2,72.8,551.3,30215.7,87.3,27371.5,17768.0,"{'timestamp': '2026-09-01T23:05:43.637047+00:00', 'model_version': 'gemma4:31b-mlx', 'prompt_hash': 'a6af280e'}",07_legacy_kbrag
35,real_mixed_107,gemma4:31b-mlx_kb_rag,1529.5144822597504,21.6,0,direct_json,0.8,0.923077,0.857143,0.0,0,13.5,100.0,1.2,73.2,551.3,30233.1,87.3,27431.8,17768.0,"{'timestamp': '2026-09-01T23:05:20.942396+00:00', 'model_version': 'gemma4:31b-mlx', 'prompt_hash': 'a6af280e'}",07_legacy_kbrag
35,real_mixed_108,gemma4:31b-mlx_kb_rag,1458.1832711696625,23.25,0,direct_json,0.285714,0.8,0.421053,0.0,0,14.7,100.0,1.2,75.5,551.3,30309.1,87.3,27415.6,17768.0,"{'timestamp': '2026-09-01T23:04:09.612006+00:00', 'model_version': 'gemma4:31b-mlx', 'prompt_hash': 'a6af280e'}",07_legacy_kbrag
36,real_mixed_109,gemma4:31b-mlx_kb_rag,1467.1264040470123,21.38,0,fallback,0.0,0.0,0.0,0.0,0,12.3,100.0,1.1,70.0,532.3,29783.5,86.8,27961.8,17768.0,"{'timestamp': '2026-09-01T23:07:28.027939+00:00', 'model_version': 'gemma4:31b-mlx', 'prompt_hash': 'a6af280e'}",07_legacy_kbrag
36,real_mixed_110,gemma4:31b-mlx_kb_rag,1521.8548080921173,24.4,0,direct_json,0.5,0.388889,0.4375,0.0,0,13.2,100.0,1.0,69.2,533.5,29782.5,86.7,27153.7,17768.0,"{'timestamp': '2026-09-01T23:08:22.729151+00:00', 'model_version': 'gemma4:31b-mlx', 'prompt_hash': 'a6af280e'}",07_legacy_kbrag
36,real_mixed_111,gemma4:31b-mlx_kb_rag,1571.9662117958069,23.05,0,direct_json,0.742857,0.866667,0.8,0.0,0,10.6,87.8,1.0,67.6,533.6,29771.6,86.5,26981.8,17768.0,"{'timestamp': '2026-09-01T23:09:12.847091+00:00', 'model_version': 'gemma4:31b-mlx', 'prompt_hash': 'a6af280e'}",07_legacy_kbrag
37,real_mixed_112,gemma4:31b-mlx_kb_rag,1575.8983628749847,18.04,0,direct_json,0.444444,0.8,0.571429,0.0,0,12.1,77.0,0.9,63.1,533.6,30329.9,86.5,27737.4,17768.0,"{'timestamp': '2026-09-01T23:12:52.823528+00:00', 'model_version': 'gemma4:31b-mlx', 'prompt_hash': 'a6af280e'}",07_legacy_kbrag
37,real_mixed_113,gemma4:31b-mlx_kb_rag,1499.751441001892,19.62,0,direct_json,0.7,0.777778,0.736842,0.0,0,11.9,100.0,0.9,65.6,532.3,30167.8,86.4,27175.6,17768.0,"{'timestamp': '2026-09-01T23:11:36.672693+00:00', 'model_version': 'gemma4:31b-mlx', 'prompt_hash': 'a6af280e'}",07_legacy_kbrag
37,real_mixed_114,gemma4:31b-mlx_kb_rag,1413.1152169704435,23.34,0,direct_json,0.411765,1.0,0.583333,0.0,0,17.4,100.0,0.9,68.1,532.3,30023.3,86.1,27532.4,17768.0,"{'timestamp': '2026-09-01T23:10:09.980219+00:00', 'model_version': 'gemma4:31b-mlx', 'prompt_hash': 'a6af280e'}",07_legacy_kbrag
38,real_mixed_115,gemma4:31b-mlx_kb_rag,1460.8440551757812,22.24,0,direct_json,0.5,1.0,0.666667,0.0,0,14.9,100.0,0.7,58.7,525.7,30483.8,86.5,27132.8,17768.0,"{'timestamp': '2026-09-01T23:14:03.049305+00:00', 'model_version': 'gemma4:31b-mlx', 'prompt_hash': 'a6af280e'}",07_legacy_kbrag
38,real_mixed_116,gemma4:31b-mlx_kb_rag,1432.402018785477,23.67,0,direct_json,0.4,1.0,0.571429,0.0,0,14.5,100.0,0.7,59.4,525.7,30496.9,86.5,27024.9,17768.0,"{'timestamp': '2026-09-01T23:13:34.604515+00:00', 'model_version': 'gemma4:31b-mlx', 'prompt_hash': 'a6af280e'}",07_legacy_kbrag
38,real_mixed_117,gemma4:31b-mlx_kb_rag,1539.8791069984436,24.84,0,direct_json,0.333333,0.75,0.461538,0.0,0,20.2,100.0,0.7,57.9,525.7,30454.9,86.1,27132.8,17768.0,"{'timestamp': '2026-09-01T23:15:22.091234+00:00', 'model_version': 'gemma4:31b-mlx', 'prompt_hash': 'a6af280e'}",07_legacy_kbrag
39,real_mixed_118,gemma4:31b-mlx_kb_rag,1522.9056918621063,22.89,0,direct_json,0.625,1.0,0.769231,0.0,0,12.3,78.6,0.6,44.9,525.7,30253.6,86.1,27105.9,17768.0,"{'timestamp': '2026-09-01T23:17:15.665489+00:00', 'model_version': 'gemma4:31b-mlx', 'prompt_hash': 'a6af280e'}",07_legacy_kbrag
39,real_mixed_119,gemma4:31b-mlx_kb_rag,1484.5240502357483,24.91,0,direct_json,0.5,0.714286,0.588235,0.0,0,12.8,74.7,0.6,45.0,525.7,30287.9,86.0,27082.8,17768.0,"{'timestamp': '2026-09-01T23:16:37.292899+00:00', 'model_version': 'gemma4:31b-mlx', 'prompt_hash': 'a6af280e'}",07_legacy_kbrag
39,real_mixed_120,gemma4:31b-mlx_kb_rag,1441.841344833374,26.76,0,direct_json,0.384615,1.0,0.555556,0.0,0,12.0,66.1,0.6,45.0,525.7,30332.1,85.9,27072.8,17768.0,"{'timestamp': '2026-09-01T23:15:54.602739+00:00', 'model_version': 'gemma4:31b-mlx', 'prompt_hash': 'a6af280e'}",07_legacy_kbrag
6,real_mixed_19,qwen2.5:14b_baseline,84.61495900154114,24.68,0,direct_json,0.888889,0.8,0.842105,0.0,0,8.6,85.5,3.3,86.7,86.7,23508.3,58.1,11698.5,8571.7,"{'timestamp': '2026-09-01T23:18:42.517773+00:00', 'model_version': 'qwen2.5:14b', 'prompt_hash': 'a6af280e'}",07_legacy_kbrag
6,real_mixed_20,qwen2.5:14b_baseline,79.06891894340515,24.0,0,direct_json,0.7,0.4375,0.538462,0.0,0,8.4,85.5,1.5,86.7,86.7,23373.0,57.8,11698.5,8571.7,"{'timestamp': '2026-09-01T23:18:36.983643+00:00', 'model_version': 'qwen2.5:14b', 'prompt_hash': 'a6af280e'}",07_legacy_kbrag
6,real_mixed_21,qwen2.5:14b_baseline,92.158775806427,23.9,0,direct_json,0.625,0.357143,0.454545,0.0,0,9.0,85.5,1.4,86.7,86.7,23687.1,58.4,11698.5,8571.7,"{'timestamp': '2026-09-01T23:18:50.061718+00:00', 'model_version': 'qwen2.5:14b', 'prompt_hash': 'a6af280e'}",07_legacy_kbrag
5,real_mixed_16,qwen2.5:14b_baseline,28.684695959091187,24.65,0,direct_json,0.666667,0.666667,0.666667,0.0,0,11.9,85.5,4.2,86.5,86.7,21401.0,54.1,11698.5,8571.7,"{'timestamp': '2026-09-01T23:17:46.575214+00:00', 'model_version': 'qwen2.5:14b', 'prompt_hash': 'a6af280e'}",07_legacy_kbrag
5,real_mixed_17,qwen2.5:14b_baseline,45.841891050338745,25.08,0,direct_json,0.25,1.0,0.4,0.0,0,8.8,85.5,1.9,86.6,86.7,22429.7,56.0,11698.5,8571.7,"{'timestamp': '2026-09-01T23:18:03.723196+00:00', 'model_version': 'qwen2.5:14b', 'prompt_hash': 'a6af280e'}",07_legacy_kbrag
5,real_mixed_18,qwen2.5:14b_baseline,116.829243183136,24.43,0,direct_json,0.636364,0.583333,0.608696,0.0,0,10.3,100.0,1.2,86.7,86.9,24233.6,59.5,11698.5,8571.7,"{'timestamp': '2026-09-01T23:19:14.724156+00:00', 'model_version': 'qwen2.5:14b', 'prompt_hash': 'a6af280e'}",07_legacy_kbrag
1,real_mixed_4,qwen2.5:14b_baseline,132.4427580833435,24.18,0,direct_json,0.818182,0.642857,0.72,0.0,0,9.5,85.5,1.4,98.7,192.2,24527.9,60.1,11698.5,8571.7,"{'timestamp': '2026-09-01T23:19:30.323928+00:00', 'model_version': 'qwen2.5:14b', 'prompt_hash': 'a6af280e'}",07_legacy_kbrag
1,real_mixed_5,qwen2.5:14b_baseline,36.75930285453797,24.51,0,direct_json,0.357143,0.5,0.416667,0.0,0,9.4,85.5,2.4,86.5,86.7,21987.1,55.2,11698.5,8571.7,"{'timestamp': '2026-09-01T23:17:54.637148+00:00', 'model_version': 'qwen2.5:14b', 'prompt_hash': 'a6af280e'}",07_legacy_kbrag
1,real_mixed_6,qwen2.5:14b_baseline,59.43846559524536,24.66,0,direct_json,0.722222,0.722222,0.722222,0.0,0,8.5,85.5,2.1,86.6,86.7,22899.1,56.9,11698.5,8571.7,"{'timestamp': '2026-09-01T23:18:17.328838+00:00', 'model_version': 'qwen2.5:14b', 'prompt_hash': 'a6af280e'}",07_legacy_kbrag
0,real_mixed_1,qwen2.5:14b_baseline,99.7186198234558,23.96,0,direct_json,0.583333,0.538462,0.56,0.0833333333333333,1,9.3,85.5,1.5,86.6,86.9,23855.2,58.7,11698.5,8571.7,"{'timestamp': '2026-09-01T23:18:57.606994+00:00', 'model_version': 'qwen2.5:14b', 'prompt_hash': 'a6af280e'}",07_legacy_kbrag
0,real_mixed_2,qwen2.5:14b_baseline,51.859110832214355,24.54,0,direct_json,0.545455,0.5,0.521739,0.0,0,10.3,85.5,2.1,86.6,86.7,22664.5,56.5,11698.5,8571.7,"{'timestamp': '2026-09-01T23:18:09.742440+00:00', 'model_version': 'qwen2.5:14b', 'prompt_hash': 'a6af280e'}",07_legacy_kbrag
0,real_mixed_3,qwen2.5:14b_baseline,145.9933431148529,24.5,0,direct_json,0.5,0.5,0.5,0.0,0,14.9,100.0,1.3,107.4,192.3,24739.4,60.6,11698.5,8571.7,"{'timestamp': '2026-09-01T23:19:43.876115+00:00', 'model_version': 'qwen2.5:14b', 'prompt_hash': 'a6af280e'}",07_legacy_kbrag
2,real_mixed_7,qwen2.5:14b_baseline,160.13879227638245,24.23,0,direct_json,0.466667,0.5,0.482759,0.0,0,9.9,100.0,4.8,114.9,192.4,24924.2,61.0,11698.5,8571.7,"{'timestamp': '2026-09-01T23:19:58.010983+00:00', 'model_version': 'qwen2.5:14b', 'prompt_hash': 'a6af280e'}",07_legacy_kbrag
2,real_mixed_8,qwen2.5:14b_baseline,42.8090341091156,24.64,0,direct_json,0.428571,0.333333,0.375,0.0,0,11.2,100.0,2.7,86.5,86.7,22295.4,55.8,11698.5,8571.7,"{'timestamp': '2026-09-01T23:18:00.678808+00:00', 'model_version': 'qwen2.5:14b', 'prompt_hash': 'a6af280e'}",07_legacy_kbrag
2,real_mixed_9,qwen2.5:14b_baseline,151.56444001197815,24.81,0,direct_json,0.5,0.4,0.444444,0.0,0,15.1,84.6,4.0,110.5,192.4,24817.0,60.7,11698.5,8571.7,"{'timestamp': '2026-09-01T23:19:49.434218+00:00', 'model_version': 'qwen2.5:14b', 'prompt_hash': 'a6af280e'}",07_legacy_kbrag
7,real_mixed_22,qwen2.5:14b_baseline,163.15016078948975,24.62,0,direct_json,0.0,0.0,0.0,0.0,0,9.8,100.0,1.3,116.3,192.5,24963.1,61.1,11698.5,8571.7,"{'timestamp': '2026-09-01T23:20:01.013359+00:00', 'model_version': 'qwen2.5:14b', 'prompt_hash': 'a6af280e'}",07_legacy_kbrag
7,real_mixed_23,qwen2.5:14b_baseline,105.23395419120789,24.42,0,direct_json,0.8,0.533333,0.64,0.0,0,14.1,85.5,1.2,86.7,86.9,23972.4,59.0,11698.5,8571.7,"{'timestamp': '2026-09-01T23:19:03.110398+00:00', 'model_version': 'qwen2.5:14b', 'prompt_hash': 'a6af280e'}",07_legacy_kbrag
7,real_mixed_24,qwen2.5:14b_baseline,110.30032992362976,24.36,0,direct_json,0.428571,0.428571,0.428571,0.0,0,10.0,85.5,1.4,86.7,86.9,24081.7,59.2,11698.5,8571.7,"{'timestamp': '2026-09-01T23:19:08.169692+00:00', 'model_version': 'qwen2.5:14b', 'prompt_hash': 'a6af280e'}",07_legacy_kbrag
3,real_mixed_10,qwen2.5:14b_baseline,138.9411928653717,24.45,0,direct_json,0.333333,0.666667,0.444444,0.0,0,13.8,85.5,1.3,103.1,192.3,24632.8,60.4,11698.5,8571.7,"{'timestamp': '2026-09-01T23:19:36.814544+00:00', 'model_version': 'qwen2.5:14b', 'prompt_hash': 'a6af280e'}",07_legacy_kbrag
3,real_mixed_11,qwen2.5:14b_baseline,180.26529002189636,23.83,0,direct_json,0.727273,0.888889,0.8,0.0,0,9.7,85.5,1.3,123.6,192.8,25175.9,61.5,11698.5,8571.7,"{'timestamp': '2026-09-01T23:20:18.151354+00:00', 'model_version': 'qwen2.5:14b', 'prompt_hash': 'a6af280e'}",07_legacy_kbrag
3,real_mixed_12,qwen2.5:14b_baseline,22.656477212905884,24.77,0,direct_json,0.375,0.428571,0.4,0.0,0,11.6,85.5,6.2,86.4,86.6,20678.8,52.8,11698.5,8571.7,"{'timestamp': '2026-09-01T23:17:40.538144+00:00', 'model_version': 'qwen2.5:14b', 'prompt_hash': 'a6af280e'}",07_legacy_kbrag
4,real_mixed_13,qwen2.5:14b_baseline,70.9980239868164,24.29,0,direct_json,0.545455,0.705882,0.615385,0.0,0,10.5,100.0,1.8,86.6,86.7,23171.7,57.4,11698.5,8571.7,"{'timestamp': '2026-09-01T23:18:28.888665+00:00', 'model_version': 'qwen2.5:14b', 'prompt_hash': 'a6af280e'}",07_legacy_kbrag
4,real_mixed_14,qwen2.5:14b_baseline,188.86044692993164,24.19,0,direct_json,0.727273,0.666667,0.695652,0.0,0,10.0,84.6,3.2,126.7,192.9,25273.6,61.7,11698.5,8571.7,"{'timestamp': '2026-09-01T23:20:26.739445+00:00', 'model_version': 'qwen2.5:14b', 'prompt_hash': 'a6af280e'}",07_legacy_kbrag
4,real_mixed_15,qwen2.5:14b_baseline,123.8887951374054,24.37,0,direct_json,0.4,0.666667,0.5,0.0,0,11.5,85.5,1.3,92.3,192.2,24376.9,59.8,11698.5,8571.7,"{'timestamp': '2026-09-01T23:19:21.763468+00:00', 'model_version': 'qwen2.5:14b', 'prompt_hash': 'a6af280e'}",07_legacy_kbrag
8,real_mixed_25,qwen2.5:14b_baseline,168.2199900150299,24.55,0,direct_json,0.6,0.5,0.545455,0.0,0,9.1,85.5,2.3,118.6,192.8,25026.2,61.2,11698.5,8571.7,"{'timestamp': '2026-09-01T23:20:06.128309+00:00', 'model_version': 'qwen2.5:14b', 'prompt_hash': 'a6af280e'}",07_legacy_kbrag
8,real_mixed_26,qwen2.5:14b_baseline,18.147114038467407,23.63,0,direct_json,0.566667,0.472222,0.515152,0.0,0,12.7,85.5,16.9,86.5,86.5,19829.4,51.2,11698.5,8571.7,"{'timestamp': '2026-09-01T23:17:36.068690+00:00', 'model_version': 'qwen2.5:14b', 'prompt_hash': 'a6af280e'}",07_legacy_kbrag
8,real_mixed_27,qwen2.5:14b_baseline,202.4160759449005,23.45,0,direct_json,0.65,0.481481,0.553191,0.0,0,13.7,100.0,1.3,131.2,193.2,25426.6,62.1,11698.5,8571.7,"{'timestamp': '2026-09-01T23:20:40.317229+00:00', 'model_version': 'qwen2.5:14b', 'prompt_hash': 'a6af280e'}",07_legacy_kbrag
9,real_mixed_28,qwen2.5:14b_baseline,118.19856691360474,22.63,0,direct_json,0.583333,0.466667,0.518519,0.0,0,8.9,32.4,2.6,170.5,193.5,27089.2,65.5,11698.5,8571.7,"{'timestamp': '2026-09-01T23:20:48.343294+00:00', 'model_version': 'qwen2.5:14b', 'prompt_hash': 'a6af280e'}",07_legacy_kbrag
9,real_mixed_29,qwen2.5:14b_baseline,132.82008695602417,22.85,0,direct_json,0.380952,0.666667,0.484848,0.0,0,9.1,32.4,1.9,173.0,193.5,27798.8,66.8,11698.5,8571.7,"{'timestamp': '2026-09-01T23:21:02.962335+00:00', 'model_version': 'qwen2.5:14b', 'prompt_hash': 'a6af280e'}",07_legacy_kbrag
9,real_mixed_30,qwen2.5:14b_baseline,123.2471010684967,23.6,0,direct_json,0.375,0.375,0.375,0.125,1,9.0,32.4,1.7,171.4,193.5,27305.8,66.0,11698.5,8571.7,"{'timestamp': '2026-09-01T23:20:53.384118+00:00', 'model_version': 'qwen2.5:14b', 'prompt_hash': 'a6af280e'}",07_legacy_kbrag
10,real_mixed_31,qwen2.5:14b_baseline,126.98182821273804,17.62,0,direct_json,0.2,0.5,0.285714,0.0,0,15.8,50.0,1.8,192.6,193.5,29111.8,69.5,11698.5,8571.7,"{'timestamp': '2026-09-01T23:21:22.135934+00:00', 'model_version': 'qwen2.5:14b', 'prompt_hash': 'a6af280e'}",07_legacy_kbrag
10,real_mixed_32,qwen2.5:14b_baseline,122.9542441368103,14.71,0,direct_json,0.181818,0.285714,0.222222,0.0,0,15.9,100.0,1.7,192.7,193.5,28949.4,69.1,11698.5,8571.7,"{'timestamp': '2026-09-01T23:21:18.110170+00:00', 'model_version': 'qwen2.5:14b', 'prompt_hash': 'a6af280e'}",07_legacy_kbrag
10,real_mixed_33,qwen2.5:14b_baseline,115.35995483398438,14.98,0,direct_json,0.666667,0.461538,0.545455,0.0,0,15.9,50.0,1.7,192.8,193.5,28607.1,68.4,11698.5,8571.7,"{'timestamp': '2026-09-01T23:21:10.529300+00:00', 'model_version': 'qwen2.5:14b', 'prompt_hash': 'a6af280e'}",07_legacy_kbrag
11,real_mixed_34,qwen2.5:14b_baseline,133.43775296211243,17.03,0,direct_json,0.4,0.4,0.4,0.0,0,10.1,66.7,1.7,191.3,193.5,30068.9,72.1,11698.5,8571.7,"{'timestamp': '2026-09-01T23:21:43.830100+00:00', 'model_version': 'qwen2.5:14b', 'prompt_hash': 'a6af280e'}",07_legacy_kbrag
11,real_mixed_35,qwen2.5:14b_baseline,141.01752424240112,23.12,0,direct_json,0.454545,0.714286,0.555556,0.0,0,9.6,34.7,1.6,190.9,193.5,30113.6,72.4,11698.5,8571.7,"{'timestamp': '2026-09-01T23:21:51.407314+00:00', 'model_version': 'qwen2.5:14b', 'prompt_hash': 'a6af280e'}",07_legacy_kbrag
11,real_mixed_36,qwen2.5:14b_baseline,124.9654552936554,14.79,0,direct_json,0.571429,0.571429,0.571429,0.3333333333333333,7,9.2,34.7,2.3,191.8,193.5,29856.6,71.4,11698.5,8571.7,"{'timestamp': '2026-09-01T23:21:35.368358+00:00', 'model_version': 'qwen2.5:14b', 'prompt_hash': 'a6af280e'}",07_legacy_kbrag
12,real_mixed_37,qwen2.5:14b_baseline,155.65837502479553,11.37,0,direct_json,0.692308,0.75,0.72,0.0,0,13.6,85.7,1.5,171.4,193.5,30779.8,75.3,11698.5,8571.7,"{'timestamp': '2026-09-01T23:22:19.613961+00:00', 'model_version': 'qwen2.5:14b', 'prompt_hash': 'a6af280e'}",07_legacy_kbrag
12,real_mixed_38,qwen2.5:14b_baseline,136.04431915283203,15.64,0,direct_json,0.636364,0.538462,0.583333,0.0,0,11.8,66.7,1.6,187.0,193.5,30589.7,73.8,11698.5,8571.7,"{'timestamp': '2026-09-01T23:21:59.997813+00:00', 'model_version': 'qwen2.5:14b', 'prompt_hash': 'a6af280e'}",07_legacy_kbrag
12,real_mixed_39,qwen2.5:14b_baseline,142.55962920188904,15.07,0,direct_json,0.8,0.571429,0.666667,0.0,0,16.0,100.0,1.6,182.1,193.5,30686.9,74.2,11698.5,8571.7,"{'timestamp': '2026-09-01T23:22:06.509189+00:00', 'model_version': 'qwen2.5:14b', 'prompt_hash': 'a6af280e'}",07_legacy_kbrag
13,real_mixed_40,qwen2.5:14b_baseline,149.60153198242188,17.52,0,direct_json,0.583333,0.583333,0.583333,0.0,0,10.1,34.7,1.8,163.9,193.5,31120.5,77.0,11698.5,8571.7,"{'timestamp': '2026-09-01T23:22:27.700347+00:00', 'model_version': 'qwen2.5:14b', 'prompt_hash': 'a6af280e'}",07_legacy_kbrag
13,real_mixed_41,qwen2.5:14b_baseline,157.5715320110321,23.78,0,direct_json,0.733333,0.611111,0.666667,0.0,0,12.0,100.0,1.6,159.1,193.5,30930.6,77.2,11698.5,8571.7,"{'timestamp': '2026-09-01T23:22:35.676760+00:00', 'model_version': 'qwen2.5:14b', 'prompt_hash': 'a6af280e'}",07_legacy_kbrag
13,real_mixed_42,qwen2.5:14b_baseline,167.7168140411377,22.52,0,direct_json,0.75,0.625,0.681818,0.0,0,10.2,35.2,1.5,153.8,193.5,30588.7,77.5,11698.5,8571.7,"{'timestamp': '2026-09-01T23:22:45.825636+00:00', 'model_version': 'qwen2.5:14b', 'prompt_hash': 'a6af280e'}",07_legacy_kbrag
14,real_mixed_43,qwen2.5:14b_baseline,195.39224290847775,23.23,0,direct_json,0.75,0.571429,0.648649,0.0,0,11.7,100.0,1.4,140.4,193.5,29401.9,79.1,11698.5,8571.7,"{'timestamp': '2026-09-01T23:23:16.489699+00:00', 'model_version': 'qwen2.5:14b', 'prompt_hash': 'a6af280e'}",07_legacy_kbrag
14,real_mixed_44,qwen2.5:14b_baseline,180.81851983070376,24.6,0,direct_json,0.526316,0.714286,0.606061,0.0,0,10.1,35.2,1.5,146.0,193.5,29939.6,78.5,11698.5,8571.7,"{'timestamp': '2026-09-01T23:23:01.917752+00:00', 'model_version': 'qwen2.5:14b', 'prompt_hash': 'a6af280e'}",07_legacy_kbrag
14,real_mixed_45,qwen2.5:14b_baseline,172.20585894584656,24.15,0,direct_json,0.615385,0.666667,0.64,0.0,0,15.9,100.0,1.5,149.6,193.5,30311.5,78.1,11698.5,8571.7,"{'timestamp': '2026-09-01T23:22:53.300271+00:00', 'model_version': 'qwen2.5:14b', 'prompt_hash': 'a6af280e'}",07_legacy_kbrag
15,real_mixed_46,qwen2.5:14b_baseline,187.27469992637631,24.93,0,direct_json,0.4,0.142857,0.210526,0.0,0,15.7,100.0,1.5,132.5,193.5,29285.6,80.6,11698.5,8571.7,"{'timestamp': '2026-09-01T23:23:25.501451+00:00', 'model_version': 'qwen2.5:14b', 'prompt_hash': 'a6af280e'}",07_legacy_kbrag
15,real_mixed_47,qwen2.5:14b_baseline,199.35553312301636,23.93,0,direct_json,0.594595,0.814815,0.6875,0.081081081081081,3,14.0,70.0,1.4,129.0,193.5,28889.7,81.0,11698.5,8571.7,"{'timestamp': '2026-09-01T23:23:37.592745+00:00', 'model_version': 'qwen2.5:14b', 'prompt_hash': 'a6af280e'}",07_legacy_kbrag
15,real_mixed_48,qwen2.5:14b_baseline,183.31550002098083,24.76,0,direct_json,0.375,0.5,0.428571,0.0,0,9.8,35.2,1.5,133.7,193.5,29426.4,80.5,11698.5,8571.7,"{'timestamp': '2026-09-01T23:23:21.537595+00:00', 'model_version': 'qwen2.5:14b', 'prompt_hash': 'a6af280e'}",07_legacy_kbrag
16,real_mixed_49,qwen2.5:14b_baseline,211.52972102165225,23.18,0,direct_json,0.727273,0.571429,0.64,0.0909090909090909,1,10.4,38.7,1.4,120.8,193.5,28365.6,82.2,11698.5,8571.7,"{'timestamp': '2026-09-01T23:23:58.354726+00:00', 'model_version': 'qwen2.5:14b', 'prompt_hash': 'a6af280e'}",07_legacy_kbrag
16,real_mixed_50,qwen2.5:14b_baseline,196.3306500911713,24.3,0,direct_json,0.4,0.363636,0.380952,0.1,1,11.1,75.0,1.4,124.7,193.5,28787.9,81.8,11698.5,8571.7,"{'timestamp': '2026-09-01T23:23:43.149277+00:00', 'model_version': 'qwen2.5:14b', 'prompt_hash': 'a6af280e'}",07_legacy_kbrag
16,real_mixed_51,qwen2.5:14b_baseline,202.93106698989868,23.95,0,direct_json,0.555556,0.555556,0.555556,0.0,0,10.5,38.7,1.4,123.1,193.5,28597.3,82.0,11698.5,8571.7,"{'timestamp': '2026-09-01T23:23:49.752301+00:00', 'model_version': 'qwen2.5:14b', 'prompt_hash': 'a6af280e'}",07_legacy_kbrag
17,real_mixed_52,qwen2.5:14b_baseline,215.9750111103058,24.37,0,direct_json,0.55,0.785714,0.647059,0.0,0,13.0,100.0,1.3,112.4,193.5,27946.4,83.5,11698.5,8571.7,"{'timestamp': '2026-09-01T23:24:16.371254+00:00', 'model_version': 'qwen2.5:14b', 'prompt_hash': 'a6af280e'}",07_legacy_kbrag
17,real_mixed_53,qwen2.5:14b_baseline,206.90398693084717,24.09,0,direct_json,0.181818,0.333333,0.235294,0.0,0,12.3,100.0,1.5,114.1,193.5,28174.0,83.4,11698.5,8571.7,"{'timestamp': '2026-09-01T23:24:07.291489+00:00', 'model_version': 'qwen2.5:14b', 'prompt_hash': 'a6af280e'}",07_legacy_kbrag
17,real_mixed_54,qwen2.5:14b_baseline,201.9359188079834,23.94,0,direct_json,0.428571,0.75,0.545455,0.0,0,10.6,38.7,1.4,115.0,193.5,28307.2,83.3,11698.5,8571.7,"{'timestamp': '2026-09-01T23:24:02.320787+00:00', 'model_version': 'qwen2.5:14b', 'prompt_hash': 'a6af280e'}",07_legacy_kbrag
18,real_mixed_55,qwen2.5:14b_baseline,208.9296987056732,24.5,0,direct_json,0.230769,0.333333,0.272727,0.0,0,15.5,100.0,1.4,101.0,193.3,27072.5,84.6,11698.5,8571.7,"{'timestamp': '2026-09-01T23:24:31.974766+00:00', 'model_version': 'qwen2.5:14b', 'prompt_hash': 'a6af280e'}",07_legacy_kbrag
18,real_mixed_56,qwen2.5:14b_baseline,217.50260400772095,24.33,0,direct_json,0.411765,0.5,0.451613,0.0,0,12.2,100.0,1.3,100.1,193.3,26902.3,84.7,11698.5,8571.7,"{'timestamp': '2026-09-01T23:24:40.546554+00:00', 'model_version': 'qwen2.5:14b', 'prompt_hash': 'a6af280e'}",07_legacy_kbrag
18,real_mixed_57,qwen2.5:14b_baseline,200.3400480747223,24.45,0,direct_json,0.714286,0.833333,0.769231,0.0476190476190476,1,15.5,100.0,1.4,102.1,193.3,27259.0,84.5,11698.5,8571.7,"{'timestamp': '2026-09-01T23:24:23.389002+00:00', 'model_version': 'qwen2.5:14b', 'prompt_hash': 'a6af280e'}",07_legacy_kbrag
19,real_mixed_58,qwen2.5:14b_baseline,203.89197301864624,24.74,0,direct_json,0.5,0.545455,0.521739,0.0,0,11.8,43.5,1.4,91.0,186.5,26090.1,85.2,11698.5,8571.7,"{'timestamp': '2026-09-01T23:24:46.107125+00:00', 'model_version': 'qwen2.5:14b', 'prompt_hash': 'a6af280e'}",07_legacy_kbrag
19,real_mixed_59,qwen2.5:14b_baseline,222.03295993804932,22.17,0,direct_json,0.555556,0.526316,0.540541,0.0,0,12.0,66.7,1.3,90.0,186.5,25821.3,85.3,11698.5,8571.7,"{'timestamp': '2026-09-01T23:25:04.246936+00:00', 'model_version': 'qwen2.5:14b', 'prompt_hash': 'a6af280e'}",07_legacy_kbrag
19,real_mixed_60,qwen2.5:14b_baseline,210.46275091171265,24.44,0,direct_json,0.888889,0.615385,0.727273,0.0,0,10.4,100.0,1.3,90.6,186.5,25986.2,85.2,11698.5,8571.7,"{'timestamp': '2026-09-01T23:24:52.683138+00:00', 'model_version': 'qwen2.5:14b', 'prompt_hash': 'a6af280e'}",07_legacy_kbrag
20,real_mixed_61,qwen2.5:14b_baseline,220.9737012386322,23.34,0,direct_json,0.56,0.5,0.528302,0.04,1,9.2,39.7,1.3,75.8,185.7,24511.8,86.0,11698.5,8571.7,"{'timestamp': '2026-09-01T23:25:32.484951+00:00', 'model_version': 'qwen2.5:14b', 'prompt_hash': 'a6af280e'}",07_legacy_kbrag
20,real_mixed_62,qwen2.5:14b_baseline,204.43212699890137,24.68,0,direct_json,0.461538,0.545455,0.5,0.0,0,9.5,39.7,1.4,76.0,185.7,24658.6,85.9,11698.5,8571.7,"{'timestamp': '2026-09-01T23:25:15.917301+00:00', 'model_version': 'qwen2.5:14b', 'prompt_hash': 'a6af280e'}",07_legacy_kbrag
20,real_mixed_63,qwen2.5:14b_baseline,197.3700270652771,24.65,0,direct_json,0.111111,0.125,0.117647,0.0,0,9.6,39.7,1.4,75.9,185.7,24729.0,85.9,11698.5,8571.7,"{'timestamp': '2026-09-01T23:25:08.855318+00:00', 'model_version': 'qwen2.5:14b', 'prompt_hash': 'a6af280e'}",07_legacy_kbrag
21,real_mixed_64,qwen2.5:14b_baseline,209.37999320030212,25.1,0,direct_json,0.0,0.0,0.0,0.0,0,8.9,39.7,1.8,74.6,81.1,23328.0,86.2,11698.5,8571.7,"{'timestamp': '2026-09-01T23:25:49.068428+00:00', 'model_version': 'qwen2.5:14b', 'prompt_hash': 'a6af280e'}",07_legacy_kbrag
21,real_mixed_65,qwen2.5:14b_baseline,197.7545211315155,24.65,0,direct_json,0.2,0.125,0.153846,0.0,0,12.0,88.9,1.7,74.7,81.1,23369.6,86.2,11698.5,8571.7,"{'timestamp': '2026-09-01T23:25:37.451958+00:00', 'model_version': 'qwen2.5:14b', 'prompt_hash': 'a6af280e'}",07_legacy_kbrag
21,real_mixed_66,qwen2.5:14b_baseline,204.86522507667544,24.73,0,direct_json,0.3125,0.25,0.277778,0.0,0,9.0,39.7,1.4,74.7,81.1,23342.9,86.2,11698.5,8571.7,"{'timestamp': '2026-09-01T23:25:44.577668+00:00', 'model_version': 'qwen2.5:14b', 'prompt_hash': 'a6af280e'}",07_legacy_kbrag
22,real_mixed_67,qwen2.5:14b_baseline,205.79507398605347,24.27,0,direct_json,0.384615,0.294118,0.333333,0.3076923076923077,4,8.6,39.7,1.4,75.0,81.1,22740.5,86.5,11698.5,8571.7,"{'timestamp': '2026-09-01T23:26:11.718428+00:00', 'model_version': 'qwen2.5:14b', 'prompt_hash': 'a6af280e'}",07_legacy_kbrag
22,real_mixed_68,qwen2.5:14b_baseline,189.20583200454712,23.89,0,direct_json,0.642857,0.692308,0.666667,0.0,0,8.6,39.7,1.4,75.2,81.1,22744.1,86.5,11698.5,8571.7,"{'timestamp': '2026-09-01T23:25:55.116271+00:00', 'model_version': 'qwen2.5:14b', 'prompt_hash': 'a6af280e'}",07_legacy_kbrag
22,real_mixed_69,qwen2.5:14b_baseline,197.2480010986328,24.16,0,direct_json,0.714286,0.625,0.666667,0.0,0,8.6,39.7,1.4,75.3,81.1,22749.3,86.5,11698.5,8571.7,"{'timestamp': '2026-09-01T23:26:03.178747+00:00', 'model_version': 'qwen2.5:14b', 'prompt_hash': 'a6af280e'}",07_legacy_kbrag
23,real_mixed_70,qwen2.5:14b_baseline,190.29676485061648,24.29,0,direct_json,0.631579,0.571429,0.6,0.0,0,8.6,39.7,1.5,75.4,81.1,22748.3,86.6,11698.5,8571.7,"{'timestamp': '2026-09-01T23:26:26.875340+00:00', 'model_version': 'qwen2.5:14b', 'prompt_hash': 'a6af280e'}",07_legacy_kbrag
23,real_mixed_71,qwen2.5:14b_baseline,197.27678298950195,24.62,0,direct_json,0.4,0.333333,0.363636,0.0,0,11.5,100.0,1.4,75.3,81.1,22746.4,86.6,11698.5,8571.7,"{'timestamp': '2026-09-01T23:26:33.859957+00:00', 'model_version': 'qwen2.5:14b', 'prompt_hash': 'a6af280e'}",07_legacy_kbrag
23,real_mixed_72,qwen2.5:14b_baseline,182.15473890304563,24.63,0,direct_json,0.545455,0.428571,0.48,0.0,0,11.6,67.9,1.4,75.3,81.1,22749.3,86.6,11698.5,8571.7,"{'timestamp': '2026-09-01T23:26:18.727718+00:00', 'model_version': 'qwen2.5:14b', 'prompt_hash': 'a6af280e'}",07_legacy_kbrag
24,real_mixed_73,qwen2.5:14b_baseline,193.25529074668884,23.63,0,direct_json,0.818182,0.6,0.692308,0.0,0,12.1,83.3,1.4,75.1,81.1,22752.3,86.6,11698.5,8571.7,"{'timestamp': '2026-09-01T23:26:50.929797+00:00', 'model_version': 'qwen2.5:14b', 'prompt_hash': 'a6af280e'}",07_legacy_kbrag
24,real_mixed_74,qwen2.5:14b_baseline,186.20953011512756,24.49,0,direct_json,0.75,0.6,0.666667,0.0,0,9.8,42.9,1.6,75.3,81.1,22750.0,86.6,11698.5,8571.7,"{'timestamp': '2026-09-01T23:26:43.874512+00:00', 'model_version': 'qwen2.5:14b', 'prompt_hash': 'a6af280e'}",07_legacy_kbrag
24,real_mixed_75,qwen2.5:14b_baseline,180.6552538871765,24.31,0,direct_json,0.5,0.666667,0.571429,0.0,0,13.6,100.0,1.5,75.3,81.1,22741.4,86.6,11698.5,8571.7,"{'timestamp': '2026-09-01T23:26:38.312413+00:00', 'model_version': 'qwen2.5:14b', 'prompt_hash': 'a6af280e'}",07_legacy_kbrag
25,real_mixed_76,qwen2.5:14b_baseline,173.6753830909729,25.8,0,direct_json,0.0,0.0,0.0,0.0,0,7.9,47.7,1.5,75.8,81.1,22739.6,86.6,11698.5,8571.7,"{'timestamp': '2026-09-01T23:26:52.102069+00:00', 'model_version': 'qwen2.5:14b', 'prompt_hash': 'a6af280e'}",07_legacy_kbrag
25,real_mixed_77,qwen2.5:14b_baseline,185.1613621711731,23.7,0,direct_json,0.590909,0.65,0.619048,0.0,0,8.2,47.7,1.5,75.4,81.1,22753.9,86.6,11698.5,8571.7,"{'timestamp': '2026-09-01T23:27:03.624515+00:00', 'model_version': 'qwen2.5:14b', 'prompt_hash': 'a6af280e'}",07_legacy_kbrag
25,real_mixed_78,qwen2.5:14b_baseline,194.27683305740356,23.01,0,direct_json,0.272727,0.75,0.4,0.0,0,8.4,47.7,1.4,74.9,81.1,22765.9,86.6,11698.5,8571.7,"{'timestamp': '2026-09-01T23:27:12.709694+00:00', 'model_version': 'qwen2.5:14b', 'prompt_hash': 'a6af280e'}",07_legacy_kbrag
26,real_mixed_79,qwen2.5:14b_baseline,206.322163105011,23.83,0,direct_json,0.777778,0.7,0.736842,0.0,0,15.0,67.9,1.5,89.3,177.0,22792.2,86.6,11698.5,8571.7,"{'timestamp': '2026-09-01T23:27:42.763473+00:00', 'model_version': 'qwen2.5:14b', 'prompt_hash': 'a6af280e'}",07_legacy_kbrag
26,real_mixed_80,qwen2.5:14b_baseline,195.2835569381714,24.17,0,direct_json,0.6,0.75,0.666667,0.0,0,12.3,100.0,1.5,84.4,177.0,22788.0,86.6,11698.5,8571.7,"{'timestamp': '2026-09-01T23:27:31.742591+00:00', 'model_version': 'qwen2.5:14b', 'prompt_hash': 'a6af280e'}",07_legacy_kbrag
26,real_mixed_81,qwen2.5:14b_baseline,182.22525024414065,24.04,0,direct_json,0.625,0.454545,0.526316,0.0,0,10.8,100.0,1.6,77.7,176.8,22771.7,86.6,11698.5,8571.7,"{'timestamp': '2026-09-01T23:27:18.680141+00:00', 'model_version': 'qwen2.5:14b', 'prompt_hash': 'a6af280e'}",07_legacy_kbrag
27,real_mixed_82,qwen2.5:14b_baseline,198.83204102516177,24.71,0,direct_json,0.4,0.444444,0.421053,0.1,1,10.3,60.0,1.5,98.4,180.6,22792.5,86.6,11698.5,8571.7,"{'timestamp': '2026-09-01T23:27:59.453802+00:00', 'model_version': 'qwen2.5:14b', 'prompt_hash': 'a6af280e'}",07_legacy_kbrag
27,real_mixed_83,qwen2.5:14b_baseline,187.27293705940247,24.75,0,direct_json,0.727273,0.8,0.761905,0.0,0,10.2,60.0,1.5,93.3,180.6,22792.6,86.6,11698.5,8571.7,"{'timestamp': '2026-09-01T23:27:47.902395+00:00', 'model_version': 'qwen2.5:14b', 'prompt_hash': 'a6af280e'}",07_legacy_kbrag
27,real_mixed_84,qwen2.5:14b_baseline,192.22983121871948,24.89,0,direct_json,0.714286,0.555556,0.625,0.0,0,11.8,53.8,1.5,95.6,180.5,22793.7,86.6,11698.5,8571.7,"{'timestamp': '2026-09-01T23:27:52.855032+00:00', 'model_version': 'qwen2.5:14b', 'prompt_hash': 'a6af280e'}",07_legacy_kbrag
28,real_mixed_85,qwen2.5:14b_baseline,180.20615410804749,24.37,0,direct_json,0.625,0.625,0.625,0.125,1,8.8,100.0,1.5,103.4,184.5,22800.2,86.6,11698.5,8571.7,"{'timestamp': '2026-09-01T23:28:04.530727+00:00', 'model_version': 'qwen2.5:14b', 'prompt_hash': 'a6af280e'}",07_legacy_kbrag
28,real_mixed_86,qwen2.5:14b_baseline,191.73364090919495,24.34,0,direct_json,0.727273,0.615385,0.666667,0.0,0,11.8,65.6,1.7,102.4,184.7,22797.8,86.6,11698.5,8571.7,"{'timestamp': '2026-09-01T23:28:16.062748+00:00', 'model_version': 'qwen2.5:14b', 'prompt_hash': 'a6af280e'}",07_legacy_kbrag
28,real_mixed_87,qwen2.5:14b_baseline,184.72928190231323,24.62,0,direct_json,0.666667,0.571429,0.615385,0.0,0,9.7,62.5,1.6,103.6,184.7,22800.1,86.6,11698.5,8571.7,"{'timestamp': '2026-09-01T23:28:09.050295+00:00', 'model_version': 'qwen2.5:14b', 'prompt_hash': 'a6af280e'}",07_legacy_kbrag
29,real_mixed_88,qwen2.5:14b_baseline,167.14642214775083,25.21,0,direct_json,0.428571,0.75,0.545455,0.0,0,8.5,47.7,1.6,106.3,184.7,22812.3,86.6,11698.5,8571.7,"{'timestamp': '2026-09-01T23:28:19.702467+00:00', 'model_version': 'qwen2.5:14b', 'prompt_hash': 'a6af280e'}",07_legacy_kbrag
29,real_mixed_89,qwen2.5:14b_baseline,172.17929077148438,23.38,0,direct_json,0.666667,0.307692,0.421053,0.0,0,8.5,47.7,1.6,105.4,184.7,22808.6,86.6,11698.5,8571.7,"{'timestamp': '2026-09-01T23:28:24.740624+00:00', 'model_version': 'qwen2.5:14b', 'prompt_hash': 'a6af280e'}",07_legacy_kbrag
29,real_mixed_90,qwen2.5:14b_baseline,179.76261401176453,23.63,0,direct_json,0.428571,0.75,0.545455,0.0,0,8.5,47.7,1.7,104.5,184.7,22807.3,86.6,11698.5,8571.7,"{'timestamp': '2026-09-01T23:28:32.320091+00:00', 'model_version': 'qwen2.5:14b', 'prompt_hash': 'a6af280e'}",07_legacy_kbrag
30,real_mixed_91,qwen2.5:14b_baseline,182.77740001678467,24.56,0,direct_json,0.636364,0.583333,0.608696,0.0,0,8.6,47.7,1.6,103.8,184.7,22817.8,86.6,11698.5,8571.7,"{'timestamp': '2026-09-01T23:28:51.940089+00:00', 'model_version': 'qwen2.5:14b', 'prompt_hash': 'a6af280e'}",07_legacy_kbrag
30,real_mixed_92,qwen2.5:14b_baseline,176.18074297904968,23.74,0,direct_json,0.615385,0.533333,0.571429,0.0,0,9.1,50.0,1.6,104.9,184.7,22821.6,86.6,11698.5,8571.7,"{'timestamp': '2026-09-01T23:28:45.339604+00:00', 'model_version': 'qwen2.5:14b', 'prompt_hash': 'a6af280e'}",07_legacy_kbrag
30,real_mixed_93,qwen2.5:14b_baseline,169.17815613746643,24.41,0,direct_json,0.583333,0.7,0.636364,0.0,0,8.7,47.7,1.6,106.2,184.7,22823.1,86.6,11698.5,8571.7,"{'timestamp': '2026-09-01T23:28:38.329712+00:00', 'model_version': 'qwen2.5:14b', 'prompt_hash': 'a6af280e'}",07_legacy_kbrag
31,real_mixed_94,qwen2.5:14b_baseline,177.75000023841858,23.95,0,direct_json,0.642857,0.45,0.529412,0.0,0,8.5,47.7,1.6,104.9,184.7,22822.4,86.6,11698.5,8571.7,"{'timestamp': '2026-09-01T23:29:09.569494+00:00', 'model_version': 'qwen2.5:14b', 'prompt_hash': 'a6af280e'}",07_legacy_kbrag
31,real_mixed_95,qwen2.5:14b_baseline,164.64633011817932,25.02,0,direct_json,0.0,0.0,0.0,0.0,0,8.6,47.7,1.6,107.3,184.7,22826.4,86.6,11698.5,8571.7,"{'timestamp': '2026-09-01T23:28:56.444074+00:00', 'model_version': 'qwen2.5:14b', 'prompt_hash': 'a6af280e'}",07_legacy_kbrag
31,real_mixed_96,qwen2.5:14b_baseline,170.68225193023682,24.37,0,direct_json,0.466667,0.583333,0.518519,0.0,0,8.6,47.7,1.6,106.2,184.7,22824.5,86.6,11698.5,8571.7,"{'timestamp': '2026-09-01T23:29:02.488690+00:00', 'model_version': 'qwen2.5:14b', 'prompt_hash': 'a6af280e'}",07_legacy_kbrag
32,real_mixed_97,qwen2.5:14b_baseline,165.1228928565979,24.89,0,direct_json,0.615385,0.888889,0.727273,0.0,0,9.1,47.7,1.6,107.2,184.7,22833.2,86.6,11698.5,8571.7,"{'timestamp': '2026-09-01T23:29:19.068115+00:00', 'model_version': 'qwen2.5:14b', 'prompt_hash': 'a6af280e'}",07_legacy_kbrag
32,real_mixed_98,qwen2.5:14b_baseline,175.667494058609,23.78,0,direct_json,0.578947,0.392857,0.468085,0.0,0,9.7,47.7,1.6,105.2,184.7,22822.7,86.6,11698.5,8571.7,"{'timestamp': '2026-09-01T23:29:29.631862+00:00', 'model_version': 'qwen2.5:14b', 'prompt_hash': 'a6af280e'}",07_legacy_kbrag
32,real_mixed_99,qwen2.5:14b_baseline,159.58838081359863,23.82,0,direct_json,0.25,1.0,0.4,0.0,0,9.8,52.9,1.6,108.3,184.7,22836.0,86.6,11698.5,8571.7,"{'timestamp': '2026-09-01T23:29:13.522684+00:00', 'model_version': 'qwen2.5:14b', 'prompt_hash': 'a6af280e'}",07_legacy_kbrag
33,real_mixed_100,qwen2.5:14b_baseline,172.19560599327087,24.7,0,direct_json,0.176471,0.428571,0.25,0.0,0,11.1,62.5,1.5,105.7,184.7,22806.6,86.6,11698.5,8571.7,"{'timestamp': '2026-09-01T23:29:43.199574+00:00', 'model_version': 'qwen2.5:14b', 'prompt_hash': 'a6af280e'}",07_legacy_kbrag
33,real_mixed_101,qwen2.5:14b_baseline,165.1651771068573,24.73,0,direct_json,0.2,0.285714,0.235294,0.0,0,10.0,100.0,1.7,107.1,184.7,22813.7,86.6,11698.5,8571.7,"{'timestamp': '2026-09-01T23:29:36.170547+00:00', 'model_version': 'qwen2.5:14b', 'prompt_hash': 'a6af280e'}",07_legacy_kbrag
33,real_mixed_102,qwen2.5:14b_baseline,160.12953114509585,24.98,0,direct_json,0.0,0.0,0.0,0.0,0,11.2,58.1,1.6,108.3,184.7,22817.4,86.6,11698.5,8571.7,"{'timestamp': '2026-09-01T23:29:31.127282+00:00', 'model_version': 'qwen2.5:14b', 'prompt_hash': 'a6af280e'}",07_legacy_kbrag
34,real_mixed_103,qwen2.5:14b_baseline,152.54818987846377,25.56,0,direct_json,0.0,0.0,0.0,0.0,0,7.7,35.1,1.6,111.0,184.7,22776.5,86.6,11698.5,8571.7,"{'timestamp': '2026-09-01T23:29:45.390333+00:00', 'model_version': 'qwen2.5:14b', 'prompt_hash': 'a6af280e'}",07_legacy_kbrag
34,real_mixed_104,qwen2.5:14b_baseline,159.0827569961548,24.75,0,direct_json,0.3125,0.5,0.384615,0.0625,1,7.6,41.7,1.6,109.4,184.7,22767.0,86.6,11698.5,8571.7,"{'timestamp': '2026-09-01T23:29:51.937150+00:00', 'model_version': 'qwen2.5:14b', 'prompt_hash': 'a6af280e'}",07_legacy_kbrag
34,real_mixed_105,qwen2.5:14b_baseline,166.1725890636444,24.44,0,direct_json,0.5,0.6,0.545455,0.0,0,7.5,35.1,1.5,107.7,184.7,22760.9,86.6,11698.5,8571.7,"{'timestamp': '2026-09-01T23:29:59.024468+00:00', 'model_version': 'qwen2.5:14b', 'prompt_hash': 'a6af280e'}",07_legacy_kbrag
35,real_mixed_106,qwen2.5:14b_baseline,140.45554041862488,25.1,0,direct_json,0.142857,0.5,0.222222,0.0,0,13.4,58.1,1.7,91.7,184.7,22719.1,86.6,11698.5,8571.7,"{'timestamp': '2026-09-01T23:30:03.299709+00:00', 'model_version': 'qwen2.5:14b', 'prompt_hash': 'a6af280e'}",07_legacy_kbrag
35,real_mixed_107,qwen2.5:14b_baseline,154.58663296699524,23.44,0,direct_json,0.857143,0.923077,0.888889,0.0,0,13.1,57.3,1.6,89.9,184.7,22719.6,86.6,11698.5,8571.7,"{'timestamp': '2026-09-01T23:30:17.436234+00:00', 'model_version': 'qwen2.5:14b', 'prompt_hash': 'a6af280e'}",07_legacy_kbrag
35,real_mixed_108,qwen2.5:14b_baseline,144.9972710609436,24.94,0,direct_json,0.5,0.6,0.545455,0.0,0,13.6,85.7,1.6,91.1,184.7,22718.3,86.6,11698.5,8571.7,"{'timestamp': '2026-09-01T23:30:07.845032+00:00', 'model_version': 'qwen2.5:14b', 'prompt_hash': 'a6af280e'}",07_legacy_kbrag
36,real_mixed_109,qwen2.5:14b_baseline,163.6742660999298,22.51,0,direct_json,0.608696,0.583333,0.595745,0.0,0,10.0,100.0,1.4,77.7,184.7,22884.2,86.6,11698.5,8571.7,"{'timestamp': '2026-09-01T23:30:43.226483+00:00', 'model_version': 'qwen2.5:14b', 'prompt_hash': 'a6af280e'}",07_legacy_kbrag
36,real_mixed_110,qwen2.5:14b_baseline,153.55652117729187,24.3,0,direct_json,0.533333,0.444444,0.484848,0.0,0,9.6,100.0,1.5,78.2,184.7,22717.4,86.6,11698.5,8571.7,"{'timestamp': '2026-09-01T23:30:33.101889+00:00', 'model_version': 'qwen2.5:14b', 'prompt_hash': 'a6af280e'}",07_legacy_kbrag
36,real_mixed_111,qwen2.5:14b_baseline,143.4963572025299,23.85,0,direct_json,0.545455,0.206897,0.3,0.0,0,9.2,100.0,1.7,78.7,184.7,22719.5,86.6,11698.5,8571.7,"{'timestamp': '2026-09-01T23:30:23.056806+00:00', 'model_version': 'qwen2.5:14b', 'prompt_hash': 'a6af280e'}",07_legacy_kbrag
37,real_mixed_112,qwen2.5:14b_baseline,153.13194799423218,16.55,0,direct_json,0.272727,0.6,0.375,0.0909090909090909,1,9.0,35.1,1.5,73.0,77.9,23164.5,86.7,11698.5,8571.7,"{'timestamp': '2026-09-01T23:30:49.273003+00:00', 'model_version': 'qwen2.5:14b', 'prompt_hash': 'a6af280e'}",07_legacy_kbrag
37,real_mixed_113,qwen2.5:14b_baseline,160.1585249900818,15.1,0,direct_json,0.714286,0.555556,0.625,0.0,0,9.5,50.0,1.5,72.5,77.9,23442.8,86.8,11698.5,8571.7,"{'timestamp': '2026-09-01T23:30:56.305532+00:00', 'model_version': 'qwen2.5:14b', 'prompt_hash': 'a6af280e'}",07_legacy_kbrag
37,real_mixed_114,qwen2.5:14b_baseline,168.1808168888092,15.22,0,direct_json,0.363636,0.571429,0.444444,0.0,0,10.3,50.0,1.4,71.3,77.9,23720.4,86.9,11698.5,8571.7,"{'timestamp': '2026-09-01T23:31:04.327948+00:00', 'model_version': 'qwen2.5:14b', 'prompt_hash': 'a6af280e'}",07_legacy_kbrag
38,real_mixed_115,qwen2.5:14b_baseline,157.1156439781189,14.35,0,direct_json,0.5,1.0,0.666667,0.0,0,9.1,56.2,1.4,70.6,77.9,24007.7,87.1,11698.5,8571.7,"{'timestamp': '2026-09-01T23:31:09.504919+00:00', 'model_version': 'qwen2.5:14b', 'prompt_hash': 'a6af280e'}",07_legacy_kbrag
38,real_mixed_116,qwen2.5:14b_baseline,163.16189908981323,15.27,0,direct_json,0.4,1.0,0.571429,0.0,0,9.1,60.0,1.3,70.4,77.9,24221.4,87.2,11698.5,8571.7,"{'timestamp': '2026-09-01T23:31:15.551777+00:00', 'model_version': 'qwen2.5:14b', 'prompt_hash': 'a6af280e'}",07_legacy_kbrag
38,real_mixed_117,qwen2.5:14b_baseline,173.68623995780945,24.33,0,direct_json,0.2,0.375,0.26087,0.0,0,9.0,46.8,1.3,68.5,77.9,24490.9,87.1,11698.5,8571.7,"{'timestamp': '2026-09-01T23:31:26.084488+00:00', 'model_version': 'qwen2.5:14b', 'prompt_hash': 'a6af280e'}",07_legacy_kbrag
39,real_mixed_118,qwen2.5:14b_baseline,172.72388672828674,15.09,0,direct_json,0.571429,0.8,0.666667,0.0,0,11.0,59.0,1.2,65.2,76.9,25165.4,87.3,11698.5,8571.7,"{'timestamp': '2026-09-01T23:31:44.740122+00:00', 'model_version': 'qwen2.5:14b', 'prompt_hash': 'a6af280e'}",07_legacy_kbrag
39,real_mixed_119,qwen2.5:14b_baseline,160.15073990821838,22.07,0,direct_json,0.571429,0.666667,0.615385,0.0,0,10.8,100.0,1.3,67.4,76.9,24838.4,87.1,11698.5,8571.7,"{'timestamp': '2026-09-01T23:31:32.169363+00:00', 'model_version': 'qwen2.5:14b', 'prompt_hash': 'a6af280e'}",07_legacy_kbrag
39,real_mixed_120,qwen2.5:14b_baseline,167.18421816825867,14.6,0,direct_json,0.444444,0.8,0.571429,0.0,0,11.3,59.1,1.3,66.1,76.9,25026.3,87.3,11698.5,8571.7,"{'timestamp': '2026-09-01T23:31:39.203864+00:00', 'model_version': 'qwen2.5:14b', 'prompt_hash': 'a6af280e'}",07_legacy_kbrag
4,real_mixed_13,qwen2.5:14b_kb_rag,26.268237829208378,22.92,0,direct_json,0.52381,0.647059,0.578947,0.0,0,11.0,62.6,26.0,296.9,1249.1,27071.6,86.7,11698.5,8571.7,"{'timestamp': '2026-09-01T23:32:12.893467+00:00', 'model_version': 'qwen2.5:14b', 'prompt_hash': 'a6af280e'}",07_legacy_kbrag
4,real_mixed_14,qwen2.5:14b_kb_rag,36.324772119522095,23.83,0,direct_json,0.727273,0.666667,0.695652,0.0,0,9.2,62.6,17.9,228.1,1260.1,25841.8,86.6,11698.5,8571.7,"{'timestamp': '2026-09-01T23:32:23.029699+00:00', 'model_version': 'qwen2.5:14b', 'prompt_hash': 'a6af280e'}",07_legacy_kbrag
4,real_mixed_15,qwen2.5:14b_kb_rag,12.748960971832275,16.0,0,direct_json,0.315789,0.666667,0.428571,0.0,0,17.6,65.1,63.2,531.9,963.5,29251.5,89.9,11698.5,8571.7,"{'timestamp': '2026-09-01T23:31:59.024813+00:00', 'model_version': 'qwen2.5:14b', 'prompt_hash': 'a6af280e'}",07_legacy_kbrag
8,real_mixed_25,qwen2.5:14b_kb_rag,55.00503706932068,23.77,0,direct_json,0.6,0.5,0.545455,0.0,0,8.7,62.6,11.4,230.0,1247.4,24700.4,86.6,11698.5,8571.7,"{'timestamp': '2026-09-01T23:32:42.094703+00:00', 'model_version': 'qwen2.5:14b', 'prompt_hash': 'a6af280e'}",07_legacy_kbrag
8,real_mixed_26,qwen2.5:14b_kb_rag,48.67212271690369,23.91,0,direct_json,0.5625,0.5,0.529412,0.0,0,9.0,62.6,15.2,231.9,1261.5,24963.0,86.6,11698.5,8571.7,"{'timestamp': '2026-09-01T23:32:35.637033+00:00', 'model_version': 'qwen2.5:14b', 'prompt_hash': 'a6af280e'}",07_legacy_kbrag
8,real_mixed_27,qwen2.5:14b_kb_rag,77.06020903587341,22.98,0,direct_json,0.8,0.740741,0.769231,0.0,0,15.8,66.7,7.0,184.9,915.7,24149.4,86.6,11698.5,8571.7,"{'timestamp': '2026-09-01T23:33:04.403815+00:00', 'model_version': 'qwen2.5:14b', 'prompt_hash': 'a6af280e'}",07_legacy_kbrag
1,real_mixed_4,qwen2.5:14b_kb_rag,86.721440076828,23.95,0,direct_json,0.909091,0.714286,0.8,0.0,0,8.2,62.6,8.6,189.4,934.8,23978.6,86.6,11698.5,8571.7,"{'timestamp': '2026-09-01T23:33:14.176812+00:00', 'model_version': 'qwen2.5:14b', 'prompt_hash': 'a6af280e'}",07_legacy_kbrag
1,real_mixed_5,qwen2.5:14b_kb_rag,110.28725504875185,23.69,0,direct_json,0.357143,0.5,0.416667,0.0,0,7.9,62.6,9.1,179.6,836.2,23673.4,86.5,11698.5,8571.7,"{'timestamp': '2026-09-01T23:33:38.230770+00:00', 'model_version': 'qwen2.5:14b', 'prompt_hash': 'a6af280e'}",07_legacy_kbrag
1,real_mixed_6,qwen2.5:14b_kb_rag,123.87413883209229,23.85,0,direct_json,0.722222,0.722222,0.722222,0.0,0,8.9,66.7,6.3,171.9,838.8,23557.0,86.5,11698.5,8571.7,"{'timestamp': '2026-09-01T23:33:51.842302+00:00', 'model_version': 'qwen2.5:14b', 'prompt_hash': 'a6af280e'}",07_legacy_kbrag
6,real_mixed_19,qwen2.5:14b_kb_rag,116.31309914588928,24.56,0,direct_json,0.894737,0.85,0.871795,0.0,0,9.3,66.7,8.5,176.4,836.2,23618.0,86.5,11698.5,8571.7,"{'timestamp': '2026-09-01T23:33:44.270013+00:00', 'model_version': 'qwen2.5:14b', 'prompt_hash': 'a6af280e'}",07_legacy_kbrag
6,real_mixed_20,qwen2.5:14b_kb_rag,133.44983911514282,24.31,0,direct_json,0.5,0.3125,0.384615,0.0,0,11.1,100.0,4.6,185.5,835.2,23477.9,86.5,11698.5,8571.7,"{'timestamp': '2026-09-01T23:34:01.382308+00:00', 'model_version': 'qwen2.5:14b', 'prompt_hash': 'a6af280e'}",07_legacy_kbrag
6,real_mixed_21,qwen2.5:14b_kb_rag,146.66026711463928,24.21,0,direct_json,0.7,0.5,0.583333,0.0,0,7.4,62.6,4.0,188.6,841.7,23401.4,86.4,11698.5,8571.7,"{'timestamp': '2026-09-01T23:34:14.658115+00:00', 'model_version': 'qwen2.5:14b', 'prompt_hash': 'a6af280e'}",07_legacy_kbrag
2,real_mixed_7,qwen2.5:14b_kb_rag,96.22404313087463,24.05,0,direct_json,0.538462,0.5,0.518519,0.0,0,14.6,66.9,8.7,193.1,1002.9,23854.4,86.6,11698.5,8571.7,"{'timestamp': '2026-09-01T23:33:23.536970+00:00', 'model_version': 'qwen2.5:14b', 'prompt_hash': 'a6af280e'}",07_legacy_kbrag
2,real_mixed_8,qwen2.5:14b_kb_rag,179.7594437599182,24.44,0,direct_json,0.5,0.333333,0.4,0.0,0,12.3,66.5,5.0,200.0,833.0,23212.1,86.4,11698.5,8571.7,"{'timestamp': '2026-09-01T23:34:47.620170+00:00', 'model_version': 'qwen2.5:14b', 'prompt_hash': 'a6af280e'}",07_legacy_kbrag
2,real_mixed_9,qwen2.5:14b_kb_rag,168.7426929473877,24.47,0,direct_json,0.444444,0.4,0.421053,0.0,0,7.1,62.6,4.3,199.6,841.8,23263.4,86.4,11698.5,8571.7,"{'timestamp': '2026-09-01T23:34:36.742666+00:00', 'model_version': 'qwen2.5:14b', 'prompt_hash': 'a6af280e'}",07_legacy_kbrag
5,real_mixed_16,qwen2.5:14b_kb_rag,61.52878284454346,23.69,0,direct_json,0.75,0.666667,0.705882,0.0,0,10.2,64.0,8.1,208.4,852.9,24503.8,86.6,11698.5,8571.7,"{'timestamp': '2026-09-01T23:32:48.882417+00:00', 'model_version': 'qwen2.5:14b', 'prompt_hash': 'a6af280e'}",07_legacy_kbrag
5,real_mixed_17,qwen2.5:14b_kb_rag,151.0688898563385,25.19,0,direct_json,0.5,1.0,0.666667,0.0,0,12.9,68.9,5.9,196.9,1002.9,23371.1,86.4,11698.5,8571.7,"{'timestamp': '2026-09-01T23:34:18.907363+00:00', 'model_version': 'qwen2.5:14b', 'prompt_hash': 'a6af280e'}",07_legacy_kbrag
5,real_mixed_18,qwen2.5:14b_kb_rag,186.3943657875061,24.33,0,direct_json,0.8,0.666667,0.727273,0.0,0,7.0,62.6,5.3,213.7,840.9,23183.2,86.4,11698.5,8571.7,"{'timestamp': '2026-09-01T23:34:54.389552+00:00', 'model_version': 'qwen2.5:14b', 'prompt_hash': 'a6af280e'}",07_legacy_kbrag
7,real_mixed_22,qwen2.5:14b_kb_rag,154.04325699806213,25.29,0,direct_json,0.0,0.0,0.0,0.0,0,8.9,100.0,6.5,198.2,837.3,23349.8,86.4,11698.5,8571.7,"{'timestamp': '2026-09-01T23:34:22.006437+00:00', 'model_version': 'qwen2.5:14b', 'prompt_hash': 'a6af280e'}",07_legacy_kbrag
7,real_mixed_23,qwen2.5:14b_kb_rag,192.45772910118103,24.23,0,direct_json,0.818182,0.6,0.692308,0.0,0,7.1,62.6,5.3,227.0,838.9,23169.0,86.4,11698.5,8571.7,"{'timestamp': '2026-09-01T23:35:00.443199+00:00', 'model_version': 'qwen2.5:14b', 'prompt_hash': 'a6af280e'}",07_legacy_kbrag
7,real_mixed_24,qwen2.5:14b_kb_rag,174.34057021141052,24.61,0,direct_json,0.5,0.571429,0.533333,0.0,0,7.0,62.6,4.3,199.9,841.8,23238.8,86.4,11698.5,8571.7,"{'timestamp': '2026-09-01T23:34:42.333742+00:00', 'model_version': 'qwen2.5:14b', 'prompt_hash': 'a6af280e'}",07_legacy_kbrag
0,real_mixed_1,qwen2.5:14b_kb_rag,102.8270230293274,24.05,0,direct_json,0.8,0.923077,0.857143,0.0,0,7.9,62.6,7.9,187.8,1203.0,23747.7,86.5,11698.5,8571.7,"{'timestamp': '2026-09-01T23:33:30.451055+00:00', 'model_version': 'qwen2.5:14b', 'prompt_hash': 'a6af280e'}",07_legacy_kbrag
0,real_mixed_2,qwen2.5:14b_kb_rag,210.63736391067505,24.23,0,direct_json,0.6,0.5,0.545455,0.0,0,7.1,62.6,6.1,242.5,838.8,23132.8,86.5,11698.5,8571.7,"{'timestamp': '2026-09-01T23:35:18.627827+00:00', 'model_version': 'qwen2.5:14b', 'prompt_hash': 'a6af280e'}",07_legacy_kbrag
0,real_mixed_3,qwen2.5:14b_kb_rag,139.48114895820618,24.33,0,direct_json,0.555556,0.416667,0.47619,0.0,0,7.7,62.6,4.2,186.8,838.9,23440.2,86.4,11698.5,8571.7,"{'timestamp': '2026-09-01T23:34:07.474889+00:00', 'model_version': 'qwen2.5:14b', 'prompt_hash': 'a6af280e'}",07_legacy_kbrag
3,real_mixed_10,qwen2.5:14b_kb_rag,162.69556307792664,24.51,0,direct_json,0.307692,0.666667,0.421053,0.0,0,11.7,66.9,5.3,200.3,915.7,23295.6,86.4,11698.5,8571.7,"{'timestamp': '2026-09-01T23:34:30.547164+00:00', 'model_version': 'qwen2.5:14b', 'prompt_hash': 'a6af280e'}",07_legacy_kbrag
3,real_mixed_11,qwen2.5:14b_kb_rag,203.5275571346283,23.55,0,direct_json,0.789474,0.833333,0.810811,0.0,0,7.1,62.6,6.2,239.9,840.9,23149.2,86.5,11698.5,8571.7,"{'timestamp': '2026-09-01T23:35:11.524237+00:00', 'model_version': 'qwen2.5:14b', 'prompt_hash': 'a6af280e'}",07_legacy_kbrag
3,real_mixed_12,qwen2.5:14b_kb_rag,217.6570131778717,24.33,0,direct_json,0.5,0.857143,0.631579,0.0,0,7.1,62.6,6.4,256.7,841.4,23118.9,86.5,11698.5,8571.7,"{'timestamp': '2026-09-01T23:35:25.652164+00:00', 'model_version': 'qwen2.5:14b', 'prompt_hash': 'a6af280e'}",07_legacy_kbrag
9,real_mixed_28,qwen2.5:14b_kb_rag,203.5322468280792,24.17,0,direct_json,0.545455,0.4,0.461538,0.0,0,6.8,33.8,6.4,294.5,748.9,22640.7,86.4,11698.5,8571.7,"{'timestamp': '2026-09-01T23:35:46.985429+00:00', 'model_version': 'qwen2.5:14b', 'prompt_hash': 'a6af280e'}",07_legacy_kbrag
9,real_mixed_29,qwen2.5:14b_kb_rag,191.98137378692627,24.22,0,direct_json,0.363636,0.666667,0.470588,0.0,0,6.8,33.8,6.6,288.6,748.9,22618.6,86.4,11698.5,8571.7,"{'timestamp': '2026-09-01T23:35:35.434628+00:00', 'model_version': 'qwen2.5:14b', 'prompt_hash': 'a6af280e'}",07_legacy_kbrag
9,real_mixed_30,qwen2.5:14b_kb_rag,196.4877769947052,24.41,0,direct_json,0.5,0.5,0.5,0.0,0,6.8,33.8,6.5,292.7,748.9,22628.7,86.4,11698.5,8571.7,"{'timestamp': '2026-09-01T23:35:39.933136+00:00', 'model_version': 'qwen2.5:14b', 'prompt_hash': 'a6af280e'}",07_legacy_kbrag
10,real_mixed_31,qwen2.5:14b_kb_rag,165.33560919761658,25.06,0,direct_json,0.2,0.5,0.285714,0.0,0,8.7,96.4,7.4,331.2,748.9,22627.0,86.3,11698.5,8571.7,"{'timestamp': '2026-09-01T23:35:50.196955+00:00', 'model_version': 'qwen2.5:14b', 'prompt_hash': 'a6af280e'}",07_legacy_kbrag
10,real_mixed_32,qwen2.5:14b_kb_rag,178.40895700454712,24.13,0,direct_json,0.307692,0.571429,0.4,0.0,0,8.2,96.4,6.9,327.5,748.9,22643.9,86.3,11698.5,8571.7,"{'timestamp': '2026-09-01T23:36:03.274097+00:00', 'model_version': 'qwen2.5:14b', 'prompt_hash': 'a6af280e'}",07_legacy_kbrag
10,real_mixed_33,qwen2.5:14b_kb_rag,172.73928713798523,23.8,0,direct_json,0.6,0.461538,0.521739,0.1,1,10.8,77.8,7.2,329.5,748.9,22636.8,86.3,11698.5,8571.7,"{'timestamp': '2026-09-01T23:35:57.625494+00:00', 'model_version': 'qwen2.5:14b', 'prompt_hash': 'a6af280e'}",07_legacy_kbrag
11,real_mixed_34,qwen2.5:14b_kb_rag,144.11594891548157,24.38,0,direct_json,0.375,0.3,0.333333,0.0,0,9.9,96.4,8.6,386.9,748.9,22669.8,86.3,11698.5,8571.7,"{'timestamp': '2026-09-01T23:36:16.353895+00:00', 'model_version': 'qwen2.5:14b', 'prompt_hash': 'a6af280e'}",07_legacy_kbrag
11,real_mixed_35,qwen2.5:14b_kb_rag,138.07945585250854,24.13,0,direct_json,0.461538,0.857143,0.6,0.0,0,8.8,100.0,9.2,392.1,748.9,22657.8,86.3,11698.5,8571.7,"{'timestamp': '2026-09-01T23:36:10.316136+00:00', 'model_version': 'qwen2.5:14b', 'prompt_hash': 'a6af280e'}",07_legacy_kbrag
11,real_mixed_36,qwen2.5:14b_kb_rag,149.14601182937622,24.6,0,direct_json,0.833333,0.238095,0.37037,0.0,0,9.3,96.4,8.0,381.8,748.9,22673.6,86.3,11698.5,8571.7,"{'timestamp': '2026-09-01T23:36:21.395102+00:00', 'model_version': 'qwen2.5:14b', 'prompt_hash': 'a6af280e'}",07_legacy_kbrag
12,real_mixed_37,qwen2.5:14b_kb_rag,134.67690181732178,24.19,0,direct_json,0.666667,0.666667,0.666667,0.0,0,6.9,40.5,9.3,402.6,748.9,22686.7,86.3,11698.5,8571.7,"{'timestamp': '2026-09-01T23:36:29.730480+00:00', 'model_version': 'qwen2.5:14b', 'prompt_hash': 'a6af280e'}",07_legacy_kbrag
12,real_mixed_38,qwen2.5:14b_kb_rag,143.50874018669128,23.53,0,direct_json,0.692308,0.692308,0.692308,0.0,0,6.8,40.5,8.9,393.9,748.9,22680.5,86.3,11698.5,8571.7,"{'timestamp': '2026-09-01T23:36:38.560458+00:00', 'model_version': 'qwen2.5:14b', 'prompt_hash': 'a6af280e'}",07_legacy_kbrag
12,real_mixed_39,qwen2.5:14b_kb_rag,149.01812386512756,24.35,0,direct_json,1.0,0.714286,0.833333,0.0,0,6.9,40.5,8.1,389.8,748.9,22682.2,86.3,11698.5,8571.7,"{'timestamp': '2026-09-01T23:36:44.066520+00:00', 'model_version': 'qwen2.5:14b', 'prompt_hash': 'a6af280e'}",07_legacy_kbrag
13,real_mixed_40,qwen2.5:14b_kb_rag,122.43900084495544,24.08,0,direct_json,0.6,0.5,0.545455,0.0,0,14.1,100.0,9.8,428.3,748.9,22769.4,86.3,11698.5,8571.7,"{'timestamp': '2026-09-01T23:36:50.536766+00:00', 'model_version': 'qwen2.5:14b', 'prompt_hash': 'a6af280e'}",07_legacy_kbrag
13,real_mixed_41,qwen2.5:14b_kb_rag,130.01249289512634,23.55,0,direct_json,0.846154,0.611111,0.709677,0.0,0,13.5,100.0,9.4,419.0,748.9,22773.1,86.3,11698.5,8571.7,"{'timestamp': '2026-09-01T23:36:58.116298+00:00', 'model_version': 'qwen2.5:14b', 'prompt_hash': 'a6af280e'}",07_legacy_kbrag
13,real_mixed_42,qwen2.5:14b_kb_rag,140.12207007408142,23.48,0,direct_json,0.8,0.666667,0.727273,0.0,0,9.2,96.4,8.6,406.7,748.9,22775.6,86.4,11698.5,8571.7,"{'timestamp': '2026-09-01T23:37:08.227625+00:00', 'model_version': 'qwen2.5:14b', 'prompt_hash': 'a6af280e'}",07_legacy_kbrag
14,real_mixed_43,qwen2.5:14b_kb_rag,168.2060160636902,22.34,0,direct_json,0.772727,0.809524,0.790698,0.0,0,9.0,66.7,7.8,378.6,748.9,22759.6,86.4,11698.5,8571.7,"{'timestamp': '2026-09-01T23:37:42.951580+00:00', 'model_version': 'qwen2.5:14b', 'prompt_hash': 'a6af280e'}",07_legacy_kbrag
14,real_mixed_44,qwen2.5:14b_kb_rag,144.56451106071472,23.69,0,direct_json,0.5,0.642857,0.5625,0.0,0,8.2,40.6,25.3,398.9,748.9,22785.9,86.4,11698.5,8571.7,"{'timestamp': '2026-09-01T23:37:19.302338+00:00', 'model_version': 'qwen2.5:14b', 'prompt_hash': 'a6af280e'}",07_legacy_kbrag
14,real_mixed_45,qwen2.5:14b_kb_rag,151.06601786613464,23.76,0,direct_json,0.692308,0.75,0.72,0.0,0,8.9,44.0,8.1,393.1,748.9,22779.5,86.4,11698.5,8571.7,"{'timestamp': '2026-09-01T23:37:25.810080+00:00', 'model_version': 'qwen2.5:14b', 'prompt_hash': 'a6af280e'}",07_legacy_kbrag
15,real_mixed_46,qwen2.5:14b_kb_rag,186.2878580093384,24.3,0,direct_json,0.6,0.214286,0.315789,0.0,0,8.0,40.5,6.6,367.9,748.9,22736.7,86.3,11698.5,8571.7,"{'timestamp': '2026-09-01T23:38:07.093141+00:00', 'model_version': 'qwen2.5:14b', 'prompt_hash': 'a6af280e'}",07_legacy_kbrag
15,real_mixed_47,qwen2.5:14b_kb_rag,181.2833230495453,23.64,0,direct_json,0.636364,0.807692,0.711864,0.0909090909090909,3,8.5,50.0,8.1,371.2,748.9,22735.5,86.3,11698.5,8571.7,"{'timestamp': '2026-09-01T23:38:02.096751+00:00', 'model_version': 'qwen2.5:14b', 'prompt_hash': 'a6af280e'}",07_legacy_kbrag
15,real_mixed_48,qwen2.5:14b_kb_rag,168.69595170021057,23.73,0,direct_json,0.3,0.5,0.375,0.0,0,8.9,100.0,7.8,373.9,748.9,22743.8,86.4,11698.5,8571.7,"{'timestamp': '2026-09-01T23:37:49.491430+00:00', 'model_version': 'qwen2.5:14b', 'prompt_hash': 'a6af280e'}",07_legacy_kbrag
16,real_mixed_49,qwen2.5:14b_kb_rag,188.4710190296173,23.71,0,direct_json,0.727273,0.571429,0.64,0.0909090909090909,1,8.0,40.5,6.5,355.5,694.2,22711.4,86.3,11698.5,8571.7,"{'timestamp': '2026-09-01T23:38:27.542383+00:00', 'model_version': 'qwen2.5:14b', 'prompt_hash': 'a6af280e'}",07_legacy_kbrag
16,real_mixed_50,qwen2.5:14b_kb_rag,173.93310713768005,23.88,0,direct_json,0.545455,0.545455,0.545455,0.0,0,8.1,40.5,7.2,366.1,694.2,22733.5,86.3,11698.5,8571.7,"{'timestamp': '2026-09-01T23:38:12.998994+00:00', 'model_version': 'qwen2.5:14b', 'prompt_hash': 'a6af280e'}",07_legacy_kbrag
16,real_mixed_51,qwen2.5:14b_kb_rag,179.4582552909851,24.07,0,direct_json,0.625,0.555556,0.588235,0.0,0,8.1,40.5,7.0,361.4,694.2,22724.6,86.3,11698.5,8571.7,"{'timestamp': '2026-09-01T23:38:18.519762+00:00', 'model_version': 'qwen2.5:14b', 'prompt_hash': 'a6af280e'}",07_legacy_kbrag
17,real_mixed_52,qwen2.5:14b_kb_rag,197.4142849445343,23.71,0,direct_json,0.466667,0.5,0.482759,0.0,0,8.4,46.7,6.3,349.4,633.2,22683.1,86.2,11698.5,8571.7,"{'timestamp': '2026-09-01T23:38:43.438556+00:00', 'model_version': 'qwen2.5:14b', 'prompt_hash': 'a6af280e'}",07_legacy_kbrag
17,real_mixed_53,qwen2.5:14b_kb_rag,190.37070178985596,23.86,0,direct_json,0.416667,0.833333,0.555556,0.0,0,8.0,40.5,6.9,350.0,633.2,22688.2,86.3,11698.5,8571.7,"{'timestamp': '2026-09-01T23:38:36.385320+00:00', 'model_version': 'qwen2.5:14b', 'prompt_hash': 'a6af280e'}",07_legacy_kbrag
17,real_mixed_54,qwen2.5:14b_kb_rag,184.3608000278473,24.26,0,direct_json,0.5,0.75,0.6,0.0,0,8.1,40.5,9.5,344.6,633.2,22705.9,86.3,11698.5,8571.7,"{'timestamp': '2026-09-01T23:38:30.367872+00:00', 'model_version': 'qwen2.5:14b', 'prompt_hash': 'a6af280e'}",07_legacy_kbrag
18,real_mixed_55,qwen2.5:14b_kb_rag,192.98886895179749,24.17,0,direct_json,0.166667,0.5,0.25,0.1666666666666666,6,8.3,40.5,6.9,337.4,626.8,22638.9,86.3,11698.5,8571.7,"{'timestamp': '2026-09-01T23:39:00.380588+00:00', 'model_version': 'qwen2.5:14b', 'prompt_hash': 'a6af280e'}",07_legacy_kbrag
18,real_mixed_56,qwen2.5:14b_kb_rag,200.9574189186096,24.08,0,direct_json,0.411765,0.5,0.451613,0.0,0,8.1,40.5,6.3,335.6,626.8,22636.8,86.3,11698.5,8571.7,"{'timestamp': '2026-09-01T23:39:08.357947+00:00', 'model_version': 'qwen2.5:14b', 'prompt_hash': 'a6af280e'}",07_legacy_kbrag
18,real_mixed_57,qwen2.5:14b_kb_rag,183.28191113471985,24.04,0,direct_json,0.764706,0.722222,0.742857,0.0588235294117647,1,8.3,40.5,7.2,339.2,626.8,22650.5,86.3,11698.5,8571.7,"{'timestamp': '2026-09-01T23:38:50.675489+00:00', 'model_version': 'qwen2.5:14b', 'prompt_hash': 'a6af280e'}",07_legacy_kbrag
19,real_mixed_58,qwen2.5:14b_kb_rag,191.32618403434753,24.44,0,direct_json,0.5,0.545455,0.521739,0.0,0,15.4,71.4,7.0,345.0,626.8,22611.8,86.3,11698.5,8571.7,"{'timestamp': '2026-09-01T23:39:15.008416+00:00', 'model_version': 'qwen2.5:14b', 'prompt_hash': 'a6af280e'}",07_legacy_kbrag
19,real_mixed_59,qwen2.5:14b_kb_rag,207.93614721298215,23.96,0,direct_json,0.611111,0.578947,0.594595,0.0,0,14.0,100.0,6.2,344.6,626.8,22604.8,86.3,11698.5,8571.7,"{'timestamp': '2026-09-01T23:39:31.621637+00:00', 'model_version': 'qwen2.5:14b', 'prompt_hash': 'a6af280e'}",07_legacy_kbrag
19,real_mixed_60,qwen2.5:14b_kb_rag,197.4249849319458,24.4,0,direct_json,0.888889,0.615385,0.727273,0.0,0,13.7,100.0,6.9,346.5,626.8,22609.7,86.3,11698.5,8571.7,"{'timestamp': '2026-09-01T23:39:21.112479+00:00', 'model_version': 'qwen2.5:14b', 'prompt_hash': 'a6af280e'}",07_legacy_kbrag
20,real_mixed_61,qwen2.5:14b_kb_rag,215.45770502090457,22.86,0,direct_json,0.678571,0.678571,0.678571,0.0,0,7.7,38.4,6.0,345.6,626.8,22589.5,86.2,11698.5,8571.7,"{'timestamp': '2026-09-01T23:39:57.260852+00:00', 'model_version': 'qwen2.5:14b', 'prompt_hash': 'a6af280e'}",07_legacy_kbrag
20,real_mixed_62,qwen2.5:14b_kb_rag,198.34963393211365,24.17,0,direct_json,0.357143,0.454545,0.4,0.0,0,7.8,38.4,6.5,354.2,626.8,22582.7,86.3,11698.5,8571.7,"{'timestamp': '2026-09-01T23:39:40.128283+00:00', 'model_version': 'qwen2.5:14b', 'prompt_hash': 'a6af280e'}",07_legacy_kbrag
20,real_mixed_63,qwen2.5:14b_kb_rag,220.5352418422699,24.71,0,direct_json,0.125,0.125,0.125,0.0,0,7.6,38.4,5.8,340.8,626.8,22591.3,86.3,11698.5,8571.7,"{'timestamp': '2026-09-01T23:40:02.319806+00:00', 'model_version': 'qwen2.5:14b', 'prompt_hash': 'a6af280e'}",07_legacy_kbrag
21,real_mixed_64,qwen2.5:14b_kb_rag,209.48368310928345,24.67,0,direct_json,0.0,0.0,0.0,0.0,0,9.0,100.0,9.0,339.1,626.9,22577.8,86.2,11698.5,8571.7,"{'timestamp': '2026-09-01T23:40:14.028417+00:00', 'model_version': 'qwen2.5:14b', 'prompt_hash': 'a6af280e'}",07_legacy_kbrag
21,real_mixed_65,qwen2.5:14b_kb_rag,215.15301179885864,23.8,0,direct_json,0.4,0.25,0.307692,0.0,0,8.1,39.3,5.9,334.6,626.9,22569.1,86.2,11698.5,8571.7,"{'timestamp': '2026-09-01T23:40:19.710773+00:00', 'model_version': 'qwen2.5:14b', 'prompt_hash': 'a6af280e'}",07_legacy_kbrag
21,real_mixed_66,qwen2.5:14b_kb_rag,204.8918459415436,24.01,0,direct_json,0.388889,0.35,0.368421,0.0,0,8.8,50.0,6.6,343.4,626.9,22585.0,86.2,11698.5,8571.7,"{'timestamp': '2026-09-01T23:40:09.454515+00:00', 'model_version': 'qwen2.5:14b', 'prompt_hash': 'a6af280e'}",07_legacy_kbrag
22,real_mixed_67,qwen2.5:14b_kb_rag,206.97240614891052,24.16,0,direct_json,0.5625,0.529412,0.545455,0.125,2,13.7,100.0,6.3,352.2,626.9,22524.4,86.1,11698.5,8571.7,"{'timestamp': '2026-09-01T23:40:35.645838+00:00', 'model_version': 'qwen2.5:14b', 'prompt_hash': 'a6af280e'}",07_legacy_kbrag
22,real_mixed_68,qwen2.5:14b_kb_rag,198.04928183555603,24.11,0,direct_json,0.666667,0.769231,0.714286,0.0,0,11.1,100.0,6.3,348.5,626.9,22529.4,86.2,11698.5,8571.7,"{'timestamp': '2026-09-01T23:40:26.706228+00:00', 'model_version': 'qwen2.5:14b', 'prompt_hash': 'a6af280e'}",07_legacy_kbrag
22,real_mixed_69,qwen2.5:14b_kb_rag,218.2369499206543,17.74,0,direct_json,0.727273,0.666667,0.695652,0.0,0,9.4,81.8,5.9,347.3,626.9,22783.8,86.1,11698.5,8571.7,"{'timestamp': '2026-09-01T23:40:46.911589+00:00', 'model_version': 'qwen2.5:14b', 'prompt_hash': 'a6af280e'}",07_legacy_kbrag
23,real_mixed_70,qwen2.5:14b_kb_rag,194.9591612815857,14.41,0,direct_json,0.705882,0.571429,0.631579,0.0,0,10.6,81.8,7.0,359.2,637.5,23263.0,86.1,11698.5,8571.7,"{'timestamp': '2026-09-01T23:40:58.391256+00:00', 'model_version': 'qwen2.5:14b', 'prompt_hash': 'a6af280e'}",07_legacy_kbrag
23,real_mixed_71,qwen2.5:14b_kb_rag,204.4927339553833,14.45,0,direct_json,0.5,0.416667,0.454545,0.0,0,11.9,75.0,6.7,354.3,637.5,23587.2,86.1,11698.5,8571.7,"{'timestamp': '2026-09-01T23:41:07.917521+00:00', 'model_version': 'qwen2.5:14b', 'prompt_hash': 'a6af280e'}",07_legacy_kbrag
23,real_mixed_72,qwen2.5:14b_kb_rag,214.68598008155823,14.42,0,direct_json,0.545455,0.428571,0.48,0.0,0,9.4,70.4,5.9,346.1,637.5,23886.7,86.2,11698.5,8571.7,"{'timestamp': '2026-09-01T23:41:18.120518+00:00', 'model_version': 'qwen2.5:14b', 'prompt_hash': 'a6af280e'}",07_legacy_kbrag
24,real_mixed_73,qwen2.5:14b_kb_rag,207.5512177944183,14.4,0,direct_json,0.777778,0.466667,0.583333,0.0,0,12.7,100.0,6.4,340.6,637.5,24501.4,86.5,11698.5,8571.7,"{'timestamp': '2026-09-01T23:41:35.030991+00:00', 'model_version': 'qwen2.5:14b', 'prompt_hash': 'a6af280e'}",07_legacy_kbrag
24,real_mixed_74,qwen2.5:14b_kb_rag,199.50621700286865,16.86,0,direct_json,0.666667,0.6,0.631579,0.0,0,11.7,64.9,6.6,346.0,637.5,24300.3,86.4,11698.5,8571.7,"{'timestamp': '2026-09-01T23:41:26.982814+00:00', 'model_version': 'qwen2.5:14b', 'prompt_hash': 'a6af280e'}",07_legacy_kbrag
24,real_mixed_75,qwen2.5:14b_kb_rag,213.12311387062073,14.51,0,direct_json,0.5,0.666667,0.571429,0.0,0,12.8,100.0,6.2,333.7,637.5,24620.0,86.6,11698.5,8571.7,"{'timestamp': '2026-09-01T23:41:40.599036+00:00', 'model_version': 'qwen2.5:14b', 'prompt_hash': 'a6af280e'}",07_legacy_kbrag
25,real_mixed_76,qwen2.5:14b_kb_rag,195.9951539039612,15.58,0,direct_json,0.0,0.0,0.0,0.0,0,9.6,50.9,6.6,343.0,637.5,24910.9,86.7,11698.5,8571.7,"{'timestamp': '2026-09-01T23:41:43.993730+00:00', 'model_version': 'qwen2.5:14b', 'prompt_hash': 'a6af280e'}",07_legacy_kbrag
25,real_mixed_77,qwen2.5:14b_kb_rag,214.1417372226715,14.55,0,direct_json,0.666667,0.7,0.682927,0.0,0,11.7,67.9,6.0,329.6,637.5,25293.2,86.8,11698.5,8571.7,"{'timestamp': '2026-09-01T23:42:02.163585+00:00', 'model_version': 'qwen2.5:14b', 'prompt_hash': 'a6af280e'}",07_legacy_kbrag
25,real_mixed_78,qwen2.5:14b_kb_rag,226.71386885643005,14.68,0,direct_json,0.363636,1.0,0.533333,0.0,0,9.9,64.8,5.8,317.1,637.5,25521.6,87.0,11698.5,8571.7,"{'timestamp': '2026-09-01T23:42:14.717812+00:00', 'model_version': 'qwen2.5:14b', 'prompt_hash': 'a6af280e'}",07_legacy_kbrag
26,real_mixed_79,qwen2.5:14b_kb_rag,243.43921494483948,22.34,0,direct_json,0.8,0.8,0.8,0.0,0,13.2,70.5,5.5,297.9,637.5,25624.2,86.9,11698.5,8571.7,"{'timestamp': '2026-09-01T23:42:47.230185+00:00', 'model_version': 'qwen2.5:14b', 'prompt_hash': 'a6af280e'}",07_legacy_kbrag
26,real_mixed_80,qwen2.5:14b_kb_rag,225.6508741378784,22.41,0,direct_json,0.6,0.75,0.666667,0.0333333333333333,1,15.9,69.4,5.8,308.3,637.5,25871.8,87.0,11698.5,8571.7,"{'timestamp': '2026-09-01T23:42:29.462296+00:00', 'model_version': 'qwen2.5:14b', 'prompt_hash': 'a6af280e'}",07_legacy_kbrag
26,real_mixed_81,qwen2.5:14b_kb_rag,231.2760488986969,23.75,0,direct_json,0.75,0.545455,0.631579,0.0,0,12.9,83.3,5.6,305.3,637.5,25791.4,87.0,11698.5,8571.7,"{'timestamp': '2026-09-01T23:42:35.079073+00:00', 'model_version': 'qwen2.5:14b', 'prompt_hash': 'a6af280e'}",07_legacy_kbrag
27,real_mixed_82,qwen2.5:14b_kb_rag,231.3530640602112,23.67,0,direct_json,0.357143,0.555556,0.434783,0.0,0,12.6,64.8,9.1,300.5,637.5,25761.5,86.9,11698.5,8571.7,"{'timestamp': '2026-09-01T23:43:00.163853+00:00', 'model_version': 'qwen2.5:14b', 'prompt_hash': 'a6af280e'}",07_legacy_kbrag
27,real_mixed_83,qwen2.5:14b_kb_rag,224.2562952041626,23.97,0,direct_json,0.666667,0.8,0.727273,0.0833333333333333,1,12.6,64.8,6.1,296.9,637.5,25877.1,87.0,11698.5,8571.7,"{'timestamp': '2026-09-01T23:42:53.068769+00:00', 'model_version': 'qwen2.5:14b', 'prompt_hash': 'a6af280e'}",07_legacy_kbrag
27,real_mixed_84,qwen2.5:14b_kb_rag,236.91784071922305,23.46,0,direct_json,0.714286,0.555556,0.625,0.0,0,11.7,64.8,5.5,301.0,637.5,25707.0,86.9,11698.5,8571.7,"{'timestamp': '2026-09-01T23:43:05.732568+00:00', 'model_version': 'qwen2.5:14b', 'prompt_hash': 'a6af280e'}",07_legacy_kbrag
28,real_mixed_85,qwen2.5:14b_kb_rag,226.6291959285736,23.97,0,direct_json,0.75,0.75,0.75,0.0,0,15.8,75.9,6.0,294.8,637.5,25873.4,86.8,11698.5,8571.7,"{'timestamp': '2026-09-01T23:43:18.597714+00:00', 'model_version': 'qwen2.5:14b', 'prompt_hash': 'a6af280e'}",07_legacy_kbrag
28,real_mixed_86,qwen2.5:14b_kb_rag,220.3560960292816,23.73,0,direct_json,0.8,0.615385,0.695652,0.0,0,13.6,64.8,6.1,294.8,637.5,25960.6,86.9,11698.5,8571.7,"{'timestamp': '2026-09-01T23:43:12.328747+00:00', 'model_version': 'qwen2.5:14b', 'prompt_hash': 'a6af280e'}",07_legacy_kbrag
28,real_mixed_87,qwen2.5:14b_kb_rag,231.55367493629456,24.31,0,direct_json,1.0,0.428571,0.6,0.0,0,16.5,68.8,5.6,294.0,637.5,25812.4,86.8,11698.5,8571.7,"{'timestamp': '2026-09-01T23:43:23.524855+00:00', 'model_version': 'qwen2.5:14b', 'prompt_hash': 'a6af280e'}",07_legacy_kbrag
29,real_mixed_88,qwen2.5:14b_kb_rag,204.85074615478516,23.93,0,direct_json,0.4,1.0,0.571429,0.0,0,17.8,71.7,6.3,294.0,637.5,26223.1,86.9,11698.5,8571.7,"{'timestamp': '2026-09-01T23:43:27.573328+00:00', 'model_version': 'qwen2.5:14b', 'prompt_hash': 'a6af280e'}",07_legacy_kbrag
29,real_mixed_89,qwen2.5:14b_kb_rag,218.24378418922424,23.24,0,direct_json,0.666667,0.307692,0.421053,0.0,0,14.6,77.8,5.9,291.9,637.5,26022.1,86.8,11698.5,8571.7,"{'timestamp': '2026-09-01T23:43:40.973237+00:00', 'model_version': 'qwen2.5:14b', 'prompt_hash': 'a6af280e'}",07_legacy_kbrag
29,real_mixed_90,qwen2.5:14b_kb_rag,213.04602909088135,23.57,0,direct_json,0.428571,0.75,0.545455,0.0,0,15.9,70.7,6.0,293.3,637.5,26111.7,86.8,11698.5,8571.7,"{'timestamp': '2026-09-01T23:43:35.778616+00:00', 'model_version': 'qwen2.5:14b', 'prompt_hash': 'a6af280e'}",07_legacy_kbrag
30,real_mixed_91,qwen2.5:14b_kb_rag,222.53260493278503,22.97,0,direct_json,0.75,0.75,0.75,0.0,0,13.9,64.8,6.2,298.4,637.5,26006.5,86.7,11698.5,8571.7,"{'timestamp': '2026-09-01T23:44:02.696093+00:00', 'model_version': 'qwen2.5:14b', 'prompt_hash': 'a6af280e'}",07_legacy_kbrag
30,real_mixed_92,qwen2.5:14b_kb_rag,209.3957052230835,23.08,0,direct_json,0.571429,0.533333,0.551724,0.0,0,13.5,64.8,8.2,301.3,637.5,26207.3,86.8,11698.5,8571.7,"{'timestamp': '2026-09-01T23:43:49.550918+00:00', 'model_version': 'qwen2.5:14b', 'prompt_hash': 'a6af280e'}",07_legacy_kbrag
30,real_mixed_93,qwen2.5:14b_kb_rag,215.50568294525144,23.24,0,direct_json,0.636364,0.7,0.666667,0.0,0,13.7,64.8,6.2,300.2,637.5,26111.2,86.8,11698.5,8571.7,"{'timestamp': '2026-09-01T23:43:55.669995+00:00', 'model_version': 'qwen2.5:14b', 'prompt_hash': 'a6af280e'}",07_legacy_kbrag
31,real_mixed_94,qwen2.5:14b_kb_rag,209.23780989646912,23.14,0,direct_json,0.75,0.45,0.5625,0.0,0,15.7,64.8,6.2,291.3,637.5,25952.6,86.9,11698.5,8571.7,"{'timestamp': '2026-09-01T23:44:16.638433+00:00', 'model_version': 'qwen2.5:14b', 'prompt_hash': 'a6af280e'}",07_legacy_kbrag
31,real_mixed_95,qwen2.5:14b_kb_rag,213.7482178211212,23.82,0,direct_json,0.0,0.0,0.0,0.0,0,17.8,64.8,6.1,290.6,637.5,25881.0,86.8,11698.5,8571.7,"{'timestamp': '2026-09-01T23:44:21.140087+00:00', 'model_version': 'qwen2.5:14b', 'prompt_hash': 'a6af280e'}",07_legacy_kbrag
31,real_mixed_96,qwen2.5:14b_kb_rag,202.1355106830597,23.39,0,direct_json,0.5,0.583333,0.538462,0.0,0,18.3,100.0,6.3,292.4,637.5,26073.7,86.9,11698.5,8571.7,"{'timestamp': '2026-09-01T23:44:09.529926+00:00', 'model_version': 'qwen2.5:14b', 'prompt_hash': 'a6af280e'}",07_legacy_kbrag
32,real_mixed_97,qwen2.5:14b_kb_rag,191.7270998954773,23.5,0,direct_json,0.666667,0.888889,0.761905,0.0,0,18.5,75.0,6.4,284.0,576.2,25019.4,86.7,11698.5,8571.7,"{'timestamp': '2026-09-01T23:44:30.345980+00:00', 'model_version': 'qwen2.5:14b', 'prompt_hash': 'a6af280e'}",07_legacy_kbrag
32,real_mixed_98,qwen2.5:14b_kb_rag,202.2071633338928,22.51,0,direct_json,0.666667,0.428571,0.521739,0.0,0,22.0,82.6,5.7,275.6,576.2,24880.3,86.7,11698.5,8571.7,"{'timestamp': '2026-09-01T23:44:40.849414+00:00', 'model_version': 'qwen2.5:14b', 'prompt_hash': 'a6af280e'}",07_legacy_kbrag
32,real_mixed_99,qwen2.5:14b_kb_rag,186.64303493499756,23.74,0,direct_json,0.25,1.0,0.4,0.0,0,17.7,100.0,6.4,287.0,576.2,25088.3,86.7,11698.5,8571.7,"{'timestamp': '2026-09-01T23:44:25.253531+00:00', 'model_version': 'qwen2.5:14b', 'prompt_hash': 'a6af280e'}",07_legacy_kbrag
33,real_mixed_100,qwen2.5:14b_kb_rag,189.1822588443756,23.23,0,direct_json,0.1875,0.428571,0.26087,0.0,0,17.7,100.0,5.9,269.0,576.2,24223.2,86.3,11698.5,8571.7,"{'timestamp': '2026-09-01T23:44:50.214608+00:00', 'model_version': 'qwen2.5:14b', 'prompt_hash': 'a6af280e'}",07_legacy_kbrag
33,real_mixed_101,qwen2.5:14b_kb_rag,193.2988679409027,23.65,0,direct_json,0.5,0.571429,0.533333,0.0,0,16.7,69.6,5.4,264.5,576.2,24192.6,86.3,11698.5,8571.7,"{'timestamp': '2026-09-01T23:44:54.337361+00:00', 'model_version': 'qwen2.5:14b', 'prompt_hash': 'a6af280e'}",07_legacy_kbrag
33,real_mixed_102,qwen2.5:14b_kb_rag,182.18705797195437,25.01,0,direct_json,1.0,1.0,1.0,0.0,0,19.2,67.0,5.9,274.4,576.2,24286.0,86.4,11698.5,8571.7,"{'timestamp': '2026-09-01T23:44:43.217511+00:00', 'model_version': 'qwen2.5:14b', 'prompt_hash': 'a6af280e'}",07_legacy_kbrag
34,real_mixed_103,qwen2.5:14b_kb_rag,162.52203011512756,23.89,0,direct_json,0.0,0.0,0.0,0.0,0,27.4,81.2,9.2,280.5,576.2,23082.3,85.8,11698.5,8571.7,"{'timestamp': '2026-09-01T23:44:57.610887+00:00', 'model_version': 'qwen2.5:14b', 'prompt_hash': 'a6af280e'}",07_legacy_kbrag
34,real_mixed_104,qwen2.5:14b_kb_rag,169.1689739227295,23.19,0,direct_json,0.294118,0.5,0.37037,0.0588235294117647,1,20.1,100.0,5.7,273.5,576.2,23068.7,85.8,11698.5,8571.7,"{'timestamp': '2026-09-01T23:45:04.272000+00:00', 'model_version': 'qwen2.5:14b', 'prompt_hash': 'a6af280e'}",07_legacy_kbrag
34,real_mixed_105,qwen2.5:14b_kb_rag,175.7386417388916,23.4,0,direct_json,0.6,0.6,0.6,0.0,0,21.6,100.0,5.1,266.8,576.2,23051.2,85.8,11698.5,8571.7,"{'timestamp': '2026-09-01T23:45:10.846470+00:00', 'model_version': 'qwen2.5:14b', 'prompt_hash': 'a6af280e'}",07_legacy_kbrag
35,real_mixed_106,qwen2.5:14b_kb_rag,146.22487497329712,23.92,0,direct_json,0.2,0.5,0.285714,0.0,0,18.3,58.7,5.3,269.9,576.2,22686.5,85.7,11698.5,8571.7,"{'timestamp': '2026-09-01T23:45:13.867444+00:00', 'model_version': 'qwen2.5:14b', 'prompt_hash': 'a6af280e'}",07_legacy_kbrag
35,real_mixed_107,qwen2.5:14b_kb_rag,155.45658898353577,23.45,0,direct_json,0.857143,0.923077,0.888889,0.0,0,18.1,58.7,5.1,258.2,576.2,22686.1,85.8,11698.5,8571.7,"{'timestamp': '2026-09-01T23:45:23.102974+00:00', 'model_version': 'qwen2.5:14b', 'prompt_hash': 'a6af280e'}",07_legacy_kbrag
35,real_mixed_108,qwen2.5:14b_kb_rag,162.47163319587708,23.25,0,direct_json,0.307692,0.8,0.444444,0.0,0,18.7,62.5,4.6,249.9,576.2,22684.9,85.8,11698.5,8571.7,"{'timestamp': '2026-09-01T23:45:30.119673+00:00', 'model_version': 'qwen2.5:14b', 'prompt_hash': 'a6af280e'}",07_legacy_kbrag
36,real_mixed_109,qwen2.5:14b_kb_rag,174.15435695648193,23.09,0,direct_json,0.777778,0.583333,0.666667,0.0,0,35.7,79.8,14.4,203.1,576.2,22732.8,86.0,11698.5,8571.7,"{'timestamp': '2026-09-01T23:46:00.286165+00:00', 'model_version': 'qwen2.5:14b', 'prompt_hash': 'a6af280e'}",07_legacy_kbrag
36,real_mixed_110,qwen2.5:14b_kb_rag,152.96708393096924,22.9,0,direct_json,0.538462,0.388889,0.451613,0.0,0,32.8,90.9,4.6,220.1,576.2,22710.9,85.9,11698.5,8571.7,"{'timestamp': '2026-09-01T23:45:39.096696+00:00', 'model_version': 'qwen2.5:14b', 'prompt_hash': 'a6af280e'}",07_legacy_kbrag
36,real_mixed_111,qwen2.5:14b_kb_rag,164.67024493217468,22.93,0,direct_json,0.78125,0.833333,0.806452,0.0,0,23.5,60.0,3.5,211.2,576.2,22720.2,86.0,11698.5,8571.7,"{'timestamp': '2026-09-01T23:45:50.811170+00:00', 'model_version': 'qwen2.5:14b', 'prompt_hash': 'a6af280e'}",07_legacy_kbrag
37,real_mixed_112,qwen2.5:14b_kb_rag,161.02580571174622,23.61,0,direct_json,0.428571,0.6,0.5,0.0,0,26.0,100.0,3.4,185.1,570.8,22694.2,86.1,11698.5,8571.7,"{'timestamp': '2026-09-01T23:46:04.955759+00:00', 'model_version': 'qwen2.5:14b', 'prompt_hash': 'a6af280e'}",07_legacy_kbrag
37,real_mixed_113,qwen2.5:14b_kb_rag,166.13000917434692,23.28,0,direct_json,0.75,0.666667,0.705882,0.0,0,23.6,58.7,2.9,182.0,570.8,22697.9,86.1,11698.5,8571.7,"{'timestamp': '2026-09-01T23:46:10.071809+00:00', 'model_version': 'qwen2.5:14b', 'prompt_hash': 'a6af280e'}",07_legacy_kbrag
37,real_mixed_114,qwen2.5:14b_kb_rag,172.19296598434448,23.28,0,direct_json,0.416667,0.714286,0.526316,0.0,0,27.8,62.5,3.2,178.5,570.8,22701.8,86.1,11698.5,8571.7,"{'timestamp': '2026-09-01T23:46:16.127479+00:00', 'model_version': 'qwen2.5:14b', 'prompt_hash': 'a6af280e'}",07_legacy_kbrag
38,real_mixed_115,qwen2.5:14b_kb_rag,157.46107602119446,23.76,0,direct_json,0.333333,0.333333,0.333333,0.0,0,20.5,58.7,2.0,159.3,574.3,22689.1,86.2,11698.5,8571.7,"{'timestamp': '2026-09-01T23:46:18.908077+00:00', 'model_version': 'qwen2.5:14b', 'prompt_hash': 'a6af280e'}",07_legacy_kbrag
38,real_mixed_116,qwen2.5:14b_kb_rag,163.02284908294678,23.65,0,direct_json,0.5,1.0,0.666667,0.0,0,20.5,58.7,2.1,156.8,574.3,22700.8,86.2,11698.5,8571.7,"{'timestamp': '2026-09-01T23:46:24.470198+00:00', 'model_version': 'qwen2.5:14b', 'prompt_hash': 'a6af280e'}",07_legacy_kbrag
38,real_mixed_117,qwen2.5:14b_kb_rag,176.66822028160095,22.88,0,direct_json,0.176471,0.375,0.24,0.0588235294117647,1,22.8,58.7,1.9,151.4,574.3,22736.8,86.2,11698.5,8571.7,"{'timestamp': '2026-09-01T23:46:38.123733+00:00', 'model_version': 'qwen2.5:14b', 'prompt_hash': 'a6af280e'}",07_legacy_kbrag
39,real_mixed_118,qwen2.5:14b_kb_rag,158.46560716629028,23.76,0,direct_json,0.666667,0.8,0.727273,0.0,0,25.6,71.0,1.3,123.8,570.8,22742.5,86.3,11698.5,8571.7,"{'timestamp': '2026-09-01T23:46:41.537650+00:00', 'model_version': 'qwen2.5:14b', 'prompt_hash': 'a6af280e'}",07_legacy_kbrag
39,real_mixed_119,qwen2.5:14b_kb_rag,164.64019513130188,23.09,0,direct_json,0.571429,0.666667,0.615385,0.0,0,23.4,54.1,1.2,122.3,570.8,22761.6,86.3,11698.5,8571.7,"{'timestamp': '2026-09-01T23:46:47.747846+00:00', 'model_version': 'qwen2.5:14b', 'prompt_hash': 'a6af280e'}",07_legacy_kbrag
39,real_mixed_120,qwen2.5:14b_kb_rag,170.5880422592163,23.06,0,direct_json,0.4,0.8,0.533333,0.0,0,26.2,72.2,1.2,121.0,570.8,22778.7,86.3,11698.5,8571.7,"{'timestamp': '2026-09-01T23:46:53.694070+00:00', 'model_version': 'qwen2.5:14b', 'prompt_hash': 'a6af280e'}",07_legacy_kbrag
6,real_mixed_19,gemma:latest_baseline,11.153228998184204,38.42,0,codeblock,1.0,0.7,0.823529,0.0,0,22.2,71.9,45.7,208.6,208.9,20547.9,75.1,7022.2,4779.7,"{'timestamp': '2026-09-01T23:47:07.103430+00:00', 'model_version': 'gemma:latest', 'prompt_hash': 'a6af280e'}",07_legacy_kbrag
6,real_mixed_20,gemma:latest_baseline,35.4693820476532,39.89,0,codeblock,0.375,0.1875,0.25,0.0,0,20.6,71.9,12.4,208.7,208.9,21707.8,77.1,7022.2,4779.7,"{'timestamp': '2026-09-01T23:47:31.417937+00:00', 'model_version': 'gemma:latest', 'prompt_hash': 'a6af280e'}",07_legacy_kbrag
6,real_mixed_21,gemma:latest_baseline,24.350536346435547,39.27,0,codeblock,0.8,0.285714,0.421053,0.0,0,21.3,71.9,16.6,208.7,208.9,21505.7,76.8,7022.2,4779.7,"{'timestamp': '2026-09-01T23:47:20.297042+00:00', 'model_version': 'gemma:latest', 'prompt_hash': 'a6af280e'}",07_legacy_kbrag
0,real_mixed_1,gemma:latest_baseline,42.55440592765808,39.69,0,codeblock,0.5,0.538462,0.518519,0.0,0,20.5,71.9,12.6,208.6,208.9,21779.6,77.2,7022.2,4779.7,"{'timestamp': '2026-09-01T23:47:38.493622+00:00', 'model_version': 'gemma:latest', 'prompt_hash': 'a6af280e'}",07_legacy_kbrag
0,real_mixed_2,gemma:latest_baseline,38.47211909294128,39.78,0,codeblock,0.571429,0.333333,0.421053,0.0,0,21.1,71.9,13.8,208.6,208.9,21741.6,77.2,7022.2,4779.7,"{'timestamp': '2026-09-01T23:47:34.412000+00:00', 'model_version': 'gemma:latest', 'prompt_hash': 'a6af280e'}",07_legacy_kbrag
0,real_mixed_3,gemma:latest_baseline,55.749348878860474,39.52,0,codeblock,0.8,0.333333,0.470588,0.0,0,20.4,71.9,9.2,208.7,208.9,21877.3,77.3,7022.2,4779.7,"{'timestamp': '2026-09-01T23:47:51.690321+00:00', 'model_version': 'gemma:latest', 'prompt_hash': 'a6af280e'}",07_legacy_kbrag
3,real_mixed_10,gemma:latest_baseline,20.78519296646118,39.61,0,codeblock,0.1,0.166667,0.125,0.0,0,22.2,71.9,21.6,208.6,208.9,21387.7,76.6,7022.2,4779.7,"{'timestamp': '2026-09-01T23:47:16.720282+00:00', 'model_version': 'gemma:latest', 'prompt_hash': 'a6af280e'}",07_legacy_kbrag
3,real_mixed_11,gemma:latest_baseline,67.89312100410461,37.93,0,codeblock,0.625,0.833333,0.714286,0.0,0,20.3,71.9,7.0,208.8,209.0,21937.0,77.4,7022.2,4779.7,"{'timestamp': '2026-09-01T23:48:03.835300+00:00', 'model_version': 'gemma:latest', 'prompt_hash': 'a6af280e'}",07_legacy_kbrag
3,real_mixed_12,gemma:latest_baseline,49.6197292804718,39.7,0,codeblock,0.363636,0.571429,0.444444,0.0,0,24.3,90.9,9.5,208.7,208.9,21831.5,77.3,7022.2,4779.7,"{'timestamp': '2026-09-01T23:47:45.555906+00:00', 'model_version': 'gemma:latest', 'prompt_hash': 'a6af280e'}",07_legacy_kbrag
1,real_mixed_4,gemma:latest_baseline,80.53823900222778,39.39,0,codeblock,0.636364,0.5,0.56,0.0,0,29.3,100.0,3.8,208.8,209.2,22000.4,77.4,7022.2,4779.7,"{'timestamp': '2026-09-01T23:48:16.475053+00:00', 'model_version': 'gemma:latest', 'prompt_hash': 'a6af280e'}",07_legacy_kbrag
1,real_mixed_5,gemma:latest_baseline,84.58381485939026,39.55,0,codeblock,0.285714,0.4,0.333333,0.0,0,24.4,100.0,2.6,208.8,209.2,22012.0,77.4,7022.2,4779.7,"{'timestamp': '2026-09-01T23:48:20.514358+00:00', 'model_version': 'gemma:latest', 'prompt_hash': 'a6af280e'}",07_legacy_kbrag
1,real_mixed_6,gemma:latest_baseline,71.81846594810486,40.45,0,codeblock,1.0,0.666667,0.8,0.0,0,40.4,71.9,3.0,208.7,209.2,21960.9,77.4,7022.2,4779.7,"{'timestamp': '2026-09-01T23:48:07.759725+00:00', 'model_version': 'gemma:latest', 'prompt_hash': 'a6af280e'}",07_legacy_kbrag
2,real_mixed_7,gemma:latest_baseline,95.69660782814026,39.27,0,codeblock,0.571429,0.571429,0.571429,0.0,0,30.9,100.0,2.8,208.9,209.3,22040.3,77.4,7022.2,4779.7,"{'timestamp': '2026-09-01T23:48:31.632729+00:00', 'model_version': 'gemma:latest', 'prompt_hash': 'a6af280e'}",07_legacy_kbrag
2,real_mixed_8,gemma:latest_baseline,74.94600296020508,38.64,0,codeblock,0.2,0.111111,0.142857,0.0,0,33.3,100.0,3.0,208.8,209.2,21976.4,77.4,7022.2,4779.7,"{'timestamp': '2026-09-01T23:48:10.877139+00:00', 'model_version': 'gemma:latest', 'prompt_hash': 'a6af280e'}",07_legacy_kbrag
2,real_mixed_9,gemma:latest_baseline,52.607600927352905,40.32,0,codeblock,0.222222,0.2,0.210526,0.0,0,39.8,83.3,3.4,208.7,208.9,21854.2,77.3,7022.2,4779.7,"{'timestamp': '2026-09-01T23:47:48.537839+00:00', 'model_version': 'gemma:latest', 'prompt_hash': 'a6af280e'}",07_legacy_kbrag
4,real_mixed_13,gemma:latest_baseline,31.39026188850403,39.04,0,codeblock,0.444444,0.470588,0.457143,0.0,0,30.7,100.0,7.3,208.7,208.9,21646.6,77.0,7022.2,4779.7,"{'timestamp': '2026-09-01T23:47:27.344523+00:00', 'model_version': 'gemma:latest', 'prompt_hash': 'a6af280e'}",07_legacy_kbrag
4,real_mixed_14,gemma:latest_baseline,90.69634199142456,38.66,0,codeblock,0.642857,0.75,0.692308,0.0,0,21.9,71.9,3.4,208.9,209.3,22025.0,77.4,7022.2,4779.7,"{'timestamp': '2026-09-01T23:48:26.645601+00:00', 'model_version': 'gemma:latest', 'prompt_hash': 'a6af280e'}",07_legacy_kbrag
4,real_mixed_15,gemma:latest_baseline,103.36529493331908,39.59,0,codeblock,0.214286,0.333333,0.26087,0.0,0,23.4,100.0,4.4,209.0,209.5,22055.0,77.4,7022.2,4779.7,"{'timestamp': '2026-09-01T23:48:39.308113+00:00', 'model_version': 'gemma:latest', 'prompt_hash': 'a6af280e'}",07_legacy_kbrag
5,real_mixed_16,gemma:latest_baseline,106.80010175704956,39.88,0,codeblock,0.5,0.444444,0.470588,0.0,0,30.5,100.0,2.4,209.0,209.7,22064.3,77.4,7022.2,4779.7,"{'timestamp': '2026-09-01T23:48:42.745614+00:00', 'model_version': 'gemma:latest', 'prompt_hash': 'a6af280e'}",07_legacy_kbrag
5,real_mixed_17,gemma:latest_baseline,6.5787739753723145,39.36,0,codeblock,0.285714,1.0,0.444444,0.0,0,23.8,71.9,15.8,208.8,208.9,19232.9,72.6,7022.2,4779.7,"{'timestamp': '2026-09-01T23:47:02.515813+00:00', 'model_version': 'gemma:latest', 'prompt_hash': 'a6af280e'}",07_legacy_kbrag
5,real_mixed_18,gemma:latest_baseline,99.20706009864809,39.55,0,codeblock,0.714286,0.416667,0.526316,0.0,0,27.7,71.9,2.0,208.9,209.5,22044.2,77.4,7022.2,4779.7,"{'timestamp': '2026-09-01T23:48:35.154217+00:00', 'model_version': 'gemma:latest', 'prompt_hash': 'a6af280e'}",07_legacy_kbrag
7,real_mixed_22,gemma:latest_baseline,45.581928968429565,40.7,0,codeblock,0.0,0.0,0.0,0.0,0,20.4,71.9,7.6,208.7,208.9,21807.3,77.3,7022.2,4779.7,"{'timestamp': '2026-09-01T23:47:41.516047+00:00', 'model_version': 'gemma:latest', 'prompt_hash': 'a6af280e'}",07_legacy_kbrag
7,real_mixed_23,gemma:latest_baseline,17.72081184387207,37.69,0,codeblock,0.875,0.466667,0.608696,0.0,0,28.3,71.9,26.3,208.7,208.9,21246.6,76.4,7022.2,4779.7,"{'timestamp': '2026-09-01T23:47:13.669673+00:00', 'model_version': 'gemma:latest', 'prompt_hash': 'a6af280e'}",07_legacy_kbrag
7,real_mixed_24,gemma:latest_baseline,109.84495401382446,39.72,0,codeblock,0.714286,0.714286,0.714286,0.0,0,34.4,100.0,2.3,209.0,209.9,22068.4,77.4,7022.2,4779.7,"{'timestamp': '2026-09-01T23:48:45.786481+00:00', 'model_version': 'gemma:latest', 'prompt_hash': 'a6af280e'}",07_legacy_kbrag
8,real_mixed_25,gemma:latest_baseline,14.168551921844482,37.85,0,codeblock,0.833333,0.416667,0.555556,0.0,0,25.6,71.9,29.4,208.6,208.9,20960.4,75.9,7022.2,4779.7,"{'timestamp': '2026-09-01T23:47:10.110204+00:00', 'model_version': 'gemma:latest', 'prompt_hash': 'a6af280e'}",07_legacy_kbrag
8,real_mixed_26,gemma:latest_baseline,59.27733898162842,39.47,0,codeblock,0.3,0.083333,0.130435,0.0,0,21.5,100.0,9.3,208.8,209.0,21891.8,77.3,7022.2,4779.7,"{'timestamp': '2026-09-01T23:47:55.246091+00:00', 'model_version': 'gemma:latest', 'prompt_hash': 'a6af280e'}",07_legacy_kbrag
8,real_mixed_27,gemma:latest_baseline,119.41165900230408,36.68,0,codeblock,0.64,0.615385,0.627451,0.0,0,36.7,100.0,5.6,209.0,209.9,22086.0,77.5,7022.2,4779.7,"{'timestamp': '2026-09-01T23:48:55.357960+00:00', 'model_version': 'gemma:latest', 'prompt_hash': 'a6af280e'}",07_legacy_kbrag
9,real_mixed_28,gemma:latest_baseline,94.69516515731812,40.73,0,codeblock,0.555556,0.333333,0.416667,0.0,0,20.2,56.7,2.1,209.2,209.9,22212.2,77.7,7022.2,4779.7,"{'timestamp': '2026-09-01T23:49:06.211201+00:00', 'model_version': 'gemma:latest', 'prompt_hash': 'a6af280e'}",07_legacy_kbrag
9,real_mixed_29,gemma:latest_baseline,88.5324478149414,40.27,0,codeblock,0.25,0.416667,0.3125,0.0,0,21.6,56.7,2.2,209.2,209.9,22236.9,77.6,7022.2,4779.7,"{'timestamp': '2026-09-01T23:49:00.050277+00:00', 'model_version': 'gemma:latest', 'prompt_hash': 'a6af280e'}",07_legacy_kbrag
9,real_mixed_30,gemma:latest_baseline,91.60999011993408,41.51,0,codeblock,0.428571,0.375,0.4,0.0,0,22.8,88.9,1.9,209.2,209.9,22228.4,77.7,7022.2,4779.7,"{'timestamp': '2026-09-01T23:49:03.122318+00:00', 'model_version': 'gemma:latest', 'prompt_hash': 'a6af280e'}",07_legacy_kbrag
10,real_mixed_31,gemma:latest_baseline,77.43459677696228,41.92,0,codeblock,0.125,0.5,0.2,0.0,0,20.1,56.7,2.6,209.3,209.9,22192.8,77.8,7022.2,4779.7,"{'timestamp': '2026-09-01T23:49:09.201734+00:00', 'model_version': 'gemma:latest', 'prompt_hash': 'a6af280e'}",07_legacy_kbrag
10,real_mixed_32,gemma:latest_baseline,84.06517314910889,41.68,0,codeblock,0.0,0.0,0.0,0.0,0,19.8,56.7,2.4,209.2,209.9,22091.3,78.0,7022.2,4779.7,"{'timestamp': '2026-09-01T23:49:15.839845+00:00', 'model_version': 'gemma:latest', 'prompt_hash': 'a6af280e'}",07_legacy_kbrag
10,real_mixed_33,gemma:latest_baseline,81.54675936698914,40.36,0,codeblock,0.888889,0.615385,0.727273,0.0,0,20.0,56.7,2.4,209.3,209.9,22135.4,77.9,7022.2,4779.7,"{'timestamp': '2026-09-01T23:49:13.332566+00:00', 'model_version': 'gemma:latest', 'prompt_hash': 'a6af280e'}",07_legacy_kbrag
11,real_mixed_34,gemma:latest_baseline,78.43646430969238,40.46,0,codeblock,0.4,0.4,0.4,0.1,1,19.6,56.7,2.5,209.2,209.9,21963.0,78.3,7022.2,4779.7,"{'timestamp': '2026-09-01T23:49:22.361006+00:00', 'model_version': 'gemma:latest', 'prompt_hash': 'a6af280e'}",07_legacy_kbrag
11,real_mixed_35,gemma:latest_baseline,82.4859127998352,40.24,0,codeblock,0.272727,0.428571,0.333333,0.0,0,19.5,56.7,2.4,209.1,209.9,21896.3,78.4,7022.2,4779.7,"{'timestamp': '2026-09-01T23:49:26.406284+00:00', 'model_version': 'gemma:latest', 'prompt_hash': 'a6af280e'}",07_legacy_kbrag
11,real_mixed_36,gemma:latest_baseline,74.41567897796631,41.56,0,codeblock,0.888889,0.380952,0.533333,0.0,0,20.2,57.1,2.7,209.2,209.9,22028.7,78.1,7022.2,4779.7,"{'timestamp': '2026-09-01T23:49:18.348974+00:00', 'model_version': 'gemma:latest', 'prompt_hash': 'a6af280e'}",07_legacy_kbrag
12,real_mixed_37,gemma:latest_baseline,77.4735062122345,40.16,0,codeblock,0.5,0.416667,0.454545,0.0,0,19.0,54.4,2.7,204.4,209.9,21566.0,79.0,7022.2,4779.7,"{'timestamp': '2026-09-01T23:49:38.083364+00:00', 'model_version': 'gemma:latest', 'prompt_hash': 'a6af280e'}",07_legacy_kbrag
12,real_mixed_38,gemma:latest_baseline,72.9636697769165,39.73,0,codeblock,0.555556,0.384615,0.454545,0.0,0,19.2,54.4,2.7,208.8,209.9,21655.5,78.9,7022.2,4779.7,"{'timestamp': '2026-09-01T23:49:33.566728+00:00', 'model_version': 'gemma:latest', 'prompt_hash': 'a6af280e'}",07_legacy_kbrag
12,real_mixed_39,gemma:latest_baseline,68.85178399085999,40.17,0,codeblock,0.714286,0.714286,0.714286,0.0,0,19.2,54.4,2.8,209.0,209.9,21735.1,78.7,7022.2,4779.7,"{'timestamp': '2026-09-01T23:49:29.448947+00:00', 'model_version': 'gemma:latest', 'prompt_hash': 'a6af280e'}",07_legacy_kbrag
13,real_mixed_40,gemma:latest_baseline,69.34099984169006,40.67,0,codeblock,1.0,0.5,0.666667,0.0,0,22.1,68.7,3.0,198.9,209.9,21389.9,79.4,7022.2,4779.7,"{'timestamp': '2026-09-01T23:49:41.062967+00:00', 'model_version': 'gemma:latest', 'prompt_hash': 'a6af280e'}",07_legacy_kbrag
13,real_mixed_41,gemma:latest_baseline,77.90618324279785,40.18,0,codeblock,1.0,0.555556,0.714286,0.0,0,29.3,64.8,2.6,187.0,209.9,21176.6,79.9,7022.2,4779.7,"{'timestamp': '2026-09-01T23:49:49.638714+00:00', 'model_version': 'gemma:latest', 'prompt_hash': 'a6af280e'}",07_legacy_kbrag
13,real_mixed_42,gemma:latest_baseline,73.94767785072327,39.66,0,codeblock,0.416667,0.208333,0.277778,0.0833333333333333,1,20.7,62.5,2.7,192.5,209.9,21294.6,79.6,7022.2,4779.7,"{'timestamp': '2026-09-01T23:49:45.679600+00:00', 'model_version': 'gemma:latest', 'prompt_hash': 'a6af280e'}",07_legacy_kbrag
14,real_mixed_43,gemma:latest_baseline,87.57299399375916,37.02,0,direct_json,0.842105,0.761905,0.8,0.0,0,18.2,54.4,2.5,166.1,209.9,20600.6,81.0,7022.2,4779.7,"{'timestamp': '2026-09-01T23:50:06.981257+00:00', 'model_version': 'gemma:latest', 'prompt_hash': 'a6af280e'}",07_legacy_kbrag
14,real_mixed_44,gemma:latest_baseline,78.47222709655762,39.73,0,codeblock,0.5625,0.642857,0.6,0.0,0,18.5,54.4,2.7,174.9,209.9,20816.4,80.6,7022.2,4779.7,"{'timestamp': '2026-09-01T23:49:57.878803+00:00', 'model_version': 'gemma:latest', 'prompt_hash': 'a6af280e'}",07_legacy_kbrag
14,real_mixed_45,gemma:latest_baseline,73.93107390403748,40.88,0,codeblock,0.9,0.75,0.818182,0.0,0,18.5,54.4,2.9,180.1,209.9,20951.8,80.3,7022.2,4779.7,"{'timestamp': '2026-09-01T23:49:53.332120+00:00', 'model_version': 'gemma:latest', 'prompt_hash': 'a6af280e'}",07_legacy_kbrag
15,real_mixed_46,gemma:latest_baseline,93.15372395515442,41.35,0,codeblock,0.571429,0.285714,0.380952,0.0,0,19.4,59.3,2.5,157.2,209.9,20350.7,81.4,7022.2,4779.7,"{'timestamp': '2026-09-01T23:50:15.989108+00:00', 'model_version': 'gemma:latest', 'prompt_hash': 'a6af280e'}",07_legacy_kbrag
15,real_mixed_47,gemma:latest_baseline,87.10658001899719,40.4,0,codeblock,0.727273,0.307692,0.432432,0.0,0,25.4,100.0,2.6,161.7,209.9,20461.7,81.2,7022.2,4779.7,"{'timestamp': '2026-09-01T23:50:09.966789+00:00', 'model_version': 'gemma:latest', 'prompt_hash': 'a6af280e'}",07_legacy_kbrag
15,real_mixed_48,gemma:latest_baseline,90.100891828537,41.4,0,codeblock,0.0,0.0,0.0,0.125,1,27.8,64.8,2.5,159.4,209.9,20403.8,81.3,7022.2,4779.7,"{'timestamp': '2026-09-01T23:50:12.932927+00:00', 'model_version': 'gemma:latest', 'prompt_hash': 'a6af280e'}",07_legacy_kbrag
16,real_mixed_49,gemma:latest_baseline,101.74031400680542,39.45,0,codeblock,0.538462,0.5,0.518519,0.0,0,24.6,100.0,2.4,148.6,209.7,20166.6,81.7,7022.2,4779.7,"{'timestamp': '2026-09-01T23:50:27.624973+00:00', 'model_version': 'gemma:latest', 'prompt_hash': 'a6af280e'}",07_legacy_kbrag
16,real_mixed_50,gemma:latest_baseline,93.62211084365843,40.97,0,codeblock,0.583333,0.636364,0.608696,0.0,0,28.4,69.2,2.4,153.2,209.7,20243.8,81.6,7022.2,4779.7,"{'timestamp': '2026-09-01T23:50:19.507206+00:00', 'model_version': 'gemma:latest', 'prompt_hash': 'a6af280e'}",07_legacy_kbrag
16,real_mixed_51,gemma:latest_baseline,96.71675395965576,40.93,0,codeblock,0.375,0.333333,0.352941,0.0,0,20.8,59.0,2.5,151.4,209.7,20215.6,81.6,7022.2,4779.7,"{'timestamp': '2026-09-01T23:50:22.596297+00:00', 'model_version': 'gemma:latest', 'prompt_hash': 'a6af280e'}",07_legacy_kbrag
17,real_mixed_52,gemma:latest_baseline,104.81736612319946,39.58,0,codeblock,0.611111,0.785714,0.6875,0.0,0,31.9,73.9,2.5,148.1,209.7,19800.4,82.4,7022.2,4779.7,"{'timestamp': '2026-09-01T23:50:40.287804+00:00', 'model_version': 'gemma:latest', 'prompt_hash': 'a6af280e'}",07_legacy_kbrag
17,real_mixed_53,gemma:latest_baseline,99.20750999450684,40.01,0,codeblock,0.176471,0.5,0.26087,0.0,0,33.5,73.9,2.6,145.5,209.8,19861.1,82.3,7022.2,4779.7,"{'timestamp': '2026-09-01T23:50:34.671179+00:00', 'model_version': 'gemma:latest', 'prompt_hash': 'a6af280e'}",07_legacy_kbrag
17,real_mixed_54,gemma:latest_baseline,94.67665028572084,40.17,0,codeblock,0.25,0.5,0.333333,0.0,0,28.7,73.9,2.7,143.1,209.8,19917.7,82.2,7022.2,4779.7,"{'timestamp': '2026-09-01T23:50:30.138408+00:00', 'model_version': 'gemma:latest', 'prompt_hash': 'a6af280e'}",07_legacy_kbrag
18,real_mixed_55,gemma:latest_baseline,109.87722420692444,25.44,0,codeblock,0.235294,0.444444,0.307692,0.0,0,18.2,58.7,2.3,148.1,209.2,20452.8,83.2,7022.2,4779.7,"{'timestamp': '2026-09-01T23:50:56.190325+00:00', 'model_version': 'gemma:latest', 'prompt_hash': 'a6af280e'}",07_legacy_kbrag
18,real_mixed_56,gemma:latest_baseline,102.28114008903503,25.2,0,codeblock,0.1875,0.214286,0.2,0.0625,1,17.9,58.7,2.5,146.2,209.2,20051.4,83.0,7022.2,4779.7,"{'timestamp': '2026-09-01T23:50:48.597513+00:00', 'model_version': 'gemma:latest', 'prompt_hash': 'a6af280e'}",07_legacy_kbrag
18,real_mixed_57,gemma:latest_baseline,95.69249892234802,38.45,0,codeblock,1.0,0.222222,0.363636,0.0,0,17.8,58.7,2.5,142.7,209.2,19605.5,82.8,7022.2,4779.7,"{'timestamp': '2026-09-01T23:50:42.010255+00:00', 'model_version': 'gemma:latest', 'prompt_hash': 'a6af280e'}",07_legacy_kbrag
19,real_mixed_58,gemma:latest_baseline,111.42207503318788,25.93,0,codeblock,0.416667,0.454545,0.434783,0.0,0,18.4,58.7,2.3,147.5,208.1,20977.9,83.7,7022.2,4779.7,"{'timestamp': '2026-09-01T23:51:07.359087+00:00', 'model_version': 'gemma:latest', 'prompt_hash': 'a6af280e'}",07_legacy_kbrag
19,real_mixed_59,gemma:latest_baseline,123.00644016265868,27.47,0,codeblock,0.576923,0.789474,0.666667,0.0,0,18.6,58.7,2.2,152.0,208.0,21469.6,83.9,7022.2,4779.7,"{'timestamp': '2026-09-01T23:51:18.939603+00:00', 'model_version': 'gemma:latest', 'prompt_hash': 'a6af280e'}",07_legacy_kbrag
19,real_mixed_60,gemma:latest_baseline,105.85080909729004,26.0,0,codeblock,0.7,0.538462,0.608696,0.0,0,18.5,58.7,2.3,145.0,208.0,20704.5,83.6,7022.2,4779.7,"{'timestamp': '2026-09-01T23:51:01.789636+00:00', 'model_version': 'gemma:latest', 'prompt_hash': 'a6af280e'}",07_legacy_kbrag
20,real_mixed_61,gemma:latest_baseline,134.5986578464508,29.44,0,codeblock,0.407407,0.392857,0.4,0.0,0,19.7,100.0,2.0,142.3,206.2,22115.8,84.1,7022.2,4779.7,"{'timestamp': '2026-09-01T23:51:41.119205+00:00', 'model_version': 'gemma:latest', 'prompt_hash': 'a6af280e'}",07_legacy_kbrag
20,real_mixed_62,gemma:latest_baseline,120.98995876312256,38.65,0,codeblock,0.181818,0.181818,0.181818,0.0,0,23.3,60.0,2.1,150.2,206.2,21677.3,83.8,7022.2,4779.7,"{'timestamp': '2026-09-01T23:51:27.491611+00:00', 'model_version': 'gemma:latest', 'prompt_hash': 'a6af280e'}",07_legacy_kbrag
20,real_mixed_63,gemma:latest_baseline,115.98479175567628,40.71,0,codeblock,0.181818,0.25,0.210526,0.0,0,18.8,58.7,2.2,148.2,206.2,21638.7,84.1,7022.2,4779.7,"{'timestamp': '2026-09-01T23:51:22.483743+00:00', 'model_version': 'gemma:latest', 'prompt_hash': 'a6af280e'}",07_legacy_kbrag
21,real_mixed_64,gemma:latest_baseline,126.93133282661438,25.53,0,codeblock,0.142857,1.0,0.25,0.0,0,19.0,100.0,1.9,137.0,202.2,22390.3,84.4,7022.2,4779.7,"{'timestamp': '2026-09-01T23:51:45.103715+00:00', 'model_version': 'gemma:latest', 'prompt_hash': 'a6af280e'}",07_legacy_kbrag
21,real_mixed_65,gemma:latest_baseline,134.952574968338,40.56,0,codeblock,0.142857,0.125,0.133333,0.0,0,17.7,66.7,1.9,133.9,202.2,22545.1,84.5,7022.2,4779.7,"{'timestamp': '2026-09-01T23:51:53.130321+00:00', 'model_version': 'gemma:latest', 'prompt_hash': 'a6af280e'}",07_legacy_kbrag
21,real_mixed_66,gemma:latest_baseline,131.41334700584412,35.37,0,codeblock,0.538462,0.35,0.424242,0.0,0,19.5,80.0,2.0,135.2,202.2,22494.1,84.5,7022.2,4779.7,"{'timestamp': '2026-09-01T23:51:49.604283+00:00', 'model_version': 'gemma:latest', 'prompt_hash': 'a6af280e'}",07_legacy_kbrag
22,real_mixed_67,gemma:latest_baseline,134.9293179512024,40.41,0,codeblock,0.714286,0.294118,0.416667,0.2857142857142857,2,28.9,69.4,2.0,133.3,202.2,22753.8,84.2,7022.2,4779.7,"{'timestamp': '2026-09-01T23:52:04.667720+00:00', 'model_version': 'gemma:latest', 'prompt_hash': 'a6af280e'}",07_legacy_kbrag
22,real_mixed_68,gemma:latest_baseline,127.91255116462708,40.95,0,codeblock,0.428571,0.461538,0.444444,0.0714285714285714,1,19.5,100.0,2.0,136.0,202.2,22799.9,84.5,7022.2,4779.7,"{'timestamp': '2026-09-01T23:51:57.640530+00:00', 'model_version': 'gemma:latest', 'prompt_hash': 'a6af280e'}",07_legacy_kbrag
22,real_mixed_69,gemma:latest_baseline,131.40235710144043,40.16,0,codeblock,0.666667,0.333333,0.444444,0.0,0,28.1,63.3,2.1,134.9,202.2,22775.4,84.3,7022.2,4779.7,"{'timestamp': '2026-09-01T23:52:01.145566+00:00', 'model_version': 'gemma:latest', 'prompt_hash': 'a6af280e'}",07_legacy_kbrag
23,real_mixed_70,gemma:latest_baseline,126.2799789905548,40.61,0,codeblock,0.733333,0.52381,0.611111,0.0,0,16.9,74.9,2.0,136.7,202.2,23114.3,84.0,7022.2,4779.7,"{'timestamp': '2026-09-01T23:52:13.375878+00:00', 'model_version': 'gemma:latest', 'prompt_hash': 'a6af280e'}",07_legacy_kbrag
23,real_mixed_71,gemma:latest_baseline,129.315908908844,39.62,0,codeblock,0.666667,0.333333,0.444444,0.0,0,16.7,74.9,2.0,135.6,202.2,23015.4,84.0,7022.2,4779.7,"{'timestamp': '2026-09-01T23:52:16.406329+00:00', 'model_version': 'gemma:latest', 'prompt_hash': 'a6af280e'}",07_legacy_kbrag
23,real_mixed_72,gemma:latest_baseline,121.80210304260254,34.27,0,codeblock,0.875,0.5,0.636364,0.0,0,17.0,74.9,2.0,138.4,202.2,23271.2,84.0,7022.2,4779.7,"{'timestamp': '2026-09-01T23:52:08.890751+00:00', 'model_version': 'gemma:latest', 'prompt_hash': 'a6af280e'}",07_legacy_kbrag
24,real_mixed_73,gemma:latest_baseline,127.23923182487488,40.65,0,codeblock,0.777778,0.466667,0.583333,0.0,0,27.2,89.3,2.0,136.4,202.2,23099.4,84.0,7022.2,4779.7,"{'timestamp': '2026-09-01T23:52:23.325794+00:00', 'model_version': 'gemma:latest', 'prompt_hash': 'a6af280e'}",07_legacy_kbrag
24,real_mixed_74,gemma:latest_baseline,130.7790548801422,40.44,0,codeblock,0.857143,0.6,0.705882,0.0,0,21.4,100.0,2.0,135.3,202.2,22984.5,84.0,7022.2,4779.7,"{'timestamp': '2026-09-01T23:52:26.860578+00:00', 'model_version': 'gemma:latest', 'prompt_hash': 'a6af280e'}",07_legacy_kbrag
24,real_mixed_75,gemma:latest_baseline,123.69883704185486,40.99,0,codeblock,0.285714,0.666667,0.4,0.0,0,27.1,88.9,1.9,137.5,202.2,23215.6,84.0,7022.2,4779.7,"{'timestamp': '2026-09-01T23:52:19.771593+00:00', 'model_version': 'gemma:latest', 'prompt_hash': 'a6af280e'}",07_legacy_kbrag
25,real_mixed_76,gemma:latest_baseline,120.62399625778198,41.99,0,codeblock,0.0,0.0,0.0,0.0,0,17.3,100.0,1.9,138.7,202.2,23294.6,84.1,7022.2,4779.7,"{'timestamp': '2026-09-01T23:52:28.397364+00:00', 'model_version': 'gemma:latest', 'prompt_hash': 'a6af280e'}",07_legacy_kbrag
25,real_mixed_77,gemma:latest_baseline,125.61975288391112,40.47,0,codeblock,0.642857,0.45,0.529412,0.0,0,17.8,100.0,1.7,137.0,202.2,23119.9,84.2,7022.2,4779.7,"{'timestamp': '2026-09-01T23:52:33.429380+00:00', 'model_version': 'gemma:latest', 'prompt_hash': 'a6af280e'}",07_legacy_kbrag
25,real_mixed_78,gemma:latest_baseline,131.65718293190002,38.78,0,codeblock,0.181818,0.5,0.266667,0.0909090909090909,1,17.7,87.1,2.0,135.2,202.2,22919.8,84.2,7022.2,4779.7,"{'timestamp': '2026-09-01T23:52:39.436671+00:00', 'model_version': 'gemma:latest', 'prompt_hash': 'a6af280e'}",07_legacy_kbrag
26,real_mixed_79,gemma:latest_baseline,139.24706983566284,38.18,0,codeblock,0.538462,0.7,0.608696,0.0,0,16.4,100.0,1.8,124.2,202.2,22745.4,84.1,7022.2,4779.7,"{'timestamp': '2026-09-01T23:52:59.635509+00:00', 'model_version': 'gemma:latest', 'prompt_hash': 'a6af280e'}",07_legacy_kbrag
26,real_mixed_80,gemma:latest_baseline,131.576514005661,39.63,0,codeblock,0.5625,0.75,0.642857,0.0,0,24.4,100.0,1.9,126.1,202.2,22960.9,84.1,7022.2,4779.7,"{'timestamp': '2026-09-01T23:52:51.985463+00:00', 'model_version': 'gemma:latest', 'prompt_hash': 'a6af280e'}",07_legacy_kbrag
26,real_mixed_81,gemma:latest_baseline,122.06988215446472,41.52,0,codeblock,1.0,0.545455,0.705882,0.0,0,17.7,86.4,1.9,128.2,202.2,23252.0,84.2,7022.2,4779.7,"{'timestamp': '2026-09-01T23:52:42.461988+00:00', 'model_version': 'gemma:latest', 'prompt_hash': 'a6af280e'}",07_legacy_kbrag
27,real_mixed_82,gemma:latest_baseline,131.0271909236908,41.32,0,codeblock,0.307692,0.444444,0.363636,0.0,0,12.4,74.9,1.8,115.1,196.6,22161.2,84.0,7022.2,4779.7,"{'timestamp': '2026-09-01T23:53:07.326293+00:00', 'model_version': 'gemma:latest', 'prompt_hash': 'a6af280e'}",07_legacy_kbrag
27,real_mixed_83,gemma:latest_baseline,126.53885507583618,42.13,0,codeblock,0.8,0.8,0.8,0.0,0,12.7,74.9,1.6,115.9,196.6,22274.4,84.0,7022.2,4779.7,"{'timestamp': '2026-09-01T23:53:02.832017+00:00', 'model_version': 'gemma:latest', 'prompt_hash': 'a6af280e'}",07_legacy_kbrag
27,real_mixed_84,gemma:latest_baseline,133.5440058708191,41.9,0,codeblock,1.0,0.555556,0.714286,0.0,0,12.3,74.9,1.8,114.7,196.6,22105.1,84.0,7022.2,4779.7,"{'timestamp': '2026-09-01T23:53:09.832419+00:00', 'model_version': 'gemma:latest', 'prompt_hash': 'a6af280e'}",07_legacy_kbrag
28,real_mixed_85,gemma:latest_baseline,113.83260107040404,42.16,0,codeblock,0.833333,0.625,0.714286,0.0,0,10.7,74.9,2.2,98.1,196.6,21213.3,83.7,7022.2,4779.7,"{'timestamp': '2026-09-01T23:53:12.859261+00:00', 'model_version': 'gemma:latest', 'prompt_hash': 'a6af280e'}",07_legacy_kbrag
28,real_mixed_86,gemma:latest_baseline,120.3724799156189,41.07,0,codeblock,1.0,0.692308,0.818182,0.0,0,10.5,74.9,2.0,97.9,196.6,21094.2,83.7,7022.2,4779.7,"{'timestamp': '2026-09-01T23:53:19.412598+00:00', 'model_version': 'gemma:latest', 'prompt_hash': 'a6af280e'}",07_legacy_kbrag
28,real_mixed_87,gemma:latest_baseline,116.33605885505676,41.93,0,codeblock,0.4,0.285714,0.333333,0.0,0,10.7,74.9,2.0,98.1,196.6,21168.5,83.7,7022.2,4779.7,"{'timestamp': '2026-09-01T23:53:15.361633+00:00', 'model_version': 'gemma:latest', 'prompt_hash': 'a6af280e'}",07_legacy_kbrag
29,real_mixed_88,gemma:latest_baseline,100.72829699516296,42.69,0,codeblock,0.285714,0.5,0.363636,0.0,0,9.2,74.9,2.2,93.1,99.8,20177.2,83.8,7022.2,4779.7,"{'timestamp': '2026-09-01T23:53:21.939527+00:00', 'model_version': 'gemma:latest', 'prompt_hash': 'a6af280e'}",07_legacy_kbrag
29,real_mixed_89,gemma:latest_baseline,103.70618391036987,41.83,0,codeblock,0.222222,0.153846,0.181818,0.0,0,9.3,74.9,2.2,93.1,99.8,20140.3,83.8,7022.2,4779.7,"{'timestamp': '2026-09-01T23:53:24.925310+00:00', 'model_version': 'gemma:latest', 'prompt_hash': 'a6af280e'}",07_legacy_kbrag
29,real_mixed_90,gemma:latest_baseline,109.76253199577332,40.96,0,codeblock,0.333333,0.875,0.482759,0.0,0,9.2,74.9,2.1,93.3,99.8,20084.2,83.8,7022.2,4779.7,"{'timestamp': '2026-09-01T23:53:30.981623+00:00', 'model_version': 'gemma:latest', 'prompt_hash': 'a6af280e'}",07_legacy_kbrag
30,real_mixed_91,gemma:latest_baseline,109.69957900047302,40.92,0,codeblock,0.3,0.25,0.272727,0.0,0,10.5,74.9,2.2,94.6,99.8,19452.3,83.4,7022.2,4779.7,"{'timestamp': '2026-09-01T23:53:42.924323+00:00', 'model_version': 'gemma:latest', 'prompt_hash': 'a6af280e'}",07_legacy_kbrag
30,real_mixed_92,gemma:latest_baseline,102.66048574447632,40.95,0,codeblock,0.470588,0.533333,0.5,0.0,0,11.5,74.9,2.2,94.4,99.8,19446.9,83.4,7022.2,4779.7,"{'timestamp': '2026-09-01T23:53:35.890761+00:00', 'model_version': 'gemma:latest', 'prompt_hash': 'a6af280e'}",07_legacy_kbrag
30,real_mixed_93,gemma:latest_baseline,106.23362302780151,41.48,0,codeblock,0.583333,0.7,0.636364,0.0,0,8.9,74.9,2.2,94.5,99.8,19448.3,83.4,7022.2,4779.7,"{'timestamp': '2026-09-01T23:53:39.452911+00:00', 'model_version': 'gemma:latest', 'prompt_hash': 'a6af280e'}",07_legacy_kbrag
31,real_mixed_94,gemma:latest_baseline,109.2304229736328,40.39,0,codeblock,0.615385,0.380952,0.470588,0.0,0,12.0,100.0,2.1,95.4,99.8,19192.0,83.9,7022.2,4779.7,"{'timestamp': '2026-09-01T23:53:53.998799+00:00', 'model_version': 'gemma:latest', 'prompt_hash': 'a6af280e'}",07_legacy_kbrag
31,real_mixed_95,gemma:latest_baseline,101.68382120132446,41.66,0,codeblock,0.0,0.0,0.0,0.0,0,13.0,74.9,2.2,95.3,99.8,19165.3,84.0,7022.2,4779.7,"{'timestamp': '2026-09-01T23:53:46.434656+00:00', 'model_version': 'gemma:latest', 'prompt_hash': 'a6af280e'}",07_legacy_kbrag
31,real_mixed_96,gemma:latest_baseline,104.70427203178406,41.03,0,codeblock,0.555556,0.416667,0.47619,0.0,0,12.0,74.9,2.4,95.4,99.8,19183.2,83.9,7022.2,4779.7,"{'timestamp': '2026-09-01T23:53:49.463485+00:00', 'model_version': 'gemma:latest', 'prompt_hash': 'a6af280e'}",07_legacy_kbrag
32,real_mixed_97,gemma:latest_baseline,102.18818712234496,41.99,0,codeblock,0.444444,0.444444,0.444444,0.0,0,8.0,34.8,2.2,100.4,198.4,19135.4,84.1,7022.2,4779.7,"{'timestamp': '2026-09-01T23:53:58.696999+00:00', 'model_version': 'gemma:latest', 'prompt_hash': 'a6af280e'}",07_legacy_kbrag
32,real_mixed_98,gemma:latest_baseline,108.21758699417114,40.41,0,codeblock,0.611111,0.392857,0.478261,0.0,0,7.8,34.8,2.1,105.7,198.4,19137.3,84.1,7022.2,4779.7,"{'timestamp': '2026-09-01T23:54:04.741357+00:00', 'model_version': 'gemma:latest', 'prompt_hash': 'a6af280e'}",07_legacy_kbrag
32,real_mixed_99,gemma:latest_baseline,99.16648602485655,42.37,0,codeblock,0.0,0.0,0.0,0.0,0,8.0,34.8,2.3,97.4,198.4,19135.1,84.1,7022.2,4779.7,"{'timestamp': '2026-09-01T23:53:55.662873+00:00', 'model_version': 'gemma:latest', 'prompt_hash': 'a6af280e'}",07_legacy_kbrag
33,real_mixed_100,gemma:latest_baseline,106.64806818962096,41.1,0,codeblock,0.25,0.571429,0.347826,0.0,0,10.6,66.7,2.2,114.1,198.4,19189.2,84.0,7022.2,4779.7,"{'timestamp': '2026-09-01T23:54:13.601158+00:00', 'model_version': 'gemma:latest', 'prompt_hash': 'a6af280e'}",07_legacy_kbrag
33,real_mixed_101,gemma:latest_baseline,102.26296496391296,42.03,0,codeblock,0.2,0.285714,0.235294,0.0,0,9.2,50.0,2.2,110.9,198.4,19170.9,84.0,7022.2,4779.7,"{'timestamp': '2026-09-01T23:54:09.219225+00:00', 'model_version': 'gemma:latest', 'prompt_hash': 'a6af280e'}",07_legacy_kbrag
33,real_mixed_102,gemma:latest_baseline,99.24058699607848,43.06,0,codeblock,0.0,0.0,0.0,0.0,0,8.3,40.4,2.4,108.3,198.4,19160.3,84.0,7022.2,4779.7,"{'timestamp': '2026-09-01T23:54:06.188257+00:00', 'model_version': 'gemma:latest', 'prompt_hash': 'a6af280e'}",07_legacy_kbrag
34,real_mixed_103,gemma:latest_baseline,95.23031783103944,43.23,0,codeblock,0.0,0.0,0.0,0.0,0,8.0,58.3,2.3,117.7,198.4,19237.9,83.9,7022.2,4779.7,"{'timestamp': '2026-09-01T23:54:14.750347+00:00', 'model_version': 'gemma:latest', 'prompt_hash': 'a6af280e'}",07_legacy_kbrag
34,real_mixed_104,gemma:latest_baseline,103.13185501098631,41.55,0,codeblock,0.4375,0.7,0.538462,0.0,0,11.3,100.0,2.2,123.4,198.4,19247.8,83.9,7022.2,4779.7,"{'timestamp': '2026-09-01T23:54:22.665728+00:00', 'model_version': 'gemma:latest', 'prompt_hash': 'a6af280e'}",07_legacy_kbrag
34,real_mixed_105,gemma:latest_baseline,98.76910829544067,41.46,0,codeblock,0.125,0.1,0.111111,0.125,1,8.9,66.7,2.2,120.5,198.4,19244.3,83.9,7022.2,4779.7,"{'timestamp': '2026-09-01T23:54:18.303389+00:00', 'model_version': 'gemma:latest', 'prompt_hash': 'a6af280e'}",07_legacy_kbrag
35,real_mixed_106,gemma:latest_baseline,84.60863995552063,42.92,0,codeblock,0.5,0.5,0.5,0.0,0,7.5,35.4,2.5,131.8,201.7,19280.7,83.9,7022.2,4779.7,"{'timestamp': '2026-09-01T23:54:24.342242+00:00', 'model_version': 'gemma:latest', 'prompt_hash': 'a6af280e'}",07_legacy_kbrag
35,real_mixed_107,gemma:latest_baseline,93.14777398109436,40.46,0,codeblock,1.0,0.923077,0.96,0.0,0,8.7,100.0,2.2,138.0,201.9,19258.0,83.9,7022.2,4779.7,"{'timestamp': '2026-09-01T23:54:32.887508+00:00', 'model_version': 'gemma:latest', 'prompt_hash': 'a6af280e'}",07_legacy_kbrag
35,real_mixed_108,gemma:latest_baseline,87.61748600006104,41.59,0,codeblock,0.166667,0.2,0.181818,0.0,0,8.6,100.0,2.4,134.2,201.9,19277.6,83.9,7022.2,4779.7,"{'timestamp': '2026-09-01T23:54:27.351454+00:00', 'model_version': 'gemma:latest', 'prompt_hash': 'a6af280e'}",07_legacy_kbrag
36,real_mixed_109,gemma:latest_baseline,99.19784998893738,40.22,0,codeblock,0.666667,0.583333,0.622222,0.0,0,6.9,34.8,2.3,153.0,201.9,19280.7,83.9,7022.2,4779.7,"{'timestamp': '2026-09-01T23:54:49.136627+00:00', 'model_version': 'gemma:latest', 'prompt_hash': 'a6af280e'}",07_legacy_kbrag
36,real_mixed_110,gemma:latest_baseline,93.11930203437804,40.87,0,codeblock,0.444444,0.222222,0.296296,0.0,0,7.3,34.8,2.3,149.8,201.9,19281.7,83.9,7022.2,4779.7,"{'timestamp': '2026-09-01T23:54:43.052973+00:00', 'model_version': 'gemma:latest', 'prompt_hash': 'a6af280e'}",07_legacy_kbrag
36,real_mixed_111,gemma:latest_baseline,89.08474111557007,42.07,0,codeblock,0.827586,0.827586,0.827586,0.0,0,7.9,50.0,2.5,147.5,201.9,19280.7,83.9,7022.2,4779.7,"{'timestamp': '2026-09-01T23:54:39.034991+00:00', 'model_version': 'gemma:latest', 'prompt_hash': 'a6af280e'}",07_legacy_kbrag
37,real_mixed_112,gemma:latest_baseline,92.1051788330078,42.29,0,codeblock,0.428571,0.6,0.5,0.0,0,7.1,42.9,2.2,160.5,202.5,19290.4,83.9,7022.2,4779.7,"{'timestamp': '2026-09-01T23:54:51.609587+00:00', 'model_version': 'gemma:latest', 'prompt_hash': 'a6af280e'}",07_legacy_kbrag
37,real_mixed_113,gemma:latest_baseline,95.14085221290588,41.62,0,codeblock,0.333333,0.222222,0.266667,0.0,0,7.0,34.8,2.1,161.8,202.6,19281.2,83.9,7022.2,4779.7,"{'timestamp': '2026-09-01T23:54:54.651403+00:00', 'model_version': 'gemma:latest', 'prompt_hash': 'a6af280e'}",07_legacy_kbrag
37,real_mixed_114,gemma:latest_baseline,98.67809391021729,41.61,0,codeblock,0.181818,0.285714,0.222222,0.0,0,6.9,34.8,2.2,163.3,202.6,19275.5,83.9,7022.2,4779.7,"{'timestamp': '2026-09-01T23:54:58.187545+00:00', 'model_version': 'gemma:latest', 'prompt_hash': 'a6af280e'}",07_legacy_kbrag
38,real_mixed_115,gemma:latest_baseline,88.60407590866089,42.95,0,codeblock,1.0,1.0,1.0,0.0,0,7.0,34.8,2.3,172.8,204.5,19305.1,84.0,7022.2,4779.7,"{'timestamp': '2026-09-01T23:54:59.675920+00:00', 'model_version': 'gemma:latest', 'prompt_hash': 'a6af280e'}",07_legacy_kbrag
38,real_mixed_116,gemma:latest_baseline,97.12524271011353,42.21,0,codeblock,0.0,0.0,0.0,0.0,0,8.0,52.6,2.2,175.6,204.6,19284.8,84.0,7022.2,4779.7,"{'timestamp': '2026-09-01T23:55:08.197616+00:00', 'model_version': 'gemma:latest', 'prompt_hash': 'a6af280e'}",07_legacy_kbrag
38,real_mixed_117,gemma:latest_baseline,95.1574001312256,40.76,0,codeblock,0.133333,0.4,0.2,0.0666666666666666,2,7.0,34.8,2.2,175.0,204.6,19285.6,84.0,7022.2,4779.7,"{'timestamp': '2026-09-01T23:55:06.240778+00:00', 'model_version': 'gemma:latest', 'prompt_hash': 'a6af280e'}",07_legacy_kbrag
39,real_mixed_118,gemma:latest_baseline,91.63694429397584,41.88,0,codeblock,0.571429,0.8,0.666667,0.0,0,10.5,34.8,3.3,181.2,204.6,19275.0,84.0,7022.2,4779.7,"{'timestamp': '2026-09-01T23:55:14.650798+00:00', 'model_version': 'gemma:latest', 'prompt_hash': 'a6af280e'}",07_legacy_kbrag
39,real_mixed_119,gemma:latest_baseline,89.14478087425232,41.53,0,codeblock,0.444444,0.666667,0.533333,0.0,0,9.9,62.5,2.4,183.6,204.6,19273.2,84.0,7022.2,4779.7,"{'timestamp': '2026-09-01T23:55:12.162757+00:00', 'model_version': 'gemma:latest', 'prompt_hash': 'a6af280e'}",07_legacy_kbrag
39,real_mixed_120,gemma:latest_baseline,94.18468713760376,42.15,0,codeblock,0.333333,0.6,0.428571,0.0,0,10.0,50.0,2.9,179.0,204.6,19278.2,84.0,7022.2,4779.7,"{'timestamp': '2026-09-01T23:55:17.200974+00:00', 'model_version': 'gemma:latest', 'prompt_hash': 'a6af280e'}",07_legacy_kbrag
2,real_mixed_7,gemma:latest_kb_rag,7.121962070465088,40.15,0,codeblock,0.470588,0.571429,0.516129,0.0,0,15.1,64.1,63.2,695.6,1210.5,18867.8,84.7,7022.2,4779.7,"{'timestamp': '2026-09-01T23:55:26.095844+00:00', 'model_version': 'gemma:latest', 'prompt_hash': 'a6af280e'}",07_legacy_kbrag
2,real_mixed_8,gemma:latest_kb_rag,17.6217679977417,40.93,0,direct_json,0.5,0.363636,0.421053,0.0,0,17.8,81.6,16.4,600.8,1191.6,18990.6,84.4,7022.2,4779.7,"{'timestamp': '2026-09-01T23:55:36.990820+00:00', 'model_version': 'gemma:latest', 'prompt_hash': 'a6af280e'}",07_legacy_kbrag
2,real_mixed_9,gemma:latest_kb_rag,15.649677038192747,40.87,0,codeblock,0.5,0.4,0.444444,0.0,0,12.1,61.9,64.6,618.2,1237.3,18957.1,84.5,7022.2,4779.7,"{'timestamp': '2026-09-01T23:55:34.751065+00:00', 'model_version': 'gemma:latest', 'prompt_hash': 'a6af280e'}",07_legacy_kbrag
3,real_mixed_10,gemma:latest_kb_rag,11.678615808486938,40.62,0,codeblock,0.6,1.0,0.75,0.0,0,17.5,76.8,51.4,637.3,1154.4,18878.7,84.6,7022.2,4779.7,"{'timestamp': '2026-09-01T23:55:30.538708+00:00', 'model_version': 'gemma:latest', 'prompt_hash': 'a6af280e'}",07_legacy_kbrag
3,real_mixed_11,gemma:latest_kb_rag,26.216986179351807,37.89,0,codeblock,0.583333,0.777778,0.666667,0.0,0,18.8,70.6,13.5,533.9,1059.2,18967.0,84.4,7022.2,4779.7,"{'timestamp': '2026-09-01T23:55:45.723300+00:00', 'model_version': 'gemma:latest', 'prompt_hash': 'a6af280e'}",07_legacy_kbrag
3,real_mixed_12,gemma:latest_kb_rag,45.846932888031006,40.62,0,codeblock,0.235294,0.571429,0.333333,0.0,0,13.8,60.3,8.8,456.9,1044.1,18964.2,83.8,7022.2,4779.7,"{'timestamp': '2026-09-01T23:56:05.533576+00:00', 'model_version': 'gemma:latest', 'prompt_hash': 'a6af280e'}",07_legacy_kbrag
6,real_mixed_19,gemma:latest_kb_rag,36.753588914871216,40.61,0,codeblock,0.9375,0.75,0.833333,0.0,0,9.1,60.3,7.8,477.4,879.3,18938.3,84.0,7022.2,4779.7,"{'timestamp': '2026-09-01T23:55:56.606748+00:00', 'model_version': 'gemma:latest', 'prompt_hash': 'a6af280e'}",07_legacy_kbrag
6,real_mixed_20,gemma:latest_kb_rag,51.3314528465271,39.57,0,codeblock,0.666667,0.5,0.571429,0.0,0,8.8,60.3,7.7,474.3,879.3,19028.9,83.8,7022.2,4779.7,"{'timestamp': '2026-09-01T23:56:11.183716+00:00', 'model_version': 'gemma:latest', 'prompt_hash': 'a6af280e'}",07_legacy_kbrag
6,real_mixed_21,gemma:latest_kb_rag,83.5956609249115,40.14,0,codeblock,0.8,0.571429,0.666667,0.0,0,7.8,60.3,4.2,427.9,879.3,19133.5,83.7,7022.2,4779.7,"{'timestamp': '2026-09-01T23:56:43.450093+00:00', 'model_version': 'gemma:latest', 'prompt_hash': 'a6af280e'}",07_legacy_kbrag
1,real_mixed_4,gemma:latest_kb_rag,73.50833201408386,40.27,0,codeblock,0.666667,0.571429,0.615385,0.0833333333333333,1,8.2,60.3,8.9,438.9,879.3,19086.1,83.8,7022.2,4779.7,"{'timestamp': '2026-09-01T23:56:33.352774+00:00', 'model_version': 'gemma:latest', 'prompt_hash': 'a6af280e'}",07_legacy_kbrag
1,real_mixed_5,gemma:latest_kb_rag,96.16094088554382,40.43,0,codeblock,0.333333,0.5,0.4,0.0666666666666666,1,8.0,60.3,7.6,415.2,879.3,19104.7,83.7,7022.2,4779.7,"{'timestamp': '2026-09-01T23:56:56.001952+00:00', 'model_version': 'gemma:latest', 'prompt_hash': 'a6af280e'}",07_legacy_kbrag
1,real_mixed_6,gemma:latest_kb_rag,100.69323420524596,40.51,0,codeblock,1.0,0.888889,0.941176,0.0,0,7.9,60.3,8.1,408.1,879.3,19091.2,83.7,7022.2,4779.7,"{'timestamp': '2026-09-01T23:57:00.540306+00:00', 'model_version': 'gemma:latest', 'prompt_hash': 'a6af280e'}",07_legacy_kbrag
8,real_mixed_25,gemma:latest_kb_rag,61.89874792098999,40.25,0,codeblock,0.857143,0.5,0.631579,0.0,0,10.4,63.6,7.3,456.2,879.3,19048.3,83.8,7022.2,4779.7,"{'timestamp': '2026-09-01T23:56:21.740924+00:00', 'model_version': 'gemma:latest', 'prompt_hash': 'a6af280e'}",07_legacy_kbrag
8,real_mixed_26,gemma:latest_kb_rag,87.62647414207458,39.24,0,codeblock,0.625,0.138889,0.227273,0.0,0,8.0,60.3,6.6,429.7,879.3,19127.3,83.7,7022.2,4779.7,"{'timestamp': '2026-09-01T23:56:47.499589+00:00', 'model_version': 'gemma:latest', 'prompt_hash': 'a6af280e'}",07_legacy_kbrag
8,real_mixed_27,gemma:latest_kb_rag,109.73726797103882,37.66,0,codeblock,0.952381,0.769231,0.851064,0.0,0,7.6,60.3,6.2,415.5,879.3,19085.4,83.7,7022.2,4779.7,"{'timestamp': '2026-09-01T23:57:09.600560+00:00', 'model_version': 'gemma:latest', 'prompt_hash': 'a6af280e'}",07_legacy_kbrag
5,real_mixed_16,gemma:latest_kb_rag,113.78562712669373,40.71,0,codeblock,0.4,0.666667,0.5,0.2,3,10.0,60.3,7.9,421.3,914.6,19073.7,83.8,7022.2,4779.7,"{'timestamp': '2026-09-01T23:57:13.604687+00:00', 'model_version': 'gemma:latest', 'prompt_hash': 'a6af280e'}",07_legacy_kbrag
5,real_mixed_17,gemma:latest_kb_rag,63.941442012786865,41.59,0,codeblock,0.285714,1.0,0.444444,0.0,0,10.2,60.3,5.5,455.6,879.3,19057.5,83.8,7022.2,4779.7,"{'timestamp': '2026-09-01T23:56:23.758910+00:00', 'model_version': 'gemma:latest', 'prompt_hash': 'a6af280e'}",07_legacy_kbrag
5,real_mixed_18,gemma:latest_kb_rag,58.38761234283447,40.22,0,codeblock,0.636364,0.583333,0.608696,0.1818181818181818,2,9.4,60.3,7.3,464.5,879.3,19033.9,83.8,7022.2,4779.7,"{'timestamp': '2026-09-01T23:56:18.221197+00:00', 'model_version': 'gemma:latest', 'prompt_hash': 'a6af280e'}",07_legacy_kbrag
7,real_mixed_22,gemma:latest_kb_rag,54.37504506111145,40.95,0,codeblock,0.0,0.0,0.0,0.0,0,9.1,60.3,7.6,469.3,879.3,19028.7,83.8,7022.2,4779.7,"{'timestamp': '2026-09-01T23:56:14.199828+00:00', 'model_version': 'gemma:latest', 'prompt_hash': 'a6af280e'}",07_legacy_kbrag
7,real_mixed_23,gemma:latest_kb_rag,92.13016295433044,40.49,0,codeblock,0.727273,0.533333,0.615385,0.0,0,9.3,63.6,5.9,423.3,879.3,19113.6,83.7,7022.2,4779.7,"{'timestamp': '2026-09-01T23:56:51.969142+00:00', 'model_version': 'gemma:latest', 'prompt_hash': 'a6af280e'}",07_legacy_kbrag
7,real_mixed_24,gemma:latest_kb_rag,117.87715983390808,40.86,0,codeblock,0.625,0.714286,0.666667,0.0,0,7.5,60.3,8.2,427.1,879.3,19054.5,83.7,7022.2,4779.7,"{'timestamp': '2026-09-01T23:57:17.716378+00:00', 'model_version': 'gemma:latest', 'prompt_hash': 'a6af280e'}",07_legacy_kbrag
0,real_mixed_1,gemma:latest_kb_rag,41.814563035964966,40.49,0,codeblock,0.555556,0.769231,0.645161,0.1111111111111111,2,14.9,60.9,14.6,467.8,1070.9,18944.9,83.9,7022.2,4779.7,"{'timestamp': '2026-09-01T23:56:01.512086+00:00', 'model_version': 'gemma:latest', 'prompt_hash': 'a6af280e'}",07_legacy_kbrag
0,real_mixed_2,gemma:latest_kb_rag,68.00374984741211,40.66,0,codeblock,0.666667,0.333333,0.444444,0.0,0,8.4,60.3,5.8,448.4,879.3,19072.1,83.8,7022.2,4779.7,"{'timestamp': '2026-09-01T23:56:27.833749+00:00', 'model_version': 'gemma:latest', 'prompt_hash': 'a6af280e'}",07_legacy_kbrag
0,real_mixed_3,gemma:latest_kb_rag,121.31917119026184,40.71,0,codeblock,0.666667,0.5,0.571429,0.0,0,10.4,66.7,40.3,437.0,914.5,19051.6,83.7,7022.2,4779.7,"{'timestamp': '2026-09-01T23:57:21.151951+00:00', 'model_version': 'gemma:latest', 'prompt_hash': 'a6af280e'}",07_legacy_kbrag
4,real_mixed_13,gemma:latest_kb_rag,32.72381901741028,39.81,0,codeblock,0.769231,0.588235,0.666667,0.0,0,9.6,60.3,13.0,493.5,879.3,18941.7,84.2,7022.2,4779.7,"{'timestamp': '2026-09-01T23:55:52.564161+00:00', 'model_version': 'gemma:latest', 'prompt_hash': 'a6af280e'}",07_legacy_kbrag
4,real_mixed_14,gemma:latest_kb_rag,79.5521023273468,38.62,0,codeblock,0.666667,0.666667,0.666667,0.0,0,7.9,60.3,5.4,431.9,879.3,19117.9,83.7,7022.2,4779.7,"{'timestamp': '2026-09-01T23:56:39.400067+00:00', 'model_version': 'gemma:latest', 'prompt_hash': 'a6af280e'}",07_legacy_kbrag
4,real_mixed_15,gemma:latest_kb_rag,126.3645679950714,40.47,0,codeblock,0.315789,0.666667,0.428571,0.0526315789473684,1,7.9,66.7,9.3,449.5,879.3,19047.2,83.7,7022.2,4779.7,"{'timestamp': '2026-09-01T23:57:26.198359+00:00', 'model_version': 'gemma:latest', 'prompt_hash': 'a6af280e'}",07_legacy_kbrag
9,real_mixed_28,gemma:latest_kb_rag,117.35251593589784,40.75,0,codeblock,0.875,0.466667,0.608696,0.0,0,13.7,85.7,23.2,442.0,778.7,19034.1,83.6,7022.2,4779.7,"{'timestamp': '2026-09-01T23:57:34.746711+00:00', 'model_version': 'gemma:latest', 'prompt_hash': 'a6af280e'}",07_legacy_kbrag
9,real_mixed_29,gemma:latest_kb_rag,114.3301010131836,40.58,0,codeblock,0.285714,0.5,0.363636,0.0,0,12.4,57.8,9.8,439.3,778.7,19044.4,83.6,7022.2,4779.7,"{'timestamp': '2026-09-01T23:57:31.729743+00:00', 'model_version': 'gemma:latest', 'prompt_hash': 'a6af280e'}",07_legacy_kbrag
9,real_mixed_30,gemma:latest_kb_rag,120.88861584663393,40.85,0,codeblock,0.5,0.5,0.5,0.0,0,12.4,57.1,9.3,442.0,778.7,19032.1,83.7,7022.2,4779.7,"{'timestamp': '2026-09-01T23:57:38.292253+00:00', 'model_version': 'gemma:latest', 'prompt_hash': 'a6af280e'}",07_legacy_kbrag
10,real_mixed_31,gemma:latest_kb_rag,94.7463321685791,42.17,0,codeblock,0.166667,0.5,0.25,0.0,0,7.1,39.1,12.0,471.9,778.7,19052.6,83.8,7022.2,4779.7,"{'timestamp': '2026-09-01T23:57:40.643354+00:00', 'model_version': 'gemma:latest', 'prompt_hash': 'a6af280e'}",07_legacy_kbrag
10,real_mixed_32,gemma:latest_kb_rag,97.77595806121826,40.77,0,codeblock,0.285714,0.285714,0.285714,0.1428571428571428,1,6.9,34.8,11.2,479.3,778.7,19040.5,83.8,7022.2,4779.7,"{'timestamp': '2026-09-01T23:57:43.679911+00:00', 'model_version': 'gemma:latest', 'prompt_hash': 'a6af280e'}",07_legacy_kbrag
10,real_mixed_33,gemma:latest_kb_rag,102.81264400482178,36.74,0,codeblock,0.545455,0.461538,0.5,0.1818181818181818,2,7.3,66.9,10.7,483.7,778.7,19027.8,83.7,7022.2,4779.7,"{'timestamp': '2026-09-01T23:57:48.732658+00:00', 'model_version': 'gemma:latest', 'prompt_hash': 'a6af280e'}",07_legacy_kbrag
11,real_mixed_34,gemma:latest_kb_rag,73.10485982894897,40.27,0,codeblock,0.222222,0.4,0.285714,0.0,0,11.3,100.0,15.6,534.8,778.7,18863.3,83.8,7022.2,4779.7,"{'timestamp': '2026-09-01T23:57:56.994008+00:00', 'model_version': 'gemma:latest', 'prompt_hash': 'a6af280e'}",07_legacy_kbrag
11,real_mixed_35,gemma:latest_kb_rag,68.03531002998352,40.6,0,direct_json,0.555556,0.714286,0.625,0.0,0,9.1,66.9,17.0,533.9,778.7,18852.2,83.8,7022.2,4779.7,"{'timestamp': '2026-09-01T23:57:51.923123+00:00', 'model_version': 'gemma:latest', 'prompt_hash': 'a6af280e'}",07_legacy_kbrag
11,real_mixed_36,gemma:latest_kb_rag,75.60167193412781,41.06,0,direct_json,0.818182,0.428571,0.5625,0.0,0,8.6,66.9,14.2,530.8,778.7,18870.1,83.8,7022.2,4779.7,"{'timestamp': '2026-09-01T23:57:59.508702+00:00', 'model_version': 'gemma:latest', 'prompt_hash': 'a6af280e'}",07_legacy_kbrag
12,real_mixed_37,gemma:latest_kb_rag,63.46325922012329,40.41,0,codeblock,0.538462,0.583333,0.56,0.4615384615384615,6,7.5,66.9,16.8,604.4,778.7,18887.2,83.8,7022.2,4779.7,"{'timestamp': '2026-09-01T23:58:04.377771+00:00', 'model_version': 'gemma:latest', 'prompt_hash': 'a6af280e'}",07_legacy_kbrag
12,real_mixed_38,gemma:latest_kb_rag,71.13514804840088,40.49,0,codeblock,0.615385,0.615385,0.615385,0.0769230769230769,1,7.8,66.9,15.2,583.7,778.7,18925.8,83.7,7022.2,4779.7,"{'timestamp': '2026-09-01T23:58:12.054693+00:00', 'model_version': 'gemma:latest', 'prompt_hash': 'a6af280e'}",07_legacy_kbrag
12,real_mixed_39,gemma:latest_kb_rag,66.08634901046753,41.09,0,direct_json,0.666667,0.571429,0.615385,0.0,0,8.7,66.9,20.4,597.9,778.7,18905.2,83.7,7022.2,4779.7,"{'timestamp': '2026-09-01T23:58:06.985641+00:00', 'model_version': 'gemma:latest', 'prompt_hash': 'a6af280e'}",07_legacy_kbrag
13,real_mixed_40,gemma:latest_kb_rag,75.67581915855408,40.79,0,codeblock,0.466667,0.583333,0.518519,0.4,6,7.4,66.9,14.2,553.0,778.7,18884.8,83.6,7022.2,4779.7,"{'timestamp': '2026-09-01T23:58:25.647284+00:00', 'model_version': 'gemma:latest', 'prompt_hash': 'a6af280e'}",07_legacy_kbrag
13,real_mixed_41,gemma:latest_kb_rag,66.11145186424255,39.77,0,codeblock,0.666667,0.444444,0.533333,0.0,0,7.5,66.9,17.3,588.8,778.7,18907.8,83.6,7022.2,4779.7,"{'timestamp': '2026-09-01T23:58:16.075192+00:00', 'model_version': 'gemma:latest', 'prompt_hash': 'a6af280e'}",07_legacy_kbrag
13,real_mixed_42,gemma:latest_kb_rag,71.14382266998291,40.43,0,codeblock,0.625,0.416667,0.5,0.0,0,8.1,66.9,15.9,568.5,778.7,18904.9,83.7,7022.2,4779.7,"{'timestamp': '2026-09-01T23:58:21.115753+00:00', 'model_version': 'gemma:latest', 'prompt_hash': 'a6af280e'}",07_legacy_kbrag
14,real_mixed_43,gemma:latest_kb_rag,93.89014506340028,36.44,0,direct_json,0.576923,0.714286,0.638298,0.2692307692307692,7,7.1,66.9,12.0,533.3,778.7,18937.5,83.7,7022.2,4779.7,"{'timestamp': '2026-09-01T23:58:47.862765+00:00', 'model_version': 'gemma:latest', 'prompt_hash': 'a6af280e'}",07_legacy_kbrag
14,real_mixed_44,gemma:latest_kb_rag,81.8151490688324,40.19,0,codeblock,0.611111,0.785714,0.6875,0.0,0,7.4,66.9,14.7,557.2,778.7,18914.0,83.6,7022.2,4779.7,"{'timestamp': '2026-09-01T23:58:35.789082+00:00', 'model_version': 'gemma:latest', 'prompt_hash': 'a6af280e'}",07_legacy_kbrag
14,real_mixed_45,gemma:latest_kb_rag,75.66543793678284,40.67,0,codeblock,0.571429,0.666667,0.615385,0.2857142857142857,4,9.7,66.9,15.3,555.0,778.7,18888.5,83.6,7022.2,4779.7,"{'timestamp': '2026-09-01T23:58:29.633817+00:00', 'model_version': 'gemma:latest', 'prompt_hash': 'a6af280e'}",07_legacy_kbrag
15,real_mixed_46,gemma:latest_kb_rag,103.75119614601137,40.6,0,codeblock,0.222222,0.142857,0.173913,0.0,0,10.4,100.0,11.4,500.3,778.7,18946.8,83.7,7022.2,4779.7,"{'timestamp': '2026-09-01T23:59:01.863279+00:00', 'model_version': 'gemma:latest', 'prompt_hash': 'a6af280e'}",07_legacy_kbrag
15,real_mixed_47,gemma:latest_kb_rag,99.822407245636,39.92,0,codeblock,0.923077,0.888889,0.90566,0.0,0,9.2,100.0,12.0,511.1,778.7,18962.3,83.8,7022.2,4779.7,"{'timestamp': '2026-09-01T23:58:57.943406+00:00', 'model_version': 'gemma:latest', 'prompt_hash': 'a6af280e'}",07_legacy_kbrag
15,real_mixed_48,gemma:latest_kb_rag,93.69135117530824,40.35,0,codeblock,0.272727,0.5,0.352941,0.0,0,10.4,100.0,12.8,524.9,778.7,18957.5,83.7,7022.2,4779.7,"{'timestamp': '2026-09-01T23:58:51.793735+00:00', 'model_version': 'gemma:latest', 'prompt_hash': 'a6af280e'}",07_legacy_kbrag
16,real_mixed_49,gemma:latest_kb_rag,108.33333778381348,39.48,0,codeblock,0.7,0.5,0.583333,0.0,0,6.8,66.9,11.0,498.1,778.7,18948.8,83.7,7022.2,4779.7,"{'timestamp': '2026-09-01T23:59:09.830793+00:00', 'model_version': 'gemma:latest', 'prompt_hash': 'a6af280e'}",07_legacy_kbrag
16,real_mixed_50,gemma:latest_kb_rag,111.2759690284729,40.89,0,codeblock,1.0,0.636364,0.777778,0.0,0,6.8,66.9,10.3,499.0,778.7,18958.6,83.7,7022.2,4779.7,"{'timestamp': '2026-09-01T23:59:12.783039+00:00', 'model_version': 'gemma:latest', 'prompt_hash': 'a6af280e'}",07_legacy_kbrag
16,real_mixed_51,gemma:latest_kb_rag,103.80138611793518,40.62,0,codeblock,0.666667,0.666667,0.666667,0.0,0,6.9,66.9,11.2,495.0,778.7,18941.1,83.7,7022.2,4779.7,"{'timestamp': '2026-09-01T23:59:05.293182+00:00', 'model_version': 'gemma:latest', 'prompt_hash': 'a6af280e'}",07_legacy_kbrag
17,real_mixed_52,gemma:latest_kb_rag,114.96862196922302,40.55,0,codeblock,0.611111,0.785714,0.6875,0.0,0,8.8,90.9,10.5,493.8,760.6,18973.0,83.7,7022.2,4779.7,"{'timestamp': '2026-09-01T23:59:21.548467+00:00', 'model_version': 'gemma:latest', 'prompt_hash': 'a6af280e'}",07_legacy_kbrag
17,real_mixed_53,gemma:latest_kb_rag,109.80801391601562,40.67,0,codeblock,0.363636,0.666667,0.470588,0.0,0,6.8,66.9,10.6,488.7,760.6,18970.9,83.7,7022.2,4779.7,"{'timestamp': '2026-09-01T23:59:16.374855+00:00', 'model_version': 'gemma:latest', 'prompt_hash': 'a6af280e'}",07_legacy_kbrag
17,real_mixed_54,gemma:latest_kb_rag,116.97745108604433,41.48,0,codeblock,0.142857,0.25,0.181818,0.0,0,8.5,90.9,9.9,495.3,760.6,18982.1,83.7,7022.2,4779.7,"{'timestamp': '2026-09-01T23:59:23.547698+00:00', 'model_version': 'gemma:latest', 'prompt_hash': 'a6af280e'}",07_legacy_kbrag
18,real_mixed_55,gemma:latest_kb_rag,108.29958605766296,40.73,0,direct_json,0.454545,0.555556,0.5,0.0,0,10.7,67.0,11.1,492.5,760.6,19013.1,83.6,7022.2,4779.7,"{'timestamp': '2026-09-01T23:59:27.004878+00:00', 'model_version': 'gemma:latest', 'prompt_hash': 'a6af280e'}",07_legacy_kbrag
18,real_mixed_56,gemma:latest_kb_rag,112.89762806892396,40.14,0,codeblock,0.6,0.428571,0.5,0.1,1,8.6,88.2,10.3,497.6,760.6,19041.1,83.5,7022.2,4779.7,"{'timestamp': '2026-09-01T23:59:31.607092+00:00', 'model_version': 'gemma:latest', 'prompt_hash': 'a6af280e'}",07_legacy_kbrag
18,real_mixed_57,gemma:latest_kb_rag,116.8949010372162,40.74,0,codeblock,1.0,0.944444,0.971429,0.0,0,8.5,66.9,10.0,497.3,760.6,19067.5,83.5,7022.2,4779.7,"{'timestamp': '2026-09-01T23:59:35.625156+00:00', 'model_version': 'gemma:latest', 'prompt_hash': 'a6af280e'}",07_legacy_kbrag
19,real_mixed_58,gemma:latest_kb_rag,113.84851384162904,40.57,0,codeblock,0.5,0.636364,0.56,0.0714285714285714,1,6.3,42.6,10.3,498.6,760.6,19143.3,83.4,7022.2,4779.7,"{'timestamp': '2026-09-01T23:59:42.958639+00:00', 'model_version': 'gemma:latest', 'prompt_hash': 'a6af280e'}",07_legacy_kbrag
19,real_mixed_59,gemma:latest_kb_rag,122.42655897140504,38.11,0,codeblock,0.666667,0.842105,0.744186,0.0,0,6.2,42.6,10.0,493.1,760.6,19211.7,83.3,7022.2,4779.7,"{'timestamp': '2026-09-01T23:59:51.531337+00:00', 'model_version': 'gemma:latest', 'prompt_hash': 'a6af280e'}",07_legacy_kbrag
19,real_mixed_60,gemma:latest_kb_rag,110.32776880264282,40.49,0,codeblock,0.666667,0.461538,0.545455,0.0,0,6.2,42.6,11.2,492.4,760.6,19116.8,83.4,7022.2,4779.7,"{'timestamp': '2026-09-01T23:59:39.442900+00:00', 'model_version': 'gemma:latest', 'prompt_hash': 'a6af280e'}",07_legacy_kbrag
20,real_mixed_61,gemma:latest_kb_rag,129.05925703048706,36.14,0,codeblock,0.633333,0.678571,0.655172,0.0666666666666666,2,8.6,55.6,9.2,463.1,760.6,19211.3,83.4,7022.2,4779.7,"{'timestamp': '2026-09-02T00:00:08.951868+00:00', 'model_version': 'gemma:latest', 'prompt_hash': 'a6af280e'}",07_legacy_kbrag
20,real_mixed_62,gemma:latest_kb_rag,116.94379925727844,40.26,0,codeblock,0.352941,0.545455,0.428571,0.2352941176470588,4,7.9,53.3,10.1,485.9,760.6,19236.0,83.3,7022.2,4779.7,"{'timestamp': '2026-09-01T23:59:56.812472+00:00', 'model_version': 'gemma:latest', 'prompt_hash': 'a6af280e'}",07_legacy_kbrag
20,real_mixed_63,gemma:latest_kb_rag,132.5813729763031,40.96,0,codeblock,0.083333,0.125,0.1,0.0,0,8.4,58.8,8.9,455.0,760.6,19204.1,83.4,7022.2,4779.7,"{'timestamp': '2026-09-02T00:00:12.455804+00:00', 'model_version': 'gemma:latest', 'prompt_hash': 'a6af280e'}",07_legacy_kbrag
21,real_mixed_64,gemma:latest_kb_rag,122.46220517158508,41.07,0,codeblock,0.0,0.0,0.0,0.0,0,9.2,66.7,10.2,451.3,686.4,19202.2,83.5,7022.2,4779.7,"{'timestamp': '2026-09-02T00:00:14.914151+00:00', 'model_version': 'gemma:latest', 'prompt_hash': 'a6af280e'}",07_legacy_kbrag
21,real_mixed_65,gemma:latest_kb_rag,129.55362105369568,40.52,0,direct_json,0.222222,0.25,0.235294,0.0,0,8.9,66.7,9.7,452.1,686.4,19207.0,83.5,7022.2,4779.7,"{'timestamp': '2026-09-02T00:00:22.013116+00:00', 'model_version': 'gemma:latest', 'prompt_hash': 'a6af280e'}",07_legacy_kbrag
21,real_mixed_66,gemma:latest_kb_rag,126.0224061012268,40.6,0,codeblock,0.888889,0.4,0.551724,0.0,0,8.1,45.9,9.5,454.2,686.4,19204.8,83.5,7022.2,4779.7,"{'timestamp': '2026-09-02T00:00:18.505080+00:00', 'model_version': 'gemma:latest', 'prompt_hash': 'a6af280e'}",07_legacy_kbrag
22,real_mixed_67,gemma:latest_kb_rag,130.40175580978394,40.04,0,codeblock,0.333333,0.294118,0.3125,0.3333333333333333,5,6.6,42.6,9.1,480.3,768.4,19263.1,83.4,7022.2,4779.7,"{'timestamp': '2026-09-02T00:00:36.445275+00:00', 'model_version': 'gemma:latest', 'prompt_hash': 'a6af280e'}",07_legacy_kbrag
22,real_mixed_68,gemma:latest_kb_rag,120.34102606773376,40.63,0,codeblock,0.352941,0.461538,0.4,0.0,0,6.6,42.6,10.3,472.8,768.4,19255.5,83.4,7022.2,4779.7,"{'timestamp': '2026-09-02T00:00:26.365107+00:00', 'model_version': 'gemma:latest', 'prompt_hash': 'a6af280e'}",07_legacy_kbrag
22,real_mixed_69,gemma:latest_kb_rag,125.87273788452148,40.33,0,codeblock,0.545455,0.5,0.521739,0.2727272727272727,6,6.6,42.6,9.7,479.9,768.4,19256.4,83.4,7022.2,4779.7,"{'timestamp': '2026-09-02T00:00:31.906621+00:00', 'model_version': 'gemma:latest', 'prompt_hash': 'a6af280e'}",07_legacy_kbrag
23,real_mixed_70,gemma:latest_kb_rag,111.31760597229004,40.65,0,codeblock,0.875,0.333333,0.482759,0.0,0,10.8,90.9,10.6,486.8,768.4,19311.4,83.3,7022.2,4779.7,"{'timestamp': '2026-09-02T00:00:39.629499+00:00', 'model_version': 'gemma:latest', 'prompt_hash': 'a6af280e'}",07_legacy_kbrag
23,real_mixed_71,gemma:latest_kb_rag,121.4610559940338,25.99,0,codeblock,0.5,0.333333,0.4,0.125,1,7.8,42.6,9.6,491.2,768.4,19843.4,83.3,7022.2,4779.7,"{'timestamp': '2026-09-02T00:00:49.791452+00:00', 'model_version': 'gemma:latest', 'prompt_hash': 'a6af280e'}",07_legacy_kbrag
23,real_mixed_72,gemma:latest_kb_rag,115.41136884689332,38.38,0,codeblock,0.888889,0.571429,0.695652,0.0,0,8.1,42.6,10.2,492.4,768.4,19440.8,83.3,7022.2,4779.7,"{'timestamp': '2026-09-02T00:00:43.730685+00:00', 'model_version': 'gemma:latest', 'prompt_hash': 'a6af280e'}",07_legacy_kbrag
24,real_mixed_73,gemma:latest_kb_rag,117.91485905647278,26.09,0,codeblock,0.9,0.6,0.72,0.0,0,6.6,41.5,10.0,509.1,768.4,20585.5,83.2,7022.2,4779.7,"{'timestamp': '2026-09-02T00:01:00.145948+00:00', 'model_version': 'gemma:latest', 'prompt_hash': 'a6af280e'}",07_legacy_kbrag
24,real_mixed_74,gemma:latest_kb_rag,112.8625190258026,25.96,0,codeblock,0.7,0.7,0.7,0.0,0,6.6,41.5,10.5,515.4,768.4,20293.5,83.1,7022.2,4779.7,"{'timestamp': '2026-09-02T00:00:55.092280+00:00', 'model_version': 'gemma:latest', 'prompt_hash': 'a6af280e'}",07_legacy_kbrag
24,real_mixed_75,gemma:latest_kb_rag,123.42735600471497,26.3,0,codeblock,0.066667,0.333333,0.111111,0.4,6,6.5,41.5,9.6,499.3,768.4,20843.2,83.2,7022.2,4779.7,"{'timestamp': '2026-09-02T00:01:05.655918+00:00', 'model_version': 'gemma:latest', 'prompt_hash': 'a6af280e'}",07_legacy_kbrag
25,real_mixed_76,gemma:latest_kb_rag,115.4519979953766,26.33,0,codeblock,0.0,0.0,0.0,0.0,0,7.2,100.0,10.7,498.0,768.4,21173.2,83.2,7022.2,4779.7,"{'timestamp': '2026-09-02T00:01:08.582353+00:00', 'model_version': 'gemma:latest', 'prompt_hash': 'a6af280e'}",07_legacy_kbrag
25,real_mixed_77,gemma:latest_kb_rag,122.9559371471405,26.3,0,codeblock,0.642857,0.45,0.529412,0.0,0,7.0,41.5,9.7,508.1,768.4,21539.1,83.3,7022.2,4779.7,"{'timestamp': '2026-09-02T00:01:16.116029+00:00', 'model_version': 'gemma:latest', 'prompt_hash': 'a6af280e'}",07_legacy_kbrag
25,real_mixed_78,gemma:latest_kb_rag,133.5443058013916,26.79,0,codeblock,0.235294,1.0,0.380952,0.5294117647058824,9,7.3,100.0,11.8,510.2,768.4,21992.4,83.3,7022.2,4779.7,"{'timestamp': '2026-09-02T00:01:26.686992+00:00', 'model_version': 'gemma:latest', 'prompt_hash': 'a6af280e'}",07_legacy_kbrag
26,real_mixed_79,gemma:latest_kb_rag,136.0127980709076,37.7,0,codeblock,0.727273,0.8,0.761905,0.0,0,6.7,41.5,8.9,485.3,768.4,22589.6,83.1,7022.2,4779.7,"{'timestamp': '2026-09-02T00:01:39.922965+00:00', 'model_version': 'gemma:latest', 'prompt_hash': 'a6af280e'}",07_legacy_kbrag
26,real_mixed_80,gemma:latest_kb_rag,147.70216703414917,29.41,0,codeblock,0.5,0.708333,0.586207,0.088235294117647,3,6.8,41.5,8.6,457.6,768.4,22879.7,83.2,7022.2,4779.7,"{'timestamp': '2026-09-02T00:01:51.633425+00:00', 'model_version': 'gemma:latest', 'prompt_hash': 'a6af280e'}",07_legacy_kbrag
26,real_mixed_81,gemma:latest_kb_rag,127.93280601501463,28.56,0,codeblock,1.0,0.636364,0.777778,0.0,0,6.6,41.5,9.3,496.7,768.4,22421.4,83.4,7022.2,4779.7,"{'timestamp': '2026-09-02T00:01:31.851477+00:00', 'model_version': 'gemma:latest', 'prompt_hash': 'a6af280e'}",07_legacy_kbrag
27,real_mixed_82,gemma:latest_kb_rag,143.13295698165894,28.01,0,codeblock,0.238095,0.555556,0.333333,0.238095238095238,5,7.4,62.2,8.7,450.0,768.4,23272.3,83.4,7022.2,4779.7,"{'timestamp': '2026-09-02T00:01:59.097711+00:00', 'model_version': 'gemma:latest', 'prompt_hash': 'a6af280e'}",07_legacy_kbrag
27,real_mixed_83,gemma:latest_kb_rag,146.6295289993286,41.06,0,codeblock,0.75,0.9,0.818182,0.0,0,7.6,62.2,9.1,450.8,768.4,23325.0,83.5,7022.2,4779.7,"{'timestamp': '2026-09-02T00:02:02.617945+00:00', 'model_version': 'gemma:latest', 'prompt_hash': 'a6af280e'}",07_legacy_kbrag
27,real_mixed_84,gemma:latest_kb_rag,150.06176495552063,40.76,0,codeblock,1.0,0.666667,0.8,0.0,0,6.9,41.5,8.2,451.1,768.4,23324.5,83.4,7022.2,4779.7,"{'timestamp': '2026-09-02T00:02:06.059411+00:00', 'model_version': 'gemma:latest', 'prompt_hash': 'a6af280e'}",07_legacy_kbrag
28,real_mixed_85,gemma:latest_kb_rag,137.50476098060608,40.76,0,codeblock,0.6,0.75,0.666667,0.0,0,6.9,41.5,9.0,442.6,768.4,23686.9,83.4,7022.2,4779.7,"{'timestamp': '2026-09-02T00:02:09.588496+00:00', 'model_version': 'gemma:latest', 'prompt_hash': 'a6af280e'}",07_legacy_kbrag
28,real_mixed_86,gemma:latest_kb_rag,141.1191029548645,40.6,0,codeblock,0.888889,0.615385,0.727273,0.0,0,8.1,61.6,9.4,443.1,768.4,23651.3,83.2,7022.2,4779.7,"{'timestamp': '2026-09-02T00:02:13.206821+00:00', 'model_version': 'gemma:latest', 'prompt_hash': 'a6af280e'}",07_legacy_kbrag
28,real_mixed_87,gemma:latest_kb_rag,144.6541028022766,40.93,0,codeblock,0.571429,0.571429,0.571429,0.0,0,8.5,100.0,8.3,444.1,768.4,23618.1,83.0,7022.2,4779.7,"{'timestamp': '2026-09-02T00:02:16.737083+00:00', 'model_version': 'gemma:latest', 'prompt_hash': 'a6af280e'}",07_legacy_kbrag
29,real_mixed_88,gemma:latest_kb_rag,136.44786620140076,41.23,0,codeblock,0.375,0.75,0.5,0.0,0,11.3,73.8,8.9,459.7,768.4,24041.9,82.6,7022.2,4779.7,"{'timestamp': '2026-09-02T00:02:29.339016+00:00', 'model_version': 'gemma:latest', 'prompt_hash': 'a6af280e'}",07_legacy_kbrag
29,real_mixed_89,gemma:latest_kb_rag,134.00667786598206,40.92,0,codeblock,0.666667,0.461538,0.545455,0.0,0,10.1,50.0,9.0,462.7,768.4,24109.2,82.7,7022.2,4779.7,"{'timestamp': '2026-09-02T00:02:26.899431+00:00', 'model_version': 'gemma:latest', 'prompt_hash': 'a6af280e'}",07_legacy_kbrag
29,real_mixed_90,gemma:latest_kb_rag,130.49114298820496,40.49,0,codeblock,0.24,0.75,0.363636,0.16,4,9.7,100.0,9.3,468.2,768.4,24212.0,82.7,7022.2,4779.7,"{'timestamp': '2026-09-02T00:02:23.389284+00:00', 'model_version': 'gemma:latest', 'prompt_hash': 'a6af280e'}",07_legacy_kbrag
30,real_mixed_91,gemma:latest_kb_rag,141.06763696670532,40.0,0,codeblock,0.529412,0.75,0.62069,0.0588235294117647,1,8.4,100.0,8.7,448.4,768.4,23807.3,82.7,7022.2,4779.7,"{'timestamp': '2026-09-02T00:02:43.459157+00:00', 'model_version': 'gemma:latest', 'prompt_hash': 'a6af280e'}",07_legacy_kbrag
30,real_mixed_92,gemma:latest_kb_rag,136.03145599365234,40.33,0,direct_json,0.470588,0.533333,0.5,0.0,0,8.7,73.8,9.8,453.6,768.4,23989.8,82.6,7022.2,4779.7,"{'timestamp': '2026-09-02T00:02:38.423940+00:00', 'model_version': 'gemma:latest', 'prompt_hash': 'a6af280e'}",07_legacy_kbrag
30,real_mixed_93,gemma:latest_kb_rag,131.49076509475708,40.87,0,codeblock,0.583333,0.7,0.636364,0.0,0,9.6,100.0,9.5,458.3,768.4,24182.2,82.6,7022.2,4779.7,"{'timestamp': '2026-09-02T00:02:33.876760+00:00', 'model_version': 'gemma:latest', 'prompt_hash': 'a6af280e'}",07_legacy_kbrag
31,real_mixed_94,gemma:latest_kb_rag,135.50843214988708,40.07,0,codeblock,0.733333,0.52381,0.611111,0.0,0,6.9,41.5,9.6,428.9,717.8,23982.3,82.8,7022.2,4779.7,"{'timestamp': '2026-09-02T00:02:52.320642+00:00', 'model_version': 'gemma:latest', 'prompt_hash': 'a6af280e'}",07_legacy_kbrag
31,real_mixed_95,gemma:latest_kb_rag,130.47840690612793,39.69,0,codeblock,0.0,0.0,0.0,0.0,0,6.9,50.0,9.8,433.0,717.8,24177.2,82.7,7022.2,4779.7,"{'timestamp': '2026-09-02T00:02:47.273913+00:00', 'model_version': 'gemma:latest', 'prompt_hash': 'a6af280e'}",07_legacy_kbrag
31,real_mixed_96,gemma:latest_kb_rag,139.53372287750244,39.97,0,codeblock,0.615385,0.666667,0.64,0.0,0,6.8,41.5,8.9,425.5,717.8,23835.9,82.8,7022.2,4779.7,"{'timestamp': '2026-09-02T00:02:56.344993+00:00', 'model_version': 'gemma:latest', 'prompt_hash': 'a6af280e'}",07_legacy_kbrag
32,real_mixed_97,gemma:latest_kb_rag,136.61022901535034,39.52,0,codeblock,0.583333,0.777778,0.666667,0.0,0,8.2,56.2,8.1,400.6,717.8,23440.8,82.8,7022.2,4779.7,"{'timestamp': '2026-09-02T00:03:06.795199+00:00', 'model_version': 'gemma:latest', 'prompt_hash': 'a6af280e'}",07_legacy_kbrag
32,real_mixed_98,gemma:latest_kb_rag,133.4645230770111,39.09,0,codeblock,0.6,0.321429,0.418605,0.0,0,10.8,42.6,10.4,402.5,717.8,23529.6,82.8,7022.2,4779.7,"{'timestamp': '2026-09-02T00:03:03.653031+00:00', 'model_version': 'gemma:latest', 'prompt_hash': 'a6af280e'}",07_legacy_kbrag
32,real_mixed_99,gemma:latest_kb_rag,128.46317791938782,40.88,0,codeblock,0.25,1.0,0.4,0.0,0,8.5,43.7,9.5,407.0,717.8,23685.0,82.8,7022.2,4779.7,"{'timestamp': '2026-09-02T00:02:58.626975+00:00', 'model_version': 'gemma:latest', 'prompt_hash': 'a6af280e'}",07_legacy_kbrag
33,real_mixed_100,gemma:latest_kb_rag,129.01187014579773,40.44,0,codeblock,0.130435,0.428571,0.2,0.1739130434782608,4,7.1,31.8,8.0,384.5,676.6,22755.6,82.9,7022.2,4779.7,"{'timestamp': '2026-09-02T00:03:15.053065+00:00', 'model_version': 'gemma:latest', 'prompt_hash': 'a6af280e'}",07_legacy_kbrag
33,real_mixed_101,gemma:latest_kb_rag,132.02340984344482,40.91,0,codeblock,0.4,0.571429,0.470588,0.0,0,7.1,31.8,7.9,379.4,676.6,22666.9,82.9,7022.2,4779.7,"{'timestamp': '2026-09-02T00:03:18.068888+00:00', 'model_version': 'gemma:latest', 'prompt_hash': 'a6af280e'}",07_legacy_kbrag
33,real_mixed_102,gemma:latest_kb_rag,122.44086933135986,39.6,0,codeblock,0.0,0.0,0.0,0.0,0,7.0,31.8,8.0,396.3,676.6,22951.2,82.8,7022.2,4779.7,"{'timestamp': '2026-09-02T00:03:08.475026+00:00', 'model_version': 'gemma:latest', 'prompt_hash': 'a6af280e'}",07_legacy_kbrag
34,real_mixed_103,gemma:latest_kb_rag,112.89121198654176,41.96,0,codeblock,0.0,0.0,0.0,0.0,0,8.1,34.7,8.2,339.1,676.6,21756.3,82.7,7022.2,4779.7,"{'timestamp': '2026-09-02T00:03:19.956578+00:00', 'model_version': 'gemma:latest', 'prompt_hash': 'a6af280e'}",07_legacy_kbrag
34,real_mixed_104,gemma:latest_kb_rag,122.41634511947632,39.89,0,codeblock,0.272727,0.6,0.375,0.1818181818181818,4,8.8,36.3,7.0,324.9,676.6,21556.5,82.8,7022.2,4779.7,"{'timestamp': '2026-09-02T00:03:29.505453+00:00', 'model_version': 'gemma:latest', 'prompt_hash': 'a6af280e'}",07_legacy_kbrag
34,real_mixed_105,gemma:latest_kb_rag,116.93934416770936,38.07,0,codeblock,0.428571,0.3,0.352941,0.2857142857142857,2,7.9,50.0,7.9,331.9,676.6,21658.9,82.7,7022.2,4779.7,"{'timestamp': '2026-09-02T00:03:24.014007+00:00', 'model_version': 'gemma:latest', 'prompt_hash': 'a6af280e'}",07_legacy_kbrag
35,real_mixed_106,gemma:latest_kb_rag,99.70141291618349,40.1,0,codeblock,0.166667,0.5,0.25,0.0,0,10.3,37.3,7.1,340.7,640.7,20370.7,82.8,7022.2,4779.7,"{'timestamp': '2026-09-02T00:03:31.867588+00:00', 'model_version': 'gemma:latest', 'prompt_hash': 'a6af280e'}",07_legacy_kbrag
35,real_mixed_107,gemma:latest_kb_rag,109.27530193328856,38.0,0,codeblock,0.75,0.923077,0.827586,0.0625,1,10.8,75.0,7.0,331.0,640.7,20300.1,82.8,7022.2,4779.7,"{'timestamp': '2026-09-02T00:03:41.445656+00:00', 'model_version': 'gemma:latest', 'prompt_hash': 'a6af280e'}",07_legacy_kbrag
35,real_mixed_108,gemma:latest_kb_rag,102.72406101226808,40.68,0,codeblock,0.142857,0.2,0.166667,0.0,0,11.1,40.0,7.5,337.6,640.7,20341.1,82.8,7022.2,4779.7,"{'timestamp': '2026-09-02T00:03:34.896400+00:00', 'model_version': 'gemma:latest', 'prompt_hash': 'a6af280e'}",07_legacy_kbrag
36,real_mixed_109,gemma:latest_kb_rag,106.32123112678528,39.71,0,codeblock,0.636364,0.583333,0.608696,0.0909090909090909,2,9.4,52.1,6.0,297.8,640.7,19656.3,82.7,7022.2,4779.7,"{'timestamp': '2026-09-02T00:03:52.761087+00:00', 'model_version': 'gemma:latest', 'prompt_hash': 'a6af280e'}",07_legacy_kbrag
36,real_mixed_110,gemma:latest_kb_rag,100.78989791870116,39.3,0,codeblock,0.315789,0.333333,0.324324,0.3684210526315789,7,8.7,55.0,15.9,303.2,640.7,19657.4,82.6,7022.2,4779.7,"{'timestamp': '2026-09-02T00:03:47.225378+00:00', 'model_version': 'gemma:latest', 'prompt_hash': 'a6af280e'}",07_legacy_kbrag
36,real_mixed_111,gemma:latest_kb_rag,112.85731506347656,40.55,0,codeblock,0.8,0.827586,0.813559,0.0,0,9.4,53.2,5.4,291.9,640.7,19649.7,82.7,7022.2,4779.7,"{'timestamp': '2026-09-02T00:03:59.315521+00:00', 'model_version': 'gemma:latest', 'prompt_hash': 'a6af280e'}",07_legacy_kbrag
37,real_mixed_112,gemma:latest_kb_rag,108.79641509056091,40.79,0,codeblock,0.4,0.8,0.533333,0.1,1,8.7,36.3,5.1,266.3,640.7,19389.7,83.3,7022.2,4779.7,"{'timestamp': '2026-09-02T00:04:05.899076+00:00', 'model_version': 'gemma:latest', 'prompt_hash': 'a6af280e'}",07_legacy_kbrag
37,real_mixed_113,gemma:latest_kb_rag,112.85251474380492,40.59,0,codeblock,0.857143,0.666667,0.75,0.0,0,7.7,37.8,4.2,263.8,640.7,19397.0,83.3,7022.2,4779.7,"{'timestamp': '2026-09-02T00:04:09.970356+00:00', 'model_version': 'gemma:latest', 'prompt_hash': 'a6af280e'}",07_legacy_kbrag
37,real_mixed_114,gemma:latest_kb_rag,105.7833058834076,40.34,0,codeblock,0.5,0.714286,0.588235,0.0,0,9.0,37.0,19.7,268.3,640.7,19378.5,83.3,7022.2,4779.7,"{'timestamp': '2026-09-02T00:04:02.890091+00:00', 'model_version': 'gemma:latest', 'prompt_hash': 'a6af280e'}",07_legacy_kbrag
38,real_mixed_115,gemma:latest_kb_rag,103.19148588180542,40.72,0,codeblock,0.375,1.0,0.545455,0.375,3,8.3,66.7,5.1,249.5,640.8,19271.5,83.6,7022.2,4779.7,"{'timestamp': '2026-09-02T00:04:12.973762+00:00', 'model_version': 'gemma:latest', 'prompt_hash': 'a6af280e'}",07_legacy_kbrag
38,real_mixed_116,gemma:latest_kb_rag,112.23702025413512,40.03,0,codeblock,0.285714,1.0,0.444444,0.1428571428571428,1,9.0,66.7,2.7,245.3,640.8,19302.9,83.6,7022.2,4779.7,"{'timestamp': '2026-09-02T00:04:22.028049+00:00', 'model_version': 'gemma:latest', 'prompt_hash': 'a6af280e'}",07_legacy_kbrag
38,real_mixed_117,gemma:latest_kb_rag,108.75293517112732,39.56,0,codeblock,0.214286,0.375,0.272727,0.0,0,8.1,42.4,7.3,247.1,640.8,19298.6,83.6,7022.2,4779.7,"{'timestamp': '2026-09-02T00:04:18.545623+00:00', 'model_version': 'gemma:latest', 'prompt_hash': 'a6af280e'}",07_legacy_kbrag
39,real_mixed_118,gemma:latest_kb_rag,108.7787389755249,39.49,0,codeblock,0.714286,1.0,0.833333,0.0,0,8.9,35.6,1.9,224.2,640.7,19422.0,83.5,7022.2,4779.7,"{'timestamp': '2026-09-02T00:04:32.678613+00:00', 'model_version': 'gemma:latest', 'prompt_hash': 'a6af280e'}",07_legacy_kbrag
39,real_mixed_119,gemma:latest_kb_rag,101.72438216209412,39.89,0,codeblock,0.363636,0.666667,0.470588,0.0,0,8.2,35.6,2.7,226.1,640.7,19401.5,83.5,7022.2,4779.7,"{'timestamp': '2026-09-02T00:04:25.623625+00:00', 'model_version': 'gemma:latest', 'prompt_hash': 'a6af280e'}",07_legacy_kbrag
39,real_mixed_120,gemma:latest_kb_rag,105.7215461730957,38.65,0,codeblock,0.454545,1.0,0.625,0.1818181818181818,2,9.4,38.5,2.5,225.1,640.7,19411.9,83.5,7022.2,4779.7,"{'timestamp': '2026-09-02T00:04:29.618323+00:00', 'model_version': 'gemma:latest', 'prompt_hash': 'a6af280e'}",07_legacy_kbrag
