batch_idx,record_id,model,latency_sec,tokens_per_sec,retries,parse_method,precision,recall,f1,hallucination_rate,hallucinated_count,cpu_avg_pct,cpu_peak_pct,proc_cpu_avg_pct,mem_avg_mb,mem_peak_mb,sys_mem_avg_mb,sys_mem_avg_pct,vram_mb,model_disk_mb,data_provenance
1,real_mixed_4,gemma4:12b-mlx_baseline,28.448926210403442,52.83,0,direct_json,0.533333,0.571429,0.551724,0.06666666666666667,1,12.7,36.5,3.7,142.4,273.7,24224.1,70.1,10136.2,7296.8,"{'timestamp': '2026-09-06T15:43:11.680208+00:00', 'model_version': 'gemma4:12b-mlx', 'prompt_hash': 'a6af280e'}"
1,real_mixed_5,gemma4:12b-mlx_baseline,47.75909495353699,50.11,0,direct_json,0.352941,0.600000,0.444444,0.0,0,13.0,100.0,2.2,127.1,273.7,23834.0,70.1,11991.7,7296.8,"{'timestamp': '2026-09-06T15:43:30.967499+00:00', 'model_version': 'gemma4:12b-mlx', 'prompt_hash': 'a6af280e'}"
1,real_mixed_6,gemma4:12b-mlx_baseline,32.47313690185547,58.4,0,direct_json,0.750000,0.666667,0.705882,0.0,0,13.7,42.1,3.7,137.6,273.7,24013.0,69.9,10569.7,7296.8,"{'timestamp': '2026-09-06T15:43:15.699406+00:00', 'model_version': 'gemma4:12b-mlx', 'prompt_hash': 'a6af280e'}"
5,real_mixed_16,gemma4:12b-mlx_baseline,57.329214096069336,54.69,0,direct_json,0.625000,0.555556,0.588235,0.125,1,14.0,100.0,7.9,124.3,273.7,23389.9,70.7,13987.0,7296.8,"{'timestamp': '2026-09-06T15:43:40.533421+00:00', 'model_version': 'gemma4:12b-mlx', 'prompt_hash': 'a6af280e'}"
5,real_mixed_17,gemma4:12b-mlx_baseline,42.071938037872314,46.96,0,direct_json,0.500000,1.000000,0.666667,0.0,0,15.5,100.0,2.9,130.0,273.7,23763.8,69.8,11991.7,7296.8,"{'timestamp': '2026-09-06T15:43:25.277076+00:00', 'model_version': 'gemma4:12b-mlx', 'prompt_hash': 'a6af280e'}"
5,real_mixed_18,gemma4:12b-mlx_baseline,41.117279052734375,55.88,0,direct_json,0.666667,0.666667,0.666667,0.0,0,17.5,100.0,18.4,130.5,273.7,23762.5,69.8,11697.0,7296.8,"{'timestamp': '2026-09-06T15:43:24.325097+00:00', 'model_version': 'gemma4:12b-mlx', 'prompt_hash': 'a6af280e'}"
3,real_mixed_10,gemma4:12b-mlx_baseline,61.403579235076904,60.43,0,direct_json,0.384615,0.833333,0.526316,0.0,0,17.1,100.0,12.2,123.6,273.7,23352.3,71.1,14573.0,7296.8,"{'timestamp': '2026-09-06T15:43:44.604325+00:00', 'model_version': 'gemma4:12b-mlx', 'prompt_hash': 'a6af280e'}"
3,real_mixed_11,gemma4:12b-mlx_baseline,70.03950381278992,53.82,0,direct_json,0.642857,1.000000,0.782609,0.0,0,10.8,40.0,6.4,122.7,273.7,23261.0,71.6,15233.1,7296.8,"{'timestamp': '2026-09-06T15:43:53.255630+00:00', 'model_version': 'gemma4:12b-mlx', 'prompt_hash': 'a6af280e'}"
3,real_mixed_12,gemma4:12b-mlx_baseline,7.134328842163086,49.85,0,direct_json,0.545455,0.857143,0.666667,0.0,0,19.1,80.0,44.9,259.6,273.7,22880.3,66.0,7708.5,7296.8,"{'timestamp': '2026-09-06T15:42:50.342169+00:00', 'model_version': 'gemma4:12b-mlx', 'prompt_hash': 'a6af280e'}"
7,real_mixed_22,gemma4:12b-mlx_baseline,49.75040316581726,38.78,0,direct_json,0.000000,0.000000,0.000000,0.0,0,14.8,66.7,2.5,126.2,273.7,23705.4,70.3,12865.8,7296.8,"{'timestamp': '2026-09-06T15:43:32.947477+00:00', 'model_version': 'gemma4:12b-mlx', 'prompt_hash': 'a6af280e'}"
7,real_mixed_23,gemma4:12b-mlx_baseline,82.73972010612488,38.77,0,direct_json,0.750000,0.600000,0.666667,0.0,0,11.0,39.6,1.8,124.0,273.7,23229.1,72.4,15973.1,7296.8,"{'timestamp': '2026-09-06T15:44:05.957281+00:00', 'model_version': 'gemma4:12b-mlx', 'prompt_hash': 'a6af280e'}"
7,real_mixed_24,gemma4:12b-mlx_baseline,97.37190985679626,51.84,0,direct_json,0.500000,0.571429,0.533333,0.0,0,14.0,100.0,6.7,124.5,273.7,22919.8,73.2,15941.1,7296.8,"{'timestamp': '2026-09-06T15:44:20.576551+00:00', 'model_version': 'gemma4:12b-mlx', 'prompt_hash': 'a6af280e'}"
4,real_mixed_13,gemma4:12b-mlx_baseline,105.47654795646667,46.17,0,direct_json,0.520000,0.764706,0.619048,0.0,0,14.6,100.0,1.6,124.2,273.7,22851.3,73.7,16002.4,7296.8,"{'timestamp': '2026-09-06T15:44:28.707819+00:00', 'model_version': 'gemma4:12b-mlx', 'prompt_hash': 'a6af280e'}"
4,real_mixed_14,gemma4:12b-mlx_baseline,77.57108402252197,46.63,0,direct_json,0.647059,0.916667,0.758621,0.0,0,14.1,49.1,1.9,123.5,273.7,23223.1,71.9,15897.1,7296.8,"{'timestamp': '2026-09-06T15:44:00.787435+00:00', 'model_version': 'gemma4:12b-mlx', 'prompt_hash': 'a6af280e'}"
4,real_mixed_15,gemma4:12b-mlx_baseline,23.38096570968628,58.46,0,direct_json,0.333333,0.777778,0.466667,0.0,0,11.9,36.5,3.6,150.8,273.7,24567.2,70.2,9565.7,7296.8,"{'timestamp': '2026-09-06T15:43:06.601105+00:00', 'model_version': 'gemma4:12b-mlx', 'prompt_hash': 'a6af280e'}"
2,real_mixed_7,gemma4:12b-mlx_baseline,93.82091212272644,50.57,0,direct_json,0.529412,0.642857,0.580645,0.0,0,11.2,39.6,1.9,124.4,273.7,22970.8,73.1,15980.9,7296.8,"{'timestamp': '2026-09-06T15:44:17.041184+00:00', 'model_version': 'gemma4:12b-mlx', 'prompt_hash': 'a6af280e'}"
2,real_mixed_8,gemma4:12b-mlx_baseline,53.810214042663574,52.04,0,direct_json,0.555556,0.555556,0.555556,0.0,0,10.8,36.5,3.0,125.2,273.7,23512.9,70.5,13452.0,7296.8,"{'timestamp': '2026-09-06T15:43:37.029128+00:00', 'model_version': 'gemma4:12b-mlx', 'prompt_hash': 'a6af280e'}"
2,real_mixed_9,gemma4:12b-mlx_baseline,109.04591298103333,61.71,0,direct_json,0.500000,0.500000,0.500000,0.0,0,13.4,50.0,1.9,123.9,273.7,22752.9,73.8,15785.1,7296.8,"{'timestamp': '2026-09-06T15:44:32.263231+00:00', 'model_version': 'gemma4:12b-mlx', 'prompt_hash': 'a6af280e'}"
6,real_mixed_19,gemma4:12b-mlx_baseline,113.57742619514465,57.16,0,direct_json,0.904762,0.950000,0.926829,0.0,0,14.9,66.7,1.7,123.7,273.7,22711.6,74.0,15619.9,7296.8,"{'timestamp': '2026-09-06T15:44:36.799717+00:00', 'model_version': 'gemma4:12b-mlx', 'prompt_hash': 'a6af280e'}"
6,real_mixed_20,gemma4:12b-mlx_baseline,87.75587821006775,48.3,0,direct_json,0.545455,0.375000,0.444444,0.0,0,11.0,39.6,2.2,124.2,273.7,23069.3,72.7,15891.6,7296.8,"{'timestamp': '2026-09-06T15:44:10.976980+00:00', 'model_version': 'gemma4:12b-mlx', 'prompt_hash': 'a6af280e'}"
6,real_mixed_21,gemma4:12b-mlx_baseline,12.753783226013184,50.23,0,direct_json,0.818182,0.642857,0.720000,0.0,0,13.5,40.0,38.4,190.4,273.7,23761.0,68.8,7708.5,7296.8,"{'timestamp': '2026-09-06T15:42:55.970803+00:00', 'model_version': 'gemma4:12b-mlx', 'prompt_hash': 'a6af280e'}"
0,real_mixed_1,gemma4:12b-mlx_baseline,36.59978222846985,53.51,0,direct_json,0.615385,0.615385,0.615385,0.0,0,16.4,100.0,2.7,133.9,273.7,23866.7,69.8,11064.2,7296.8,"{'timestamp': '2026-09-06T15:43:19.822917+00:00', 'model_version': 'gemma4:12b-mlx', 'prompt_hash': 'a6af280e'}"
0,real_mixed_2,gemma4:12b-mlx_baseline,18.314111948013306,54.24,0,direct_json,0.500000,0.500000,0.500000,0.0,0,12.9,33.3,42.6,163.8,273.7,24359.7,70.0,8980.5,7296.8,"{'timestamp': '2026-09-06T15:43:01.523668+00:00', 'model_version': 'gemma4:12b-mlx', 'prompt_hash': 'a6af280e'}"
0,real_mixed_3,gemma4:12b-mlx_baseline,118.14169216156006,49.55,0,direct_json,0.500000,0.500000,0.500000,0.0,0,17.1,100.0,6.8,123.6,273.7,22658.6,74.1,15823.6,7296.8,"{'timestamp': '2026-09-06T15:44:41.351398+00:00', 'model_version': 'gemma4:12b-mlx', 'prompt_hash': 'a6af280e'}"
8,real_mixed_25,gemma4:12b-mlx_baseline,92.22768211364746,54.22,0,direct_json,0.454545,0.416667,0.434783,0.0,0,12.7,100.0,2.1,121.1,133.3,21437.5,76.2,15858.4,7296.8,"{'timestamp': '2026-09-06T15:45:03.227344+00:00', 'model_version': 'gemma4:12b-mlx', 'prompt_hash': 'a6af280e'}"
8,real_mixed_26,gemma4:12b-mlx_baseline,77.51767992973328,54.79,0,direct_json,0.785714,0.611111,0.687500,0.0,0,10.5,40.0,2.2,121.9,133.3,21796.7,77.2,15872.4,7296.8,"{'timestamp': '2026-09-06T15:44:48.531509+00:00', 'model_version': 'gemma4:12b-mlx', 'prompt_hash': 'a6af280e'}"
8,real_mixed_27,gemma4:12b-mlx_baseline,88.21665787696838,56.44,0,direct_json,0.606061,0.740741,0.666667,0.0,0,10.1,40.0,2.4,121.5,133.3,21487.5,76.5,15872.4,7296.8,"{'timestamp': '2026-09-06T15:44:59.215468+00:00', 'model_version': 'gemma4:12b-mlx', 'prompt_hash': 'a6af280e'}"
9,real_mixed_28,gemma4:12b-mlx_baseline,95.84318804740906,58.28,0,direct_json,0.733333,0.733333,0.733333,0.0,0,12.7,57.1,2.4,122.0,133.3,21580.5,75.7,15976.9,7296.8,"{'timestamp': '2026-09-06T15:45:16.406280+00:00', 'model_version': 'gemma4:12b-mlx', 'prompt_hash': 'a6af280e'}"
9,real_mixed_29,gemma4:12b-mlx_baseline,87.67950487136841,59.45,0,direct_json,0.400000,0.833333,0.540541,0.0,0,15.3,54.8,2.1,122.1,133.3,21493.9,76.2,15818.4,7296.8,"{'timestamp': '2026-09-06T15:45:08.234939+00:00', 'model_version': 'gemma4:12b-mlx', 'prompt_hash': 'a6af280e'}"
9,real_mixed_30,gemma4:12b-mlx_baseline,91.31023788452148,49.95,0,direct_json,0.600000,0.750000,0.666667,0.0,0,10.1,40.0,1.8,122.1,133.3,21506.1,76.0,15818.4,7296.8,"{'timestamp': '2026-09-06T15:45:11.871233+00:00', 'model_version': 'gemma4:12b-mlx', 'prompt_hash': 'a6af280e'}"
10,real_mixed_31,gemma4:12b-mlx_baseline,88.71318197250366,59.08,0,direct_json,0.333333,1.000000,0.500000,0.0,0,10.2,40.0,2.2,123.2,133.3,21501.2,75.3,15723.7,7296.8,"{'timestamp': '2026-09-06T15:45:21.987921+00:00', 'model_version': 'gemma4:12b-mlx', 'prompt_hash': 'a6af280e'}"
10,real_mixed_32,gemma4:12b-mlx_baseline,86.67635822296143,60.38,0,direct_json,0.142857,0.285714,0.190476,0.0,0,11.6,100.0,1.9,123.1,133.3,21463.7,75.5,15775.2,7296.8,"{'timestamp': '2026-09-06T15:45:19.955197+00:00', 'model_version': 'gemma4:12b-mlx', 'prompt_hash': 'a6af280e'}"
10,real_mixed_33,gemma4:12b-mlx_baseline,93.36460590362549,57.62,0,direct_json,0.750000,0.692308,0.720000,0.0,0,10.1,40.0,1.9,123.3,133.3,21611.3,75.0,15703.4,7296.8,"{'timestamp': '2026-09-06T15:45:26.649175+00:00', 'model_version': 'gemma4:12b-mlx', 'prompt_hash': 'a6af280e'}"
11,real_mixed_34,gemma4:12b-mlx_baseline,78.64590692520142,52.49,0,direct_json,0.400000,0.400000,0.400000,0.0,0,10.2,40.0,2.9,121.8,127.6,21955.2,73.1,15891.2,7296.8,"{'timestamp': '2026-09-06T15:45:39.253814+00:00', 'model_version': 'gemma4:12b-mlx', 'prompt_hash': 'a6af280e'}"
11,real_mixed_35,gemma4:12b-mlx_baseline,74.5997371673584,60.03,0,direct_json,0.583333,1.000000,0.736842,0.0,0,10.2,40.0,2.8,121.4,127.5,21764.9,73.3,15894.4,7296.8,"{'timestamp': '2026-09-06T15:45:35.203093+00:00', 'model_version': 'gemma4:12b-mlx', 'prompt_hash': 'a6af280e'}"
11,real_mixed_36,gemma4:12b-mlx_baseline,69.99483227729797,62.93,0,direct_json,0.571429,0.571429,0.571429,0.0,0,14.9,100.0,2.6,121.0,127.4,21596.3,73.7,15587.4,7296.8,"{'timestamp': '2026-09-06T15:45:30.606332+00:00', 'model_version': 'gemma4:12b-mlx', 'prompt_hash': 'a6af280e'}"
12,real_mixed_37,gemma4:12b-mlx_baseline,75.53193688392639,53.76,0,direct_json,0.666667,0.833333,0.740741,0.0,0,15.3,52.2,2.1,122.6,130.3,22234.8,72.0,15891.2,7296.8,"{'timestamp': '2026-09-06T15:45:44.269416+00:00', 'model_version': 'gemma4:12b-mlx', 'prompt_hash': 'a6af280e'}"
12,real_mixed_38,gemma4:12b-mlx_baseline,84.68363809585571,52.81,0,direct_json,0.692308,0.692308,0.692308,0.0,0,9.9,40.0,2.2,124.0,135.6,22517.1,71.6,15929.2,7296.8,"{'timestamp': '2026-09-06T15:45:53.428183+00:00', 'model_version': 'gemma4:12b-mlx', 'prompt_hash': 'a6af280e'}"
12,real_mixed_39,gemma4:12b-mlx_baseline,79.57920098304749,53.05,0,direct_json,0.666667,0.571429,0.615385,0.0,0,11.2,50.0,2.6,123.2,135.5,22343.5,71.8,15945.7,7296.8,"{'timestamp': '2026-09-06T15:45:48.312470+00:00', 'model_version': 'gemma4:12b-mlx', 'prompt_hash': 'a6af280e'}"
13,real_mixed_40,gemma4:12b-mlx_baseline,85.17782783508301,58.35,0,direct_json,0.583333,0.583333,0.583333,0.0,0,10.4,50.0,2.1,124.9,136.0,22770.8,71.2,15870.7,7296.8,"{'timestamp': '2026-09-06T15:45:57.477142+00:00', 'model_version': 'gemma4:12b-mlx', 'prompt_hash': 'a6af280e'}"
13,real_mixed_41,gemma4:12b-mlx_baseline,97.2606201171875,43.13,0,direct_json,0.687500,0.611111,0.647059,0.0,0,12.3,50.0,2.3,126.2,136.2,23141.9,70.7,15872.1,7296.8,"{'timestamp': '2026-09-06T15:46:09.562923+00:00', 'model_version': 'gemma4:12b-mlx', 'prompt_hash': 'a6af280e'}"
13,real_mixed_42,gemma4:12b-mlx_baseline,91.26289796829224,59.47,0,direct_json,0.666667,0.666667,0.666667,0.0,0,10.1,50.0,2.4,125.6,136.1,22946.3,70.9,15924.1,7296.8,"{'timestamp': '2026-09-06T15:46:03.575361+00:00', 'model_version': 'gemma4:12b-mlx', 'prompt_hash': 'a6af280e'}"
14,real_mixed_43,gemma4:12b-mlx_baseline,111.50572276115417,50.75,0,direct_json,0.760000,0.904762,0.826087,0.0,0,14.1,51.7,1.8,127.3,136.2,23059.4,70.6,15921.9,7296.8,"{'timestamp': '2026-09-06T15:46:28.342820+00:00', 'model_version': 'gemma4:12b-mlx', 'prompt_hash': 'a6af280e'}"
14,real_mixed_44,gemma4:12b-mlx_baseline,99.39778709411621,55.16,0,direct_json,0.560000,1.000000,0.717949,0.0,0,11.5,58.6,1.9,126.8,136.2,23187.5,70.6,15964.4,7296.8,"{'timestamp': '2026-09-06T15:46:16.225315+00:00', 'model_version': 'gemma4:12b-mlx', 'prompt_hash': 'a6af280e'}"
14,real_mixed_45,gemma4:12b-mlx_baseline,115.57707905769348,56.5,0,direct_json,0.600000,0.750000,0.666667,0.0,0,10.6,43.5,1.8,127.5,136.2,23059.5,70.7,15753.6,7296.8,"{'timestamp': '2026-09-06T15:46:32.407614+00:00', 'model_version': 'gemma4:12b-mlx', 'prompt_hash': 'a6af280e'}"
15,real_mixed_46,gemma4:12b-mlx_baseline,124.1671998500824,53.42,0,direct_json,0.571429,0.285714,0.380952,0.0,0,15.6,66.7,1.8,127.5,136.2,23139.9,70.6,15887.7,7296.8,"{'timestamp': '2026-09-06T15:46:45.555668+00:00', 'model_version': 'gemma4:12b-mlx', 'prompt_hash': 'a6af280e'}"
15,real_mixed_47,gemma4:12b-mlx_baseline,121.1443510055542,46.19,0,direct_json,0.730769,0.703704,0.716981,0.038461538461538464,1,14.5,52.2,1.9,127.8,136.2,23217.1,70.6,15738.9,7296.8,"{'timestamp': '2026-09-06T15:46:42.545948+00:00', 'model_version': 'gemma4:12b-mlx', 'prompt_hash': 'a6af280e'}"
15,real_mixed_48,gemma4:12b-mlx_baseline,114.52782893180847,48.9,0,direct_json,0.444444,0.666667,0.533333,0.0,0,17.7,100.0,2.0,127.8,136.2,23134.3,70.4,15758.1,7296.8,"{'timestamp': '2026-09-06T15:46:35.903373+00:00', 'model_version': 'gemma4:12b-mlx', 'prompt_hash': 'a6af280e'}"
16,real_mixed_49,gemma4:12b-mlx_baseline,119.1564929485321,60.33,0,direct_json,0.538462,0.500000,0.518519,0.0,0,9.5,40.5,2.6,129.1,136.2,23449.9,70.2,15956.2,7296.8,"{'timestamp': '2026-09-06T15:47:02.411158+00:00', 'model_version': 'gemma4:12b-mlx', 'prompt_hash': 'a6af280e'}"
16,real_mixed_50,gemma4:12b-mlx_baseline,108.00545406341553,41.84,0,direct_json,0.352941,0.545455,0.428571,0.0,0,9.4,40.5,2.6,128.6,136.2,23723.8,70.1,15887.7,7296.8,"{'timestamp': '2026-09-06T15:46:51.253574+00:00', 'model_version': 'gemma4:12b-mlx', 'prompt_hash': 'a6af280e'}"
16,real_mixed_51,gemma4:12b-mlx_baseline,114.05039525032043,46.22,0,direct_json,0.500000,0.666667,0.571429,0.08333333333333333,1,10.0,50.0,2.5,128.8,136.2,23580.9,70.2,15951.7,7296.8,"{'timestamp': '2026-09-06T15:46:57.296645+00:00', 'model_version': 'gemma4:12b-mlx', 'prompt_hash': 'a6af280e'}"
17,real_mixed_52,gemma4:12b-mlx_baseline,112.07894229888916,46.06,0,direct_json,0.521739,0.857143,0.648649,0.0,0,9.7,40.5,1.9,130.4,136.2,23554.5,70.3,15956.2,7296.8,"{'timestamp': '2026-09-06T15:47:08.508511+00:00', 'model_version': 'gemma4:12b-mlx', 'prompt_hash': 'a6af280e'}"
17,real_mixed_53,gemma4:12b-mlx_baseline,119.0630578994751,58.23,0,direct_json,0.266667,0.666667,0.380952,0.0,0,13.1,100.0,1.9,129.9,136.2,23362.8,70.2,15934.8,7296.8,"{'timestamp': '2026-09-06T15:47:15.488669+00:00', 'model_version': 'gemma4:12b-mlx', 'prompt_hash': 'a6af280e'}"
17,real_mixed_54,gemma4:12b-mlx_baseline,115.05202507972717,62.23,0,direct_json,0.428571,0.750000,0.545455,0.0,0,10.1,40.5,2.1,130.1,136.2,23456.1,70.3,15949.0,7296.8,"{'timestamp': '2026-09-06T15:47:11.474603+00:00', 'model_version': 'gemma4:12b-mlx', 'prompt_hash': 'a6af280e'}"
18,real_mixed_55,gemma4:12b-mlx_baseline,120.63936495780945,56.2,0,direct_json,0.263158,0.555556,0.357143,0.0,0,9.6,40.5,2.5,130.7,136.2,23205.9,70.1,16063.8,7296.8,"{'timestamp': '2026-09-06T15:47:27.317765+00:00', 'model_version': 'gemma4:12b-mlx', 'prompt_hash': 'a6af280e'}"
18,real_mixed_56,gemma4:12b-mlx_baseline,114.96476793289185,52.32,0,direct_json,0.272727,0.428571,0.333333,0.0,0,9.6,40.5,2.1,130.6,136.2,23242.4,70.2,16026.6,7296.8,"{'timestamp': '2026-09-06T15:47:21.639889+00:00', 'model_version': 'gemma4:12b-mlx', 'prompt_hash': 'a6af280e'}"
18,real_mixed_57,gemma4:12b-mlx_baseline,124.63852214813232,62.23,0,direct_json,0.700000,0.777778,0.736842,0.05,1,9.5,40.5,1.9,130.7,136.2,23230.4,70.1,15533.3,7296.8,"{'timestamp': '2026-09-06T15:47:31.321388+00:00', 'model_version': 'gemma4:12b-mlx', 'prompt_hash': 'a6af280e'}"
19,real_mixed_58,gemma4:12b-mlx_baseline,129.16465497016907,61.58,0,direct_json,0.533333,0.727273,0.615385,0.0,0,10.4,100.0,1.8,131.2,136.2,23023.6,69.5,15923.0,7296.8,"{'timestamp': '2026-09-06T15:47:48.447652+00:00', 'model_version': 'gemma4:12b-mlx', 'prompt_hash': 'a6af280e'}"
19,real_mixed_59,gemma4:12b-mlx_baseline,120.67995524406433,58.57,0,direct_json,0.531250,0.809524,0.641509,0.0,0,9.5,40.5,1.9,131.1,136.2,22977.2,69.8,15906.3,7296.8,"{'timestamp': '2026-09-06T15:47:39.965292+00:00', 'model_version': 'gemma4:12b-mlx', 'prompt_hash': 'a6af280e'}"
19,real_mixed_60,gemma4:12b-mlx_baseline,125.19645285606384,57.28,0,direct_json,0.833333,0.769231,0.800000,0.0,0,9.5,40.5,1.8,131.2,136.2,22990.9,69.7,15777.3,7296.8,"{'timestamp': '2026-09-06T15:47:44.480283+00:00', 'model_version': 'gemma4:12b-mlx', 'prompt_hash': 'a6af280e'}"
20,real_mixed_61,gemma4:12b-mlx_baseline,136.76884818077087,56.4,0,direct_json,0.465116,0.714286,0.563380,0.0,0,9.5,40.5,1.8,131.5,136.2,23051.9,68.6,16003.1,7296.8,"{'timestamp': '2026-09-06T15:48:10.248008+00:00', 'model_version': 'gemma4:12b-mlx', 'prompt_hash': 'a6af280e'}"
20,real_mixed_62,gemma4:12b-mlx_baseline,123.12103986740112,58.77,0,direct_json,0.500000,0.636364,0.560000,0.0,0,9.5,40.5,2.0,131.1,136.2,22865.9,69.3,15855.3,7296.8,"{'timestamp': '2026-09-06T15:47:56.579283+00:00', 'model_version': 'gemma4:12b-mlx', 'prompt_hash': 'a6af280e'}"
20,real_mixed_63,gemma4:12b-mlx_baseline,118.0574209690094,57.81,0,direct_json,0.384615,0.625000,0.476190,0.0,0,9.5,40.5,2.0,131.0,136.2,22767.2,69.5,15928.5,7296.8,"{'timestamp': '2026-09-06T15:47:51.509522+00:00', 'model_version': 'gemma4:12b-mlx', 'prompt_hash': 'a6af280e'}"
21,real_mixed_64,gemma4:12b-mlx_baseline,123.63196778297424,59.72,0,direct_json,0.250000,1.000000,0.400000,0.0,0,13.4,100.0,1.7,131.0,140.3,22762.0,68.6,15747.2,7296.8,"{'timestamp': '2026-09-06T15:48:13.211675+00:00', 'model_version': 'gemma4:12b-mlx', 'prompt_hash': 'a6af280e'}"
21,real_mixed_65,gemma4:12b-mlx_baseline,127.72011804580688,54.85,0,direct_json,0.500000,0.500000,0.500000,0.125,1,15.3,100.0,1.9,131.3,140.4,22871.6,68.4,15800.2,7296.8,"{'timestamp': '2026-09-06T15:48:17.313653+00:00', 'model_version': 'gemma4:12b-mlx', 'prompt_hash': 'a6af280e'}"
21,real_mixed_66,gemma4:12b-mlx_baseline,133.29530000686646,42.01,0,direct_json,0.333333,0.300000,0.315789,0.0,0,14.5,100.0,1.7,131.6,140.5,23084.2,68.3,15800.2,7296.8,"{'timestamp': '2026-09-06T15:48:22.896541+00:00', 'model_version': 'gemma4:12b-mlx', 'prompt_hash': 'a6af280e'}"
22,real_mixed_67,gemma4:12b-mlx_baseline,116.55519485473633,56.88,0,direct_json,0.500000,0.529412,0.514286,0.0,0,10.4,53.5,1.8,131.8,140.5,23194.3,67.8,15682.4,7296.8,"{'timestamp': '2026-09-06T15:48:29.006443+00:00', 'model_version': 'gemma4:12b-mlx', 'prompt_hash': 'a6af280e'}"
22,real_mixed_68,gemma4:12b-mlx_baseline,127.09253597259521,59.87,0,direct_json,0.625000,0.769231,0.689655,0.0,0,14.9,100.0,1.7,131.4,140.5,23148.5,68.1,16043.1,7296.8,"{'timestamp': '2026-09-06T15:48:39.525127+00:00', 'model_version': 'gemma4:12b-mlx', 'prompt_hash': 'a6af280e'}"
22,real_mixed_69,gemma4:12b-mlx_baseline,122.60557413101196,51.51,0,direct_json,0.800000,0.833333,0.816327,0.0,0,13.7,60.0,1.9,131.7,140.5,23222.3,68.0,15682.4,7296.8,"{'timestamp': '2026-09-06T15:48:35.050254+00:00', 'model_version': 'gemma4:12b-mlx', 'prompt_hash': 'a6af280e'}"
23,real_mixed_70,gemma4:12b-mlx_baseline,128.69311833381653,58.19,0,direct_json,0.700000,0.666667,0.682927,0.0,0,13.8,53.8,1.8,131.6,140.5,23066.1,67.7,15744.1,7296.8,"{'timestamp': '2026-09-06T15:48:54.290897+00:00', 'model_version': 'gemma4:12b-mlx', 'prompt_hash': 'a6af280e'}"
23,real_mixed_71,gemma4:12b-mlx_baseline,123.59522795677185,47.38,0,direct_json,0.454545,0.416667,0.434783,0.0,0,17.8,57.1,2.0,131.7,140.5,23046.0,67.7,15910.6,7296.8,"{'timestamp': '2026-09-06T15:48:49.184391+00:00', 'model_version': 'gemma4:12b-mlx', 'prompt_hash': 'a6af280e'}"
23,real_mixed_72,gemma4:12b-mlx_baseline,118.55485105514526,57.39,0,direct_json,0.636364,0.500000,0.560000,0.0,0,15.5,100.0,1.8,131.7,140.5,23091.6,67.7,15893.3,7296.8,"{'timestamp': '2026-09-06T15:48:44.144906+00:00', 'model_version': 'gemma4:12b-mlx', 'prompt_hash': 'a6af280e'}"
24,real_mixed_73,gemma4:12b-mlx_baseline,116.10599398612976,55.99,0,direct_json,0.909091,0.666667,0.769231,0.0,0,9.5,43.5,1.8,132.2,140.5,23314.7,66.9,15995.5,7296.8,"{'timestamp': '2026-09-06T15:48:58.557259+00:00', 'model_version': 'gemma4:12b-mlx', 'prompt_hash': 'a6af280e'}"
24,real_mixed_74,gemma4:12b-mlx_baseline,122.71547818183899,53.0,0,direct_json,0.625000,0.500000,0.555556,0.0,0,9.4,43.5,1.8,132.1,140.5,23301.2,66.8,15952.7,7296.8,"{'timestamp': '2026-09-06T15:49:05.159233+00:00', 'model_version': 'gemma4:12b-mlx', 'prompt_hash': 'a6af280e'}"
24,real_mixed_75,gemma4:12b-mlx_baseline,118.66120505332947,59.19,0,direct_json,0.500000,0.666667,0.571429,0.0,0,9.5,43.5,1.8,132.2,140.5,23298.7,66.9,15760.0,7296.8,"{'timestamp': '2026-09-06T15:49:01.093780+00:00', 'model_version': 'gemma4:12b-mlx', 'prompt_hash': 'a6af280e'}"
25,real_mixed_76,gemma4:12b-mlx_baseline,126.13369917869568,28.77,0,direct_json,0.000000,0.000000,0.000000,0.0,0,14.0,75.0,1.8,131.4,140.5,23365.1,66.5,15675.9,7296.8,"{'timestamp': '2026-09-06T15:49:21.635314+00:00', 'model_version': 'gemma4:12b-mlx', 'prompt_hash': 'a6af280e'}"
25,real_mixed_77,gemma4:12b-mlx_baseline,116.5699110031128,45.26,0,direct_json,0.714286,0.750000,0.731707,0.0,0,10.9,61.8,1.8,132.3,140.5,23633.6,66.5,15952.7,7296.8,"{'timestamp': '2026-09-06T15:49:12.098700+00:00', 'model_version': 'gemma4:12b-mlx', 'prompt_hash': 'a6af280e'}"
25,real_mixed_78,gemma4:12b-mlx_baseline,125.18845629692078,46.82,0,direct_json,0.333333,1.000000,0.500000,0.0,0,9.3,43.5,1.9,131.5,140.5,23396.1,66.5,16042.3,7296.8,"{'timestamp': '2026-09-06T15:49:20.697258+00:00', 'model_version': 'gemma4:12b-mlx', 'prompt_hash': 'a6af280e'}"
26,real_mixed_79,gemma4:12b-mlx_baseline,132.77865600585938,55.42,0,direct_json,0.461538,0.600000,0.521739,0.0,0,9.2,43.5,2.0,131.4,140.5,23330.0,66.2,15804.8,7296.8,"{'timestamp': '2026-09-06T15:49:44.121918+00:00', 'model_version': 'gemma4:12b-mlx', 'prompt_hash': 'a6af280e'}"
26,real_mixed_80,gemma4:12b-mlx_baseline,119.647784948349,56.73,0,direct_json,0.527778,0.791667,0.633333,0.0,0,9.2,43.5,1.8,131.4,140.5,23342.2,66.2,16096.4,7296.8,"{'timestamp': '2026-09-06T15:49:31.022501+00:00', 'model_version': 'gemma4:12b-mlx', 'prompt_hash': 'a6af280e'}"
26,real_mixed_81,gemma4:12b-mlx_baseline,124.17219400405884,50.04,0,direct_json,0.545455,0.545455,0.545455,0.0,0,9.3,43.5,1.8,131.4,140.5,23339.7,66.2,15686.0,7296.8,"{'timestamp': '2026-09-06T15:49:35.530975+00:00', 'model_version': 'gemma4:12b-mlx', 'prompt_hash': 'a6af280e'}"
27,real_mixed_82,gemma4:12b-mlx_baseline,126.6986141204834,55.06,0,direct_json,0.333333,0.555556,0.416667,0.0,0,9.3,43.5,1.8,131.3,140.5,23522.0,66.4,15840.9,7296.8,"{'timestamp': '2026-09-06T15:49:55.171444+00:00', 'model_version': 'gemma4:12b-mlx', 'prompt_hash': 'a6af280e'}"
27,real_mixed_83,gemma4:12b-mlx_baseline,122.07962203025818,64.46,0,direct_json,0.727273,0.800000,0.761905,0.0,0,12.4,66.7,1.8,131.2,140.5,23452.8,66.4,15848.2,7296.8,"{'timestamp': '2026-09-06T15:49:50.556604+00:00', 'model_version': 'gemma4:12b-mlx', 'prompt_hash': 'a6af280e'}"
27,real_mixed_84,gemma4:12b-mlx_baseline,118.60436773300171,59.08,0,direct_json,0.777778,0.777778,0.777778,0.0,0,9.3,43.5,2.0,131.2,140.5,23414.9,66.4,15668.4,7296.8,"{'timestamp': '2026-09-06T15:49:47.078185+00:00', 'model_version': 'gemma4:12b-mlx', 'prompt_hash': 'a6af280e'}"
28,real_mixed_85,gemma4:12b-mlx_baseline,107.96621799468994,58.69,0,direct_json,0.666667,0.750000,0.705882,0.0,0,9.6,43.5,1.9,130.6,140.5,23310.2,66.9,15739.7,7296.8,"{'timestamp': '2026-09-06T15:49:58.242533+00:00', 'model_version': 'gemma4:12b-mlx', 'prompt_hash': 'a6af280e'}"
28,real_mixed_86,gemma4:12b-mlx_baseline,116.07228326797485,53.29,0,direct_json,0.833333,0.769231,0.800000,0.0,0,9.5,43.5,1.9,130.8,140.5,23475.1,66.7,15862.4,7296.8,"{'timestamp': '2026-09-06T15:50:06.354228+00:00', 'model_version': 'gemma4:12b-mlx', 'prompt_hash': 'a6af280e'}"
28,real_mixed_87,gemma4:12b-mlx_baseline,111.52867102622986,58.67,0,direct_json,0.571429,0.571429,0.571429,0.0,0,9.5,43.5,1.8,130.7,140.5,23375.6,66.8,15912.4,7296.8,"{'timestamp': '2026-09-06T15:50:01.810822+00:00', 'model_version': 'gemma4:12b-mlx', 'prompt_hash': 'a6af280e'}"
29,real_mixed_88,gemma4:12b-mlx_baseline,105.48189997673035,59.16,0,direct_json,0.444444,1.000000,0.615385,0.0,0,9.5,43.5,2.1,129.8,137.3,23104.5,66.9,15592.7,7296.8,"{'timestamp': '2026-09-06T15:50:08.395590+00:00', 'model_version': 'gemma4:12b-mlx', 'prompt_hash': 'a6af280e'}"
29,real_mixed_89,gemma4:12b-mlx_baseline,114.49124813079834,56.7,0,direct_json,0.666667,0.461538,0.545455,0.0,0,13.1,100.0,1.9,130.2,137.5,23393.3,66.8,15798.8,7296.8,"{'timestamp': '2026-09-06T15:50:17.422094+00:00', 'model_version': 'gemma4:12b-mlx', 'prompt_hash': 'a6af280e'}"
29,real_mixed_90,gemma4:12b-mlx_baseline,110.96122598648071,53.47,0,direct_json,0.277778,0.625000,0.384615,0.0,0,13.0,62.1,2.0,130.1,137.5,23315.3,66.8,15866.0,7296.8,"{'timestamp': '2026-09-06T15:50:13.890092+00:00', 'model_version': 'gemma4:12b-mlx', 'prompt_hash': 'a6af280e'}"
30,real_mixed_91,gemma4:12b-mlx_baseline,102.41213893890381,52.59,0,direct_json,0.692308,0.750000,0.720000,0.0,0,15.2,100.0,2.0,130.8,137.5,23604.1,65.9,15896.1,7296.8,"{'timestamp': '2026-09-06T15:50:21.978125+00:00', 'model_version': 'gemma4:12b-mlx', 'prompt_hash': 'a6af280e'}"
30,real_mixed_92,gemma4:12b-mlx_baseline,107.46491408348083,55.69,0,direct_json,0.437500,0.466667,0.451613,0.0,0,17.5,100.0,1.9,131.1,137.5,23742.4,65.9,15867.8,7296.8,"{'timestamp': '2026-09-06T15:50:27.033491+00:00', 'model_version': 'gemma4:12b-mlx', 'prompt_hash': 'a6af280e'}"
30,real_mixed_93,gemma4:12b-mlx_baseline,111.46365213394165,58.28,0,direct_json,0.615385,0.800000,0.695652,0.0,0,17.3,84.1,2.3,131.3,137.5,23859.6,65.8,15731.8,7296.8,"{'timestamp': '2026-09-06T15:50:31.015798+00:00', 'model_version': 'gemma4:12b-mlx', 'prompt_hash': 'a6af280e'}"
31,real_mixed_94,gemma4:12b-mlx_baseline,102.3109700679779,44.92,0,direct_json,0.842105,0.800000,0.820513,0.0,0,13.9,100.0,2.5,131.8,137.6,24293.2,65.6,16000.3,7296.8,"{'timestamp': '2026-09-06T15:50:36.636825+00:00', 'model_version': 'gemma4:12b-mlx', 'prompt_hash': 'a6af280e'}"
31,real_mixed_95,gemma4:12b-mlx_baseline,105.79361200332642,57.74,0,direct_json,0.200000,1.000000,0.333333,0.0,0,15.0,100.0,1.9,131.6,137.6,24239.2,65.8,16000.3,7296.8,"{'timestamp': '2026-09-06T15:50:40.099684+00:00', 'model_version': 'gemma4:12b-mlx', 'prompt_hash': 'a6af280e'}"
31,real_mixed_96,gemma4:12b-mlx_baseline,109.39522504806519,64.78,0,direct_json,0.461538,0.500000,0.480000,0.0,0,12.4,62.1,2.0,131.4,137.6,24204.8,66.0,15843.5,7296.8,"{'timestamp': '2026-09-06T15:50:43.713036+00:00', 'model_version': 'gemma4:12b-mlx', 'prompt_hash': 'a6af280e'}"
32,real_mixed_97,gemma4:12b-mlx_baseline,111.32358121871948,63.06,0,direct_json,0.466667,0.777778,0.583333,0.0,0,11.0,92.1,1.8,131.7,137.6,24354.6,66.7,15871.8,7296.8,"{'timestamp': '2026-09-06T15:50:56.506974+00:00', 'model_version': 'gemma4:12b-mlx', 'prompt_hash': 'a6af280e'}"
32,real_mixed_98,gemma4:12b-mlx_baseline,105.29044318199158,56.52,0,direct_json,0.560000,0.500000,0.528302,0.0,0,10.6,62.1,2.0,131.5,137.6,24327.8,66.5,15920.9,7296.8,"{'timestamp': '2026-09-06T15:50:50.492655+00:00', 'model_version': 'gemma4:12b-mlx', 'prompt_hash': 'a6af280e'}"
32,real_mixed_99,gemma4:12b-mlx_baseline,107.83390688896179,51.57,0,direct_json,0.250000,1.000000,0.400000,0.0,0,10.5,62.1,1.9,131.6,137.6,24328.5,66.6,15658.6,7296.8,"{'timestamp': '2026-09-06T15:50:53.013980+00:00', 'model_version': 'gemma4:12b-mlx', 'prompt_hash': 'a6af280e'}"
33,real_mixed_100,gemma4:12b-mlx_baseline,104.67432975769043,43.19,0,direct_json,0.105263,0.285714,0.153846,0.0,0,14.8,93.8,1.9,133.0,137.6,24780.3,66.8,15587.5,7296.8,"{'timestamp': '2026-09-06T15:51:06.338945+00:00', 'model_version': 'gemma4:12b-mlx', 'prompt_hash': 'a6af280e'}"
33,real_mixed_101,gemma4:12b-mlx_baseline,98.21051216125488,54.33,0,direct_json,0.333333,0.428571,0.375000,0.0,0,12.0,92.4,2.1,133.0,137.6,24713.8,66.6,15879.0,7296.8,"{'timestamp': '2026-09-06T15:50:59.878761+00:00', 'model_version': 'gemma4:12b-mlx', 'prompt_hash': 'a6af280e'}"
33,real_mixed_102,gemma4:12b-mlx_baseline,99.13277697563171,34.99,0,direct_json,0.000000,0.000000,0.000000,0.0,0,15.5,93.7,2.2,133.0,137.6,24709.6,66.6,15587.5,7296.8,"{'timestamp': '2026-09-06T15:51:00.792150+00:00', 'model_version': 'gemma4:12b-mlx', 'prompt_hash': 'a6af280e'}"
34,real_mixed_103,gemma4:12b-mlx_baseline,93.95627093315125,46.6,0,direct_json,0.000000,0.000000,0.000000,0.0,0,11.5,92.1,2.2,132.1,137.6,25143.8,68.0,15792.8,7296.8,"{'timestamp': '2026-09-06T15:51:18.092703+00:00', 'model_version': 'gemma4:12b-mlx', 'prompt_hash': 'a6af280e'}"
34,real_mixed_104,gemma4:12b-mlx_baseline,92.44090986251831,50.26,0,direct_json,0.421053,0.800000,0.551724,0.0,0,11.5,92.1,1.9,132.5,137.6,25181.6,67.9,15928.3,7296.8,"{'timestamp': '2026-09-06T15:51:16.584747+00:00', 'model_version': 'gemma4:12b-mlx', 'prompt_hash': 'a6af280e'}"
34,real_mixed_105,gemma4:12b-mlx_baseline,87.39303278923035,59.04,0,direct_json,0.533333,0.800000,0.640000,0.0,0,11.7,92.1,2.2,133.0,137.6,25273.7,67.5,15928.3,7296.8,"{'timestamp': '2026-09-06T15:51:11.543322+00:00', 'model_version': 'gemma4:12b-mlx', 'prompt_hash': 'a6af280e'}"
35,real_mixed_106,gemma4:12b-mlx_baseline,84.82187700271606,58.91,0,direct_json,0.666667,1.000000,0.800000,0.0,0,12.2,92.1,2.0,131.7,137.6,25117.9,68.3,15631.5,7296.8,"{'timestamp': '2026-09-06T15:51:20.009487+00:00', 'model_version': 'gemma4:12b-mlx', 'prompt_hash': 'a6af280e'}"
35,real_mixed_107,gemma4:12b-mlx_baseline,91.37012910842896,56.09,0,direct_json,0.666667,0.923077,0.774194,0.0,0,14.0,92.3,2.1,130.1,137.6,24874.0,68.4,16063.3,7296.8,"{'timestamp': '2026-09-06T15:51:26.564603+00:00', 'model_version': 'gemma4:12b-mlx', 'prompt_hash': 'a6af280e'}"
35,real_mixed_108,gemma4:12b-mlx_baseline,95.90655875205994,59.64,0,direct_json,0.181818,0.400000,0.250000,0.0,0,12.4,92.1,1.9,129.1,137.6,24778.9,68.5,15861.3,7296.8,"{'timestamp': '2026-09-06T15:51:31.103736+00:00', 'model_version': 'gemma4:12b-mlx', 'prompt_hash': 'a6af280e'}"
36,real_mixed_109,gemma4:12b-mlx_baseline,90.30545115470886,60.19,0,direct_json,0.565217,0.541667,0.553191,0.0,0,11.5,92.1,2.2,127.6,137.6,24695.0,69.3,15953.3,7296.8,"{'timestamp': '2026-09-06T15:51:36.698450+00:00', 'model_version': 'gemma4:12b-mlx', 'prompt_hash': 'a6af280e'}"
36,real_mixed_110,gemma4:12b-mlx_baseline,97.43600416183472,35.99,0,direct_json,0.500000,0.388889,0.437500,0.0,0,11.9,92.1,1.8,125.6,137.6,24681.1,69.7,15953.3,7296.8,"{'timestamp': '2026-09-06T15:51:43.824779+00:00', 'model_version': 'gemma4:12b-mlx', 'prompt_hash': 'a6af280e'}"
36,real_mixed_111,gemma4:12b-mlx_baseline,107.45011711120605,32.65,0,direct_json,0.735294,0.833333,0.781250,0.0,0,11.9,92.1,1.7,123.3,137.6,24600.5,70.8,16064.6,7296.8,"{'timestamp': '2026-09-06T15:51:53.844608+00:00', 'model_version': 'gemma4:12b-mlx', 'prompt_hash': 'a6af280e'}"
37,real_mixed_112,gemma4:12b-mlx_baseline,106.8819887638092,36.68,0,direct_json,0.333333,0.600000,0.428571,0.0,0,13.3,92.1,1.5,119.9,137.6,24350.8,71.9,15510.8,7296.8,"{'timestamp': '2026-09-06T15:52:04.325978+00:00', 'model_version': 'gemma4:12b-mlx', 'prompt_hash': 'a6af280e'}"
37,real_mixed_113,gemma4:12b-mlx_baseline,113.3966178894043,24.53,0,direct_json,0.750000,0.666667,0.705882,0.0,0,16.5,92.9,1.6,119.0,137.6,24407.5,72.0,15693.6,7296.8,"{'timestamp': '2026-09-06T15:52:10.852491+00:00', 'model_version': 'gemma4:12b-mlx', 'prompt_hash': 'a6af280e'}"
37,real_mixed_114,gemma4:12b-mlx_baseline,103.31304883956909,33.21,0,direct_json,0.400000,0.857143,0.545455,0.0,0,17.0,100.0,1.6,120.5,137.6,24355.2,71.8,15965.1,7296.8,"{'timestamp': '2026-09-06T15:52:00.762984+00:00', 'model_version': 'gemma4:12b-mlx', 'prompt_hash': 'a6af280e'}"
38,real_mixed_115,gemma4:12b-mlx_baseline,121.8874740600586,29.35,0,direct_json,0.500000,1.000000,0.666667,0.0,0,21.6,93.8,1.2,112.6,137.6,24156.8,73.8,15742.3,7296.8,"{'timestamp': '2026-09-06T15:52:32.918289+00:00', 'model_version': 'gemma4:12b-mlx', 'prompt_hash': 'a6af280e'}"
38,real_mixed_116,gemma4:12b-mlx_baseline,117.8718330860138,35.11,0,direct_json,0.400000,1.000000,0.571429,0.2,1,21.5,93.7,1.5,113.0,137.6,24169.3,73.8,15877.1,7296.8,"{'timestamp': '2026-09-06T15:52:28.904955+00:00', 'model_version': 'gemma4:12b-mlx', 'prompt_hash': 'a6af280e'}"
38,real_mixed_117,gemma4:12b-mlx_baseline,112.79707407951355,23.62,0,direct_json,0.235294,0.500000,0.320000,0.0,0,22.2,93.7,1.3,113.7,137.6,24231.1,73.8,15693.6,7296.8,"{'timestamp': '2026-09-06T15:52:23.835477+00:00', 'model_version': 'gemma4:12b-mlx', 'prompt_hash': 'a6af280e'}"
39,real_mixed_118,gemma4:12b-mlx_baseline,113.81911706924438,27.76,0,direct_json,0.625000,1.000000,0.769231,0.0,0,14.5,100.0,2.0,110.3,134.8,24020.3,74.1,15680.3,7296.8,"{'timestamp': '2026-09-06T15:52:37.553831+00:00', 'model_version': 'gemma4:12b-mlx', 'prompt_hash': 'a6af280e'}"
39,real_mixed_119,gemma4:12b-mlx_baseline,124.86534023284912,24.71,0,direct_json,0.428571,0.500000,0.461538,0.0,0,15.7,92.1,1.2,109.7,134.8,24159.8,74.4,15818.8,7296.8,"{'timestamp': '2026-09-06T15:52:48.602655+00:00', 'model_version': 'gemma4:12b-mlx', 'prompt_hash': 'a6af280e'}"
39,real_mixed_120,gemma4:12b-mlx_baseline,119.37443089485168,31.55,0,direct_json,0.363636,0.800000,0.500000,0.0,0,14.2,100.0,1.5,110.0,134.8,24073.8,74.2,15885.3,7296.8,"{'timestamp': '2026-09-06T15:52:43.108997+00:00', 'model_version': 'gemma4:12b-mlx', 'prompt_hash': 'a6af280e'}"
2,real_mixed_7,gemma4:12b-mlx_kb_rag,44.37367296218872,22.79,0,direct_json,0.611111,0.880000,0.721311,0.0,0,11.7,60.5,12.1,736.5,1203.6,24835.1,81.5,15913.3,7296.8,"{'timestamp': '2026-09-06T15:53:35.890751+00:00', 'model_version': 'gemma4:12b-mlx', 'prompt_hash': 'a6af280e'}"
2,real_mixed_8,gemma4:12b-mlx_kb_rag,77.09444284439087,23.66,0,direct_json,0.555556,0.555556,0.555556,0.0,0,10.6,38.3,3.7,471.8,922.9,24679.0,81.8,16062.8,7296.8,"{'timestamp': '2026-09-06T15:54:08.982646+00:00', 'model_version': 'gemma4:12b-mlx', 'prompt_hash': 'a6af280e'}"
2,real_mixed_9,gemma4:12b-mlx_kb_rag,69.53748393058777,27.34,0,direct_json,0.416667,0.500000,0.454545,0.0,0,10.7,38.3,3.5,509.6,922.9,24706.0,81.8,16062.8,7296.8,"{'timestamp': '2026-09-06T15:54:01.414949+00:00', 'model_version': 'gemma4:12b-mlx', 'prompt_hash': 'a6af280e'}"
0,real_mixed_1,gemma4:12b-mlx_kb_rag,89.65146112442017,34.47,0,direct_json,0.705882,0.923077,0.800000,0.0,0,11.3,38.5,5.9,457.6,922.9,24630.4,81.9,16199.5,7296.8,"{'timestamp': '2026-09-06T15:54:21.531283+00:00', 'model_version': 'gemma4:12b-mlx', 'prompt_hash': 'a6af280e'}"
0,real_mixed_2,gemma4:12b-mlx_kb_rag,52.39667987823486,28.05,0,direct_json,0.615385,0.666667,0.640000,0.0,0,11.7,60.5,3.9,639.9,1049.3,24784.3,81.6,16034.3,7296.8,"{'timestamp': '2026-09-06T15:53:44.091535+00:00', 'model_version': 'gemma4:12b-mlx', 'prompt_hash': 'a6af280e'}"
0,real_mixed_3,gemma4:12b-mlx_kb_rag,83.10095381736755,23.29,0,direct_json,0.500000,0.500000,0.500000,0.0,0,16.7,100.0,5.3,473.8,922.9,24639.1,81.9,16013.3,7296.8,"{'timestamp': '2026-09-06T15:54:14.988970+00:00', 'model_version': 'gemma4:12b-mlx', 'prompt_hash': 'a6af280e'}"
8,real_mixed_25,gemma4:12b-mlx_kb_rag,114.31621313095093,30.89,0,direct_json,0.461538,0.500000,0.480000,0.0,0,16.1,100.0,6.0,412.7,922.9,24470.9,82.2,16001.8,7296.8,"{'timestamp': '2026-09-06T15:54:46.208880+00:00', 'model_version': 'gemma4:12b-mlx', 'prompt_hash': 'a6af280e'}"
8,real_mixed_26,gemma4:12b-mlx_kb_rag,63.486573219299316,27.97,0,direct_json,0.793103,0.638889,0.707692,0.0,0,13.2,100.0,3.2,550.3,1234.9,24758.7,81.7,15924.1,7296.8,"{'timestamp': '2026-09-06T15:53:55.368188+00:00', 'model_version': 'gemma4:12b-mlx', 'prompt_hash': 'a6af280e'}"
8,real_mixed_27,gemma4:12b-mlx_kb_rag,35.84326720237732,28.62,0,direct_json,0.696970,0.884615,0.779661,0.0,0,12.0,60.5,15.3,768.3,1417.4,24700.9,81.7,15927.8,7296.8,"{'timestamp': '2026-09-06T15:53:26.953569+00:00', 'model_version': 'gemma4:12b-mlx', 'prompt_hash': 'a6af280e'}"
3,real_mixed_10,gemma4:12b-mlx_kb_rag,146.06791234016418,28.29,0,direct_json,0.357143,0.833333,0.500000,0.0,0,12.3,50.0,3.9,359.2,922.9,24215.1,82.7,15981.1,7296.8,"{'timestamp': '2026-09-06T15:55:17.972676+00:00', 'model_version': 'gemma4:12b-mlx', 'prompt_hash': 'a6af280e'}"
3,real_mixed_11,gemma4:12b-mlx_kb_rag,18.272717237472534,27.9,0,direct_json,0.642857,1.000000,0.782609,0.0,0,13.9,60.5,36.3,829.5,1442.7,24726.2,82.1,16039.3,7296.8,"{'timestamp': '2026-09-06T15:53:09.114774+00:00', 'model_version': 'gemma4:12b-mlx', 'prompt_hash': 'a6af280e'}"
3,real_mixed_12,gemma4:12b-mlx_kb_rag,128.96518301963806,28.22,0,direct_json,0.538462,1.000000,0.700000,0.0,0,12.1,50.0,4.5,391.6,922.9,24330.0,82.5,15974.3,7296.8,"{'timestamp': '2026-09-06T15:55:00.859954+00:00', 'model_version': 'gemma4:12b-mlx', 'prompt_hash': 'a6af280e'}"
7,real_mixed_22,gemma4:12b-mlx_kb_rag,5.765273809432983,19.02,0,direct_json,0.000000,0.000000,0.000000,0.0,0,17.4,60.5,153.4,1008.5,1427.7,24999.4,80.9,15935.9,7296.8,"{'timestamp': '2026-09-06T15:52:56.440391+00:00', 'model_version': 'gemma4:12b-mlx', 'prompt_hash': 'a6af280e'}"
7,real_mixed_23,gemma4:12b-mlx_kb_rag,101.80971193313599,26.87,0,direct_json,0.666667,0.533333,0.592593,0.0,0,12.1,50.0,4.5,443.7,922.9,24561.7,82.0,15914.4,7296.8,"{'timestamp': '2026-09-06T15:54:33.703618+00:00', 'model_version': 'gemma4:12b-mlx', 'prompt_hash': 'a6af280e'}"
7,real_mixed_24,gemma4:12b-mlx_kb_rag,164.17918825149536,30.42,0,direct_json,0.500000,0.571429,0.533333,0.0,0,12.6,50.0,5.0,354.8,922.9,24123.3,82.9,15955.8,7296.8,"{'timestamp': '2026-09-06T15:55:36.072450+00:00', 'model_version': 'gemma4:12b-mlx', 'prompt_hash': 'a6af280e'}"
5,real_mixed_16,gemma4:12b-mlx_kb_rag,168.78084921836853,30.53,0,direct_json,0.600000,0.666667,0.631579,0.1,1,12.7,50.0,5.1,356.4,922.9,24109.9,82.9,15955.8,7296.8,"{'timestamp': '2026-09-06T15:55:40.674917+00:00', 'model_version': 'gemma4:12b-mlx', 'prompt_hash': 'a6af280e'}"
5,real_mixed_17,gemma4:12b-mlx_kb_rag,134.53776693344116,25.77,0,direct_json,0.500000,1.000000,0.666667,0.0,0,12.2,50.0,4.8,380.3,922.9,24283.3,82.6,15984.8,7296.8,"{'timestamp': '2026-09-06T15:55:06.416049+00:00', 'model_version': 'gemma4:12b-mlx', 'prompt_hash': 'a6af280e'}"
5,real_mixed_18,gemma4:12b-mlx_kb_rag,96.24884295463562,24.8,0,direct_json,0.666667,0.666667,0.666667,0.0,0,11.8,50.0,4.4,454.3,922.9,24587.1,82.0,16019.0,7296.8,"{'timestamp': '2026-09-06T15:54:28.146054+00:00', 'model_version': 'gemma4:12b-mlx', 'prompt_hash': 'a6af280e'}"
1,real_mixed_4,gemma4:12b-mlx_kb_rag,175.25129795074463,29.71,0,direct_json,0.625000,0.714286,0.666667,0.0,0,13.4,100.0,5.7,359.0,922.9,24081.2,83.0,15956.6,7296.8,"{'timestamp': '2026-09-06T15:55:47.154311+00:00', 'model_version': 'gemma4:12b-mlx', 'prompt_hash': 'a6af280e'}"
1,real_mixed_5,gemma4:12b-mlx_kb_rag,108.30303692817688,30.49,0,direct_json,0.388889,0.700000,0.500000,0.0,0,12.6,100.0,5.5,427.8,922.9,24534.2,82.1,16293.4,7296.8,"{'timestamp': '2026-09-06T15:54:40.188601+00:00', 'model_version': 'gemma4:12b-mlx', 'prompt_hash': 'a6af280e'}"
1,real_mixed_6,gemma4:12b-mlx_kb_rag,139.5071382522583,25.28,0,direct_json,0.800000,0.666667,0.727273,0.0,0,13.7,58.3,4.3,371.0,922.9,24253.4,82.6,15980.8,7296.8,"{'timestamp': '2026-09-06T15:55:11.408558+00:00', 'model_version': 'gemma4:12b-mlx', 'prompt_hash': 'a6af280e'}"
6,real_mixed_19,gemma4:12b-mlx_kb_rag,151.10875606536865,30.86,0,direct_json,0.761905,0.800000,0.780488,0.0,0,12.4,50.0,4.7,363.7,922.9,24190.4,82.7,15983.8,7296.8,"{'timestamp': '2026-09-06T15:55:23.020343+00:00', 'model_version': 'gemma4:12b-mlx', 'prompt_hash': 'a6af280e'}"
6,real_mixed_20,gemma4:12b-mlx_kb_rag,158.64546585083008,25.46,0,direct_json,0.571429,0.500000,0.533333,0.0,0,13.3,100.0,4.7,359.1,922.9,24147.2,82.8,16121.8,7296.8,"{'timestamp': '2026-09-06T15:55:30.540800+00:00', 'model_version': 'gemma4:12b-mlx', 'prompt_hash': 'a6af280e'}"
6,real_mixed_21,gemma4:12b-mlx_kb_rag,192.84811687469482,21.84,0,direct_json,0.769231,0.833333,0.800000,0.07692307692307693,2,15.7,58.7,6.3,349.8,922.9,23977.8,83.2,15959.8,7296.8,"{'timestamp': '2026-09-06T15:56:04.750822+00:00', 'model_version': 'gemma4:12b-mlx', 'prompt_hash': 'a6af280e'}"
4,real_mixed_13,gemma4:12b-mlx_kb_rag,184.31046175956726,29.41,0,direct_json,0.583333,0.823529,0.682927,0.0,0,13.0,50.0,6.0,359.1,922.9,24028.9,83.1,15956.6,7296.8,"{'timestamp': '2026-09-06T15:55:56.222155+00:00', 'model_version': 'gemma4:12b-mlx', 'prompt_hash': 'a6af280e'}"
4,real_mixed_14,gemma4:12b-mlx_kb_rag,204.45734095573425,25.45,0,direct_json,0.687500,0.916667,0.785714,0.0,0,12.6,50.0,6.3,347.5,922.9,23903.1,83.3,15961.1,7296.8,"{'timestamp': '2026-09-06T15:56:16.360907+00:00', 'model_version': 'gemma4:12b-mlx', 'prompt_hash': 'a6af280e'}"
4,real_mixed_15,gemma4:12b-mlx_kb_rag,122.93416786193848,31.42,0,direct_json,0.333333,0.777778,0.466667,0.0,0,12.6,53.3,5.9,404.9,922.9,24385.9,82.4,15977.5,7296.8,"{'timestamp': '2026-09-06T15:54:54.809889+00:00', 'model_version': 'gemma4:12b-mlx', 'prompt_hash': 'a6af280e'}"
9,real_mixed_28,gemma4:12b-mlx_kb_rag,131.98595571517944,30.19,0,direct_json,0.769231,0.666667,0.714286,0.0,0,13.8,50.0,25.4,285.6,617.5,23421.0,84.3,16014.8,7296.8,"{'timestamp': '2026-09-06T15:56:21.396814+00:00', 'model_version': 'gemma4:12b-mlx', 'prompt_hash': 'a6af280e'}"
9,real_mixed_29,gemma4:12b-mlx_kb_rag,145.5480079650879,24.07,0,direct_json,0.375000,0.750000,0.500000,0.0,0,19.4,100.0,8.5,291.0,617.5,23411.9,84.3,16050.3,7296.8,"{'timestamp': '2026-09-06T15:56:34.958512+00:00', 'model_version': 'gemma4:12b-mlx', 'prompt_hash': 'a6af280e'}"
9,real_mixed_30,gemma4:12b-mlx_kb_rag,138.51045989990234,17.78,0,direct_json,0.700000,0.875000,0.777778,0.0,0,14.4,57.1,9.5,295.3,617.5,23432.5,84.2,16043.3,7296.8,"{'timestamp': '2026-09-06T15:56:27.912249+00:00', 'model_version': 'gemma4:12b-mlx', 'prompt_hash': 'a6af280e'}"
10,real_mixed_31,gemma4:12b-mlx_kb_rag,150.58435201644897,16.83,0,direct_json,0.200000,0.500000,0.285714,0.0,0,13.3,50.0,8.9,275.6,617.5,23272.4,84.6,15853.8,7296.8,"{'timestamp': '2026-09-06T15:56:52.664032+00:00', 'model_version': 'gemma4:12b-mlx', 'prompt_hash': 'a6af280e'}"
10,real_mixed_32,gemma4:12b-mlx_kb_rag,146.05521512031555,25.0,0,direct_json,0.142857,0.285714,0.190476,0.0,0,13.5,50.0,8.5,280.6,617.5,23275.2,84.6,16013.1,7296.8,"{'timestamp': '2026-09-06T15:56:48.143107+00:00', 'model_version': 'gemma4:12b-mlx', 'prompt_hash': 'a6af280e'}"
10,real_mixed_33,gemma4:12b-mlx_kb_rag,139.9803659915924,21.3,0,direct_json,0.769231,0.769231,0.769231,0.0,0,13.6,50.0,9.1,287.1,617.5,23294.6,84.6,16267.1,7296.8,"{'timestamp': '2026-09-06T15:56:42.076787+00:00', 'model_version': 'gemma4:12b-mlx', 'prompt_hash': 'a6af280e'}"
11,real_mixed_34,gemma4:12b-mlx_kb_rag,132.02301406860352,25.58,0,direct_json,0.545455,0.600000,0.571429,0.0,0,16.5,100.0,9.6,293.1,617.5,23163.5,84.9,15855.6,7296.8,"{'timestamp': '2026-09-06T15:56:58.640000+00:00', 'model_version': 'gemma4:12b-mlx', 'prompt_hash': 'a6af280e'}"
11,real_mixed_35,gemma4:12b-mlx_kb_rag,137.53473782539368,23.38,0,direct_json,0.583333,1.000000,0.736842,0.0,0,16.7,100.0,9.3,293.1,617.5,23186.9,84.8,15855.9,7296.8,"{'timestamp': '2026-09-06T15:57:04.165673+00:00', 'model_version': 'gemma4:12b-mlx', 'prompt_hash': 'a6af280e'}"
11,real_mixed_36,gemma4:12b-mlx_kb_rag,142.03357887268066,30.01,0,direct_json,0.923077,0.571429,0.705882,0.0,0,16.9,100.0,8.6,288.5,617.5,23194.2,84.8,15852.4,7296.8,"{'timestamp': '2026-09-06T15:57:08.674369+00:00', 'model_version': 'gemma4:12b-mlx', 'prompt_hash': 'a6af280e'}"
12,real_mixed_37,gemma4:12b-mlx_kb_rag,119.45240020751953,20.89,0,direct_json,0.555556,0.833333,0.666667,0.0,0,14.2,64.3,10.1,324.9,617.5,23193.1,84.8,15847.6,7296.8,"{'timestamp': '2026-09-06T15:57:17.801552+00:00', 'model_version': 'gemma4:12b-mlx', 'prompt_hash': 'a6af280e'}"
12,real_mixed_38,gemma4:12b-mlx_kb_rag,127.07114100456238,30.57,0,direct_json,0.764706,1.000000,0.866667,0.0,0,15.7,78.9,9.6,319.5,617.5,23190.7,84.8,16028.4,7296.8,"{'timestamp': '2026-09-06T15:57:25.422071+00:00', 'model_version': 'gemma4:12b-mlx', 'prompt_hash': 'a6af280e'}"
12,real_mixed_39,gemma4:12b-mlx_kb_rag,132.56673526763916,22.33,0,direct_json,0.750000,0.857143,0.800000,0.0,0,16.9,100.0,9.3,313.3,617.5,23181.1,84.8,16017.9,7296.8,"{'timestamp': '2026-09-06T15:57:30.899216+00:00', 'model_version': 'gemma4:12b-mlx', 'prompt_hash': 'a6af280e'}"
13,real_mixed_40,gemma4:12b-mlx_kb_rag,120.50748300552368,20.51,0,direct_json,0.538462,0.583333,0.560000,0.0,0,16.7,100.0,10.7,316.4,617.5,23131.8,85.0,16017.6,7296.8,"{'timestamp': '2026-09-06T15:57:36.955971+00:00', 'model_version': 'gemma4:12b-mlx', 'prompt_hash': 'a6af280e'}"
13,real_mixed_41,gemma4:12b-mlx_kb_rag,135.15177702903748,31.76,0,direct_json,0.800000,0.666667,0.727273,0.0,0,17.8,100.0,9.2,296.5,617.5,23091.5,85.1,15836.1,7296.8,"{'timestamp': '2026-09-06T15:57:51.600259+00:00', 'model_version': 'gemma4:12b-mlx', 'prompt_hash': 'a6af280e'}"
13,real_mixed_42,gemma4:12b-mlx_kb_rag,129.10849404335022,33.97,0,direct_json,0.625000,0.625000,0.625000,0.0,0,17.5,100.0,9.5,305.2,617.5,23095.5,85.0,16159.4,7296.8,"{'timestamp': '2026-09-06T15:57:45.562655+00:00', 'model_version': 'gemma4:12b-mlx', 'prompt_hash': 'a6af280e'}"
14,real_mixed_43,gemma4:12b-mlx_kb_rag,146.35144090652466,34.42,0,direct_json,0.863636,0.904762,0.883721,0.0,0,12.9,49.3,9.0,285.5,617.5,23054.0,85.1,15950.6,7296.8,"{'timestamp': '2026-09-06T15:58:07.399950+00:00', 'model_version': 'gemma4:12b-mlx', 'prompt_hash': 'a6af280e'}"
14,real_mixed_44,gemma4:12b-mlx_kb_rag,155.46621012687683,30.48,0,direct_json,0.583333,1.000000,0.736842,0.0,0,12.8,49.3,8.5,275.3,617.5,23060.8,85.1,16057.4,7296.8,"{'timestamp': '2026-09-06T15:58:16.508950+00:00', 'model_version': 'gemma4:12b-mlx', 'prompt_hash': 'a6af280e'}"
14,real_mixed_45,gemma4:12b-mlx_kb_rag,161.01462411880493,25.99,0,direct_json,0.600000,0.750000,0.666667,0.0,0,12.9,49.3,8.0,269.9,617.5,23064.2,85.1,15807.1,7296.8,"{'timestamp': '2026-09-06T15:58:22.069710+00:00', 'model_version': 'gemma4:12b-mlx', 'prompt_hash': 'a6af280e'}"
15,real_mixed_46,gemma4:12b-mlx_kb_rag,164.18053483963013,29.67,0,direct_json,0.375000,0.214286,0.272727,0.0,0,12.9,60.0,8.1,268.1,617.5,23070.5,85.1,16049.1,7296.8,"{'timestamp': '2026-09-06T15:58:31.733298+00:00', 'model_version': 'gemma4:12b-mlx', 'prompt_hash': 'a6af280e'}"
15,real_mixed_47,gemma4:12b-mlx_kb_rag,171.75142407417297,30.02,0,direct_json,0.740741,0.740741,0.740741,0.037037037037037035,1,12.7,49.3,7.5,264.9,617.5,23082.2,85.1,16052.1,7296.8,"{'timestamp': '2026-09-06T15:58:39.323014+00:00', 'model_version': 'gemma4:12b-mlx', 'prompt_hash': 'a6af280e'}"
15,real_mixed_48,gemma4:12b-mlx_kb_rag,159.6074616909027,33.47,0,direct_json,0.333333,0.500000,0.400000,0.0,0,12.8,49.3,8.4,269.9,617.5,23059.9,85.1,15957.1,7296.8,"{'timestamp': '2026-09-06T15:58:27.147967+00:00', 'model_version': 'gemma4:12b-mlx', 'prompt_hash': 'a6af280e'}"
16,real_mixed_49,gemma4:12b-mlx_kb_rag,173.91178822517395,31.11,0,direct_json,0.600000,0.642857,0.620690,0.0,0,13.3,50.0,7.5,262.3,608.5,23082.8,85.1,16262.8,7296.8,"{'timestamp': '2026-09-06T15:58:59.077484+00:00', 'model_version': 'gemma4:12b-mlx', 'prompt_hash': 'a6af280e'}"
16,real_mixed_50,gemma4:12b-mlx_kb_rag,160.25506114959717,29.18,0,direct_json,0.400000,0.545455,0.461538,0.0,0,13.9,50.0,8.0,270.9,608.5,23095.0,85.1,16290.3,7296.8,"{'timestamp': '2026-09-06T15:58:45.416900+00:00', 'model_version': 'gemma4:12b-mlx', 'prompt_hash': 'a6af280e'}"
16,real_mixed_51,gemma4:12b-mlx_kb_rag,165.6680130958557,26.75,0,direct_json,0.400000,0.444444,0.421053,0.0,0,20.3,100.0,7.8,271.4,608.5,23092.0,85.1,16157.1,7296.8,"{'timestamp': '2026-09-06T15:58:50.825008+00:00', 'model_version': 'gemma4:12b-mlx', 'prompt_hash': 'a6af280e'}"
17,real_mixed_52,gemma4:12b-mlx_kb_rag,170.46638989448547,22.92,0,direct_json,0.600000,0.857143,0.705882,0.0,0,16.6,61.1,8.0,262.0,608.5,23089.0,85.1,16255.1,7296.8,"{'timestamp': '2026-09-06T15:59:07.139593+00:00', 'model_version': 'gemma4:12b-mlx', 'prompt_hash': 'a6af280e'}"
17,real_mixed_53,gemma4:12b-mlx_kb_rag,174.99110794067383,26.62,0,direct_json,0.416667,0.833333,0.555556,0.0,0,15.5,52.2,7.5,258.3,608.5,23093.1,85.1,15940.1,7296.8,"{'timestamp': '2026-09-06T15:59:11.665098+00:00', 'model_version': 'gemma4:12b-mlx', 'prompt_hash': 'a6af280e'}"
17,real_mixed_54,gemma4:12b-mlx_kb_rag,178.06590509414673,24.47,0,direct_json,0.500000,1.000000,0.666667,0.0,0,18.0,71.7,7.3,255.8,608.5,23112.2,85.1,15871.8,7296.8,"{'timestamp': '2026-09-06T15:59:14.740232+00:00', 'model_version': 'gemma4:12b-mlx', 'prompt_hash': 'a6af280e'}"
18,real_mixed_55,gemma4:12b-mlx_kb_rag,168.4102818965912,26.08,0,direct_json,0.380952,0.888889,0.533333,0.0,0,12.5,49.3,8.3,247.1,581.5,23106.8,85.2,15950.6,7296.8,"{'timestamp': '2026-09-06T15:59:23.859820+00:00', 'model_version': 'gemma4:12b-mlx', 'prompt_hash': 'a6af280e'}"
18,real_mixed_56,gemma4:12b-mlx_kb_rag,186.09692811965942,30.41,0,direct_json,0.260870,0.428571,0.324324,0.0,0,12.2,49.3,7.0,239.7,581.5,23108.5,85.0,15838.6,7296.8,"{'timestamp': '2026-09-06T15:59:41.558180+00:00', 'model_version': 'gemma4:12b-mlx', 'prompt_hash': 'a6af280e'}"
18,real_mixed_57,gemma4:12b-mlx_kb_rag,175.501070022583,26.21,0,direct_json,0.700000,0.777778,0.736842,0.05,1,12.4,49.3,7.5,244.4,581.5,23119.8,85.1,16148.3,7296.8,"{'timestamp': '2026-09-06T15:59:30.960930+00:00', 'model_version': 'gemma4:12b-mlx', 'prompt_hash': 'a6af280e'}"
19,real_mixed_58,gemma4:12b-mlx_kb_rag,174.60964608192444,21.82,0,direct_json,0.533333,0.727273,0.615385,0.0,0,17.0,100.0,8.3,247.1,581.0,23147.5,84.9,15847.6,7296.8,"{'timestamp': '2026-09-06T15:59:47.604953+00:00', 'model_version': 'gemma4:12b-mlx', 'prompt_hash': 'a6af280e'}"
19,real_mixed_59,gemma4:12b-mlx_kb_rag,189.87257289886475,35.75,0,direct_json,0.555556,0.952381,0.701754,0.0,0,11.9,49.3,7.0,236.4,581.5,23150.5,84.9,15998.3,7296.8,"{'timestamp': '2026-09-06T16:00:02.873293+00:00', 'model_version': 'gemma4:12b-mlx', 'prompt_hash': 'a6af280e'}"
19,real_mixed_60,gemma4:12b-mlx_kb_rag,195.46031785011292,23.46,0,direct_json,0.692308,0.692308,0.692308,0.0,0,12.1,49.3,6.8,234.0,581.2,23146.9,85.0,16014.6,7296.8,"{'timestamp': '2026-09-06T16:00:08.462668+00:00', 'model_version': 'gemma4:12b-mlx', 'prompt_hash': 'a6af280e'}"
20,real_mixed_61,gemma4:12b-mlx_kb_rag,215.26540803909302,30.32,0,direct_json,0.500000,0.785714,0.611111,0.0,0,13.6,100.0,6.5,210.5,581.0,23213.9,84.7,15877.6,7296.8,"{'timestamp': '2026-09-06T16:00:44.392825+00:00', 'model_version': 'gemma4:12b-mlx', 'prompt_hash': 'a6af280e'}"
20,real_mixed_62,gemma4:12b-mlx_kb_rag,192.5235471725464,23.6,0,direct_json,0.466667,0.636364,0.538462,0.0,0,13.9,91.4,7.7,222.4,581.0,23109.2,84.9,15867.8,7296.8,"{'timestamp': '2026-09-06T16:00:21.633545+00:00', 'model_version': 'gemma4:12b-mlx', 'prompt_hash': 'a6af280e'}"
20,real_mixed_63,gemma4:12b-mlx_kb_rag,184.37750387191772,27.36,0,direct_json,0.181818,0.250000,0.210526,0.0,0,16.2,100.0,7.8,227.7,581.0,23108.0,85.1,15779.1,7296.8,"{'timestamp': '2026-09-06T16:00:13.477045+00:00', 'model_version': 'gemma4:12b-mlx', 'prompt_hash': 'a6af280e'}"
21,real_mixed_64,gemma4:12b-mlx_kb_rag,202.80026483535767,26.91,0,direct_json,0.250000,1.000000,0.400000,0.0,0,12.6,91.4,7.0,206.8,581.5,23266.4,84.6,15843.3,7296.8,"{'timestamp': '2026-09-06T16:00:54.214415+00:00', 'model_version': 'gemma4:12b-mlx', 'prompt_hash': 'a6af280e'}"
21,real_mixed_65,gemma4:12b-mlx_kb_rag,199.26813197135925,24.44,0,direct_json,0.428571,0.375000,0.400000,0.0,0,12.4,91.4,6.9,207.0,581.5,23246.1,84.6,16123.3,7296.8,"{'timestamp': '2026-09-06T16:00:50.689732+00:00', 'model_version': 'gemma4:12b-mlx', 'prompt_hash': 'a6af280e'}"
21,real_mixed_66,gemma4:12b-mlx_kb_rag,209.8722038269043,20.79,0,direct_json,0.500000,0.550000,0.523810,0.0,0,12.8,91.4,6.6,205.2,581.5,23289.6,84.5,15840.8,7296.8,"{'timestamp': '2026-09-06T16:01:01.316618+00:00', 'model_version': 'gemma4:12b-mlx', 'prompt_hash': 'a6af280e'}"
22,real_mixed_67,gemma4:12b-mlx_kb_rag,202.75116896629333,20.38,0,direct_json,0.473684,0.529412,0.500000,0.10526315789473684,2,18.0,100.0,6.7,213.9,582.4,23388.7,84.3,15852.6,7296.8,"{'timestamp': '2026-09-06T16:01:14.794586+00:00', 'model_version': 'gemma4:12b-mlx', 'prompt_hash': 'a6af280e'}"
22,real_mixed_68,gemma4:12b-mlx_kb_rag,194.60918188095093,33.39,0,direct_json,0.428571,0.692308,0.529412,0.0,0,18.8,100.0,7.3,215.0,582.4,23362.2,84.4,15857.1,7296.8,"{'timestamp': '2026-09-06T16:01:06.637558+00:00', 'model_version': 'gemma4:12b-mlx', 'prompt_hash': 'a6af280e'}"
22,real_mixed_69,gemma4:12b-mlx_kb_rag,209.8070101737976,28.5,0,direct_json,0.800000,0.833333,0.816327,0.0,0,18.3,91.4,6.5,212.2,582.4,23393.9,84.3,15635.3,7296.8,"{'timestamp': '2026-09-06T16:01:21.865936+00:00', 'model_version': 'gemma4:12b-mlx', 'prompt_hash': 'a6af280e'}"
23,real_mixed_70,gemma4:12b-mlx_kb_rag,201.63172030448914,26.07,0,direct_json,0.714286,0.714286,0.714286,0.0,0,13.9,100.0,6.7,211.2,582.4,23390.3,84.3,16228.8,7296.8,"{'timestamp': '2026-09-06T16:01:44.146319+00:00', 'model_version': 'gemma4:12b-mlx', 'prompt_hash': 'a6af280e'}"
23,real_mixed_71,gemma4:12b-mlx_kb_rag,191.7680160999298,23.09,0,direct_json,0.583333,0.583333,0.583333,0.0,0,12.9,91.4,7.2,216.9,582.4,23424.4,84.2,15959.8,7296.8,"{'timestamp': '2026-09-06T16:01:34.272729+00:00', 'model_version': 'gemma4:12b-mlx', 'prompt_hash': 'a6af280e'}"
23,real_mixed_72,gemma4:12b-mlx_kb_rag,185.64653182029724,25.14,0,direct_json,0.692308,0.642857,0.666667,0.0,0,12.8,91.4,7.6,218.3,582.3,23445.3,84.2,15970.6,7296.8,"{'timestamp': '2026-09-06T16:01:28.162533+00:00', 'model_version': 'gemma4:12b-mlx', 'prompt_hash': 'a6af280e'}"
24,real_mixed_73,gemma4:12b-mlx_kb_rag,193.515460729599,30.92,0,direct_json,0.923077,0.800000,0.857143,0.0,0,13.2,91.4,7.2,213.0,582.4,23379.1,84.3,15879.3,7296.8,"{'timestamp': '2026-09-06T16:01:53.248637+00:00', 'model_version': 'gemma4:12b-mlx', 'prompt_hash': 'a6af280e'}"
24,real_mixed_74,gemma4:12b-mlx_kb_rag,199.06578612327576,26.63,0,direct_json,0.600000,0.600000,0.600000,0.0,0,14.0,100.0,7.2,212.4,582.4,23374.8,84.3,15876.3,7296.8,"{'timestamp': '2026-09-06T16:01:58.802288+00:00', 'model_version': 'gemma4:12b-mlx', 'prompt_hash': 'a6af280e'}"
24,real_mixed_75,gemma4:12b-mlx_kb_rag,187.94417214393616,27.17,0,direct_json,0.500000,0.666667,0.571429,0.0,0,14.3,100.0,7.2,210.5,582.4,23384.5,84.3,15897.1,7296.8,"{'timestamp': '2026-09-06T16:01:47.670860+00:00', 'model_version': 'gemma4:12b-mlx', 'prompt_hash': 'a6af280e'}"
25,real_mixed_76,gemma4:12b-mlx_kb_rag,201.12185502052307,23.6,0,direct_json,0.000000,0.000000,0.000000,0.0,0,14.9,100.0,6.7,210.6,582.4,23362.3,84.3,16046.6,7296.8,"{'timestamp': '2026-09-06T16:02:20.547324+00:00', 'model_version': 'gemma4:12b-mlx', 'prompt_hash': 'a6af280e'}"
25,real_mixed_77,gemma4:12b-mlx_kb_rag,187.4603989124298,28.6,0,direct_json,0.695652,0.800000,0.744186,0.0,0,17.5,100.0,7.2,216.9,582.4,23398.7,84.2,15876.3,7296.8,"{'timestamp': '2026-09-06T16:02:06.906890+00:00', 'model_version': 'gemma4:12b-mlx', 'prompt_hash': 'a6af280e'}"
25,real_mixed_78,gemma4:12b-mlx_kb_rag,198.05877685546875,32.74,0,direct_json,0.444444,1.000000,0.615385,0.0,0,15.7,91.4,7.4,211.8,582.4,23364.5,84.3,15970.9,7296.8,"{'timestamp': '2026-09-06T16:02:17.489190+00:00', 'model_version': 'gemma4:12b-mlx', 'prompt_hash': 'a6af280e'}"
26,real_mixed_79,gemma4:12b-mlx_kb_rag,199.58975505828857,24.81,0,direct_json,0.727273,0.800000,0.761905,0.0,0,23.1,100.0,7.0,212.6,582.4,23350.2,84.3,16039.4,7296.8,"{'timestamp': '2026-09-06T16:02:34.662629+00:00', 'model_version': 'gemma4:12b-mlx', 'prompt_hash': 'a6af280e'}"
26,real_mixed_80,gemma4:12b-mlx_kb_rag,214.8550992012024,26.46,0,direct_json,0.487179,0.791667,0.603175,0.0,0,16.2,100.0,6.5,205.0,582.4,23317.9,84.4,16039.4,7296.8,"{'timestamp': '2026-09-06T16:02:49.944929+00:00', 'model_version': 'gemma4:12b-mlx', 'prompt_hash': 'a6af280e'}"
26,real_mixed_81,gemma4:12b-mlx_kb_rag,220.85925769805908,21.46,0,direct_json,0.583333,0.636364,0.608696,0.0,0,20.3,100.0,6.2,202.3,582.4,23312.7,84.4,15886.4,7296.8,"{'timestamp': '2026-09-06T16:02:55.944339+00:00', 'model_version': 'gemma4:12b-mlx', 'prompt_hash': 'a6af280e'}"
27,real_mixed_82,gemma4:12b-mlx_kb_rag,205.69752979278564,22.55,0,direct_json,0.375000,0.666667,0.480000,0.0,0,15.2,91.4,6.9,198.0,582.4,23336.0,84.4,15954.6,7296.8,"{'timestamp': '2026-09-06T16:03:07.629662+00:00', 'model_version': 'gemma4:12b-mlx', 'prompt_hash': 'a6af280e'}"
27,real_mixed_83,gemma4:12b-mlx_kb_rag,198.59759902954102,32.13,0,direct_json,0.692308,0.900000,0.782609,0.0,0,17.0,100.0,7.1,199.7,582.4,23333.7,84.4,15865.1,7296.8,"{'timestamp': '2026-09-06T16:03:00.529537+00:00', 'model_version': 'gemma4:12b-mlx', 'prompt_hash': 'a6af280e'}"
27,real_mixed_84,gemma4:12b-mlx_kb_rag,211.7511260509491,19.14,0,direct_json,0.700000,0.875000,0.777778,0.0,0,15.3,91.4,6.5,195.5,582.4,23356.5,84.4,15952.4,7296.8,"{'timestamp': '2026-09-06T16:03:13.694832+00:00', 'model_version': 'gemma4:12b-mlx', 'prompt_hash': 'a6af280e'}"
28,real_mixed_85,gemma4:12b-mlx_kb_rag,190.89501214027405,21.51,0,direct_json,0.545455,0.750000,0.631579,0.0,0,20.6,100.0,7.8,203.7,582.4,23403.1,84.2,15952.4,7296.8,"{'timestamp': '2026-09-06T16:03:20.272806+00:00', 'model_version': 'gemma4:12b-mlx', 'prompt_hash': 'a6af280e'}"
28,real_mixed_86,gemma4:12b-mlx_kb_rag,196.64633226394653,22.51,0,direct_json,0.818182,0.692308,0.750000,0.0,0,14.8,91.4,7.2,205.4,582.4,23432.5,84.2,15955.9,7296.8,"{'timestamp': '2026-09-06T16:03:26.023341+00:00', 'model_version': 'gemma4:12b-mlx', 'prompt_hash': 'a6af280e'}"
28,real_mixed_87,gemma4:12b-mlx_kb_rag,203.0307252407074,15.4,0,direct_json,0.571429,0.571429,0.571429,0.0,0,15.2,100.0,6.4,204.2,582.4,23477.4,84.1,16028.8,7296.8,"{'timestamp': '2026-09-06T16:03:32.414310+00:00', 'model_version': 'gemma4:12b-mlx', 'prompt_hash': 'a6af280e'}"
29,real_mixed_88,gemma4:12b-mlx_kb_rag,175.87018704414368,25.92,0,direct_json,0.500000,1.000000,0.666667,0.0,0,14.2,86.8,7.6,226.1,582.4,23471.2,84.3,15963.8,7296.8,"{'timestamp': '2026-09-06T16:03:40.702858+00:00', 'model_version': 'gemma4:12b-mlx', 'prompt_hash': 'a6af280e'}"
29,real_mixed_89,gemma4:12b-mlx_kb_rag,172.18359088897705,21.58,0,direct_json,0.555556,0.384615,0.454545,0.0,0,14.4,86.8,8.1,226.0,582.4,23449.1,84.3,16030.8,7296.8,"{'timestamp': '2026-09-06T16:03:37.020513+00:00', 'model_version': 'gemma4:12b-mlx', 'prompt_hash': 'a6af280e'}"
29,real_mixed_90,gemma4:12b-mlx_kb_rag,181.2828071117401,23.88,0,direct_json,0.428571,0.750000,0.545455,0.0,0,14.2,86.8,7.0,223.7,582.4,23453.8,84.3,15989.6,7296.8,"{'timestamp': '2026-09-06T16:03:46.125459+00:00', 'model_version': 'gemma4:12b-mlx', 'prompt_hash': 'a6af280e'}"
30,real_mixed_91,gemma4:12b-mlx_kb_rag,178.50151205062866,27.05,0,direct_json,0.692308,0.750000,0.720000,0.0,0,14.5,61.6,7.3,230.4,606.6,23396.7,84.4,15811.3,7296.8,"{'timestamp': '2026-09-06T16:04:00.189840+00:00', 'model_version': 'gemma4:12b-mlx', 'prompt_hash': 'a6af280e'}"
30,real_mixed_92,gemma4:12b-mlx_kb_rag,172.66281700134277,31.93,0,direct_json,0.411765,0.466667,0.437500,0.0,0,13.8,61.6,8.0,229.0,606.6,23393.5,84.4,15972.3,7296.8,"{'timestamp': '2026-09-06T16:03:54.353292+00:00', 'model_version': 'gemma4:12b-mlx', 'prompt_hash': 'a6af280e'}"
30,real_mixed_93,gemma4:12b-mlx_kb_rag,184.97552275657654,28.0,0,direct_json,0.615385,0.800000,0.695652,0.0,0,13.6,61.6,7.1,229.7,606.6,23406.0,84.4,16029.6,7296.8,"{'timestamp': '2026-09-06T16:04:06.662521+00:00', 'model_version': 'gemma4:12b-mlx', 'prompt_hash': 'a6af280e'}"
31,real_mixed_94,gemma4:12b-mlx_kb_rag,174.86974501609802,28.33,0,direct_json,0.833333,0.750000,0.789474,0.0,0,17.6,100.0,7.8,224.4,606.6,23342.6,84.5,16256.6,7296.8,"{'timestamp': '2026-09-06T16:04:17.108611+00:00', 'model_version': 'gemma4:12b-mlx', 'prompt_hash': 'a6af280e'}"
31,real_mixed_95,gemma4:12b-mlx_kb_rag,168.17881608009338,25.81,0,direct_json,0.000000,0.000000,0.000000,0.0,0,22.9,100.0,7.8,229.4,606.6,23358.6,84.5,16047.8,7296.8,"{'timestamp': '2026-09-06T16:04:10.404109+00:00', 'model_version': 'gemma4:12b-mlx', 'prompt_hash': 'a6af280e'}"
31,real_mixed_96,gemma4:12b-mlx_kb_rag,179.8032832145691,33.85,0,direct_json,0.500000,0.583333,0.538462,0.0,0,16.1,86.1,7.4,221.7,606.6,23329.1,84.5,15940.1,7296.8,"{'timestamp': '2026-09-06T16:04:22.040546+00:00', 'model_version': 'gemma4:12b-mlx', 'prompt_hash': 'a6af280e'}"
32,real_mixed_97,gemma4:12b-mlx_kb_rag,162.15204906463623,25.98,0,direct_json,0.538462,0.777778,0.636364,0.0,0,13.9,61.6,22.7,224.5,606.6,23396.9,84.4,15940.1,7296.8,"{'timestamp': '2026-09-06T16:04:26.691337+00:00', 'model_version': 'gemma4:12b-mlx', 'prompt_hash': 'a6af280e'}"
32,real_mixed_98,gemma4:12b-mlx_kb_rag,176.2375831604004,31.03,0,direct_json,0.560000,0.500000,0.528302,0.0,0,17.0,100.0,6.8,216.4,606.6,23376.1,84.4,15888.8,7296.8,"{'timestamp': '2026-09-06T16:04:40.792509+00:00', 'model_version': 'gemma4:12b-mlx', 'prompt_hash': 'a6af280e'}"
32,real_mixed_99,gemma4:12b-mlx_kb_rag,165.5978181362152,27.73,0,direct_json,0.142857,0.500000,0.222222,0.0,0,19.2,90.0,7.3,223.7,606.6,23396.1,84.4,15892.3,7296.8,"{'timestamp': '2026-09-06T16:04:30.124444+00:00', 'model_version': 'gemma4:12b-mlx', 'prompt_hash': 'a6af280e'}"
33,real_mixed_100,gemma4:12b-mlx_kb_rag,177.292662858963,25.53,0,direct_json,0.105263,0.285714,0.153846,0.0,0,13.2,61.6,6.3,201.1,606.6,23401.9,84.3,15804.5,7296.8,"{'timestamp': '2026-09-06T16:04:56.543654+00:00', 'model_version': 'gemma4:12b-mlx', 'prompt_hash': 'a6af280e'}"
33,real_mixed_101,gemma4:12b-mlx_kb_rag,167.17800617218018,21.77,0,direct_json,0.444444,0.571429,0.500000,0.0,0,13.4,61.6,6.7,205.7,606.6,23402.2,84.3,16122.0,7296.8,"{'timestamp': '2026-09-06T16:04:46.419338+00:00', 'model_version': 'gemma4:12b-mlx', 'prompt_hash': 'a6af280e'}"
33,real_mixed_102,gemma4:12b-mlx_kb_rag,170.1372480392456,19.37,0,direct_json,0.000000,0.000000,0.000000,0.0,0,16.1,100.0,6.3,204.5,606.6,23394.8,84.3,15806.5,7296.8,"{'timestamp': '2026-09-06T16:04:49.380589+00:00', 'model_version': 'gemma4:12b-mlx', 'prompt_hash': 'a6af280e'}"
34,real_mixed_103,gemma4:12b-mlx_kb_rag,163.57430791854858,24.97,0,direct_json,0.000000,0.000000,0.000000,0.0,0,21.1,100.0,6.1,198.7,606.6,23469.3,84.2,15706.0,7296.8,"{'timestamp': '2026-09-06T16:05:04.439666+00:00', 'model_version': 'gemma4:12b-mlx', 'prompt_hash': 'a6af280e'}"
34,real_mixed_104,gemma4:12b-mlx_kb_rag,170.24744582176208,27.06,0,direct_json,0.333333,0.600000,0.428571,0.0,0,16.3,100.0,5.5,195.6,606.6,23488.1,84.1,15803.3,7296.8,"{'timestamp': '2026-09-06T16:05:11.129924+00:00', 'model_version': 'gemma4:12b-mlx', 'prompt_hash': 'a6af280e'}"
34,real_mixed_105,gemma4:12b-mlx_kb_rag,161.54201197624207,29.69,0,direct_json,0.533333,0.800000,0.640000,0.0,0,20.4,80.0,5.7,199.6,606.6,23471.7,84.2,15805.0,7296.8,"{'timestamp': '2026-09-06T16:05:02.426798+00:00', 'model_version': 'gemma4:12b-mlx', 'prompt_hash': 'a6af280e'}"
35,real_mixed_106,gemma4:12b-mlx_kb_rag,137.80207800865173,15.9,0,direct_json,0.666667,1.000000,0.800000,0.0,0,13.4,61.6,5.6,200.3,606.6,23634.3,83.9,15981.0,7296.8,"{'timestamp': '2026-09-06T16:05:14.243849+00:00', 'model_version': 'gemma4:12b-mlx', 'prompt_hash': 'a6af280e'}"
35,real_mixed_107,gemma4:12b-mlx_kb_rag,148.38729071617126,28.43,0,direct_json,0.857143,0.923077,0.888889,0.0,0,13.2,61.6,5.2,194.6,606.6,23592.9,84.0,15981.0,7296.8,"{'timestamp': '2026-09-06T16:05:24.830381+00:00', 'model_version': 'gemma4:12b-mlx', 'prompt_hash': 'a6af280e'}"
35,real_mixed_108,gemma4:12b-mlx_kb_rag,153.98948192596436,33.33,0,direct_json,0.307692,0.800000,0.444444,0.0,0,13.3,61.6,4.8,191.7,606.6,23573.3,84.0,16237.5,7296.8,"{'timestamp': '2026-09-06T16:05:30.445036+00:00', 'model_version': 'gemma4:12b-mlx', 'prompt_hash': 'a6af280e'}"
36,real_mixed_109,gemma4:12b-mlx_kb_rag,163.6487741470337,33.67,0,direct_json,0.600000,0.625000,0.612245,0.0,0,15.4,100.0,4.2,178.2,606.6,23481.0,83.7,16027.0,7296.8,"{'timestamp': '2026-09-06T16:05:57.717105+00:00', 'model_version': 'gemma4:12b-mlx', 'prompt_hash': 'a6af280e'}"
36,real_mixed_110,gemma4:12b-mlx_kb_rag,146.52477502822876,28.95,0,direct_json,0.437500,0.388889,0.411765,0.0,0,13.3,46.2,4.6,186.2,606.6,23512.3,84.1,16020.8,7296.8,"{'timestamp': '2026-09-06T16:05:40.587274+00:00', 'model_version': 'gemma4:12b-mlx', 'prompt_hash': 'a6af280e'}"
36,real_mixed_111,gemma4:12b-mlx_kb_rag,156.04023599624634,28.52,0,direct_json,0.742857,0.866667,0.800000,0.0,0,20.9,100.0,4.1,180.8,606.6,23482.6,84.2,16020.8,7296.8,"{'timestamp': '2026-09-06T16:05:50.100744+00:00', 'model_version': 'gemma4:12b-mlx', 'prompt_hash': 'a6af280e'}"
37,real_mixed_112,gemma4:12b-mlx_kb_rag,149.41439414024353,33.32,0,direct_json,0.428571,0.600000,0.500000,0.0,0,16.9,56.0,3.9,163.2,606.6,23402.1,83.5,15961.6,7296.8,"{'timestamp': '2026-09-06T16:06:02.245101+00:00', 'model_version': 'gemma4:12b-mlx', 'prompt_hash': 'a6af280e'}"
37,real_mixed_113,gemma4:12b-mlx_kb_rag,155.05215620994568,22.78,0,direct_json,0.666667,0.666667,0.666667,0.0,0,13.7,46.9,3.4,162.4,606.6,23483.7,83.1,15968.6,7296.8,"{'timestamp': '2026-09-06T16:06:07.890352+00:00', 'model_version': 'gemma4:12b-mlx', 'prompt_hash': 'a6af280e'}"
37,real_mixed_114,gemma4:12b-mlx_kb_rag,159.55686974525452,30.28,0,direct_json,0.384615,0.714286,0.500000,0.0,0,13.9,47.6,3.1,161.2,606.6,23563.0,82.8,15972.4,7296.8,"{'timestamp': '2026-09-06T16:06:12.402318+00:00', 'model_version': 'gemma4:12b-mlx', 'prompt_hash': 'a6af280e'}"
38,real_mixed_115,gemma4:12b-mlx_kb_rag,150.97658228874207,17.75,0,direct_json,0.600000,1.000000,0.750000,0.0,0,19.1,100.0,2.3,149.5,606.6,23662.0,82.4,16152.1,7296.8,"{'timestamp': '2026-09-06T16:06:17.441723+00:00', 'model_version': 'gemma4:12b-mlx', 'prompt_hash': 'a6af280e'}"
38,real_mixed_116,gemma4:12b-mlx_kb_rag,164.12173795700073,19.12,0,direct_json,0.666667,1.000000,0.800000,0.0,0,17.6,100.0,2.1,148.4,606.6,24058.1,81.5,15840.1,7296.8,"{'timestamp': '2026-09-06T16:06:30.588607+00:00', 'model_version': 'gemma4:12b-mlx', 'prompt_hash': 'a6af280e'}"
38,real_mixed_117,gemma4:12b-mlx_kb_rag,160.10837388038635,28.7,0,direct_json,0.352941,0.750000,0.480000,0.0,0,17.0,100.0,2.6,148.8,606.6,23938.0,81.8,16160.1,7296.8,"{'timestamp': '2026-09-06T16:06:26.593348+00:00', 'model_version': 'gemma4:12b-mlx', 'prompt_hash': 'a6af280e'}"
39,real_mixed_118,gemma4:12b-mlx_kb_rag,153.50332593917847,23.95,0,direct_json,0.625000,1.000000,0.769231,0.0,0,12.9,46.9,1.4,133.2,511.9,24465.6,80.5,15921.6,7296.8,"{'timestamp': '2026-09-06T16:06:40.492053+00:00', 'model_version': 'gemma4:12b-mlx', 'prompt_hash': 'a6af280e'}"
39,real_mixed_119,gemma4:12b-mlx_kb_rag,157.93364191055298,29.01,0,direct_json,0.444444,0.666667,0.533333,0.0,0,12.8,46.9,1.2,133.3,511.9,24633.1,80.1,15917.8,7296.8,"{'timestamp': '2026-09-06T16:06:44.933127+00:00', 'model_version': 'gemma4:12b-mlx', 'prompt_hash': 'a6af280e'}"
39,real_mixed_120,gemma4:12b-mlx_kb_rag,149.32952785491943,24.11,0,direct_json,0.363636,0.800000,0.500000,0.0,0,13.2,46.9,1.8,133.1,511.9,24320.1,80.8,15834.1,7296.8,"{'timestamp': '2026-09-06T16:06:36.318223+00:00', 'model_version': 'gemma4:12b-mlx', 'prompt_hash': 'a6af280e'}"
6,real_mixed_19,qwen3:8b_baseline,308.35553216934204,39.44,0,direct_json,0.684211,0.650000,0.666667,0.05263157894736842,1,13.0,75.7,0.9,156.9,158.7,26573.9,59.0,7681.7,4983.3,"{'timestamp': '2026-09-06T16:11:55.424740+00:00', 'model_version': 'qwen3:8b', 'prompt_hash': 'a6af280e'}"
6,real_mixed_20,qwen3:8b_baseline,496.82428884506226,38.41,0,direct_json,0.571429,0.500000,0.533333,0.0,0,11.7,100.0,0.8,158.3,161.7,26668.0,59.2,7681.7,4983.3,"{'timestamp': '2026-09-06T16:15:03.898895+00:00', 'model_version': 'qwen3:8b', 'prompt_hash': 'a6af280e'}"
6,real_mixed_21,qwen3:8b_baseline,353.40611505508423,38.34,0,direct_json,0.636364,0.500000,0.560000,0.09090909090909091,1,16.4,100.0,0.9,157.2,158.8,26568.6,59.0,7681.7,4983.3,"{'timestamp': '2026-09-06T16:12:40.477754+00:00', 'model_version': 'qwen3:8b', 'prompt_hash': 'a6af280e'}"
0,real_mixed_1,qwen3:8b_baseline,537.87837266922,39.31,0,direct_json,0.583333,0.538462,0.560000,0.0,0,12.6,75.7,1.2,158.6,162.3,26712.1,59.3,7681.7,4983.3,"{'timestamp': '2026-09-06T16:15:44.928719+00:00', 'model_version': 'qwen3:8b', 'prompt_hash': 'a6af280e'}"
0,real_mixed_2,qwen3:8b_baseline,158.5722291469574,21.21,0,fallback,0.000000,0.000000,0.000000,0.0,0,11.9,100.0,1.1,156.0,156.7,26145.1,58.2,7681.7,4983.3,"{'timestamp': '2026-09-06T16:09:25.626286+00:00', 'model_version': 'qwen3:8b', 'prompt_hash': 'a6af280e'}"
0,real_mixed_3,qwen3:8b_baseline,263.86182928085327,38.84,0,direct_json,0.500000,0.416667,0.454545,0.0,0,12.6,75.7,0.9,156.7,158.4,26613.4,59.2,7681.7,4983.3,"{'timestamp': '2026-09-06T16:11:10.920732+00:00', 'model_version': 'qwen3:8b', 'prompt_hash': 'a6af280e'}"
1,real_mixed_4,qwen3:8b_baseline,189.9018428325653,22.07,0,direct_json,0.600000,0.642857,0.620690,0.06666666666666667,1,11.1,52.1,2.6,156.2,157.3,26441.1,58.9,7681.7,4983.3,"{'timestamp': '2026-09-06T16:09:56.954343+00:00', 'model_version': 'qwen3:8b', 'prompt_hash': 'a6af280e'}"
1,real_mixed_5,qwen3:8b_baseline,606.7386639118195,39.19,0,direct_json,0.307692,0.400000,0.347826,0.0,0,13.3,100.0,1.1,159.1,162.5,26803.4,59.5,7681.7,4983.3,"{'timestamp': '2026-09-06T16:16:53.789522+00:00', 'model_version': 'qwen3:8b', 'prompt_hash': 'a6af280e'}"
1,real_mixed_6,qwen3:8b_baseline,460.89536809921265,39.21,0,direct_json,0.647059,0.611111,0.628571,0.11764705882352941,2,10.7,75.7,0.8,158.1,161.6,26634.3,59.2,7681.7,4983.3,"{'timestamp': '2026-09-06T16:14:27.950783+00:00', 'model_version': 'qwen3:8b', 'prompt_hash': 'a6af280e'}"
3,real_mixed_10,qwen3:8b_baseline,39.96581196784973,21.67,0,direct_json,0.428571,0.500000,0.461538,0.0,0,15.1,52.1,12.6,155.7,155.8,24274.4,54.4,7681.7,4983.3,"{'timestamp': '2026-09-06T16:07:26.994066+00:00', 'model_version': 'qwen3:8b', 'prompt_hash': 'a6af280e'}"
3,real_mixed_11,qwen3:8b_baseline,632.5055708885193,37.99,0,direct_json,0.666667,0.888889,0.761905,0.0,0,12.3,100.0,0.8,159.2,162.6,26848.0,59.6,7681.7,4983.3,"{'timestamp': '2026-09-06T16:17:19.554126+00:00', 'model_version': 'qwen3:8b', 'prompt_hash': 'a6af280e'}"
3,real_mixed_12,qwen3:8b_baseline,586.9599418640137,38.95,0,direct_json,0.545455,0.857143,0.666667,0.0,0,12.0,100.0,0.8,159.0,162.5,26774.5,59.5,7681.7,4983.3,"{'timestamp': '2026-09-06T16:16:34.014331+00:00', 'model_version': 'qwen3:8b', 'prompt_hash': 'a6af280e'}"
7,real_mixed_22,qwen3:8b_baseline,322.52549719810486,39.74,0,direct_json,0.000000,0.000000,0.000000,0.0,0,11.6,75.7,0.9,157.0,158.7,26567.8,59.0,7681.7,4983.3,"{'timestamp': '2026-09-06T16:12:09.570993+00:00', 'model_version': 'qwen3:8b', 'prompt_hash': 'a6af280e'}"
7,real_mixed_23,qwen3:8b_baseline,660.8326208591461,38.56,0,direct_json,0.400000,0.400000,0.400000,0.0,0,14.8,100.0,0.8,159.4,162.8,26896.9,59.7,7681.7,4983.3,"{'timestamp': '2026-09-06T16:17:47.909353+00:00', 'model_version': 'qwen3:8b', 'prompt_hash': 'a6af280e'}"
7,real_mixed_24,qwen3:8b_baseline,408.7708971500397,37.84,0,fallback,0.000000,0.000000,0.000000,0.0,0,10.5,75.7,0.8,157.7,161.2,26591.6,59.1,7681.7,4983.3,"{'timestamp': '2026-09-06T16:13:35.843873+00:00', 'model_version': 'qwen3:8b', 'prompt_hash': 'a6af280e'}"
2,real_mixed_7,qwen3:8b_baseline,437.2092888355255,38.33,0,direct_json,0.529412,0.642857,0.580645,0.0,0,10.6,75.7,1.9,157.9,161.5,26611.4,59.1,7681.7,4983.3,"{'timestamp': '2026-09-06T16:14:04.263135+00:00', 'model_version': 'qwen3:8b', 'prompt_hash': 'a6af280e'}"
2,real_mixed_8,qwen3:8b_baseline,680.6485040187836,38.73,0,direct_json,0.500000,0.444444,0.470588,0.0,0,16.3,100.0,0.8,159.5,163.0,26930.7,59.8,7681.7,4983.3,"{'timestamp': '2026-09-06T16:18:07.698103+00:00', 'model_version': 'qwen3:8b', 'prompt_hash': 'a6af280e'}"
2,real_mixed_9,qwen3:8b_baseline,516.5911259651184,39.16,0,direct_json,0.400000,0.400000,0.400000,0.0,0,11.7,100.0,0.8,158.5,162.3,26689.1,59.3,7681.7,4983.3,"{'timestamp': '2026-09-06T16:15:23.641580+00:00', 'model_version': 'qwen3:8b', 'prompt_hash': 'a6af280e'}"
5,real_mixed_16,qwen3:8b_baseline,746.544882774353,38.4,0,direct_json,0.800000,0.888889,0.842105,0.0,0,11.1,100.0,1.0,159.8,163.3,27052.2,60.1,7681.7,4983.3,"{'timestamp': '2026-09-06T16:19:13.592422+00:00', 'model_version': 'qwen3:8b', 'prompt_hash': 'a6af280e'}"
5,real_mixed_17,qwen3:8b_baseline,60.79547595977783,22.42,0,direct_json,0.500000,1.000000,0.666667,0.0,0,11.5,52.1,1.8,155.8,156.0,24797.9,55.5,7681.7,4983.3,"{'timestamp': '2026-09-06T16:07:47.840202+00:00', 'model_version': 'qwen3:8b', 'prompt_hash': 'a6af280e'}"
5,real_mixed_18,qwen3:8b_baseline,554.5803809165955,38.66,0,direct_json,0.700000,0.583333,0.636364,0.1,1,11.4,100.0,0.7,158.8,162.5,26733.4,59.4,7681.7,4983.3,"{'timestamp': '2026-09-06T16:16:01.643620+00:00', 'model_version': 'qwen3:8b', 'prompt_hash': 'a6af280e'}"
4,real_mixed_13,qwen3:8b_baseline,821.0962738990784,37.79,0,direct_json,0.454545,0.588235,0.512821,0.0,0,10.4,100.0,1.1,160.2,163.6,27209.2,60.4,7681.7,4983.3,"{'timestamp': '2026-09-06T16:20:28.157165+00:00', 'model_version': 'qwen3:8b', 'prompt_hash': 'a6af280e'}"
4,real_mixed_14,qwen3:8b_baseline,709.018627166748,38.09,0,direct_json,0.785714,0.916667,0.846154,0.0,0,15.2,100.0,0.8,159.6,163.2,26983.3,59.9,7681.7,4983.3,"{'timestamp': '2026-09-06T16:18:36.066501+00:00', 'model_version': 'qwen3:8b', 'prompt_hash': 'a6af280e'}"
4,real_mixed_15,qwen3:8b_baseline,239.51090097427368,28.55,0,direct_json,0.294118,0.555556,0.384615,0.0,0,12.0,75.7,0.8,156.5,158.2,26654.1,59.3,7681.7,4983.3,"{'timestamp': '2026-09-06T16:10:46.570812+00:00', 'model_version': 'qwen3:8b', 'prompt_hash': 'a6af280e'}"
8,real_mixed_25,qwen3:8b_baseline,287.58449816703796,38.93,0,direct_json,0.384615,0.416667,0.400000,0.0,0,12.6,100.0,0.8,156.8,158.5,26588.3,59.1,7681.7,4983.3,"{'timestamp': '2026-09-06T16:11:34.664990+00:00', 'model_version': 'qwen3:8b', 'prompt_hash': 'a6af280e'}"
8,real_mixed_26,qwen3:8b_baseline,780.4776630401611,38.55,0,direct_json,0.583333,0.583333,0.583333,0.0,0,14.6,100.0,0.8,160.0,163.6,27121.3,60.2,7681.7,4983.3,"{'timestamp': '2026-09-06T16:19:47.588253+00:00', 'model_version': 'qwen3:8b', 'prompt_hash': 'a6af280e'}"
8,real_mixed_27,qwen3:8b_baseline,866.0706400871277,37.34,0,direct_json,0.777778,0.777778,0.777778,0.0,0,10.7,78.7,0.8,160.3,163.7,27312.8,60.6,7681.7,4983.3,"{'timestamp': '2026-09-06T16:21:13.145912+00:00', 'model_version': 'qwen3:8b', 'prompt_hash': 'a6af280e'}"
9,real_mixed_28,qwen3:8b_baseline,477.64290499687195,38.12,0,fallback,0.000000,0.000000,0.000000,0.0,0,10.0,100.0,0.9,163.2,165.1,28499.6,62.9,7681.7,4983.3,"{'timestamp': '2026-09-06T16:23:01.583341+00:00', 'model_version': 'qwen3:8b', 'prompt_hash': 'a6af280e'}"
9,real_mixed_29,qwen3:8b_baseline,422.41787576675415,38.35,0,direct_json,0.380952,0.666667,0.484848,0.0,0,9.6,78.7,1.0,163.1,163.9,28354.5,62.7,7681.7,4983.3,"{'timestamp': '2026-09-06T16:22:06.364078+00:00', 'model_version': 'qwen3:8b', 'prompt_hash': 'a6af280e'}"
9,real_mixed_30,qwen3:8b_baseline,491.8030378818512,39.38,0,direct_json,0.571429,0.500000,0.533333,0.0,0,9.6,78.7,0.9,163.3,165.1,28533.2,63.0,7681.7,4983.3,"{'timestamp': '2026-09-06T16:23:15.741640+00:00', 'model_version': 'qwen3:8b', 'prompt_hash': 'a6af280e'}"
10,real_mixed_31,qwen3:8b_baseline,483.20807909965515,39.42,0,direct_json,0.400000,1.000000,0.571429,0.0,0,10.9,100.0,1.0,163.5,165.7,28711.6,63.3,7681.7,4983.3,"{'timestamp': '2026-09-06T16:23:48.168907+00:00', 'model_version': 'qwen3:8b', 'prompt_hash': 'a6af280e'}"
10,real_mixed_32,qwen3:8b_baseline,530.2550721168518,38.54,0,direct_json,0.166667,0.285714,0.210526,0.0,0,9.9,78.7,0.9,163.7,165.7,28800.9,63.4,7681.7,4983.3,"{'timestamp': '2026-09-06T16:24:35.220242+00:00', 'model_version': 'qwen3:8b', 'prompt_hash': 'a6af280e'}"
10,real_mixed_33,qwen3:8b_baseline,499.4794158935547,39.09,0,direct_json,0.800000,0.615385,0.695652,0.0,0,9.6,78.7,1.0,163.6,165.7,28743.1,63.4,7681.7,4983.3,"{'timestamp': '2026-09-06T16:24:04.464888+00:00', 'model_version': 'qwen3:8b', 'prompt_hash': 'a6af280e'}"
11,real_mixed_34,qwen3:8b_baseline,518.6126630306244,38.47,0,direct_json,0.333333,0.300000,0.315789,0.0,0,10.3,83.3,1.0,164.2,166.1,29074.0,63.9,7681.7,4983.3,"{'timestamp': '2026-09-06T16:25:32.447955+00:00', 'model_version': 'qwen3:8b', 'prompt_hash': 'a6af280e'}"
11,real_mixed_35,qwen3:8b_baseline,555.2568860054016,38.53,0,direct_json,0.500000,0.714286,0.588235,0.1,1,9.7,78.7,1.0,164.3,166.1,29106.9,64.0,7681.7,4983.3,"{'timestamp': '2026-09-06T16:26:09.093889+00:00', 'model_version': 'qwen3:8b', 'prompt_hash': 'a6af280e'}"
11,real_mixed_36,qwen3:8b_baseline,493.75855803489685,38.87,0,direct_json,0.923077,0.545455,0.685714,0.0,0,12.9,78.7,1.0,164.1,166.1,29041.7,63.9,7681.7,4983.3,"{'timestamp': '2026-09-06T16:25:07.603532+00:00', 'model_version': 'qwen3:8b', 'prompt_hash': 'a6af280e'}"
12,real_mixed_37,qwen3:8b_baseline,550.1230249404907,39.09,0,direct_json,0.642857,0.750000,0.692308,0.0,0,14.8,80.3,1.0,168.3,270.1,29182.4,64.1,7681.7,4983.3,"{'timestamp': '2026-09-06T16:26:29.725327+00:00', 'model_version': 'qwen3:8b', 'prompt_hash': 'a6af280e'}"
12,real_mixed_38,qwen3:8b_baseline,638.3244860172272,39.41,0,direct_json,0.666667,0.615385,0.640000,0.0,0,13.9,100.0,1.0,182.4,270.3,29250.6,64.2,7681.7,4983.3,"{'timestamp': '2026-09-06T16:27:57.927752+00:00', 'model_version': 'qwen3:8b', 'prompt_hash': 'a6af280e'}"
12,real_mixed_39,qwen3:8b_baseline,587.8962302207947,39.77,0,direct_json,0.750000,0.857143,0.800000,0.0,0,17.2,100.0,1.0,174.8,270.1,29210.4,64.1,7681.7,4983.3,"{'timestamp': '2026-09-06T16:27:07.487762+00:00', 'model_version': 'qwen3:8b', 'prompt_hash': 'a6af280e'}"
32,real_mixed_97,qwen3:8b_baseline,668.6152229309082,41.35,0,direct_json,0.500000,0.555556,0.526316,0.0,0,11.0,77.8,0.8,117.1,123.1,21570.3,81.4,7681.7,4983.3,"{'timestamp': '2026-09-06T17:52:37.564166+00:00', 'model_version': 'qwen3:8b', 'prompt_hash': 'a6af280e'}"
32,real_mixed_98,qwen3:8b_baseline,701.8810698986053,40.13,0,direct_json,0.473684,0.321429,0.382979,0.0,0,12.2,61.4,0.8,117.3,123.1,21558.2,81.5,7681.7,4983.3,"{'timestamp': '2026-09-06T17:53:10.858167+00:00', 'model_version': 'qwen3:8b', 'prompt_hash': 'a6af280e'}"
32,real_mixed_99,qwen3:8b_baseline,655.0230689048767,40.59,0,direct_json,0.111111,0.500000,0.181818,0.0,0,13.2,100.0,0.8,117.0,123.1,21573.5,81.4,7681.7,4983.3,"{'timestamp': '2026-09-06T17:52:23.965358+00:00', 'model_version': 'qwen3:8b', 'prompt_hash': 'a6af280e'}"
33,real_mixed_100,qwen3:8b_baseline,601.7557201385498,40.19,0,direct_json,0.100000,0.285714,0.148148,0.0,0,12.2,75.9,0.8,116.8,125.1,21468.4,81.7,7681.7,4983.3,"{'timestamp': '2026-09-06T17:54:02.459878+00:00', 'model_version': 'qwen3:8b', 'prompt_hash': 'a6af280e'}"
33,real_mixed_101,qwen3:8b_baseline,636.1133358478546,40.65,0,direct_json,0.250000,0.285714,0.266667,0.0,0,12.9,100.0,0.8,117.0,125.1,21453.4,81.8,7681.7,4983.3,"{'timestamp': '2026-09-06T17:54:36.812087+00:00', 'model_version': 'qwen3:8b', 'prompt_hash': 'a6af280e'}"
33,real_mixed_102,qwen3:8b_baseline,560.6054339408875,41.98,0,direct_json,0.000000,0.000000,0.000000,0.0,0,12.1,70.2,0.8,116.6,125.1,21491.5,81.7,7681.7,4983.3,"{'timestamp': '2026-09-06T17:53:21.295222+00:00', 'model_version': 'qwen3:8b', 'prompt_hash': 'a6af280e'}"
38,real_mixed_115,qwen3:8b_baseline,511.57177686691284,40.55,0,direct_json,0.428571,1.000000,0.600000,0.0,0,10.1,100.0,0.7,117.1,125.1,21233.1,82.2,7681.7,4983.3,"{'timestamp': '2026-09-06T18:01:42.467858+00:00', 'model_version': 'qwen3:8b', 'prompt_hash': 'a6af280e'}"
38,real_mixed_116,qwen3:8b_baseline,578.9509310722351,40.28,0,direct_json,0.333333,0.500000,0.400000,0.0,0,9.6,81.4,0.6,115.9,125.1,21207.1,82.3,7681.7,4983.3,"{'timestamp': '2026-09-06T18:02:49.848105+00:00', 'model_version': 'qwen3:8b', 'prompt_hash': 'a6af280e'}"
38,real_mixed_117,qwen3:8b_baseline,547.7991230487823,39.93,0,direct_json,0.375000,0.750000,0.500000,0.0,0,11.3,83.7,0.6,116.6,125.1,21219.7,82.2,7681.7,4983.3,"{'timestamp': '2026-09-06T18:02:18.707720+00:00', 'model_version': 'qwen3:8b', 'prompt_hash': 'a6af280e'}"
39,real_mixed_118,qwen3:8b_baseline,561.1863651275635,40.85,0,direct_json,0.500000,0.800000,0.615385,0.0,0,12.7,84.8,0.6,114.9,123.6,21180.2,82.3,7681.7,4983.3,"{'timestamp': '2026-09-06T18:03:58.044993+00:00', 'model_version': 'qwen3:8b', 'prompt_hash': 'a6af280e'}"
39,real_mixed_119,qwen3:8b_baseline,536.4879057407379,40.26,0,direct_json,0.666667,0.666667,0.666667,0.0,0,11.1,89.3,0.6,114.9,123.6,21191.3,82.3,7681.7,4983.3,"{'timestamp': '2026-09-06T18:03:33.351176+00:00', 'model_version': 'qwen3:8b', 'prompt_hash': 'a6af280e'}"
39,real_mixed_120,qwen3:8b_baseline,582.2423498630524,41.08,0,direct_json,0.555556,1.000000,0.714286,0.0,0,11.6,82.3,0.5,114.4,123.6,21170.5,82.4,7681.7,4983.3,"{'timestamp': '2026-09-06T18:04:19.102423+00:00', 'model_version': 'qwen3:8b', 'prompt_hash': 'a6af280e'}"
26,real_mixed_79,qwen3:8b_baseline,550.9028739929199,37.36,0,direct_json,0.666667,0.600000,0.631579,0.0,0,15.0,100.0,0.6,134.7,159.8,22414.7,79.4,7681.7,4983.3,"{'timestamp': '2026-09-06T17:41:28.892438+00:00', 'model_version': 'qwen3:8b', 'prompt_hash': 'a6af280e'}"
26,real_mixed_80,qwen3:8b_baseline,523.3239598274231,38.54,0,direct_json,0.531250,0.708333,0.607143,0.0,0,10.5,83.3,0.7,135.6,159.8,22446.3,79.3,7681.7,4983.3,"{'timestamp': '2026-09-06T17:41:01.330673+00:00', 'model_version': 'qwen3:8b', 'prompt_hash': 'a6af280e'}"
26,real_mixed_81,qwen3:8b_baseline,497.2728388309479,39.0,0,direct_json,0.500000,0.454545,0.476190,0.0,0,11.9,100.0,0.7,136.1,160.0,22479.6,79.3,7681.7,4983.3,"{'timestamp': '2026-09-06T17:40:35.272899+00:00', 'model_version': 'qwen3:8b', 'prompt_hash': 'a6af280e'}"
27,real_mixed_82,qwen3:8b_baseline,389.57794713974,38.46,0,direct_json,0.416667,0.555556,0.476190,0.0,0,9.4,100.0,0.8,122.7,126.6,21840.1,80.7,7681.7,4983.3,"{'timestamp': '2026-09-06T17:44:00.648885+00:00', 'model_version': 'qwen3:8b', 'prompt_hash': 'a6af280e'}"
27,real_mixed_83,qwen3:8b_baseline,289.7037000656128,38.51,0,direct_json,0.571429,0.800000,0.666667,0.14285714285714285,2,9.2,63.1,0.9,123.7,126.6,21859.9,80.6,7681.7,4983.3,"{'timestamp': '2026-09-06T17:42:20.771154+00:00', 'model_version': 'qwen3:8b', 'prompt_hash': 'a6af280e'}"
27,real_mixed_84,qwen3:8b_baseline,344.4124381542206,38.22,0,fallback,0.000000,0.000000,0.000000,0.0,0,9.1,100.0,0.8,123.3,126.6,21850.3,80.6,7681.7,4983.3,"{'timestamp': '2026-09-06T17:43:15.479614+00:00', 'model_version': 'qwen3:8b', 'prompt_hash': 'a6af280e'}"
28,real_mixed_85,qwen3:8b_baseline,405.13824796676636,39.2,0,direct_json,0.400000,0.500000,0.444444,0.1,1,10.3,63.1,0.8,121.9,126.6,21779.0,80.8,7681.7,4983.3,"{'timestamp': '2026-09-06T17:45:11.421750+00:00', 'model_version': 'qwen3:8b', 'prompt_hash': 'a6af280e'}"
28,real_mixed_86,qwen3:8b_baseline,444.16958379745483,38.55,0,direct_json,0.636364,0.538462,0.583333,0.09090909090909091,1,9.4,100.0,0.8,121.8,126.6,21777.8,80.8,7681.7,4983.3,"{'timestamp': '2026-09-06T17:45:50.461800+00:00', 'model_version': 'qwen3:8b', 'prompt_hash': 'a6af280e'}"
28,real_mixed_87,qwen3:8b_baseline,373.3985779285431,38.75,0,direct_json,0.600000,0.428571,0.500000,0.0,0,8.7,63.1,0.9,121.9,126.6,21788.6,80.8,7681.7,4983.3,"{'timestamp': '2026-09-06T17:44:39.675140+00:00', 'model_version': 'qwen3:8b', 'prompt_hash': 'a6af280e'}"
29,real_mixed_88,qwen3:8b_baseline,467.05295491218567,40.19,0,direct_json,0.375000,0.750000,0.500000,0.125,1,15.8,80.7,0.8,121.2,126.2,21758.7,80.9,7681.7,4983.3,"{'timestamp': '2026-09-06T17:46:34.969789+00:00', 'model_version': 'qwen3:8b', 'prompt_hash': 'a6af280e'}"
29,real_mixed_89,qwen3:8b_baseline,520.0629258155823,39.55,0,fallback,0.000000,0.000000,0.000000,0.0,0,13.2,100.0,0.8,119.7,126.2,21738.5,81.0,7681.7,4983.3,"{'timestamp': '2026-09-06T17:47:27.983738+00:00', 'model_version': 'qwen3:8b', 'prompt_hash': 'a6af280e'}"
29,real_mixed_90,qwen3:8b_baseline,550.7050151824951,40.12,0,direct_json,0.421053,1.000000,0.592593,0.0,0,13.4,100.0,0.8,118.9,126.2,21732.9,81.0,7681.7,4983.3,"{'timestamp': '2026-09-06T17:47:58.628496+00:00', 'model_version': 'qwen3:8b', 'prompt_hash': 'a6af280e'}"
30,real_mixed_91,qwen3:8b_baseline,585.3501951694489,40.51,0,direct_json,0.692308,0.750000,0.720000,0.0,0,8.4,100.0,0.8,118.8,126.2,21685.1,81.1,7681.7,4983.3,"{'timestamp': '2026-09-06T17:49:11.359498+00:00', 'model_version': 'qwen3:8b', 'prompt_hash': 'a6af280e'}"
30,real_mixed_92,qwen3:8b_baseline,606.4688668251038,40.68,0,direct_json,0.466667,0.466667,0.466667,0.06666666666666667,1,8.7,66.7,0.8,118.7,126.6,21677.7,81.2,7681.7,4983.3,"{'timestamp': '2026-09-06T17:49:32.477814+00:00', 'model_version': 'qwen3:8b', 'prompt_hash': 'a6af280e'}"
30,real_mixed_93,qwen3:8b_baseline,559.2083451747894,39.93,0,direct_json,0.583333,0.700000,0.636364,0.0,0,9.7,100.0,0.9,118.7,126.2,21699.7,81.1,7681.7,4983.3,"{'timestamp': '2026-09-06T17:48:45.218486+00:00', 'model_version': 'qwen3:8b', 'prompt_hash': 'a6af280e'}"
31,real_mixed_94,qwen3:8b_baseline,690.350466966629,40.52,0,direct_json,0.846154,0.550000,0.666667,0.0,0,8.3,63.1,0.8,117.4,126.3,21619.2,81.3,7681.7,4983.3,"{'timestamp': '2026-09-06T17:51:37.868355+00:00', 'model_version': 'qwen3:8b', 'prompt_hash': 'a6af280e'}"
31,real_mixed_95,qwen3:8b_baseline,659.7313368320465,40.46,0,direct_json,0.125000,0.500000,0.200000,0.0,0,8.2,100.0,0.8,117.9,126.5,21630.7,81.3,7681.7,4983.3,"{'timestamp': '2026-09-06T17:51:07.236353+00:00', 'model_version': 'qwen3:8b', 'prompt_hash': 'a6af280e'}"
31,real_mixed_96,qwen3:8b_baseline,617.861869096756,39.64,0,fallback,0.000000,0.000000,0.000000,0.0,0,8.2,100.0,0.8,118.6,126.5,21645.2,81.2,7681.7,4983.3,"{'timestamp': '2026-09-06T17:50:25.384811+00:00', 'model_version': 'qwen3:8b', 'prompt_hash': 'a6af280e'}"
34,real_mixed_103,qwen3:8b_baseline,534.7736439704895,41.96,0,direct_json,0.000000,0.000000,0.000000,0.0,0,7.0,58.0,0.8,116.2,125.1,21400.4,81.9,7681.7,4983.3,"{'timestamp': '2026-09-06T17:54:45.274522+00:00', 'model_version': 'qwen3:8b', 'prompt_hash': 'a6af280e'}"
34,real_mixed_104,qwen3:8b_baseline,565.5928180217743,40.65,0,direct_json,0.294118,0.500000,0.370370,0.0,0,6.9,58.0,0.8,116.5,125.1,21383.2,82.0,7681.7,4983.3,"{'timestamp': '2026-09-06T17:55:16.110312+00:00', 'model_version': 'qwen3:8b', 'prompt_hash': 'a6af280e'}"
34,real_mixed_105,qwen3:8b_baseline,584.4273071289062,40.92,0,direct_json,0.500000,0.600000,0.545455,0.0,0,6.9,58.0,0.8,116.6,125.1,21373.7,82.0,7681.7,4983.3,"{'timestamp': '2026-09-06T17:55:34.942499+00:00', 'model_version': 'qwen3:8b', 'prompt_hash': 'a6af280e'}"
35,real_mixed_106,qwen3:8b_baseline,485.8323290348053,40.85,0,direct_json,0.666667,1.000000,0.800000,0.0,0,9.4,100.0,0.8,118.7,125.1,21315.6,82.0,7681.7,4983.3,"{'timestamp': '2026-09-06T17:56:04.501482+00:00', 'model_version': 'qwen3:8b', 'prompt_hash': 'a6af280e'}"
35,real_mixed_107,qwen3:8b_baseline,525.3879759311676,40.43,0,direct_json,0.714286,0.769231,0.740741,0.0,0,8.5,60.0,0.9,118.6,125.1,21321.7,82.0,7681.7,4983.3,"{'timestamp': '2026-09-06T17:56:44.065569+00:00', 'model_version': 'qwen3:8b', 'prompt_hash': 'a6af280e'}"
35,real_mixed_108,qwen3:8b_baseline,503.15014815330505,40.99,0,direct_json,0.200000,0.400000,0.266667,0.0,0,8.4,100.0,0.8,118.9,125.1,21321.9,82.0,7681.7,4983.3,"{'timestamp': '2026-09-06T17:56:21.822679+00:00', 'model_version': 'qwen3:8b', 'prompt_hash': 'a6af280e'}"
36,real_mixed_109,qwen3:8b_baseline,570.4806139469147,39.51,0,fallback,0.000000,0.000000,0.000000,0.0,0,6.6,58.0,0.7,117.9,125.1,21324.7,82.0,7681.7,4983.3,"{'timestamp': '2026-09-06T17:59:03.029053+00:00', 'model_version': 'qwen3:8b', 'prompt_hash': 'a6af280e'}"
36,real_mixed_110,qwen3:8b_baseline,516.7378742694855,39.55,0,fallback,0.000000,0.000000,0.000000,0.0,0,6.8,58.0,0.8,118.3,125.1,21319.7,82.0,7681.7,4983.3,"{'timestamp': '2026-09-06T17:58:09.280690+00:00', 'model_version': 'qwen3:8b', 'prompt_hash': 'a6af280e'}"
36,real_mixed_111,qwen3:8b_baseline,463.1036071777344,40.97,0,direct_json,0.555556,0.172414,0.263158,0.0,0,6.5,58.0,0.8,118.4,125.1,21312.1,82.0,7681.7,4983.3,"{'timestamp': '2026-09-06T17:57:15.649418+00:00', 'model_version': 'qwen3:8b', 'prompt_hash': 'a6af280e'}"
37,real_mixed_112,qwen3:8b_baseline,478.60412192344666,41.03,0,direct_json,0.428571,0.600000,0.500000,0.0,0,6.2,100.0,0.7,119.0,125.1,21283.9,82.1,7681.7,4983.3,"{'timestamp': '2026-09-06T17:59:36.518738+00:00', 'model_version': 'qwen3:8b', 'prompt_hash': 'a6af280e'}"
37,real_mixed_113,qwen3:8b_baseline,559.0883991718292,40.22,0,direct_json,0.750000,0.666667,0.705882,0.0,0,6.6,86.3,0.7,117.9,125.1,21260.5,82.1,7681.7,4983.3,"{'timestamp': '2026-09-06T18:00:57.005622+00:00', 'model_version': 'qwen3:8b', 'prompt_hash': 'a6af280e'}"
37,real_mixed_114,qwen3:8b_baseline,518.5719180107117,39.95,0,direct_json,0.384615,0.714286,0.500000,0.07692307692307693,1,6.6,100.0,0.7,118.8,125.1,21259.9,82.1,7681.7,4983.3,"{'timestamp': '2026-09-06T18:00:16.494522+00:00', 'model_version': 'qwen3:8b', 'prompt_hash': 'a6af280e'}"
22,real_mixed_67,qwen3:8b_kb_rag,670.9937369823456,39.46,0,direct_json,0.357143,0.294118,0.322581,0.21428571428571427,3,7.8,100.0,1.7,255.8,591.5,21825.1,80.9,7681.7,4983.3,"{'timestamp': '2026-09-06T18:46:18.966443+00:00', 'model_version': 'qwen3:8b', 'prompt_hash': 'a6af280e'}"
22,real_mixed_68,qwen3:8b_kb_rag,589.9565148353577,39.56,0,direct_json,0.705882,0.923077,0.800000,0.0,0,7.5,100.0,1.8,266.2,591.5,21778.0,81.0,7681.7,4983.3,"{'timestamp': '2026-09-06T18:44:57.925080+00:00', 'model_version': 'qwen3:8b', 'prompt_hash': 'a6af280e'}"
22,real_mixed_69,qwen3:8b_kb_rag,642.6448128223419,39.02,0,direct_json,0.760000,0.791667,0.775510,0.0,0,8.3,100.0,1.8,260.5,591.5,21810.8,81.0,7681.7,4983.3,"{'timestamp': '2026-09-06T18:45:50.632633+00:00', 'model_version': 'qwen3:8b', 'prompt_hash': 'a6af280e'}"
23,real_mixed_70,qwen3:8b_kb_rag,629.1029748916626,39.11,0,direct_json,0.684211,0.619048,0.650000,0.0,0,8.1,100.0,1.9,262.6,591.5,21887.4,80.8,7681.7,4983.3,"{'timestamp': '2026-09-06T18:47:03.072049+00:00', 'model_version': 'qwen3:8b', 'prompt_hash': 'a6af280e'}"
23,real_mixed_71,qwen3:8b_kb_rag,684.5872781276703,38.52,0,fallback,0.000000,0.000000,0.000000,0.0,0,11.3,100.0,2.2,260.5,591.5,21893.0,80.8,7681.7,4983.3,"{'timestamp': '2026-09-06T18:47:58.552398+00:00', 'model_version': 'qwen3:8b', 'prompt_hash': 'a6af280e'}"
23,real_mixed_72,qwen3:8b_kb_rag,732.9478771686554,38.94,0,direct_json,0.583333,0.500000,0.538462,0.0,0,8.4,100.0,1.6,256.0,591.5,21875.7,80.8,7681.7,4983.3,"{'timestamp': '2026-09-06T18:48:46.925637+00:00', 'model_version': 'qwen3:8b', 'prompt_hash': 'a6af280e'}"
14,real_mixed_43,qwen3:8b_kb_rag,713.7554087638855,37.13,0,fallback,0.000000,0.000000,0.000000,0.0,0,6.8,100.0,1.6,249.9,666.0,21829.3,81.0,7681.7,4983.3,"{'timestamp': '2026-09-06T18:30:51.873503+00:00', 'model_version': 'qwen3:8b', 'prompt_hash': 'a6af280e'}"
14,real_mixed_44,qwen3:8b_kb_rag,652.917160987854,39.29,0,direct_json,0.550000,0.785714,0.647059,0.0,0,7.3,100.0,1.7,258.0,666.0,21803.1,81.0,7681.7,4983.3,"{'timestamp': '2026-09-06T18:29:51.034516+00:00', 'model_version': 'qwen3:8b', 'prompt_hash': 'a6af280e'}"
14,real_mixed_45,qwen3:8b_kb_rag,605.1404898166656,40.28,0,direct_json,0.692308,0.750000,0.720000,0.0,0,9.8,100.0,1.8,261.9,666.0,21824.6,81.0,7681.7,4983.3,"{'timestamp': '2026-09-06T18:29:03.262573+00:00', 'model_version': 'qwen3:8b', 'prompt_hash': 'a6af280e'}"
15,real_mixed_46,qwen3:8b_kb_rag,760.7213261127472,39.25,0,direct_json,0.750000,0.428571,0.545455,0.0,0,7.7,100.0,1.6,239.2,666.0,21842.3,80.9,7681.7,4983.3,"{'timestamp': '2026-09-06T18:33:11.045454+00:00', 'model_version': 'qwen3:8b', 'prompt_hash': 'a6af280e'}"
15,real_mixed_47,qwen3:8b_kb_rag,712.1829051971436,39.57,0,direct_json,0.666667,0.592593,0.627451,0.041666666666666664,1,6.7,100.0,1.7,245.4,666.0,21842.0,80.9,7681.7,4983.3,"{'timestamp': '2026-09-06T18:32:22.519568+00:00', 'model_version': 'qwen3:8b', 'prompt_hash': 'a6af280e'}"
15,real_mixed_48,qwen3:8b_kb_rag,675.1751992702484,39.26,0,fallback,0.000000,0.000000,0.000000,0.0,0,6.2,86.3,1.6,249.6,666.0,21837.1,80.9,7681.7,4983.3,"{'timestamp': '2026-09-06T18:31:45.496725+00:00', 'model_version': 'qwen3:8b', 'prompt_hash': 'a6af280e'}"
21,real_mixed_64,qwen3:8b_baseline,144.76596593856812,39.09,0,direct_json,0.250000,1.000000,0.400000,0.0,0,15.5,71.4,4.2,248.4,273.8,23003.9,78.5,7681.7,4983.3,"{'timestamp': '2026-09-06T17:31:45.530078+00:00', 'model_version': 'qwen3:8b', 'prompt_hash': 'a6af280e'}"
21,real_mixed_65,qwen3:8b_baseline,33.42215585708618,38.38,0,direct_json,0.444444,0.500000,0.470588,0.1111111111111111,1,11.8,42.0,15.8,271.9,272.1,22851.4,78.7,7681.7,4983.3,"{'timestamp': '2026-09-06T17:29:54.202165+00:00', 'model_version': 'qwen3:8b', 'prompt_hash': 'a6af280e'}"
21,real_mixed_66,qwen3:8b_baseline,177.15506291389465,39.29,0,direct_json,0.545455,0.300000,0.387097,0.0,0,13.5,64.3,1.0,229.2,273.8,23035.2,78.4,7681.7,4983.3,"{'timestamp': '2026-09-06T17:32:17.944648+00:00', 'model_version': 'qwen3:8b', 'prompt_hash': 'a6af280e'}"
24,real_mixed_73,qwen3:8b_baseline,266.80415177345276,37.99,0,fallback,0.000000,0.000000,0.000000,0.0,0,12.0,64.3,2.7,205.7,273.8,23063.0,78.3,7681.7,4983.3,"{'timestamp': '2026-09-06T17:33:47.587324+00:00', 'model_version': 'qwen3:8b', 'prompt_hash': 'a6af280e'}"
24,real_mixed_74,qwen3:8b_baseline,158.95781826972961,38.94,0,direct_json,0.500000,0.400000,0.444444,0.0,0,11.6,71.4,0.8,239.0,273.8,23024.5,78.5,7681.7,4983.3,"{'timestamp': '2026-09-06T17:31:59.744481+00:00', 'model_version': 'qwen3:8b', 'prompt_hash': 'a6af280e'}"
24,real_mixed_75,qwen3:8b_baseline,490.2428967952728,39.32,0,direct_json,0.500000,0.666667,0.571429,0.0,0,10.3,100.0,1.0,173.9,273.8,22899.2,78.5,7681.7,4983.3,"{'timestamp': '2026-09-06T17:37:31.011604+00:00', 'model_version': 'qwen3:8b', 'prompt_hash': 'a6af280e'}"
22,real_mixed_67,qwen3:8b_baseline,545.4354848861694,37.87,0,direct_json,0.333333,0.235294,0.275862,0.25,3,12.5,100.0,0.6,169.1,273.8,22812.7,78.6,7681.7,4983.3,"{'timestamp': '2026-09-06T17:38:26.233161+00:00', 'model_version': 'qwen3:8b', 'prompt_hash': 'a6af280e'}"
22,real_mixed_68,qwen3:8b_baseline,472.49298214912415,39.6,0,direct_json,0.625000,0.769231,0.689655,0.0,0,9.7,100.0,0.6,176.1,273.8,22920.7,78.4,7681.7,4983.3,"{'timestamp': '2026-09-06T17:37:13.276536+00:00', 'model_version': 'qwen3:8b', 'prompt_hash': 'a6af280e'}"
22,real_mixed_69,qwen3:8b_baseline,393.5260281562805,38.68,0,direct_json,0.700000,0.583333,0.636364,0.0,0,9.0,100.0,0.7,187.5,273.8,23001.8,78.3,7681.7,4983.3,"{'timestamp': '2026-09-06T17:35:54.330747+00:00', 'model_version': 'qwen3:8b', 'prompt_hash': 'a6af280e'}"
25,real_mixed_76,qwen3:8b_baseline,567.0909168720245,39.54,0,direct_json,0.000000,0.000000,0.000000,0.0,0,12.8,100.0,0.6,167.4,273.8,22779.9,78.7,7681.7,4983.3,"{'timestamp': '2026-09-06T17:38:47.864076+00:00', 'model_version': 'qwen3:8b', 'prompt_hash': 'a6af280e'}"
25,real_mixed_77,qwen3:8b_baseline,298.1536109447479,38.96,0,direct_json,0.578947,0.550000,0.564103,0.0,0,16.2,65.5,0.8,200.9,273.8,23046.7,78.3,7681.7,4983.3,"{'timestamp': '2026-09-06T17:34:18.957371+00:00', 'model_version': 'qwen3:8b', 'prompt_hash': 'a6af280e'}"
25,real_mixed_78,qwen3:8b_baseline,355.9500377178192,37.17,0,fallback,0.000000,0.000000,0.000000,0.0,0,15.5,100.0,0.7,194.2,273.8,23038.5,78.2,7681.7,4983.3,"{'timestamp': '2026-09-06T17:35:16.731882+00:00', 'model_version': 'qwen3:8b', 'prompt_hash': 'a6af280e'}"
23,real_mixed_70,qwen3:8b_baseline,68.86356616020203,38.24,0,direct_json,0.538462,0.333333,0.411765,0.15384615384615385,2,10.0,64.3,1.5,272.6,273.5,22892.8,78.7,7681.7,4983.3,"{'timestamp': '2026-09-06T17:30:29.652340+00:00', 'model_version': 'qwen3:8b', 'prompt_hash': 'a6af280e'}"
23,real_mixed_71,qwen3:8b_baseline,125.04940104484558,37.54,0,fallback,0.000000,0.000000,0.000000,0.0,0,11.8,69.6,1.0,265.0,273.8,22974.6,78.6,7681.7,4983.3,"{'timestamp': '2026-09-06T17:31:25.839000+00:00', 'model_version': 'qwen3:8b', 'prompt_hash': 'a6af280e'}"
23,real_mixed_72,qwen3:8b_baseline,605.1665289402008,38.61,0,direct_json,0.583333,0.500000,0.538462,0.0,0,10.1,64.3,0.6,164.7,273.8,22717.7,78.9,7681.7,4983.3,"{'timestamp': '2026-09-06T17:39:25.957924+00:00', 'model_version': 'qwen3:8b', 'prompt_hash': 'a6af280e'}"
20,real_mixed_61,qwen3:8b_baseline,454.20550203323364,36.43,0,fallback,0.000000,0.000000,0.000000,0.0,0,12.3,100.0,0.9,178.5,273.8,22940.7,78.4,7681.7,4983.3,"{'timestamp': '2026-09-06T17:36:54.996569+00:00', 'model_version': 'qwen3:8b', 'prompt_hash': 'a6af280e'}"
20,real_mixed_62,qwen3:8b_baseline,211.1417212486267,38.69,0,direct_json,0.538462,0.636364,0.583333,0.0,0,9.5,64.3,3.2,218.1,273.8,23063.6,78.3,7681.7,4983.3,"{'timestamp': '2026-09-06T17:32:51.917374+00:00', 'model_version': 'qwen3:8b', 'prompt_hash': 'a6af280e'}"
20,real_mixed_63,qwen3:8b_baseline,646.6747601032257,38.93,0,direct_json,0.125000,0.125000,0.125000,0.0,0,10.4,64.3,0.6,162.1,273.8,22660.3,79.0,7681.7,4983.3,"{'timestamp': '2026-09-06T17:40:07.460692+00:00', 'model_version': 'qwen3:8b', 'prompt_hash': 'a6af280e'}"
2,real_mixed_7,qwen3:8b_kb_rag,56.35300016403198,38.81,0,fallback,0.000000,0.000000,0.000000,0.0,0,5.8,32.1,2.9,529.1,644.1,20541.1,83.6,7681.7,4983.3,"{'timestamp': '2026-09-06T18:05:17.541438+00:00', 'model_version': 'qwen3:8b', 'prompt_hash': 'a6af280e'}"
2,real_mixed_8,qwen3:8b_kb_rag,267.99628710746765,39.79,0,direct_json,0.444444,0.444444,0.444444,0.0,0,5.9,33.3,0.8,235.5,644.1,20794.1,83.1,7681.7,4983.3,"{'timestamp': '2026-09-06T18:08:49.191242+00:00', 'model_version': 'qwen3:8b', 'prompt_hash': 'a6af280e'}"
2,real_mixed_9,qwen3:8b_kb_rag,419.41191601753235,39.32,0,fallback,0.000000,0.000000,0.000000,0.0,0,9.0,69.8,1.9,194.9,964.5,20871.0,82.8,7681.7,4983.3,"{'timestamp': '2026-09-06T18:11:20.574050+00:00', 'model_version': 'qwen3:8b', 'prompt_hash': 'a6af280e'}"
4,real_mixed_13,qwen3:8b_kb_rag,521.9466419219971,38.91,0,direct_json,0.478261,0.647059,0.550000,0.0,0,6.8,60.2,0.9,204.0,644.1,20960.7,82.6,7681.7,4983.3,"{'timestamp': '2026-09-06T18:13:03.148222+00:00', 'model_version': 'qwen3:8b', 'prompt_hash': 'a6af280e'}"
4,real_mixed_14,qwen3:8b_kb_rag,242.65323114395142,38.79,0,direct_json,0.733333,0.916667,0.814815,0.0,0,6.5,42.9,1.1,247.0,644.1,20772.3,83.1,7681.7,4983.3,"{'timestamp': '2026-09-06T18:08:23.842985+00:00', 'model_version': 'qwen3:8b', 'prompt_hash': 'a6af280e'}"
4,real_mixed_15,qwen3:8b_kb_rag,97.76390290260315,39.46,0,direct_json,0.375000,0.666667,0.480000,0.0,0,6.7,32.1,1.4,423.0,644.1,20638.8,83.4,7681.7,4983.3,"{'timestamp': '2026-09-06T18:05:58.954403+00:00', 'model_version': 'qwen3:8b', 'prompt_hash': 'a6af280e'}"
5,real_mixed_16,qwen3:8b_kb_rag,366.573930978775,38.78,0,fallback,0.000000,0.000000,0.000000,0.0,0,11.2,60.2,1.0,205.5,644.1,20831.3,83.0,7681.7,4983.3,"{'timestamp': '2026-09-06T18:10:27.758093+00:00', 'model_version': 'qwen3:8b', 'prompt_hash': 'a6af280e'}"
5,real_mixed_17,qwen3:8b_kb_rag,653.4460570812225,40.42,0,direct_json,0.666667,1.000000,0.800000,0.0,0,8.2,100.0,1.9,211.6,964.3,21076.8,82.3,7681.7,4983.3,"{'timestamp': '2026-09-06T18:15:14.595748+00:00', 'model_version': 'qwen3:8b', 'prompt_hash': 'a6af280e'}"
5,real_mixed_18,qwen3:8b_kb_rag,618.5728750228882,39.12,0,direct_json,0.700000,0.583333,0.636364,0.0,0,6.6,100.0,1.2,213.7,644.1,21034.6,82.4,7681.7,4983.3,"{'timestamp': '2026-09-06T18:14:39.763850+00:00', 'model_version': 'qwen3:8b', 'prompt_hash': 'a6af280e'}"
0,real_mixed_1,qwen3:8b_kb_rag,202.60312700271606,39.87,0,direct_json,0.705882,0.923077,0.800000,0.0,0,8.5,44.2,1.1,271.9,644.1,20734.0,83.2,7681.7,4983.3,"{'timestamp': '2026-09-06T18:07:43.800220+00:00', 'model_version': 'qwen3:8b', 'prompt_hash': 'a6af280e'}"
0,real_mixed_2,qwen3:8b_kb_rag,687.5091488361359,39.7,0,direct_json,0.636364,0.583333,0.608696,0.0,0,6.3,60.2,1.2,214.9,644.1,21115.3,82.3,7681.7,4983.3,"{'timestamp': '2026-09-06T18:15:48.700484+00:00', 'model_version': 'qwen3:8b', 'prompt_hash': 'a6af280e'}"
0,real_mixed_3,qwen3:8b_kb_rag,311.99925684928894,39.27,0,direct_json,0.636364,0.583333,0.608696,0.0,0,8.1,50.0,0.9,220.1,644.1,20810.4,83.0,7681.7,4983.3,"{'timestamp': '2026-09-06T18:09:33.193537+00:00', 'model_version': 'qwen3:8b', 'prompt_hash': 'a6af280e'}"
3,real_mixed_10,qwen3:8b_kb_rag,174.29047298431396,40.56,0,direct_json,0.666667,1.000000,0.800000,0.0,0,7.2,44.4,1.0,296.1,644.1,20710.8,83.2,7681.7,4983.3,"{'timestamp': '2026-09-06T18:07:15.477291+00:00', 'model_version': 'qwen3:8b', 'prompt_hash': 'a6af280e'}"
3,real_mixed_11,qwen3:8b_kb_rag,743.6804468631744,38.2,0,fallback,0.000000,0.000000,0.000000,0.0,0,8.6,66.7,1.4,218.9,644.1,21163.5,82.2,7681.7,4983.3,"{'timestamp': '2026-09-06T18:16:44.858850+00:00', 'model_version': 'qwen3:8b', 'prompt_hash': 'a6af280e'}"
3,real_mixed_12,qwen3:8b_kb_rag,576.6605403423309,39.15,0,fallback,0.000000,0.000000,0.000000,0.0,0,7.9,100.0,1.2,210.6,644.1,20983.0,82.5,7681.7,4983.3,"{'timestamp': '2026-09-06T18:13:57.841072+00:00', 'model_version': 'qwen3:8b', 'prompt_hash': 'a6af280e'}"
1,real_mixed_4,qwen3:8b_kb_rag,772.1334269046783,39.66,0,direct_json,0.625000,0.714286,0.666667,0.0,0,7.9,66.7,1.4,228.3,644.1,21180.0,82.1,7681.7,4983.3,"{'timestamp': '2026-09-06T18:17:13.337728+00:00', 'model_version': 'qwen3:8b', 'prompt_hash': 'a6af280e'}"
1,real_mixed_5,qwen3:8b_kb_rag,153.5375211238861,38.79,0,fallback,0.000000,0.000000,0.000000,0.0,0,5.8,32.1,1.3,319.6,644.1,20693.7,83.3,7681.7,4983.3,"{'timestamp': '2026-09-06T18:06:54.717978+00:00', 'model_version': 'qwen3:8b', 'prompt_hash': 'a6af280e'}"
1,real_mixed_6,qwen3:8b_kb_rag,472.98864912986755,39.21,0,fallback,0.000000,0.000000,0.000000,0.0,0,12.0,62.1,1.0,206.6,960.2,20921.4,82.7,7681.7,4983.3,"{'timestamp': '2026-09-06T18:12:14.165834+00:00', 'model_version': 'qwen3:8b', 'prompt_hash': 'a6af280e'}"
6,real_mixed_19,qwen3:8b_kb_rag,405.27033400535583,39.29,0,fallback,0.000000,0.000000,0.000000,0.0,0,11.5,57.1,2.2,281.1,641.9,21612.1,81.2,7681.7,4983.3,"{'timestamp': '2026-09-06T18:18:06.259406+00:00', 'model_version': 'qwen3:8b', 'prompt_hash': 'a6af280e'}"
6,real_mixed_20,qwen3:8b_kb_rag,442.60670280456543,39.6,0,direct_json,0.615385,0.500000,0.551724,0.0,0,13.8,100.0,2.0,273.6,641.9,21631.0,81.2,7681.7,4983.3,"{'timestamp': '2026-09-06T18:18:43.582437+00:00', 'model_version': 'qwen3:8b', 'prompt_hash': 'a6af280e'}"
6,real_mixed_21,qwen3:8b_kb_rag,456.67580103874207,40.17,0,direct_json,0.750000,0.428571,0.545455,0.125,1,9.2,38.8,2.1,270.7,641.9,21641.9,81.2,7681.7,4983.3,"{'timestamp': '2026-09-06T18:18:57.653899+00:00', 'model_version': 'qwen3:8b', 'prompt_hash': 'a6af280e'}"
8,real_mixed_25,qwen3:8b_kb_rag,420.93444991111755,39.84,0,direct_json,0.545455,0.500000,0.521739,0.0,0,7.8,38.8,2.2,277.5,641.9,21746.1,81.0,7681.7,4983.3,"{'timestamp': '2026-09-06T18:20:04.466654+00:00', 'model_version': 'qwen3:8b', 'prompt_hash': 'a6af280e'}"
8,real_mixed_26,qwen3:8b_kb_rag,391.6131069660187,39.45,0,direct_json,0.666667,0.611111,0.637681,0.0,0,7.6,43.7,2.5,284.2,641.9,21747.6,80.9,7681.7,4983.3,"{'timestamp': '2026-09-06T18:19:35.167208+00:00', 'model_version': 'qwen3:8b', 'prompt_hash': 'a6af280e'}"
8,real_mixed_27,qwen3:8b_kb_rag,446.2627327442169,38.54,0,direct_json,0.826087,0.703704,0.760000,0.0,0,9.6,100.0,2.1,271.4,641.9,21739.0,81.0,7681.7,4983.3,"{'timestamp': '2026-09-06T18:20:29.806922+00:00', 'model_version': 'qwen3:8b', 'prompt_hash': 'a6af280e'}"
9,real_mixed_28,qwen3:8b_kb_rag,351.5817127227783,39.6,0,direct_json,0.642857,0.600000,0.620690,0.0,0,14.0,69.7,2.8,296.9,666.0,21810.4,81.0,7681.7,4983.3,"{'timestamp': '2026-09-06T18:21:06.552768+00:00', 'model_version': 'qwen3:8b', 'prompt_hash': 'a6af280e'}"
9,real_mixed_29,qwen3:8b_kb_rag,388.5348873138428,39.65,0,direct_json,0.500000,0.750000,0.600000,0.0,0,14.8,100.0,2.5,293.9,666.0,21811.5,81.0,7681.7,4983.3,"{'timestamp': '2026-09-06T18:21:43.503868+00:00', 'model_version': 'qwen3:8b', 'prompt_hash': 'a6af280e'}"
9,real_mixed_30,qwen3:8b_kb_rag,434.69485902786255,39.41,0,direct_json,0.500000,0.500000,0.500000,0.0,0,13.5,71.4,2.2,286.2,666.0,21783.2,81.0,7681.7,4983.3,"{'timestamp': '2026-09-06T18:22:29.651975+00:00', 'model_version': 'qwen3:8b', 'prompt_hash': 'a6af280e'}"
10,real_mixed_31,qwen3:8b_kb_rag,451.9678587913513,39.92,0,direct_json,0.400000,1.000000,0.571429,0.0,0,9.4,100.0,2.3,299.3,666.0,21784.7,81.0,7681.7,4983.3,"{'timestamp': '2026-09-06T18:23:21.026827+00:00', 'model_version': 'qwen3:8b', 'prompt_hash': 'a6af280e'}"
10,real_mixed_32,qwen3:8b_kb_rag,505.4320890903473,39.21,0,fallback,0.000000,0.000000,0.000000,0.0,0,10.0,100.0,2.0,293.1,666.0,21795.7,81.0,7681.7,4983.3,"{'timestamp': '2026-09-06T18:24:14.495574+00:00', 'model_version': 'qwen3:8b', 'prompt_hash': 'a6af280e'}"
10,real_mixed_33,qwen3:8b_kb_rag,547.1987979412079,39.42,0,direct_json,0.666667,0.615385,0.640000,0.0,0,7.2,69.7,1.9,284.4,666.0,21804.3,81.0,7681.7,4983.3,"{'timestamp': '2026-09-06T18:24:56.276641+00:00', 'model_version': 'qwen3:8b', 'prompt_hash': 'a6af280e'}"
12,real_mixed_37,qwen3:8b_kb_rag,518.2701270580292,39.97,0,direct_json,0.692308,0.750000,0.720000,0.0,0,8.2,100.0,2.1,288.7,666.0,21813.7,81.0,7681.7,4983.3,"{'timestamp': '2026-09-06T18:25:23.566898+00:00', 'model_version': 'qwen3:8b', 'prompt_hash': 'a6af280e'}"
12,real_mixed_38,qwen3:8b_kb_rag,542.1097369194031,39.98,0,direct_json,0.545455,0.461538,0.500000,0.0,0,7.7,100.0,1.9,287.4,666.0,21820.7,80.9,7681.7,4983.3,"{'timestamp': '2026-09-06T18:25:47.407503+00:00', 'model_version': 'qwen3:8b', 'prompt_hash': 'a6af280e'}"
12,real_mixed_39,qwen3:8b_kb_rag,582.6794531345367,39.21,0,direct_json,0.700000,1.000000,0.823529,0.0,0,6.9,69.7,1.9,282.8,666.0,21842.1,80.9,7681.7,4983.3,"{'timestamp': '2026-09-06T18:26:27.971825+00:00', 'model_version': 'qwen3:8b', 'prompt_hash': 'a6af280e'}"
13,real_mixed_40,qwen3:8b_kb_rag,598.1079349517822,39.49,0,direct_json,0.727273,0.666667,0.695652,0.0,0,11.3,82.4,1.9,273.5,666.0,21862.1,80.9,7681.7,4983.3,"{'timestamp': '2026-09-06T18:27:11.764333+00:00', 'model_version': 'qwen3:8b', 'prompt_hash': 'a6af280e'}"
13,real_mixed_41,qwen3:8b_kb_rag,652.6632308959961,38.9,0,fallback,0.000000,0.000000,0.000000,0.0,0,8.6,78.2,1.8,268.9,666.0,21869.3,80.9,7681.7,4983.3,"{'timestamp': '2026-09-06T18:28:06.325414+00:00', 'model_version': 'qwen3:8b', 'prompt_hash': 'a6af280e'}"
13,real_mixed_42,qwen3:8b_kb_rag,692.6077258586884,39.37,0,direct_json,0.647059,0.458333,0.536585,0.0,0,7.7,100.0,1.6,262.9,666.0,21852.5,80.9,7681.7,4983.3,"{'timestamp': '2026-09-06T18:28:46.273575+00:00', 'model_version': 'qwen3:8b', 'prompt_hash': 'a6af280e'}"
16,real_mixed_49,qwen3:8b_kb_rag,724.9758768081665,38.52,0,fallback,0.000000,0.000000,0.000000,0.0,0,9.8,97.3,1.5,230.0,574.5,21847.4,81.0,7681.7,4983.3,"{'timestamp': '2026-09-06T18:34:34.936467+00:00', 'model_version': 'qwen3:8b', 'prompt_hash': 'a6af280e'}"
16,real_mixed_50,qwen3:8b_kb_rag,757.5724260807037,39.71,0,direct_json,0.357143,0.454545,0.400000,0.14285714285714285,2,8.4,97.8,1.5,227.2,574.5,21832.9,81.0,7681.7,4983.3,"{'timestamp': '2026-09-06T18:35:07.537906+00:00', 'model_version': 'qwen3:8b', 'prompt_hash': 'a6af280e'}"
16,real_mixed_51,qwen3:8b_kb_rag,669.6937248706818,39.69,0,direct_json,0.250000,0.222222,0.235294,0.125,1,10.3,97.8,1.6,232.2,574.5,21860.7,80.9,7681.7,4983.3,"{'timestamp': '2026-09-06T18:33:39.651066+00:00', 'model_version': 'qwen3:8b', 'prompt_hash': 'a6af280e'}"
17,real_mixed_52,qwen3:8b_kb_rag,696.792729139328,39.83,0,direct_json,0.500000,0.500000,0.500000,0.0,0,7.7,100.0,1.6,216.8,577.1,21771.8,81.1,7681.7,4983.3,"{'timestamp': '2026-09-06T18:36:33.521867+00:00', 'model_version': 'qwen3:8b', 'prompt_hash': 'a6af280e'}"
17,real_mixed_53,qwen3:8b_kb_rag,667.2770371437073,39.94,0,direct_json,0.555556,0.833333,0.666667,0.0,0,7.6,100.0,1.6,219.0,577.1,21783.0,81.1,7681.7,4983.3,"{'timestamp': '2026-09-06T18:36:04.001353+00:00', 'model_version': 'qwen3:8b', 'prompt_hash': 'a6af280e'}"
17,real_mixed_54,qwen3:8b_kb_rag,640.5897870063782,40.31,0,direct_json,0.428571,0.750000,0.545455,0.0,0,8.4,86.3,1.8,218.8,577.1,21798.3,81.1,7681.7,4983.3,"{'timestamp': '2026-09-06T18:35:37.306470+00:00', 'model_version': 'qwen3:8b', 'prompt_hash': 'a6af280e'}"
18,real_mixed_55,qwen3:8b_kb_rag,675.7119550704956,39.3,0,direct_json,0.312500,0.555556,0.400000,0.0,0,7.2,86.3,1.6,218.0,591.5,21730.6,81.2,7681.7,4983.3,"{'timestamp': '2026-09-06T18:37:44.035782+00:00', 'model_version': 'qwen3:8b', 'prompt_hash': 'a6af280e'}"
18,real_mixed_56,qwen3:8b_kb_rag,727.1820812225342,38.68,0,direct_json,0.222222,0.285714,0.250000,0.0,0,8.7,100.0,1.7,213.9,591.5,21724.1,81.2,7681.7,4983.3,"{'timestamp': '2026-09-06T18:38:35.506846+00:00', 'model_version': 'qwen3:8b', 'prompt_hash': 'a6af280e'}"
18,real_mixed_57,qwen3:8b_kb_rag,637.2601029872894,40.14,0,direct_json,0.736842,0.777778,0.756757,0.10526315789473684,2,8.3,100.0,1.7,216.7,591.5,21720.9,81.2,7681.7,4983.3,"{'timestamp': '2026-09-06T18:37:05.593673+00:00', 'model_version': 'qwen3:8b', 'prompt_hash': 'a6af280e'}"
19,real_mixed_58,qwen3:8b_kb_rag,621.610310792923,39.69,0,direct_json,0.538462,0.636364,0.583333,0.0,0,8.4,100.0,1.8,226.0,591.5,21680.2,81.3,7681.7,4983.3,"{'timestamp': '2026-09-06T18:39:08.344319+00:00', 'model_version': 'qwen3:8b', 'prompt_hash': 'a6af280e'}"
19,real_mixed_59,qwen3:8b_kb_rag,699.650356054306,38.26,0,fallback,0.000000,0.000000,0.000000,0.0,0,7.0,100.0,1.6,228.4,591.5,21717.4,81.2,7681.7,4983.3,"{'timestamp': '2026-09-06T18:40:26.383428+00:00', 'model_version': 'qwen3:8b', 'prompt_hash': 'a6af280e'}"
19,real_mixed_60,qwen3:8b_kb_rag,642.6168529987335,40.13,0,direct_json,0.800000,0.615385,0.695652,0.0,0,6.6,86.3,1.7,227.8,591.5,21687.8,81.3,7681.7,4983.3,"{'timestamp': '2026-09-06T18:39:29.360986+00:00', 'model_version': 'qwen3:8b', 'prompt_hash': 'a6af280e'}"
20,real_mixed_61,qwen3:8b_kb_rag,708.4855868816376,37.42,0,fallback,0.000000,0.000000,0.000000,0.0,0,6.6,80.1,1.6,232.4,591.5,21725.3,81.2,7681.7,4983.3,"{'timestamp': '2026-09-06T18:42:40.793948+00:00', 'model_version': 'qwen3:8b', 'prompt_hash': 'a6af280e'}"
20,real_mixed_62,qwen3:8b_kb_rag,647.8561089038849,39.64,0,direct_json,0.428571,0.545455,0.480000,0.0,0,6.7,80.1,1.7,239.0,591.5,21715.2,81.2,7681.7,4983.3,"{'timestamp': '2026-09-06T18:41:40.148218+00:00', 'model_version': 'qwen3:8b', 'prompt_hash': 'a6af280e'}"
20,real_mixed_63,qwen3:8b_kb_rag,615.121344089508,39.88,0,direct_json,0.181818,0.250000,0.210526,0.0,0,6.9,100.0,1.7,241.9,591.5,21709.4,81.2,7681.7,4983.3,"{'timestamp': '2026-09-06T18:41:07.416891+00:00', 'model_version': 'qwen3:8b', 'prompt_hash': 'a6af280e'}"
21,real_mixed_64,qwen3:8b_kb_rag,591.0293037891388,40.33,0,direct_json,0.000000,0.000000,0.000000,0.0,0,11.5,100.0,1.8,250.7,591.5,21685.1,81.3,7681.7,4983.3,"{'timestamp': '2026-09-06T18:43:02.424414+00:00', 'model_version': 'qwen3:8b', 'prompt_hash': 'a6af280e'}"
21,real_mixed_65,qwen3:8b_kb_rag,656.3216850757599,39.27,0,direct_json,0.428571,0.375000,0.400000,0.0,0,9.1,100.0,1.7,252.4,591.5,21732.9,81.2,7681.7,4983.3,"{'timestamp': '2026-09-06T18:44:07.730894+00:00', 'model_version': 'qwen3:8b', 'prompt_hash': 'a6af280e'}"
21,real_mixed_66,qwen3:8b_kb_rag,619.2191619873047,39.81,0,direct_json,0.533333,0.400000,0.457143,0.0,0,12.3,100.0,1.7,251.9,591.5,21703.1,81.2,7681.7,4983.3,"{'timestamp': '2026-09-06T18:43:30.647532+00:00', 'model_version': 'qwen3:8b', 'prompt_hash': 'a6af280e'}"
24,real_mixed_73,qwen3:8b_kb_rag,680.8823189735413,39.56,0,direct_json,0.909091,0.666667,0.769231,0.0,0,7.7,100.0,1.7,261.4,581.4,21914.3,80.7,7681.7,4983.3,"{'timestamp': '2026-09-06T18:49:56.798304+00:00', 'model_version': 'qwen3:8b', 'prompt_hash': 'a6af280e'}"
24,real_mixed_74,qwen3:8b_kb_rag,633.699903011322,40.08,0,direct_json,0.700000,0.700000,0.700000,0.0,0,8.8,100.0,1.7,261.7,581.4,21900.1,80.8,7681.7,4983.3,"{'timestamp': '2026-09-06T18:49:09.600101+00:00', 'model_version': 'qwen3:8b', 'prompt_hash': 'a6af280e'}"
24,real_mixed_75,qwen3:8b_kb_rag,652.5059111118317,40.43,0,direct_json,0.500000,0.666667,0.571429,0.0,0,8.0,100.0,1.7,261.6,581.4,21902.3,80.8,7681.7,4983.3,"{'timestamp': '2026-09-06T18:49:28.399532+00:00', 'model_version': 'qwen3:8b', 'prompt_hash': 'a6af280e'}"
25,real_mixed_76,qwen3:8b_kb_rag,603.7841992378235,40.34,0,direct_json,0.000000,0.000000,0.000000,0.0,0,8.3,100.0,1.9,254.6,581.4,21948.8,80.7,7681.7,4983.3,"{'timestamp': '2026-09-06T18:50:30.621001+00:00', 'model_version': 'qwen3:8b', 'prompt_hash': 'a6af280e'}"
25,real_mixed_77,qwen3:8b_kb_rag,641.728630065918,39.26,0,direct_json,0.370370,0.500000,0.425532,0.2222222222222222,6,9.7,100.0,1.7,251.0,581.4,21973.2,80.6,7681.7,4983.3,"{'timestamp': '2026-09-06T18:51:08.599195+00:00', 'model_version': 'qwen3:8b', 'prompt_hash': 'a6af280e'}"
25,real_mixed_78,qwen3:8b_kb_rag,699.9931871891022,38.07,0,fallback,0.000000,0.000000,0.000000,0.0,0,7.3,100.0,1.6,242.0,581.4,21983.9,80.6,7681.7,4983.3,"{'timestamp': '2026-09-06T18:52:06.838867+00:00', 'model_version': 'qwen3:8b', 'prompt_hash': 'a6af280e'}"
26,real_mixed_79,qwen3:8b_kb_rag,695.2051129341125,38.26,0,direct_json,0.800000,0.800000,0.800000,0.0,0,7.5,71.7,1.7,241.5,581.4,21950.2,80.7,7681.7,4983.3,"{'timestamp': '2026-09-06T18:54:16.433374+00:00', 'model_version': 'qwen3:8b', 'prompt_hash': 'a6af280e'}"
26,real_mixed_80,qwen3:8b_kb_rag,668.3904340267181,38.5,0,fallback,0.000000,0.000000,0.000000,0.0,0,7.1,71.7,1.6,245.6,581.4,21971.6,80.6,7681.7,4983.3,"{'timestamp': '2026-09-06T18:53:49.658410+00:00', 'model_version': 'qwen3:8b', 'prompt_hash': 'a6af280e'}"
26,real_mixed_81,qwen3:8b_kb_rag,611.8865201473236,39.41,0,direct_json,0.625000,0.454545,0.526316,0.0,0,6.6,71.7,1.8,253.3,581.4,21995.4,80.6,7681.7,4983.3,"{'timestamp': '2026-09-06T18:52:53.125065+00:00', 'model_version': 'qwen3:8b', 'prompt_hash': 'a6af280e'}"
27,real_mixed_82,qwen3:8b_kb_rag,675.8457171916962,39.12,0,direct_json,0.384615,0.555556,0.454545,0.0,0,9.0,100.0,1.7,231.4,594.5,21901.1,80.8,7681.7,4983.3,"{'timestamp': '2026-09-06T18:55:23.979270+00:00', 'model_version': 'qwen3:8b', 'prompt_hash': 'a6af280e'}"
27,real_mixed_83,qwen3:8b_kb_rag,628.6157021522522,40.66,0,direct_json,0.700000,0.700000,0.700000,0.0,0,11.8,76.2,1.8,233.9,594.5,21919.5,80.8,7681.7,4983.3,"{'timestamp': '2026-09-06T18:54:36.750850+00:00', 'model_version': 'qwen3:8b', 'prompt_hash': 'a6af280e'}"
27,real_mixed_84,qwen3:8b_kb_rag,699.7425949573517,40.15,0,direct_json,0.750000,0.666667,0.705882,0.0,0,8.6,100.0,1.6,229.5,594.5,21909.7,80.8,7681.7,4983.3,"{'timestamp': '2026-09-06T18:55:47.886660+00:00', 'model_version': 'qwen3:8b', 'prompt_hash': 'a6af280e'}"
28,real_mixed_85,qwen3:8b_kb_rag,605.7780780792236,39.81,0,direct_json,0.545455,0.750000,0.631579,0.0,0,10.0,100.0,1.9,235.8,595.1,21882.2,80.8,7681.7,4983.3,"{'timestamp': '2026-09-06T18:56:25.101768+00:00', 'model_version': 'qwen3:8b', 'prompt_hash': 'a6af280e'}"
28,real_mixed_86,qwen3:8b_kb_rag,641.8329441547394,40.29,0,direct_json,0.666667,0.615385,0.640000,0.08333333333333333,1,9.6,100.0,1.7,233.4,595.1,21895.3,80.8,7681.7,4983.3,"{'timestamp': '2026-09-06T18:57:01.176175+00:00', 'model_version': 'qwen3:8b', 'prompt_hash': 'a6af280e'}"
28,real_mixed_87,qwen3:8b_kb_rag,625.1400308609009,40.4,0,direct_json,0.666667,0.571429,0.615385,0.0,0,10.4,100.0,1.7,234.7,595.1,21889.6,80.8,7681.7,4983.3,"{'timestamp': '2026-09-06T18:56:44.471659+00:00', 'model_version': 'qwen3:8b', 'prompt_hash': 'a6af280e'}"
29,real_mixed_88,qwen3:8b_kb_rag,518.1752970218658,40.46,0,direct_json,0.500000,1.000000,0.666667,0.0,0,6.6,71.7,2.1,236.8,595.1,21913.1,80.8,7681.7,4983.3,"{'timestamp': '2026-09-06T18:57:25.464873+00:00', 'model_version': 'qwen3:8b', 'prompt_hash': 'a6af280e'}"
29,real_mixed_89,qwen3:8b_kb_rag,536.4731669425964,40.47,0,direct_json,0.500000,0.307692,0.380952,0.0,0,7.0,71.7,2.0,238.4,595.1,21914.3,80.7,7681.7,4983.3,"{'timestamp': '2026-09-06T18:57:43.772335+00:00', 'model_version': 'qwen3:8b', 'prompt_hash': 'a6af280e'}"
29,real_mixed_90,qwen3:8b_kb_rag,589.852382183075,39.21,0,fallback,0.000000,0.000000,0.000000,0.0,0,6.8,100.0,1.8,243.0,595.1,21931.5,80.7,7681.7,4983.3,"{'timestamp': '2026-09-06T18:58:37.156992+00:00', 'model_version': 'qwen3:8b', 'prompt_hash': 'a6af280e'}"
30,real_mixed_91,qwen3:8b_kb_rag,601.1996269226074,38.79,0,fallback,0.000000,0.000000,0.000000,0.0,0,9.7,100.0,1.9,240.0,595.1,21920.5,80.8,7681.7,4983.3,"{'timestamp': '2026-09-06T18:59:58.398188+00:00', 'model_version': 'qwen3:8b', 'prompt_hash': 'a6af280e'}"
30,real_mixed_92,qwen3:8b_kb_rag,546.5442569255829,39.76,0,direct_json,0.466667,0.466667,0.466667,0.0,0,6.6,100.0,2.1,244.6,595.1,21933.6,80.7,7681.7,4983.3,"{'timestamp': '2026-09-06T18:59:03.754415+00:00', 'model_version': 'qwen3:8b', 'prompt_hash': 'a6af280e'}"
30,real_mixed_93,qwen3:8b_kb_rag,637.6510879993439,39.36,0,direct_json,0.545455,0.600000,0.571429,0.09090909090909091,1,7.0,84.0,1.7,235.0,595.1,21901.9,80.8,7681.7,4983.3,"{'timestamp': '2026-09-06T19:00:34.849843+00:00', 'model_version': 'qwen3:8b', 'prompt_hash': 'a6af280e'}"
31,real_mixed_94,qwen3:8b_kb_rag,650.2836737632751,38.91,0,fallback,0.000000,0.000000,0.000000,0.0,0,12.2,94.4,1.8,234.5,595.1,21748.6,81.0,7681.7,4983.3,"{'timestamp': '2026-09-06T19:02:57.568363+00:00', 'model_version': 'qwen3:8b', 'prompt_hash': 'a6af280e'}"
31,real_mixed_95,qwen3:8b_kb_rag,560.8438680171967,39.2,0,direct_json,0.000000,0.000000,0.000000,0.0,0,7.3,84.0,2.1,244.0,595.1,21766.3,81.1,7681.7,4983.3,"{'timestamp': '2026-09-06T19:01:28.104928+00:00', 'model_version': 'qwen3:8b', 'prompt_hash': 'a6af280e'}"
31,real_mixed_96,qwen3:8b_kb_rag,595.6944069862366,39.8,0,direct_json,0.500000,0.583333,0.538462,0.0,0,10.2,100.0,1.8,240.1,595.1,21742.4,81.1,7681.7,4983.3,"{'timestamp': '2026-09-06T19:02:02.969382+00:00', 'model_version': 'qwen3:8b', 'prompt_hash': 'a6af280e'}"
32,real_mixed_97,qwen3:8b_kb_rag,579.7233991622925,39.73,0,direct_json,0.454545,0.555556,0.500000,0.0,0,9.3,100.0,1.9,238.7,595.1,21779.9,81.0,7681.7,4983.3,"{'timestamp': '2026-09-06T19:03:56.582720+00:00', 'model_version': 'qwen3:8b', 'prompt_hash': 'a6af280e'}"
32,real_mixed_98,qwen3:8b_kb_rag,622.6325359344482,38.65,0,direct_json,0.550000,0.392857,0.458333,0.05,1,8.1,84.0,1.8,232.2,595.1,21776.7,81.0,7681.7,4983.3,"{'timestamp': '2026-09-06T19:04:39.496594+00:00', 'model_version': 'qwen3:8b', 'prompt_hash': 'a6af280e'}"
32,real_mixed_99,qwen3:8b_kb_rag,542.1903231143951,40.58,0,direct_json,0.111111,0.500000,0.181818,0.0,0,9.1,100.0,2.0,241.7,595.1,21774.3,81.0,7681.7,4983.3,"{'timestamp': '2026-09-06T19:03:19.034212+00:00', 'model_version': 'qwen3:8b', 'prompt_hash': 'a6af280e'}"
33,real_mixed_100,qwen3:8b_kb_rag,592.2319447994232,39.38,0,direct_json,0.066667,0.142857,0.090909,0.0,0,6.6,84.0,2.0,238.6,595.1,21752.4,81.1,7681.7,4983.3,"{'timestamp': '2026-09-06T19:05:40.504111+00:00', 'model_version': 'qwen3:8b', 'prompt_hash': 'a6af280e'}"
33,real_mixed_101,qwen3:8b_kb_rag,610.8357830047607,40.53,0,direct_json,0.400000,0.571429,0.470588,0.0,0,7.0,84.0,1.8,236.3,595.2,21741.8,81.1,7681.7,4983.3,"{'timestamp': '2026-09-06T19:05:59.107337+00:00', 'model_version': 'qwen3:8b', 'prompt_hash': 'a6af280e'}"
33,real_mixed_102,qwen3:8b_kb_rag,544.2114949226379,41.0,0,direct_json,0.000000,0.000000,0.000000,0.0,0,6.4,84.0,2.0,238.2,595.1,21781.9,81.0,7681.7,4983.3,"{'timestamp': '2026-09-06T19:04:52.470137+00:00', 'model_version': 'qwen3:8b', 'prompt_hash': 'a6af280e'}"
34,real_mixed_103,qwen3:8b_kb_rag,545.5105078220367,40.79,0,direct_json,0.000000,0.000000,0.000000,0.0,0,11.6,100.0,2.0,234.9,585.8,21694.0,81.2,7681.7,4983.3,"{'timestamp': '2026-09-06T19:06:07.076483+00:00', 'model_version': 'qwen3:8b', 'prompt_hash': 'a6af280e'}"
34,real_mixed_104,qwen3:8b_kb_rag,599.3065519332886,39.15,0,fallback,0.000000,0.000000,0.000000,0.0,0,9.6,100.0,1.9,238.3,585.8,21729.9,81.1,7681.7,4983.3,"{'timestamp': '2026-09-06T19:07:00.889581+00:00', 'model_version': 'qwen3:8b', 'prompt_hash': 'a6af280e'}"
34,real_mixed_105,qwen3:8b_kb_rag,626.7144079208374,39.84,0,direct_json,0.583333,0.700000,0.636364,0.0,0,9.2,100.0,1.7,234.7,585.8,21747.9,81.1,7681.7,4983.3,"{'timestamp': '2026-09-06T19:07:28.305666+00:00', 'model_version': 'qwen3:8b', 'prompt_hash': 'a6af280e'}"
35,real_mixed_106,qwen3:8b_kb_rag,552.1826369762421,40.39,0,direct_json,0.666667,1.000000,0.800000,0.0,0,6.8,84.0,1.8,218.8,585.8,21712.8,81.1,7681.7,4983.3,"{'timestamp': '2026-09-06T19:07:49.776794+00:00', 'model_version': 'qwen3:8b', 'prompt_hash': 'a6af280e'}"
35,real_mixed_107,qwen3:8b_kb_rag,641.8587729930878,38.64,0,direct_json,0.785714,0.846154,0.814815,0.0,0,7.4,84.0,1.6,207.0,585.8,21718.3,81.1,7681.7,4983.3,"{'timestamp': '2026-09-06T19:09:19.454698+00:00', 'model_version': 'qwen3:8b', 'prompt_hash': 'a6af280e'}"
35,real_mixed_108,qwen3:8b_kb_rag,591.0157041549683,39.26,0,direct_json,0.200000,0.400000,0.266667,0.0,0,6.5,84.0,1.6,213.3,585.8,21723.4,81.1,7681.7,4983.3,"{'timestamp': '2026-09-06T19:08:28.614681+00:00', 'model_version': 'qwen3:8b', 'prompt_hash': 'a6af280e'}"
36,real_mixed_109,qwen3:8b_kb_rag,622.0763449668884,38.98,0,direct_json,0.666667,0.583333,0.622222,0.0,0,8.2,100.0,1.3,192.5,581.5,21689.7,81.2,7681.7,4983.3,"{'timestamp': '2026-09-06T19:10:57.485130+00:00', 'model_version': 'qwen3:8b', 'prompt_hash': 'a6af280e'}"
36,real_mixed_110,qwen3:8b_kb_rag,578.6285440921783,39.14,0,direct_json,0.352941,0.333333,0.342857,0.058823529411764705,1,7.2,76.4,1.4,197.1,581.5,21690.5,81.2,7681.7,4983.3,"{'timestamp': '2026-09-06T19:10:14.030523+00:00', 'model_version': 'qwen3:8b', 'prompt_hash': 'a6af280e'}"
36,real_mixed_111,qwen3:8b_kb_rag,552.4544651508331,40.58,0,direct_json,0.764706,0.866667,0.812500,0.0,0,8.0,66.7,1.4,200.6,581.5,21696.5,81.2,7681.7,4983.3,"{'timestamp': '2026-09-06T19:09:47.865061+00:00', 'model_version': 'qwen3:8b', 'prompt_hash': 'a6af280e'}"
37,real_mixed_112,qwen3:8b_kb_rag,509.1419150829315,40.34,0,direct_json,0.428571,0.600000,0.500000,0.0,0,9.0,93.0,1.2,185.9,581.5,21741.9,81.2,7681.7,4983.3,"{'timestamp': '2026-09-06T19:11:27.156061+00:00', 'model_version': 'qwen3:8b', 'prompt_hash': 'a6af280e'}"
37,real_mixed_113,qwen3:8b_kb_rag,556.2647249698639,39.27,0,direct_json,0.700000,0.777778,0.736842,0.0,0,9.1,100.0,1.2,181.5,581.5,21719.1,81.2,7681.7,4983.3,"{'timestamp': '2026-09-06T19:12:14.286456+00:00', 'model_version': 'qwen3:8b', 'prompt_hash': 'a6af280e'}"
37,real_mixed_114,qwen3:8b_kb_rag,583.1051392555237,39.85,0,direct_json,0.454545,0.714286,0.555556,0.0,0,9.1,100.0,1.1,179.2,581.5,21705.2,81.2,7681.7,4983.3,"{'timestamp': '2026-09-06T19:12:41.128959+00:00', 'model_version': 'qwen3:8b', 'prompt_hash': 'a6af280e'}"
38,real_mixed_115,qwen3:8b_kb_rag,574.9435439109802,40.22,0,direct_json,0.500000,1.000000,0.666667,0.0,0,9.5,100.0,0.9,168.5,581.5,21634.4,81.4,7681.7,4983.3,"{'timestamp': '2026-09-06T19:14:14.840479+00:00', 'model_version': 'qwen3:8b', 'prompt_hash': 'a6af280e'}"
38,real_mixed_116,qwen3:8b_kb_rag,540.0892932415009,40.23,0,direct_json,0.400000,1.000000,0.571429,0.0,0,8.1,100.0,0.9,170.7,581.8,21653.8,81.3,7681.7,4983.3,"{'timestamp': '2026-09-06T19:13:39.995815+00:00', 'model_version': 'qwen3:8b', 'prompt_hash': 'a6af280e'}"
38,real_mixed_117,qwen3:8b_kb_rag,521.8718211650848,39.25,0,direct_json,0.384615,0.625000,0.476190,0.0,0,7.8,100.0,0.9,172.2,581.5,21660.3,81.3,7681.7,4983.3,"{'timestamp': '2026-09-06T19:13:21.780718+00:00', 'model_version': 'qwen3:8b', 'prompt_hash': 'a6af280e'}"
39,real_mixed_118,qwen3:8b_kb_rag,639.7587258815765,39.24,0,direct_json,0.500000,1.000000,0.666667,0.0,0,10.5,93.4,0.6,150.0,534.7,21589.1,81.5,7681.7,4983.3,"{'timestamp': '2026-09-06T19:16:39.201872+00:00', 'model_version': 'qwen3:8b', 'prompt_hash': 'a6af280e'}"
39,real_mixed_119,qwen3:8b_kb_rag,591.1283130645752,39.79,0,direct_json,0.500000,0.833333,0.625000,0.0,0,9.5,100.0,0.7,152.2,534.7,21601.9,81.5,7681.7,4983.3,"{'timestamp': '2026-09-06T19:15:50.566381+00:00', 'model_version': 'qwen3:8b', 'prompt_hash': 'a6af280e'}"
39,real_mixed_120,qwen3:8b_kb_rag,549.5952689647675,39.32,0,fallback,0.000000,0.000000,0.000000,0.0,0,10.7,93.2,0.6,153.7,534.7,21625.1,81.4,7681.7,4983.3,"{'timestamp': '2026-09-06T19:15:09.034936+00:00', 'model_version': 'qwen3:8b', 'prompt_hash': 'a6af280e'}"
