batch_idx,record_id,model,latency_sec,tokens_per_sec,retries,parse_method,precision,recall,f1,hallucination_rate,hallucinated_count,cpu_avg_pct,cpu_peak_pct,proc_cpu_avg_pct,mem_avg_mb,mem_peak_mb,sys_mem_avg_mb,sys_mem_avg_pct,vram_mb,model_disk_mb,data_provenance,source_run
0,real_mixed_2,deepseek-r1:1.5b_baseline,5.094069957733154,140.38,0,codeblock,0.3,0.1764705882352941,0.2222222222222222,0.2,2,17.1,23.1,10.8,246.6,246.6,21602.8,56.6,1723.0,1065.6,"{'timestamp': '2026-09-09T03:20:52.751405+00:00', 'model_version': 'deepseek-r1:1.5b', 'prompt_hash': 'a6af280e'}",deepseek-r1_1.5b__N120
0,real_mixed_3,deepseek-r1:1.5b_baseline,4.0740721225738525,141.33,0,codeblock,0.4166666666666667,0.2941176470588235,0.3448275862068966,0.0,0,15.0,22.4,13.6,247.3,247.3,21613.6,56.6,1723.0,1065.6,"{'timestamp': '2026-09-09T03:20:56.857744+00:00', 'model_version': 'deepseek-r1:1.5b', 'prompt_hash': 'a6af280e'}",deepseek-r1_1.5b__N120
0,real_mixed_4,deepseek-r1:1.5b_baseline,5.593449115753174,140.47,0,codeblock,0.2222222222222222,0.1333333333333333,0.1666666666666666,0.5555555555555556,5,17.2,27.3,9.7,248.0,248.0,21672.3,56.7,1723.0,1065.6,"{'timestamp': '2026-09-09T03:21:02.483507+00:00', 'model_version': 'deepseek-r1:1.5b', 'prompt_hash': 'a6af280e'}",deepseek-r1_1.5b__N120
0,real_mixed_5,deepseek-r1:1.5b_baseline,5.579881906509399,140.3,0,codeblock,0.5,0.1428571428571428,0.2222222222222222,0.0,0,19.6,35.1,9.7,248.7,248.7,21856.1,57.1,1723.0,1065.6,"{'timestamp': '2026-09-09T03:21:08.096321+00:00', 'model_version': 'deepseek-r1:1.5b', 'prompt_hash': 'a6af280e'}",deepseek-r1_1.5b__N120
0,real_mixed_6,deepseek-r1:1.5b_baseline,7.108475923538208,141.17,0,codeblock,0.0,0.0,0.0,1.0,6,18.4,31.1,7.5,249.4,249.4,21878.0,57.1,1723.0,1065.6,"{'timestamp': '2026-09-09T03:21:15.234242+00:00', 'model_version': 'deepseek-r1:1.5b', 'prompt_hash': 'a6af280e'}",deepseek-r1_1.5b__N120
0,real_mixed_7,deepseek-r1:1.5b_baseline,4.058287858963013,139.7,0,codeblock,0.8,0.2,0.32,0.0,0,17.1,29.2,12.9,250.1,250.1,21857.0,57.1,1723.0,1065.6,"{'timestamp': '2026-09-09T03:21:19.321076+00:00', 'model_version': 'deepseek-r1:1.5b', 'prompt_hash': 'a6af280e'}",deepseek-r1_1.5b__N120
0,real_mixed_8,deepseek-r1:1.5b_baseline,3.5546441078186035,141.31,0,codeblock,0.75,0.2,0.3157894736842105,0.0,0,13.9,18.2,15.0,250.8,250.8,21879.5,57.2,1723.0,1065.6,"{'timestamp': '2026-09-09T03:21:22.900361+00:00', 'model_version': 'deepseek-r1:1.5b', 'prompt_hash': 'a6af280e'}",deepseek-r1_1.5b__N120
0,real_mixed_9,deepseek-r1:1.5b_baseline,5.085556268692017,141.41,0,codeblock,0.4285714285714285,0.1875,0.2608695652173912,0.0,0,21.6,47.9,10.8,251.5,251.5,21856.9,57.1,1723.0,1065.6,"{'timestamp': '2026-09-09T03:21:28.018643+00:00', 'model_version': 'deepseek-r1:1.5b', 'prompt_hash': 'a6af280e'}",deepseek-r1_1.5b__N120
0,real_mixed_10,deepseek-r1:1.5b_baseline,4.064396142959595,142.12,0,codeblock,0.6,0.2142857142857142,0.3157894736842105,0.2,1,24.9,38.4,13.5,252.2,252.2,21892.3,57.2,1723.0,1065.6,"{'timestamp': '2026-09-09T03:21:32.116128+00:00', 'model_version': 'deepseek-r1:1.5b', 'prompt_hash': 'a6af280e'}",deepseek-r1_1.5b__N120
1,real_mixed_11,deepseek-r1:1.5b_baseline,6.094167232513428,137.61,0,codeblock,0.6,0.2222222222222222,0.3243243243243243,0.0,0,19.0,31.3,8.9,253.0,253.0,21861.4,57.1,1723.0,1065.6,"{'timestamp': '2026-09-09T03:21:38.249529+00:00', 'model_version': 'deepseek-r1:1.5b', 'prompt_hash': 'a6af280e'}",deepseek-r1_1.5b__N120
1,real_mixed_12,deepseek-r1:1.5b_baseline,5.602727174758911,141.21,0,codeblock,0.8333333333333334,0.4166666666666667,0.5555555555555556,0.0,0,17.3,30.0,9.8,253.8,253.8,21884.4,57.1,1723.0,1065.6,"{'timestamp': '2026-09-09T03:21:43.876413+00:00', 'model_version': 'deepseek-r1:1.5b', 'prompt_hash': 'a6af280e'}",deepseek-r1_1.5b__N120
1,real_mixed_13,deepseek-r1:1.5b_baseline,4.570122957229614,139.65,0,codeblock,0.6666666666666666,0.1481481481481481,0.2424242424242424,0.0,0,18.3,27.1,11.7,253.8,253.8,21869.1,57.1,1723.0,1065.6,"{'timestamp': '2026-09-09T03:21:48.491107+00:00', 'model_version': 'deepseek-r1:1.5b', 'prompt_hash': 'a6af280e'}",deepseek-r1_1.5b__N120
1,real_mixed_14,deepseek-r1:1.5b_baseline,3.05446195602417,139.15,0,codeblock,1.0,0.1333333333333333,0.2352941176470588,0.0,0,17.9,23.3,17.6,253.9,253.9,21941.3,57.3,1723.0,1065.6,"{'timestamp': '2026-09-09T03:21:51.569150+00:00', 'model_version': 'deepseek-r1:1.5b', 'prompt_hash': 'a6af280e'}",deepseek-r1_1.5b__N120
1,real_mixed_15,deepseek-r1:1.5b_baseline,3.548638343811035,141.85,0,codeblock,0.6666666666666666,0.1904761904761904,0.2962962962962963,0.0,0,16.5,19.6,15.2,253.9,253.9,22054.6,57.5,1723.0,1065.6,"{'timestamp': '2026-09-09T03:21:55.155911+00:00', 'model_version': 'deepseek-r1:1.5b', 'prompt_hash': 'a6af280e'}",deepseek-r1_1.5b__N120
1,real_mixed_16,deepseek-r1:1.5b_baseline,6.113908052444458,140.07,0,codeblock,0.7142857142857143,0.4166666666666667,0.5263157894736842,0.0,0,18.8,25.9,8.9,253.9,253.9,21971.2,57.3,1723.0,1065.6,"{'timestamp': '2026-09-09T03:22:01.299937+00:00', 'model_version': 'deepseek-r1:1.5b', 'prompt_hash': 'a6af280e'}",deepseek-r1_1.5b__N120
1,real_mixed_17,deepseek-r1:1.5b_baseline,4.075157165527344,143.09,0,codeblock,0.6666666666666666,0.8,0.7272727272727272,0.0,0,19.2,23.7,13.1,253.9,253.9,22026.4,57.4,1723.0,1065.6,"{'timestamp': '2026-09-09T03:22:05.389925+00:00', 'model_version': 'deepseek-r1:1.5b', 'prompt_hash': 'a6af280e'}",deepseek-r1_1.5b__N120
1,real_mixed_18,deepseek-r1:1.5b_baseline,6.620712041854858,139.16,0,codeblock,0.5,0.3571428571428571,0.4166666666666666,0.0,0,22.3,34.5,8.3,253.9,253.9,22116.5,57.6,1723.0,1065.6,"{'timestamp': '2026-09-09T03:22:12.039109+00:00', 'model_version': 'deepseek-r1:1.5b', 'prompt_hash': 'a6af280e'}",deepseek-r1_1.5b__N120
1,real_mixed_19,deepseek-r1:1.5b_baseline,5.089739799499512,141.88,0,codeblock,0.5,0.0454545454545454,0.0833333333333333,0.0,0,18.6,25.1,10.8,253.9,253.9,22110.4,57.6,1723.0,1065.6,"{'timestamp': '2026-09-09T03:22:17.165011+00:00', 'model_version': 'deepseek-r1:1.5b', 'prompt_hash': 'a6af280e'}",deepseek-r1_1.5b__N120
1,real_mixed_20,deepseek-r1:1.5b_baseline,3.5747718811035156,141.28,0,codeblock,0.7142857142857143,0.2631578947368421,0.3846153846153846,0.0,0,17.7,23.0,15.1,253.9,253.9,22106.6,57.6,1723.0,1065.6,"{'timestamp': '2026-09-09T03:22:20.777778+00:00', 'model_version': 'deepseek-r1:1.5b', 'prompt_hash': 'a6af280e'}",deepseek-r1_1.5b__N120
2,real_mixed_22,deepseek-r1:1.5b_baseline,3.0635740756988525,143.4,0,codeblock,0.1,0.3333333333333333,0.1538461538461538,0.2,2,15.5,25.4,18.1,254.0,254.0,22163.8,57.7,1723.0,1065.6,"{'timestamp': '2026-09-09T03:22:28.472836+00:00', 'model_version': 'deepseek-r1:1.5b', 'prompt_hash': 'a6af280e'}",deepseek-r1_1.5b__N120
2,real_mixed_23,deepseek-r1:1.5b_baseline,3.5686800479888916,141.48,0,codeblock,0.1666666666666666,0.0588235294117647,0.0869565217391304,0.0,0,13.0,15.6,15.1,254.0,254.0,22174.0,57.7,1723.0,1065.6,"{'timestamp': '2026-09-09T03:22:32.063359+00:00', 'model_version': 'deepseek-r1:1.5b', 'prompt_hash': 'a6af280e'}",deepseek-r1_1.5b__N120
2,real_mixed_24,deepseek-r1:1.5b_baseline,3.5515758991241455,141.86,0,direct_json,0.0,0.0,0.0,0.0,0,21.1,30.4,15.5,254.0,254.0,22171.2,57.7,1723.0,1065.6,"{'timestamp': '2026-09-09T03:22:35.627594+00:00', 'model_version': 'deepseek-r1:1.5b', 'prompt_hash': 'a6af280e'}",deepseek-r1_1.5b__N120
2,real_mixed_25,deepseek-r1:1.5b_baseline,4.567821979522705,140.74,0,codeblock,0.0,0.0,0.0,0.0,0,20.2,38.8,11.7,254.7,254.7,22155.8,57.6,1723.0,1065.6,"{'timestamp': '2026-09-09T03:22:40.224105+00:00', 'model_version': 'deepseek-r1:1.5b', 'prompt_hash': 'a6af280e'}",deepseek-r1_1.5b__N120
2,real_mixed_26,deepseek-r1:1.5b_baseline,8.613302946090698,139.49,0,codeblock,0.0967741935483871,0.0714285714285714,0.0821917808219178,0.064516129032258,2,18.0,29.6,6.3,255.4,255.4,22118.9,57.5,1723.0,1065.6,"{'timestamp': '2026-09-09T03:22:48.887382+00:00', 'model_version': 'deepseek-r1:1.5b', 'prompt_hash': 'a6af280e'}",deepseek-r1_1.5b__N120
2,real_mixed_28,deepseek-r1:1.5b_baseline,4.590963125228882,141.79,0,codeblock,0.4166666666666667,0.2777777777777778,0.3333333333333333,0.1666666666666666,2,20.8,31.2,11.8,256.8,256.8,22361.0,58.0,1723.0,1065.6,"{'timestamp': '2026-09-09T03:22:58.603570+00:00', 'model_version': 'deepseek-r1:1.5b', 'prompt_hash': 'a6af280e'}",deepseek-r1_1.5b__N120
2,real_mixed_29,deepseek-r1:1.5b_baseline,4.561576843261719,142.03,0,codeblock,0.6666666666666666,0.24,0.3529411764705882,0.2222222222222222,2,19.6,47.1,12.1,257.5,257.5,22296.5,57.9,1723.0,1065.6,"{'timestamp': '2026-09-09T03:23:03.194906+00:00', 'model_version': 'deepseek-r1:1.5b', 'prompt_hash': 'a6af280e'}",deepseek-r1_1.5b__N120
2,real_mixed_30,deepseek-r1:1.5b_baseline,5.072250843048096,141.6,0,codeblock,0.3333333333333333,0.0769230769230769,0.125,0.0,0,24.4,35.1,10.7,257.5,257.5,22218.3,57.7,1723.0,1065.6,"{'timestamp': '2026-09-09T03:23:08.282690+00:00', 'model_version': 'deepseek-r1:1.5b', 'prompt_hash': 'a6af280e'}",deepseek-r1_1.5b__N120
3,real_mixed_31,deepseek-r1:1.5b_baseline,5.088505268096924,142.83,0,codeblock,0.2,0.2,0.2,0.0,0,17.7,25.7,10.7,257.6,257.6,22328.4,58.0,1723.0,1065.6,"{'timestamp': '2026-09-09T03:23:13.386379+00:00', 'model_version': 'deepseek-r1:1.5b', 'prompt_hash': 'a6af280e'}",deepseek-r1_1.5b__N120
3,real_mixed_32,deepseek-r1:1.5b_baseline,3.0567550659179688,142.85,0,codeblock,0.6666666666666666,0.25,0.3636363636363636,0.1666666666666666,1,21.1,38.5,17.6,257.6,257.6,22283.0,57.9,1723.0,1065.6,"{'timestamp': '2026-09-09T03:23:16.465028+00:00', 'model_version': 'deepseek-r1:1.5b', 'prompt_hash': 'a6af280e'}",deepseek-r1_1.5b__N120
3,real_mixed_33,deepseek-r1:1.5b_baseline,3.5586512088775635,141.57,0,codeblock,0.5714285714285714,0.2666666666666666,0.3636363636363636,0.0,0,15.8,26.3,15.1,257.6,257.6,22294.7,57.9,1723.0,1065.6,"{'timestamp': '2026-09-09T03:23:20.043043+00:00', 'model_version': 'deepseek-r1:1.5b', 'prompt_hash': 'a6af280e'}",deepseek-r1_1.5b__N120
3,real_mixed_34,deepseek-r1:1.5b_baseline,5.578479051589966,140.01,0,codeblock,0.0833333333333333,0.1428571428571428,0.1052631578947368,0.5833333333333334,14,19.6,29.6,9.6,257.6,257.6,22290.6,57.9,1723.0,1065.6,"{'timestamp': '2026-09-09T03:23:25.647114+00:00', 'model_version': 'deepseek-r1:1.5b', 'prompt_hash': 'a6af280e'}",deepseek-r1_1.5b__N120
3,real_mixed_35,deepseek-r1:1.5b_baseline,4.066942930221558,140.05,0,codeblock,0.25,0.1666666666666666,0.2,0.0,0,17.0,24.9,13.2,257.6,257.6,22371.5,58.0,1723.0,1065.6,"{'timestamp': '2026-09-09T03:23:29.733985+00:00', 'model_version': 'deepseek-r1:1.5b', 'prompt_hash': 'a6af280e'}",deepseek-r1_1.5b__N120
3,real_mixed_36,deepseek-r1:1.5b_baseline,4.544688701629639,141.89,0,codeblock,1.0,0.2727272727272727,0.4285714285714285,0.0,0,14.5,23.6,11.9,257.6,257.6,22335.4,57.9,1723.0,1065.6,"{'timestamp': '2026-09-09T03:23:34.314615+00:00', 'model_version': 'deepseek-r1:1.5b', 'prompt_hash': 'a6af280e'}",deepseek-r1_1.5b__N120
3,real_mixed_37,deepseek-r1:1.5b_baseline,4.0735297203063965,140.8,0,codeblock,1.0,0.3333333333333333,0.5,0.0,0,15.7,28.6,13.3,257.6,257.6,22387.0,58.0,1723.0,1065.6,"{'timestamp': '2026-09-09T03:23:38.410645+00:00', 'model_version': 'deepseek-r1:1.5b', 'prompt_hash': 'a6af280e'}",deepseek-r1_1.5b__N120
3,real_mixed_38,deepseek-r1:1.5b_baseline,5.084586143493652,139.72,0,codeblock,0.6666666666666666,0.2222222222222222,0.3333333333333333,0.1666666666666666,1,19.1,29.6,10.8,257.6,257.6,22515.4,58.3,1723.0,1065.6,"{'timestamp': '2026-09-09T03:23:43.522519+00:00', 'model_version': 'deepseek-r1:1.5b', 'prompt_hash': 'a6af280e'}",deepseek-r1_1.5b__N120
3,real_mixed_39,deepseek-r1:1.5b_baseline,7.103305101394653,139.44,0,codeblock,0.5,0.25,0.3333333333333333,0.0,0,16.2,29.1,7.6,257.6,257.6,22430.9,58.1,1723.0,1065.6,"{'timestamp': '2026-09-09T03:23:50.647028+00:00', 'model_version': 'deepseek-r1:1.5b', 'prompt_hash': 'a6af280e'}",deepseek-r1_1.5b__N120
3,real_mixed_40,deepseek-r1:1.5b_baseline,8.11175799369812,140.1,0,codeblock,0.4,0.4,0.4000000000000001,0.0,0,15.6,30.6,6.7,257.6,257.6,22360.5,58.0,1723.0,1065.6,"{'timestamp': '2026-09-09T03:23:58.793816+00:00', 'model_version': 'deepseek-r1:1.5b', 'prompt_hash': 'a6af280e'}",deepseek-r1_1.5b__N120
4,real_mixed_42,deepseek-r1:1.5b_baseline,3.045497179031372,140.6,0,codeblock,0.4,0.0689655172413793,0.1176470588235294,0.0,0,22.0,26.3,17.8,257.8,257.8,22426.2,58.1,1723.0,1065.6,"{'timestamp': '2026-09-09T03:24:09.052942+00:00', 'model_version': 'deepseek-r1:1.5b', 'prompt_hash': 'a6af280e'}",deepseek-r1_1.5b__N120
4,real_mixed_43,deepseek-r1:1.5b_baseline,5.594754934310913,127.61,0,codeblock,0.5454545454545454,0.2727272727272727,0.3636363636363636,0.0,0,17.1,28.3,9.6,257.8,257.8,22433.2,58.1,1723.0,1065.6,"{'timestamp': '2026-09-09T03:24:14.683359+00:00', 'model_version': 'deepseek-r1:1.5b', 'prompt_hash': 'a6af280e'}",deepseek-r1_1.5b__N120
4,real_mixed_44,deepseek-r1:1.5b_baseline,3.057126998901367,140.61,0,codeblock,0.5,0.2,0.2857142857142857,0.0,0,19.0,26.7,17.8,257.8,257.8,22473.5,58.2,1723.0,1065.6,"{'timestamp': '2026-09-09T03:24:17.778306+00:00', 'model_version': 'deepseek-r1:1.5b', 'prompt_hash': 'a6af280e'}",deepseek-r1_1.5b__N120
4,real_mixed_45,deepseek-r1:1.5b_baseline,9.645544052124023,139.22,0,codeblock,0.4444444444444444,0.25,0.32,0.1111111111111111,1,20.7,30.0,5.6,257.8,257.8,22517.7,58.2,1723.0,1065.6,"{'timestamp': '2026-09-09T03:24:27.449845+00:00', 'model_version': 'deepseek-r1:1.5b', 'prompt_hash': 'a6af280e'}",deepseek-r1_1.5b__N120
4,real_mixed_46,deepseek-r1:1.5b_baseline,6.6033008098602295,140.52,0,codeblock,0.0909090909090909,0.0666666666666666,0.0769230769230769,0.0909090909090909,1,18.4,28.3,8.4,257.8,257.8,22563.5,58.3,1723.0,1065.6,"{'timestamp': '2026-09-09T03:24:34.077214+00:00', 'model_version': 'deepseek-r1:1.5b', 'prompt_hash': 'a6af280e'}",deepseek-r1_1.5b__N120
4,real_mixed_47,deepseek-r1:1.5b_baseline,7.117552757263184,140.18,0,codeblock,0.6470588235294118,0.3928571428571428,0.4888888888888888,0.0,0,20.3,32.7,7.7,257.8,257.8,22775.6,58.7,1723.0,1065.6,"{'timestamp': '2026-09-09T03:24:41.245683+00:00', 'model_version': 'deepseek-r1:1.5b', 'prompt_hash': 'a6af280e'}",deepseek-r1_1.5b__N120
4,real_mixed_48,deepseek-r1:1.5b_baseline,7.128215074539185,140.11,0,codeblock,0.75,0.3,0.4285714285714285,0.0,0,18.7,26.5,7.6,257.8,257.8,22611.3,58.4,1723.0,1065.6,"{'timestamp': '2026-09-09T03:24:48.396419+00:00', 'model_version': 'deepseek-r1:1.5b', 'prompt_hash': 'a6af280e'}",deepseek-r1_1.5b__N120
4,real_mixed_49,deepseek-r1:1.5b_baseline,6.600020885467529,138.71,0,codeblock,0.25,0.1111111111111111,0.1538461538461538,0.5,4,18.4,34.3,8.1,257.8,257.8,22672.5,58.5,1723.0,1065.6,"{'timestamp': '2026-09-09T03:24:55.037367+00:00', 'model_version': 'deepseek-r1:1.5b', 'prompt_hash': 'a6af280e'}",deepseek-r1_1.5b__N120
4,real_mixed_50,deepseek-r1:1.5b_baseline,4.560689210891724,141.99,0,codeblock,0.8888888888888888,0.4210526315789473,0.5714285714285714,0.0,0,17.5,22.7,11.9,257.8,257.8,22604.2,58.3,1723.0,1065.6,"{'timestamp': '2026-09-09T03:24:59.635451+00:00', 'model_version': 'deepseek-r1:1.5b', 'prompt_hash': 'a6af280e'}",deepseek-r1_1.5b__N120
5,real_mixed_51,deepseek-r1:1.5b_baseline,8.122544765472412,139.99,0,codeblock,0.3333333333333333,0.2,0.25,0.2222222222222222,2,16.1,27.5,6.7,258.0,258.0,22722.1,58.6,1723.0,1065.6,"{'timestamp': '2026-09-09T03:25:07.803968+00:00', 'model_version': 'deepseek-r1:1.5b', 'prompt_hash': 'a6af280e'}",deepseek-r1_1.5b__N120
5,real_mixed_52,deepseek-r1:1.5b_baseline,4.064471960067749,141.19,0,codeblock,0.5,0.1428571428571428,0.2222222222222222,0.0,0,14.5,21.8,13.3,258.0,258.0,22752.8,58.6,1723.0,1065.6,"{'timestamp': '2026-09-09T03:25:11.908772+00:00', 'model_version': 'deepseek-r1:1.5b', 'prompt_hash': 'a6af280e'}",deepseek-r1_1.5b__N120
5,real_mixed_53,deepseek-r1:1.5b_baseline,5.578297853469849,140.8,0,codeblock,0.6,0.1875,0.2857142857142857,0.0,0,13.7,24.0,9.6,258.0,258.0,22638.6,58.4,1723.0,1065.6,"{'timestamp': '2026-09-09T03:25:17.511420+00:00', 'model_version': 'deepseek-r1:1.5b', 'prompt_hash': 'a6af280e'}",deepseek-r1_1.5b__N120
5,real_mixed_54,deepseek-r1:1.5b_baseline,6.589545249938965,142.18,0,codeblock,0.4615384615384615,0.75,0.5714285714285714,0.0,0,16.8,30.6,8.1,258.0,258.0,22733.0,58.6,1723.0,1065.6,"{'timestamp': '2026-09-09T03:25:24.121609+00:00', 'model_version': 'deepseek-r1:1.5b', 'prompt_hash': 'a6af280e'}",deepseek-r1_1.5b__N120
5,real_mixed_55,deepseek-r1:1.5b_baseline,5.580790042877197,139.48,0,codeblock,0.6363636363636364,0.35,0.4516129032258064,0.0,0,18.8,34.1,9.9,258.0,258.0,22741.9,58.6,1723.0,1065.6,"{'timestamp': '2026-09-09T03:25:29.732112+00:00', 'model_version': 'deepseek-r1:1.5b', 'prompt_hash': 'a6af280e'}",deepseek-r1_1.5b__N120
5,real_mixed_56,deepseek-r1:1.5b_baseline,8.102536916732788,138.51,0,codeblock,0.3636363636363636,0.4615384615384615,0.4067796610169492,0.1212121212121212,4,15.9,31.6,6.7,258.0,258.0,22789.3,58.7,1723.0,1065.6,"{'timestamp': '2026-09-09T03:25:37.864795+00:00', 'model_version': 'deepseek-r1:1.5b', 'prompt_hash': 'a6af280e'}",deepseek-r1_1.5b__N120
5,real_mixed_57,deepseek-r1:1.5b_baseline,5.5701751708984375,142.03,0,codeblock,0.1071428571428571,0.2857142857142857,0.1558441558441558,0.3214285714285714,18,17.0,30.7,9.6,258.0,258.0,22896.8,58.9,1723.0,1065.6,"{'timestamp': '2026-09-09T03:25:43.466048+00:00', 'model_version': 'deepseek-r1:1.5b', 'prompt_hash': 'a6af280e'}",deepseek-r1_1.5b__N120
5,real_mixed_58,deepseek-r1:1.5b_baseline,6.6158599853515625,140.41,0,codeblock,0.2857142857142857,0.1111111111111111,0.16,0.0,0,19.5,33.6,8.1,258.0,258.0,22795.6,58.6,1723.0,1065.6,"{'timestamp': '2026-09-09T03:25:50.108801+00:00', 'model_version': 'deepseek-r1:1.5b', 'prompt_hash': 'a6af280e'}",deepseek-r1_1.5b__N120
5,real_mixed_60,deepseek-r1:1.5b_baseline,5.077943801879883,140.61,0,codeblock,0.8,0.2857142857142857,0.4210526315789473,0.0,0,21.3,31.0,10.5,258.0,258.0,22787.7,58.6,1723.0,1065.6,"{'timestamp': '2026-09-09T03:25:59.794493+00:00', 'model_version': 'deepseek-r1:1.5b', 'prompt_hash': 'a6af280e'}",deepseek-r1_1.5b__N120
6,real_mixed_61,deepseek-r1:1.5b_baseline,7.101882696151733,127.61,0,codeblock,0.1666666666666666,0.0833333333333333,0.1111111111111111,0.0,0,18.1,30.1,7.7,258.2,258.2,22826.2,58.7,1723.0,1065.6,"{'timestamp': '2026-09-09T03:26:06.971304+00:00', 'model_version': 'deepseek-r1:1.5b', 'prompt_hash': 'a6af280e'}",deepseek-r1_1.5b__N120
6,real_mixed_62,deepseek-r1:1.5b_baseline,3.5528149604797363,140.58,0,codeblock,0.0,0.0,0.0,0.0,0,16.4,22.0,15.1,258.2,258.2,22847.1,58.7,1723.0,1065.6,"{'timestamp': '2026-09-09T03:26:10.552371+00:00', 'model_version': 'deepseek-r1:1.5b', 'prompt_hash': 'a6af280e'}",deepseek-r1_1.5b__N120
6,real_mixed_63,deepseek-r1:1.5b_baseline,3.060998916625977,143.29,0,codeblock,0.5,0.2,0.2857142857142857,0.0,0,12.6,27.8,17.5,258.2,258.2,22815.4,58.7,1723.0,1065.6,"{'timestamp': '2026-09-09T03:26:13.642826+00:00', 'model_version': 'deepseek-r1:1.5b', 'prompt_hash': 'a6af280e'}",deepseek-r1_1.5b__N120
6,real_mixed_64,deepseek-r1:1.5b_baseline,3.0403199195861816,142.94,0,codeblock,0.25,0.25,0.25,0.25,1,16.0,30.4,17.7,258.2,258.2,22766.3,58.6,1723.0,1065.6,"{'timestamp': '2026-09-09T03:26:16.695570+00:00', 'model_version': 'deepseek-r1:1.5b', 'prompt_hash': 'a6af280e'}",deepseek-r1_1.5b__N120
6,real_mixed_65,deepseek-r1:1.5b_baseline,5.044965028762817,139.84,0,codeblock,0.4,0.1818181818181818,0.25,0.4,2,15.1,22.6,10.9,258.2,258.2,22840.1,58.7,1723.0,1065.6,"{'timestamp': '2026-09-09T03:26:21.760499+00:00', 'model_version': 'deepseek-r1:1.5b', 'prompt_hash': 'a6af280e'}",deepseek-r1_1.5b__N120
6,real_mixed_66,deepseek-r1:1.5b_baseline,4.571218729019165,141.3,0,codeblock,0.3333333333333333,0.1153846153846153,0.1714285714285714,0.0,0,11.6,17.8,11.8,258.2,258.2,22911.8,58.9,1723.0,1065.6,"{'timestamp': '2026-09-09T03:26:26.377622+00:00', 'model_version': 'deepseek-r1:1.5b', 'prompt_hash': 'a6af280e'}",deepseek-r1_1.5b__N120
6,real_mixed_67,deepseek-r1:1.5b_baseline,8.121744871139526,139.01,0,codeblock,0.2222222222222222,0.1818181818181818,0.1999999999999999,0.5,9,15.3,24.7,6.5,258.2,258.2,22860.8,58.8,1723.0,1065.6,"{'timestamp': '2026-09-09T03:26:34.545967+00:00', 'model_version': 'deepseek-r1:1.5b', 'prompt_hash': 'a6af280e'}",deepseek-r1_1.5b__N120
6,real_mixed_68,deepseek-r1:1.5b_baseline,3.0672671794891357,143.08,0,codeblock,1.0,0.2105263157894736,0.3478260869565217,0.0,0,20.9,24.6,18.0,258.2,258.2,22902.5,58.9,1723.0,1065.6,"{'timestamp': '2026-09-09T03:26:37.639788+00:00', 'model_version': 'deepseek-r1:1.5b', 'prompt_hash': 'a6af280e'}",deepseek-r1_1.5b__N120
6,real_mixed_69,deepseek-r1:1.5b_baseline,3.562648057937622,140.68,0,codeblock,1.0,0.1785714285714285,0.303030303030303,0.0,0,18.2,22.3,15.2,258.2,258.2,22920.0,58.9,1723.0,1065.6,"{'timestamp': '2026-09-09T03:26:41.250909+00:00', 'model_version': 'deepseek-r1:1.5b', 'prompt_hash': 'a6af280e'}",deepseek-r1_1.5b__N120
6,real_mixed_70,deepseek-r1:1.5b_baseline,3.0558810234069824,142.71,0,codeblock,0.5833333333333334,0.28,0.3783783783783784,0.0833333333333333,1,15.2,24.8,17.8,258.2,258.2,22873.6,58.8,1723.0,1065.6,"{'timestamp': '2026-09-09T03:26:44.349418+00:00', 'model_version': 'deepseek-r1:1.5b', 'prompt_hash': 'a6af280e'}",deepseek-r1_1.5b__N120
7,real_mixed_71,deepseek-r1:1.5b_baseline,4.575941801071167,139.94,0,codeblock,0.6666666666666666,0.2857142857142857,0.4,0.0,0,15.4,35.1,11.9,258.4,258.4,22881.6,58.8,1723.0,1065.6,"{'timestamp': '2026-09-09T03:26:48.975547+00:00', 'model_version': 'deepseek-r1:1.5b', 'prompt_hash': 'a6af280e'}",deepseek-r1_1.5b__N120
7,real_mixed_72,deepseek-r1:1.5b_baseline,5.5884459018707275,140.07,0,codeblock,0.6,0.3529411764705882,0.4444444444444445,0.2,2,18.7,28.9,9.8,258.4,258.4,22940.6,58.9,1723.0,1065.6,"{'timestamp': '2026-09-09T03:26:54.596357+00:00', 'model_version': 'deepseek-r1:1.5b', 'prompt_hash': 'a6af280e'}",deepseek-r1_1.5b__N120
7,real_mixed_73,deepseek-r1:1.5b_baseline,4.58125901222229,139.99,0,codeblock,0.4444444444444444,0.25,0.32,0.3333333333333333,3,21.2,32.2,11.5,258.4,258.4,22871.8,58.8,1723.0,1065.6,"{'timestamp': '2026-09-09T03:26:59.211845+00:00', 'model_version': 'deepseek-r1:1.5b', 'prompt_hash': 'a6af280e'}",deepseek-r1_1.5b__N120
7,real_mixed_74,deepseek-r1:1.5b_baseline,4.58774209022522,140.27,0,codeblock,0.625,0.4166666666666667,0.5,0.25,2,23.9,38.4,11.9,258.4,258.4,22983.5,59.0,1723.0,1065.6,"{'timestamp': '2026-09-09T03:27:03.826468+00:00', 'model_version': 'deepseek-r1:1.5b', 'prompt_hash': 'a6af280e'}",deepseek-r1_1.5b__N120
7,real_mixed_75,deepseek-r1:1.5b_baseline,3.569356918334961,142.47,0,codeblock,0.0,0.0,0.0,0.25,1,23.0,33.6,15.1,258.4,258.4,23056.6,59.2,1723.0,1065.6,"{'timestamp': '2026-09-09T03:27:07.406156+00:00', 'model_version': 'deepseek-r1:1.5b', 'prompt_hash': 'a6af280e'}",deepseek-r1_1.5b__N120
7,real_mixed_76,deepseek-r1:1.5b_baseline,5.06030011177063,143.05,0,codeblock,0.0,0.0,0.0,0.0,0,22.5,37.2,11.0,258.4,258.4,23102.6,59.2,1723.0,1065.6,"{'timestamp': '2026-09-09T03:27:12.471003+00:00', 'model_version': 'deepseek-r1:1.5b', 'prompt_hash': 'a6af280e'}",deepseek-r1_1.5b__N120
7,real_mixed_77,deepseek-r1:1.5b_baseline,32.4075710773468,128.21,0,fallback,0.0,0.0,0.0,0.0,0,16.1,36.2,1.7,258.4,258.4,23076.8,59.2,1723.0,1065.6,"{'timestamp': '2026-09-09T03:27:44.921990+00:00', 'model_version': 'deepseek-r1:1.5b', 'prompt_hash': 'a6af280e'}",deepseek-r1_1.5b__N120
7,real_mixed_78,deepseek-r1:1.5b_baseline,7.606593132019043,133.43,0,codeblock,0.5714285714285714,0.5714285714285714,0.5714285714285714,0.1428571428571428,1,18.5,31.3,7.0,258.5,258.5,23063.2,59.2,1723.0,1065.6,"{'timestamp': '2026-09-09T03:27:52.550347+00:00', 'model_version': 'deepseek-r1:1.5b', 'prompt_hash': 'a6af280e'}",deepseek-r1_1.5b__N120
7,real_mixed_80,deepseek-r1:1.5b_baseline,6.591073989868164,137.95,0,codeblock,0.4166666666666667,0.1785714285714285,0.25,0.0,0,19.1,31.1,8.9,258.5,258.5,23142.7,59.3,1723.0,1065.6,"{'timestamp': '2026-09-09T03:28:05.299373+00:00', 'model_version': 'deepseek-r1:1.5b', 'prompt_hash': 'a6af280e'}",deepseek-r1_1.5b__N120
8,real_mixed_81,deepseek-r1:1.5b_baseline,8.116997957229614,140.87,0,codeblock,0.3076923076923077,0.2857142857142857,0.2962962962962963,0.0,0,20.7,31.0,6.8,258.6,258.6,23179.8,59.4,1723.0,1065.6,"{'timestamp': '2026-09-09T03:28:13.470416+00:00', 'model_version': 'deepseek-r1:1.5b', 'prompt_hash': 'a6af280e'}",deepseek-r1_1.5b__N120
8,real_mixed_82,deepseek-r1:1.5b_baseline,4.570021152496338,140.92,0,codeblock,0.4285714285714285,0.1764705882352941,0.25,0.5714285714285714,4,17.1,18.9,11.8,258.6,258.6,23158.8,59.3,1723.0,1065.6,"{'timestamp': '2026-09-09T03:28:18.079124+00:00', 'model_version': 'deepseek-r1:1.5b', 'prompt_hash': 'a6af280e'}",deepseek-r1_1.5b__N120
8,real_mixed_83,deepseek-r1:1.5b_baseline,7.628954172134399,140.25,0,codeblock,0.8,0.6153846153846154,0.6956521739130435,0.0,0,17.3,31.6,7.2,258.6,258.6,23173.5,59.3,1723.0,1065.6,"{'timestamp': '2026-09-09T03:28:25.724497+00:00', 'model_version': 'deepseek-r1:1.5b', 'prompt_hash': 'a6af280e'}",deepseek-r1_1.5b__N120
8,real_mixed_84,deepseek-r1:1.5b_baseline,5.091281890869141,141.39,0,codeblock,1.0,0.3636363636363636,0.5333333333333333,0.0,0,18.2,23.9,10.6,258.6,258.6,23209.8,59.3,1723.0,1065.6,"{'timestamp': '2026-09-09T03:28:30.830674+00:00', 'model_version': 'deepseek-r1:1.5b', 'prompt_hash': 'a6af280e'}",deepseek-r1_1.5b__N120
8,real_mixed_85,deepseek-r1:1.5b_baseline,6.598278045654297,141.13,0,codeblock,0.3333333333333333,0.1111111111111111,0.1666666666666666,0.3333333333333333,1,17.5,24.2,8.1,258.6,258.6,23266.5,59.5,1723.0,1065.6,"{'timestamp': '2026-09-09T03:28:37.447321+00:00', 'model_version': 'deepseek-r1:1.5b', 'prompt_hash': 'a6af280e'}",deepseek-r1_1.5b__N120
8,real_mixed_86,deepseek-r1:1.5b_baseline,3.561387062072754,141.23,0,codeblock,0.4285714285714285,0.2142857142857142,0.2857142857142857,0.1428571428571428,1,18.7,24.8,15.4,258.6,258.6,23302.8,59.5,1723.0,1065.6,"{'timestamp': '2026-09-09T03:28:41.031930+00:00', 'model_version': 'deepseek-r1:1.5b', 'prompt_hash': 'a6af280e'}",deepseek-r1_1.5b__N120
8,real_mixed_87,deepseek-r1:1.5b_baseline,3.5529398918151855,142.93,0,codeblock,0.2857142857142857,0.1818181818181818,0.2222222222222222,0.1428571428571428,1,18.8,24.3,15.2,258.6,258.6,23199.8,59.3,1723.0,1065.6,"{'timestamp': '2026-09-09T03:28:44.610698+00:00', 'model_version': 'deepseek-r1:1.5b', 'prompt_hash': 'a6af280e'}",deepseek-r1_1.5b__N120
8,real_mixed_88,deepseek-r1:1.5b_baseline,5.080064058303833,143.25,0,codeblock,0.25,0.25,0.25,0.125,1,19.2,24.5,10.6,258.6,258.6,23177.1,59.3,1723.0,1065.6,"{'timestamp': '2026-09-09T03:28:49.709827+00:00', 'model_version': 'deepseek-r1:1.5b', 'prompt_hash': 'a6af280e'}",deepseek-r1_1.5b__N120
8,real_mixed_89,deepseek-r1:1.5b_baseline,4.061830997467041,141.57,0,codeblock,0.6,0.2142857142857142,0.3157894736842105,0.0,0,17.1,22.1,13.8,258.6,258.6,23225.1,59.4,1723.0,1065.6,"{'timestamp': '2026-09-09T03:28:53.802158+00:00', 'model_version': 'deepseek-r1:1.5b', 'prompt_hash': 'a6af280e'}",deepseek-r1_1.5b__N120
8,real_mixed_90,deepseek-r1:1.5b_baseline,4.060670852661133,140.91,0,codeblock,0.4444444444444444,0.1818181818181818,0.2580645161290322,0.1111111111111111,1,15.4,24.2,13.4,258.6,258.6,23271.0,59.5,1723.0,1065.6,"{'timestamp': '2026-09-09T03:28:57.901932+00:00', 'model_version': 'deepseek-r1:1.5b', 'prompt_hash': 'a6af280e'}",deepseek-r1_1.5b__N120
9,real_mixed_91,deepseek-r1:1.5b_baseline,9.111442804336548,138.8,0,codeblock,0.4444444444444444,0.4705882352941176,0.4571428571428571,0.0555555555555555,1,19.0,41.7,5.8,258.8,258.8,23468.8,59.8,1723.0,1065.6,"{'timestamp': '2026-09-09T03:29:07.064950+00:00', 'model_version': 'deepseek-r1:1.5b', 'prompt_hash': 'a6af280e'}",deepseek-r1_1.5b__N120
9,real_mixed_92,deepseek-r1:1.5b_baseline,4.572512626647949,140.61,0,codeblock,0.375,0.1428571428571428,0.2068965517241379,0.125,1,18.0,29.3,11.4,258.8,258.8,23548.7,60.0,1723.0,1065.6,"{'timestamp': '2026-09-09T03:29:11.667514+00:00', 'model_version': 'deepseek-r1:1.5b', 'prompt_hash': 'a6af280e'}",deepseek-r1_1.5b__N120
9,real_mixed_93,deepseek-r1:1.5b_baseline,6.5893378257751465,139.98,0,codeblock,0.5,0.1333333333333333,0.2105263157894737,0.0,0,18.5,33.6,8.2,258.8,258.8,23562.6,60.0,1723.0,1065.6,"{'timestamp': '2026-09-09T03:29:18.286121+00:00', 'model_version': 'deepseek-r1:1.5b', 'prompt_hash': 'a6af280e'}",deepseek-r1_1.5b__N120
9,real_mixed_94,deepseek-r1:1.5b_baseline,7.593914031982422,139.25,0,codeblock,0.2857142857142857,0.0909090909090909,0.1379310344827586,0.5714285714285714,4,19.9,30.0,7.0,258.8,258.8,23645.5,60.2,1723.0,1065.6,"{'timestamp': '2026-09-09T03:29:25.909450+00:00', 'model_version': 'deepseek-r1:1.5b', 'prompt_hash': 'a6af280e'}",deepseek-r1_1.5b__N120
9,real_mixed_95,deepseek-r1:1.5b_baseline,5.586575269699097,141.3,0,codeblock,0.125,0.25,0.1666666666666666,0.0,0,15.4,26.6,9.5,258.8,258.8,23620.1,60.1,1723.0,1065.6,"{'timestamp': '2026-09-09T03:29:31.514287+00:00', 'model_version': 'deepseek-r1:1.5b', 'prompt_hash': 'a6af280e'}",deepseek-r1_1.5b__N120
9,real_mixed_96,deepseek-r1:1.5b_baseline,2.537137031555176,143.69,0,codeblock,0.6666666666666666,0.1428571428571428,0.2352941176470588,0.0,0,21.5,26.0,21.9,258.8,258.8,23621.6,60.1,1723.0,1065.6,"{'timestamp': '2026-09-09T03:29:34.074475+00:00', 'model_version': 'deepseek-r1:1.5b', 'prompt_hash': 'a6af280e'}",deepseek-r1_1.5b__N120
9,real_mixed_97,deepseek-r1:1.5b_baseline,4.569958925247192,141.51,0,codeblock,0.8,0.3076923076923077,0.4444444444444444,0.0,0,18.4,34.1,11.8,258.8,258.8,23771.9,60.5,1723.0,1065.6,"{'timestamp': '2026-09-09T03:29:38.676842+00:00', 'model_version': 'deepseek-r1:1.5b', 'prompt_hash': 'a6af280e'}",deepseek-r1_1.5b__N120
9,real_mixed_98,deepseek-r1:1.5b_baseline,5.599776983261108,139.14,0,codeblock,0.5454545454545454,0.1764705882352941,0.2666666666666666,0.1818181818181818,2,18.7,30.1,9.9,258.8,258.8,23700.9,60.3,1723.0,1065.6,"{'timestamp': '2026-09-09T03:29:44.331193+00:00', 'model_version': 'deepseek-r1:1.5b', 'prompt_hash': 'a6af280e'}",deepseek-r1_1.5b__N120
9,real_mixed_99,deepseek-r1:1.5b_baseline,3.0739119052886963,143.1,0,codeblock,0.5,0.3333333333333333,0.4,0.0,0,17.8,24.0,17.6,258.8,258.8,23682.7,60.2,1723.0,1065.6,"{'timestamp': '2026-09-09T03:29:47.423733+00:00', 'model_version': 'deepseek-r1:1.5b', 'prompt_hash': 'a6af280e'}",deepseek-r1_1.5b__N120
9,real_mixed_100,deepseek-r1:1.5b_baseline,6.611451148986816,140.58,0,codeblock,0.25,0.3333333333333333,0.2857142857142857,0.0714285714285714,2,18.0,26.8,8.2,258.8,258.8,23678.9,60.2,1723.0,1065.6,"{'timestamp': '2026-09-09T03:29:54.066796+00:00', 'model_version': 'deepseek-r1:1.5b', 'prompt_hash': 'a6af280e'}",deepseek-r1_1.5b__N120
10,real_mixed_102,deepseek-r1:1.5b_baseline,4.083070278167725,143.61,0,codeblock,0.1666666666666666,1.0,0.2857142857142857,0.0,0,16.3,23.0,13.3,259.0,259.0,23736.4,60.4,1723.0,1065.6,"{'timestamp': '2026-09-09T03:30:03.790665+00:00', 'model_version': 'deepseek-r1:1.5b', 'prompt_hash': 'a6af280e'}",deepseek-r1_1.5b__N120
10,real_mixed_103,deepseek-r1:1.5b_baseline,4.089527130126953,143.39,0,codeblock,0.0,0.0,0.0,0.0,0,18.5,27.9,13.4,259.0,259.0,23713.9,60.3,1723.0,1065.6,"{'timestamp': '2026-09-09T03:30:07.894373+00:00', 'model_version': 'deepseek-r1:1.5b', 'prompt_hash': 'a6af280e'}",deepseek-r1_1.5b__N120
10,real_mixed_104,deepseek-r1:1.5b_baseline,4.583569288253784,141.94,0,codeblock,0.6428571428571429,0.4285714285714285,0.5142857142857143,0.0714285714285714,1,16.5,25.1,11.5,259.0,259.0,23694.0,60.3,1723.0,1065.6,"{'timestamp': '2026-09-09T03:30:12.522066+00:00', 'model_version': 'deepseek-r1:1.5b', 'prompt_hash': 'a6af280e'}",deepseek-r1_1.5b__N120
10,real_mixed_105,deepseek-r1:1.5b_baseline,23.82915306091309,131.38,0,codeblock,0.4705882352941176,0.5333333333333333,0.5,0.1176470588235294,2,17.5,40.5,2.7,259.0,259.0,23658.0,60.2,1723.0,1065.6,"{'timestamp': '2026-09-09T03:30:36.386003+00:00', 'model_version': 'deepseek-r1:1.5b', 'prompt_hash': 'a6af280e'}",deepseek-r1_1.5b__N120
10,real_mixed_106,deepseek-r1:1.5b_baseline,5.077787160873413,141.63,0,codeblock,0.2222222222222222,0.6666666666666666,0.3333333333333333,0.2222222222222222,2,13.7,17.8,10.8,259.0,259.0,23698.3,60.2,1723.0,1065.6,"{'timestamp': '2026-09-09T03:30:41.477368+00:00', 'model_version': 'deepseek-r1:1.5b', 'prompt_hash': 'a6af280e'}",deepseek-r1_1.5b__N120
10,real_mixed_107,deepseek-r1:1.5b_baseline,6.108568906784058,138.32,0,codeblock,0.2727272727272727,0.2142857142857142,0.2399999999999999,0.0,0,16.3,25.8,9.0,259.0,259.0,23727.8,60.3,1723.0,1065.6,"{'timestamp': '2026-09-09T03:30:47.612268+00:00', 'model_version': 'deepseek-r1:1.5b', 'prompt_hash': 'a6af280e'}",deepseek-r1_1.5b__N120
10,real_mixed_108,deepseek-r1:1.5b_baseline,3.059138059616089,141.48,0,codeblock,0.5,0.125,0.2,0.0,0,14.8,23.0,17.7,259.0,259.0,23760.4,60.4,1723.0,1065.6,"{'timestamp': '2026-09-09T03:30:50.694759+00:00', 'model_version': 'deepseek-r1:1.5b', 'prompt_hash': 'a6af280e'}",deepseek-r1_1.5b__N120
10,real_mixed_109,deepseek-r1:1.5b_baseline,5.096389055252075,139.76,0,codeblock,0.25,0.0689655172413793,0.1081081081081081,0.375,3,18.3,27.0,10.8,259.0,259.0,23675.8,60.2,1723.0,1065.6,"{'timestamp': '2026-09-09T03:30:55.840328+00:00', 'model_version': 'deepseek-r1:1.5b', 'prompt_hash': 'a6af280e'}",deepseek-r1_1.5b__N120
10,real_mixed_110,deepseek-r1:1.5b_baseline,4.069603204727173,139.67,0,codeblock,0.8888888888888888,0.3333333333333333,0.4848484848484848,0.0,0,17.5,25.2,13.2,259.0,259.0,23637.8,60.1,1723.0,1065.6,"{'timestamp': '2026-09-09T03:30:59.941735+00:00', 'model_version': 'deepseek-r1:1.5b', 'prompt_hash': 'a6af280e'}",deepseek-r1_1.5b__N120
11,real_mixed_111,deepseek-r1:1.5b_baseline,11.65485405921936,141.77,0,codeblock,0.0555555555555555,0.0294117647058823,0.0384615384615384,0.0,0,17.6,30.8,5.2,259.3,259.3,23785.5,60.4,1723.0,1065.6,"{'timestamp': '2026-09-09T03:31:11.654534+00:00', 'model_version': 'deepseek-r1:1.5b', 'prompt_hash': 'a6af280e'}",deepseek-r1_1.5b__N120
11,real_mixed_112,deepseek-r1:1.5b_baseline,5.080659866333008,142.34,0,codeblock,0.1818181818181818,0.25,0.2105263157894737,0.0909090909090909,1,14.8,24.8,11.6,259.3,259.3,23781.4,60.4,1723.0,1065.6,"{'timestamp': '2026-09-09T03:31:05.057941+00:00', 'model_version': 'deepseek-r1:1.5b', 'prompt_hash': 'a6af280e'}",deepseek-r1_1.5b__N120
11,real_mixed_113,deepseek-r1:1.5b_baseline,9.635994911193848,141.75,0,codeblock,0.2857142857142857,0.2,0.2352941176470588,0.1428571428571428,1,18.9,26.8,6.1,259.3,259.3,23777.6,60.4,1723.0,1065.6,"{'timestamp': '2026-09-09T03:31:14.713273+00:00', 'model_version': 'deepseek-r1:1.5b', 'prompt_hash': 'a6af280e'}",deepseek-r1_1.5b__N120
11,real_mixed_114,deepseek-r1:1.5b_baseline,11.658436059951782,139.73,0,codeblock,0.0769230769230769,0.0666666666666666,0.0714285714285714,0.2307692307692307,3,19.0,28.7,4.8,259.3,259.3,23775.1,60.4,1723.0,1065.6,"{'timestamp': '2026-09-09T03:31:23.339376+00:00', 'model_version': 'deepseek-r1:1.5b', 'prompt_hash': 'a6af280e'}",deepseek-r1_1.5b__N120
11,real_mixed_115,deepseek-r1:1.5b_baseline,12.156574964523315,143.15,0,codeblock,0.5,0.5,0.5,0.0,0,17.5,36.5,4.7,259.3,259.3,23793.1,60.4,1723.0,1065.6,"{'timestamp': '2026-09-09T03:31:26.876220+00:00', 'model_version': 'deepseek-r1:1.5b', 'prompt_hash': 'a6af280e'}",deepseek-r1_1.5b__N120
11,real_mixed_116,deepseek-r1:1.5b_baseline,7.597548961639404,140.38,0,codeblock,0.5,0.5,0.5,0.0,0,16.9,35.0,7.7,259.3,259.3,23839.2,60.5,1723.0,1065.6,"{'timestamp': '2026-09-09T03:31:30.945547+00:00', 'model_version': 'deepseek-r1:1.5b', 'prompt_hash': 'a6af280e'}",deepseek-r1_1.5b__N120
11,real_mixed_117,deepseek-r1:1.5b_baseline,6.595312118530273,141.76,0,codeblock,0.6666666666666666,0.1428571428571428,0.2352941176470588,0.0,0,17.3,26.7,8.8,259.3,259.3,23833.5,60.5,1723.0,1065.6,"{'timestamp': '2026-09-09T03:31:33.492795+00:00', 'model_version': 'deepseek-r1:1.5b', 'prompt_hash': 'a6af280e'}",deepseek-r1_1.5b__N120
11,real_mixed_118,deepseek-r1:1.5b_baseline,8.088076829910278,140.82,0,codeblock,0.3,0.375,0.3333333333333332,0.0,0,21.0,37.8,7.0,259.3,259.3,23840.2,60.5,1723.0,1065.6,"{'timestamp': '2026-09-09T03:31:39.050304+00:00', 'model_version': 'deepseek-r1:1.5b', 'prompt_hash': 'a6af280e'}",deepseek-r1_1.5b__N120
11,real_mixed_119,deepseek-r1:1.5b_baseline,9.614256858825684,142.13,0,codeblock,0.3333333333333333,0.25,0.2857142857142857,0.1666666666666666,1,21.1,35.0,6.0,259.3,259.3,23954.8,60.8,1723.0,1065.6,"{'timestamp': '2026-09-09T03:31:43.124221+00:00', 'model_version': 'deepseek-r1:1.5b', 'prompt_hash': 'a6af280e'}",deepseek-r1_1.5b__N120
11,real_mixed_120,deepseek-r1:1.5b_baseline,8.113350868225098,143.21,0,codeblock,0.8,0.3333333333333333,0.4705882352941176,0.0,0,23.9,34.7,6.8,259.3,259.3,24068.1,61.0,1723.0,1065.6,"{'timestamp': '2026-09-09T03:31:47.186522+00:00', 'model_version': 'deepseek-r1:1.5b', 'prompt_hash': 'a6af280e'}",deepseek-r1_1.5b__N120
1,real_mixed_11,deepseek-r1:1.5b_kb_rag,7.609243154525757,130.13,0,codeblock,0.2857142857142857,0.1481481481481481,0.1951219512195122,0.4285714285714285,6,19.1,52.2,16.5,471.2,825.9,24111.1,61.1,1723.0,1065.6,"{'timestamp': '2026-09-09T03:31:55.254007+00:00', 'model_version': 'deepseek-r1:1.5b', 'prompt_hash': 'a6af280e'}",deepseek-r1_1.5b__N120
1,real_mixed_12,deepseek-r1:1.5b_kb_rag,12.17004418373108,138.66,0,codeblock,0.3043478260869565,0.5833333333333334,0.4,0.0,0,16.8,50.0,12.1,491.2,583.4,24127.8,61.1,1723.0,1065.6,"{'timestamp': '2026-09-09T03:31:59.816456+00:00', 'model_version': 'deepseek-r1:1.5b', 'prompt_hash': 'a6af280e'}",deepseek-r1_1.5b__N120
1,real_mixed_13,deepseek-r1:1.5b_kb_rag,20.287341117858887,137.26,0,codeblock,0.4615384615384615,0.2222222222222222,0.3,0.3076923076923077,4,15.2,28.5,7.8,585.6,587.0,24175.7,61.2,1723.0,1065.6,"{'timestamp': '2026-09-09T03:32:15.680985+00:00', 'model_version': 'deepseek-r1:1.5b', 'prompt_hash': 'a6af280e'}",deepseek-r1_1.5b__N120
1,real_mixed_14,deepseek-r1:1.5b_kb_rag,31.94505000114441,127.1,0,codeblock,0.3,0.4,0.3428571428571428,0.0,0,16.6,32.0,4.9,586.8,587.0,24210.5,61.3,1723.0,1065.6,"{'timestamp': '2026-09-09T03:32:31.887386+00:00', 'model_version': 'deepseek-r1:1.5b', 'prompt_hash': 'a6af280e'}",deepseek-r1_1.5b__N120
1,real_mixed_15,deepseek-r1:1.5b_kb_rag,36.95984196662903,138.29,0,codeblock,1.0,0.238095238095238,0.3846153846153846,0.0,0,17.7,44.4,4.3,587.0,587.5,24245.5,61.3,1723.0,1065.6,"{'timestamp': '2026-09-09T03:32:52.756949+00:00', 'model_version': 'deepseek-r1:1.5b', 'prompt_hash': 'a6af280e'}",deepseek-r1_1.5b__N120
1,real_mixed_16,deepseek-r1:1.5b_kb_rag,54.18635082244873,123.91,0,codeblock,0.3333333333333333,0.3333333333333333,0.3333333333333333,0.1666666666666666,2,18.4,34.8,3.1,587.5,587.8,24300.1,61.4,1723.0,1065.6,"{'timestamp': '2026-09-09T03:33:26.194239+00:00', 'model_version': 'deepseek-r1:1.5b', 'prompt_hash': 'a6af280e'}",deepseek-r1_1.5b__N120
1,real_mixed_17,deepseek-r1:1.5b_kb_rag,46.6421377658844,139.91,0,codeblock,0.6666666666666666,0.4,0.5,0.0,0,15.9,45.7,3.6,587.6,588.8,24340.6,61.5,1723.0,1065.6,"{'timestamp': '2026-09-09T03:33:39.507094+00:00', 'model_version': 'deepseek-r1:1.5b', 'prompt_hash': 'a6af280e'}",deepseek-r1_1.5b__N120
1,real_mixed_18,deepseek-r1:1.5b_kb_rag,17.738444089889526,136.88,0,codeblock,0.5,0.1428571428571428,0.2222222222222222,0.0,0,21.0,50.0,9.1,587.8,589.4,24377.9,61.6,1723.0,1065.6,"{'timestamp': '2026-09-09T03:33:44.060865+00:00', 'model_version': 'deepseek-r1:1.5b', 'prompt_hash': 'a6af280e'}",deepseek-r1_1.5b__N120
1,real_mixed_19,deepseek-r1:1.5b_kb_rag,16.76129388809204,140.74,0,codeblock,0.6842105263157895,0.5909090909090909,0.6341463414634148,0.2105263157894736,4,18.3,40.4,9.5,590.4,591.6,24392.3,61.6,1723.0,1065.6,"{'timestamp': '2026-09-09T03:33:56.414314+00:00', 'model_version': 'deepseek-r1:1.5b', 'prompt_hash': 'a6af280e'}",deepseek-r1_1.5b__N120
1,real_mixed_20,deepseek-r1:1.5b_kb_rag,14.71841287612915,138.64,0,codeblock,1.0,0.2631578947368421,0.4166666666666667,0.0,0,16.8,31.2,8.8,590.9,591.6,24384.1,61.6,1723.0,1065.6,"{'timestamp': '2026-09-09T03:33:58.909767+00:00', 'model_version': 'deepseek-r1:1.5b', 'prompt_hash': 'a6af280e'}",deepseek-r1_1.5b__N120
0,real_mixed_2,deepseek-r1:1.5b_kb_rag,17.73457980155945,138.39,0,codeblock,0.1875,0.1764705882352941,0.1818181818181818,0.0,0,15.4,32.0,11.2,521.0,586.3,24143.1,61.1,1723.0,1065.6,"{'timestamp': '2026-09-09T03:32:05.390140+00:00', 'model_version': 'deepseek-r1:1.5b', 'prompt_hash': 'a6af280e'}",deepseek-r1_1.5b__N120
0,real_mixed_3,deepseek-r1:1.5b_kb_rag,36.01700401306152,134.74,0,codeblock,0.3333333333333333,0.2352941176470588,0.2758620689655172,0.0,0,19.1,33.9,4.4,586.9,587.0,24225.1,61.3,1723.0,1065.6,"{'timestamp': '2026-09-09T03:32:41.539190+00:00', 'model_version': 'deepseek-r1:1.5b', 'prompt_hash': 'a6af280e'}",deepseek-r1_1.5b__N120
0,real_mixed_4,deepseek-r1:1.5b_kb_rag,39.0589451789856,135.37,0,codeblock,0.3125,0.3333333333333333,0.3225806451612903,0.1875,3,18.1,33.0,4.1,587.0,587.4,24227.7,61.3,1723.0,1065.6,"{'timestamp': '2026-09-09T03:32:49.167796+00:00', 'model_version': 'deepseek-r1:1.5b', 'prompt_hash': 'a6af280e'}",deepseek-r1_1.5b__N120
0,real_mixed_5,deepseek-r1:1.5b_kb_rag,49.65851330757141,137.7,0,codeblock,0.1052631578947368,0.0952380952380952,0.1,0.5263157894736842,10,16.3,32.4,3.3,587.7,588.0,24323.5,61.5,1723.0,1065.6,"{'timestamp': '2026-09-09T03:33:31.322334+00:00', 'model_version': 'deepseek-r1:1.5b', 'prompt_hash': 'a6af280e'}",deepseek-r1_1.5b__N120
0,real_mixed_6,deepseek-r1:1.5b_kb_rag,46.6664137840271,138.25,0,codeblock,0.2352941176470588,0.2,0.2162162162162162,0.1176470588235294,2,16.9,52.6,3.5,587.8,588.4,24338.7,61.5,1723.0,1065.6,"{'timestamp': '2026-09-09T03:33:35.964167+00:00', 'model_version': 'deepseek-r1:1.5b', 'prompt_hash': 'a6af280e'}",deepseek-r1_1.5b__N120
0,real_mixed_7,deepseek-r1:1.5b_kb_rag,17.27842092514038,138.3,0,codeblock,0.5384615384615384,0.35,0.4242424242424242,0.3076923076923077,4,20.1,39.2,9.2,589.1,590.4,24361.8,61.5,1723.0,1065.6,"{'timestamp': '2026-09-09T03:33:48.734930+00:00', 'model_version': 'deepseek-r1:1.5b', 'prompt_hash': 'a6af280e'}",deepseek-r1_1.5b__N120
0,real_mixed_8,deepseek-r1:1.5b_kb_rag,17.768643856048584,137.53,0,codeblock,0.3529411764705882,0.4,0.375,0.0,0,17.5,40.6,8.9,589.9,590.9,24387.1,61.6,1723.0,1065.6,"{'timestamp': '2026-09-09T03:33:53.865447+00:00', 'model_version': 'deepseek-r1:1.5b', 'prompt_hash': 'a6af280e'}",deepseek-r1_1.5b__N120
0,real_mixed_9,deepseek-r1:1.5b_kb_rag,13.195158004760742,132.78,0,codeblock,0.7142857142857143,0.3125,0.4347826086956521,0.1428571428571428,1,19.9,63.6,15.8,613.5,707.9,24431.0,61.7,1723.0,1065.6,"{'timestamp': '2026-09-09T03:34:02.054452+00:00', 'model_version': 'deepseek-r1:1.5b', 'prompt_hash': 'a6af280e'}",deepseek-r1_1.5b__N120
0,real_mixed_10,deepseek-r1:1.5b_kb_rag,12.16947889328003,134.22,0,codeblock,0.3333333333333333,0.2142857142857142,0.2608695652173913,0.1111111111111111,1,29.8,87.3,14.6,658.3,707.9,24438.5,61.7,1723.0,1065.6,"{'timestamp': '2026-09-09T03:34:06.157970+00:00', 'model_version': 'deepseek-r1:1.5b', 'prompt_hash': 'a6af280e'}",deepseek-r1_1.5b__N120
2,real_mixed_22,deepseek-r1:1.5b_kb_rag,11.67204999923706,138.87,0,codeblock,0.1176470588235294,0.6666666666666666,0.2,0.3529411764705882,6,28.9,89.5,18.7,738.5,795.0,24510.5,61.8,1723.0,1065.6,"{'timestamp': '2026-09-09T03:34:10.857041+00:00', 'model_version': 'deepseek-r1:1.5b', 'prompt_hash': 'a6af280e'}",deepseek-r1_1.5b__N120
2,real_mixed_23,deepseek-r1:1.5b_kb_rag,18.82666516304016,138.39,0,codeblock,0.25,0.1764705882352941,0.2068965517241379,0.0,0,22.0,81.7,13.3,760.8,795.1,24545.8,61.9,1723.0,1065.6,"{'timestamp': '2026-09-09T03:34:18.032845+00:00', 'model_version': 'deepseek-r1:1.5b', 'prompt_hash': 'a6af280e'}",deepseek-r1_1.5b__N120
2,real_mixed_24,deepseek-r1:1.5b_kb_rag,33.912540912628174,132.07,0,codeblock,0.1818181818181818,0.1818181818181818,0.1818181818181818,0.6363636363636364,7,17.6,55.0,6.8,696.9,795.1,24576.3,62.0,1723.0,1065.6,"{'timestamp': '2026-09-09T03:34:44.883437+00:00', 'model_version': 'deepseek-r1:1.5b', 'prompt_hash': 'a6af280e'}",deepseek-r1_1.5b__N120
2,real_mixed_25,deepseek-r1:1.5b_kb_rag,35.43994903564453,138.22,0,codeblock,0.4615384615384615,0.3529411764705882,0.4000000000000001,0.0769230769230769,1,17.6,39.5,6.4,675.7,795.1,24574.1,62.0,1723.0,1065.6,"{'timestamp': '2026-09-09T03:34:49.983749+00:00', 'model_version': 'deepseek-r1:1.5b', 'prompt_hash': 'a6af280e'}",deepseek-r1_1.5b__N120
2,real_mixed_26,deepseek-r1:1.5b_kb_rag,36.963162899017334,138.39,0,codeblock,0.2564102564102564,0.238095238095238,0.2469135802469135,0.3846153846153846,15,17.3,48.5,6.2,659.7,795.1,24562.5,61.9,1723.0,1065.6,"{'timestamp': '2026-09-09T03:34:55.157765+00:00', 'model_version': 'deepseek-r1:1.5b', 'prompt_hash': 'a6af280e'}",deepseek-r1_1.5b__N120
2,real_mixed_28,deepseek-r1:1.5b_kb_rag,28.875165939331055,137.87,0,direct_json,0.4666666666666667,0.3888888888888889,0.4242424242424242,0.2666666666666666,4,18.6,37.3,8.0,628.9,629.9,24541.5,61.9,1723.0,1065.6,"{'timestamp': '2026-09-09T03:35:18.975370+00:00', 'model_version': 'deepseek-r1:1.5b', 'prompt_hash': 'a6af280e'}",deepseek-r1_1.5b__N120
2,real_mixed_29,deepseek-r1:1.5b_kb_rag,27.425753831863403,138.26,0,codeblock,0.6363636363636364,0.28,0.3888888888888889,0.0,0,16.8,47.5,7.3,628.9,629.9,24559.9,61.9,1723.0,1065.6,"{'timestamp': '2026-09-09T03:35:22.711940+00:00', 'model_version': 'deepseek-r1:1.5b', 'prompt_hash': 'a6af280e'}",deepseek-r1_1.5b__N120
2,real_mixed_30,deepseek-r1:1.5b_kb_rag,22.760850191116333,138.57,0,codeblock,0.6,0.2307692307692307,0.3333333333333333,0.0,0,18.2,34.0,4.5,589.1,629.9,24587.2,62.0,1723.0,1065.6,"{'timestamp': '2026-09-09T03:35:37.270177+00:00', 'model_version': 'deepseek-r1:1.5b', 'prompt_hash': 'a6af280e'}",deepseek-r1_1.5b__N120
3,real_mixed_31,deepseek-r1:1.5b_kb_rag,16.705716133117676,140.22,0,codeblock,0.5,0.6,0.5454545454545454,0.0,0,11.2,28.7,9.3,791.8,795.1,24617.8,62.1,1723.0,1065.6,"{'timestamp': '2026-09-09T03:34:23.209785+00:00', 'model_version': 'deepseek-r1:1.5b', 'prompt_hash': 'a6af280e'}",deepseek-r1_1.5b__N120
3,real_mixed_32,deepseek-r1:1.5b_kb_rag,20.270031929016113,138.73,0,codeblock,0.5,0.5,0.5,0.0,0,13.8,37.0,12.6,774.4,795.1,24616.9,62.0,1723.0,1065.6,"{'timestamp': '2026-09-09T03:34:26.784805+00:00', 'model_version': 'deepseek-r1:1.5b', 'prompt_hash': 'a6af280e'}",deepseek-r1_1.5b__N120
3,real_mixed_33,deepseek-r1:1.5b_kb_rag,25.844300985336304,138.42,0,codeblock,0.15,0.2,0.1714285714285714,0.7,14,16.7,75.0,27.1,756.8,795.1,24621.7,62.1,1723.0,1065.6,"{'timestamp': '2026-09-09T03:34:32.361483+00:00', 'model_version': 'deepseek-r1:1.5b', 'prompt_hash': 'a6af280e'}",deepseek-r1_1.5b__N120
3,real_mixed_34,deepseek-r1:1.5b_kb_rag,38.53299617767334,136.68,0,codeblock,0.125,0.0714285714285714,0.0909090909090909,0.75,6,16.9,100.0,6.0,638.2,692.9,24541.1,61.9,1723.0,1065.6,"{'timestamp': '2026-09-09T03:35:01.860491+00:00', 'model_version': 'deepseek-r1:1.5b', 'prompt_hash': 'a6af280e'}",deepseek-r1_1.5b__N120
3,real_mixed_35,deepseek-r1:1.5b_kb_rag,39.01587510108948,138.0,0,codeblock,0.0909090909090909,0.0833333333333333,0.0869565217391304,0.5454545454545454,6,14.2,28.9,5.9,631.2,692.9,24527.0,61.9,1723.0,1065.6,"{'timestamp': '2026-09-09T03:35:05.922661+00:00', 'model_version': 'deepseek-r1:1.5b', 'prompt_hash': 'a6af280e'}",deepseek-r1_1.5b__N120
3,real_mixed_36,deepseek-r1:1.5b_kb_rag,37.9898829460144,138.34,0,codeblock,0.9230769230769232,0.5454545454545454,0.6857142857142856,0.0,0,14.8,33.3,6.2,622.5,692.8,24510.2,61.8,1723.0,1065.6,"{'timestamp': '2026-09-09T03:35:10.477850+00:00', 'model_version': 'deepseek-r1:1.5b', 'prompt_hash': 'a6af280e'}",deepseek-r1_1.5b__N120
3,real_mixed_37,deepseek-r1:1.5b_kb_rag,25.35201096534729,137.89,0,codeblock,0.4,0.2666666666666666,0.32,0.2,2,14.6,31.2,6.6,629.8,629.9,24567.8,61.9,1723.0,1065.6,"{'timestamp': '2026-09-09T03:35:27.339156+00:00', 'model_version': 'deepseek-r1:1.5b', 'prompt_hash': 'a6af280e'}",deepseek-r1_1.5b__N120
3,real_mixed_38,deepseek-r1:1.5b_kb_rag,24.344926118850708,137.78,0,codeblock,1.0,0.2777777777777778,0.4347826086956522,0.0,0,15.1,37.6,7.0,620.8,629.9,24587.0,62.0,1723.0,1065.6,"{'timestamp': '2026-09-09T03:35:30.401370+00:00', 'model_version': 'deepseek-r1:1.5b', 'prompt_hash': 'a6af280e'}",deepseek-r1_1.5b__N120
3,real_mixed_39,deepseek-r1:1.5b_kb_rag,23.341140031814575,138.31,0,codeblock,0.3333333333333333,0.125,0.1818181818181818,0.0,0,14.6,37.9,6.0,604.1,629.9,24592.8,62.0,1723.0,1065.6,"{'timestamp': '2026-09-09T03:35:33.926460+00:00', 'model_version': 'deepseek-r1:1.5b', 'prompt_hash': 'a6af280e'}",deepseek-r1_1.5b__N120
3,real_mixed_40,deepseek-r1:1.5b_kb_rag,13.18535089492798,137.74,0,codeblock,0.4285714285714285,0.2,0.2727272727272727,0.0,0,15.5,39.5,13.7,576.4,721.9,24600.6,62.0,1723.0,1065.6,"{'timestamp': '2026-09-09T03:35:40.655900+00:00', 'model_version': 'deepseek-r1:1.5b', 'prompt_hash': 'a6af280e'}",deepseek-r1_1.5b__N120
4,real_mixed_42,deepseek-r1:1.5b_kb_rag,10.639891862869264,138.27,0,codeblock,0.5714285714285714,0.2758620689655172,0.3720930232558139,0.0,0,14.9,30.8,25.1,738.2,746.5,24622.5,62.0,1723.0,1065.6,"{'timestamp': '2026-09-09T03:35:48.252684+00:00', 'model_version': 'deepseek-r1:1.5b', 'prompt_hash': 'a6af280e'}",deepseek-r1_1.5b__N120
4,real_mixed_43,deepseek-r1:1.5b_kb_rag,20.792123079299927,124.45,0,codeblock,0.3333333333333333,0.3181818181818182,0.3255813953488372,0.1904761904761904,4,14.7,31.2,11.5,735.6,746.5,24627.0,62.0,1723.0,1065.6,"{'timestamp': '2026-09-09T03:35:58.408688+00:00', 'model_version': 'deepseek-r1:1.5b', 'prompt_hash': 'a6af280e'}",deepseek-r1_1.5b__N120
4,real_mixed_44,deepseek-r1:1.5b_kb_rag,28.884397983551025,137.87,0,codeblock,0.1666666666666666,0.1,0.125,0.3333333333333333,4,17.2,50.0,7.8,703.0,746.5,24670.4,62.1,1723.0,1065.6,"{'timestamp': '2026-09-09T03:36:13.189378+00:00', 'model_version': 'deepseek-r1:1.5b', 'prompt_hash': 'a6af280e'}",deepseek-r1_1.5b__N120
4,real_mixed_45,deepseek-r1:1.5b_kb_rag,27.853160858154297,138.23,0,codeblock,0.6363636363636364,0.4375,0.5185185185185185,0.0,0,17.6,36.5,8.0,691.8,746.4,24682.2,62.1,1723.0,1065.6,"{'timestamp': '2026-09-09T03:36:16.219735+00:00', 'model_version': 'deepseek-r1:1.5b', 'prompt_hash': 'a6af280e'}",deepseek-r1_1.5b__N120
4,real_mixed_46,deepseek-r1:1.5b_kb_rag,23.85543394088745,137.95,0,codeblock,0.2857142857142857,0.1333333333333333,0.1818181818181818,0.7142857142857143,5,18.4,35.5,9.3,665.9,678.9,24719.3,62.2,1723.0,1065.6,"{'timestamp': '2026-09-09T03:36:22.385749+00:00', 'model_version': 'deepseek-r1:1.5b', 'prompt_hash': 'a6af280e'}",deepseek-r1_1.5b__N120
4,real_mixed_47,deepseek-r1:1.5b_kb_rag,29.90075922012329,138.5,0,codeblock,0.7,0.75,0.7241379310344827,0.0,0,19.6,36.2,7.4,632.1,658.7,24685.7,62.1,1723.0,1065.6,"{'timestamp': '2026-09-09T03:36:43.229743+00:00', 'model_version': 'deepseek-r1:1.5b', 'prompt_hash': 'a6af280e'}",deepseek-r1_1.5b__N120
4,real_mixed_48,deepseek-r1:1.5b_kb_rag,30.904553174972538,137.82,0,codeblock,0.75,0.3,0.4285714285714285,0.0,0,20.4,35.1,7.3,629.1,658.7,24687.2,62.1,1723.0,1065.6,"{'timestamp': '2026-09-09T03:36:47.239066+00:00', 'model_version': 'deepseek-r1:1.5b', 'prompt_hash': 'a6af280e'}",deepseek-r1_1.5b__N120
4,real_mixed_49,deepseek-r1:1.5b_kb_rag,29.88676881790161,136.22,0,codeblock,0.4166666666666667,0.2777777777777778,0.3333333333333333,0.1666666666666666,2,19.2,45.8,6.4,624.7,636.9,24668.4,62.1,1723.0,1065.6,"{'timestamp': '2026-09-09T03:36:52.407701+00:00', 'model_version': 'deepseek-r1:1.5b', 'prompt_hash': 'a6af280e'}",deepseek-r1_1.5b__N120
4,real_mixed_50,deepseek-r1:1.5b_kb_rag,35.42782807350159,135.14,0,codeblock,0.5714285714285714,0.2105263157894736,0.3076923076923077,0.1428571428571428,1,16.8,35.0,3.1,634.7,634.9,24772.1,62.1,1723.0,1065.6,"{'timestamp': '2026-09-09T03:37:18.787130+00:00', 'model_version': 'deepseek-r1:1.5b', 'prompt_hash': 'a6af280e'}",deepseek-r1_1.5b__N120
5,real_mixed_51,deepseek-r1:1.5b_kb_rag,23.78693699836731,138.47,0,codeblock,0.3888888888888889,0.4666666666666667,0.4242424242424242,0.0,0,13.1,33.3,9.5,723.4,746.5,24642.9,62.1,1723.0,1065.6,"{'timestamp': '2026-09-09T03:36:04.735516+00:00', 'model_version': 'deepseek-r1:1.5b', 'prompt_hash': 'a6af280e'}",deepseek-r1_1.5b__N120
5,real_mixed_52,deepseek-r1:1.5b_kb_rag,27.38257527351379,138.07,0,codeblock,0.4545454545454545,0.238095238095238,0.3124999999999999,0.1818181818181818,2,12.7,54.2,8.1,717.6,746.5,24657.4,62.1,1723.0,1065.6,"{'timestamp': '2026-09-09T03:36:08.348119+00:00', 'model_version': 'deepseek-r1:1.5b', 'prompt_hash': 'a6af280e'}",deepseek-r1_1.5b__N120
5,real_mixed_53,deepseek-r1:1.5b_kb_rag,20.263808012008667,138.45,0,codeblock,0.4,0.125,0.1904761904761904,0.2,1,12.6,33.3,11.4,731.2,746.5,24629.9,62.0,1723.0,1065.6,"{'timestamp': '2026-09-09T03:36:01.216009+00:00', 'model_version': 'deepseek-r1:1.5b', 'prompt_hash': 'a6af280e'}",deepseek-r1_1.5b__N120
5,real_mixed_54,deepseek-r1:1.5b_kb_rag,25.33713984489441,138.54,0,codeblock,0.4285714285714285,0.375,0.3999999999999999,0.0,0,15.2,35.2,9.0,660.8,678.9,24706.1,62.2,1723.0,1065.6,"{'timestamp': '2026-09-09T03:36:26.662755+00:00', 'model_version': 'deepseek-r1:1.5b', 'prompt_hash': 'a6af280e'}",deepseek-r1_1.5b__N120
5,real_mixed_55,deepseek-r1:1.5b_kb_rag,26.34031891822815,137.98,0,codeblock,0.25,0.2,0.2222222222222222,0.0625,1,16.4,38.4,8.5,654.3,678.9,24701.4,62.2,1723.0,1065.6,"{'timestamp': '2026-09-09T03:36:31.193376+00:00', 'model_version': 'deepseek-r1:1.5b', 'prompt_hash': 'a6af280e'}",deepseek-r1_1.5b__N120
5,real_mixed_56,deepseek-r1:1.5b_kb_rag,29.876338720321655,133.77,0,codeblock,0.1428571428571428,0.0769230769230769,0.1,0.7142857142857143,10,15.9,38.9,7.5,635.9,658.7,24674.5,62.1,1723.0,1065.6,"{'timestamp': '2026-09-09T03:36:38.353666+00:00', 'model_version': 'deepseek-r1:1.5b', 'prompt_hash': 'a6af280e'}",deepseek-r1_1.5b__N120
5,real_mixed_57,deepseek-r1:1.5b_kb_rag,29.389601945877075,139.14,0,codeblock,0.4285714285714285,0.2857142857142857,0.3428571428571428,0.1428571428571428,2,14.6,31.4,5.6,625.4,636.9,24674.1,62.1,1723.0,1065.6,"{'timestamp': '2026-09-09T03:36:56.176054+00:00', 'model_version': 'deepseek-r1:1.5b', 'prompt_hash': 'a6af280e'}",deepseek-r1_1.5b__N120
5,real_mixed_58,deepseek-r1:1.5b_kb_rag,33.906646966934204,136.61,0,codeblock,0.0566037735849056,0.3333333333333333,0.0967741935483871,0.0188679245283018,2,17.0,35.3,5.0,625.6,636.8,24719.5,62.2,1723.0,1065.6,"{'timestamp': '2026-09-09T03:37:05.222889+00:00', 'model_version': 'deepseek-r1:1.5b', 'prompt_hash': 'a6af280e'}",deepseek-r1_1.5b__N120
5,real_mixed_60,deepseek-r1:1.5b_kb_rag,24.780264139175415,137.14,0,codeblock,0.6,0.2142857142857142,0.3157894736842105,0.2,1,15.1,48.4,9.4,649.2,815.5,24860.7,62.1,1723.0,1065.6,"{'timestamp': '2026-09-09T03:37:21.080804+00:00', 'model_version': 'deepseek-r1:1.5b', 'prompt_hash': 'a6af280e'}",deepseek-r1_1.5b__N120
6,real_mixed_61,deepseek-r1:1.5b_kb_rag,26.827375888824463,125.48,0,codeblock,0.1818181818181818,0.1111111111111111,0.1379310344827586,0.1818181818181818,4,17.9,100.0,18.5,823.2,836.3,24950.3,62.1,1723.0,1065.6,"{'timestamp': '2026-09-09T03:37:46.056341+00:00', 'model_version': 'deepseek-r1:1.5b', 'prompt_hash': 'a6af280e'}",deepseek-r1_1.5b__N120
6,real_mixed_62,deepseek-r1:1.5b_kb_rag,19.26402521133423,135.45,0,direct_json,0.8,0.2222222222222222,0.3478260869565218,0.0,0,13.5,37.7,21.2,833.4,836.3,24959.2,62.1,1723.0,1065.6,"{'timestamp': '2026-09-09T03:37:38.457133+00:00', 'model_version': 'deepseek-r1:1.5b', 'prompt_hash': 'a6af280e'}",deepseek-r1_1.5b__N120
6,real_mixed_63,deepseek-r1:1.5b_kb_rag,7.111595153808594,137.96,0,codeblock,0.2222222222222222,0.2666666666666666,0.2424242424242424,0.1111111111111111,2,19.7,100.0,48.4,828.6,835.9,24977.5,62.2,1723.0,1065.6,"{'timestamp': '2026-09-09T03:37:26.309090+00:00', 'model_version': 'deepseek-r1:1.5b', 'prompt_hash': 'a6af280e'}",deepseek-r1_1.5b__N120
6,real_mixed_64,deepseek-r1:1.5b_kb_rag,11.678680181503296,138.1,0,codeblock,0.4,0.5,0.4444444444444445,0.2,1,12.5,37.7,22.7,831.5,836.1,24968.7,62.2,1723.0,1065.6,"{'timestamp': '2026-09-09T03:37:30.868571+00:00', 'model_version': 'deepseek-r1:1.5b', 'prompt_hash': 'a6af280e'}",deepseek-r1_1.5b__N120
6,real_mixed_65,deepseek-r1:1.5b_kb_rag,77.48358130455017,137.53,0,codeblock,0.0,0.0,0.0,0.125,1,14.8,40.1,4.0,752.1,836.4,24927.6,62.1,1723.0,1065.6,"{'timestamp': '2026-09-09T03:38:43.918112+00:00', 'model_version': 'deepseek-r1:1.5b', 'prompt_hash': 'a6af280e'}",deepseek-r1_1.5b__N120
6,real_mixed_66,deepseek-r1:1.5b_kb_rag,106.278892993927,124.75,0,fallback,0.0,0.0,0.0,0.0,0,16.3,58.5,3.0,691.8,836.3,24913.2,62.0,1723.0,1065.6,"{'timestamp': '2026-09-09T03:39:17.283756+00:00', 'model_version': 'deepseek-r1:1.5b', 'prompt_hash': 'a6af280e'}",deepseek-r1_1.5b__N120
6,real_mixed_67,deepseek-r1:1.5b_kb_rag,105.912437915802,134.51,0,codeblock,0.1,0.0909090909090909,0.0952380952380952,0.4,8,15.0,62.1,3.1,678.2,836.2,24918.6,62.0,1723.0,1065.6,"{'timestamp': '2026-09-09T03:39:24.492498+00:00', 'model_version': 'deepseek-r1:1.5b', 'prompt_hash': 'a6af280e'}",deepseek-r1_1.5b__N120
6,real_mixed_68,deepseek-r1:1.5b_kb_rag,102.26922082901,138.18,0,codeblock,1.0,0.1052631578947368,0.1904761904761905,0.0,0,16.3,61.9,2.9,667.4,771.8,24921.9,62.1,1723.0,1065.6,"{'timestamp': '2026-09-09T03:39:28.443249+00:00', 'model_version': 'deepseek-r1:1.5b', 'prompt_hash': 'a6af280e'}",deepseek-r1_1.5b__N120
6,real_mixed_69,deepseek-r1:1.5b_kb_rag,65.38766479492188,138.4,0,codeblock,0.75,0.3214285714285714,0.45,0.0,0,14.7,44.0,2.9,606.3,651.8,24919.6,62.0,1723.0,1065.6,"{'timestamp': '2026-09-09T03:39:49.441356+00:00', 'model_version': 'deepseek-r1:1.5b', 'prompt_hash': 'a6af280e'}",deepseek-r1_1.5b__N120
6,real_mixed_70,deepseek-r1:1.5b_kb_rag,35.504881858825684,138.07,0,codeblock,0.4615384615384615,0.24,0.3157894736842105,0.3846153846153846,5,16.6,34.2,4.0,643.0,643.2,24942.2,62.1,1723.0,1065.6,"{'timestamp': '2026-09-09T03:39:52.936018+00:00', 'model_version': 'deepseek-r1:1.5b', 'prompt_hash': 'a6af280e'}",deepseek-r1_1.5b__N120
7,real_mixed_71,deepseek-r1:1.5b_kb_rag,74.4582588672638,130.54,0,codeblock,0.4285714285714285,0.2142857142857142,0.2857142857142857,0.1428571428571428,1,11.2,37.7,4.6,768.4,857.7,24927.6,62.1,1723.0,1065.6,"{'timestamp': '2026-09-09T03:38:35.959946+00:00', 'model_version': 'deepseek-r1:1.5b', 'prompt_hash': 'a6af280e'}",deepseek-r1_1.5b__N120
7,real_mixed_72,deepseek-r1:1.5b_kb_rag,57.686129093170166,124.29,0,fallback,0.0,0.0,0.0,0.0,0,12.1,37.7,5.4,793.8,836.3,24934.6,62.1,1723.0,1065.6,"{'timestamp': '2026-09-09T03:38:19.181927+00:00', 'model_version': 'deepseek-r1:1.5b', 'prompt_hash': 'a6af280e'}",deepseek-r1_1.5b__N120
7,real_mixed_73,deepseek-r1:1.5b_kb_rag,62.35997986793518,138.04,0,codeblock,0.4285714285714285,0.375,0.3999999999999999,0.5,7,10.8,43.8,16.5,785.6,857.7,24935.2,62.1,1723.0,1065.6,"{'timestamp': '2026-09-09T03:38:23.862374+00:00', 'model_version': 'deepseek-r1:1.5b', 'prompt_hash': 'a6af280e'}",deepseek-r1_1.5b__N120
7,real_mixed_74,deepseek-r1:1.5b_kb_rag,77.9716489315033,138.44,0,codeblock,0.1,0.0833333333333333,0.0909090909090909,0.8,8,11.2,37.7,4.0,763.0,836.3,24925.6,62.1,1723.0,1065.6,"{'timestamp': '2026-09-09T03:38:39.466084+00:00', 'model_version': 'deepseek-r1:1.5b', 'prompt_hash': 'a6af280e'}",deepseek-r1_1.5b__N120
7,real_mixed_75,deepseek-r1:1.5b_kb_rag,72.93330311775208,138.43,0,codeblock,0.3333333333333333,0.4,0.3636363636363636,0.0,0,10.4,34.0,3.5,619.0,680.2,24926.3,62.1,1723.0,1065.6,"{'timestamp': '2026-09-09T03:39:32.224854+00:00', 'model_version': 'deepseek-r1:1.5b', 'prompt_hash': 'a6af280e'}",deepseek-r1_1.5b__N120
7,real_mixed_76,deepseek-r1:1.5b_kb_rag,70.40349388122559,142.8,0,codeblock,1.0,1.0,1.0,0.0,0,9.6,34.0,3.6,615.7,680.2,24925.3,62.1,1723.0,1065.6,"{'timestamp': '2026-09-09T03:39:34.367299+00:00', 'model_version': 'deepseek-r1:1.5b', 'prompt_hash': 'a6af280e'}",deepseek-r1_1.5b__N120
7,real_mixed_77,deepseek-r1:1.5b_kb_rag,63.258979082107544,137.87,0,codeblock,0.2682926829268293,0.4782608695652174,0.34375,0.4390243902439024,18,11.1,39.1,3.9,605.6,651.9,24928.0,62.1,1723.0,1065.6,"{'timestamp': '2026-09-09T03:39:39.363961+00:00', 'model_version': 'deepseek-r1:1.5b', 'prompt_hash': 'a6af280e'}",deepseek-r1_1.5b__N120
7,real_mixed_78,deepseek-r1:1.5b_kb_rag,65.76292896270752,128.79,0,codeblock,0.5,0.4285714285714285,0.4615384615384615,0.1666666666666666,1,12.7,100.0,3.4,606.5,651.9,24925.0,62.0,1723.0,1065.6,"{'timestamp': '2026-09-09T03:39:45.345705+00:00', 'model_version': 'deepseek-r1:1.5b', 'prompt_hash': 'a6af280e'}",deepseek-r1_1.5b__N120
7,real_mixed_80,deepseek-r1:1.5b_kb_rag,31.43436288833618,135.6,0,codeblock,0.125,0.0714285714285714,0.0909090909090909,0.0,0,11.7,38.1,8.7,733.4,868.7,24924.4,62.0,1723.0,1065.6,"{'timestamp': '2026-09-09T03:40:05.941891+00:00', 'model_version': 'deepseek-r1:1.5b', 'prompt_hash': 'a6af280e'}",deepseek-r1_1.5b__N120
8,real_mixed_81,deepseek-r1:1.5b_kb_rag,19.267950773239136,138.26,0,codeblock,0.8571428571428571,0.4285714285714285,0.5714285714285714,0.0,0,13.4,38.1,19.5,876.2,926.8,25002.6,62.1,1723.0,1065.6,"{'timestamp': '2026-09-09T03:40:12.679027+00:00', 'model_version': 'deepseek-r1:1.5b', 'prompt_hash': 'a6af280e'}",deepseek-r1_1.5b__N120
8,real_mixed_82,deepseek-r1:1.5b_kb_rag,26.293360948562626,137.98,0,codeblock,0.0,0.0,0.0,0.0,0,13.8,36.6,19.6,878.5,888.7,24985.7,62.1,1723.0,1065.6,"{'timestamp': '2026-09-09T03:40:19.708640+00:00', 'model_version': 'deepseek-r1:1.5b', 'prompt_hash': 'a6af280e'}",deepseek-r1_1.5b__N120
8,real_mixed_83,deepseek-r1:1.5b_kb_rag,15.184503078460692,137.29,0,codeblock,1.0,0.1538461538461538,0.2666666666666667,0.0,0,14.8,100.0,21.6,871.0,888.7,24997.4,62.1,1723.0,1065.6,"{'timestamp': '2026-09-09T03:40:08.596285+00:00', 'model_version': 'deepseek-r1:1.5b', 'prompt_hash': 'a6af280e'}",deepseek-r1_1.5b__N120
8,real_mixed_84,deepseek-r1:1.5b_kb_rag,29.338088989257812,138.49,0,codeblock,0.3333333333333333,0.3636363636363636,0.3478260869565217,0.25,3,17.5,61.5,16.9,879.5,888.7,24982.4,62.1,1723.0,1065.6,"{'timestamp': '2026-09-09T03:40:22.750507+00:00', 'model_version': 'deepseek-r1:1.5b', 'prompt_hash': 'a6af280e'}",deepseek-r1_1.5b__N120
8,real_mixed_85,deepseek-r1:1.5b_kb_rag,23.30085802078247,138.59,0,codeblock,0.375,0.3333333333333333,0.3529411764705882,0.0,0,13.2,43.8,19.1,877.1,888.7,24991.6,62.1,1723.0,1065.6,"{'timestamp': '2026-09-09T03:40:16.706552+00:00', 'model_version': 'deepseek-r1:1.5b', 'prompt_hash': 'a6af280e'}",deepseek-r1_1.5b__N120
8,real_mixed_86,deepseek-r1:1.5b_kb_rag,79.45389676094055,138.1,0,codeblock,0.0869565217391304,0.2857142857142857,0.1333333333333333,0.217391304347826,10,14.4,97.0,4.9,764.2,888.8,24944.6,61.9,1723.0,1065.6,"{'timestamp': '2026-09-09T03:41:28.178753+00:00', 'model_version': 'deepseek-r1:1.5b', 'prompt_hash': 'a6af280e'}",deepseek-r1_1.5b__N120
8,real_mixed_87,deepseek-r1:1.5b_kb_rag,78.90872979164124,138.62,0,codeblock,0.3333333333333333,0.1818181818181818,0.2352941176470588,0.1666666666666666,1,15.0,97.0,4.6,754.8,888.7,24940.0,61.9,1723.0,1065.6,"{'timestamp': '2026-09-09T03:41:31.704075+00:00', 'model_version': 'deepseek-r1:1.5b', 'prompt_hash': 'a6af280e'}",deepseek-r1_1.5b__N120
8,real_mixed_88,deepseek-r1:1.5b_kb_rag,79.93006300926208,139.1,0,codeblock,0.375,0.375,0.375,0.25,2,14.6,97.0,4.1,744.4,888.7,24941.5,61.9,1723.0,1065.6,"{'timestamp': '2026-09-09T03:41:36.758738+00:00', 'model_version': 'deepseek-r1:1.5b', 'prompt_hash': 'a6af280e'}",deepseek-r1_1.5b__N120
8,real_mixed_89,deepseek-r1:1.5b_kb_rag,79.48409175872803,138.82,0,codeblock,0.2857142857142857,0.1428571428571428,0.1904761904761904,0.1428571428571428,1,18.8,97.6,3.8,737.4,888.8,24940.7,61.9,1723.0,1065.6,"{'timestamp': '2026-09-09T03:41:39.320898+00:00', 'model_version': 'deepseek-r1:1.5b', 'prompt_hash': 'a6af280e'}",deepseek-r1_1.5b__N120
8,real_mixed_90,deepseek-r1:1.5b_kb_rag,81.54520010948181,138.54,0,codeblock,0.4444444444444444,0.1818181818181818,0.2580645161290322,0.1111111111111111,1,15.8,97.0,3.3,729.3,888.7,24942.2,61.9,1723.0,1065.6,"{'timestamp': '2026-09-09T03:41:44.435154+00:00', 'model_version': 'deepseek-r1:1.5b', 'prompt_hash': 'a6af280e'}",deepseek-r1_1.5b__N120
9,real_mixed_91,deepseek-r1:1.5b_kb_rag,20.80349588394165,137.5,0,codeblock,0.5,0.3529411764705882,0.4137931034482758,0.3333333333333333,4,13.1,32.5,18.8,889.7,931.0,24970.3,62.0,1723.0,1065.6,"{'timestamp': '2026-09-09T03:40:27.209034+00:00', 'model_version': 'deepseek-r1:1.5b', 'prompt_hash': 'a6af280e'}",deepseek-r1_1.5b__N120
9,real_mixed_92,deepseek-r1:1.5b_kb_rag,44.57231283187866,133.07,0,codeblock,0.6,0.4285714285714285,0.5,0.2666666666666666,4,14.7,97.0,7.8,815.1,893.3,24957.0,62.0,1723.0,1065.6,"{'timestamp': '2026-09-09T03:40:51.037999+00:00', 'model_version': 'deepseek-r1:1.5b', 'prompt_hash': 'a6af280e'}",deepseek-r1_1.5b__N120
9,real_mixed_93,deepseek-r1:1.5b_kb_rag,33.940067768096924,138.96,0,codeblock,0.6363636363636364,0.4666666666666667,0.5384615384615385,0.0909090909090909,1,12.2,41.8,10.9,842.4,893.2,24967.2,62.0,1723.0,1065.6,"{'timestamp': '2026-09-09T03:40:40.393298+00:00', 'model_version': 'deepseek-r1:1.5b', 'prompt_hash': 'a6af280e'}",deepseek-r1_1.5b__N120
9,real_mixed_94,deepseek-r1:1.5b_kb_rag,77.48872971534729,124.91,0,fallback,0.0,0.0,0.0,0.0,0,10.9,97.0,5.0,771.6,888.7,24947.5,61.9,1723.0,1065.6,"{'timestamp': '2026-09-09T03:41:23.955593+00:00', 'model_version': 'deepseek-r1:1.5b', 'prompt_hash': 'a6af280e'}",deepseek-r1_1.5b__N120
9,real_mixed_95,deepseek-r1:1.5b_kb_rag,30.453203916549683,135.88,0,direct_json,0.2857142857142857,0.25,0.2666666666666666,0.1428571428571428,1,11.0,41.8,9.0,853.5,893.2,24970.5,62.0,1723.0,1065.6,"{'timestamp': '2026-09-09T03:40:36.895373+00:00', 'model_version': 'deepseek-r1:1.5b', 'prompt_hash': 'a6af280e'}",deepseek-r1_1.5b__N120
9,real_mixed_96,deepseek-r1:1.5b_kb_rag,80.06982088088989,137.21,0,codeblock,1.0,0.3571428571428571,0.5263157894736842,0.0,0,15.7,97.0,5.6,725.7,900.9,24949.2,61.9,1723.0,1065.6,"{'timestamp': '2026-09-09T03:41:47.408392+00:00', 'model_version': 'deepseek-r1:1.5b', 'prompt_hash': 'a6af280e'}",deepseek-r1_1.5b__N120
9,real_mixed_97,deepseek-r1:1.5b_kb_rag,73.96337294578552,138.55,0,codeblock,0.625,0.3846153846153846,0.4761904761904762,0.0,0,17.4,97.0,5.5,727.3,900.9,24951.7,61.9,1723.0,1065.6,"{'timestamp': '2026-09-09T03:41:50.991945+00:00', 'model_version': 'deepseek-r1:1.5b', 'prompt_hash': 'a6af280e'}",deepseek-r1_1.5b__N120
9,real_mixed_98,deepseek-r1:1.5b_kb_rag,74.52396702766418,137.56,0,codeblock,0.2857142857142857,0.0588235294117647,0.0975609756097561,0.1428571428571428,1,14.7,97.0,5.0,735.7,900.9,24956.6,61.9,1723.0,1065.6,"{'timestamp': '2026-09-09T03:41:55.059078+00:00', 'model_version': 'deepseek-r1:1.5b', 'prompt_hash': 'a6af280e'}",deepseek-r1_1.5b__N120
9,real_mixed_99,deepseek-r1:1.5b_kb_rag,66.91516399383545,139.41,0,codeblock,0.75,0.5,0.6,0.25,1,14.6,44.3,5.2,744.1,900.9,24966.2,62.0,1723.0,1065.6,"{'timestamp': '2026-09-09T03:41:58.069694+00:00', 'model_version': 'deepseek-r1:1.5b', 'prompt_hash': 'a6af280e'}",deepseek-r1_1.5b__N120
9,real_mixed_100,deepseek-r1:1.5b_kb_rag,38.03479313850403,138.3,0,codeblock,0.0666666666666666,0.0476190476190476,0.0555555555555555,0.0666666666666666,1,15.9,44.3,7.9,786.7,900.9,24991.4,62.0,1723.0,1065.6,"{'timestamp': '2026-09-09T03:42:02.143704+00:00', 'model_version': 'deepseek-r1:1.5b', 'prompt_hash': 'a6af280e'}",deepseek-r1_1.5b__N120
10,real_mixed_102,deepseek-r1:1.5b_kb_rag,42.132397174835205,139.37,0,codeblock,0.1428571428571428,1.0,0.25,0.0,0,12.6,36.6,12.8,883.3,956.1,24989.5,62.0,1723.0,1065.6,"{'timestamp': '2026-09-09T03:42:27.075974+00:00', 'model_version': 'deepseek-r1:1.5b', 'prompt_hash': 'a6af280e'}",deepseek-r1_1.5b__N120
10,real_mixed_103,deepseek-r1:1.5b_kb_rag,33.96549081802368,138.93,0,codeblock,0.25,1.0,0.4,0.4166666666666667,5,15.8,42.9,14.2,897.6,956.0,24999.6,62.0,1723.0,1065.6,"{'timestamp': '2026-09-09T03:42:18.911882+00:00', 'model_version': 'deepseek-r1:1.5b', 'prompt_hash': 'a6af280e'}",deepseek-r1_1.5b__N120
10,real_mixed_104,deepseek-r1:1.5b_kb_rag,26.38594627380371,138.21,0,codeblock,0.0,0.0,0.0,0.0,0,13.5,50.0,15.7,896.9,956.0,25018.9,62.1,1723.0,1065.6,"{'timestamp': '2026-09-09T03:42:11.358510+00:00', 'model_version': 'deepseek-r1:1.5b', 'prompt_hash': 'a6af280e'}",deepseek-r1_1.5b__N120
10,real_mixed_105,deepseek-r1:1.5b_kb_rag,37.50459384918213,138.41,0,codeblock,0.4,0.1333333333333333,0.2,0.0,0,14.6,40.0,11.5,890.6,956.0,24999.6,62.0,1723.0,1065.6,"{'timestamp': '2026-09-09T03:42:22.467472+00:00', 'model_version': 'deepseek-r1:1.5b', 'prompt_hash': 'a6af280e'}",deepseek-r1_1.5b__N120
10,real_mixed_106,deepseek-r1:1.5b_kb_rag,50.16080284118652,138.76,0,codeblock,0.6666666666666666,0.6666666666666666,0.6666666666666666,0.3333333333333333,1,11.9,34.4,6.9,789.9,900.1,24952.0,61.9,1723.0,1065.6,"{'timestamp': '2026-09-09T03:42:58.046002+00:00', 'model_version': 'deepseek-r1:1.5b', 'prompt_hash': 'a6af280e'}",deepseek-r1_1.5b__N120
10,real_mixed_107,deepseek-r1:1.5b_kb_rag,51.19832801818848,134.4,0,codeblock,0.625,0.3571428571428571,0.4545454545454545,0.125,1,10.4,38.7,6.1,768.7,900.1,24953.3,61.9,1723.0,1065.6,"{'timestamp': '2026-09-09T03:43:02.672080+00:00', 'model_version': 'deepseek-r1:1.5b', 'prompt_hash': 'a6af280e'}",deepseek-r1_1.5b__N120
10,real_mixed_108,deepseek-r1:1.5b_kb_rag,46.59418988227844,138.46,0,codeblock,0.25,0.25,0.25,0.0,0,14.5,50.0,5.9,740.0,823.4,24949.2,61.9,1723.0,1065.6,"{'timestamp': '2026-09-09T03:43:05.627776+00:00', 'model_version': 'deepseek-r1:1.5b', 'prompt_hash': 'a6af280e'}",deepseek-r1_1.5b__N120
10,real_mixed_109,deepseek-r1:1.5b_kb_rag,46.103232622146606,137.78,0,codeblock,0.4166666666666667,0.1724137931034483,0.2439024390243903,0.3333333333333333,4,13.1,45.7,5.4,721.8,823.4,24939.1,61.9,1723.0,1065.6,"{'timestamp': '2026-09-09T03:43:08.716991+00:00', 'model_version': 'deepseek-r1:1.5b', 'prompt_hash': 'a6af280e'}",deepseek-r1_1.5b__N120
10,real_mixed_110,deepseek-r1:1.5b_kb_rag,45.091257095336914,138.01,0,codeblock,0.6666666666666666,0.1666666666666666,0.2666666666666666,0.0,0,11.7,38.7,4.8,700.0,823.3,24935.3,61.9,1723.0,1065.6,"{'timestamp': '2026-09-09T03:43:12.306574+00:00', 'model_version': 'deepseek-r1:1.5b', 'prompt_hash': 'a6af280e'}",deepseek-r1_1.5b__N120
11,real_mixed_111,deepseek-r1:1.5b_kb_rag,34.05247497558594,139.35,0,codeblock,0.5,0.3823529411764705,0.4333333333333333,0.0,0,12.2,100.0,10.1,849.8,956.1,24948.3,61.9,1723.0,1065.6,"{'timestamp': '2026-09-09T03:42:36.815392+00:00', 'model_version': 'deepseek-r1:1.5b', 'prompt_hash': 'a6af280e'}",deepseek-r1_1.5b__N120
11,real_mixed_112,deepseek-r1:1.5b_kb_rag,38.98857808113098,138.89,0,codeblock,0.5,0.25,0.3333333333333333,0.25,1,16.0,44.6,10.1,838.2,956.1,24958.2,61.9,1723.0,1065.6,"{'timestamp': '2026-09-09T03:42:41.692517+00:00', 'model_version': 'deepseek-r1:1.5b', 'prompt_hash': 'a6af280e'}",deepseek-r1_1.5b__N120
11,real_mixed_113,deepseek-r1:1.5b_kb_rag,28.485880136489868,138.62,0,codeblock,0.4444444444444444,0.4,0.4210526315789474,0.0,0,11.3,66.7,52.5,868.2,956.0,24957.6,61.9,1723.0,1065.6,"{'timestamp': '2026-09-09T03:42:31.220354+00:00', 'model_version': 'deepseek-r1:1.5b', 'prompt_hash': 'a6af280e'}",deepseek-r1_1.5b__N120
11,real_mixed_114,deepseek-r1:1.5b_kb_rag,46.197609186172485,137.75,0,codeblock,0.6666666666666666,0.4,0.5,0.0,0,14.2,100.0,10.0,821.2,900.2,24960.6,61.9,1723.0,1065.6,"{'timestamp': '2026-09-09T03:42:48.942291+00:00', 'model_version': 'deepseek-r1:1.5b', 'prompt_hash': 'a6af280e'}",deepseek-r1_1.5b__N120
11,real_mixed_115,deepseek-r1:1.5b_kb_rag,51.26375699043274,139.06,0,codeblock,0.4,0.5,0.4444444444444445,0.0,0,14.4,100.0,7.7,812.3,900.2,24962.2,61.9,1723.0,1065.6,"{'timestamp': '2026-09-09T03:42:53.994160+00:00', 'model_version': 'deepseek-r1:1.5b', 'prompt_hash': 'a6af280e'}",deepseek-r1_1.5b__N120
11,real_mixed_116,deepseek-r1:1.5b_kb_rag,42.14040398597717,138.29,0,codeblock,0.0909090909090909,0.25,0.1333333333333333,0.1818181818181818,2,13.5,100.0,8.1,829.8,900.2,24959.0,61.9,1723.0,1065.6,"{'timestamp': '2026-09-09T03:42:44.876839+00:00', 'model_version': 'deepseek-r1:1.5b', 'prompt_hash': 'a6af280e'}",deepseek-r1_1.5b__N120
11,real_mixed_117,deepseek-r1:1.5b_kb_rag,45.61217713356018,137.88,0,codeblock,0.5,0.2857142857142857,0.3636363636363636,0.0,0,10.4,30.4,4.1,676.9,760.5,24924.5,61.8,1723.0,1065.6,"{'timestamp': '2026-09-09T03:43:16.969441+00:00', 'model_version': 'deepseek-r1:1.5b', 'prompt_hash': 'a6af280e'}",deepseek-r1_1.5b__N120
11,real_mixed_118,deepseek-r1:1.5b_kb_rag,53.188405990600586,132.41,0,codeblock,0.0,0.0,0.0,0.0,0,11.6,30.4,2.9,642.5,760.5,24917.0,61.8,1723.0,1065.6,"{'timestamp': '2026-09-09T03:43:30.122376+00:00', 'model_version': 'deepseek-r1:1.5b', 'prompt_hash': 'a6af280e'}",deepseek-r1_1.5b__N120
11,real_mixed_119,deepseek-r1:1.5b_kb_rag,51.658376932144165,138.74,0,codeblock,0.25,0.125,0.1666666666666666,0.0,0,17.6,45.9,2.4,626.9,731.4,24904.4,61.8,1723.0,1065.6,"{'timestamp': '2026-09-09T03:43:33.484304+00:00', 'model_version': 'deepseek-r1:1.5b', 'prompt_hash': 'a6af280e'}",deepseek-r1_1.5b__N120
11,real_mixed_120,deepseek-r1:1.5b_kb_rag,53.66780185699463,138.58,0,codeblock,0.125,0.0833333333333333,0.1,0.625,5,13.6,39.3,1.7,616.0,731.4,24892.9,61.8,1723.0,1065.6,"{'timestamp': '2026-09-09T03:43:38.665850+00:00', 'model_version': 'deepseek-r1:1.5b', 'prompt_hash': 'a6af280e'}",deepseek-r1_1.5b__N120
0,real_mixed_2,gemma4:12b-mlx_baseline,4.048418283462524,60.69,0,direct_json,0.9166666666666666,0.6470588235294118,0.7586206896551724,0.0,0,29.6,40.7,12.9,75.2,75.4,21029.4,78.0,8118.0,7296.8,"{'timestamp': '2026-09-08T19:42:40.139972+00:00', 'model_version': 'gemma4:12b-mlx', 'prompt_hash': 'a6af280e'}",gemma4_12b-mlx__N120
0,real_mixed_3,gemma4:12b-mlx_baseline,4.552096128463745,57.0,0,direct_json,0.7692307692307693,0.5882352941176471,0.6666666666666667,0.0,0,18.4,37.8,12.2,76.4,76.4,22076.7,79.3,8592.8,7296.8,"{'timestamp': '2026-09-08T19:42:44.713547+00:00', 'model_version': 'gemma4:12b-mlx', 'prompt_hash': 'a6af280e'}",gemma4_12b-mlx__N120
0,real_mixed_4,gemma4:12b-mlx_baseline,5.068771123886108,51.78,0,direct_json,0.6666666666666666,0.6666666666666666,0.6666666666666666,0.0,0,20.4,34.8,10.6,76.9,77.1,21424.8,78.9,9087.8,7296.8,"{'timestamp': '2026-09-08T19:42:49.806352+00:00', 'model_version': 'gemma4:12b-mlx', 'prompt_hash': 'a6af280e'}",gemma4_12b-mlx__N120
0,real_mixed_5,gemma4:12b-mlx_baseline,5.100732326507568,54.93,0,direct_json,0.9473684210526316,0.8571428571428571,0.9,0.0,0,20.3,30.4,10.4,77.0,77.0,20541.8,76.8,9087.8,7296.8,"{'timestamp': '2026-09-08T19:42:54.928866+00:00', 'model_version': 'gemma4:12b-mlx', 'prompt_hash': 'a6af280e'}",gemma4_12b-mlx__N120
0,real_mixed_6,gemma4:12b-mlx_baseline,3.5511581897735596,65.39,0,direct_json,1.0,0.8,0.888888888888889,0.0,0,21.9,42.7,15.0,74.0,74.0,20533.9,77.5,9988.0,7296.8,"{'timestamp': '2026-09-08T19:42:58.504677+00:00', 'model_version': 'gemma4:12b-mlx', 'prompt_hash': 'a6af280e'}",gemma4_12b-mlx__N120
0,real_mixed_7,gemma4:12b-mlx_baseline,6.065532207489014,53.62,0,direct_json,0.8333333333333334,0.75,0.7894736842105262,0.0,0,34.5,48.1,8.8,72.6,74.9,21509.6,80.5,10588.8,7296.8,"{'timestamp': '2026-09-08T19:43:04.593414+00:00', 'model_version': 'gemma4:12b-mlx', 'prompt_hash': 'a6af280e'}",gemma4_12b-mlx__N120
0,real_mixed_8,gemma4:12b-mlx_baseline,4.038050174713135,50.98,0,direct_json,0.45,0.6,0.5142857142857143,0.1,2,24.2,39.1,13.5,74.2,74.4,20565.9,76.7,11101.0,7296.8,"{'timestamp': '2026-09-08T19:43:08.654974+00:00', 'model_version': 'gemma4:12b-mlx', 'prompt_hash': 'a6af280e'}",gemma4_12b-mlx__N120
0,real_mixed_9,gemma4:12b-mlx_baseline,3.5345427989959717,62.65,0,direct_json,0.9090909090909092,0.625,0.7407407407407406,0.0,0,21.9,27.0,15.3,75.9,75.9,20562.5,75.2,11506.0,7296.8,"{'timestamp': '2026-09-08T19:43:12.214419+00:00', 'model_version': 'gemma4:12b-mlx', 'prompt_hash': 'a6af280e'}",gemma4_12b-mlx__N120
0,real_mixed_10,gemma4:12b-mlx_baseline,3.563896894454956,64.95,0,direct_json,0.9285714285714286,0.9285714285714286,0.9285714285714286,0.0,0,27.4,42.4,16.6,76.8,76.8,20844.4,75.6,12009.0,7296.8,"{'timestamp': '2026-09-08T19:43:15.807744+00:00', 'model_version': 'gemma4:12b-mlx', 'prompt_hash': 'a6af280e'}",gemma4_12b-mlx__N120
1,real_mixed_11,gemma4:12b-mlx_baseline,8.576242923736572,59.47,0,direct_json,0.8928571428571429,0.925925925925926,0.9090909090909092,0.0,0,15.6,30.6,6.2,79.3,79.3,21558.1,76.6,12669.0,7296.8,"{'timestamp': '2026-09-08T19:43:24.417380+00:00', 'model_version': 'gemma4:12b-mlx', 'prompt_hash': 'a6af280e'}",gemma4_12b-mlx__N120
1,real_mixed_12,gemma4:12b-mlx_baseline,4.574948072433472,58.69,0,direct_json,0.9166666666666666,0.9166666666666666,0.9166666666666666,0.0,0,11.5,23.6,11.6,80.2,80.2,22439.4,77.8,13192.8,7296.8,"{'timestamp': '2026-09-08T19:43:29.016944+00:00', 'model_version': 'gemma4:12b-mlx', 'prompt_hash': 'a6af280e'}",gemma4_12b-mlx__N120
1,real_mixed_13,gemma4:12b-mlx_baseline,6.598443031311035,55.24,0,direct_json,0.8076923076923077,0.7777777777777778,0.7924528301886792,0.0,0,21.7,40.8,8.2,81.9,84.5,22569.6,82.1,13192.8,7296.8,"{'timestamp': '2026-09-08T19:43:35.646681+00:00', 'model_version': 'gemma4:12b-mlx', 'prompt_hash': 'a6af280e'}",gemma4_12b-mlx__N120
1,real_mixed_14,gemma4:12b-mlx_baseline,7.057421922683716,54.69,0,direct_json,0.6470588235294118,0.7333333333333333,0.6875,0.0,0,18.7,36.7,7.4,83.1,83.1,19693.8,71.8,14435.3,7296.8,"{'timestamp': '2026-09-08T19:43:42.725785+00:00', 'model_version': 'gemma4:12b-mlx', 'prompt_hash': 'a6af280e'}",gemma4_12b-mlx__N120
1,real_mixed_15,gemma4:12b-mlx_baseline,5.101754188537598,50.96,0,direct_json,0.8,0.7619047619047619,0.7804878048780488,0.0,0,18.0,32.9,10.7,82.7,83.5,22075.3,76.5,14435.3,7296.8,"{'timestamp': '2026-09-08T19:43:47.849305+00:00', 'model_version': 'gemma4:12b-mlx', 'prompt_hash': 'a6af280e'}",gemma4_12b-mlx__N120
1,real_mixed_16,gemma4:12b-mlx_baseline,3.5444188117980957,58.16,0,direct_json,1.0,0.75,0.8571428571428571,0.0,0,14.6,28.7,15.5,78.1,78.1,19201.8,73.1,15422.5,7296.8,"{'timestamp': '2026-09-08T19:43:51.420587+00:00', 'model_version': 'gemma4:12b-mlx', 'prompt_hash': 'a6af280e'}",gemma4_12b-mlx__N120
1,real_mixed_17,gemma4:12b-mlx_baseline,2.0527431964874268,62.69,0,direct_json,0.8,0.8,0.8000000000000002,0.0,0,18.7,28.5,26.7,78.8,78.8,18364.3,70.9,15810.5,7296.8,"{'timestamp': '2026-09-08T19:43:53.485448+00:00', 'model_version': 'gemma4:12b-mlx', 'prompt_hash': 'a6af280e'}",gemma4_12b-mlx__N120
1,real_mixed_18,gemma4:12b-mlx_baseline,4.045016050338745,57.69,0,direct_json,0.8333333333333334,0.7142857142857143,0.7692307692307692,0.0,0,22.2,47.6,13.4,79.5,79.5,20298.9,73.8,15913.4,7296.8,"{'timestamp': '2026-09-08T19:43:57.557573+00:00', 'model_version': 'gemma4:12b-mlx', 'prompt_hash': 'a6af280e'}",gemma4_12b-mlx__N120
1,real_mixed_19,gemma4:12b-mlx_baseline,4.0509748458862305,66.56,0,direct_json,1.0,1.0,1.0,0.0,0,16.7,25.4,13.3,80.1,80.1,22098.5,75.3,15814.4,7296.8,"{'timestamp': '2026-09-08T19:44:01.636135+00:00', 'model_version': 'gemma4:12b-mlx', 'prompt_hash': 'a6af280e'}",gemma4_12b-mlx__N120
1,real_mixed_20,gemma4:12b-mlx_baseline,4.553649187088013,54.06,0,direct_json,0.8181818181818182,0.4736842105263157,0.6,0.0,0,46.3,83.5,12.1,80.8,80.8,23209.1,75.9,15824.1,7296.8,"{'timestamp': '2026-09-08T19:44:06.217032+00:00', 'model_version': 'gemma4:12b-mlx', 'prompt_hash': 'a6af280e'}",gemma4_12b-mlx__N120
2,real_mixed_22,gemma4:12b-mlx_baseline,2.0271553993225098,59.87,0,direct_json,0.4285714285714285,1.0,0.6,0.0,0,26.9,31.5,27.7,76.9,77.0,20693.6,76.9,15713.4,7296.8,"{'timestamp': '2026-09-08T19:44:13.367781+00:00', 'model_version': 'gemma4:12b-mlx', 'prompt_hash': 'a6af280e'}",gemma4_12b-mlx__N120
2,real_mixed_23,gemma4:12b-mlx_baseline,4.050924777984619,59.75,0,direct_json,0.8181818181818182,0.5294117647058824,0.6428571428571428,0.0,0,21.4,50.9,13.6,77.8,77.8,21472.4,76.8,15823.1,7296.8,"{'timestamp': '2026-09-08T19:44:17.438896+00:00', 'model_version': 'gemma4:12b-mlx', 'prompt_hash': 'a6af280e'}",gemma4_12b-mlx__N120
2,real_mixed_24,gemma4:12b-mlx_baseline,3.5551071166992188,61.92,0,direct_json,1.0,0.7272727272727273,0.8421052631578948,0.0,0,18.5,25.8,15.7,78.6,78.6,21287.3,75.1,15707.4,7296.8,"{'timestamp': '2026-09-08T19:44:21.016446+00:00', 'model_version': 'gemma4:12b-mlx', 'prompt_hash': 'a6af280e'}",gemma4_12b-mlx__N120
2,real_mixed_25,gemma4:12b-mlx_baseline,3.536126136779785,64.27,0,direct_json,0.8333333333333334,0.5882352941176471,0.6896551724137931,0.0,0,17.4,28.8,15.2,79.4,79.4,21909.8,75.3,15650.2,7296.8,"{'timestamp': '2026-09-08T19:44:24.575377+00:00', 'model_version': 'gemma4:12b-mlx', 'prompt_hash': 'a6af280e'}",gemma4_12b-mlx__N120
2,real_mixed_26,gemma4:12b-mlx_baseline,6.618671655654907,55.93,0,direct_json,1.0,0.6666666666666666,0.8,0.0,0,22.7,43.1,8.0,74.4,80.2,22354.6,80.0,15650.2,7296.8,"{'timestamp': '2026-09-08T19:44:31.242974+00:00', 'model_version': 'gemma4:12b-mlx', 'prompt_hash': 'a6af280e'}",gemma4_12b-mlx__N120
2,real_mixed_28,gemma4:12b-mlx_baseline,4.553285121917725,57.89,0,direct_json,0.9285714285714286,0.7222222222222222,0.8125000000000001,0.0,0,16.8,35.1,11.9,76.0,76.0,22174.8,69.1,15774.2,7296.8,"{'timestamp': '2026-09-08T19:44:46.966592+00:00', 'model_version': 'gemma4:12b-mlx', 'prompt_hash': 'a6af280e'}",gemma4_12b-mlx__N120
2,real_mixed_29,gemma4:12b-mlx_baseline,5.562856912612915,56.37,0,direct_json,0.88,0.88,0.88,0.0,0,13.7,29.7,9.6,76.7,76.7,23277.0,69.9,15788.0,7296.8,"{'timestamp': '2026-09-08T19:44:52.574940+00:00', 'model_version': 'gemma4:12b-mlx', 'prompt_hash': 'a6af280e'}",gemma4_12b-mlx__N120
2,real_mixed_30,gemma4:12b-mlx_baseline,3.056039810180664,61.47,0,direct_json,0.9,0.6923076923076923,0.7826086956521738,0.0,0,18.0,31.0,17.7,77.5,77.5,22108.1,66.3,15624.0,7296.8,"{'timestamp': '2026-09-08T19:44:55.655901+00:00', 'model_version': 'gemma4:12b-mlx', 'prompt_hash': 'a6af280e'}",gemma4_12b-mlx__N120
3,real_mixed_31,gemma4:12b-mlx_baseline,2.0442280769348145,66.46,0,direct_json,0.6666666666666666,0.8,0.7272727272727272,0.0,0,11.4,14.0,27.1,88.0,88.0,21830.9,64.8,15572.0,7296.8,"{'timestamp': '2026-09-08T19:44:57.724731+00:00', 'model_version': 'gemma4:12b-mlx', 'prompt_hash': 'a6af280e'}",gemma4_12b-mlx__N120
3,real_mixed_32,gemma4:12b-mlx_baseline,3.551460027694702,60.1,0,direct_json,0.7692307692307693,0.625,0.6896551724137931,0.0,0,14.3,17.3,15.2,88.1,88.1,22753.1,65.8,15653.0,7296.8,"{'timestamp': '2026-09-08T19:45:01.311676+00:00', 'model_version': 'gemma4:12b-mlx', 'prompt_hash': 'a6af280e'}",gemma4_12b-mlx__N120
3,real_mixed_33,gemma4:12b-mlx_baseline,4.058289289474487,62.55,0,direct_json,0.9166666666666666,0.7333333333333333,0.8148148148148148,0.0,0,22.9,29.0,13.4,88.2,88.2,23543.3,66.1,15906.5,7296.8,"{'timestamp': '2026-09-08T19:45:05.402814+00:00', 'model_version': 'gemma4:12b-mlx', 'prompt_hash': 'a6af280e'}",gemma4_12b-mlx__N120
3,real_mixed_34,gemma4:12b-mlx_baseline,4.054638862609863,53.17,0,direct_json,0.8,0.5714285714285714,0.6666666666666666,0.0,0,12.5,20.5,13.1,88.2,88.2,23785.4,64.9,15916.8,7296.8,"{'timestamp': '2026-09-08T19:45:09.482840+00:00', 'model_version': 'gemma4:12b-mlx', 'prompt_hash': 'a6af280e'}",gemma4_12b-mlx__N120
3,real_mixed_35,gemma4:12b-mlx_baseline,4.04019570350647,57.66,0,direct_json,1.0,1.0,1.0,0.0,0,12.8,22.6,13.3,88.2,88.2,24553.3,65.5,15978.9,7296.8,"{'timestamp': '2026-09-08T19:45:13.539085+00:00', 'model_version': 'gemma4:12b-mlx', 'prompt_hash': 'a6af280e'}",gemma4_12b-mlx__N120
3,real_mixed_36,gemma4:12b-mlx_baseline,4.03993821144104,63.6,0,direct_json,0.6190476190476191,0.5909090909090909,0.6046511627906977,0.0,0,17.2,28.3,13.2,88.3,88.3,25794.0,67.4,15791.9,7296.8,"{'timestamp': '2026-09-08T19:45:17.615347+00:00', 'model_version': 'gemma4:12b-mlx', 'prompt_hash': 'a6af280e'}",gemma4_12b-mlx__N120
3,real_mixed_37,gemma4:12b-mlx_baseline,4.5625998973846436,55.23,0,direct_json,0.9230769230769232,0.8,0.8571428571428571,0.0,0,14.0,18.3,11.9,88.3,88.3,25735.8,66.6,15930.4,7296.8,"{'timestamp': '2026-09-08T19:45:22.211756+00:00', 'model_version': 'gemma4:12b-mlx', 'prompt_hash': 'a6af280e'}",gemma4_12b-mlx__N120
3,real_mixed_38,gemma4:12b-mlx_baseline,5.04939603805542,61.15,0,direct_json,0.9411764705882352,0.8888888888888888,0.9142857142857144,0.0,0,17.1,23.6,10.8,88.4,88.4,26947.6,68.2,16038.4,7296.8,"{'timestamp': '2026-09-08T19:45:27.291551+00:00', 'model_version': 'gemma4:12b-mlx', 'prompt_hash': 'a6af280e'}",gemma4_12b-mlx__N120
3,real_mixed_39,gemma4:12b-mlx_baseline,3.550830125808716,54.83,0,direct_json,0.6666666666666666,0.5,0.5714285714285715,0.0,0,10.7,18.5,15.0,88.3,88.3,25864.7,65.7,15955.2,7296.8,"{'timestamp': '2026-09-08T19:45:30.864444+00:00', 'model_version': 'gemma4:12b-mlx', 'prompt_hash': 'a6af280e'}",gemma4_12b-mlx__N120
3,real_mixed_40,gemma4:12b-mlx_baseline,4.053270101547241,58.21,0,direct_json,0.7857142857142857,0.7333333333333333,0.7586206896551724,0.0,0,14.9,28.8,13.3,88.4,88.4,25621.8,64.6,15862.9,7296.8,"{'timestamp': '2026-09-08T19:45:34.940437+00:00', 'model_version': 'gemma4:12b-mlx', 'prompt_hash': 'a6af280e'}",gemma4_12b-mlx__N120
4,real_mixed_42,gemma4:12b-mlx_baseline,7.121006965637207,45.54,0,direct_json,0.88,0.7586206896551724,0.8148148148148148,0.0,0,22.9,38.3,7.8,85.1,88.8,26391.3,70.3,15901.4,7296.8,"{'timestamp': '2026-09-08T19:45:46.692315+00:00', 'model_version': 'gemma4:12b-mlx', 'prompt_hash': 'a6af280e'}",gemma4_12b-mlx__N120
4,real_mixed_43,gemma4:12b-mlx_baseline,12.127285957336426,49.67,0,direct_json,0.76,0.8636363636363636,0.8085106382978724,0.0,0,15.3,33.3,4.2,87.8,87.8,22137.6,71.6,15988.1,7296.8,"{'timestamp': '2026-09-08T19:45:58.839553+00:00', 'model_version': 'gemma4:12b-mlx', 'prompt_hash': 'a6af280e'}",gemma4_12b-mlx__N120
4,real_mixed_44,gemma4:12b-mlx_baseline,7.107967853546143,48.22,0,direct_json,0.68,0.85,0.7555555555555556,0.0,0,22.2,49.4,7.5,84.3,88.0,23434.9,76.3,15988.1,7296.8,"{'timestamp': '2026-09-08T19:46:05.967212+00:00', 'model_version': 'gemma4:12b-mlx', 'prompt_hash': 'a6af280e'}",gemma4_12b-mlx__N120
4,real_mixed_45,gemma4:12b-mlx_baseline,4.048187971115112,65.93,0,direct_json,0.8666666666666667,0.8125,0.8387096774193549,0.0,0,15.1,26.8,13.2,77.3,77.3,20562.4,71.7,15746.4,7296.8,"{'timestamp': '2026-09-08T19:46:10.033388+00:00', 'model_version': 'gemma4:12b-mlx', 'prompt_hash': 'a6af280e'}",gemma4_12b-mlx__N120
4,real_mixed_46,gemma4:12b-mlx_baseline,3.036494016647339,54.9,0,direct_json,0.75,0.4,0.5217391304347827,0.0,0,14.4,26.4,17.4,78.0,78.0,20624.4,69.3,15797.1,7296.8,"{'timestamp': '2026-09-08T19:46:13.090190+00:00', 'model_version': 'gemma4:12b-mlx', 'prompt_hash': 'a6af280e'}",gemma4_12b-mlx__N120
4,real_mixed_47,gemma4:12b-mlx_baseline,5.609551906585693,53.61,0,direct_json,0.8461538461538461,0.7857142857142857,0.8148148148148148,0.0,0,23.6,40.8,9.7,78.2,78.7,23654.3,75.2,15797.1,7296.8,"{'timestamp': '2026-09-08T19:46:18.734842+00:00', 'model_version': 'gemma4:12b-mlx', 'prompt_hash': 'a6af280e'}",gemma4_12b-mlx__N120
4,real_mixed_48,gemma4:12b-mlx_baseline,3.5560178756713867,61.57,0,direct_json,0.8888888888888888,0.8,0.8421052631578948,0.0,0,19.1,30.2,15.0,76.0,76.0,20263.8,72.9,15802.4,7296.8,"{'timestamp': '2026-09-08T19:46:22.309519+00:00', 'model_version': 'gemma4:12b-mlx', 'prompt_hash': 'a6af280e'}",gemma4_12b-mlx__N120
4,real_mixed_49,gemma4:12b-mlx_baseline,5.075117111206055,62.62,0,direct_json,0.8461538461538461,0.6111111111111112,0.7096774193548387,0.0,0,22.0,34.7,10.6,76.7,76.7,21933.7,72.1,16019.9,7296.8,"{'timestamp': '2026-09-08T19:46:27.416658+00:00', 'model_version': 'gemma4:12b-mlx', 'prompt_hash': 'a6af280e'}",gemma4_12b-mlx__N120
4,real_mixed_50,gemma4:12b-mlx_baseline,4.044759035110474,61.13,0,direct_json,0.875,0.7368421052631579,0.7999999999999999,0.0,0,11.6,23.5,13.0,76.9,77.0,22558.5,72.6,15707.7,7296.8,"{'timestamp': '2026-09-08T19:46:31.500220+00:00', 'model_version': 'gemma4:12b-mlx', 'prompt_hash': 'a6af280e'}",gemma4_12b-mlx__N120
5,real_mixed_51,gemma4:12b-mlx_baseline,4.0564610958099365,62.07,0,direct_json,0.7857142857142857,0.7333333333333333,0.7586206896551724,0.0,0,13.0,24.0,13.4,92.4,92.4,21981.7,70.0,15888.2,7296.8,"{'timestamp': '2026-09-08T19:46:35.600294+00:00', 'model_version': 'gemma4:12b-mlx', 'prompt_hash': 'a6af280e'}",gemma4_12b-mlx__N120
5,real_mixed_52,gemma4:12b-mlx_baseline,5.046426296234131,59.14,0,direct_json,0.7142857142857143,0.7142857142857143,0.7142857142857143,0.0,0,13.6,25.4,10.6,92.4,92.4,23771.8,72.4,15734.9,7296.8,"{'timestamp': '2026-09-08T19:46:40.684592+00:00', 'model_version': 'gemma4:12b-mlx', 'prompt_hash': 'a6af280e'}",gemma4_12b-mlx__N120
5,real_mixed_53,gemma4:12b-mlx_baseline,4.052304267883301,67.29,0,direct_json,0.8125,0.8125,0.8125,0.0,0,18.3,40.6,13.2,91.9,91.9,22102.4,73.2,15902.7,7296.8,"{'timestamp': '2026-09-08T19:46:44.763198+00:00', 'model_version': 'gemma4:12b-mlx', 'prompt_hash': 'a6af280e'}",gemma4_12b-mlx__N120
5,real_mixed_54,gemma4:12b-mlx_baseline,2.0325570106506348,59.6,0,direct_json,1.0,0.875,0.9333333333333332,0.0,0,17.2,26.2,27.1,91.9,91.9,20722.5,69.8,15587.7,7296.8,"{'timestamp': '2026-09-08T19:46:46.815065+00:00', 'model_version': 'gemma4:12b-mlx', 'prompt_hash': 'a6af280e'}",gemma4_12b-mlx__N120
5,real_mixed_55,gemma4:12b-mlx_baseline,5.06401515007019,57.44,0,direct_json,0.8125,0.65,0.7222222222222223,0.0,0,15.1,35.0,10.9,91.9,91.9,22725.7,72.7,15948.7,7296.8,"{'timestamp': '2026-09-08T19:46:51.918054+00:00', 'model_version': 'gemma4:12b-mlx', 'prompt_hash': 'a6af280e'}",gemma4_12b-mlx__N120
5,real_mixed_56,gemma4:12b-mlx_baseline,6.10752272605896,52.69,0,direct_json,0.8095238095238095,0.6538461538461539,0.7234042553191489,0.0,0,21.2,31.7,9.0,90.4,91.7,23406.6,74.8,15948.7,7296.8,"{'timestamp': '2026-09-08T19:46:58.053063+00:00', 'model_version': 'gemma4:12b-mlx', 'prompt_hash': 'a6af280e'}",gemma4_12b-mlx__N120
5,real_mixed_57,gemma4:12b-mlx_baseline,4.05786395072937,62.35,0,direct_json,1.0,0.9523809523809524,0.975609756097561,0.0,0,14.1,27.9,13.2,74.7,74.7,19898.1,71.8,15660.0,7296.8,"{'timestamp': '2026-09-08T19:47:02.151626+00:00', 'model_version': 'gemma4:12b-mlx', 'prompt_hash': 'a6af280e'}",gemma4_12b-mlx__N120
5,real_mixed_58,gemma4:12b-mlx_baseline,4.059589147567749,61.11,0,direct_json,0.9333333333333332,0.7777777777777778,0.8484848484848485,0.0,0,20.1,37.5,13.2,75.5,75.5,20856.3,71.2,15741.3,7296.8,"{'timestamp': '2026-09-08T19:47:06.237547+00:00', 'model_version': 'gemma4:12b-mlx', 'prompt_hash': 'a6af280e'}",gemma4_12b-mlx__N120
5,real_mixed_60,gemma4:12b-mlx_baseline,4.5533833503723145,48.17,0,direct_json,0.9166666666666666,0.7857142857142857,0.8461538461538461,0.0,0,14.4,30.1,12.2,77.5,77.5,21972.9,70.2,15853.2,7296.8,"{'timestamp': '2026-09-08T19:47:19.931391+00:00', 'model_version': 'gemma4:12b-mlx', 'prompt_hash': 'a6af280e'}",gemma4_12b-mlx__N120
6,real_mixed_61,gemma4:12b-mlx_baseline,13.10969090461731,52.0,0,direct_json,0.6578947368421053,0.6944444444444444,0.6756756756756757,0.0,0,13.8,35.2,4.1,83.3,83.3,22475.0,69.0,15894.4,7296.8,"{'timestamp': '2026-09-08T19:47:33.106865+00:00', 'model_version': 'gemma4:12b-mlx', 'prompt_hash': 'a6af280e'}",gemma4_12b-mlx__N120
6,real_mixed_62,gemma4:12b-mlx_baseline,5.053640127182007,55.2,0,direct_json,0.75,0.6666666666666666,0.7058823529411765,0.0,0,13.8,24.0,10.4,83.5,83.5,24271.9,70.3,15836.2,7296.8,"{'timestamp': '2026-09-08T19:47:38.186295+00:00', 'model_version': 'gemma4:12b-mlx', 'prompt_hash': 'a6af280e'}",gemma4_12b-mlx__N120
6,real_mixed_63,gemma4:12b-mlx_baseline,3.550416946411133,55.59,0,direct_json,0.7692307692307693,0.6666666666666666,0.7142857142857142,0.0,0,12.2,18.5,15.0,83.5,83.5,24674.6,69.4,15783.9,7296.8,"{'timestamp': '2026-09-08T19:47:41.766669+00:00', 'model_version': 'gemma4:12b-mlx', 'prompt_hash': 'a6af280e'}",gemma4_12b-mlx__N120
6,real_mixed_64,gemma4:12b-mlx_baseline,3.0475480556488037,58.23,0,direct_json,0.75,0.75,0.75,0.0,0,13.8,27.5,18.1,83.5,83.5,23484.4,66.1,15744.4,7296.8,"{'timestamp': '2026-09-08T19:47:44.830228+00:00', 'model_version': 'gemma4:12b-mlx', 'prompt_hash': 'a6af280e'}",gemma4_12b-mlx__N120
6,real_mixed_65,gemma4:12b-mlx_baseline,4.0556111335754395,57.44,0,direct_json,0.7142857142857143,0.4545454545454545,0.5555555555555556,0.0,0,9.1,16.3,12.9,83.5,83.5,24844.9,67.5,15757.7,7296.8,"{'timestamp': '2026-09-08T19:47:48.909251+00:00', 'model_version': 'gemma4:12b-mlx', 'prompt_hash': 'a6af280e'}",gemma4_12b-mlx__N120
6,real_mixed_66,gemma4:12b-mlx_baseline,4.540404319763184,53.72,0,direct_json,0.5294117647058824,0.3461538461538461,0.4186046511627906,0.0,0,11.4,19.8,11.8,83.5,83.5,25309.9,67.3,15906.9,7296.8,"{'timestamp': '2026-09-08T19:47:53.488975+00:00', 'model_version': 'gemma4:12b-mlx', 'prompt_hash': 'a6af280e'}",gemma4_12b-mlx__N120
6,real_mixed_67,gemma4:12b-mlx_baseline,5.572330951690674,57.82,0,direct_json,0.8,0.7272727272727273,0.761904761904762,0.0,0,14.3,28.6,9.6,83.5,83.5,26767.4,69.0,15950.4,7296.8,"{'timestamp': '2026-09-08T19:47:59.101234+00:00', 'model_version': 'gemma4:12b-mlx', 'prompt_hash': 'a6af280e'}",gemma4_12b-mlx__N120
6,real_mixed_68,gemma4:12b-mlx_baseline,4.588130950927734,59.09,0,direct_json,1.0,0.8421052631578947,0.9142857142857144,0.0,0,16.1,27.6,11.6,83.3,83.3,24029.1,69.6,15733.2,7296.8,"{'timestamp': '2026-09-08T19:48:03.712376+00:00', 'model_version': 'gemma4:12b-mlx', 'prompt_hash': 'a6af280e'}",gemma4_12b-mlx__N120
6,real_mixed_69,gemma4:12b-mlx_baseline,5.605851173400879,57.19,0,direct_json,1.0,0.8928571428571429,0.9433962264150944,0.0,0,14.7,28.6,9.8,83.4,83.4,25370.4,71.9,15995.0,7296.8,"{'timestamp': '2026-09-08T19:48:09.366424+00:00', 'model_version': 'gemma4:12b-mlx', 'prompt_hash': 'a6af280e'}",gemma4_12b-mlx__N120
6,real_mixed_70,gemma4:12b-mlx_baseline,5.107456922531128,56.96,0,direct_json,0.9,0.72,0.7999999999999999,0.0,0,13.5,17.9,10.5,82.2,82.2,23241.2,71.1,15850.0,7296.8,"{'timestamp': '2026-09-08T19:48:14.511235+00:00', 'model_version': 'gemma4:12b-mlx', 'prompt_hash': 'a6af280e'}",gemma4_12b-mlx__N120
7,real_mixed_71,gemma4:12b-mlx_baseline,4.5917582511901855,54.41,0,direct_json,0.7,0.5,0.5833333333333334,0.0,0,17.8,24.1,11.6,83.7,83.7,24116.8,70.8,15714.0,7296.8,"{'timestamp': '2026-09-08T19:48:19.137548+00:00', 'model_version': 'gemma4:12b-mlx', 'prompt_hash': 'a6af280e'}",gemma4_12b-mlx__N120
7,real_mixed_72,gemma4:12b-mlx_baseline,4.055686950683594,59.02,0,direct_json,0.8333333333333334,0.5882352941176471,0.6896551724137931,0.0,0,15.0,28.1,13.0,83.7,83.7,24137.9,69.3,15653.6,7296.8,"{'timestamp': '2026-09-08T19:48:23.221029+00:00', 'model_version': 'gemma4:12b-mlx', 'prompt_hash': 'a6af280e'}",gemma4_12b-mlx__N120
7,real_mixed_73,gemma4:12b-mlx_baseline,4.585676908493042,53.34,0,direct_json,1.0,0.75,0.8571428571428571,0.0,0,15.3,22.2,11.5,83.7,83.8,25069.7,70.1,15799.2,7296.8,"{'timestamp': '2026-09-08T19:48:27.838212+00:00', 'model_version': 'gemma4:12b-mlx', 'prompt_hash': 'a6af280e'}",gemma4_12b-mlx__N120
7,real_mixed_74,gemma4:12b-mlx_baseline,4.08512806892395,56.63,0,direct_json,1.0,0.9166666666666666,0.9565217391304348,0.0,0,15.9,23.9,13.5,83.8,83.8,24900.4,68.9,15853.7,7296.8,"{'timestamp': '2026-09-08T19:48:31.950070+00:00', 'model_version': 'gemma4:12b-mlx', 'prompt_hash': 'a6af280e'}",gemma4_12b-mlx__N120
7,real_mixed_75,gemma4:12b-mlx_baseline,3.0756490230560303,54.2,0,direct_json,1.0,0.8,0.888888888888889,0.0,0,19.6,30.3,17.8,83.8,83.8,24665.5,67.5,15640.2,7296.8,"{'timestamp': '2026-09-08T19:48:35.040883+00:00', 'model_version': 'gemma4:12b-mlx', 'prompt_hash': 'a6af280e'}",gemma4_12b-mlx__N120
7,real_mixed_76,gemma4:12b-mlx_baseline,1.5539510250091553,26.72,0,direct_json,0.0,0.0,0.0,0.0,0,25.0,26.2,34.9,83.9,83.9,24525.5,66.1,15689.2,7296.8,"{'timestamp': '2026-09-08T19:48:36.598799+00:00', 'model_version': 'gemma4:12b-mlx', 'prompt_hash': 'a6af280e'}",gemma4_12b-mlx__N120
7,real_mixed_77,gemma4:12b-mlx_baseline,7.125278949737549,46.69,0,direct_json,0.782608695652174,0.782608695652174,0.782608695652174,0.0,0,27.2,47.1,8.4,80.1,84.0,25404.9,73.1,16034.4,7296.8,"{'timestamp': '2026-09-08T19:48:43.773189+00:00', 'model_version': 'gemma4:12b-mlx', 'prompt_hash': 'a6af280e'}",gemma4_12b-mlx__N120
7,real_mixed_78,gemma4:12b-mlx_baseline,7.596435070037842,47.11,0,direct_json,0.5,0.8571428571428571,0.631578947368421,0.0,0,16.6,38.4,7.1,82.4,82.4,21326.6,71.4,16017.2,7296.8,"{'timestamp': '2026-09-08T19:48:51.381584+00:00', 'model_version': 'gemma4:12b-mlx', 'prompt_hash': 'a6af280e'}",gemma4_12b-mlx__N120
7,real_mixed_80,gemma4:12b-mlx_baseline,9.12753415107727,59.18,0,direct_json,0.6388888888888888,0.8214285714285714,0.7187499999999999,0.0,0,15.0,24.6,5.9,83.2,83.2,22697.0,69.2,16029.2,7296.8,"{'timestamp': '2026-09-08T19:49:09.214668+00:00', 'model_version': 'gemma4:12b-mlx', 'prompt_hash': 'a6af280e'}",gemma4_12b-mlx__N120
8,real_mixed_81,gemma4:12b-mlx_baseline,3.571463108062744,59.45,0,direct_json,0.9,0.6428571428571429,0.75,0.0,0,20.0,52.6,14.8,84.2,84.2,23797.2,69.6,15661.2,7296.8,"{'timestamp': '2026-09-08T19:49:12.835434+00:00', 'model_version': 'gemma4:12b-mlx', 'prompt_hash': 'a6af280e'}",gemma4_12b-mlx__N120
8,real_mixed_82,gemma4:12b-mlx_baseline,4.574836015701294,61.39,0,direct_json,0.875,0.8235294117647058,0.8484848484848485,0.0,0,15.9,35.1,12.1,84.3,84.3,24726.1,70.5,15942.4,7296.8,"{'timestamp': '2026-09-08T19:49:17.432634+00:00', 'model_version': 'gemma4:12b-mlx', 'prompt_hash': 'a6af280e'}",gemma4_12b-mlx__N120
8,real_mixed_83,gemma4:12b-mlx_baseline,3.059030771255493,66.81,0,direct_json,1.0,0.8461538461538461,0.9166666666666666,0.0,0,20.9,33.7,17.7,84.2,84.2,24624.3,69.9,15818.9,7296.8,"{'timestamp': '2026-09-08T19:49:20.520141+00:00', 'model_version': 'gemma4:12b-mlx', 'prompt_hash': 'a6af280e'}",gemma4_12b-mlx__N120
8,real_mixed_84,gemma4:12b-mlx_baseline,3.0614171028137207,65.3,0,direct_json,1.0,0.8181818181818182,0.9,0.0,0,21.6,26.6,17.8,84.2,84.2,23960.6,67.1,15717.5,7296.8,"{'timestamp': '2026-09-08T19:49:23.602285+00:00', 'model_version': 'gemma4:12b-mlx', 'prompt_hash': 'a6af280e'}",gemma4_12b-mlx__N120
8,real_mixed_85,gemma4:12b-mlx_baseline,3.547791004180908,60.52,0,direct_json,0.875,0.7777777777777778,0.823529411764706,0.0,0,14.9,21.2,15.8,84.2,84.2,24843.5,67.7,15849.5,7296.8,"{'timestamp': '2026-09-08T19:49:27.166781+00:00', 'model_version': 'gemma4:12b-mlx', 'prompt_hash': 'a6af280e'}",gemma4_12b-mlx__N120
8,real_mixed_86,gemma4:12b-mlx_baseline,4.0720250606536865,55.73,0,direct_json,0.9166666666666666,0.7857142857142857,0.8461538461538461,0.0,0,11.8,20.4,13.8,84.2,84.2,24926.7,67.1,15804.3,7296.8,"{'timestamp': '2026-09-08T19:49:31.265534+00:00', 'model_version': 'gemma4:12b-mlx', 'prompt_hash': 'a6af280e'}",gemma4_12b-mlx__N120
8,real_mixed_87,gemma4:12b-mlx_baseline,3.0683608055114746,64.3,0,direct_json,0.8571428571428571,0.5454545454545454,0.6666666666666665,0.0,0,15.0,28.2,17.6,84.2,84.2,24705.0,65.5,15724.3,7296.8,"{'timestamp': '2026-09-08T19:49:34.354980+00:00', 'model_version': 'gemma4:12b-mlx', 'prompt_hash': 'a6af280e'}",gemma4_12b-mlx__N120
8,real_mixed_88,gemma4:12b-mlx_baseline,2.55963397026062,58.96,0,direct_json,0.875,0.875,0.875,0.0,0,15.4,27.1,22.7,84.2,84.2,25111.7,65.3,15464.8,7296.8,"{'timestamp': '2026-09-08T19:49:36.927305+00:00', 'model_version': 'gemma4:12b-mlx', 'prompt_hash': 'a6af280e'}",gemma4_12b-mlx__N120
8,real_mixed_89,gemma4:12b-mlx_baseline,3.568459987640381,56.96,0,direct_json,0.8888888888888888,0.5714285714285714,0.6956521739130435,0.0,0,15.6,29.4,15.5,84.2,84.2,25820.2,65.7,15673.1,7296.8,"{'timestamp': '2026-09-08T19:49:40.511215+00:00', 'model_version': 'gemma4:12b-mlx', 'prompt_hash': 'a6af280e'}",gemma4_12b-mlx__N120
8,real_mixed_90,gemma4:12b-mlx_baseline,5.122421026229858,49.58,0,direct_json,0.7894736842105263,0.6818181818181818,0.7317073170731707,0.0,0,23.4,33.6,10.9,84.2,84.3,26891.0,67.9,15673.1,7296.8,"{'timestamp': '2026-09-08T19:49:45.658019+00:00', 'model_version': 'gemma4:12b-mlx', 'prompt_hash': 'a6af280e'}",gemma4_12b-mlx__N120
9,real_mixed_91,gemma4:12b-mlx_baseline,5.090023994445801,46.95,0,direct_json,1.0,0.7647058823529411,0.8666666666666666,0.0,0,23.2,35.7,10.8,84.4,84.4,23225.3,72.9,15898.8,7296.8,"{'timestamp': '2026-09-08T19:49:50.789496+00:00', 'model_version': 'gemma4:12b-mlx', 'prompt_hash': 'a6af280e'}",gemma4_12b-mlx__N120
9,real_mixed_92,gemma4:12b-mlx_baseline,4.573563098907471,53.66,0,direct_json,0.875,0.6666666666666666,0.7567567567567567,0.0,0,19.2,35.9,11.6,84.4,84.4,23063.8,71.3,15938.9,7296.8,"{'timestamp': '2026-09-08T19:49:55.400678+00:00', 'model_version': 'gemma4:12b-mlx', 'prompt_hash': 'a6af280e'}",gemma4_12b-mlx__N120
9,real_mixed_93,gemma4:12b-mlx_baseline,4.0769758224487305,58.47,0,direct_json,1.0,0.8666666666666667,0.9285714285714286,0.0,0,17.1,34.1,13.3,84.5,84.5,23540.1,71.2,15836.4,7296.8,"{'timestamp': '2026-09-08T19:49:59.500765+00:00', 'model_version': 'gemma4:12b-mlx', 'prompt_hash': 'a6af280e'}",gemma4_12b-mlx__N120
9,real_mixed_94,gemma4:12b-mlx_baseline,5.093971014022827,56.85,0,direct_json,0.9473684210526316,0.8181818181818182,0.8780487804878049,0.0,0,20.5,35.2,10.6,84.5,84.5,24235.9,71.5,15969.9,7296.8,"{'timestamp': '2026-09-08T19:50:04.617676+00:00', 'model_version': 'gemma4:12b-mlx', 'prompt_hash': 'a6af280e'}",gemma4_12b-mlx__N120
9,real_mixed_95,gemma4:12b-mlx_baseline,3.068078994750977,57.87,0,direct_json,0.7777777777777778,0.875,0.823529411764706,0.0,0,14.2,24.8,17.8,84.4,84.4,23910.6,69.6,15744.1,7296.8,"{'timestamp': '2026-09-08T19:50:07.705841+00:00', 'model_version': 'gemma4:12b-mlx', 'prompt_hash': 'a6af280e'}",gemma4_12b-mlx__N120
9,real_mixed_96,gemma4:12b-mlx_baseline,3.5675408840179443,62.07,0,direct_json,0.6923076923076923,0.6428571428571429,0.6666666666666666,0.0,0,13.4,21.1,15.4,84.4,84.4,24100.8,68.9,15850.9,7296.8,"{'timestamp': '2026-09-08T19:50:11.302774+00:00', 'model_version': 'gemma4:12b-mlx', 'prompt_hash': 'a6af280e'}",gemma4_12b-mlx__N120
9,real_mixed_97,gemma4:12b-mlx_baseline,3.552295923233032,54.97,0,direct_json,1.0,0.9230769230769232,0.96,0.0,0,16.9,27.2,15.2,84.4,84.4,24310.5,68.4,15605.6,7296.8,"{'timestamp': '2026-09-08T19:50:14.876434+00:00', 'model_version': 'gemma4:12b-mlx', 'prompt_hash': 'a6af280e'}",gemma4_12b-mlx__N120
9,real_mixed_98,gemma4:12b-mlx_baseline,7.155675888061523,48.16,0,direct_json,0.84,0.6176470588235294,0.711864406779661,0.0,0,22.5,32.3,7.8,83.9,84.4,25291.3,72.7,15605.6,7296.8,"{'timestamp': '2026-09-08T19:50:22.076304+00:00', 'model_version': 'gemma4:12b-mlx', 'prompt_hash': 'a6af280e'}",gemma4_12b-mlx__N120
9,real_mixed_99,gemma4:12b-mlx_baseline,2.557264804840088,61.28,0,direct_json,0.6666666666666666,1.0,0.8,0.0,0,11.9,13.6,21.8,82.6,82.6,21285.3,72.7,15659.2,7296.8,"{'timestamp': '2026-09-08T19:50:24.644178+00:00', 'model_version': 'gemma4:12b-mlx', 'prompt_hash': 'a6af280e'}",gemma4_12b-mlx__N120
9,real_mixed_100,gemma4:12b-mlx_baseline,5.098693132400513,57.19,0,direct_json,0.7619047619047619,0.7619047619047619,0.7619047619047619,0.0,0,16.3,25.4,10.7,82.7,82.7,22708.0,72.7,15921.5,7296.8,"{'timestamp': '2026-09-08T19:50:29.777453+00:00', 'model_version': 'gemma4:12b-mlx', 'prompt_hash': 'a6af280e'}",gemma4_12b-mlx__N120
10,real_mixed_102,gemma4:12b-mlx_baseline,1.542151927947998,28.39,0,direct_json,1.0,1.0,1.0,0.0,0,8.6,12.9,35.6,84.0,84.0,21497.9,67.4,15677.7,7296.8,"{'timestamp': '2026-09-08T19:50:34.452000+00:00', 'model_version': 'gemma4:12b-mlx', 'prompt_hash': 'a6af280e'}",gemma4_12b-mlx__N120
10,real_mixed_103,gemma4:12b-mlx_baseline,1.547435998916626,39.04,0,direct_json,1.0,1.0,1.0,0.0,0,20.3,28.9,35.8,84.0,84.0,22468.6,68.4,15514.9,7296.8,"{'timestamp': '2026-09-08T19:50:36.014481+00:00', 'model_version': 'gemma4:12b-mlx', 'prompt_hash': 'a6af280e'}",gemma4_12b-mlx__N120
10,real_mixed_104,gemma4:12b-mlx_baseline,4.570678949356079,55.97,0,direct_json,0.8947368421052632,0.8095238095238095,0.8500000000000001,0.0,0,14.3,24.0,11.5,84.0,84.0,24528.7,71.5,15790.9,7296.8,"{'timestamp': '2026-09-08T19:50:40.627311+00:00', 'model_version': 'gemma4:12b-mlx', 'prompt_hash': 'a6af280e'}",gemma4_12b-mlx__N120
10,real_mixed_105,gemma4:12b-mlx_baseline,4.580554962158203,61.34,0,direct_json,0.7333333333333333,0.7333333333333333,0.7333333333333333,0.0,0,17.1,29.3,11.8,84.0,84.0,24970.3,71.5,15919.1,7296.8,"{'timestamp': '2026-09-08T19:50:45.242254+00:00', 'model_version': 'gemma4:12b-mlx', 'prompt_hash': 'a6af280e'}",gemma4_12b-mlx__N120
10,real_mixed_106,gemma4:12b-mlx_baseline,2.033529043197632,55.69,0,direct_json,1.0,1.0,1.0,0.0,0,11.1,17.4,26.0,83.9,84.0,23273.1,68.2,15808.8,7296.8,"{'timestamp': '2026-09-08T19:50:47.289235+00:00', 'model_version': 'gemma4:12b-mlx', 'prompt_hash': 'a6af280e'}",gemma4_12b-mlx__N120
10,real_mixed_107,gemma4:12b-mlx_baseline,7.120093822479248,53.5,0,direct_json,0.6666666666666666,0.8571428571428571,0.75,0.0,0,17.6,27.7,7.6,84.0,84.0,23974.0,68.5,16104.8,7296.8,"{'timestamp': '2026-09-08T19:50:54.425188+00:00', 'model_version': 'gemma4:12b-mlx', 'prompt_hash': 'a6af280e'}",gemma4_12b-mlx__N120
10,real_mixed_108,gemma4:12b-mlx_baseline,4.074594020843506,56.78,0,direct_json,0.4545454545454545,0.625,0.5263157894736842,0.0,0,18.8,25.8,13.4,84.1,84.1,25695.7,70.3,15912.4,7296.8,"{'timestamp': '2026-09-08T19:50:58.515391+00:00', 'model_version': 'gemma4:12b-mlx', 'prompt_hash': 'a6af280e'}",gemma4_12b-mlx__N120
10,real_mixed_109,gemma4:12b-mlx_baseline,6.0902369022369385,50.28,0,direct_json,0.8636363636363636,0.6551724137931034,0.7450980392156864,0.0,0,25.1,35.6,8.8,79.9,84.2,26309.0,73.1,16036.6,7296.8,"{'timestamp': '2026-09-08T19:51:04.635158+00:00', 'model_version': 'gemma4:12b-mlx', 'prompt_hash': 'a6af280e'}",gemma4_12b-mlx__N120
10,real_mixed_110,gemma4:12b-mlx_baseline,6.1235878467559814,51.86,0,direct_json,0.6875,0.4583333333333333,0.5499999999999999,0.0,0,24.1,33.1,8.7,81.0,82.5,22559.3,76.1,16036.6,7296.8,"{'timestamp': '2026-09-08T19:51:10.795191+00:00', 'model_version': 'gemma4:12b-mlx', 'prompt_hash': 'a6af280e'}",gemma4_12b-mlx__N120
11,real_mixed_111,gemma4:12b-mlx_baseline,5.570525884628296,66.35,0,direct_json,0.9411764705882352,0.9411764705882352,0.9411764705882352,0.0,0,23.0,50.1,9.5,83.8,83.8,22095.1,76.2,15762.6,7296.8,"{'timestamp': '2026-09-08T19:51:16.420582+00:00', 'model_version': 'gemma4:12b-mlx', 'prompt_hash': 'a6af280e'}",gemma4_12b-mlx__N120
11,real_mixed_112,gemma4:12b-mlx_baseline,2.5351929664611816,65.94,0,direct_json,0.5555555555555556,0.625,0.5882352941176471,0.0,0,14.7,19.6,20.7,83.8,83.8,19644.1,69.6,15553.4,7296.8,"{'timestamp': '2026-09-08T19:51:18.972051+00:00', 'model_version': 'gemma4:12b-mlx', 'prompt_hash': 'a6af280e'}",gemma4_12b-mlx__N120
11,real_mixed_113,gemma4:12b-mlx_baseline,3.550215005874634,57.63,0,direct_json,0.7777777777777778,0.7,0.7368421052631577,0.0,0,11.9,16.5,15.4,83.9,83.9,20692.2,70.7,15815.1,7296.8,"{'timestamp': '2026-09-08T19:51:22.543686+00:00', 'model_version': 'gemma4:12b-mlx', 'prompt_hash': 'a6af280e'}",gemma4_12b-mlx__N120
11,real_mixed_114,gemma4:12b-mlx_baseline,4.5547919273376465,56.98,0,direct_json,0.8125,0.8666666666666667,0.8387096774193549,0.0,0,16.3,25.8,11.8,83.9,83.9,21618.5,71.6,15860.9,7296.8,"{'timestamp': '2026-09-08T19:51:27.129696+00:00', 'model_version': 'gemma4:12b-mlx', 'prompt_hash': 'a6af280e'}",gemma4_12b-mlx__N120
11,real_mixed_115,gemma4:12b-mlx_baseline,2.5387961864471436,58.46,0,direct_json,0.6666666666666666,1.0,0.8,0.0,0,13.0,19.5,21.3,84.0,84.0,20796.1,69.2,15771.9,7296.8,"{'timestamp': '2026-09-08T19:51:29.675817+00:00', 'model_version': 'gemma4:12b-mlx', 'prompt_hash': 'a6af280e'}",gemma4_12b-mlx__N120
11,real_mixed_116,gemma4:12b-mlx_baseline,3.0478360652923584,64.49,0,direct_json,0.8,1.0,0.888888888888889,0.2,1,11.5,19.9,18.2,84.0,84.0,21431.3,69.1,15763.1,7296.8,"{'timestamp': '2026-09-08T19:51:32.734199+00:00', 'model_version': 'gemma4:12b-mlx', 'prompt_hash': 'a6af280e'}",gemma4_12b-mlx__N120
11,real_mixed_117,gemma4:12b-mlx_baseline,6.6144890785217285,47.43,0,direct_json,0.6470588235294118,0.7857142857142857,0.7096774193548386,0.0,0,27.5,38.7,8.2,83.1,84.0,24214.2,74.5,15763.1,7296.8,"{'timestamp': '2026-09-08T19:51:39.387590+00:00', 'model_version': 'gemma4:12b-mlx', 'prompt_hash': 'a6af280e'}",gemma4_12b-mlx__N120
11,real_mixed_118,gemma4:12b-mlx_baseline,3.5543737411499023,58.37,0,direct_json,1.0,1.0,1.0,0.0,0,30.6,46.8,15.3,74.8,74.8,20496.8,71.1,15667.6,7296.8,"{'timestamp': '2026-09-08T19:51:42.957006+00:00', 'model_version': 'gemma4:12b-mlx', 'prompt_hash': 'a6af280e'}",gemma4_12b-mlx__N120
11,real_mixed_119,gemma4:12b-mlx_baseline,3.548560857772827,55.84,0,direct_json,0.7777777777777778,0.875,0.823529411764706,0.0,0,28.5,40.5,17.3,75.8,75.8,20958.8,69.2,15682.3,7296.8,"{'timestamp': '2026-09-08T19:51:46.533042+00:00', 'model_version': 'gemma4:12b-mlx', 'prompt_hash': 'a6af280e'}",gemma4_12b-mlx__N120
11,real_mixed_120,gemma4:12b-mlx_baseline,3.545253038406372,55.27,0,direct_json,0.9090909090909092,0.8333333333333334,0.8695652173913043,0.0,0,16.5,30.0,15.4,76.6,76.6,21261.6,69.1,15848.9,7296.8,"{'timestamp': '2026-09-08T19:51:50.106407+00:00', 'model_version': 'gemma4:12b-mlx', 'prompt_hash': 'a6af280e'}",gemma4_12b-mlx__N120
0,real_mixed_2,gemma4:12b-mlx_kb_rag,6.069687128067017,53.19,0,direct_json,1.0,0.8235294117647058,0.9032258064516128,0.0,0,25.2,37.7,10.1,349.0,352.7,22668.5,69.3,16036.0,7296.8,"{'timestamp': '2026-09-08T19:52:02.290123+00:00', 'model_version': 'gemma4:12b-mlx', 'prompt_hash': 'a6af280e'}",gemma4_12b-mlx__N120
0,real_mixed_3,gemma4:12b-mlx_kb_rag,5.066652774810791,52.54,0,direct_json,0.6923076923076923,0.5294117647058824,0.5999999999999999,0.0,0,22.5,29.6,11.0,359.8,359.8,24070.5,69.0,16008.2,7296.8,"{'timestamp': '2026-09-08T19:52:07.486642+00:00', 'model_version': 'gemma4:12b-mlx', 'prompt_hash': 'a6af280e'}",gemma4_12b-mlx__N120
0,real_mixed_4,gemma4:12b-mlx_kb_rag,6.068119049072266,51.44,0,direct_json,0.75,0.8,0.7741935483870969,0.0,0,13.8,20.9,9.1,360.6,360.6,24770.3,68.6,16314.0,7296.8,"{'timestamp': '2026-09-08T19:52:13.689764+00:00', 'model_version': 'gemma4:12b-mlx', 'prompt_hash': 'a6af280e'}",gemma4_12b-mlx__N120
0,real_mixed_5,gemma4:12b-mlx_kb_rag,4.061448097229004,56.55,0,direct_json,0.9473684210526316,0.8571428571428571,0.9,0.0,0,13.4,19.8,13.7,361.0,361.0,25383.5,68.0,16026.7,7296.8,"{'timestamp': '2026-09-08T19:52:17.889863+00:00', 'model_version': 'gemma4:12b-mlx', 'prompt_hash': 'a6af280e'}",gemma4_12b-mlx__N120
0,real_mixed_6,gemma4:12b-mlx_kb_rag,3.049165725708008,62.96,0,direct_json,1.0,0.8,0.888888888888889,0.0,0,11.5,20.1,18.8,361.3,361.3,25543.3,66.4,16072.7,7296.8,"{'timestamp': '2026-09-08T19:52:21.071122+00:00', 'model_version': 'gemma4:12b-mlx', 'prompt_hash': 'a6af280e'}",gemma4_12b-mlx__N120
0,real_mixed_7,gemma4:12b-mlx_kb_rag,5.554840087890625,55.63,0,direct_json,1.0,0.7,0.8235294117647058,0.0,0,15.4,27.6,9.8,361.4,361.4,26348.0,66.9,16103.4,7296.8,"{'timestamp': '2026-09-08T19:52:26.751020+00:00', 'model_version': 'gemma4:12b-mlx', 'prompt_hash': 'a6af280e'}",gemma4_12b-mlx__N120
0,real_mixed_8,gemma4:12b-mlx_kb_rag,3.047693967819214,53.12,0,direct_json,1.0,0.4666666666666667,0.6363636363636364,0.0,0,12.3,28.2,18.5,361.5,361.6,26765.9,66.4,16094.4,7296.8,"{'timestamp': '2026-09-08T19:52:29.916713+00:00', 'model_version': 'gemma4:12b-mlx', 'prompt_hash': 'a6af280e'}",gemma4_12b-mlx__N120
0,real_mixed_9,gemma4:12b-mlx_kb_rag,4.553922176361084,51.91,0,direct_json,0.8333333333333334,0.625,0.7142857142857143,0.0,0,12.5,19.7,12.0,361.9,361.9,27622.7,66.0,16236.4,7296.8,"{'timestamp': '2026-09-08T19:52:34.598538+00:00', 'model_version': 'gemma4:12b-mlx', 'prompt_hash': 'a6af280e'}",gemma4_12b-mlx__N120
0,real_mixed_10,gemma4:12b-mlx_kb_rag,4.063789129257202,53.45,0,direct_json,0.9285714285714286,0.9285714285714286,0.9285714285714286,0.0,0,11.7,24.2,13.7,349.8,362.3,28265.1,66.1,16196.2,7296.8,"{'timestamp': '2026-09-08T19:52:38.793163+00:00', 'model_version': 'gemma4:12b-mlx', 'prompt_hash': 'a6af280e'}",gemma4_12b-mlx__N120
1,real_mixed_11,gemma4:12b-mlx_kb_rag,11.636642217636108,54.63,0,direct_json,0.8928571428571429,0.925925925925926,0.9090909090909092,0.0,0,13.4,33.5,7.7,478.6,478.8,28524.4,65.8,15819.8,7296.8,"{'timestamp': '2026-09-08T19:52:50.638914+00:00', 'model_version': 'gemma4:12b-mlx', 'prompt_hash': 'a6af280e'}",gemma4_12b-mlx__N120
1,real_mixed_12,gemma4:12b-mlx_kb_rag,3.0862789154052734,54.8,0,direct_json,0.9230769230769232,1.0,0.96,0.0,0,9.0,15.2,42.9,478.4,478.4,28091.5,65.0,16196.2,7296.8,"{'timestamp': '2026-09-08T19:52:42.090651+00:00', 'model_version': 'gemma4:12b-mlx', 'prompt_hash': 'a6af280e'}",gemma4_12b-mlx__N120
1,real_mixed_13,gemma4:12b-mlx_kb_rag,14.159325122833252,58.11,0,direct_json,0.8461538461538461,0.8148148148148148,0.830188679245283,0.0,0,15.8,38.9,6.2,478.7,478.8,28536.4,65.7,15837.8,7296.8,"{'timestamp': '2026-09-08T19:52:56.380120+00:00', 'model_version': 'gemma4:12b-mlx', 'prompt_hash': 'a6af280e'}",gemma4_12b-mlx__N120
1,real_mixed_14,gemma4:12b-mlx_kb_rag,15.17475199699402,54.92,0,direct_json,0.6875,0.7333333333333333,0.7096774193548386,0.0,0,17.5,38.1,5.8,476.4,478.8,28665.9,65.8,15999.3,7296.8,"{'timestamp': '2026-09-08T19:53:05.935092+00:00', 'model_version': 'gemma4:12b-mlx', 'prompt_hash': 'a6af280e'}",gemma4_12b-mlx__N120
1,real_mixed_15,gemma4:12b-mlx_kb_rag,13.661815881729126,53.96,0,direct_json,0.8095238095238095,0.8095238095238095,0.8095238095238095,0.0,0,15.6,28.7,6.6,452.4,478.8,28772.1,66.0,16016.8,7296.8,"{'timestamp': '2026-09-08T19:53:10.179989+00:00', 'model_version': 'gemma4:12b-mlx', 'prompt_hash': 'a6af280e'}",gemma4_12b-mlx__N120
1,real_mixed_16,gemma4:12b-mlx_kb_rag,7.618886232376099,48.56,0,direct_json,1.0,0.8333333333333334,0.9090909090909092,0.0,0,18.8,37.9,11.8,407.9,408.4,28588.2,65.6,16016.8,7296.8,"{'timestamp': '2026-09-08T19:53:13.663116+00:00', 'model_version': 'gemma4:12b-mlx', 'prompt_hash': 'a6af280e'}",gemma4_12b-mlx__N120
1,real_mixed_17,gemma4:12b-mlx_kb_rag,5.610884189605713,43.29,0,direct_json,1.0,0.8,0.888888888888889,0.0,0,17.8,30.5,15.0,408.4,408.5,28728.0,65.9,16172.6,7296.8,"{'timestamp': '2026-09-08T19:53:15.907187+00:00', 'model_version': 'gemma4:12b-mlx', 'prompt_hash': 'a6af280e'}",gemma4_12b-mlx__N120
1,real_mixed_18,gemma4:12b-mlx_kb_rag,5.600631237030029,56.11,0,direct_json,0.8333333333333334,0.7142857142857143,0.7692307692307692,0.0,0,19.4,45.0,16.0,393.0,408.5,28734.0,65.5,15840.3,7296.8,"{'timestamp': '2026-09-08T19:53:19.372906+00:00', 'model_version': 'gemma4:12b-mlx', 'prompt_hash': 'a6af280e'}",gemma4_12b-mlx__N120
1,real_mixed_19,gemma4:12b-mlx_kb_rag,7.624243974685669,40.04,0,direct_json,1.0,1.0,1.0,0.0,0,20.4,47.6,11.3,379.2,393.8,28123.5,68.5,15840.8,7296.8,"{'timestamp': '2026-09-08T19:53:23.696560+00:00', 'model_version': 'gemma4:12b-mlx', 'prompt_hash': 'a6af280e'}",gemma4_12b-mlx__N120
1,real_mixed_20,gemma4:12b-mlx_kb_rag,8.078208208084106,41.86,0,direct_json,0.8333333333333334,0.5263157894736842,0.6451612903225806,0.0,0,25.1,50.6,7.5,337.4,393.8,24531.4,70.6,15843.1,7296.8,"{'timestamp': '2026-09-08T19:53:27.583495+00:00', 'model_version': 'gemma4:12b-mlx', 'prompt_hash': 'a6af280e'}",gemma4_12b-mlx__N120
2,real_mixed_22,gemma4:12b-mlx_kb_rag,3.09687876701355,32.18,0,direct_json,0.5,1.0,0.6666666666666666,0.0,0,18.5,26.6,43.8,467.8,468.0,22148.7,70.0,15843.1,7296.8,"{'timestamp': '2026-09-08T19:53:30.911016+00:00', 'model_version': 'gemma4:12b-mlx', 'prompt_hash': 'a6af280e'}",gemma4_12b-mlx__N120
2,real_mixed_23,gemma4:12b-mlx_kb_rag,8.624379873275757,36.38,0,direct_json,0.8333333333333334,0.5882352941176471,0.6896551724137931,0.0,0,10.8,20.7,10.6,474.1,474.3,22923.5,69.3,16072.1,7296.8,"{'timestamp': '2026-09-08T19:53:39.688626+00:00', 'model_version': 'gemma4:12b-mlx', 'prompt_hash': 'a6af280e'}",gemma4_12b-mlx__N120
2,real_mixed_24,gemma4:12b-mlx_kb_rag,8.620775938034058,44.04,0,direct_json,1.0,0.7272727272727273,0.8421052631578948,0.0,0,11.0,21.2,10.5,474.6,475.0,23553.2,69.1,16063.8,7296.8,"{'timestamp': '2026-09-08T19:53:44.205087+00:00', 'model_version': 'gemma4:12b-mlx', 'prompt_hash': 'a6af280e'}",gemma4_12b-mlx__N120
2,real_mixed_25,gemma4:12b-mlx_kb_rag,8.620698690414429,48.41,0,direct_json,0.7333333333333333,0.6470588235294118,0.6875,0.0,0,11.9,21.7,10.6,475.0,475.1,24167.0,68.6,16289.3,7296.8,"{'timestamp': '2026-09-08T19:53:48.434606+00:00', 'model_version': 'gemma4:12b-mlx', 'prompt_hash': 'a6af280e'}",gemma4_12b-mlx__N120
2,real_mixed_26,gemma4:12b-mlx_kb_rag,10.642786741256714,53.95,0,direct_json,0.9655172413793104,0.6666666666666666,0.7887323943661971,0.0,0,12.5,21.5,8.4,440.1,475.1,24685.1,67.6,16130.6,7296.8,"{'timestamp': '2026-09-08T19:53:55.016438+00:00', 'model_version': 'gemma4:12b-mlx', 'prompt_hash': 'a6af280e'}",gemma4_12b-mlx__N120
2,real_mixed_28,gemma4:12b-mlx_kb_rag,14.177526950836182,57.81,0,direct_json,1.0,0.7222222222222222,0.8387096774193548,0.0,0,20.2,73.3,6.3,397.7,418.7,26725.2,67.7,15967.6,7296.8,"{'timestamp': '2026-09-08T19:54:09.327912+00:00', 'model_version': 'gemma4:12b-mlx', 'prompt_hash': 'a6af280e'}",gemma4_12b-mlx__N120
2,real_mixed_29,gemma4:12b-mlx_kb_rag,6.608946800231934,59.05,0,direct_json,0.8461538461538461,0.88,0.8627450980392156,0.0,0,16.1,30.7,13.6,388.7,389.1,27514.4,66.3,16242.3,7296.8,"{'timestamp': '2026-09-08T19:54:12.983257+00:00', 'model_version': 'gemma4:12b-mlx', 'prompt_hash': 'a6af280e'}",gemma4_12b-mlx__N120
2,real_mixed_30,gemma4:12b-mlx_kb_rag,6.076089859008789,50.91,0,direct_json,1.0,0.7692307692307693,0.8695652173913044,0.0,0,14.6,27.9,9.7,379.9,389.1,27841.4,65.9,16227.6,7296.8,"{'timestamp': '2026-09-08T19:54:15.531883+00:00', 'model_version': 'gemma4:12b-mlx', 'prompt_hash': 'a6af280e'}",gemma4_12b-mlx__N120
3,real_mixed_31,gemma4:12b-mlx_kb_rag,3.0940589904785156,46.41,0,direct_json,0.8,0.8,0.8000000000000002,0.0,0,23.3,38.8,38.1,477.9,478.0,28281.8,65.6,16227.6,7296.8,"{'timestamp': '2026-09-08T19:54:18.831642+00:00', 'model_version': 'gemma4:12b-mlx', 'prompt_hash': 'a6af280e'}",gemma4_12b-mlx__N120
3,real_mixed_32,gemma4:12b-mlx_kb_rag,6.102835178375244,54.98,0,direct_json,0.8,0.75,0.7741935483870969,0.0,0,20.0,38.9,14.6,478.0,478.1,28166.1,65.3,15949.8,7296.8,"{'timestamp': '2026-09-08T19:54:21.865240+00:00', 'model_version': 'gemma4:12b-mlx', 'prompt_hash': 'a6af280e'}",gemma4_12b-mlx__N120
3,real_mixed_33,gemma4:12b-mlx_kb_rag,6.604540109634399,53.47,0,direct_json,0.8666666666666667,0.8666666666666667,0.8666666666666667,0.0,0,19.3,38.0,13.6,478.1,478.1,28254.4,65.3,16157.6,7296.8,"{'timestamp': '2026-09-08T19:54:25.577970+00:00', 'model_version': 'gemma4:12b-mlx', 'prompt_hash': 'a6af280e'}",gemma4_12b-mlx__N120
3,real_mixed_34,gemma4:12b-mlx_kb_rag,7.618746995925903,53.62,0,direct_json,0.7692307692307693,0.7142857142857143,0.7407407407407408,0.0,0,19.1,38.1,11.9,478.1,478.1,28274.1,65.3,15839.8,7296.8,"{'timestamp': '2026-09-08T19:54:29.602772+00:00', 'model_version': 'gemma4:12b-mlx', 'prompt_hash': 'a6af280e'}",gemma4_12b-mlx__N120
3,real_mixed_35,gemma4:12b-mlx_kb_rag,7.116219997406006,52.0,0,direct_json,1.0,1.0,1.0,0.0,0,13.9,35.1,12.6,478.3,478.5,28102.0,65.0,15839.8,7296.8,"{'timestamp': '2026-09-08T19:54:32.823357+00:00', 'model_version': 'gemma4:12b-mlx', 'prompt_hash': 'a6af280e'}",gemma4_12b-mlx__N120
3,real_mixed_36,gemma4:12b-mlx_kb_rag,5.610059022903442,58.18,0,direct_json,1.0,0.5909090909090909,0.7428571428571429,0.0,0,15.6,32.0,16.4,478.5,478.6,28071.7,64.9,16002.8,7296.8,"{'timestamp': '2026-09-08T19:54:35.352904+00:00', 'model_version': 'gemma4:12b-mlx', 'prompt_hash': 'a6af280e'}",gemma4_12b-mlx__N120
3,real_mixed_37,gemma4:12b-mlx_kb_rag,6.113397836685181,48.17,0,direct_json,0.8666666666666667,0.8666666666666667,0.8666666666666667,0.0,0,16.2,29.7,14.9,426.9,478.6,28196.1,65.2,16000.1,7296.8,"{'timestamp': '2026-09-08T19:54:39.071061+00:00', 'model_version': 'gemma4:12b-mlx', 'prompt_hash': 'a6af280e'}",gemma4_12b-mlx__N120
3,real_mixed_38,gemma4:12b-mlx_kb_rag,9.119760274887083,61.72,0,direct_json,0.9444444444444444,0.9444444444444444,0.9444444444444444,0.0,0,13.8,30.9,9.8,390.1,390.1,28284.4,65.4,15819.6,7296.8,"{'timestamp': '2026-09-08T19:54:44.606106+00:00', 'model_version': 'gemma4:12b-mlx', 'prompt_hash': 'a6af280e'}",gemma4_12b-mlx__N120
3,real_mixed_39,gemma4:12b-mlx_kb_rag,8.627569913864136,44.92,0,direct_json,0.6666666666666666,0.75,0.7058823529411765,0.0,0,14.7,28.1,10.2,383.7,390.1,28288.2,65.4,15828.6,7296.8,"{'timestamp': '2026-09-08T19:54:47.819854+00:00', 'model_version': 'gemma4:12b-mlx', 'prompt_hash': 'a6af280e'}",gemma4_12b-mlx__N120
3,real_mixed_40,gemma4:12b-mlx_kb_rag,7.0846898555755615,44.65,0,direct_json,0.7857142857142857,0.7333333333333333,0.7586206896551724,0.0,0,12.8,27.4,8.9,351.2,390.0,28145.7,65.0,15913.6,7296.8,"{'timestamp': '2026-09-08T19:54:51.823520+00:00', 'model_version': 'gemma4:12b-mlx', 'prompt_hash': 'a6af280e'}",gemma4_12b-mlx__N120
4,real_mixed_42,gemma4:12b-mlx_kb_rag,6.105359077453613,55.39,0,direct_json,0.92,0.7931034482758621,0.851851851851852,0.0,0,13.0,25.5,26.2,516.9,516.9,28270.9,65.2,15913.6,7296.8,"{'timestamp': '2026-09-08T19:54:58.247431+00:00', 'model_version': 'gemma4:12b-mlx', 'prompt_hash': 'a6af280e'}",gemma4_12b-mlx__N120
4,real_mixed_43,gemma4:12b-mlx_kb_rag,21.73096203804016,60.7,0,direct_json,0.8636363636363636,0.8636363636363636,0.8636363636363636,0.0,0,15.0,30.9,6.0,504.9,516.9,28431.4,65.5,16007.1,7296.8,"{'timestamp': '2026-09-08T19:55:13.842896+00:00', 'model_version': 'gemma4:12b-mlx', 'prompt_hash': 'a6af280e'}",gemma4_12b-mlx__N120
4,real_mixed_44,gemma4:12b-mlx_kb_rag,22.742116928100582,52.59,0,direct_json,0.7083333333333334,0.85,0.7727272727272727,0.0,0,13.8,35.7,5.3,475.8,500.3,28530.7,65.7,16118.8,7296.8,"{'timestamp': '2026-09-08T19:55:21.128299+00:00', 'model_version': 'gemma4:12b-mlx', 'prompt_hash': 'a6af280e'}",gemma4_12b-mlx__N120
4,real_mixed_45,gemma4:12b-mlx_kb_rag,22.25337862968445,52.92,0,direct_json,0.8666666666666667,0.8125,0.8387096774193549,0.0,0,16.5,35.8,5.6,463.6,500.3,28531.9,65.7,15794.6,7296.8,"{'timestamp': '2026-09-08T19:55:24.635814+00:00', 'model_version': 'gemma4:12b-mlx', 'prompt_hash': 'a6af280e'}",gemma4_12b-mlx__N120
4,real_mixed_46,gemma4:12b-mlx_kb_rag,12.658915042877195,49.24,0,direct_json,0.7,0.4666666666666667,0.56,0.0,0,18.1,35.8,9.9,420.8,427.0,28588.3,65.7,15792.3,7296.8,"{'timestamp': '2026-09-08T19:55:26.627076+00:00', 'model_version': 'gemma4:12b-mlx', 'prompt_hash': 'a6af280e'}",gemma4_12b-mlx__N120
4,real_mixed_47,gemma4:12b-mlx_kb_rag,10.143050909042358,55.45,0,direct_json,0.8461538461538461,0.7857142857142857,0.8148148148148148,0.0,0,18.4,37.4,12.2,405.6,427.0,28667.6,65.7,16010.3,7296.8,"{'timestamp': '2026-09-08T19:55:31.423311+00:00', 'model_version': 'gemma4:12b-mlx', 'prompt_hash': 'a6af280e'}",gemma4_12b-mlx__N120
4,real_mixed_48,gemma4:12b-mlx_kb_rag,10.132638216018677,49.5,0,direct_json,0.9,0.9,0.9,0.0,0,17.6,33.5,12.3,399.7,399.8,28820.9,65.9,16004.8,7296.8,"{'timestamp': '2026-09-08T19:55:34.888777+00:00', 'model_version': 'gemma4:12b-mlx', 'prompt_hash': 'a6af280e'}",gemma4_12b-mlx__N120
4,real_mixed_49,gemma4:12b-mlx_kb_rag,12.661173820495604,55.7,0,direct_json,0.8235294117647058,0.7777777777777778,0.7999999999999999,0.0,0,18.1,33.5,7.6,377.3,399.8,28990.4,66.2,16004.6,7296.8,"{'timestamp': '2026-09-08T19:55:39.420131+00:00', 'model_version': 'gemma4:12b-mlx', 'prompt_hash': 'a6af280e'}",gemma4_12b-mlx__N120
4,real_mixed_50,gemma4:12b-mlx_kb_rag,11.110543727874756,54.49,0,direct_json,0.8,0.631578947368421,0.7058823529411765,0.0,0,15.9,26.8,5.6,357.3,399.8,29091.0,66.3,16005.3,7296.8,"{'timestamp': '2026-09-08T19:55:42.657236+00:00', 'model_version': 'gemma4:12b-mlx', 'prompt_hash': 'a6af280e'}",gemma4_12b-mlx__N120
5,real_mixed_51,gemma4:12b-mlx_kb_rag,8.125566005706787,54.95,0,direct_json,0.7692307692307693,0.6666666666666666,0.7142857142857142,0.0,0,19.6,75.0,17.2,564.1,576.6,29283.8,66.5,15856.1,7296.8,"{'timestamp': '2026-09-08T19:55:51.068356+00:00', 'model_version': 'gemma4:12b-mlx', 'prompt_hash': 'a6af280e'}",gemma4_12b-mlx__N120
5,real_mixed_52,gemma4:12b-mlx_kb_rag,4.088826894760132,49.02,0,direct_json,0.9047619047619048,0.9047619047619048,0.9047619047619048,0.0,0,16.2,28.6,29.9,576.6,576.6,29222.2,66.4,16007.3,7296.8,"{'timestamp': '2026-09-08T19:55:47.039469+00:00', 'model_version': 'gemma4:12b-mlx', 'prompt_hash': 'a6af280e'}",gemma4_12b-mlx__N120
5,real_mixed_53,gemma4:12b-mlx_kb_rag,11.148272037506104,45.99,0,direct_json,0.9166666666666666,0.6875,0.7857142857142857,0.0,0,15.9,28.7,10.4,560.7,576.6,29318.4,66.6,16214.1,7296.8,"{'timestamp': '2026-09-08T19:55:54.099620+00:00', 'model_version': 'gemma4:12b-mlx', 'prompt_hash': 'a6af280e'}",gemma4_12b-mlx__N120
5,real_mixed_54,gemma4:12b-mlx_kb_rag,9.13906979560852,29.34,0,direct_json,1.0,1.0,1.0,0.0,0,21.3,50.0,12.6,541.1,551.8,29332.8,67.3,15796.6,7296.8,"{'timestamp': '2026-09-08T19:55:56.279455+00:00', 'model_version': 'gemma4:12b-mlx', 'prompt_hash': 'a6af280e'}",gemma4_12b-mlx__N120
5,real_mixed_55,gemma4:12b-mlx_kb_rag,10.651857137680054,51.82,0,direct_json,0.8,0.8,0.8000000000000002,0.0,0,21.3,50.0,11.0,476.2,551.8,26786.7,70.9,16160.0,7296.8,"{'timestamp': '2026-09-08T19:56:01.835381+00:00', 'model_version': 'gemma4:12b-mlx', 'prompt_hash': 'a6af280e'}",gemma4_12b-mlx__N120
5,real_mixed_56,gemma4:12b-mlx_kb_rag,11.631738662719728,54.36,0,direct_json,0.8571428571428571,0.6923076923076923,0.7659574468085107,0.0,0,15.9,31.8,10.2,441.7,551.7,25495.4,72.7,15928.0,7296.8,"{'timestamp': '2026-09-08T19:56:05.865424+00:00', 'model_version': 'gemma4:12b-mlx', 'prompt_hash': 'a6af280e'}",gemma4_12b-mlx__N120
5,real_mixed_57,gemma4:12b-mlx_kb_rag,12.14179277420044,51.94,0,direct_json,1.0,0.9523809523809524,0.975609756097561,0.0,0,16.5,31.6,10.0,426.6,435.1,25003.1,73.4,15888.5,7296.8,"{'timestamp': '2026-09-08T19:56:08.551693+00:00', 'model_version': 'gemma4:12b-mlx', 'prompt_hash': 'a6af280e'}",gemma4_12b-mlx__N120
5,real_mixed_58,gemma4:12b-mlx_kb_rag,9.614677667617798,54.45,0,direct_json,0.9333333333333332,0.7777777777777778,0.8484848484848485,0.0,0,20.2,40.0,12.5,402.2,435.1,24168.9,72.9,15887.8,7296.8,"{'timestamp': '2026-09-08T19:56:11.573357+00:00', 'model_version': 'gemma4:12b-mlx', 'prompt_hash': 'a6af280e'}",gemma4_12b-mlx__N120
5,real_mixed_60,gemma4:12b-mlx_kb_rag,16.643603324890137,54.05,0,direct_json,0.8461538461538461,0.7857142857142857,0.8148148148148148,0.0,0,14.6,28.4,3.7,361.1,365.9,23150.6,73.4,16078.5,7296.8,"{'timestamp': '2026-09-08T19:56:25.317792+00:00', 'model_version': 'gemma4:12b-mlx', 'prompt_hash': 'a6af280e'}",gemma4_12b-mlx__N120
6,real_mixed_61,gemma4:12b-mlx_kb_rag,23.20653200149536,58.09,0,direct_json,0.6590909090909091,0.8055555555555556,0.7250000000000001,0.0,0,16.4,42.9,20.9,571.0,571.7,24750.4,71.2,16022.3,7296.8,"{'timestamp': '2026-09-08T19:56:48.863083+00:00', 'model_version': 'gemma4:12b-mlx', 'prompt_hash': 'a6af280e'}",gemma4_12b-mlx__N120
6,real_mixed_62,gemma4:12b-mlx_kb_rag,8.100441217422485,51.98,0,direct_json,0.75,0.6666666666666666,0.7058823529411765,0.0,0,17.0,29.7,10.9,570.0,570.8,24358.4,71.7,15788.3,7296.8,"{'timestamp': '2026-09-08T19:56:33.736701+00:00', 'model_version': 'gemma4:12b-mlx', 'prompt_hash': 'a6af280e'}",gemma4_12b-mlx__N120
6,real_mixed_63,gemma4:12b-mlx_kb_rag,3.5802650451660156,53.11,0,direct_json,0.7272727272727273,0.5333333333333333,0.6153846153846153,0.0,0,15.3,23.9,34.6,569.1,569.2,24681.6,72.6,16078.5,7296.8,"{'timestamp': '2026-09-08T19:56:29.205809+00:00', 'model_version': 'gemma4:12b-mlx', 'prompt_hash': 'a6af280e'}",gemma4_12b-mlx__N120
6,real_mixed_64,gemma4:12b-mlx_kb_rag,23.23005628585815,43.29,0,direct_json,0.75,0.75,0.75,0.0,0,13.4,36.0,5.3,557.1,571.7,24873.6,70.9,16246.1,7296.8,"{'timestamp': '2026-09-08T19:56:52.540217+00:00', 'model_version': 'gemma4:12b-mlx', 'prompt_hash': 'a6af280e'}",gemma4_12b-mlx__N120
6,real_mixed_65,gemma4:12b-mlx_kb_rag,23.22361707687378,50.9,0,direct_json,0.7142857142857143,0.4545454545454545,0.5555555555555556,0.0,0,13.6,36.0,5.3,538.7,571.7,25298.5,70.9,16007.6,7296.8,"{'timestamp': '2026-09-08T19:56:57.068274+00:00', 'model_version': 'gemma4:12b-mlx', 'prompt_hash': 'a6af280e'}",gemma4_12b-mlx__N120
6,real_mixed_66,gemma4:12b-mlx_kb_rag,12.147939920425417,53.03,0,direct_json,0.6363636363636364,0.5384615384615384,0.5833333333333334,0.0,0,17.7,36.8,9.9,477.1,477.4,26131.6,70.1,16078.4,7296.8,"{'timestamp': '2026-09-08T19:57:01.128204+00:00', 'model_version': 'gemma4:12b-mlx', 'prompt_hash': 'a6af280e'}",gemma4_12b-mlx__N120
6,real_mixed_67,gemma4:12b-mlx_kb_rag,14.183426141738892,49.01,0,direct_json,0.8947368421052632,0.7727272727272727,0.8292682926829269,0.0,0,19.0,38.3,8.3,459.4,477.4,26849.6,70.0,16298.4,7296.8,"{'timestamp': '2026-09-08T19:57:06.845413+00:00', 'model_version': 'gemma4:12b-mlx', 'prompt_hash': 'a6af280e'}",gemma4_12b-mlx__N120
6,real_mixed_68,gemma4:12b-mlx_kb_rag,13.182435035705566,55.65,0,direct_json,0.7142857142857143,0.7894736842105263,0.7500000000000001,0.0,0,19.0,38.4,9.0,449.1,477.4,27290.4,69.3,16017.4,7296.8,"{'timestamp': '2026-09-08T19:57:10.360773+00:00', 'model_version': 'gemma4:12b-mlx', 'prompt_hash': 'a6af280e'}",gemma4_12b-mlx__N120
6,real_mixed_69,gemma4:12b-mlx_kb_rag,13.65087103843689,52.5,0,direct_json,0.96,0.8571428571428571,0.9056603773584904,0.0,0,17.8,37.8,6.5,443.5,443.9,27676.3,68.8,16021.7,7296.8,"{'timestamp': '2026-09-08T19:57:14.912180+00:00', 'model_version': 'gemma4:12b-mlx', 'prompt_hash': 'a6af280e'}",gemma4_12b-mlx__N120
6,real_mixed_70,gemma4:12b-mlx_kb_rag,11.115145921707152,55.83,0,direct_json,0.95,0.76,0.8444444444444444,0.0,0,14.4,33.3,5.6,425.1,443.9,27955.8,68.1,16268.2,7296.8,"{'timestamp': '2026-09-08T19:57:18.078511+00:00', 'model_version': 'gemma4:12b-mlx', 'prompt_hash': 'a6af280e'}",gemma4_12b-mlx__N120
7,real_mixed_71,gemma4:12b-mlx_kb_rag,14.164691925048828,51.77,0,direct_json,0.75,0.6428571428571429,0.6923076923076924,0.0,0,18.5,91.7,85.0,599.3,600.1,28165.6,67.9,15963.7,7296.8,"{'timestamp': '2026-09-08T19:57:32.618737+00:00', 'model_version': 'gemma4:12b-mlx', 'prompt_hash': 'a6af280e'}",gemma4_12b-mlx__N120
7,real_mixed_72,gemma4:12b-mlx_kb_rag,7.117639064788818,56.39,0,direct_json,0.9166666666666666,0.6470588235294118,0.7586206896551724,0.0,0,15.2,29.2,16.7,598.8,598.9,28113.9,67.8,15991.0,7296.8,"{'timestamp': '2026-09-08T19:57:25.578995+00:00', 'model_version': 'gemma4:12b-mlx', 'prompt_hash': 'a6af280e'}",gemma4_12b-mlx__N120
7,real_mixed_73,gemma4:12b-mlx_kb_rag,10.626292943954468,51.93,0,direct_json,1.0,0.8125,0.896551724137931,0.0,0,16.5,29.4,14.0,599.1,599.8,28156.7,67.9,15987.5,7296.8,"{'timestamp': '2026-09-08T19:57:29.086702+00:00', 'model_version': 'gemma4:12b-mlx', 'prompt_hash': 'a6af280e'}",gemma4_12b-mlx__N120
7,real_mixed_74,gemma4:12b-mlx_kb_rag,4.0899059772491455,54.21,0,direct_json,1.0,0.8333333333333334,0.9090909090909092,0.0,0,18.3,50.0,14.3,598.8,598.8,27919.3,67.4,16268.2,7296.8,"{'timestamp': '2026-09-08T19:57:22.546434+00:00', 'model_version': 'gemma4:12b-mlx', 'prompt_hash': 'a6af280e'}",gemma4_12b-mlx__N120
7,real_mixed_75,gemma4:12b-mlx_kb_rag,12.143617868423462,43.69,0,direct_json,1.0,0.8,0.888888888888889,0.0,0,13.8,27.5,12.2,599.7,600.3,28257.6,68.1,16087.5,7296.8,"{'timestamp': '2026-09-08T19:57:34.796919+00:00', 'model_version': 'gemma4:12b-mlx', 'prompt_hash': 'a6af280e'}",gemma4_12b-mlx__N120
7,real_mixed_76,gemma4:12b-mlx_kb_rag,10.6421959400177,40.01,0,direct_json,0.0,0.0,0.0,0.0,0,12.5,23.6,14.1,600.0,600.3,28225.2,68.0,15909.1,7296.8,"{'timestamp': '2026-09-08T19:57:36.311215+00:00', 'model_version': 'gemma4:12b-mlx', 'prompt_hash': 'a6af280e'}",gemma4_12b-mlx__N120
7,real_mixed_77,gemma4:12b-mlx_kb_rag,12.14411687850952,54.27,0,direct_json,0.8,0.8695652173913043,0.8333333333333333,0.0,0,13.9,24.1,12.5,538.8,600.4,28116.0,67.7,16150.1,7296.8,"{'timestamp': '2026-09-08T19:57:41.364294+00:00', 'model_version': 'gemma4:12b-mlx', 'prompt_hash': 'a6af280e'}",gemma4_12b-mlx__N120
7,real_mixed_78,gemma4:12b-mlx_kb_rag,16.66355609893799,44.91,0,direct_json,0.5,0.8571428571428571,0.631578947368421,0.0,0,15.8,31.3,7.5,484.0,600.3,28406.1,68.2,15973.8,7296.8,"{'timestamp': '2026-09-08T19:57:49.392101+00:00', 'model_version': 'gemma4:12b-mlx', 'prompt_hash': 'a6af280e'}",gemma4_12b-mlx__N120
7,real_mixed_80,gemma4:12b-mlx_kb_rag,31.777559995651245,56.0,0,direct_json,0.5897435897435898,0.8214285714285714,0.6865671641791046,0.0,0,14.9,28.2,2.1,393.1,452.8,28647.6,68.3,15898.1,7296.8,"{'timestamp': '2026-09-08T19:58:08.234099+00:00', 'model_version': 'gemma4:12b-mlx', 'prompt_hash': 'a6af280e'}",gemma4_12b-mlx__N120
8,real_mixed_81,gemma4:12b-mlx_kb_rag,10.13801407814026,56.93,0,direct_json,0.9166666666666666,0.7857142857142857,0.8461538461538461,0.0,0,12.7,26.4,16.8,617.3,636.6,26371.0,71.6,15958.6,7296.8,"{'timestamp': '2026-09-08T19:58:18.750824+00:00', 'model_version': 'gemma4:12b-mlx', 'prompt_hash': 'a6af280e'}",gemma4_12b-mlx__N120
8,real_mixed_82,gemma4:12b-mlx_kb_rag,13.159811973571776,49.8,0,direct_json,0.8461538461538461,0.6470588235294118,0.7333333333333334,0.0,0,14.4,35.9,15.0,615.2,636.6,26144.7,71.8,15955.6,7296.8,"{'timestamp': '2026-09-08T19:58:21.783189+00:00', 'model_version': 'gemma4:12b-mlx', 'prompt_hash': 'a6af280e'}",gemma4_12b-mlx__N120
8,real_mixed_83,gemma4:12b-mlx_kb_rag,4.607816934585571,39.57,0,direct_json,1.0,0.9230769230769232,0.96,0.0,0,6.9,26.2,34.0,629.4,636.6,28227.0,68.7,15898.1,7296.8,"{'timestamp': '2026-09-08T19:58:13.231060+00:00', 'model_version': 'gemma4:12b-mlx', 'prompt_hash': 'a6af280e'}",gemma4_12b-mlx__N120
8,real_mixed_84,gemma4:12b-mlx_kb_rag,7.618338108062744,53.16,0,direct_json,0.9,0.8181818181818182,0.8571428571428572,0.0,0,10.0,26.4,11.8,620.4,636.6,26839.5,71.1,15962.3,7296.8,"{'timestamp': '2026-09-08T19:58:16.239646+00:00', 'model_version': 'gemma4:12b-mlx', 'prompt_hash': 'a6af280e'}",gemma4_12b-mlx__N120
8,real_mixed_85,gemma4:12b-mlx_kb_rag,12.161793947219849,49.04,0,direct_json,0.7272727272727273,0.8888888888888888,0.7999999999999999,0.0,0,13.0,33.2,12.5,608.0,608.4,25373.4,73.2,15947.1,7296.8,"{'timestamp': '2026-09-08T19:58:25.514211+00:00', 'model_version': 'gemma4:12b-mlx', 'prompt_hash': 'a6af280e'}",gemma4_12b-mlx__N120
8,real_mixed_86,gemma4:12b-mlx_kb_rag,14.171419143676758,49.16,0,direct_json,0.8461538461538461,0.7857142857142857,0.8148148148148148,0.0,0,17.4,34.8,10.8,584.5,608.4,25866.3,72.5,16161.8,7296.8,"{'timestamp': '2026-09-08T19:58:30.530120+00:00', 'model_version': 'gemma4:12b-mlx', 'prompt_hash': 'a6af280e'}",gemma4_12b-mlx__N120
8,real_mixed_87,gemma4:12b-mlx_kb_rag,14.15776801109314,45.99,0,direct_json,0.8571428571428571,0.5454545454545454,0.6666666666666665,0.0,0,18.9,36.3,10.8,572.7,608.4,26176.7,72.1,15938.1,7296.8,"{'timestamp': '2026-09-08T19:58:33.015855+00:00', 'model_version': 'gemma4:12b-mlx', 'prompt_hash': 'a6af280e'}",gemma4_12b-mlx__N120
8,real_mixed_88,gemma4:12b-mlx_kb_rag,13.15877103805542,35.89,0,direct_json,0.875,0.875,0.875,0.0,0,18.6,35.6,9.4,554.2,608.4,26537.5,72.0,15727.3,7296.8,"{'timestamp': '2026-09-08T19:58:35.043447+00:00', 'model_version': 'gemma4:12b-mlx', 'prompt_hash': 'a6af280e'}",gemma4_12b-mlx__N120
8,real_mixed_89,gemma4:12b-mlx_kb_rag,12.660635948181152,43.0,0,direct_json,0.8,0.5714285714285714,0.6666666666666666,0.0,0,16.9,31.9,7.4,497.2,542.0,25854.4,72.5,16043.1,7296.8,"{'timestamp': '2026-09-08T19:58:38.286681+00:00', 'model_version': 'gemma4:12b-mlx', 'prompt_hash': 'a6af280e'}",gemma4_12b-mlx__N120
8,real_mixed_90,gemma4:12b-mlx_kb_rag,11.609100818634031,55.95,0,direct_json,0.875,0.6363636363636364,0.7368421052631579,0.0,0,19.5,32.0,5.2,443.8,542.0,24989.9,73.2,16023.6,7296.8,"{'timestamp': '2026-09-08T19:58:42.274565+00:00', 'model_version': 'gemma4:12b-mlx', 'prompt_hash': 'a6af280e'}",gemma4_12b-mlx__N120
9,real_mixed_91,gemma4:12b-mlx_kb_rag,11.660322189331056,55.38,0,direct_json,1.0,0.8235294117647058,0.9032258064516128,0.0,0,19.4,40.0,11.3,640.1,640.4,25270.6,72.5,15853.6,7296.8,"{'timestamp': '2026-09-08T19:58:54.335460+00:00', 'model_version': 'gemma4:12b-mlx', 'prompt_hash': 'a6af280e'}",gemma4_12b-mlx__N120
9,real_mixed_92,gemma4:12b-mlx_kb_rag,16.66872000694275,53.69,0,direct_json,0.8235294117647058,0.6666666666666666,0.7368421052631577,0.0,0,18.1,40.0,10.1,640.2,640.6,25549.2,72.3,15856.3,7296.8,"{'timestamp': '2026-09-08T19:58:59.358061+00:00', 'model_version': 'gemma4:12b-mlx', 'prompt_hash': 'a6af280e'}",gemma4_12b-mlx__N120
9,real_mixed_93,gemma4:12b-mlx_kb_rag,3.088726043701172,54.53,0,direct_json,1.0,0.9333333333333332,0.9655172413793104,0.0,0,19.8,33.3,37.5,639.7,639.8,24594.4,73.1,16023.6,7296.8,"{'timestamp': '2026-09-08T19:58:45.765463+00:00', 'model_version': 'gemma4:12b-mlx', 'prompt_hash': 'a6af280e'}",gemma4_12b-mlx__N120
9,real_mixed_94,gemma4:12b-mlx_kb_rag,8.123087882995605,59.65,0,direct_json,0.95,0.8636363636363636,0.9047619047619048,0.0,0,16.2,36.5,11.0,640.0,640.2,25087.0,72.7,15837.3,7296.8,"{'timestamp': '2026-09-08T19:58:50.807446+00:00', 'model_version': 'gemma4:12b-mlx', 'prompt_hash': 'a6af280e'}",gemma4_12b-mlx__N120
9,real_mixed_95,gemma4:12b-mlx_kb_rag,15.67096495628357,53.27,0,direct_json,0.6666666666666666,0.75,0.7058823529411765,0.0,0,14.2,28.9,9.7,632.7,640.6,25809.8,71.9,15864.3,7296.8,"{'timestamp': '2026-09-08T19:59:01.541190+00:00', 'model_version': 'gemma4:12b-mlx', 'prompt_hash': 'a6af280e'}",gemma4_12b-mlx__N120
9,real_mixed_96,gemma4:12b-mlx_kb_rag,14.65832018852234,55.09,0,direct_json,0.7142857142857143,0.7142857142857143,0.7142857142857143,0.0,0,15.5,28.9,10.4,619.1,640.6,26310.3,71.3,16006.8,7296.8,"{'timestamp': '2026-09-08T19:59:05.583215+00:00', 'model_version': 'gemma4:12b-mlx', 'prompt_hash': 'a6af280e'}",gemma4_12b-mlx__N120
9,real_mixed_97,gemma4:12b-mlx_kb_rag,14.151796102523804,61.25,0,direct_json,1.0,0.9230769230769232,0.96,0.0,0,13.8,28.9,10.9,608.3,640.6,26715.1,70.9,16014.1,7296.8,"{'timestamp': '2026-09-08T19:59:08.593336+00:00', 'model_version': 'gemma4:12b-mlx', 'prompt_hash': 'a6af280e'}",gemma4_12b-mlx__N120
9,real_mixed_98,gemma4:12b-mlx_kb_rag,14.1620831489563,54.25,0,direct_json,0.84,0.6176470588235294,0.711864406779661,0.0,0,13.9,29.5,8.9,593.0,593.0,27376.5,70.0,16014.1,7296.8,"{'timestamp': '2026-09-08T19:59:13.657414+00:00', 'model_version': 'gemma4:12b-mlx', 'prompt_hash': 'a6af280e'}",gemma4_12b-mlx__N120
9,real_mixed_99,gemma4:12b-mlx_kb_rag,13.670790195465088,49.51,0,direct_json,0.8571428571428571,1.0,0.923076923076923,0.0,0,12.1,26.4,8.0,582.4,593.0,27661.2,69.8,15956.3,7296.8,"{'timestamp': '2026-09-08T19:59:15.323413+00:00', 'model_version': 'gemma4:12b-mlx', 'prompt_hash': 'a6af280e'}",gemma4_12b-mlx__N120
9,real_mixed_100,gemma4:12b-mlx_kb_rag,13.128915071487429,52.56,0,direct_json,0.9444444444444444,0.8095238095238095,0.8717948717948718,0.0,0,12.2,25.6,4.8,556.0,593.0,27781.0,69.0,16017.3,7296.8,"{'timestamp': '2026-09-08T19:59:18.838000+00:00', 'model_version': 'gemma4:12b-mlx', 'prompt_hash': 'a6af280e'}",gemma4_12b-mlx__N120
10,real_mixed_102,gemma4:12b-mlx_kb_rag,3.083951711654663,31.61,0,direct_json,1.0,1.0,1.0,0.0,0,8.9,17.8,38.1,630.3,722.0,27482.3,67.4,16072.3,7296.8,"{'timestamp': '2026-09-08T19:59:22.345984+00:00', 'model_version': 'gemma4:12b-mlx', 'prompt_hash': 'a6af280e'}",gemma4_12b-mlx__N120
10,real_mixed_103,gemma4:12b-mlx_kb_rag,11.141640186309814,39.84,0,direct_json,1.0,1.0,1.0,0.0,0,18.5,100.0,17.5,617.2,721.9,27671.1,68.2,15834.1,7296.8,"{'timestamp': '2026-09-08T19:59:30.405967+00:00', 'model_version': 'gemma4:12b-mlx', 'prompt_hash': 'a6af280e'}",gemma4_12b-mlx__N120
10,real_mixed_104,gemma4:12b-mlx_kb_rag,15.167708158493042,54.26,0,direct_json,0.8947368421052632,0.8095238095238095,0.8500000000000001,0.0,0,14.3,40.2,12.3,612.3,612.6,27650.7,68.2,15831.6,7296.8,"{'timestamp': '2026-09-08T19:59:34.467115+00:00', 'model_version': 'gemma4:12b-mlx', 'prompt_hash': 'a6af280e'}",gemma4_12b-mlx__N120
10,real_mixed_105,gemma4:12b-mlx_kb_rag,9.63417387008667,55.89,0,direct_json,0.7333333333333333,0.7333333333333333,0.7333333333333333,0.0,0,11.5,24.1,23.2,612.2,612.4,27722.2,68.2,16266.1,7296.8,"{'timestamp': '2026-09-08T19:59:28.919001+00:00', 'model_version': 'gemma4:12b-mlx', 'prompt_hash': 'a6af280e'}",gemma4_12b-mlx__N120
10,real_mixed_106,gemma4:12b-mlx_kb_rag,13.16147518157959,45.88,0,direct_json,1.0,1.0,1.0,0.0,0,13.5,31.2,14.3,612.4,612.7,27709.6,68.5,15903.1,7296.8,"{'timestamp': '2026-09-08T19:59:35.622835+00:00', 'model_version': 'gemma4:12b-mlx', 'prompt_hash': 'a6af280e'}",gemma4_12b-mlx__N120
10,real_mixed_107,gemma4:12b-mlx_kb_rag,18.19161319732666,51.25,0,direct_json,0.8571428571428571,0.8571428571428571,0.8571428571428571,0.0,0,13.2,31.0,8.7,589.3,612.7,27782.1,68.6,15899.6,7296.8,"{'timestamp': '2026-09-08T19:59:42.682435+00:00', 'model_version': 'gemma4:12b-mlx', 'prompt_hash': 'a6af280e'}",gemma4_12b-mlx__N120
10,real_mixed_108,gemma4:12b-mlx_kb_rag,17.687236785888672,49.65,0,direct_json,0.4615384615384615,0.75,0.5714285714285714,0.0,0,14.3,31.1,7.2,575.1,612.7,27886.3,68.6,16159.9,7296.8,"{'timestamp': '2026-09-08T19:59:46.719193+00:00', 'model_version': 'gemma4:12b-mlx', 'prompt_hash': 'a6af280e'}",gemma4_12b-mlx__N120
10,real_mixed_109,gemma4:12b-mlx_kb_rag,20.21115279197693,51.5,0,direct_json,1.0,0.6896551724137931,0.8163265306122449,0.0,0,14.4,29.5,4.8,550.9,612.7,27891.9,68.5,15944.9,7296.8,"{'timestamp': '2026-09-08T19:59:50.757700+00:00', 'model_version': 'gemma4:12b-mlx', 'prompt_hash': 'a6af280e'}",gemma4_12b-mlx__N120
10,real_mixed_110,gemma4:12b-mlx_kb_rag,21.17295479774475,57.22,0,direct_json,0.75,0.625,0.6818181818181818,0.0,0,14.9,26.9,3.2,519.5,612.6,27919.3,68.4,15943.4,7296.8,"{'timestamp': '2026-09-08T19:59:55.772521+00:00', 'model_version': 'gemma4:12b-mlx', 'prompt_hash': 'a6af280e'}",gemma4_12b-mlx__N120
11,real_mixed_111,gemma4:12b-mlx_kb_rag,6.620934247970581,41.74,0,direct_json,0.9428571428571428,0.9705882352941176,0.9565217391304348,0.0,0,26.7,52.4,40.7,510.4,651.2,26107.1,74.8,15943.4,7296.8,"{'timestamp': '2026-09-08T20:00:02.926534+00:00', 'model_version': 'gemma4:12b-mlx', 'prompt_hash': 'a6af280e'}",gemma4_12b-mlx__N120
11,real_mixed_112,gemma4:12b-mlx_kb_rag,17.701336145401,51.0,0,direct_json,0.5714285714285714,0.5,0.5333333333333333,0.0,0,26.8,69.2,16.7,442.2,651.2,23612.3,72.6,15790.6,7296.8,"{'timestamp': '2026-09-08T20:00:13.980457+00:00', 'model_version': 'gemma4:12b-mlx', 'prompt_hash': 'a6af280e'}",gemma4_12b-mlx__N120
11,real_mixed_113,gemma4:12b-mlx_kb_rag,20.20149302482605,49.28,0,direct_json,0.875,0.7,0.7777777777777777,0.0,0,27.7,69.4,12.1,439.4,651.2,23669.9,72.2,15853.6,7296.8,"{'timestamp': '2026-09-08T20:00:16.487527+00:00', 'model_version': 'gemma4:12b-mlx', 'prompt_hash': 'a6af280e'}",gemma4_12b-mlx__N120
11,real_mixed_114,gemma4:12b-mlx_kb_rag,13.657961130142212,53.19,0,direct_json,0.9230769230769232,0.8,0.8571428571428571,0.0,0,26.9,69.5,13.4,448.9,651.2,23854.6,73.6,15956.6,7296.8,"{'timestamp': '2026-09-08T20:00:09.955578+00:00', 'model_version': 'gemma4:12b-mlx', 'prompt_hash': 'a6af280e'}",gemma4_12b-mlx__N120
11,real_mixed_115,gemma4:12b-mlx_kb_rag,10.63192868232727,41.51,0,direct_json,0.8,1.0,0.888888888888889,0.0,0,28.3,69.4,14.7,459.7,651.2,24321.3,74.3,15953.6,7296.8,"{'timestamp': '2026-09-08T20:00:06.907986+00:00', 'model_version': 'gemma4:12b-mlx', 'prompt_hash': 'a6af280e'}",gemma4_12b-mlx__N120
11,real_mixed_116,gemma4:12b-mlx_kb_rag,15.655692100524902,48.64,0,direct_json,1.0,0.75,0.8571428571428571,0.0,0,24.0,59.2,11.8,414.4,423.9,22588.0,70.4,15910.3,7296.8,"{'timestamp': '2026-09-08T20:00:18.793512+00:00', 'model_version': 'gemma4:12b-mlx', 'prompt_hash': 'a6af280e'}",gemma4_12b-mlx__N120
11,real_mixed_117,gemma4:12b-mlx_kb_rag,17.189802885055542,50.07,0,direct_json,0.5263157894736842,0.7142857142857143,0.6060606060606061,0.0,0,19.5,40.5,8.9,420.6,423.9,23356.5,68.4,15924.9,7296.8,"{'timestamp': '2026-09-08T20:00:24.232226+00:00', 'model_version': 'gemma4:12b-mlx', 'prompt_hash': 'a6af280e'}",gemma4_12b-mlx__N120
11,real_mixed_118,gemma4:12b-mlx_kb_rag,16.69266104698181,50.55,0,direct_json,1.0,1.0,1.0,0.0,0,17.5,41.2,7.4,422.5,423.9,23721.6,67.5,15934.4,7296.8,"{'timestamp': '2026-09-08T20:00:26.763780+00:00', 'model_version': 'gemma4:12b-mlx', 'prompt_hash': 'a6af280e'}",gemma4_12b-mlx__N120
11,real_mixed_119,gemma4:12b-mlx_kb_rag,16.17996382713318,49.33,0,direct_json,0.7777777777777778,0.875,0.823529411764706,0.0,0,17.6,48.3,6.2,423.6,423.9,24172.7,66.5,16000.6,7296.8,"{'timestamp': '2026-09-08T20:00:30.272987+00:00', 'model_version': 'gemma4:12b-mlx', 'prompt_hash': 'a6af280e'}",gemma4_12b-mlx__N120
11,real_mixed_120,gemma4:12b-mlx_kb_rag,16.632771015167236,48.88,0,direct_json,0.9090909090909092,0.8333333333333334,0.8695652173913043,0.0,0,16.2,46.3,3.9,423.9,423.9,24490.4,65.9,15983.1,7296.8,"{'timestamp': '2026-09-08T20:00:33.239810+00:00', 'model_version': 'gemma4:12b-mlx', 'prompt_hash': 'a6af280e'}",gemma4_12b-mlx__N120
0,real_mixed_2,gemma4:31b-cloud_baseline,1.0723669528961182,42.43,0,direct_json,0.9230769230769232,0.7058823529411765,0.8000000000000002,0.0,0,42.5,44.9,56.2,179.2,179.2,12742.8,87.1,34283.7,0.0,"{'timestamp': '2026-09-08T19:42:30.340665+00:00', 'model_version': 'gemma4:31b-cloud', 'prompt_hash': 'a6af280e'}",gemma4_31b-cloud__N120
0,real_mixed_3,gemma4:31b-cloud_baseline,1.0670130252838137,59.7,0,direct_json,0.7142857142857143,0.5882352941176471,0.6451612903225806,0.0,0,41.1,41.4,54.0,179.8,180.0,19198.4,84.6,34283.7,0.0,"{'timestamp': '2026-09-08T19:42:31.426877+00:00', 'model_version': 'gemma4:31b-cloud', 'prompt_hash': 'a6af280e'}",gemma4_31b-cloud__N120
0,real_mixed_4,gemma4:31b-cloud_baseline,1.063628911972046,70.89,0,direct_json,0.8571428571428571,0.8,0.8275862068965518,0.0,0,32.8,33.9,54.0,180.4,180.4,20600.6,85.8,34283.7,0.0,"{'timestamp': '2026-09-08T19:42:32.511381+00:00', 'model_version': 'gemma4:31b-cloud', 'prompt_hash': 'a6af280e'}",gemma4_31b-cloud__N120
0,real_mixed_5,gemma4:31b-cloud_baseline,2.090578079223633,27.98,0,direct_json,0.9473684210526316,0.8571428571428571,0.9,0.0,0,32.5,38.6,27.0,154.7,181.1,21114.3,85.8,34283.7,0.0,"{'timestamp': '2026-09-08T19:42:34.626165+00:00', 'model_version': 'gemma4:31b-cloud', 'prompt_hash': 'a6af280e'}",gemma4_31b-cloud__N120
0,real_mixed_6,gemma4:31b-cloud_baseline,1.5701842308044434,37.26,0,direct_json,1.0,0.8,0.888888888888889,0.0,0,49.9,59.0,36.3,74.2,74.3,22746.1,87.2,34723.2,0.0,"{'timestamp': '2026-09-08T19:42:36.221300+00:00', 'model_version': 'gemma4:31b-cloud', 'prompt_hash': 'a6af280e'}",gemma4_31b-cloud__N120
0,real_mixed_7,gemma4:31b-cloud_baseline,1.5738990306854248,43.78,0,direct_json,0.8421052631578947,0.8,0.8205128205128205,0.0,0,15.7,30.5,35.6,75.3,75.3,19363.6,75.3,34723.2,0.0,"{'timestamp': '2026-09-08T19:42:37.819988+00:00', 'model_version': 'gemma4:31b-cloud', 'prompt_hash': 'a6af280e'}",gemma4_31b-cloud__N120
0,real_mixed_8,gemma4:31b-cloud_baseline,1.0693659782409668,41.33,0,direct_json,0.9,0.6,0.7200000000000001,0.0,0,32.0,32.1,53.4,76.1,76.1,20355.2,76.3,34723.2,0.0,"{'timestamp': '2026-09-08T19:42:38.908427+00:00', 'model_version': 'gemma4:31b-cloud', 'prompt_hash': 'a6af280e'}",gemma4_31b-cloud__N120
0,real_mixed_9,gemma4:31b-cloud_baseline,1.5724961757659912,32.24,0,direct_json,0.8,0.75,0.7741935483870969,0.0,0,35.0,36.5,36.6,76.9,76.9,22372.1,80.2,35205.4,0.0,"{'timestamp': '2026-09-08T19:42:40.503125+00:00', 'model_version': 'gemma4:31b-cloud', 'prompt_hash': 'a6af280e'}",gemma4_31b-cloud__N120
0,real_mixed_10,gemma4:31b-cloud_baseline,1.5708849430084229,29.79,0,direct_json,0.9333333333333332,1.0,0.9655172413793104,0.0,0,11.1,25.5,35.6,77.8,77.8,20752.7,76.7,35205.4,0.0,"{'timestamp': '2026-09-08T19:42:42.092262+00:00', 'model_version': 'gemma4:31b-cloud', 'prompt_hash': 'a6af280e'}",gemma4_31b-cloud__N120
1,real_mixed_11,gemma4:31b-cloud_baseline,1.5723130702972412,56.22,0,direct_json,0.896551724137931,0.9629629629629628,0.9285714285714286,0.0,0,9.7,16.1,35.8,80.2,80.2,21969.8,79.1,35205.4,0.0,"{'timestamp': '2026-09-08T19:42:43.689852+00:00', 'model_version': 'gemma4:31b-cloud', 'prompt_hash': 'a6af280e'}",gemma4_31b-cloud__N120
1,real_mixed_12,gemma4:31b-cloud_baseline,1.0233783721923828,39.38,0,direct_json,1.0,1.0,1.0,0.0,0,15.5,19.4,53.4,83.8,83.8,24298.6,83.7,35680.2,0.0,"{'timestamp': '2026-09-08T19:42:44.727774+00:00', 'model_version': 'gemma4:31b-cloud', 'prompt_hash': 'a6af280e'}",gemma4_31b-cloud__N120
1,real_mixed_13,gemma4:31b-cloud_baseline,2.0742998123168945,43.87,0,direct_json,0.8076923076923077,0.7777777777777778,0.7924528301886792,0.0,0,21.5,27.4,28.1,83.9,83.9,19670.3,74.5,35680.2,0.0,"{'timestamp': '2026-09-08T19:42:46.838205+00:00', 'model_version': 'gemma4:31b-cloud', 'prompt_hash': 'a6af280e'}",gemma4_31b-cloud__N120
1,real_mixed_14,gemma4:31b-cloud_baseline,1.573058843612671,37.19,0,direct_json,0.7058823529411765,0.8,0.7500000000000001,0.0,0,18.2,18.2,35.8,83.9,84.0,21849.1,78.5,35680.2,0.0,"{'timestamp': '2026-09-08T19:42:48.435519+00:00', 'model_version': 'gemma4:31b-cloud', 'prompt_hash': 'a6af280e'}",gemma4_31b-cloud__N120
1,real_mixed_15,gemma4:31b-cloud_baseline,1.5659592151641846,32.38,0,direct_json,0.8260869565217391,0.9047619047619048,0.8636363636363636,0.0,0,10.6,19.3,35.8,83.0,84.0,23321.5,85.7,36175.2,0.0,"{'timestamp': '2026-09-08T19:42:50.030092+00:00', 'model_version': 'gemma4:31b-cloud', 'prompt_hash': 'a6af280e'}",gemma4_31b-cloud__N120
1,real_mixed_16,gemma4:31b-cloud_baseline,1.0687980651855469,36.49,0,direct_json,1.0,1.0,1.0,0.0,0,21.4,28.9,54.1,82.7,82.7,19049.2,74.0,36175.2,0.0,"{'timestamp': '2026-09-08T19:42:51.116540+00:00', 'model_version': 'gemma4:31b-cloud', 'prompt_hash': 'a6af280e'}",gemma4_31b-cloud__N120
1,real_mixed_17,gemma4:31b-cloud_baseline,1.0697121620178225,18.23,0,direct_json,1.0,1.0,1.0,0.0,0,10.8,21.5,53.3,82.8,82.8,19106.0,74.0,36175.2,0.0,"{'timestamp': '2026-09-08T19:42:52.193267+00:00', 'model_version': 'gemma4:31b-cloud', 'prompt_hash': 'a6af280e'}",gemma4_31b-cloud__N120
1,real_mixed_18,gemma4:31b-cloud_baseline,1.569962978363037,23.19,0,direct_json,0.8461538461538461,0.7857142857142857,0.8148148148148148,0.0,0,12.4,18.2,36.1,82.9,82.9,20473.7,76.7,36175.2,0.0,"{'timestamp': '2026-09-08T19:42:53.780371+00:00', 'model_version': 'gemma4:31b-cloud', 'prompt_hash': 'a6af280e'}",gemma4_31b-cloud__N120
1,real_mixed_19,gemma4:31b-cloud_baseline,1.5700771808624268,38.09,0,direct_json,1.0,1.0,1.0,0.0,0,28.2,35.3,36.4,82.8,83.0,23578.6,82.7,36690.9,0.0,"{'timestamp': '2026-09-08T19:42:55.382186+00:00', 'model_version': 'gemma4:31b-cloud', 'prompt_hash': 'a6af280e'}",gemma4_31b-cloud__N120
1,real_mixed_20,gemma4:31b-cloud_baseline,1.5744860172271729,51.19,0,direct_json,0.7333333333333333,0.5789473684210527,0.6470588235294117,0.0,0,26.1,39.8,35.7,82.7,82.7,19478.6,75.6,36690.9,0.0,"{'timestamp': '2026-09-08T19:42:56.984146+00:00', 'model_version': 'gemma4:31b-cloud', 'prompt_hash': 'a6af280e'}",gemma4_31b-cloud__N120
2,real_mixed_22,gemma4:31b-cloud_baseline,1.0718190670013428,16.98,0,direct_json,0.6,1.0,0.7499999999999999,0.0,0,9.8,19.5,53.8,83.4,83.4,21046.0,78.2,37075.4,0.0,"{'timestamp': '2026-09-08T19:42:59.155508+00:00', 'model_version': 'gemma4:31b-cloud', 'prompt_hash': 'a6af280e'}",gemma4_31b-cloud__N120
2,real_mixed_23,gemma4:31b-cloud_baseline,1.0697641372680664,44.96,0,direct_json,0.9285714285714286,0.7647058823529411,0.8387096774193549,0.0,0,25.4,28.4,54.2,84.2,84.2,20051.1,76.1,37075.4,0.0,"{'timestamp': '2026-09-08T19:43:00.249433+00:00', 'model_version': 'gemma4:31b-cloud', 'prompt_hash': 'a6af280e'}",gemma4_31b-cloud__N120
2,real_mixed_24,gemma4:31b-cloud_baseline,1.068855047225952,27.97,0,direct_json,1.0,0.7272727272727273,0.8421052631578948,0.0,0,27.9,30.5,53.7,84.9,84.9,20477.8,76.8,37075.4,0.0,"{'timestamp': '2026-09-08T19:43:01.332837+00:00', 'model_version': 'gemma4:31b-cloud', 'prompt_hash': 'a6af280e'}",gemma4_31b-cloud__N120
2,real_mixed_25,gemma4:31b-cloud_baseline,2.5954251289367676,20.04,0,direct_json,0.8461538461538461,0.6470588235294118,0.7333333333333334,0.0,0,32.3,45.8,21.0,82.6,85.7,23040.6,83.2,37075.4,0.0,"{'timestamp': '2026-09-08T19:43:03.948633+00:00', 'model_version': 'gemma4:31b-cloud', 'prompt_hash': 'a6af280e'}",gemma4_31b-cloud__N120
2,real_mixed_26,gemma4:31b-cloud_baseline,6.603785991668701,15.55,0,direct_json,0.7105263157894737,0.6428571428571429,0.6749999999999999,0.0,0,25.2,38.8,8.3,77.9,77.9,20709.6,77.6,38188.5,0.0,"{'timestamp': '2026-09-08T19:43:10.596355+00:00', 'model_version': 'gemma4:31b-cloud', 'prompt_hash': 'a6af280e'}",gemma4_31b-cloud__N120
2,real_mixed_28,gemma4:31b-cloud_baseline,1.579556941986084,39.5,0,direct_json,0.875,0.7777777777777778,0.823529411764706,0.0,0,31.1,41.5,35.4,79.7,79.7,19334.5,72.5,38593.5,0.0,"{'timestamp': '2026-09-08T19:43:14.307017+00:00', 'model_version': 'gemma4:31b-cloud', 'prompt_hash': 'a6af280e'}",gemma4_31b-cloud__N120
2,real_mixed_29,gemma4:31b-cloud_baseline,1.5274980068206787,53.62,0,direct_json,0.9583333333333334,0.92,0.9387755102040816,0.0,0,22.6,28.9,35.2,87.4,87.4,22764.4,79.4,39096.4,0.0,"{'timestamp': '2026-09-08T19:43:15.868719+00:00', 'model_version': 'gemma4:31b-cloud', 'prompt_hash': 'a6af280e'}",gemma4_31b-cloud__N120
2,real_mixed_30,gemma4:31b-cloud_baseline,1.0679001808166504,29.22,0,direct_json,1.0,0.8461538461538461,0.9166666666666666,0.0,0,12.9,14.9,48.0,87.5,87.5,22511.9,78.8,39096.4,0.0,"{'timestamp': '2026-09-08T19:43:16.961287+00:00', 'model_version': 'gemma4:31b-cloud', 'prompt_hash': 'a6af280e'}",gemma4_31b-cloud__N120
3,real_mixed_31,gemma4:31b-cloud_baseline,1.0665459632873535,28.03,0,direct_json,0.8333333333333334,1.0,0.9090909090909092,0.0,0,6.8,7.8,52.3,87.8,87.8,21216.8,76.2,39096.4,0.0,"{'timestamp': '2026-09-08T19:43:18.048240+00:00', 'model_version': 'gemma4:31b-cloud', 'prompt_hash': 'a6af280e'}",gemma4_31b-cloud__N120
3,real_mixed_32,gemma4:31b-cloud_baseline,1.5690577030181885,30.66,0,direct_json,0.8,0.75,0.7741935483870969,0.0,0,14.5,25.1,35.8,87.8,87.8,21209.2,76.1,39096.4,0.0,"{'timestamp': '2026-09-08T19:43:19.643423+00:00', 'model_version': 'gemma4:31b-cloud', 'prompt_hash': 'a6af280e'}",gemma4_31b-cloud__N120
3,real_mixed_33,gemma4:31b-cloud_baseline,1.5720939636230469,36.38,0,direct_json,0.9166666666666666,0.7333333333333333,0.8148148148148148,0.0,0,17.0,23.2,35.2,87.8,87.8,21384.9,76.4,39096.4,0.0,"{'timestamp': '2026-09-08T19:43:21.241912+00:00', 'model_version': 'gemma4:31b-cloud', 'prompt_hash': 'a6af280e'}",gemma4_31b-cloud__N120
3,real_mixed_34,gemma4:31b-cloud_baseline,1.0715672969818115,33.97,0,direct_json,1.0,0.7857142857142857,0.88,0.0,0,7.9,15.8,52.6,87.8,87.8,21857.1,77.0,39096.4,0.0,"{'timestamp': '2026-09-08T19:43:22.329098+00:00', 'model_version': 'gemma4:31b-cloud', 'prompt_hash': 'a6af280e'}",gemma4_31b-cloud__N120
3,real_mixed_35,gemma4:31b-cloud_baseline,1.0711791515350342,37.62,0,direct_json,1.0,1.0,1.0,0.0,0,17.4,18.5,54.9,87.8,87.8,21722.5,76.5,39096.4,0.0,"{'timestamp': '2026-09-08T19:43:23.417528+00:00', 'model_version': 'gemma4:31b-cloud', 'prompt_hash': 'a6af280e'}",gemma4_31b-cloud__N120
3,real_mixed_36,gemma4:31b-cloud_baseline,1.5731830596923828,37.19,0,direct_json,0.6363636363636364,0.6363636363636364,0.6363636363636364,0.0,0,16.0,30.4,34.7,87.8,87.8,21310.3,75.6,39756.5,0.0,"{'timestamp': '2026-09-08T19:43:25.028107+00:00', 'model_version': 'gemma4:31b-cloud', 'prompt_hash': 'a6af280e'}",gemma4_31b-cloud__N120
3,real_mixed_37,gemma4:31b-cloud_baseline,1.0666210651397705,52.41,0,direct_json,0.8235294117647058,0.9333333333333332,0.8749999999999999,0.0,0,4.0,8.1,52.9,87.9,87.9,21626.9,76.2,39756.5,0.0,"{'timestamp': '2026-09-08T19:43:26.122024+00:00', 'model_version': 'gemma4:31b-cloud', 'prompt_hash': 'a6af280e'}",gemma4_31b-cloud__N120
3,real_mixed_38,gemma4:31b-cloud_baseline,1.569126844406128,38.11,0,direct_json,0.9444444444444444,0.9444444444444444,0.9444444444444444,0.0,0,11.3,14.2,35.5,87.9,87.9,21987.3,76.9,39756.5,0.0,"{'timestamp': '2026-09-08T19:43:27.713557+00:00', 'model_version': 'gemma4:31b-cloud', 'prompt_hash': 'a6af280e'}",gemma4_31b-cloud__N120
3,real_mixed_39,gemma4:31b-cloud_baseline,1.0235941410064695,38.1,0,direct_json,0.8,1.0,0.888888888888889,0.0,0,5.2,10.5,54.8,87.9,87.9,24157.5,81.3,40280.2,0.0,"{'timestamp': '2026-09-08T19:43:28.752880+00:00', 'model_version': 'gemma4:31b-cloud', 'prompt_hash': 'a6af280e'}",gemma4_31b-cloud__N120
3,real_mixed_40,gemma4:31b-cloud_baseline,1.068490982055664,43.8,0,direct_json,0.9166666666666666,0.7333333333333333,0.8148148148148148,0.0,0,21.3,22.1,53.5,87.9,87.9,24381.7,81.5,40280.2,0.0,"{'timestamp': '2026-09-08T19:43:29.848831+00:00', 'model_version': 'gemma4:31b-cloud', 'prompt_hash': 'a6af280e'}",gemma4_31b-cloud__N120
4,real_mixed_42,gemma4:31b-cloud_baseline,1.6068391799926758,43.69,0,direct_json,0.9166666666666666,0.7586206896551724,0.830188679245283,0.0,0,8.7,13.8,34.6,88.2,88.2,23617.9,79.8,40280.2,0.0,"{'timestamp': '2026-09-08T19:43:33.102095+00:00', 'model_version': 'gemma4:31b-cloud', 'prompt_hash': 'a6af280e'}",gemma4_31b-cloud__N120
4,real_mixed_43,gemma4:31b-cloud_baseline,1.579231023788452,54.33,0,direct_json,0.7037037037037037,0.8636363636363636,0.7755102040816326,0.0,0,30.4,42.3,35.1,86.4,87.3,21833.1,86.3,40280.2,0.0,"{'timestamp': '2026-09-08T19:43:34.701702+00:00', 'model_version': 'gemma4:31b-cloud', 'prompt_hash': 'a6af280e'}",gemma4_31b-cloud__N120
4,real_mixed_44,gemma4:31b-cloud_baseline,1.5628390312194824,57.4,0,direct_json,0.64,0.8,0.7111111111111111,0.0,0,27.5,34.5,35.7,85.2,85.2,21408.3,85.2,40864.0,0.0,"{'timestamp': '2026-09-08T19:43:36.297588+00:00', 'model_version': 'gemma4:31b-cloud', 'prompt_hash': 'a6af280e'}",gemma4_31b-cloud__N120
4,real_mixed_45,gemma4:31b-cloud_baseline,2.077131748199463,25.66,0,direct_json,0.9333333333333332,0.875,0.9032258064516128,0.0,0,13.2,18.5,26.9,85.3,85.3,19118.7,70.4,40864.0,0.0,"{'timestamp': '2026-09-08T19:43:38.408003+00:00', 'model_version': 'gemma4:31b-cloud', 'prompt_hash': 'a6af280e'}",gemma4_31b-cloud__N120
4,real_mixed_46,gemma4:31b-cloud_baseline,1.0689098834991455,31.62,0,direct_json,0.7272727272727273,0.5333333333333333,0.6153846153846153,0.0,0,20.8,27.3,53.3,85.4,85.4,19221.9,70.5,40864.0,0.0,"{'timestamp': '2026-09-08T19:43:39.508298+00:00', 'model_version': 'gemma4:31b-cloud', 'prompt_hash': 'a6af280e'}",gemma4_31b-cloud__N120
4,real_mixed_47,gemma4:31b-cloud_baseline,1.573491096496582,47.92,0,direct_json,0.9629629629629628,0.9285714285714286,0.9454545454545454,0.0,0,17.2,26.7,35.5,85.6,85.6,19755.1,71.3,40864.0,0.0,"{'timestamp': '2026-09-08T19:43:41.115603+00:00', 'model_version': 'gemma4:31b-cloud', 'prompt_hash': 'a6af280e'}",gemma4_31b-cloud__N120
4,real_mixed_48,gemma4:31b-cloud_baseline,2.080659866333008,19.99,0,direct_json,0.8,0.8,0.8000000000000002,0.0,0,13.4,20.7,26.4,85.7,85.7,20029.6,71.7,41522.7,0.0,"{'timestamp': '2026-09-08T19:43:43.219337+00:00', 'model_version': 'gemma4:31b-cloud', 'prompt_hash': 'a6af280e'}",gemma4_31b-cloud__N120
4,real_mixed_49,gemma4:31b-cloud_baseline,1.5748329162597656,39.62,0,direct_json,0.8823529411764706,0.8333333333333334,0.8571428571428571,0.0,0,11.4,15.6,36.1,85.8,85.8,20020.3,71.6,41522.7,0.0,"{'timestamp': '2026-09-08T19:43:44.816594+00:00', 'model_version': 'gemma4:31b-cloud', 'prompt_hash': 'a6af280e'}",gemma4_31b-cloud__N120
4,real_mixed_50,gemma4:31b-cloud_baseline,1.068671941757202,43.79,0,direct_json,1.0,0.7368421052631579,0.8484848484848484,0.0,0,15.8,22.6,52.6,86.0,86.0,21858.9,75.3,41522.7,0.0,"{'timestamp': '2026-09-08T19:43:45.906616+00:00', 'model_version': 'gemma4:31b-cloud', 'prompt_hash': 'a6af280e'}",gemma4_31b-cloud__N120
5,real_mixed_51,gemma4:31b-cloud_baseline,1.0710058212280271,42.48,0,direct_json,0.9090909090909092,0.6666666666666666,0.7692307692307692,0.0,0,9.1,18.1,53.8,95.9,95.9,24714.5,81.1,41522.7,0.0,"{'timestamp': '2026-09-08T19:43:47.010719+00:00', 'model_version': 'gemma4:31b-cloud', 'prompt_hash': 'a6af280e'}",gemma4_31b-cloud__N120
5,real_mixed_52,gemma4:31b-cloud_baseline,1.5780999660491943,45.31,0,direct_json,0.7619047619047619,0.7619047619047619,0.7619047619047619,0.0,0,27.2,27.8,35.1,93.4,93.4,21647.0,80.3,42031.7,0.0,"{'timestamp': '2026-09-08T19:43:48.626476+00:00', 'model_version': 'gemma4:31b-cloud', 'prompt_hash': 'a6af280e'}",gemma4_31b-cloud__N120
5,real_mixed_53,gemma4:31b-cloud_baseline,1.571031093597412,27.31,0,direct_json,0.8235294117647058,0.875,0.8484848484848485,0.0,0,10.1,10.8,35.5,93.4,93.4,18182.0,70.7,42031.7,0.0,"{'timestamp': '2026-09-08T19:43:50.224345+00:00', 'model_version': 'gemma4:31b-cloud', 'prompt_hash': 'a6af280e'}",gemma4_31b-cloud__N120
5,real_mixed_54,gemma4:31b-cloud_baseline,1.0420799255371094,29.94,0,direct_json,1.0,0.875,0.9333333333333332,0.0,0,12.6,19.4,55.6,93.4,93.4,19386.1,73.1,42510.0,0.0,"{'timestamp': '2026-09-08T19:43:51.284328+00:00', 'model_version': 'gemma4:31b-cloud', 'prompt_hash': 'a6af280e'}",gemma4_31b-cloud__N120
5,real_mixed_55,gemma4:31b-cloud_baseline,1.5783100128173828,35.42,0,direct_json,0.7647058823529411,0.65,0.7027027027027027,0.0,0,16.9,27.8,35.2,93.5,93.5,18091.2,70.4,42510.0,0.0,"{'timestamp': '2026-09-08T19:43:52.894633+00:00', 'model_version': 'gemma4:31b-cloud', 'prompt_hash': 'a6af280e'}",gemma4_31b-cloud__N120
5,real_mixed_56,gemma4:31b-cloud_baseline,1.5770878791809082,43.69,0,direct_json,0.8,0.7692307692307693,0.7843137254901961,0.0,0,16.3,20.6,36.0,93.5,93.5,18205.1,70.5,42898.0,0.0,"{'timestamp': '2026-09-08T19:43:54.509524+00:00', 'model_version': 'gemma4:31b-cloud', 'prompt_hash': 'a6af280e'}",gemma4_31b-cloud__N120
5,real_mixed_57,gemma4:31b-cloud_baseline,1.5706627368927002,33.93,0,direct_json,1.0,0.9523809523809524,0.975609756097561,0.0,0,11.4,20.3,35.2,93.5,93.5,19641.0,73.1,42898.0,0.0,"{'timestamp': '2026-09-08T19:43:56.106142+00:00', 'model_version': 'gemma4:31b-cloud', 'prompt_hash': 'a6af280e'}",gemma4_31b-cloud__N120
5,real_mixed_58,gemma4:31b-cloud_baseline,1.5704152584075928,36.42,0,direct_json,0.8823529411764706,0.8333333333333334,0.8571428571428571,0.0,0,22.8,25.8,35.6,93.5,93.5,22338.5,76.8,43000.8,0.0,"{'timestamp': '2026-09-08T19:43:57.707025+00:00', 'model_version': 'gemma4:31b-cloud', 'prompt_hash': 'a6af280e'}",gemma4_31b-cloud__N120
5,real_mixed_60,gemma4:31b-cloud_baseline,1.5522592067718506,39.36,0,direct_json,1.0,0.8571428571428571,0.923076923076923,0.0,0,17.4,20.2,34.7,93.6,93.6,22683.8,76.1,42901.8,0.0,"{'timestamp': '2026-09-08T19:44:01.396743+00:00', 'model_version': 'gemma4:31b-cloud', 'prompt_hash': 'a6af280e'}",gemma4_31b-cloud__N120
6,real_mixed_61,gemma4:31b-cloud_baseline,3.085275173187256,53.09,0,direct_json,0.6666666666666666,0.7777777777777778,0.717948717948718,0.0,0,60.6,80.1,17.8,94.0,94.0,21827.1,73.8,42901.8,0.0,"{'timestamp': '2026-09-08T19:44:04.548042+00:00', 'model_version': 'gemma4:31b-cloud', 'prompt_hash': 'a6af280e'}",gemma4_31b-cloud__N120
6,real_mixed_62,gemma4:31b-cloud_baseline,1.5312707424163818,34.81,0,direct_json,0.8125,0.7222222222222222,0.7647058823529411,0.0,0,10.9,17.4,36.4,94.0,94.0,24815.2,78.4,42911.5,0.0,"{'timestamp': '2026-09-08T19:44:06.111843+00:00', 'model_version': 'gemma4:31b-cloud', 'prompt_hash': 'a6af280e'}",gemma4_31b-cloud__N120
6,real_mixed_63,gemma4:31b-cloud_baseline,1.574409008026123,31.38,0,direct_json,0.7692307692307693,0.6666666666666666,0.7142857142857142,0.0,0,14.5,30.5,36.2,92.9,92.9,22868.2,75.7,42911.5,0.0,"{'timestamp': '2026-09-08T19:44:07.715439+00:00', 'model_version': 'gemma4:31b-cloud', 'prompt_hash': 'a6af280e'}",gemma4_31b-cloud__N120
6,real_mixed_64,gemma4:31b-cloud_baseline,1.0719869136810305,24.25,0,direct_json,0.75,0.75,0.75,0.0,0,17.0,18.4,53.0,92.9,92.9,22047.3,74.1,42911.5,0.0,"{'timestamp': '2026-09-08T19:44:08.800653+00:00', 'model_version': 'gemma4:31b-cloud', 'prompt_hash': 'a6af280e'}",gemma4_31b-cloud__N120
6,real_mixed_65,gemma4:31b-cloud_baseline,1.0709829330444336,37.63,0,direct_json,0.6666666666666666,0.5454545454545454,0.6,0.0,0,16.4,18.1,50.8,92.9,92.9,22614.4,74.2,42911.5,0.0,"{'timestamp': '2026-09-08T19:44:09.891587+00:00', 'model_version': 'gemma4:31b-cloud', 'prompt_hash': 'a6af280e'}",gemma4_31b-cloud__N120
6,real_mixed_66,gemma4:31b-cloud_baseline,2.0740888118743896,38.23,0,direct_json,0.5909090909090909,0.5,0.5416666666666667,0.0,0,19.9,34.5,26.4,85.9,92.9,23252.7,78.4,43014.8,0.0,"{'timestamp': '2026-09-08T19:44:11.997326+00:00', 'model_version': 'gemma4:31b-cloud', 'prompt_hash': 'a6af280e'}",gemma4_31b-cloud__N120
6,real_mixed_67,gemma4:31b-cloud_baseline,1.5716149806976318,33.09,0,direct_json,0.9523809523809524,0.9090909090909092,0.9302325581395348,0.0,0,25.1,30.8,36.8,79.5,79.5,20259.8,75.6,42800.8,0.0,"{'timestamp': '2026-09-08T19:44:13.604581+00:00', 'model_version': 'gemma4:31b-cloud', 'prompt_hash': 'a6af280e'}",gemma4_31b-cloud__N120
6,real_mixed_68,gemma4:31b-cloud_baseline,1.073469877243042,69.03,0,direct_json,1.0,0.8421052631578947,0.9142857142857144,0.0,0,19.5,19.8,52.9,80.2,80.2,19968.7,74.5,42800.8,0.0,"{'timestamp': '2026-09-08T19:44:14.699129+00:00', 'model_version': 'gemma4:31b-cloud', 'prompt_hash': 'a6af280e'}",gemma4_31b-cloud__N120
6,real_mixed_69,gemma4:31b-cloud_baseline,1.5763041973114014,37.94,0,direct_json,1.0,0.8928571428571429,0.9433962264150944,0.0,0,12.3,15.1,35.9,80.8,80.8,20964.7,75.5,42800.8,0.0,"{'timestamp': '2026-09-08T19:44:16.309496+00:00', 'model_version': 'gemma4:31b-cloud', 'prompt_hash': 'a6af280e'}",gemma4_31b-cloud__N120
6,real_mixed_70,gemma4:31b-cloud_baseline,1.0260858535766602,58.28,0,direct_json,0.9047619047619048,0.76,0.8260869565217391,0.0,0,35.9,52.3,53.8,81.4,81.4,23486.0,80.3,42910.6,0.0,"{'timestamp': '2026-09-08T19:44:17.366951+00:00', 'model_version': 'gemma4:31b-cloud', 'prompt_hash': 'a6af280e'}",gemma4_31b-cloud__N120
7,real_mixed_71,gemma4:31b-cloud_baseline,1.0652379989624023,37.83,0,direct_json,0.7272727272727273,0.5714285714285714,0.64,0.0,0,22.1,25.6,52.2,83.5,83.5,22949.7,79.2,42910.6,0.0,"{'timestamp': '2026-09-08T19:44:18.468513+00:00', 'model_version': 'gemma4:31b-cloud', 'prompt_hash': 'a6af280e'}",gemma4_31b-cloud__N120
7,real_mixed_72,gemma4:31b-cloud_baseline,1.0685510635375977,47.45,0,direct_json,0.9230769230769232,0.7058823529411765,0.8000000000000002,0.0,0,20.6,26.1,53.0,83.5,83.5,20911.0,74.9,42910.6,0.0,"{'timestamp': '2026-09-08T19:44:19.563043+00:00', 'model_version': 'gemma4:31b-cloud', 'prompt_hash': 'a6af280e'}",gemma4_31b-cloud__N120
7,real_mixed_73,gemma4:31b-cloud_baseline,1.0198330879211426,44.62,0,direct_json,1.0,0.75,0.8571428571428571,0.0,0,16.7,18.4,53.0,83.5,83.5,21019.4,73.9,42794.8,0.0,"{'timestamp': '2026-09-08T19:44:20.611443+00:00', 'model_version': 'gemma4:31b-cloud', 'prompt_hash': 'a6af280e'}",gemma4_31b-cloud__N120
7,real_mixed_74,gemma4:31b-cloud_baseline,1.5727670192718506,28.93,0,direct_json,1.0,1.0,1.0,0.0,0,12.5,14.0,35.0,83.5,83.5,20501.0,72.8,42794.8,0.0,"{'timestamp': '2026-09-08T19:44:22.212168+00:00', 'model_version': 'gemma4:31b-cloud', 'prompt_hash': 'a6af280e'}",gemma4_31b-cloud__N120
7,real_mixed_75,gemma4:31b-cloud_baseline,1.068222999572754,18.25,0,direct_json,1.0,0.8,0.888888888888889,0.0,0,23.6,30.6,53.5,83.6,83.6,20966.9,73.5,42794.8,0.0,"{'timestamp': '2026-09-08T19:44:23.295206+00:00', 'model_version': 'gemma4:31b-cloud', 'prompt_hash': 'a6af280e'}",gemma4_31b-cloud__N120
7,real_mixed_76,gemma4:31b-cloud_baseline,1.0626499652862549,19.57,0,direct_json,0.0,0.0,0.0,0.0,0,15.0,19.0,53.1,83.6,83.6,22690.9,76.7,42737.6,0.0,"{'timestamp': '2026-09-08T19:44:24.363177+00:00', 'model_version': 'gemma4:31b-cloud', 'prompt_hash': 'a6af280e'}",gemma4_31b-cloud__N120
7,real_mixed_77,gemma4:31b-cloud_baseline,1.067373752593994,90.13,0,direct_json,0.8,0.8695652173913043,0.8333333333333333,0.0,0,17.4,18.7,53.0,83.6,83.6,23634.5,78.4,42737.6,0.0,"{'timestamp': '2026-09-08T19:44:25.460437+00:00', 'model_version': 'gemma4:31b-cloud', 'prompt_hash': 'a6af280e'}",gemma4_31b-cloud__N120
7,real_mixed_78,gemma4:31b-cloud_baseline,1.068248987197876,36.51,0,direct_json,0.6666666666666666,0.8571428571428571,0.75,0.0,0,19.4,20.0,53.1,83.6,83.7,21846.5,74.4,42737.6,0.0,"{'timestamp': '2026-09-08T19:44:26.539928+00:00', 'model_version': 'gemma4:31b-cloud', 'prompt_hash': 'a6af280e'}",gemma4_31b-cloud__N120
7,real_mixed_80,gemma4:31b-cloud_baseline,2.0924999713897705,67.72,0,direct_json,0.6756756756756757,0.8928571428571429,0.7692307692307693,0.0,0,18.2,28.3,26.3,82.4,83.9,23779.6,83.8,42737.6,0.0,"{'timestamp': '2026-09-08T19:44:29.750003+00:00', 'model_version': 'gemma4:31b-cloud', 'prompt_hash': 'a6af280e'}",gemma4_31b-cloud__N120
8,real_mixed_81,gemma4:31b-cloud_baseline,1.0815818309783936,50.48,0,direct_json,0.9090909090909092,0.7142857142857143,0.8,0.0,0,29.2,34.3,53.6,83.8,83.9,21704.8,86.4,42737.6,0.0,"{'timestamp': '2026-09-08T19:44:30.879592+00:00', 'model_version': 'gemma4:31b-cloud', 'prompt_hash': 'a6af280e'}",gemma4_31b-cloud__N120
8,real_mixed_82,gemma4:31b-cloud_baseline,1.570339918136597,28.97,0,direct_json,0.8666666666666667,0.7647058823529411,0.8125,0.0,0,36.7,44.4,36.9,80.8,81.9,20592.4,81.6,42888.4,0.0,"{'timestamp': '2026-09-08T19:44:32.478395+00:00', 'model_version': 'gemma4:31b-cloud', 'prompt_hash': 'a6af280e'}",gemma4_31b-cloud__N120
8,real_mixed_83,gemma4:31b-cloud_baseline,1.0639991760253906,34.21,0,direct_json,1.0,0.8461538461538461,0.9166666666666666,0.0,0,31.8,36.9,53.1,80.7,80.7,19460.6,67.8,42888.4,0.0,"{'timestamp': '2026-09-08T19:44:33.563884+00:00', 'model_version': 'gemma4:31b-cloud', 'prompt_hash': 'a6af280e'}",gemma4_31b-cloud__N120
8,real_mixed_84,gemma4:31b-cloud_baseline,1.0686259269714355,31.63,0,direct_json,1.0,0.9090909090909092,0.9523809523809524,0.0,0,9.8,12.2,53.5,81.0,81.0,19891.1,68.1,42888.4,0.0,"{'timestamp': '2026-09-08T19:44:34.647813+00:00', 'model_version': 'gemma4:31b-cloud', 'prompt_hash': 'a6af280e'}",gemma4_31b-cloud__N120
8,real_mixed_85,gemma4:31b-cloud_baseline,1.0644941329956057,41.52,0,direct_json,0.8888888888888888,0.8888888888888888,0.8888888888888888,0.0,0,9.2,9.9,54.0,81.0,81.0,20247.4,68.5,42888.4,0.0,"{'timestamp': '2026-09-08T19:44:35.727159+00:00', 'model_version': 'gemma4:31b-cloud', 'prompt_hash': 'a6af280e'}",gemma4_31b-cloud__N120
8,real_mixed_86,gemma4:31b-cloud_baseline,1.0688228607177734,47.44,0,direct_json,0.9230769230769232,0.8571428571428571,0.888888888888889,0.0,0,7.1,8.7,53.6,81.2,81.3,20449.6,68.6,42888.4,0.0,"{'timestamp': '2026-09-08T19:44:36.813163+00:00', 'model_version': 'gemma4:31b-cloud', 'prompt_hash': 'a6af280e'}",gemma4_31b-cloud__N120
8,real_mixed_87,gemma4:31b-cloud_baseline,1.065459966659546,31.72,0,direct_json,0.875,0.6363636363636364,0.7368421052631579,0.0,0,8.8,17.5,53.3,81.5,81.5,20687.5,68.4,42888.4,0.0,"{'timestamp': '2026-09-08T19:44:37.897039+00:00', 'model_version': 'gemma4:31b-cloud', 'prompt_hash': 'a6af280e'}",gemma4_31b-cloud__N120
8,real_mixed_88,gemma4:31b-cloud_baseline,1.0640439987182615,31.77,0,direct_json,0.875,0.875,0.875,0.0,0,20.9,24.9,51.4,81.8,81.8,21199.8,68.9,42888.4,0.0,"{'timestamp': '2026-09-08T19:44:38.980397+00:00', 'model_version': 'gemma4:31b-cloud', 'prompt_hash': 'a6af280e'}",gemma4_31b-cloud__N120
8,real_mixed_89,gemma4:31b-cloud_baseline,1.0674781799316406,38.97,0,direct_json,0.8,0.5714285714285714,0.6666666666666666,0.0,0,8.9,9.2,53.8,82.3,82.3,20684.4,67.8,42888.4,0.0,"{'timestamp': '2026-09-08T19:44:40.071771+00:00', 'model_version': 'gemma4:31b-cloud', 'prompt_hash': 'a6af280e'}",gemma4_31b-cloud__N120
8,real_mixed_90,gemma4:31b-cloud_baseline,1.0719819068908691,81.25,0,direct_json,0.7916666666666666,0.8636363636363636,0.8260869565217391,0.0,0,8.1,16.1,53.5,82.7,82.7,20734.1,67.8,42888.4,0.0,"{'timestamp': '2026-09-08T19:44:41.177922+00:00', 'model_version': 'gemma4:31b-cloud', 'prompt_hash': 'a6af280e'}",gemma4_31b-cloud__N120
9,real_mixed_91,gemma4:31b-cloud_baseline,200.05866503715515,0.25,0,direct_json,0.9333333333333332,0.8235294117647058,0.8749999999999999,0.0,0,16.7,53.9,0.3,59.2,84.1,23277.5,69.8,43037.9,0.0,"{'timestamp': '2026-09-08T19:48:01.280567+00:00', 'model_version': 'gemma4:31b-cloud', 'prompt_hash': 'a6af280e'}",gemma4_31b-cloud__N120
9,real_mixed_92,gemma4:31b-cloud_baseline,1.0733540058135986,50.87,0,direct_json,0.875,0.6666666666666666,0.7567567567567567,0.0,0,19.1,19.3,53.0,73.4,74.0,24229.8,69.6,43037.9,0.0,"{'timestamp': '2026-09-08T19:48:02.379142+00:00', 'model_version': 'gemma4:31b-cloud', 'prompt_hash': 'a6af280e'}",gemma4_31b-cloud__N120
9,real_mixed_93,gemma4:31b-cloud_baseline,1.0436570644378662,39.86,0,direct_json,1.0,0.9333333333333332,0.9655172413793104,0.0,0,18.1,21.8,59.0,74.8,74.8,25858.6,72.8,42820.7,0.0,"{'timestamp': '2026-09-08T19:48:03.452465+00:00', 'model_version': 'gemma4:31b-cloud', 'prompt_hash': 'a6af280e'}",gemma4_31b-cloud__N120
9,real_mixed_94,gemma4:31b-cloud_baseline,1.0833661556243896,46.8,0,direct_json,0.9473684210526316,0.8181818181818182,0.8780487804878049,0.0,0,19.5,20.1,54.0,75.6,75.6,24901.6,70.8,42820.7,0.0,"{'timestamp': '2026-09-08T19:48:04.566952+00:00', 'model_version': 'gemma4:31b-cloud', 'prompt_hash': 'a6af280e'}",gemma4_31b-cloud__N120
9,real_mixed_95,gemma4:31b-cloud_baseline,1.0827209949493408,27.62,0,direct_json,0.7272727272727273,1.0,0.8421052631578948,0.0,0,7.9,8.7,54.3,76.3,76.3,23853.6,68.6,42820.7,0.0,"{'timestamp': '2026-09-08T19:48:05.664319+00:00', 'model_version': 'gemma4:31b-cloud', 'prompt_hash': 'a6af280e'}",gemma4_31b-cloud__N120
9,real_mixed_96,gemma4:31b-cloud_baseline,1.0759832859039309,41.08,0,direct_json,0.7333333333333333,0.7857142857142857,0.7586206896551724,0.0,0,18.9,24.9,52.9,77.1,77.2,24080.4,68.8,42820.7,0.0,"{'timestamp': '2026-09-08T19:48:06.757868+00:00', 'model_version': 'gemma4:31b-cloud', 'prompt_hash': 'a6af280e'}",gemma4_31b-cloud__N120
9,real_mixed_97,gemma4:31b-cloud_baseline,1.072045087814331,31.53,0,direct_json,1.0,0.9230769230769232,0.96,0.0,0,10.6,11.1,54.1,77.9,77.9,26110.0,72.6,42820.7,0.0,"{'timestamp': '2026-09-08T19:48:07.845878+00:00', 'model_version': 'gemma4:31b-cloud', 'prompt_hash': 'a6af280e'}",gemma4_31b-cloud__N120
9,real_mixed_98,gemma4:31b-cloud_baseline,3.616825819015503,24.08,0,direct_json,0.84,0.6176470588235294,0.711864406779661,0.0,0,14.9,28.5,15.3,78.7,78.7,23801.2,72.0,43082.4,0.0,"{'timestamp': '2026-09-08T19:48:11.500509+00:00', 'model_version': 'gemma4:31b-cloud', 'prompt_hash': 'a6af280e'}",gemma4_31b-cloud__N120
9,real_mixed_99,gemma4:31b-cloud_baseline,1.0824742317199707,30.02,0,direct_json,0.6666666666666666,1.0,0.8,0.0,0,12.5,12.6,53.0,79.5,79.5,22633.1,69.3,43082.4,0.0,"{'timestamp': '2026-09-08T19:48:12.597738+00:00', 'model_version': 'gemma4:31b-cloud', 'prompt_hash': 'a6af280e'}",gemma4_31b-cloud__N120
9,real_mixed_100,gemma4:31b-cloud_baseline,1.5402157306671145,34.61,0,direct_json,0.9,0.8571428571428571,0.8780487804878048,0.0,0,14.8,20.8,35.6,80.2,80.2,24806.0,73.5,42937.4,0.0,"{'timestamp': '2026-09-08T19:48:14.171636+00:00', 'model_version': 'gemma4:31b-cloud', 'prompt_hash': 'a6af280e'}",gemma4_31b-cloud__N120
10,real_mixed_102,gemma4:31b-cloud_baseline,1.0827550888061523,12.01,0,direct_json,1.0,1.0,1.0,0.0,0,13.3,14.0,53.4,83.7,83.7,23452.5,70.1,42937.4,0.0,"{'timestamp': '2026-09-08T19:48:16.386000+00:00', 'model_version': 'gemma4:31b-cloud', 'prompt_hash': 'a6af280e'}",gemma4_31b-cloud__N120
10,real_mixed_103,gemma4:31b-cloud_baseline,0.5640709400177002,27.66,0,direct_json,1.0,1.0,1.0,0.0,0,25.4,25.4,108.9,83.7,83.7,23476.1,70.1,42937.4,0.0,"{'timestamp': '2026-09-08T19:48:16.960540+00:00', 'model_version': 'gemma4:31b-cloud', 'prompt_hash': 'a6af280e'}",gemma4_31b-cloud__N120
10,real_mixed_104,gemma4:31b-cloud_baseline,1.0770399570465088,42.25,0,direct_json,0.9444444444444444,0.8095238095238095,0.8717948717948718,0.0,0,19.7,22.0,53.0,83.7,83.7,23348.0,68.3,42937.4,0.0,"{'timestamp': '2026-09-08T19:48:18.059430+00:00', 'model_version': 'gemma4:31b-cloud', 'prompt_hash': 'a6af280e'}",gemma4_31b-cloud__N120
10,real_mixed_105,gemma4:31b-cloud_baseline,1.0414960384368896,59.91,0,direct_json,0.7333333333333333,0.7333333333333333,0.7333333333333333,0.0,0,15.9,17.6,53.1,83.7,83.7,26302.8,74.3,42801.4,0.0,"{'timestamp': '2026-09-08T19:48:19.124752+00:00', 'model_version': 'gemma4:31b-cloud', 'prompt_hash': 'a6af280e'}",gemma4_31b-cloud__N120
10,real_mixed_106,gemma4:31b-cloud_baseline,0.5735018253326416,31.73,0,direct_json,1.0,1.0,1.0,0.0,0,15.4,15.4,104.1,83.8,83.8,22444.6,66.5,42801.4,0.0,"{'timestamp': '2026-09-08T19:48:19.711145+00:00', 'model_version': 'gemma4:31b-cloud', 'prompt_hash': 'a6af280e'}",gemma4_31b-cloud__N120
10,real_mixed_107,gemma4:31b-cloud_baseline,1.5904419422149658,43.32,0,direct_json,0.65,0.9285714285714286,0.7647058823529412,0.0,0,12.7,14.4,35.4,83.9,83.9,23579.6,68.8,42801.4,0.0,"{'timestamp': '2026-09-08T19:48:21.318002+00:00', 'model_version': 'gemma4:31b-cloud', 'prompt_hash': 'a6af280e'}",gemma4_31b-cloud__N120
10,real_mixed_108,gemma4:31b-cloud_baseline,1.0815112590789795,42.07,0,direct_json,0.4545454545454545,0.625,0.5263157894736842,0.0,0,20.9,25.0,52.9,84.0,84.0,24418.5,69.3,42801.4,0.0,"{'timestamp': '2026-09-08T19:48:22.416032+00:00', 'model_version': 'gemma4:31b-cloud', 'prompt_hash': 'a6af280e'}",gemma4_31b-cloud__N120
10,real_mixed_109,gemma4:31b-cloud_baseline,1.0806450843811035,60.15,0,direct_json,1.0,0.8620689655172413,0.925925925925926,0.0,0,11.1,14.1,55.6,84.0,84.0,26171.7,72.8,42741.1,0.0,"{'timestamp': '2026-09-08T19:48:23.540257+00:00', 'model_version': 'gemma4:31b-cloud', 'prompt_hash': 'a6af280e'}",gemma4_31b-cloud__N120
10,real_mixed_110,gemma4:31b-cloud_baseline,1.079353094100952,72.27,0,direct_json,0.7777777777777778,0.5833333333333334,0.6666666666666666,0.0,0,17.2,18.1,52.2,84.0,84.0,23931.3,68.2,42741.1,0.0,"{'timestamp': '2026-09-08T19:48:24.661253+00:00', 'model_version': 'gemma4:31b-cloud', 'prompt_hash': 'a6af280e'}",gemma4_31b-cloud__N120
11,real_mixed_111,gemma4:31b-cloud_baseline,1.575551986694336,55.28,0,direct_json,0.9428571428571428,0.9705882352941176,0.9565217391304348,0.0,0,14.9,16.4,35.0,84.2,84.2,24454.4,68.8,42741.1,0.0,"{'timestamp': '2026-09-08T19:48:26.292815+00:00', 'model_version': 'gemma4:31b-cloud', 'prompt_hash': 'a6af280e'}",gemma4_31b-cloud__N120
11,real_mixed_112,gemma4:31b-cloud_baseline,1.0792500972747805,40.95,0,direct_json,0.625,0.625,0.625,0.0,0,14.6,16.8,52.9,84.2,84.2,26670.9,73.0,42741.1,0.0,"{'timestamp': '2026-09-08T19:48:27.387777+00:00', 'model_version': 'gemma4:31b-cloud', 'prompt_hash': 'a6af280e'}",gemma4_31b-cloud__N120
11,real_mixed_113,gemma4:31b-cloud_baseline,1.0825860500335691,32.42,0,direct_json,0.8,0.8,0.8000000000000002,0.0,0,12.4,15.3,53.6,84.2,84.2,25757.8,71.2,42886.6,0.0,"{'timestamp': '2026-09-08T19:48:28.492850+00:00', 'model_version': 'gemma4:31b-cloud', 'prompt_hash': 'a6af280e'}",gemma4_31b-cloud__N120
11,real_mixed_114,gemma4:31b-cloud_baseline,1.081244945526123,36.07,0,direct_json,0.8,0.8,0.8000000000000002,0.0,0,11.2,14.5,53.8,84.2,84.2,23721.4,67.0,42886.6,0.0,"{'timestamp': '2026-09-08T19:48:29.604956+00:00', 'model_version': 'gemma4:31b-cloud', 'prompt_hash': 'a6af280e'}",gemma4_31b-cloud__N120
11,real_mixed_115,gemma4:31b-cloud_baseline,1.0764973163604736,24.15,0,direct_json,0.6666666666666666,1.0,0.8,0.0,0,22.6,24.9,53.8,84.2,84.2,24443.2,67.5,42886.6,0.0,"{'timestamp': '2026-09-08T19:48:30.691420+00:00', 'model_version': 'gemma4:31b-cloud', 'prompt_hash': 'a6af280e'}",gemma4_31b-cloud__N120
11,real_mixed_116,gemma4:31b-cloud_baseline,3.6092588901519775,5.76,0,direct_json,0.8,1.0,0.888888888888889,0.0,0,17.3,27.8,19.3,84.2,84.2,24990.6,68.6,42941.1,0.0,"{'timestamp': '2026-09-08T19:48:34.309794+00:00', 'model_version': 'gemma4:31b-cloud', 'prompt_hash': 'a6af280e'}",gemma4_31b-cloud__N120
11,real_mixed_117,gemma4:31b-cloud_baseline,1.5912508964538574,72.71,0,direct_json,0.5882352941176471,0.7142857142857143,0.6451612903225806,0.0,0,17.3,27.0,35.8,84.3,84.3,24873.0,66.9,42727.6,0.0,"{'timestamp': '2026-09-08T19:48:35.923986+00:00', 'model_version': 'gemma4:31b-cloud', 'prompt_hash': 'a6af280e'}",gemma4_31b-cloud__N120
11,real_mixed_118,gemma4:31b-cloud_baseline,1.0709309577941897,24.28,0,direct_json,1.0,1.0,1.0,0.0,0,25.1,28.5,53.3,84.3,84.3,24364.6,65.5,42776.6,0.0,"{'timestamp': '2026-09-08T19:48:37.014049+00:00', 'model_version': 'gemma4:31b-cloud', 'prompt_hash': 'a6af280e'}",gemma4_31b-cloud__N120
11,real_mixed_119,gemma4:31b-cloud_baseline,1.0696508884429932,41.32,0,direct_json,0.7,0.875,0.7777777777777777,0.0,0,25.1,27.5,53.2,84.3,84.3,24547.6,65.8,42776.6,0.0,"{'timestamp': '2026-09-08T19:48:38.109361+00:00', 'model_version': 'gemma4:31b-cloud', 'prompt_hash': 'a6af280e'}",gemma4_31b-cloud__N120
11,real_mixed_120,gemma4:31b-cloud_baseline,1.0843048095703125,33.57,0,direct_json,0.9230769230769232,1.0,0.96,0.0,0,14.6,16.2,53.9,84.3,84.3,25048.0,66.9,42776.6,0.0,"{'timestamp': '2026-09-08T19:48:39.217070+00:00', 'model_version': 'gemma4:31b-cloud', 'prompt_hash': 'a6af280e'}",gemma4_31b-cloud__N120
0,real_mixed_2,gemma4:31b-cloud_kb_rag,1.1841471195220947,35.13,0,direct_json,0.9285714285714286,0.7647058823529411,0.8387096774193549,0.0,0,24.5,26.8,53.6,345.8,345.8,28216.5,73.8,42776.6,0.0,"{'timestamp': '2026-09-08T19:48:41.941679+00:00', 'model_version': 'gemma4:31b-cloud', 'prompt_hash': 'a6af280e'}",gemma4_31b-cloud__N120
0,real_mixed_3,gemma4:31b-cloud_kb_rag,1.0684480667114258,47.45,0,direct_json,0.75,0.5294117647058824,0.6206896551724139,0.0,0,17.4,34.8,53.0,345.7,345.7,22410.6,83.3,42776.6,0.0,"{'timestamp': '2026-09-08T19:48:43.304054+00:00', 'model_version': 'gemma4:31b-cloud', 'prompt_hash': 'a6af280e'}",gemma4_31b-cloud__N120
0,real_mixed_4,gemma4:31b-cloud_kb_rag,1.0743896961212158,65.34,0,direct_json,0.875,0.9333333333333332,0.9032258064516128,0.0,0,36.8,44.6,53.5,346.7,346.7,22393.8,82.3,43121.9,0.0,"{'timestamp': '2026-09-08T19:48:44.510248+00:00', 'model_version': 'gemma4:31b-cloud', 'prompt_hash': 'a6af280e'}",gemma4_31b-cloud__N120
0,real_mixed_5,gemma4:31b-cloud_kb_rag,1.58723783493042,33.58,0,direct_json,0.9523809523809524,0.9523809523809524,0.9523809523809524,0.0,0,11.7,19.7,36.8,347.3,347.3,20766.1,70.9,43121.9,0.0,"{'timestamp': '2026-09-08T19:48:46.213213+00:00', 'model_version': 'gemma4:31b-cloud', 'prompt_hash': 'a6af280e'}",gemma4_31b-cloud__N120
0,real_mixed_6,gemma4:31b-cloud_kb_rag,1.583463191986084,31.2,0,direct_json,1.0,0.75,0.8571428571428571,0.0,0,19.4,22.9,36.6,348.0,348.0,21014.6,70.8,43121.9,0.0,"{'timestamp': '2026-09-08T19:48:47.929650+00:00', 'model_version': 'gemma4:31b-cloud', 'prompt_hash': 'a6af280e'}",gemma4_31b-cloud__N120
0,real_mixed_7,gemma4:31b-cloud_kb_rag,1.0790321826934814,55.42,0,direct_json,0.8888888888888888,0.8,0.8421052631578948,0.0,0,22.8,26.3,56.4,351.2,354.0,21245.7,71.0,43121.9,0.0,"{'timestamp': '2026-09-08T19:48:49.126722+00:00', 'model_version': 'gemma4:31b-cloud', 'prompt_hash': 'a6af280e'}",gemma4_31b-cloud__N120
0,real_mixed_8,gemma4:31b-cloud_kb_rag,2.0612170696258545,17.03,0,direct_json,0.9,0.6,0.7200000000000001,0.0,0,6.0,8.6,27.2,356.3,356.3,21986.4,70.8,43104.6,0.0,"{'timestamp': '2026-09-08T19:48:51.312200+00:00', 'model_version': 'gemma4:31b-cloud', 'prompt_hash': 'a6af280e'}",gemma4_31b-cloud__N120
0,real_mixed_9,gemma4:31b-cloud_kb_rag,1.0826420783996582,33.62,0,direct_json,0.7692307692307693,0.625,0.6896551724137931,0.0,0,7.7,15.4,54.3,356.8,356.8,21286.6,69.2,43104.6,0.0,"{'timestamp': '2026-09-08T19:48:52.514339+00:00', 'model_version': 'gemma4:31b-cloud', 'prompt_hash': 'a6af280e'}",gemma4_31b-cloud__N120
0,real_mixed_10,gemma4:31b-cloud_kb_rag,1.077666997909546,36.19,0,direct_json,0.9333333333333332,1.0,0.9655172413793104,0.0,0,13.2,13.3,53.5,357.6,357.6,22167.7,70.9,43104.6,0.0,"{'timestamp': '2026-09-08T19:48:53.697806+00:00', 'model_version': 'gemma4:31b-cloud', 'prompt_hash': 'a6af280e'}",gemma4_31b-cloud__N120
1,real_mixed_11,gemma4:31b-cloud_kb_rag,1.074018955230713,75.05,0,direct_json,0.896551724137931,0.9629629629629628,0.9285714285714286,0.0,0,15.6,18.1,53.2,360.9,360.9,22325.8,71.2,43104.6,0.0,"{'timestamp': '2026-09-08T19:48:54.910261+00:00', 'model_version': 'gemma4:31b-cloud', 'prompt_hash': 'a6af280e'}",gemma4_31b-cloud__N120
1,real_mixed_12,gemma4:31b-cloud_kb_rag,1.0782978534698486,40.99,0,direct_json,0.9230769230769232,1.0,0.96,0.0,0,8.6,12.3,54.3,360.8,360.8,22683.2,71.8,43104.6,0.0,"{'timestamp': '2026-09-08T19:48:56.106205+00:00', 'model_version': 'gemma4:31b-cloud', 'prompt_hash': 'a6af280e'}",gemma4_31b-cloud__N120
1,real_mixed_13,gemma4:31b-cloud_kb_rag,1.0746219158172607,81.05,0,direct_json,0.8148148148148148,0.8148148148148148,0.8148148148148148,0.0,0,17.9,21.3,54.3,360.8,360.8,22575.9,71.5,43104.6,0.0,"{'timestamp': '2026-09-08T19:48:57.314519+00:00', 'model_version': 'gemma4:31b-cloud', 'prompt_hash': 'a6af280e'}",gemma4_31b-cloud__N120
1,real_mixed_14,gemma4:31b-cloud_kb_rag,1.0788180828094482,48.2,0,direct_json,0.7222222222222222,0.8666666666666667,0.7878787878787877,0.0,0,9.7,10.0,53.5,361.5,361.5,22728.8,71.1,43104.6,0.0,"{'timestamp': '2026-09-08T19:48:58.503548+00:00', 'model_version': 'gemma4:31b-cloud', 'prompt_hash': 'a6af280e'}",gemma4_31b-cloud__N120
1,real_mixed_15,gemma4:31b-cloud_kb_rag,1.0739572048187256,42.37,0,direct_json,0.7916666666666666,0.9047619047619048,0.8444444444444444,0.0,0,16.5,23.0,55.0,361.6,361.7,22652.8,70.2,43104.6,0.0,"{'timestamp': '2026-09-08T19:48:59.695282+00:00', 'model_version': 'gemma4:31b-cloud', 'prompt_hash': 'a6af280e'}",gemma4_31b-cloud__N120
1,real_mixed_16,gemma4:31b-cloud_kb_rag,1.0793349742889404,28.91,0,direct_json,1.0,1.0,1.0,0.0,0,12.2,14.7,54.1,361.7,361.7,22387.3,69.7,43120.6,0.0,"{'timestamp': '2026-09-08T19:49:00.888471+00:00', 'model_version': 'gemma4:31b-cloud', 'prompt_hash': 'a6af280e'}",gemma4_31b-cloud__N120
1,real_mixed_17,gemma4:31b-cloud_kb_rag,1.066439151763916,18.29,0,direct_json,1.0,1.0,1.0,0.0,0,11.2,13.2,53.6,362.0,362.0,22347.6,69.5,43120.6,0.0,"{'timestamp': '2026-09-08T19:49:02.056544+00:00', 'model_version': 'gemma4:31b-cloud', 'prompt_hash': 'a6af280e'}",gemma4_31b-cloud__N120
1,real_mixed_18,gemma4:31b-cloud_kb_rag,1.0834980010986328,26.4,0,direct_json,0.8461538461538461,0.7857142857142857,0.8148148148148148,0.0,0,18.6,25.1,54.7,362.2,362.2,22552.7,69.9,43120.6,0.0,"{'timestamp': '2026-09-08T19:49:03.262207+00:00', 'model_version': 'gemma4:31b-cloud', 'prompt_hash': 'a6af280e'}",gemma4_31b-cloud__N120
1,real_mixed_19,gemma4:31b-cloud_kb_rag,1.5815281867980957,32.88,0,direct_json,1.0,1.0,1.0,0.0,0,15.2,18.7,36.2,362.2,362.3,22843.7,69.3,43120.6,0.0,"{'timestamp': '2026-09-08T19:49:04.961574+00:00', 'model_version': 'gemma4:31b-cloud', 'prompt_hash': 'a6af280e'}",gemma4_31b-cloud__N120
1,real_mixed_20,gemma4:31b-cloud_kb_rag,1.0726079940795898,63.02,0,direct_json,0.7647058823529411,0.6842105263157895,0.7222222222222222,0.0,0,10.8,21.5,53.6,362.8,362.8,23361.3,69.8,43120.6,0.0,"{'timestamp': '2026-09-08T19:49:06.153780+00:00', 'model_version': 'gemma4:31b-cloud', 'prompt_hash': 'a6af280e'}",gemma4_31b-cloud__N120
2,real_mixed_22,gemma4:31b-cloud_kb_rag,1.0718779563903809,10.92,0,direct_json,0.75,1.0,0.8571428571428571,0.0,0,15.9,16.0,53.9,363.4,363.5,22631.5,68.2,43120.6,0.0,"{'timestamp': '2026-09-08T19:49:08.552555+00:00', 'model_version': 'gemma4:31b-cloud', 'prompt_hash': 'a6af280e'}",gemma4_31b-cloud__N120
2,real_mixed_23,gemma4:31b-cloud_kb_rag,1.07700514793396,35.0,0,direct_json,0.9285714285714286,0.7647058823529411,0.8387096774193549,0.0,0,9.8,10.0,52.9,363.5,363.5,22133.3,67.1,43116.6,0.0,"{'timestamp': '2026-09-08T19:49:09.746052+00:00', 'model_version': 'gemma4:31b-cloud', 'prompt_hash': 'a6af280e'}",gemma4_31b-cloud__N120
2,real_mixed_24,gemma4:31b-cloud_kb_rag,1.0804500579833984,20.45,0,direct_json,1.0,0.7272727272727273,0.8421052631578948,0.0,0,10.2,20.3,53.1,363.7,363.7,23116.9,69.1,43116.6,0.0,"{'timestamp': '2026-09-08T19:49:10.926608+00:00', 'model_version': 'gemma4:31b-cloud', 'prompt_hash': 'a6af280e'}",gemma4_31b-cloud__N120
2,real_mixed_25,gemma4:31b-cloud_kb_rag,1.0763802528381348,37.44,0,direct_json,0.75,0.5294117647058824,0.6206896551724139,0.0,0,10.3,11.6,53.4,363.7,363.7,23300.0,67.9,43116.6,0.0,"{'timestamp': '2026-09-08T19:49:12.116889+00:00', 'model_version': 'gemma4:31b-cloud', 'prompt_hash': 'a6af280e'}",gemma4_31b-cloud__N120
2,real_mixed_26,gemma4:31b-cloud_kb_rag,1.0762031078338623,89.39,0,direct_json,0.717948717948718,0.6666666666666666,0.691358024691358,0.0,0,16.2,23.7,53.1,363.7,363.7,26457.2,74.3,42748.6,0.0,"{'timestamp': '2026-09-08T19:49:13.338609+00:00', 'model_version': 'gemma4:31b-cloud', 'prompt_hash': 'a6af280e'}",gemma4_31b-cloud__N120
2,real_mixed_28,gemma4:31b-cloud_kb_rag,1.0743179321289062,52.03,0,direct_json,0.8823529411764706,0.8333333333333334,0.8571428571428571,0.0,0,14.7,21.6,53.5,365.9,365.9,24912.8,70.8,42748.6,0.0,"{'timestamp': '2026-09-08T19:49:16.236788+00:00', 'model_version': 'gemma4:31b-cloud', 'prompt_hash': 'a6af280e'}",gemma4_31b-cloud__N120
2,real_mixed_29,gemma4:31b-cloud_kb_rag,1.0362398624420166,65.24,0,direct_json,0.875,0.84,0.8571428571428572,0.0,0,26.2,33.5,54.3,366.1,366.1,27051.2,75.0,43029.9,0.0,"{'timestamp': '2026-09-08T19:49:17.411130+00:00', 'model_version': 'gemma4:31b-cloud', 'prompt_hash': 'a6af280e'}",gemma4_31b-cloud__N120
2,real_mixed_30,gemma4:31b-cloud_kb_rag,1.0780060291290283,21.71,0,direct_json,1.0,0.8461538461538461,0.9166666666666666,0.0,0,25.0,35.3,53.7,365.6,365.6,25467.2,72.0,43029.9,0.0,"{'timestamp': '2026-09-08T19:49:18.598807+00:00', 'model_version': 'gemma4:31b-cloud', 'prompt_hash': 'a6af280e'}",gemma4_31b-cloud__N120
3,real_mixed_31,gemma4:31b-cloud_kb_rag,1.0738232135772705,21.79,0,direct_json,0.7142857142857143,1.0,0.8333333333333333,0.0,0,19.2,23.4,52.8,365.8,365.8,23569.2,67.8,43029.9,0.0,"{'timestamp': '2026-09-08T19:49:19.804331+00:00', 'model_version': 'gemma4:31b-cloud', 'prompt_hash': 'a6af280e'}",gemma4_31b-cloud__N120
3,real_mixed_32,gemma4:31b-cloud_kb_rag,1.0808961391448977,37.28,0,direct_json,0.8,0.75,0.7741935483870969,0.0,0,20.1,23.9,53.2,365.8,365.8,24049.9,68.2,42906.3,0.0,"{'timestamp': '2026-09-08T19:49:21.008520+00:00', 'model_version': 'gemma4:31b-cloud', 'prompt_hash': 'a6af280e'}",gemma4_31b-cloud__N120
3,real_mixed_33,gemma4:31b-cloud_kb_rag,1.0621178150177002,44.06,0,direct_json,0.7692307692307693,0.6666666666666666,0.7142857142857142,0.0,0,16.2,16.6,53.2,365.8,365.8,23725.9,67.2,42906.3,0.0,"{'timestamp': '2026-09-08T19:49:22.181637+00:00', 'model_version': 'gemma4:31b-cloud', 'prompt_hash': 'a6af280e'}",gemma4_31b-cloud__N120
3,real_mixed_34,gemma4:31b-cloud_kb_rag,1.0725760459899902,37.57,0,direct_json,0.9230769230769232,0.8571428571428571,0.888888888888889,0.0,0,22.4,26.9,53.9,365.8,365.8,24246.2,67.0,42906.3,0.0,"{'timestamp': '2026-09-08T19:49:23.359013+00:00', 'model_version': 'gemma4:31b-cloud', 'prompt_hash': 'a6af280e'}",gemma4_31b-cloud__N120
3,real_mixed_35,gemma4:31b-cloud_kb_rag,1.0781328678131104,30.14,0,direct_json,1.0,1.0,1.0,0.0,0,16.7,26.5,53.0,365.8,365.8,23258.3,65.0,42804.9,0.0,"{'timestamp': '2026-09-08T19:49:24.546807+00:00', 'model_version': 'gemma4:31b-cloud', 'prompt_hash': 'a6af280e'}",gemma4_31b-cloud__N120
3,real_mixed_36,gemma4:31b-cloud_kb_rag,1.5774221420288086,27.2,0,direct_json,1.0,0.6363636363636364,0.7777777777777778,0.0,0,12.6,14.5,39.5,366.0,366.0,24664.5,67.3,42804.9,0.0,"{'timestamp': '2026-09-08T19:49:26.241056+00:00', 'model_version': 'gemma4:31b-cloud', 'prompt_hash': 'a6af280e'}",gemma4_31b-cloud__N120
3,real_mixed_37,gemma4:31b-cloud_kb_rag,1.5883100032806396,29.47,0,direct_json,0.875,0.9333333333333332,0.9032258064516128,0.0,0,10.9,16.3,35.7,366.1,366.1,25906.2,69.6,42937.0,0.0,"{'timestamp': '2026-09-08T19:49:27.949843+00:00', 'model_version': 'gemma4:31b-cloud', 'prompt_hash': 'a6af280e'}",gemma4_31b-cloud__N120
3,real_mixed_38,gemma4:31b-cloud_kb_rag,1.07352614402771,48.44,0,direct_json,0.9444444444444444,0.9444444444444444,0.9444444444444444,0.0,0,8.1,9.3,53.2,366.1,366.1,24078.7,65.9,42937.0,0.0,"{'timestamp': '2026-09-08T19:49:29.141149+00:00', 'model_version': 'gemma4:31b-cloud', 'prompt_hash': 'a6af280e'}",gemma4_31b-cloud__N120
3,real_mixed_39,gemma4:31b-cloud_kb_rag,1.0717430114746094,27.9,0,direct_json,0.8888888888888888,1.0,0.9411764705882352,0.0,0,8.4,10.7,54.9,366.1,366.2,24875.2,66.4,42937.0,0.0,"{'timestamp': '2026-09-08T19:49:30.319656+00:00', 'model_version': 'gemma4:31b-cloud', 'prompt_hash': 'a6af280e'}",gemma4_31b-cloud__N120
3,real_mixed_40,gemma4:31b-cloud_kb_rag,1.079314947128296,36.13,0,direct_json,0.9166666666666666,0.7333333333333333,0.8148148148148148,0.0,0,18.3,19.9,54.2,366.2,366.2,27402.8,71.5,42891.7,0.0,"{'timestamp': '2026-09-08T19:49:31.520846+00:00', 'model_version': 'gemma4:31b-cloud', 'prompt_hash': 'a6af280e'}",gemma4_31b-cloud__N120
4,real_mixed_42,gemma4:31b-cloud_kb_rag,1.0740370750427246,58.1,0,direct_json,0.9166666666666666,0.7586206896551724,0.830188679245283,0.0,0,16.6,19.9,54.2,366.7,366.7,24650.0,64.9,42891.7,0.0,"{'timestamp': '2026-09-08T19:49:33.932512+00:00', 'model_version': 'gemma4:31b-cloud', 'prompt_hash': 'a6af280e'}",gemma4_31b-cloud__N120
4,real_mixed_43,gemma4:31b-cloud_kb_rag,1.5842058658599854,45.95,0,direct_json,0.8333333333333334,0.9090909090909092,0.8695652173913043,0.0,0,8.5,12.9,35.9,366.8,366.8,25212.2,65.8,42811.7,0.0,"{'timestamp': '2026-09-08T19:49:35.630450+00:00', 'model_version': 'gemma4:31b-cloud', 'prompt_hash': 'a6af280e'}",gemma4_31b-cloud__N120
4,real_mixed_44,gemma4:31b-cloud_kb_rag,1.0463809967041016,78.27,0,direct_json,0.64,0.8,0.7111111111111111,0.0,0,6.5,13.0,53.6,366.9,366.9,25890.5,66.3,42552.2,0.0,"{'timestamp': '2026-09-08T19:49:36.806248+00:00', 'model_version': 'gemma4:31b-cloud', 'prompt_hash': 'a6af280e'}",gemma4_31b-cloud__N120
4,real_mixed_45,gemma4:31b-cloud_kb_rag,1.084849834442139,40.74,0,direct_json,0.9285714285714286,0.8125,0.8666666666666666,0.0,0,27.7,30.4,54.1,366.9,366.9,25014.5,64.3,42552.2,0.0,"{'timestamp': '2026-09-08T19:49:38.007009+00:00', 'model_version': 'gemma4:31b-cloud', 'prompt_hash': 'a6af280e'}",gemma4_31b-cloud__N120
4,real_mixed_46,gemma4:31b-cloud_kb_rag,1.0762059688568115,22.95,0,direct_json,0.8181818181818182,0.6,0.6923076923076923,0.0,0,10.4,12.3,54.4,366.8,366.8,25200.9,64.5,42552.2,0.0,"{'timestamp': '2026-09-08T19:49:39.198612+00:00', 'model_version': 'gemma4:31b-cloud', 'prompt_hash': 'a6af280e'}",gemma4_31b-cloud__N120
4,real_mixed_47,gemma4:31b-cloud_kb_rag,1.040531873703003,64.97,0,direct_json,0.9629629629629628,0.9285714285714286,0.9454545454545454,0.0,0,6.0,11.9,53.1,366.8,366.8,26387.0,66.7,42760.5,0.0,"{'timestamp': '2026-09-08T19:49:40.371107+00:00', 'model_version': 'gemma4:31b-cloud', 'prompt_hash': 'a6af280e'}",gemma4_31b-cloud__N120
4,real_mixed_48,gemma4:31b-cloud_kb_rag,1.0814549922943115,32.46,0,direct_json,0.8181818181818182,0.9,0.8571428571428572,0.0,0,14.9,15.8,52.8,366.8,366.8,26971.4,67.8,42760.5,0.0,"{'timestamp': '2026-09-08T19:49:41.545829+00:00', 'model_version': 'gemma4:31b-cloud', 'prompt_hash': 'a6af280e'}",gemma4_31b-cloud__N120
4,real_mixed_49,gemma4:31b-cloud_kb_rag,1.0820808410644531,50.46,0,direct_json,0.8823529411764706,0.8333333333333334,0.8571428571428571,0.0,0,23.8,25.0,55.0,366.9,366.9,25604.0,65.0,42760.5,0.0,"{'timestamp': '2026-09-08T19:49:42.741039+00:00', 'model_version': 'gemma4:31b-cloud', 'prompt_hash': 'a6af280e'}",gemma4_31b-cloud__N120
4,real_mixed_50,gemma4:31b-cloud_kb_rag,1.0819268226623535,27.64,0,direct_json,1.0,0.6842105263157895,0.8125000000000001,0.0,0,25.7,28.0,53.4,366.9,366.9,25837.2,64.9,42760.5,0.0,"{'timestamp': '2026-09-08T19:49:43.938314+00:00', 'model_version': 'gemma4:31b-cloud', 'prompt_hash': 'a6af280e'}",gemma4_31b-cloud__N120
5,real_mixed_51,gemma4:31b-cloud_kb_rag,1.1557397842407229,39.37,0,direct_json,0.7857142857142857,0.7333333333333333,0.7586206896551724,0.0,0,26.6,32.8,53.1,360.2,367.3,29286.6,73.5,42760.5,0.0,"{'timestamp': '2026-09-08T19:49:45.240009+00:00', 'model_version': 'gemma4:31b-cloud', 'prompt_hash': 'a6af280e'}",gemma4_31b-cloud__N120
5,real_mixed_52,gemma4:31b-cloud_kb_rag,1.079568862915039,56.6,0,direct_json,0.8095238095238095,0.8095238095238095,0.8095238095238095,0.0,0,26.9,30.9,54.1,316.4,316.4,25272.3,72.5,42973.8,0.0,"{'timestamp': '2026-09-08T19:49:46.597209+00:00', 'model_version': 'gemma4:31b-cloud', 'prompt_hash': 'a6af280e'}",gemma4_31b-cloud__N120
5,real_mixed_53,gemma4:31b-cloud_kb_rag,1.0693302154541016,32.82,0,direct_json,0.8235294117647058,0.875,0.8484848484848485,0.0,0,36.6,50.0,53.3,319.6,319.6,22067.9,71.1,42973.8,0.0,"{'timestamp': '2026-09-08T19:49:47.775417+00:00', 'model_version': 'gemma4:31b-cloud', 'prompt_hash': 'a6af280e'}",gemma4_31b-cloud__N120
5,real_mixed_54,gemma4:31b-cloud_kb_rag,1.0780360698699951,22.91,0,direct_json,1.0,1.0,1.0,0.0,0,32.3,34.5,53.2,344.0,344.1,22154.9,70.1,42973.8,0.0,"{'timestamp': '2026-09-08T19:49:48.968537+00:00', 'model_version': 'gemma4:31b-cloud', 'prompt_hash': 'a6af280e'}",gemma4_31b-cloud__N120
5,real_mixed_55,gemma4:31b-cloud_kb_rag,1.0729641914367676,49.68,0,direct_json,0.8095238095238095,0.85,0.8292682926829269,0.0,0,10.5,21.0,53.2,347.2,347.2,24485.0,74.8,42973.8,0.0,"{'timestamp': '2026-09-08T19:49:50.168185+00:00', 'model_version': 'gemma4:31b-cloud', 'prompt_hash': 'a6af280e'}",gemma4_31b-cloud__N120
5,real_mixed_56,gemma4:31b-cloud_kb_rag,1.0821478366851809,57.66,0,direct_json,0.8076923076923077,0.8076923076923077,0.8076923076923077,0.0,0,20.4,20.8,53.2,347.5,347.5,23782.3,73.3,42986.3,0.0,"{'timestamp': '2026-09-08T19:49:51.380519+00:00', 'model_version': 'gemma4:31b-cloud', 'prompt_hash': 'a6af280e'}",gemma4_31b-cloud__N120
5,real_mixed_57,gemma4:31b-cloud_kb_rag,1.0820701122283936,42.05,0,direct_json,1.0,0.9523809523809524,0.975609756097561,0.0,0,13.1,19.4,54.1,348.4,348.5,21962.5,69.6,42986.3,0.0,"{'timestamp': '2026-09-08T19:49:52.583469+00:00', 'model_version': 'gemma4:31b-cloud', 'prompt_hash': 'a6af280e'}",gemma4_31b-cloud__N120
5,real_mixed_58,gemma4:31b-cloud_kb_rag,1.0740642547607422,43.57,0,direct_json,0.875,0.7777777777777778,0.823529411764706,0.0,0,31.8,34.5,54.1,348.6,348.6,22560.2,70.3,42986.3,0.0,"{'timestamp': '2026-09-08T19:49:53.773492+00:00', 'model_version': 'gemma4:31b-cloud', 'prompt_hash': 'a6af280e'}",gemma4_31b-cloud__N120
5,real_mixed_60,gemma4:31b-cloud_kb_rag,1.075592041015625,47.14,0,direct_json,1.0,0.9285714285714286,0.962962962962963,0.0,0,12.0,13.3,53.7,349.9,349.9,22389.5,69.5,43026.4,0.0,"{'timestamp': '2026-09-08T19:49:56.610124+00:00', 'model_version': 'gemma4:31b-cloud', 'prompt_hash': 'a6af280e'}",gemma4_31b-cloud__N120
6,real_mixed_61,gemma4:31b-cloud_kb_rag,1.5743002891540527,101.57,0,direct_json,0.6,0.75,0.6666666666666665,0.0,0,5.7,17.1,35.7,350.8,350.8,23018.9,70.0,43026.4,0.0,"{'timestamp': '2026-09-08T19:49:58.354612+00:00', 'model_version': 'gemma4:31b-cloud', 'prompt_hash': 'a6af280e'}",gemma4_31b-cloud__N120
6,real_mixed_62,gemma4:31b-cloud_kb_rag,1.0296401977539062,60.6,0,direct_json,0.7,0.7777777777777778,0.7368421052631577,0.0,0,21.4,29.3,53.6,350.8,350.8,25230.6,74.1,42923.9,0.0,"{'timestamp': '2026-09-08T19:49:59.506778+00:00', 'model_version': 'gemma4:31b-cloud', 'prompt_hash': 'a6af280e'}",gemma4_31b-cloud__N120
6,real_mixed_63,gemma4:31b-cloud_kb_rag,1.0847907066345217,41.94,0,direct_json,0.8461538461538461,0.7333333333333333,0.7857142857142856,0.0,0,15.2,16.2,55.8,351.3,351.3,22531.8,68.6,42923.9,0.0,"{'timestamp': '2026-09-08T19:50:00.712610+00:00', 'model_version': 'gemma4:31b-cloud', 'prompt_hash': 'a6af280e'}",gemma4_31b-cloud__N120
6,real_mixed_64,gemma4:31b-cloud_kb_rag,1.0749447345733645,16.93,0,direct_json,0.75,0.75,0.75,0.0,0,13.4,14.4,53.3,351.4,351.4,23200.2,70.0,42923.9,0.0,"{'timestamp': '2026-09-08T19:50:01.885627+00:00', 'model_version': 'gemma4:31b-cloud', 'prompt_hash': 'a6af280e'}",gemma4_31b-cloud__N120
6,real_mixed_65,gemma4:31b-cloud_kb_rag,1.0782346725463867,30.14,0,direct_json,0.6666666666666666,0.5454545454545454,0.6,0.0,0,23.6,25.3,54.9,351.4,351.4,23963.7,71.0,42923.9,0.0,"{'timestamp': '2026-09-08T19:50:03.086192+00:00', 'model_version': 'gemma4:31b-cloud', 'prompt_hash': 'a6af280e'}",gemma4_31b-cloud__N120
6,real_mixed_66,gemma4:31b-cloud_kb_rag,1.0898737907409668,60.83,0,direct_json,0.6956521739130435,0.6153846153846154,0.6530612244897959,0.0,0,26.6,35.7,53.1,351.9,351.9,26479.4,75.6,42923.9,0.0,"{'timestamp': '2026-09-08T19:50:04.299658+00:00', 'model_version': 'gemma4:31b-cloud', 'prompt_hash': 'a6af280e'}",gemma4_31b-cloud__N120
6,real_mixed_67,gemma4:31b-cloud_kb_rag,1.0780820846557615,41.0,0,direct_json,0.9523809523809524,0.9090909090909092,0.9302325581395348,0.0,0,11.9,23.8,52.6,351.7,351.7,23303.3,69.0,43057.3,0.0,"{'timestamp': '2026-09-08T19:50:05.506496+00:00', 'model_version': 'gemma4:31b-cloud', 'prompt_hash': 'a6af280e'}",gemma4_31b-cloud__N120
6,real_mixed_68,gemma4:31b-cloud_kb_rag,1.0749330520629885,73.77,0,direct_json,1.0,0.9473684210526316,0.972972972972973,0.0,0,11.7,13.6,53.2,351.8,351.8,23620.5,69.1,43057.3,0.0,"{'timestamp': '2026-09-08T19:50:06.690510+00:00', 'model_version': 'gemma4:31b-cloud', 'prompt_hash': 'a6af280e'}",gemma4_31b-cloud__N120
6,real_mixed_69,gemma4:31b-cloud_kb_rag,1.0739850997924805,64.15,0,direct_json,0.8709677419354839,0.9642857142857144,0.9152542372881356,0.0,0,10.4,12.6,53.1,351.7,351.7,24866.5,70.9,42831.6,0.0,"{'timestamp': '2026-09-08T19:50:07.900651+00:00', 'model_version': 'gemma4:31b-cloud', 'prompt_hash': 'a6af280e'}",gemma4_31b-cloud__N120
6,real_mixed_70,gemma4:31b-cloud_kb_rag,1.0656530857086182,52.46,0,direct_json,0.8260869565217391,0.76,0.7916666666666667,0.0,0,11.1,22.1,54.3,351.8,351.8,23823.3,68.8,42831.6,0.0,"{'timestamp': '2026-09-08T19:50:09.087409+00:00', 'model_version': 'gemma4:31b-cloud', 'prompt_hash': 'a6af280e'}",gemma4_31b-cloud__N120
7,real_mixed_71,gemma4:31b-cloud_kb_rag,1.0796709060668943,31.31,0,direct_json,0.75,0.6428571428571429,0.6923076923076924,0.0,0,9.0,10.3,52.5,352.4,352.5,24014.6,68.8,42831.6,0.0,"{'timestamp': '2026-09-08T19:50:10.310354+00:00', 'model_version': 'gemma4:31b-cloud', 'prompt_hash': 'a6af280e'}",gemma4_31b-cloud__N120
7,real_mixed_72,gemma4:31b-cloud_kb_rag,3.6144628524780273,11.87,0,direct_json,0.9230769230769232,0.7058823529411765,0.8000000000000002,0.0,0,11.4,19.5,15.7,352.6,352.6,24480.0,69.2,42938.3,0.0,"{'timestamp': '2026-09-08T19:50:14.034670+00:00', 'model_version': 'gemma4:31b-cloud', 'prompt_hash': 'a6af280e'}",gemma4_31b-cloud__N120
7,real_mixed_73,gemma4:31b-cloud_kb_rag,1.0695109367370603,36.47,0,direct_json,1.0,0.8125,0.896551724137931,0.0,0,24.6,29.3,54.3,352.6,352.6,25591.4,70.2,42693.1,0.0,"{'timestamp': '2026-09-08T19:50:15.213086+00:00', 'model_version': 'gemma4:31b-cloud', 'prompt_hash': 'a6af280e'}",gemma4_31b-cloud__N120
7,real_mixed_74,gemma4:31b-cloud_kb_rag,1.0804038047790527,34.89,0,direct_json,1.0,1.0,1.0,0.0,0,19.8,23.4,54.0,352.6,352.6,24662.5,68.3,42693.1,0.0,"{'timestamp': '2026-09-08T19:50:16.396247+00:00', 'model_version': 'gemma4:31b-cloud', 'prompt_hash': 'a6af280e'}",gemma4_31b-cloud__N120
7,real_mixed_75,gemma4:31b-cloud_kb_rag,1.075306415557861,10.88,0,direct_json,1.0,0.8,0.888888888888889,0.0,0,8.0,16.0,54.1,352.5,352.5,24486.8,68.0,42693.1,0.0,"{'timestamp': '2026-09-08T19:50:17.575182+00:00', 'model_version': 'gemma4:31b-cloud', 'prompt_hash': 'a6af280e'}",gemma4_31b-cloud__N120
7,real_mixed_76,gemma4:31b-cloud_kb_rag,1.0831780433654783,12.0,0,direct_json,0.0,0.0,0.0,0.0,0,8.3,16.7,54.0,352.5,352.5,25756.7,69.9,42693.1,0.0,"{'timestamp': '2026-09-08T19:50:18.750833+00:00', 'model_version': 'gemma4:31b-cloud', 'prompt_hash': 'a6af280e'}",gemma4_31b-cloud__N120
7,real_mixed_77,gemma4:31b-cloud_kb_rag,1.0957369804382324,81.86,0,direct_json,0.8076923076923077,0.9130434782608696,0.8571428571428572,0.0,0,24.7,27.6,52.2,356.5,356.6,27549.4,73.5,42693.1,0.0,"{'timestamp': '2026-09-08T19:50:19.983812+00:00', 'model_version': 'gemma4:31b-cloud', 'prompt_hash': 'a6af280e'}",gemma4_31b-cloud__N120
7,real_mixed_78,gemma4:31b-cloud_kb_rag,1.0887959003448486,28.66,0,direct_json,0.6666666666666666,0.8571428571428571,0.75,0.0,0,24.1,28.4,53.1,354.6,354.8,25883.1,77.9,42693.1,0.0,"{'timestamp': '2026-09-08T19:50:21.195784+00:00', 'model_version': 'gemma4:31b-cloud', 'prompt_hash': 'a6af280e'}",gemma4_31b-cloud__N120
7,real_mixed_80,gemma4:31b-cloud_kb_rag,1.5844900608062744,95.99,0,direct_json,0.5853658536585366,0.8571428571428571,0.6956521739130435,0.0,0,15.8,26.4,35.5,348.0,348.0,21453.4,70.4,42746.7,0.0,"{'timestamp': '2026-09-08T19:50:26.095362+00:00', 'model_version': 'gemma4:31b-cloud', 'prompt_hash': 'a6af280e'}",gemma4_31b-cloud__N120
8,real_mixed_81,gemma4:31b-cloud_kb_rag,1.0687768459320068,45.0,0,direct_json,1.0,0.9285714285714286,0.962962962962963,0.0,0,18.1,19.8,54.3,349.6,349.6,21270.5,69.8,42746.7,0.0,"{'timestamp': '2026-09-08T19:50:27.301196+00:00', 'model_version': 'gemma4:31b-cloud', 'prompt_hash': 'a6af280e'}",gemma4_31b-cloud__N120
8,real_mixed_82,gemma4:31b-cloud_kb_rag,1.0780589580535889,34.97,0,direct_json,0.8666666666666667,0.7647058823529411,0.8125,0.0,0,16.2,21.4,53.8,349.6,349.6,23393.8,74.2,42746.7,0.0,"{'timestamp': '2026-09-08T19:50:28.495227+00:00', 'model_version': 'gemma4:31b-cloud', 'prompt_hash': 'a6af280e'}",gemma4_31b-cloud__N120
8,real_mixed_83,gemma4:31b-cloud_kb_rag,2.5999491214752197,11.5,0,direct_json,1.0,0.9230769230769232,0.96,0.0,0,13.1,19.4,21.6,350.5,350.5,23503.1,74.1,43008.9,0.0,"{'timestamp': '2026-09-08T19:50:31.207490+00:00', 'model_version': 'gemma4:31b-cloud', 'prompt_hash': 'a6af280e'}",gemma4_31b-cloud__N120
8,real_mixed_84,gemma4:31b-cloud_kb_rag,9.686048030853271,2.55,0,direct_json,1.0,0.8181818181818182,0.9,0.0,0,14.5,24.3,0.5,350.4,350.5,23259.7,70.0,42878.3,0.0,"{'timestamp': '2026-09-08T19:50:41.011899+00:00', 'model_version': 'gemma4:31b-cloud', 'prompt_hash': 'a6af280e'}",gemma4_31b-cloud__N120
8,real_mixed_85,gemma4:31b-cloud_kb_rag,1.0701422691345217,36.44,0,direct_json,0.8,0.8888888888888888,0.8421052631578948,0.0,0,14.2,15.4,52.4,350.5,350.5,24014.9,69.8,42878.3,0.0,"{'timestamp': '2026-09-08T19:50:42.190255+00:00', 'model_version': 'gemma4:31b-cloud', 'prompt_hash': 'a6af280e'}",gemma4_31b-cloud__N120
8,real_mixed_86,gemma4:31b-cloud_kb_rag,1.0741121768951416,35.1,0,direct_json,0.9166666666666666,0.7857142857142857,0.8461538461538461,0.0,0,7.0,14.0,53.4,350.7,350.7,24088.4,69.9,42878.3,0.0,"{'timestamp': '2026-09-08T19:50:43.378545+00:00', 'model_version': 'gemma4:31b-cloud', 'prompt_hash': 'a6af280e'}",gemma4_31b-cloud__N120
8,real_mixed_87,gemma4:31b-cloud_kb_rag,1.0823266506195068,21.62,0,direct_json,0.8571428571428571,0.5454545454545454,0.6666666666666665,0.0,0,17.6,19.8,54.3,350.7,350.7,26473.5,74.2,42878.3,0.0,"{'timestamp': '2026-09-08T19:50:44.575600+00:00', 'model_version': 'gemma4:31b-cloud', 'prompt_hash': 'a6af280e'}",gemma4_31b-cloud__N120
8,real_mixed_88,gemma4:31b-cloud_kb_rag,1.074808120727539,26.61,0,direct_json,0.875,0.875,0.875,0.0,0,15.5,18.7,53.7,350.6,351.1,24991.9,71.6,43006.5,0.0,"{'timestamp': '2026-09-08T19:50:45.767741+00:00', 'model_version': 'gemma4:31b-cloud', 'prompt_hash': 'a6af280e'}",gemma4_31b-cloud__N120
8,real_mixed_89,gemma4:31b-cloud_kb_rag,1.0796470642089844,30.1,0,direct_json,0.8,0.5714285714285714,0.6666666666666666,0.0,0,16.3,16.9,52.7,350.2,350.2,23527.5,68.9,43006.5,0.0,"{'timestamp': '2026-09-08T19:50:46.960117+00:00', 'model_version': 'gemma4:31b-cloud', 'prompt_hash': 'a6af280e'}",gemma4_31b-cloud__N120
8,real_mixed_90,gemma4:31b-cloud_kb_rag,1.585216045379639,52.48,0,direct_json,0.72,0.8181818181818182,0.7659574468085107,0.0,0,9.4,17.4,35.3,350.5,350.5,23529.2,68.0,42896.3,0.0,"{'timestamp': '2026-09-08T19:50:48.664996+00:00', 'model_version': 'gemma4:31b-cloud', 'prompt_hash': 'a6af280e'}",gemma4_31b-cloud__N120
9,real_mixed_91,gemma4:31b-cloud_kb_rag,1.0769660472869873,43.46,0,direct_json,0.875,0.8235294117647058,0.8484848484848485,0.0,0,14.9,16.7,54.5,350.9,350.9,23687.5,68.3,42896.3,0.0,"{'timestamp': '2026-09-08T19:50:49.885059+00:00', 'model_version': 'gemma4:31b-cloud', 'prompt_hash': 'a6af280e'}",gemma4_31b-cloud__N120
9,real_mixed_92,gemma4:31b-cloud_kb_rag,1.0740911960601809,43.57,0,direct_json,0.875,0.6666666666666666,0.7567567567567567,0.0,0,10.9,13.8,53.4,350.9,350.9,23916.0,68.8,42896.3,0.0,"{'timestamp': '2026-09-08T19:50:51.070834+00:00', 'model_version': 'gemma4:31b-cloud', 'prompt_hash': 'a6af280e'}",gemma4_31b-cloud__N120
9,real_mixed_93,gemma4:31b-cloud_kb_rag,1.070340871810913,31.58,0,direct_json,1.0,0.9333333333333332,0.9655172413793104,0.0,0,22.4,28.5,53.1,350.9,350.9,24197.5,68.8,42896.3,0.0,"{'timestamp': '2026-09-08T19:50:52.257160+00:00', 'model_version': 'gemma4:31b-cloud', 'prompt_hash': 'a6af280e'}",gemma4_31b-cloud__N120
9,real_mixed_94,gemma4:31b-cloud_kb_rag,114.49102711677553,0.37,0,direct_json,1.0,0.8636363636363636,0.9268292682926828,0.0,0,20.2,48.7,0.5,118.6,351.1,24038.7,69.8,43283.6,0.0,"{'timestamp': '2026-09-08T19:52:46.888335+00:00', 'model_version': 'gemma4:31b-cloud', 'prompt_hash': 'a6af280e'}",gemma4_31b-cloud__N120
9,real_mixed_95,gemma4:31b-cloud_kb_rag,1.070298194885254,25.51,0,direct_json,0.6666666666666666,0.75,0.7058823529411765,0.0,0,17.1,18.7,53.9,290.5,291.0,28829.3,66.4,43283.6,0.0,"{'timestamp': '2026-09-08T19:52:48.077102+00:00', 'model_version': 'gemma4:31b-cloud', 'prompt_hash': 'a6af280e'}",gemma4_31b-cloud__N120
9,real_mixed_96,gemma4:31b-cloud_kb_rag,1.0788726806640625,33.74,0,direct_json,0.7333333333333333,0.7857142857142857,0.7586206896551724,0.0,0,23.4,28.4,53.6,324.6,324.6,28911.6,66.5,43283.6,0.0,"{'timestamp': '2026-09-08T19:52:49.276880+00:00', 'model_version': 'gemma4:31b-cloud', 'prompt_hash': 'a6af280e'}",gemma4_31b-cloud__N120
9,real_mixed_97,gemma4:31b-cloud_kb_rag,1.0690670013427734,30.4,0,direct_json,0.8666666666666667,1.0,0.9285714285714286,0.0,0,18.4,22.8,53.9,328.8,328.8,28813.2,66.2,43283.6,0.0,"{'timestamp': '2026-09-08T19:52:50.463553+00:00', 'model_version': 'gemma4:31b-cloud', 'prompt_hash': 'a6af280e'}",gemma4_31b-cloud__N120
9,real_mixed_98,gemma4:31b-cloud_kb_rag,1.0733649730682373,73.88,0,direct_json,0.84,0.6176470588235294,0.711864406779661,0.0,0,14.8,16.4,53.5,329.6,329.6,27879.1,64.2,42907.3,0.0,"{'timestamp': '2026-09-08T19:52:51.698958+00:00', 'model_version': 'gemma4:31b-cloud', 'prompt_hash': 'a6af280e'}",gemma4_31b-cloud__N120
9,real_mixed_99,gemma4:31b-cloud_kb_rag,1.072272777557373,26.67,0,direct_json,0.6666666666666666,1.0,0.8,0.0,0,6.5,13.0,54.6,330.5,330.5,28394.2,65.3,42907.3,0.0,"{'timestamp': '2026-09-08T19:52:52.881743+00:00', 'model_version': 'gemma4:31b-cloud', 'prompt_hash': 'a6af280e'}",gemma4_31b-cloud__N120
9,real_mixed_100,gemma4:31b-cloud_kb_rag,1.0723021030426023,46.07,0,direct_json,0.95,0.9047619047619048,0.9268292682926828,0.0,0,29.4,37.9,55.6,335.8,335.8,28114.1,64.8,42907.3,0.0,"{'timestamp': '2026-09-08T19:52:54.087469+00:00', 'model_version': 'gemma4:31b-cloud', 'prompt_hash': 'a6af280e'}",gemma4_31b-cloud__N120
10,real_mixed_102,gemma4:31b-cloud_kb_rag,0.5665991306304932,13.77,0,direct_json,1.0,1.0,1.0,0.0,0,0.0,0.0,260.9,458.1,458.1,28321.1,65.2,42907.3,0.0,"{'timestamp': '2026-09-08T19:52:54.890206+00:00', 'model_version': 'gemma4:31b-cloud', 'prompt_hash': 'a6af280e'}",gemma4_31b-cloud__N120
10,real_mixed_103,gemma4:31b-cloud_kb_rag,1.0694868564605713,9.72,0,direct_json,1.0,1.0,1.0,0.0,0,7.2,14.4,55.1,459.2,459.2,28306.0,65.1,42907.3,0.0,"{'timestamp': '2026-09-08T19:52:56.086618+00:00', 'model_version': 'gemma4:31b-cloud', 'prompt_hash': 'a6af280e'}",gemma4_31b-cloud__N120
10,real_mixed_104,gemma4:31b-cloud_kb_rag,1.070531129837036,35.22,0,direct_json,0.9444444444444444,0.8095238095238095,0.8717948717948718,0.0,0,15.4,18.0,79.7,462.5,462.8,27981.7,64.4,42925.3,0.0,"{'timestamp': '2026-09-08T19:52:57.145005+00:00', 'model_version': 'gemma4:31b-cloud', 'prompt_hash': 'a6af280e'}",gemma4_31b-cloud__N120
10,real_mixed_105,gemma4:31b-cloud_kb_rag,1.5764329433441162,34.64,0,direct_json,0.7333333333333333,0.7333333333333333,0.7333333333333333,0.0,0,7.9,14.7,46.7,462.9,463.1,28249.1,65.0,42925.3,0.0,"{'timestamp': '2026-09-08T19:52:57.792984+00:00', 'model_version': 'gemma4:31b-cloud', 'prompt_hash': 'a6af280e'}",gemma4_31b-cloud__N120
10,real_mixed_106,gemma4:31b-cloud_kb_rag,1.0665221214294434,12.19,0,direct_json,1.0,1.0,1.0,0.0,0,13.6,16.2,52.8,463.1,463.1,28637.7,65.8,42925.3,0.0,"{'timestamp': '2026-09-08T19:52:58.313915+00:00', 'model_version': 'gemma4:31b-cloud', 'prompt_hash': 'a6af280e'}",gemma4_31b-cloud__N120
10,real_mixed_107,gemma4:31b-cloud_kb_rag,1.09167218208313,48.82,0,direct_json,0.8571428571428571,0.8571428571428571,0.8571428571428571,0.0,0,20.3,21.9,78.7,463.2,463.3,28703.3,65.9,42925.3,0.0,"{'timestamp': '2026-09-08T19:52:58.995746+00:00', 'model_version': 'gemma4:31b-cloud', 'prompt_hash': 'a6af280e'}",gemma4_31b-cloud__N120
10,real_mixed_108,gemma4:31b-cloud_kb_rag,1.079030990600586,37.35,0,direct_json,0.5384615384615384,0.875,0.6666666666666667,0.0,0,22.6,23.1,54.2,463.3,463.3,28703.6,65.9,42925.3,0.0,"{'timestamp': '2026-09-08T19:52:59.504056+00:00', 'model_version': 'gemma4:31b-cloud', 'prompt_hash': 'a6af280e'}",gemma4_31b-cloud__N120
10,real_mixed_109,gemma4:31b-cloud_kb_rag,1.0707581043243408,53.42,0,direct_json,0.88,0.7586206896551724,0.8148148148148148,0.0,0,11.4,22.9,84.7,463.4,463.6,28732.4,66.0,42925.3,0.0,"{'timestamp': '2026-09-08T19:53:00.230098+00:00', 'model_version': 'gemma4:31b-cloud', 'prompt_hash': 'a6af280e'}",gemma4_31b-cloud__N120
10,real_mixed_110,gemma4:31b-cloud_kb_rag,6.605874061584473,11.02,0,direct_json,0.7368421052631579,0.5833333333333334,0.6511627906976745,0.0,0,14.2,28.1,9.6,463.5,463.6,28992.5,66.5,43086.8,0.0,"{'timestamp': '2026-09-08T19:53:06.231968+00:00', 'model_version': 'gemma4:31b-cloud', 'prompt_hash': 'a6af280e'}",gemma4_31b-cloud__N120
11,real_mixed_111,gemma4:31b-cloud_kb_rag,2.086798906326294,38.0,0,direct_json,0.9428571428571428,0.9705882352941176,0.9565217391304348,0.0,0,6.9,18.3,85.6,484.9,484.9,28715.6,65.9,43086.8,0.0,"{'timestamp': '2026-09-08T19:53:08.537979+00:00', 'model_version': 'gemma4:31b-cloud', 'prompt_hash': 'a6af280e'}",gemma4_31b-cloud__N120
11,real_mixed_112,gemma4:31b-cloud_kb_rag,1.0671100616455078,29.24,0,direct_json,0.7142857142857143,0.625,0.6666666666666666,0.0,0,8.2,16.3,68.5,484.9,484.9,28800.3,66.1,43086.8,0.0,"{'timestamp': '2026-09-08T19:53:07.504294+00:00', 'model_version': 'gemma4:31b-cloud', 'prompt_hash': 'a6af280e'}",gemma4_31b-cloud__N120
11,real_mixed_113,gemma4:31b-cloud_kb_rag,2.597928762435913,10.51,0,direct_json,0.8,0.8,0.8000000000000002,0.0,0,15.1,25.3,35.1,485.0,485.0,28449.1,65.3,43104.3,0.0,"{'timestamp': '2026-09-08T19:53:10.212816+00:00', 'model_version': 'gemma4:31b-cloud', 'prompt_hash': 'a6af280e'}",gemma4_31b-cloud__N120
11,real_mixed_114,gemma4:31b-cloud_kb_rag,2.0707931518554688,13.81,0,direct_json,0.9230769230769232,0.8,0.8571428571428571,0.0,0,22.6,25.4,26.9,485.0,485.0,28432.4,65.3,43104.3,0.0,"{'timestamp': '2026-09-08T19:53:10.745470+00:00', 'model_version': 'gemma4:31b-cloud', 'prompt_hash': 'a6af280e'}",gemma4_31b-cloud__N120
11,real_mixed_115,gemma4:31b-cloud_kb_rag,1.096559762954712,23.71,0,direct_json,0.6666666666666666,1.0,0.8,0.0,0,14.8,29.5,79.7,485.3,485.3,28785.6,66.0,43104.3,0.0,"{'timestamp': '2026-09-08T19:53:11.407558+00:00', 'model_version': 'gemma4:31b-cloud', 'prompt_hash': 'a6af280e'}",gemma4_31b-cloud__N120
11,real_mixed_116,gemma4:31b-cloud_kb_rag,1.5792651176452637,8.23,0,direct_json,1.0,1.0,1.0,0.0,0,26.1,48.9,58.2,485.3,485.4,28630.8,65.7,43104.3,0.0,"{'timestamp': '2026-09-08T19:53:12.434462+00:00', 'model_version': 'gemma4:31b-cloud', 'prompt_hash': 'a6af280e'}",gemma4_31b-cloud__N120
11,real_mixed_117,gemma4:31b-cloud_kb_rag,2.0816478729248047,52.46,0,direct_json,0.6470588235294118,0.7857142857142857,0.7096774193548386,0.0,0,14.6,17.2,43.3,485.4,485.4,28591.5,65.6,43104.3,0.0,"{'timestamp': '2026-09-08T19:53:13.628515+00:00', 'model_version': 'gemma4:31b-cloud', 'prompt_hash': 'a6af280e'}",gemma4_31b-cloud__N120
11,real_mixed_118,gemma4:31b-cloud_kb_rag,2.0794320106506348,8.75,0,direct_json,1.0,1.0,1.0,0.0,0,23.1,41.2,42.9,485.3,485.4,28562.9,65.6,43104.3,0.0,"{'timestamp': '2026-09-08T19:53:14.644565+00:00', 'model_version': 'gemma4:31b-cloud', 'prompt_hash': 'a6af280e'}",gemma4_31b-cloud__N120
11,real_mixed_119,gemma4:31b-cloud_kb_rag,1.5753068923950195,23.11,0,direct_json,0.7,0.875,0.7777777777777777,0.0,0,28.3,35.4,55.0,485.4,485.5,28797.9,66.0,43104.3,0.0,"{'timestamp': '2026-09-08T19:53:15.328181+00:00', 'model_version': 'gemma4:31b-cloud', 'prompt_hash': 'a6af280e'}",gemma4_31b-cloud__N120
11,real_mixed_120,gemma4:31b-cloud_kb_rag,1.569654941558838,18.22,0,direct_json,0.9230769230769232,1.0,0.96,0.0,0,28.6,30.2,40.1,485.5,485.5,29263.7,67.0,43260.0,0.0,"{'timestamp': '2026-09-08T19:53:16.349584+00:00', 'model_version': 'gemma4:31b-cloud', 'prompt_hash': 'a6af280e'}",gemma4_31b-cloud__N120
0,real_mixed_2,gemma4:31b-mlx_baseline,10.13978099822998,22.47,0,direct_json,0.8571428571428571,0.7058823529411765,0.7741935483870968,0.0,0,21.9,50.1,5.3,102.3,105.4,30786.8,80.2,26584.4,17768.0,"{'timestamp': '2026-09-08T20:01:46.832206+00:00', 'model_version': 'gemma4:31b-mlx', 'prompt_hash': 'a6af280e'}",gemma4_31b-mlx__N120
0,real_mixed_3,gemma4:31b-mlx_baseline,11.110008716583252,23.44,0,direct_json,0.7333333333333333,0.6470588235294118,0.6875,0.0,0,23.8,40.7,4.9,97.2,103.8,31237.1,81.8,26807.8,17768.0,"{'timestamp': '2026-09-08T20:01:57.964913+00:00', 'model_version': 'gemma4:31b-mlx', 'prompt_hash': 'a6af280e'}",gemma4_31b-mlx__N120
0,real_mixed_4,gemma4:31b-mlx_baseline,10.707990169525146,22.67,0,direct_json,0.8571428571428571,0.8,0.8275862068965518,0.0,0,21.6,38.6,5.3,99.0,103.4,30370.1,80.4,26807.8,17768.0,"{'timestamp': '2026-09-08T20:02:08.694972+00:00', 'model_version': 'gemma4:31b-mlx', 'prompt_hash': 'a6af280e'}",gemma4_31b-mlx__N120
0,real_mixed_5,gemma4:31b-mlx_baseline,11.159285068511965,25.69,0,direct_json,0.9473684210526316,0.8571428571428571,0.9,0.0,0,21.2,42.0,4.6,99.4,103.2,30628.6,81.3,26333.1,17768.0,"{'timestamp': '2026-09-08T20:02:19.891030+00:00', 'model_version': 'gemma4:31b-mlx', 'prompt_hash': 'a6af280e'}",gemma4_31b-mlx__N120
0,real_mixed_6,gemma4:31b-mlx_baseline,8.161616802215576,25.35,0,direct_json,1.0,0.8,0.888888888888889,0.0,0,18.2,31.2,6.6,102.9,103.1,30505.3,79.8,26333.1,17768.0,"{'timestamp': '2026-09-08T20:02:28.079053+00:00', 'model_version': 'gemma4:31b-mlx', 'prompt_hash': 'a6af280e'}",gemma4_31b-mlx__N120
0,real_mixed_7,gemma4:31b-mlx_baseline,12.127138137817385,26.56,0,direct_json,0.8235294117647058,0.7,0.7567567567567567,0.0,0,21.3,33.0,4.4,94.8,103.7,30838.9,82.0,26919.7,17768.0,"{'timestamp': '2026-09-08T20:02:40.229496+00:00', 'model_version': 'gemma4:31b-mlx', 'prompt_hash': 'a6af280e'}",gemma4_31b-mlx__N120
0,real_mixed_8,gemma4:31b-mlx_baseline,9.127042055130005,26.61,0,direct_json,0.9,0.6,0.7200000000000001,0.0,0,23.2,49.3,6.1,98.1,103.1,30787.6,81.9,26919.7,17768.0,"{'timestamp': '2026-09-08T20:02:49.377550+00:00', 'model_version': 'gemma4:31b-mlx', 'prompt_hash': 'a6af280e'}",gemma4_31b-mlx__N120
0,real_mixed_9,gemma4:31b-mlx_baseline,9.072720766067505,25.11,0,direct_json,0.7857142857142857,0.6875,0.7333333333333334,0.0,0,23.9,45.0,6.1,98.8,103.1,30821.0,81.9,26807.0,17768.0,"{'timestamp': '2026-09-08T20:02:58.475085+00:00', 'model_version': 'gemma4:31b-mlx', 'prompt_hash': 'a6af280e'}",gemma4_31b-mlx__N120
0,real_mixed_10,gemma4:31b-mlx_baseline,8.627676725387573,23.39,0,direct_json,0.9333333333333332,1.0,0.9655172413793104,0.0,0,25.5,40.7,6.4,99.9,103.2,30060.8,80.6,26807.0,17768.0,"{'timestamp': '2026-09-08T20:03:07.121747+00:00', 'model_version': 'gemma4:31b-mlx', 'prompt_hash': 'a6af280e'}",gemma4_31b-mlx__N120
1,real_mixed_11,gemma4:31b-mlx_baseline,19.657777070999146,30.36,0,direct_json,0.896551724137931,0.9629629629629628,0.9285714285714286,0.0,0,19.1,32.1,2.8,105.0,105.0,31159.3,79.5,27289.2,17768.0,"{'timestamp': '2026-09-08T20:03:26.831316+00:00', 'model_version': 'gemma4:31b-mlx', 'prompt_hash': 'a6af280e'}",gemma4_31b-mlx__N120
1,real_mixed_12,gemma4:31b-mlx_baseline,10.760281085968018,22.45,0,direct_json,1.0,1.0,1.0,0.0,0,22.4,36.7,5.0,97.9,106.0,32226.5,83.2,27289.2,17768.0,"{'timestamp': '2026-09-08T20:03:37.607665+00:00', 'model_version': 'gemma4:31b-mlx', 'prompt_hash': 'a6af280e'}",gemma4_31b-mlx__N120
1,real_mixed_13,gemma4:31b-mlx_baseline,13.61994695663452,26.85,0,direct_json,0.92,0.8518518518518519,0.8846153846153846,0.0,0,28.4,43.8,4.0,96.2,111.7,30510.7,85.5,27134.5,17768.0,"{'timestamp': '2026-09-08T20:03:51.263129+00:00', 'model_version': 'gemma4:31b-mlx', 'prompt_hash': 'a6af280e'}",gemma4_31b-mlx__N120
1,real_mixed_14,gemma4:31b-mlx_baseline,16.6374831199646,26.23,0,direct_json,0.7058823529411765,0.8,0.7500000000000001,0.0,0,28.3,75.9,3.2,99.7,103.2,31411.1,79.7,27313.8,17768.0,"{'timestamp': '2026-09-08T20:04:07.926041+00:00', 'model_version': 'gemma4:31b-mlx', 'prompt_hash': 'a6af280e'}",gemma4_31b-mlx__N120
1,real_mixed_15,gemma4:31b-mlx_baseline,11.09293007850647,24.37,0,direct_json,0.8260869565217391,0.9047619047619048,0.8636363636363636,0.0,0,25.1,44.2,4.8,103.1,103.2,31828.6,86.0,26867.6,17768.0,"{'timestamp': '2026-09-08T20:04:19.052120+00:00', 'model_version': 'gemma4:31b-mlx', 'prompt_hash': 'a6af280e'}",gemma4_31b-mlx__N120
1,real_mixed_16,gemma4:31b-mlx_baseline,9.071059942245483,22.81,0,direct_json,1.0,1.0,1.0,0.0,0,15.8,32.6,5.8,103.9,104.2,29804.0,79.7,26826.3,17768.0,"{'timestamp': '2026-09-08T20:04:28.144607+00:00', 'model_version': 'gemma4:31b-mlx', 'prompt_hash': 'a6af280e'}",gemma4_31b-mlx__N120
1,real_mixed_17,gemma4:31b-mlx_baseline,4.544960021972656,20.72,0,direct_json,1.0,1.0,1.0,0.0,0,12.0,16.0,11.6,103.7,103.7,28704.7,76.7,26400.0,17768.0,"{'timestamp': '2026-09-08T20:04:32.700140+00:00', 'model_version': 'gemma4:31b-mlx', 'prompt_hash': 'a6af280e'}",gemma4_31b-mlx__N120
1,real_mixed_18,gemma4:31b-mlx_baseline,10.0968279838562,21.91,0,direct_json,0.8461538461538461,0.7857142857142857,0.8148148148148148,0.0,0,14.9,27.7,5.7,100.4,104.6,30295.1,82.1,26834.7,17768.0,"{'timestamp': '2026-09-08T20:04:42.824922+00:00', 'model_version': 'gemma4:31b-mlx', 'prompt_hash': 'a6af280e'}",gemma4_31b-mlx__N120
1,real_mixed_19,gemma4:31b-mlx_baseline,8.630369186401367,27.1,0,direct_json,1.0,1.0,1.0,0.0,0,17.2,36.7,6.3,103.1,103.4,29858.4,81.4,26834.7,17768.0,"{'timestamp': '2026-09-08T20:04:51.485031+00:00', 'model_version': 'gemma4:31b-mlx', 'prompt_hash': 'a6af280e'}",gemma4_31b-mlx__N120
1,real_mixed_20,gemma4:31b-mlx_baseline,12.65145492553711,20.61,0,direct_json,0.6875,0.5789473684210527,0.6285714285714286,0.0,0,25.0,52.1,4.3,92.1,103.9,30259.8,83.5,26689.1,17768.0,"{'timestamp': '2026-09-08T20:05:04.160399+00:00', 'model_version': 'gemma4:31b-mlx', 'prompt_hash': 'a6af280e'}",gemma4_31b-mlx__N120
2,real_mixed_22,gemma4:31b-mlx_baseline,5.05948281288147,22.12,0,direct_json,0.4285714285714285,1.0,0.6,0.0,0,17.3,30.0,10.7,103.5,103.7,29891.1,76.9,26506.0,17768.0,"{'timestamp': '2026-09-08T20:05:22.437517+00:00', 'model_version': 'gemma4:31b-mlx', 'prompt_hash': 'a6af280e'}",gemma4_31b-mlx__N120
2,real_mixed_23,gemma4:31b-mlx_baseline,10.635475873947144,25.24,0,direct_json,0.6666666666666666,0.7058823529411765,0.6857142857142857,0.0,0,20.9,32.3,5.1,98.3,104.8,31008.9,82.0,26506.0,17768.0,"{'timestamp': '2026-09-08T20:05:33.103189+00:00', 'model_version': 'gemma4:31b-mlx', 'prompt_hash': 'a6af280e'}",gemma4_31b-mlx__N120
2,real_mixed_24,gemma4:31b-mlx_baseline,8.087934970855713,23.7,0,direct_json,1.0,0.7272727272727273,0.8421052631578948,0.0,0,15.5,30.0,6.7,103.9,104.0,30217.2,79.1,26853.1,17768.0,"{'timestamp': '2026-09-08T20:05:41.222138+00:00', 'model_version': 'gemma4:31b-mlx', 'prompt_hash': 'a6af280e'}",gemma4_31b-mlx__N120
2,real_mixed_25,gemma4:31b-mlx_baseline,8.617383241653442,23.35,0,direct_json,0.7692307692307693,0.5882352941176471,0.6666666666666667,0.0,0,18.4,29.9,6.5,103.8,104.2,30223.7,83.0,26853.1,17768.0,"{'timestamp': '2026-09-08T20:05:49.862882+00:00', 'model_version': 'gemma4:31b-mlx', 'prompt_hash': 'a6af280e'}",gemma4_31b-mlx__N120
2,real_mixed_26,gemma4:31b-mlx_baseline,15.21420192718506,26.1,0,direct_json,0.7105263157894737,0.6428571428571429,0.6749999999999999,0.0,0,28.7,56.7,3.5,93.3,104.2,30713.2,83.9,26641.0,17768.0,"{'timestamp': '2026-09-08T20:06:05.118340+00:00', 'model_version': 'gemma4:31b-mlx', 'prompt_hash': 'a6af280e'}",gemma4_31b-mlx__N120
2,real_mixed_28,gemma4:31b-mlx_baseline,9.135367393493652,26.45,0,direct_json,0.9333333333333332,0.7777777777777778,0.8484848484848485,0.0,0,23.1,39.1,5.8,97.7,103.8,31166.8,86.0,26787.8,17768.0,"{'timestamp': '2026-09-08T20:06:40.043802+00:00', 'model_version': 'gemma4:31b-mlx', 'prompt_hash': 'a6af280e'}",gemma4_31b-mlx__N120
2,real_mixed_29,gemma4:31b-mlx_baseline,10.688254117965698,27.09,0,direct_json,0.92,0.92,0.92,0.0,0,16.7,33.8,5.1,102.0,103.5,30278.8,82.0,26859.8,17768.0,"{'timestamp': '2026-09-08T20:06:50.763648+00:00', 'model_version': 'gemma4:31b-mlx', 'prompt_hash': 'a6af280e'}",gemma4_31b-mlx__N120
2,real_mixed_30,gemma4:31b-mlx_baseline,7.622593879699707,21.87,0,direct_json,1.0,0.8461538461538461,0.9166666666666666,0.0,0,14.9,30.7,7.0,114.9,114.9,30133.1,78.6,26859.8,17768.0,"{'timestamp': '2026-09-08T20:06:58.407455+00:00', 'model_version': 'gemma4:31b-mlx', 'prompt_hash': 'a6af280e'}",gemma4_31b-mlx__N120
3,real_mixed_31,gemma4:31b-mlx_baseline,4.5542309284210205,22.95,0,direct_json,0.8333333333333334,1.0,0.9090909090909092,0.0,0,20.1,29.3,11.6,116.6,116.6,29406.6,80.4,26092.7,17768.0,"{'timestamp': '2026-09-08T20:07:02.996973+00:00', 'model_version': 'gemma4:31b-mlx', 'prompt_hash': 'a6af280e'}",gemma4_31b-mlx__N120
3,real_mixed_32,gemma4:31b-mlx_baseline,7.623111009597778,29.64,0,direct_json,0.8,0.75,0.7741935483870969,0.0,0,20.7,36.6,7.2,106.2,116.7,30228.2,83.5,26092.7,17768.0,"{'timestamp': '2026-09-08T20:07:10.645233+00:00', 'model_version': 'gemma4:31b-mlx', 'prompt_hash': 'a6af280e'}",gemma4_31b-mlx__N120
3,real_mixed_33,gemma4:31b-mlx_baseline,10.18424129486084,22.27,0,direct_json,0.9230769230769232,0.8,0.8571428571428571,0.0,0,26.0,48.3,5.4,96.6,103.3,30032.4,82.8,26649.5,17768.0,"{'timestamp': '2026-09-08T20:07:20.865437+00:00', 'model_version': 'gemma4:31b-mlx', 'prompt_hash': 'a6af280e'}",gemma4_31b-mlx__N120
3,real_mixed_34,gemma4:31b-mlx_baseline,10.137146949768066,20.62,0,direct_json,0.8333333333333334,0.7142857142857143,0.7692307692307692,0.0,0,23.8,47.0,5.2,99.5,103.6,30566.2,81.1,26623.5,17768.0,"{'timestamp': '2026-09-08T20:07:31.037296+00:00', 'model_version': 'gemma4:31b-mlx', 'prompt_hash': 'a6af280e'}",gemma4_31b-mlx__N120
3,real_mixed_35,gemma4:31b-mlx_baseline,10.15542197227478,21.93,0,direct_json,1.0,1.0,1.0,0.0,0,21.3,37.0,5.3,100.3,103.6,30675.7,80.0,27069.5,17768.0,"{'timestamp': '2026-09-08T20:07:41.234265+00:00', 'model_version': 'gemma4:31b-mlx', 'prompt_hash': 'a6af280e'}",gemma4_31b-mlx__N120
3,real_mixed_36,gemma4:31b-mlx_baseline,9.589373111724854,25.8,0,direct_json,0.6363636363636364,0.6363636363636364,0.6363636363636364,0.0,0,15.2,27.7,5.7,103.5,103.8,30234.3,81.7,26632.1,17768.0,"{'timestamp': '2026-09-08T20:07:50.854769+00:00', 'model_version': 'gemma4:31b-mlx', 'prompt_hash': 'a6af280e'}",gemma4_31b-mlx__N120
3,real_mixed_37,gemma4:31b-mlx_baseline,10.651081800460815,26.73,0,direct_json,0.875,0.9333333333333332,0.9032258064516128,0.0,0,14.6,27.8,5.1,99.2,104.3,30055.9,80.3,26632.1,17768.0,"{'timestamp': '2026-09-08T20:08:01.544469+00:00', 'model_version': 'gemma4:31b-mlx', 'prompt_hash': 'a6af280e'}",gemma4_31b-mlx__N120
3,real_mixed_38,gemma4:31b-mlx_baseline,12.137209177017212,25.77,0,direct_json,0.9444444444444444,0.9444444444444444,0.9444444444444444,0.0,0,26.5,44.6,4.4,97.1,104.0,30575.3,82.4,27269.2,17768.0,"{'timestamp': '2026-09-08T20:08:13.704199+00:00', 'model_version': 'gemma4:31b-mlx', 'prompt_hash': 'a6af280e'}",gemma4_31b-mlx__N120
3,real_mixed_39,gemma4:31b-mlx_baseline,9.076438903808594,25.36,0,direct_json,0.8,1.0,0.888888888888889,0.0,0,22.1,32.1,6.0,103.3,103.4,29999.1,80.0,26859.2,17768.0,"{'timestamp': '2026-09-08T20:08:22.794873+00:00', 'model_version': 'gemma4:31b-mlx', 'prompt_hash': 'a6af280e'}",gemma4_31b-mlx__N120
3,real_mixed_40,gemma4:31b-mlx_baseline,7.629689931869507,24.57,0,direct_json,0.9090909090909092,0.6666666666666666,0.7692307692307692,0.0,0,21.6,33.9,7.3,97.1,104.3,29449.1,81.4,26859.2,17768.0,"{'timestamp': '2026-09-08T20:08:30.448550+00:00', 'model_version': 'gemma4:31b-mlx', 'prompt_hash': 'a6af280e'}",gemma4_31b-mlx__N120
4,real_mixed_42,gemma4:31b-mlx_baseline,13.142611980438232,25.56,0,direct_json,0.9130434782608696,0.7241379310344828,0.8076923076923076,0.0,0,20.0,51.0,4.2,97.0,103.5,30731.5,81.2,26943.1,17768.0,"{'timestamp': '2026-09-08T20:08:54.881854+00:00', 'model_version': 'gemma4:31b-mlx', 'prompt_hash': 'a6af280e'}",gemma4_31b-mlx__N120
4,real_mixed_43,gemma4:31b-mlx_baseline,27.71681571006775,28.68,0,direct_json,0.7307692307692307,0.8636363636363636,0.7916666666666666,0.0,0,16.2,39.1,2.0,103.9,104.1,30619.9,81.6,26955.3,17768.0,"{'timestamp': '2026-09-08T20:09:22.632222+00:00', 'model_version': 'gemma4:31b-mlx', 'prompt_hash': 'a6af280e'}",gemma4_31b-mlx__N120
4,real_mixed_44,gemma4:31b-mlx_baseline,14.190666913986206,28.34,0,direct_json,0.7272727272727273,0.8,0.761904761904762,0.0,0,21.3,36.9,3.9,95.5,104.7,31120.4,86.0,26955.3,17768.0,"{'timestamp': '2026-09-08T20:09:36.848049+00:00', 'model_version': 'gemma4:31b-mlx', 'prompt_hash': 'a6af280e'}",gemma4_31b-mlx__N120
4,real_mixed_45,gemma4:31b-mlx_baseline,8.622807025909424,26.28,0,direct_json,0.9285714285714286,0.8125,0.8666666666666666,0.0,0,21.7,36.8,6.5,100.6,103.8,30504.1,80.7,26882.8,17768.0,"{'timestamp': '2026-09-08T20:09:45.500220+00:00', 'model_version': 'gemma4:31b-mlx', 'prompt_hash': 'a6af280e'}",gemma4_31b-mlx__N120
4,real_mixed_46,gemma4:31b-mlx_baseline,7.1184470653533936,21.48,0,direct_json,0.7777777777777778,0.4666666666666667,0.5833333333333334,0.0,0,15.9,30.9,7.4,103.8,104.0,30079.3,78.9,26882.8,17768.0,"{'timestamp': '2026-09-08T20:09:52.638870+00:00', 'model_version': 'gemma4:31b-mlx', 'prompt_hash': 'a6af280e'}",gemma4_31b-mlx__N120
4,real_mixed_47,gemma4:31b-mlx_baseline,11.61007308959961,26.22,0,direct_json,0.9629629629629628,0.9285714285714286,0.9454545454545454,0.0,0,20.9,42.7,4.8,97.1,104.4,30370.4,84.3,26765.6,17768.0,"{'timestamp': '2026-09-08T20:10:04.301892+00:00', 'model_version': 'gemma4:31b-mlx', 'prompt_hash': 'a6af280e'}",gemma4_31b-mlx__N120
4,real_mixed_48,gemma4:31b-mlx_baseline,8.131253004074097,24.78,0,direct_json,0.7272727272727273,0.8,0.761904761904762,0.0,0,18.3,27.3,6.6,103.6,104.3,30033.2,79.6,26765.6,17768.0,"{'timestamp': '2026-09-08T20:10:12.450345+00:00', 'model_version': 'gemma4:31b-mlx', 'prompt_hash': 'a6af280e'}",gemma4_31b-mlx__N120
4,real_mixed_49,gemma4:31b-mlx_baseline,12.620841979980469,24.76,0,direct_json,0.8333333333333334,0.8333333333333334,0.8333333333333334,0.0,0,20.4,61.6,4.3,99.2,104.9,30034.0,82.4,27145.7,17768.0,"{'timestamp': '2026-09-08T20:10:25.097030+00:00', 'model_version': 'gemma4:31b-mlx', 'prompt_hash': 'a6af280e'}",gemma4_31b-mlx__N120
4,real_mixed_50,gemma4:31b-mlx_baseline,8.625640392303467,25.05,0,direct_json,0.9285714285714286,0.6842105263157895,0.7878787878787878,0.0,0,21.6,40.0,6.4,103.6,103.7,29786.1,79.0,27145.7,17768.0,"{'timestamp': '2026-09-08T20:10:33.747123+00:00', 'model_version': 'gemma4:31b-mlx', 'prompt_hash': 'a6af280e'}",gemma4_31b-mlx__N120
5,real_mixed_51,gemma4:31b-mlx_baseline,8.62987208366394,23.42,0,direct_json,0.9090909090909092,0.6666666666666666,0.7692307692307692,0.0,0,28.5,84.9,6.2,120.5,121.6,29679.4,80.8,26718.8,17768.0,"{'timestamp': '2026-09-08T20:10:42.610322+00:00', 'model_version': 'gemma4:31b-mlx', 'prompt_hash': 'a6af280e'}",gemma4_31b-mlx__N120
5,real_mixed_52,gemma4:31b-mlx_baseline,12.660292863845823,19.02,0,direct_json,0.8095238095238095,0.8095238095238095,0.8095238095238095,0.0,0,25.8,57.3,4.3,107.0,120.9,30137.6,82.9,26322.9,17768.0,"{'timestamp': '2026-09-08T20:10:55.297685+00:00', 'model_version': 'gemma4:31b-mlx', 'prompt_hash': 'a6af280e'}",gemma4_31b-mlx__N120
5,real_mixed_53,gemma4:31b-mlx_baseline,9.149115085601808,27.15,0,direct_json,0.8235294117647058,0.875,0.8484848484848485,0.0,0,20.0,39.5,6.1,102.0,103.6,30457.8,79.6,26469.2,17768.0,"{'timestamp': '2026-09-08T20:11:04.483471+00:00', 'model_version': 'gemma4:31b-mlx', 'prompt_hash': 'a6af280e'}",gemma4_31b-mlx__N120
5,real_mixed_54,gemma4:31b-mlx_baseline,4.034284830093384,33.06,0,direct_json,1.0,0.875,0.9333333333333332,0.0,0,24.3,30.3,13.5,103.4,103.5,29391.5,77.6,26043.5,17768.0,"{'timestamp': '2026-09-08T20:11:08.542488+00:00', 'model_version': 'gemma4:31b-mlx', 'prompt_hash': 'a6af280e'}",gemma4_31b-mlx__N120
5,real_mixed_55,gemma4:31b-mlx_baseline,11.101680994033812,27.92,0,direct_json,0.7058823529411765,0.6,0.6486486486486486,0.0,0,30.6,46.2,4.8,98.1,104.4,30927.5,82.2,27074.2,17768.0,"{'timestamp': '2026-09-08T20:11:19.684204+00:00', 'model_version': 'gemma4:31b-mlx', 'prompt_hash': 'a6af280e'}",gemma4_31b-mlx__N120
5,real_mixed_56,gemma4:31b-mlx_baseline,12.195988893508911,27.35,0,direct_json,0.8,0.7692307692307693,0.7843137254901961,0.0,0,23.2,37.9,4.4,100.4,104.0,30228.8,82.0,27205.2,17768.0,"{'timestamp': '2026-09-08T20:11:31.916683+00:00', 'model_version': 'gemma4:31b-mlx', 'prompt_hash': 'a6af280e'}",gemma4_31b-mlx__N120
5,real_mixed_57,gemma4:31b-mlx_baseline,9.08748722076416,25.66,0,direct_json,1.0,0.9523809523809524,0.975609756097561,0.0,0,23.4,45.3,5.9,100.6,103.8,30264.6,81.7,26587.3,17768.0,"{'timestamp': '2026-09-08T20:11:41.057911+00:00', 'model_version': 'gemma4:31b-mlx', 'prompt_hash': 'a6af280e'}",gemma4_31b-mlx__N120
5,real_mixed_58,gemma4:31b-mlx_baseline,9.13241171836853,24.99,0,direct_json,0.8823529411764706,0.8333333333333334,0.8571428571428571,0.0,0,18.2,31.2,6.0,100.6,103.8,30225.7,79.4,26587.3,17768.0,"{'timestamp': '2026-09-08T20:11:50.231338+00:00', 'model_version': 'gemma4:31b-mlx', 'prompt_hash': 'a6af280e'}",gemma4_31b-mlx__N120
5,real_mixed_60,gemma4:31b-mlx_baseline,8.612872123718262,26.38,0,direct_json,1.0,0.8571428571428571,0.923076923076923,0.0,0,21.9,47.4,6.3,103.9,104.5,31308.5,85.3,26358.5,17768.0,"{'timestamp': '2026-09-08T20:12:19.670670+00:00', 'model_version': 'gemma4:31b-mlx', 'prompt_hash': 'a6af280e'}",gemma4_31b-mlx__N120
6,real_mixed_61,gemma4:31b-mlx_baseline,43.67520713806152,29.1,0,direct_json,0.627906976744186,0.75,0.6835443037974683,0.0,0,14.6,36.0,1.5,110.4,113.0,30691.7,80.8,27414.8,17768.0,"{'timestamp': '2026-09-08T20:13:03.453220+00:00', 'model_version': 'gemma4:31b-mlx', 'prompt_hash': 'a6af280e'}",gemma4_31b-mlx__N120
6,real_mixed_62,gemma4:31b-mlx_baseline,11.743714094161987,22.65,0,direct_json,0.8,0.6666666666666666,0.7272727272727272,0.0,0,12.9,35.8,4.7,106.3,113.0,30019.7,81.6,26358.5,17768.0,"{'timestamp': '2026-09-08T20:12:31.526728+00:00', 'model_version': 'gemma4:31b-mlx', 'prompt_hash': 'a6af280e'}",gemma4_31b-mlx__N120
6,real_mixed_63,gemma4:31b-mlx_baseline,39.63396406173706,24.6,0,direct_json,0.6666666666666666,0.6666666666666666,0.6666666666666666,0.0,0,14.5,33.7,1.6,108.3,112.2,30969.7,81.4,27414.8,17768.0,"{'timestamp': '2026-09-08T20:13:11.187487+00:00', 'model_version': 'gemma4:31b-mlx', 'prompt_hash': 'a6af280e'}",gemma4_31b-mlx__N120
6,real_mixed_64,gemma4:31b-mlx_baseline,15.261237144470217,18.7,0,direct_json,0.75,0.75,0.75,0.0,0,20.8,38.1,4.5,97.8,105.4,30602.2,82.3,26634.8,17768.0,"{'timestamp': '2026-09-08T20:13:18.729617+00:00', 'model_version': 'gemma4:31b-mlx', 'prompt_hash': 'a6af280e'}",gemma4_31b-mlx__N120
6,real_mixed_65,gemma4:31b-mlx_baseline,16.28435182571411,23.99,0,direct_json,0.6666666666666666,0.5454545454545454,0.6,0.0,0,18.8,36.7,3.5,102.1,104.8,30458.4,81.0,26634.8,17768.0,"{'timestamp': '2026-09-08T20:13:27.491842+00:00', 'model_version': 'gemma4:31b-mlx', 'prompt_hash': 'a6af280e'}",gemma4_31b-mlx__N120
6,real_mixed_66,gemma4:31b-mlx_baseline,20.39002799987793,23.93,0,direct_json,0.5909090909090909,0.5,0.5416666666666667,0.0,0,21.5,45.3,2.9,98.6,104.8,30419.8,83.3,26648.5,17768.0,"{'timestamp': '2026-09-08T20:13:39.174781+00:00', 'model_version': 'gemma4:31b-mlx', 'prompt_hash': 'a6af280e'}",gemma4_31b-mlx__N120
6,real_mixed_67,gemma4:31b-mlx_baseline,23.497400760650635,24.37,0,direct_json,0.9523809523809524,0.9090909090909092,0.9302325581395348,0.0,0,17.4,45.6,2.8,99.9,104.1,30335.4,82.0,27051.3,17768.0,"{'timestamp': '2026-09-08T20:13:51.045463+00:00', 'model_version': 'gemma4:31b-mlx', 'prompt_hash': 'a6af280e'}",gemma4_31b-mlx__N120
6,real_mixed_68,gemma4:31b-mlx_baseline,20.91652202606201,27.27,0,direct_json,1.0,0.8421052631578947,0.9142857142857144,0.0,0,15.8,37.6,3.0,102.1,104.0,30288.6,80.7,27051.3,17768.0,"{'timestamp': '2026-09-08T20:14:00.107937+00:00', 'model_version': 'gemma4:31b-mlx', 'prompt_hash': 'a6af280e'}",gemma4_31b-mlx__N120
6,real_mixed_69,gemma4:31b-mlx_baseline,22.35751986503601,27.57,0,direct_json,0.9629629629629628,0.9285714285714286,0.9454545454545454,0.0,0,20.9,68.8,2.7,101.3,104.7,30389.1,82.3,26491.6,17768.0,"{'timestamp': '2026-09-08T20:14:13.454632+00:00', 'model_version': 'gemma4:31b-mlx', 'prompt_hash': 'a6af280e'}",gemma4_31b-mlx__N120
6,real_mixed_70,gemma4:31b-mlx_baseline,24.359544038772583,24.5,0,direct_json,0.8571428571428571,0.72,0.782608695652174,0.0,0,26.0,70.7,2.5,99.3,104.7,30251.1,82.5,26837.0,17768.0,"{'timestamp': '2026-09-08T20:14:24.523386+00:00', 'model_version': 'gemma4:31b-mlx', 'prompt_hash': 'a6af280e'}",gemma4_31b-mlx__N120
7,real_mixed_71,gemma4:31b-mlx_baseline,28.972325801849365,24.85,0,direct_json,0.7,0.5,0.5833333333333334,0.0,0,21.7,44.1,2.5,108.8,113.0,30082.8,79.8,26981.0,17768.0,"{'timestamp': '2026-09-08T20:14:53.593745+00:00', 'model_version': 'gemma4:31b-mlx', 'prompt_hash': 'a6af280e'}",gemma4_31b-mlx__N120
7,real_mixed_72,gemma4:31b-mlx_baseline,19.30392289161682,24.09,0,direct_json,0.9230769230769232,0.7058823529411765,0.8000000000000002,0.0,0,19.6,44.3,3.5,111.9,113.0,30131.4,79.9,27031.4,17768.0,"{'timestamp': '2026-09-08T20:14:43.916179+00:00', 'model_version': 'gemma4:31b-mlx', 'prompt_hash': 'a6af280e'}",gemma4_31b-mlx__N120
7,real_mixed_73,gemma4:31b-mlx_baseline,9.681687116622925,22.75,0,direct_json,1.0,0.75,0.8571428571428571,0.0,0,17.5,33.7,7.1,112.9,113.0,30313.0,78.9,26837.0,17768.0,"{'timestamp': '2026-09-08T20:14:34.278255+00:00', 'model_version': 'gemma4:31b-mlx', 'prompt_hash': 'a6af280e'}",gemma4_31b-mlx__N120
7,real_mixed_74,gemma4:31b-mlx_baseline,28.4449520111084,22.98,0,direct_json,0.9230769230769232,1.0,0.96,0.0,0,23.7,46.6,2.5,104.0,112.8,30092.8,80.9,26981.0,17768.0,"{'timestamp': '2026-09-08T20:15:02.756431+00:00', 'model_version': 'gemma4:31b-mlx', 'prompt_hash': 'a6af280e'}",gemma4_31b-mlx__N120
7,real_mixed_75,gemma4:31b-mlx_baseline,26.904396057128903,21.74,0,direct_json,1.0,0.8,0.888888888888889,0.0,0,21.5,46.4,1.5,101.3,105.1,30124.1,80.0,26891.3,17768.0,"{'timestamp': '2026-09-08T20:15:10.842304+00:00', 'model_version': 'gemma4:31b-mlx', 'prompt_hash': 'a6af280e'}",gemma4_31b-mlx__N120
7,real_mixed_76,gemma4:31b-mlx_baseline,20.347519159317017,26.55,0,direct_json,0.0,0.0,0.0,0.0,0,20.4,45.1,3.1,101.3,105.3,30355.1,80.2,26091.7,17768.0,"{'timestamp': '2026-09-08T20:15:13.946385+00:00', 'model_version': 'gemma4:31b-mlx', 'prompt_hash': 'a6af280e'}",gemma4_31b-mlx__N120
7,real_mixed_77,gemma4:31b-mlx_baseline,23.38327717781067,26.65,0,direct_json,0.8,0.8695652173913043,0.8333333333333333,0.0,0,23.0,66.1,2.6,98.4,106.4,30932.7,82.0,26091.7,17768.0,"{'timestamp': '2026-09-08T20:15:26.184335+00:00', 'model_version': 'gemma4:31b-mlx', 'prompt_hash': 'a6af280e'}",gemma4_31b-mlx__N120
7,real_mixed_78,gemma4:31b-mlx_baseline,32.490752935409546,25.73,0,direct_json,0.6666666666666666,0.8571428571428571,0.75,0.0,0,19.2,66.7,2.1,99.9,106.4,30816.0,80.5,26803.3,17768.0,"{'timestamp': '2026-09-08T20:15:43.360679+00:00', 'model_version': 'gemma4:31b-mlx', 'prompt_hash': 'a6af280e'}",gemma4_31b-mlx__N120
7,real_mixed_80,gemma4:31b-mlx_baseline,59.34700918197632,30.43,0,direct_json,0.6842105263157895,0.9285714285714286,0.7878787878787878,0.0,0,15.4,39.8,1.1,100.5,104.6,30877.9,82.5,27201.4,17768.0,"{'timestamp': '2026-09-08T20:16:25.585621+00:00', 'model_version': 'gemma4:31b-mlx', 'prompt_hash': 'a6af280e'}",gemma4_31b-mlx__N120
8,real_mixed_81,gemma4:31b-mlx_baseline,7.16957688331604,26.93,0,direct_json,0.9090909090909092,0.7142857142857143,0.8,0.0,0,30.2,50.5,9.7,105.6,113.6,29923.4,88.1,27201.4,17768.0,"{'timestamp': '2026-09-08T20:16:32.822921+00:00', 'model_version': 'gemma4:31b-mlx', 'prompt_hash': 'a6af280e'}",gemma4_31b-mlx__N120
8,real_mixed_82,gemma4:31b-mlx_baseline,31.48597407341003,27.25,0,direct_json,0.875,0.8235294117647058,0.8484848484848485,0.0,0,31.3,54.9,3.2,102.4,113.6,30146.7,84.4,26748.1,17768.0,"{'timestamp': '2026-09-08T20:16:57.146682+00:00', 'model_version': 'gemma4:31b-mlx', 'prompt_hash': 'a6af280e'}",gemma4_31b-mlx__N120
8,real_mixed_83,gemma4:31b-mlx_baseline,14.264755964279177,25.56,0,direct_json,1.0,0.9230769230769232,0.96,0.0,0,36.8,100.0,5.0,103.4,113.6,30136.1,84.9,26460.7,17768.0,"{'timestamp': '2026-09-08T20:16:39.919762+00:00', 'model_version': 'gemma4:31b-mlx', 'prompt_hash': 'a6af280e'}",gemma4_31b-mlx__N120
8,real_mixed_84,gemma4:31b-mlx_baseline,21.841897010803223,24.83,0,direct_json,1.0,0.9090909090909092,0.9523809523809524,0.0,0,36.6,100.0,3.4,101.9,113.6,30342.1,84.7,26570.1,17768.0,"{'timestamp': '2026-09-08T20:16:47.479411+00:00', 'model_version': 'gemma4:31b-mlx', 'prompt_hash': 'a6af280e'}",gemma4_31b-mlx__N120
8,real_mixed_85,gemma4:31b-mlx_baseline,30.94707298278809,29.22,0,direct_json,0.8888888888888888,0.8888888888888888,0.8888888888888888,0.0,0,24.1,53.6,2.3,102.3,105.1,30072.2,82.0,26512.8,17768.0,"{'timestamp': '2026-09-08T20:17:03.783207+00:00', 'model_version': 'gemma4:31b-mlx', 'prompt_hash': 'a6af280e'}",gemma4_31b-mlx__N120
8,real_mixed_86,gemma4:31b-mlx_baseline,32.98368310928345,24.17,0,direct_json,1.0,0.7857142857142857,0.88,0.0,0,20.8,47.6,2.1,102.5,106.1,30120.0,81.8,26512.8,17768.0,"{'timestamp': '2026-09-08T20:17:12.938434+00:00', 'model_version': 'gemma4:31b-mlx', 'prompt_hash': 'a6af280e'}",gemma4_31b-mlx__N120
8,real_mixed_87,gemma4:31b-mlx_baseline,33.02340388298035,22.15,0,direct_json,0.8571428571428571,0.5454545454545454,0.6666666666666665,0.0,0,17.6,45.3,2.1,103.5,106.1,29924.7,81.0,26367.2,17768.0,"{'timestamp': '2026-09-08T20:17:20.539726+00:00', 'model_version': 'gemma4:31b-mlx', 'prompt_hash': 'a6af280e'}",gemma4_31b-mlx__N120
8,real_mixed_88,gemma4:31b-mlx_baseline,27.92389488220215,24.24,0,direct_json,0.875,0.875,0.875,0.0,0,15.5,38.6,2.5,103.5,106.1,29951.9,80.2,26158.5,17768.0,"{'timestamp': '2026-09-08T20:17:25.098178+00:00', 'model_version': 'gemma4:31b-mlx', 'prompt_hash': 'a6af280e'}",gemma4_31b-mlx__N120
8,real_mixed_89,gemma4:31b-mlx_baseline,28.44273805618286,26.86,0,direct_json,0.8,0.5714285714285714,0.6666666666666666,0.0,0,18.5,40.7,2.5,100.8,106.1,30138.8,82.3,26158.5,17768.0,"{'timestamp': '2026-09-08T20:17:32.261518+00:00', 'model_version': 'gemma4:31b-mlx', 'prompt_hash': 'a6af280e'}",gemma4_31b-mlx__N120
8,real_mixed_90,gemma4:31b-mlx_baseline,30.997481107711792,27.47,0,direct_json,0.7916666666666666,0.8636363636363636,0.8260869565217391,0.0,0,21.4,52.5,2.3,96.9,104.4,30096.9,83.6,26840.6,17768.0,"{'timestamp': '2026-09-08T20:17:43.967962+00:00', 'model_version': 'gemma4:31b-mlx', 'prompt_hash': 'a6af280e'}",gemma4_31b-mlx__N120
9,real_mixed_91,gemma4:31b-mlx_baseline,9.703049898147585,24.56,0,direct_json,1.0,0.8235294117647058,0.9032258064516128,0.0,0,16.7,44.6,5.9,109.7,113.5,30698.8,80.2,26557.5,17768.0,"{'timestamp': '2026-09-08T20:17:53.760894+00:00', 'model_version': 'gemma4:31b-mlx', 'prompt_hash': 'a6af280e'}",gemma4_31b-mlx__N120
9,real_mixed_92,gemma4:31b-mlx_baseline,29.463041067123413,21.74,0,direct_json,0.8888888888888888,0.7619047619047619,0.8205128205128205,0.0,0,17.4,54.4,3.6,103.0,113.5,30322.3,81.4,26750.3,17768.0,"{'timestamp': '2026-09-08T20:18:13.529659+00:00', 'model_version': 'gemma4:31b-mlx', 'prompt_hash': 'a6af280e'}",gemma4_31b-mlx__N120
9,real_mixed_93,gemma4:31b-mlx_baseline,18.301618814468384,25.35,0,direct_json,1.0,0.9333333333333332,0.9655172413793104,0.0,0,15.3,50.0,3.6,106.8,113.5,30331.3,80.2,26832.8,17768.0,"{'timestamp': '2026-09-08T20:18:02.341419+00:00', 'model_version': 'gemma4:31b-mlx', 'prompt_hash': 'a6af280e'}",gemma4_31b-mlx__N120
9,real_mixed_94,gemma4:31b-mlx_baseline,41.12612009048462,25.19,0,direct_json,1.0,0.8181818181818182,0.9,0.0,0,19.2,54.1,2.8,101.7,113.5,30298.7,81.4,27083.8,17768.0,"{'timestamp': '2026-09-08T20:18:25.186662+00:00', 'model_version': 'gemma4:31b-mlx', 'prompt_hash': 'a6af280e'}",gemma4_31b-mlx__N120
9,real_mixed_95,gemma4:31b-mlx_baseline,38.646912813186646,24.76,0,direct_json,0.7272727272727273,1.0,0.8421052631578948,0.0,0,17.2,43.1,1.9,100.2,105.5,30159.8,81.2,26752.2,17768.0,"{'timestamp': '2026-09-08T20:18:32.434887+00:00', 'model_version': 'gemma4:31b-mlx', 'prompt_hash': 'a6af280e'}",gemma4_31b-mlx__N120
9,real_mixed_96,gemma4:31b-mlx_baseline,38.596964836120605,22.78,0,direct_json,0.7857142857142857,0.7857142857142857,0.7857142857142857,0.0,0,20.7,74.7,1.9,99.6,105.5,30296.5,81.6,26500.3,17768.0,"{'timestamp': '2026-09-08T20:18:40.960718+00:00', 'model_version': 'gemma4:31b-mlx', 'prompt_hash': 'a6af280e'}",gemma4_31b-mlx__N120
9,real_mixed_97,gemma4:31b-mlx_baseline,34.559303283691406,24.81,0,direct_json,1.0,0.9230769230769232,0.96,0.0,0,20.7,42.0,2.1,101.6,105.1,30109.3,80.4,26500.3,17768.0,"{'timestamp': '2026-09-08T20:18:48.106418+00:00', 'model_version': 'gemma4:31b-mlx', 'prompt_hash': 'a6af280e'}",gemma4_31b-mlx__N120
9,real_mixed_98,gemma4:31b-mlx_baseline,36.556694984436035,27.53,0,direct_json,0.84,0.6176470588235294,0.711864406779661,0.0,0,24.8,54.5,1.8,95.8,105.1,30253.2,82.1,26266.3,17768.0,"{'timestamp': '2026-09-08T20:19:01.781021+00:00', 'model_version': 'gemma4:31b-mlx', 'prompt_hash': 'a6af280e'}",gemma4_31b-mlx__N120
9,real_mixed_99,gemma4:31b-mlx_baseline,37.202378273010254,31.84,0,direct_json,0.6666666666666666,1.0,0.8,0.0,0,22.1,56.8,1.8,89.0,105.1,30132.5,81.5,26002.7,17768.0,"{'timestamp': '2026-09-08T20:19:09.664454+00:00', 'model_version': 'gemma4:31b-mlx', 'prompt_hash': 'a6af280e'}",gemma4_31b-mlx__N120
9,real_mixed_100,gemma4:31b-mlx_baseline,38.088382959365845,26.69,0,direct_json,0.9,0.8571428571428571,0.8780487804878048,0.0,0,23.2,54.2,1.8,80.4,104.7,30234.5,82.1,26574.5,17768.0,"{'timestamp': '2026-09-08T20:19:19.074842+00:00', 'model_version': 'gemma4:31b-mlx', 'prompt_hash': 'a6af280e'}",gemma4_31b-mlx__N120
10,real_mixed_102,gemma4:31b-mlx_baseline,2.588689088821411,22.34,0,direct_json,1.0,1.0,1.0,0.0,0,9.9,22.4,24.2,87.0,87.1,27795.6,74.8,25815.8,17768.0,"{'timestamp': '2026-09-08T20:19:21.789557+00:00', 'model_version': 'gemma4:31b-mlx', 'prompt_hash': 'a6af280e'}",gemma4_31b-mlx__N120
10,real_mixed_103,gemma4:31b-mlx_baseline,21.356434106826782,23.0,0,direct_json,1.0,1.0,1.0,0.0,0,15.9,35.8,3.4,85.7,87.2,29775.1,79.0,26349.6,17768.0,"{'timestamp': '2026-09-08T20:19:40.568679+00:00', 'model_version': 'gemma4:31b-mlx', 'prompt_hash': 'a6af280e'}",gemma4_31b-mlx__N120
10,real_mixed_104,gemma4:31b-mlx_baseline,11.215497255325316,23.56,0,direct_json,0.9444444444444444,0.8095238095238095,0.8717948717948718,0.0,0,15.8,29.8,5.7,87.0,87.2,29647.7,79.0,25815.8,17768.0,"{'timestamp': '2026-09-08T20:19:30.447240+00:00', 'model_version': 'gemma4:31b-mlx', 'prompt_hash': 'a6af280e'}",gemma4_31b-mlx__N120
10,real_mixed_105,gemma4:31b-mlx_baseline,31.511749982833862,23.51,0,direct_json,0.7333333333333333,0.7333333333333333,0.7333333333333333,0.0,0,16.2,40.3,2.5,81.8,87.2,30062.6,80.6,26349.6,17768.0,"{'timestamp': '2026-09-08T20:19:50.751561+00:00', 'model_version': 'gemma4:31b-mlx', 'prompt_hash': 'a6af280e'}",gemma4_31b-mlx__N120
10,real_mixed_106,gemma4:31b-mlx_baseline,33.98555088043213,21.19,0,direct_json,1.0,1.0,1.0,0.0,0,15.2,41.2,2.4,80.8,87.2,30212.6,80.8,26170.3,17768.0,"{'timestamp': '2026-09-08T20:19:55.795127+00:00', 'model_version': 'gemma4:31b-mlx', 'prompt_hash': 'a6af280e'}",gemma4_31b-mlx__N120
10,real_mixed_107,gemma4:31b-mlx_baseline,41.121110916137695,28.3,0,direct_json,0.6666666666666666,0.8571428571428571,0.75,0.0,0,15.0,39.6,1.9,74.6,86.8,30930.0,81.4,26946.3,17768.0,"{'timestamp': '2026-09-08T20:20:11.583219+00:00', 'model_version': 'gemma4:31b-mlx', 'prompt_hash': 'a6af280e'}",gemma4_31b-mlx__N120
10,real_mixed_108,gemma4:31b-mlx_baseline,43.6759238243103,25.49,0,direct_json,0.5,0.75,0.6,0.0,0,17.3,55.6,1.8,71.7,79.8,31115.5,83.1,26946.3,17768.0,"{'timestamp': '2026-09-08T20:20:21.230446+00:00', 'model_version': 'gemma4:31b-mlx', 'prompt_hash': 'a6af280e'}",gemma4_31b-mlx__N120
10,real_mixed_109,gemma4:31b-mlx_baseline,53.2867579460144,29.32,0,direct_json,0.875,0.7241379310344828,0.7924528301886793,0.0,0,20.6,52.4,1.4,69.8,79.8,31096.1,83.3,27102.8,17768.0,"{'timestamp': '2026-09-08T20:20:33.907162+00:00', 'model_version': 'gemma4:31b-mlx', 'prompt_hash': 'a6af280e'}",gemma4_31b-mlx__N120
10,real_mixed_110,gemma4:31b-mlx_baseline,56.87744688987732,23.64,0,direct_json,0.7777777777777778,0.5833333333333334,0.6666666666666666,0.0,0,20.1,43.4,1.3,70.2,78.4,30949.5,82.8,27102.8,17768.0,"{'timestamp': '2026-09-08T20:20:47.678252+00:00', 'model_version': 'gemma4:31b-mlx', 'prompt_hash': 'a6af280e'}",gemma4_31b-mlx__N120
11,real_mixed_111,gemma4:31b-mlx_baseline,15.240447998046877,29.94,0,direct_json,0.9714285714285714,1.0,0.9855072463768116,0.0,0,25.7,45.5,4.9,85.5,89.4,30512.5,82.6,27185.0,17768.0,"{'timestamp': '2026-09-08T20:21:03.031954+00:00', 'model_version': 'gemma4:31b-mlx', 'prompt_hash': 'a6af280e'}",gemma4_31b-mlx__N120
11,real_mixed_112,gemma4:31b-mlx_baseline,28.98743796348572,23.85,0,direct_json,0.625,0.625,0.625,0.0,0,21.1,66.7,2.8,81.3,89.4,30348.8,81.5,25991.6,17768.0,"{'timestamp': '2026-09-08T20:21:16.752360+00:00', 'model_version': 'gemma4:31b-mlx', 'prompt_hash': 'a6af280e'}",gemma4_31b-mlx__N120
11,real_mixed_113,gemma4:31b-mlx_baseline,22.8173611164093,24.5,0,direct_json,0.8,0.8,0.8000000000000002,0.0,0,20.6,42.9,3.0,82.0,89.4,30502.3,81.6,26776.9,17768.0,"{'timestamp': '2026-09-08T20:21:10.586465+00:00', 'model_version': 'gemma4:31b-mlx', 'prompt_hash': 'a6af280e'}",gemma4_31b-mlx__N120
11,real_mixed_114,gemma4:31b-mlx_baseline,38.062352895736694,24.85,0,direct_json,0.7647058823529411,0.8666666666666667,0.8125,0.0,0,21.8,43.5,2.1,79.2,89.4,30120.9,82.4,25991.6,17768.0,"{'timestamp': '2026-09-08T20:21:25.823194+00:00', 'model_version': 'gemma4:31b-mlx', 'prompt_hash': 'a6af280e'}",gemma4_31b-mlx__N120
11,real_mixed_115,gemma4:31b-mlx_baseline,5.125309944152832,21.54,0,direct_json,0.6666666666666666,1.0,0.8,0.0,0,26.3,38.3,14.9,89.2,89.2,29671.3,78.3,27185.0,17768.0,"{'timestamp': '2026-09-08T20:20:52.877695+00:00', 'model_version': 'gemma4:31b-mlx', 'prompt_hash': 'a6af280e'}",gemma4_31b-mlx__N120
11,real_mixed_116,gemma4:31b-mlx_baseline,40.09528183937073,25.62,0,direct_json,0.8,1.0,0.888888888888889,0.0,0,17.4,44.8,2.0,77.7,89.4,29967.8,82.0,26542.2,17768.0,"{'timestamp': '2026-09-08T20:21:32.981799+00:00', 'model_version': 'gemma4:31b-mlx', 'prompt_hash': 'a6af280e'}",gemma4_31b-mlx__N120
11,real_mixed_117,gemma4:31b-mlx_baseline,45.145410776138306,21.93,0,direct_json,0.5882352941176471,0.7142857142857143,0.6451612903225806,0.0,0,21.0,80.7,1.7,72.7,78.8,30171.5,82.1,26542.2,17768.0,"{'timestamp': '2026-09-08T20:21:48.199057+00:00', 'model_version': 'gemma4:31b-mlx', 'prompt_hash': 'a6af280e'}",gemma4_31b-mlx__N120
11,real_mixed_118,gemma4:31b-mlx_baseline,44.6945161819458,28.52,0,direct_json,1.0,1.0,1.0,0.0,0,23.1,80.5,1.7,72.0,78.8,30103.8,82.0,26981.7,17768.0,"{'timestamp': '2026-09-08T20:21:55.302123+00:00', 'model_version': 'gemma4:31b-mlx', 'prompt_hash': 'a6af280e'}",gemma4_31b-mlx__N120
11,real_mixed_119,gemma4:31b-mlx_baseline,46.65727996826172,21.29,0,direct_json,0.7,0.875,0.7777777777777777,0.0,0,18.7,81.5,1.5,70.6,78.7,30296.9,82.3,26981.7,17768.0,"{'timestamp': '2026-09-08T20:22:03.430464+00:00', 'model_version': 'gemma4:31b-mlx', 'prompt_hash': 'a6af280e'}",gemma4_31b-mlx__N120
11,real_mixed_120,gemma4:31b-mlx_baseline,45.636573791503906,23.2,0,direct_json,0.9230769230769232,1.0,0.96,0.0,0,22.1,81.0,1.5,70.1,78.7,30539.6,81.5,26796.4,17768.0,"{'timestamp': '2026-09-08T20:22:11.478311+00:00', 'model_version': 'gemma4:31b-mlx', 'prompt_hash': 'a6af280e'}",gemma4_31b-mlx__N120
4,real_mixed_42,gemma4:31b-mlx_kb_rag,408.19414615631104,25.17,0,direct_json,0.9166666666666666,0.7586206896551724,0.830188679245283,0.0,0,9.9,80.4,4.0,230.4,1281.6,29898.9,87.6,27041.9,17768.0,"{'timestamp': '2026-09-08T20:29:03.455941+00:00', 'model_version': 'gemma4:31b-mlx', 'prompt_hash': 'a6af280e'}",gemma4_31b-mlx__N120
4,real_mixed_43,gemma4:31b-mlx_kb_rag,87.74637603759766,24.83,0,direct_json,0.7307692307692307,0.8636363636363636,0.7916666666666666,0.0,0,8.2,35.4,3.1,390.9,1281.6,30076.9,86.9,27021.3,17768.0,"{'timestamp': '2026-09-08T20:23:43.004459+00:00', 'model_version': 'gemma4:31b-mlx', 'prompt_hash': 'a6af280e'}",gemma4_31b-mlx__N120
4,real_mixed_44,gemma4:31b-mlx_kb_rag,34.02991509437561,27.67,0,direct_json,0.64,0.8,0.7111111111111111,0.0,0,8.3,35.4,4.0,778.8,1281.6,31083.4,83.8,27202.3,17768.0,"{'timestamp': '2026-09-08T20:22:49.286041+00:00', 'model_version': 'gemma4:31b-mlx', 'prompt_hash': 'a6af280e'}",gemma4_31b-mlx__N120
4,real_mixed_45,gemma4:31b-mlx_kb_rag,371.5880057811737,24.92,0,direct_json,0.9333333333333332,0.875,0.9032258064516128,0.0,0,11.8,80.4,4.2,242.4,1281.6,29956.5,87.4,27382.2,17768.0,"{'timestamp': '2026-09-08T20:28:26.848656+00:00', 'model_version': 'gemma4:31b-mlx', 'prompt_hash': 'a6af280e'}",gemma4_31b-mlx__N120
4,real_mixed_46,gemma4:31b-mlx_kb_rag,124.25942611694336,19.55,0,direct_json,0.7272727272727273,0.5333333333333333,0.6153846153846153,0.0,0,10.8,80.4,3.8,334.8,1281.6,29891.0,87.4,26701.3,17768.0,"{'timestamp': '2026-09-08T20:24:19.504085+00:00', 'model_version': 'gemma4:31b-mlx', 'prompt_hash': 'a6af280e'}",gemma4_31b-mlx__N120
4,real_mixed_47,gemma4:31b-mlx_kb_rag,442.60050201416016,30.8,0,direct_json,0.9629629629629628,0.9285714285714286,0.9454545454545454,0.0,0,10.2,100.0,3.6,169.2,359.3,29829.5,87.6,27029.6,17768.0,"{'timestamp': '2026-09-08T20:30:12.026097+00:00', 'model_version': 'gemma4:31b-mlx', 'prompt_hash': 'a6af280e'}",gemma4_31b-mlx__N120
4,real_mixed_48,gemma4:31b-mlx_kb_rag,408.1216187477112,21.73,0,direct_json,0.7272727272727273,0.8,0.761904761904762,0.0,0,10.5,80.4,3.6,167.3,359.3,29916.0,87.2,27224.6,17768.0,"{'timestamp': '2026-09-08T20:30:31.309269+00:00', 'model_version': 'gemma4:31b-mlx', 'prompt_hash': 'a6af280e'}",gemma4_31b-mlx__N120
4,real_mixed_49,gemma4:31b-mlx_kb_rag,413.63138794898987,23.49,0,direct_json,0.8333333333333334,0.8333333333333334,0.8333333333333334,0.0,0,9.9,44.1,3.3,154.9,359.3,29963.6,87.0,27335.6,17768.0,"{'timestamp': '2026-09-08T20:31:13.284456+00:00', 'model_version': 'gemma4:31b-mlx', 'prompt_hash': 'a6af280e'}",gemma4_31b-mlx__N120
4,real_mixed_50,gemma4:31b-mlx_kb_rag,435.1164901256561,22.31,0,direct_json,1.0,0.6842105263157895,0.8125000000000001,0.0,0,12.9,100.0,2.3,119.8,359.3,29925.0,87.4,27659.0,17768.0,"{'timestamp': '2026-09-08T20:33:09.041471+00:00', 'model_version': 'gemma4:31b-mlx', 'prompt_hash': 'a6af280e'}",gemma4_31b-mlx__N120
3,real_mixed_31,gemma4:31b-mlx_kb_rag,257.5780670642853,21.48,0,direct_json,0.8333333333333334,1.0,0.9090909090909092,0.0,0,13.7,100.0,5.6,269.8,1281.6,29880.6,87.6,27404.4,17768.0,"{'timestamp': '2026-09-08T20:26:32.799298+00:00', 'model_version': 'gemma4:31b-mlx', 'prompt_hash': 'a6af280e'}",gemma4_31b-mlx__N120
3,real_mixed_32,gemma4:31b-mlx_kb_rag,226.64534211158752,30.45,0,direct_json,0.8,0.75,0.7741935483870969,0.0,0,10.4,80.4,4.1,278.2,1281.6,29900.3,87.6,27140.0,17768.0,"{'timestamp': '2026-09-08T20:26:01.904104+00:00', 'model_version': 'gemma4:31b-mlx', 'prompt_hash': 'a6af280e'}",gemma4_31b-mlx__N120
3,real_mixed_33,gemma4:31b-mlx_kb_rag,194.6580629348755,23.83,0,direct_json,0.7692307692307693,0.6666666666666666,0.7142857142857142,0.0,0,15.7,80.4,4.0,288.6,1281.6,29883.5,87.5,27674.1,17768.0,"{'timestamp': '2026-09-08T20:25:29.903412+00:00', 'model_version': 'gemma4:31b-mlx', 'prompt_hash': 'a6af280e'}",gemma4_31b-mlx__N120
3,real_mixed_34,gemma4:31b-mlx_kb_rag,282.9728388786316,26.61,0,direct_json,0.8461538461538461,0.7857142857142857,0.8148148148148148,0.0,0,11.2,80.4,4.6,271.0,1281.6,29945.0,87.4,27210.3,17768.0,"{'timestamp': '2026-09-08T20:26:58.214089+00:00', 'model_version': 'gemma4:31b-mlx', 'prompt_hash': 'a6af280e'}",gemma4_31b-mlx__N120
3,real_mixed_35,gemma4:31b-mlx_kb_rag,112.57404708862305,19.69,0,direct_json,1.0,1.0,1.0,0.0,0,15.8,100.0,3.3,348.2,1281.6,29924.1,87.3,27100.6,17768.0,"{'timestamp': '2026-09-08T20:24:07.824535+00:00', 'model_version': 'gemma4:31b-mlx', 'prompt_hash': 'a6af280e'}",gemma4_31b-mlx__N120
3,real_mixed_36,gemma4:31b-mlx_kb_rag,378.74864292144775,25.86,0,direct_json,1.0,0.6363636363636364,0.7777777777777778,0.0,0,9.9,80.4,4.2,240.3,1281.6,29954.0,87.5,27417.5,17768.0,"{'timestamp': '2026-09-08T20:28:34.003212+00:00', 'model_version': 'gemma4:31b-mlx', 'prompt_hash': 'a6af280e'}",gemma4_31b-mlx__N120
3,real_mixed_37,gemma4:31b-mlx_kb_rag,411.0412368774414,27.27,0,direct_json,0.8125,0.8666666666666667,0.8387096774193549,0.0,0,9.7,44.1,3.4,159.7,359.3,29955.7,87.0,27315.6,17768.0,"{'timestamp': '2026-09-08T20:30:59.021864+00:00', 'model_version': 'gemma4:31b-mlx', 'prompt_hash': 'a6af280e'}",gemma4_31b-mlx__N120
3,real_mixed_38,gemma4:31b-mlx_kb_rag,426.80960297584534,25.09,0,direct_json,0.9444444444444444,0.9444444444444444,0.9444444444444444,0.0,0,10.8,100.0,2.5,129.7,359.3,29942.9,87.3,27070.3,17768.0,"{'timestamp': '2026-09-08T20:32:36.888678+00:00', 'model_version': 'gemma4:31b-mlx', 'prompt_hash': 'a6af280e'}",gemma4_31b-mlx__N120
3,real_mixed_39,gemma4:31b-mlx_kb_rag,435.3072860240936,17.97,0,direct_json,1.0,1.0,1.0,0.0,0,11.7,100.0,2.9,124.3,750.8,29925.3,87.4,26846.0,17768.0,"{'timestamp': '2026-09-08T20:33:17.347729+00:00', 'model_version': 'gemma4:31b-mlx', 'prompt_hash': 'a6af280e'}",gemma4_31b-mlx__N120
3,real_mixed_40,gemma4:31b-mlx_kb_rag,433.0030689239502,22.97,0,direct_json,0.9166666666666666,0.7333333333333333,0.8148148148148148,0.0,0,12.6,100.0,2.5,116.7,731.3,29961.5,87.4,26741.7,17768.0,"{'timestamp': '2026-09-08T20:33:45.967680+00:00', 'model_version': 'gemma4:31b-mlx', 'prompt_hash': 'a6af280e'}",gemma4_31b-mlx__N120
0,real_mixed_2,gemma4:31b-mlx_kb_rag,99.47383689880373,23.32,0,direct_json,0.9285714285714286,0.7647058823529411,0.8387096774193549,0.0,0,8.3,36.9,3.3,370.6,1281.6,30008.7,87.1,27492.5,17768.0,"{'timestamp': '2026-09-08T20:23:54.720929+00:00', 'model_version': 'gemma4:31b-mlx', 'prompt_hash': 'a6af280e'}",gemma4_31b-mlx__N120
0,real_mixed_3,gemma4:31b-mlx_kb_rag,159.7217400074005,22.05,0,direct_json,0.7692307692307693,0.5882352941176471,0.6666666666666667,0.0,0,10.4,80.4,3.8,309.5,1281.6,29866.0,87.5,27126.3,17768.0,"{'timestamp': '2026-09-08T20:24:54.991619+00:00', 'model_version': 'gemma4:31b-mlx', 'prompt_hash': 'a6af280e'}",gemma4_31b-mlx__N120
0,real_mixed_4,gemma4:31b-mlx_kb_rag,138.9147698879242,24.2,0,direct_json,0.875,0.9333333333333332,0.9032258064516128,0.0,0,13.4,80.4,4.2,324.0,1281.6,29887.8,87.5,28014.1,17768.0,"{'timestamp': '2026-09-08T20:24:34.157695+00:00', 'model_version': 'gemma4:31b-mlx', 'prompt_hash': 'a6af280e'}",gemma4_31b-mlx__N120
0,real_mixed_5,gemma4:31b-mlx_kb_rag,267.7397141456604,23.92,0,direct_json,0.9523809523809524,0.9523809523809524,0.9523809523809524,0.0,0,10.2,80.4,5.3,270.0,1281.6,29894.9,87.5,27390.0,17768.0,"{'timestamp': '2026-09-08T20:26:43.001561+00:00', 'model_version': 'gemma4:31b-mlx', 'prompt_hash': 'a6af280e'}",gemma4_31b-mlx__N120
0,real_mixed_6,gemma4:31b-mlx_kb_rag,327.4502389431,30.29,0,direct_json,0.8421052631578947,0.8,0.8205128205128205,0.0,0,10.6,100.0,4.5,256.5,1281.6,29987.6,87.4,26556.0,17768.0,"{'timestamp': '2026-09-08T20:27:42.703706+00:00', 'model_version': 'gemma4:31b-mlx', 'prompt_hash': 'a6af280e'}",gemma4_31b-mlx__N120
0,real_mixed_7,gemma4:31b-mlx_kb_rag,409.57203102111816,31.68,0,direct_json,0.8235294117647058,0.7,0.7567567567567567,0.0,0,12.6,100.0,3.5,163.2,359.3,29921.6,87.1,27203.7,17768.0,"{'timestamp': '2026-09-08T20:30:44.446125+00:00', 'model_version': 'gemma4:31b-mlx', 'prompt_hash': 'a6af280e'}",gemma4_31b-mlx__N120
0,real_mixed_8,gemma4:31b-mlx_kb_rag,412.19092416763306,20.66,0,direct_json,0.9,0.6,0.7200000000000001,0.0,0,11.4,50.0,3.2,149.6,359.3,29966.9,87.0,27701.7,17768.0,"{'timestamp': '2026-09-08T20:31:26.520328+00:00', 'model_version': 'gemma4:31b-mlx', 'prompt_hash': 'a6af280e'}",gemma4_31b-mlx__N120
0,real_mixed_9,gemma4:31b-mlx_kb_rag,430.0622601509094,21.18,0,direct_json,0.8333333333333334,0.625,0.7142857142857143,0.0,0,13.3,100.0,2.9,138.6,359.3,29955.4,87.2,26657.6,17768.0,"{'timestamp': '2026-09-08T20:32:05.206060+00:00', 'model_version': 'gemma4:31b-mlx', 'prompt_hash': 'a6af280e'}",gemma4_31b-mlx__N120
0,real_mixed_10,gemma4:31b-mlx_kb_rag,433.416216135025,24.51,0,direct_json,0.9333333333333332,1.0,0.9655172413793104,0.0,0,12.0,51.0,3.1,117.3,731.3,29967.0,87.4,26741.7,17768.0,"{'timestamp': '2026-09-08T20:33:56.572011+00:00', 'model_version': 'gemma4:31b-mlx', 'prompt_hash': 'a6af280e'}",gemma4_31b-mlx__N120
5,real_mixed_51,gemma4:31b-mlx_kb_rag,12.7497079372406,20.07,0,direct_json,0.9090909090909092,0.6666666666666666,0.7692307692307692,0.0,0,9.6,35.5,34.0,1163.5,1281.6,31371.0,80.8,27353.0,17768.0,"{'timestamp': '2026-09-08T20:22:27.990044+00:00', 'model_version': 'gemma4:31b-mlx', 'prompt_hash': 'a6af280e'}",gemma4_31b-mlx__N120
5,real_mixed_52,gemma4:31b-mlx_kb_rag,207.3176040649414,30.29,0,direct_json,0.8095238095238095,0.8095238095238095,0.8095238095238095,0.0,0,12.7,80.4,4.0,284.3,1281.6,29885.2,87.6,27490.6,17768.0,"{'timestamp': '2026-09-08T20:25:42.574239+00:00', 'model_version': 'gemma4:31b-mlx', 'prompt_hash': 'a6af280e'}",gemma4_31b-mlx__N120
5,real_mixed_53,gemma4:31b-mlx_kb_rag,344.92656421661377,25.51,0,direct_json,0.8235294117647058,0.875,0.8484848484848485,0.0,0,10.0,80.4,4.2,250.3,1281.6,29975.5,87.4,27141.0,17768.0,"{'timestamp': '2026-09-08T20:28:00.191038+00:00', 'model_version': 'gemma4:31b-mlx', 'prompt_hash': 'a6af280e'}",gemma4_31b-mlx__N120
5,real_mixed_54,gemma4:31b-mlx_kb_rag,271.6688370704651,22.53,0,direct_json,1.0,1.0,1.0,0.0,0,15.5,100.0,4.5,270.3,1281.6,29909.4,87.6,27390.0,17768.0,"{'timestamp': '2026-09-08T20:26:46.904814+00:00', 'model_version': 'gemma4:31b-mlx', 'prompt_hash': 'a6af280e'}",gemma4_31b-mlx__N120
5,real_mixed_55,gemma4:31b-mlx_kb_rag,319.0485939979553,20.19,0,direct_json,0.8666666666666667,0.65,0.7428571428571429,0.0,0,10.1,80.4,4.4,260.7,1281.6,29987.1,87.4,27778.6,17768.0,"{'timestamp': '2026-09-08T20:27:34.296335+00:00', 'model_version': 'gemma4:31b-mlx', 'prompt_hash': 'a6af280e'}",gemma4_31b-mlx__N120
5,real_mixed_56,gemma4:31b-mlx_kb_rag,182.4645550251007,24.63,0,direct_json,0.8,0.7692307692307693,0.7843137254901961,0.0,0,13.3,80.4,5.9,294.4,1281.6,29860.3,87.6,26166.9,17768.0,"{'timestamp': '2026-09-08T20:25:17.720312+00:00', 'model_version': 'gemma4:31b-mlx', 'prompt_hash': 'a6af280e'}",gemma4_31b-mlx__N120
5,real_mixed_57,gemma4:31b-mlx_kb_rag,447.84611773490906,24.96,0,direct_json,1.0,0.9523809523809524,0.975609756097561,0.0,0,12.0,80.4,3.6,190.2,776.8,29851.5,87.7,26715.6,17768.0,"{'timestamp': '2026-09-08T20:29:55.986385+00:00', 'model_version': 'gemma4:31b-mlx', 'prompt_hash': 'a6af280e'}",gemma4_31b-mlx__N120
5,real_mixed_58,gemma4:31b-mlx_kb_rag,427.9339370727539,23.41,0,direct_json,0.875,0.7777777777777778,0.823529411764706,0.0,0,11.1,100.0,2.7,133.1,359.3,29959.3,87.2,27100.7,17768.0,"{'timestamp': '2026-09-08T20:32:25.806247+00:00', 'model_version': 'gemma4:31b-mlx', 'prompt_hash': 'a6af280e'}",gemma4_31b-mlx__N120
5,real_mixed_60,gemma4:31b-mlx_kb_rag,437.5680000782013,24.86,0,direct_json,1.0,0.9285714285714286,0.962962962962963,0.0,0,13.6,100.0,3.6,124.4,732.8,29967.9,87.4,26774.1,17768.0,"{'timestamp': '2026-09-08T20:34:04.642191+00:00', 'model_version': 'gemma4:31b-mlx', 'prompt_hash': 'a6af280e'}",gemma4_31b-mlx__N120
1,real_mixed_11,gemma4:31b-mlx_kb_rag,56.835142850875854,24.18,0,direct_json,0.896551724137931,0.9629629629629628,0.9285714285714286,0.0,0,10.3,40.9,5.8,530.2,1281.6,30363.3,85.9,27202.3,17768.0,"{'timestamp': '2026-09-08T20:23:12.068871+00:00', 'model_version': 'gemma4:31b-mlx', 'prompt_hash': 'a6af280e'}",gemma4_31b-mlx__N120
1,real_mixed_12,gemma4:31b-mlx_kb_rag,293.44885301589966,24.87,0,direct_json,0.9230769230769232,1.0,0.96,0.0,0,12.8,80.4,4.4,267.9,1281.6,29973.8,87.4,27185.3,17768.0,"{'timestamp': '2026-09-08T20:27:08.691607+00:00', 'model_version': 'gemma4:31b-mlx', 'prompt_hash': 'a6af280e'}",gemma4_31b-mlx__N120
1,real_mixed_13,gemma4:31b-mlx_kb_rag,423.1524569988251,31.08,0,direct_json,0.8148148148148148,0.8148148148148148,0.8148148148148148,0.0,0,15.8,100.0,4.5,225.8,1281.6,29900.0,87.6,27056.0,17768.0,"{'timestamp': '2026-09-08T20:29:18.419311+00:00', 'model_version': 'gemma4:31b-mlx', 'prompt_hash': 'a6af280e'}",gemma4_31b-mlx__N120
1,real_mixed_14,gemma4:31b-mlx_kb_rag,449.6515920162201,18.69,0,direct_json,0.7222222222222222,0.8666666666666667,0.7878787878787877,0.0,0,11.2,100.0,4.3,218.1,1281.6,29892.7,87.5,27515.6,17768.0,"{'timestamp': '2026-09-08T20:29:44.876663+00:00', 'model_version': 'gemma4:31b-mlx', 'prompt_hash': 'a6af280e'}",gemma4_31b-mlx__N120
1,real_mixed_15,gemma4:31b-mlx_kb_rag,171.38502073287964,21.5,0,direct_json,0.7916666666666666,0.9047619047619048,0.8444444444444444,0.0,0,12.3,100.0,3.9,299.0,1281.6,29863.2,87.5,27640.0,17768.0,"{'timestamp': '2026-09-08T20:25:06.640638+00:00', 'model_version': 'gemma4:31b-mlx', 'prompt_hash': 'a6af280e'}",gemma4_31b-mlx__N120
1,real_mixed_16,gemma4:31b-mlx_kb_rag,305.6772389411926,28.03,0,direct_json,1.0,1.0,1.0,0.0,0,11.2,80.4,5.2,265.5,1281.6,29997.3,87.3,27247.7,17768.0,"{'timestamp': '2026-09-08T20:27:20.922816+00:00', 'model_version': 'gemma4:31b-mlx', 'prompt_hash': 'a6af280e'}",gemma4_31b-mlx__N120
1,real_mixed_17,gemma4:31b-mlx_kb_rag,428.3261740207672,17.02,0,direct_json,1.0,1.0,1.0,0.0,0,10.0,80.4,3.6,167.6,359.3,29901.5,87.4,27565.9,17768.0,"{'timestamp': '2026-09-08T20:30:20.515006+00:00', 'model_version': 'gemma4:31b-mlx', 'prompt_hash': 'a6af280e'}",gemma4_31b-mlx__N120
1,real_mixed_18,gemma4:31b-mlx_kb_rag,427.41656589508057,21.41,0,direct_json,0.8461538461538461,0.7857142857142857,0.8148148148148148,0.0,0,10.7,47.1,2.8,137.3,359.3,29964.8,87.2,27100.7,17768.0,"{'timestamp': '2026-09-08T20:32:14.236695+00:00', 'model_version': 'gemma4:31b-mlx', 'prompt_hash': 'a6af280e'}",gemma4_31b-mlx__N120
1,real_mixed_19,gemma4:31b-mlx_kb_rag,424.3956527709961,24.89,0,direct_json,1.0,1.0,1.0,0.0,0,13.2,78.9,4.3,127.2,788.0,29952.2,87.5,26774.1,17768.0,"{'timestamp': '2026-09-08T20:34:13.254643+00:00', 'model_version': 'gemma4:31b-mlx', 'prompt_hash': 'a6af280e'}",gemma4_31b-mlx__N120
1,real_mixed_20,gemma4:31b-mlx_kb_rag,422.1968250274658,24.89,0,direct_json,0.7647058823529411,0.6842105263157895,0.7222222222222222,0.0,0,14.0,78.9,4.1,129.1,787.4,29925.0,87.4,26746.2,17768.0,"{'timestamp': '2026-09-08T20:34:23.270894+00:00', 'model_version': 'gemma4:31b-mlx', 'prompt_hash': 'a6af280e'}",gemma4_31b-mlx__N120
2,real_mixed_22,gemma4:31b-mlx_kb_rag,428.8540210723877,18.06,0,direct_json,0.6,1.0,0.7499999999999999,0.0,0,12.2,100.0,4.6,223.6,1281.6,29908.0,87.6,27056.0,17768.0,"{'timestamp': '2026-09-08T20:29:24.072580+00:00', 'model_version': 'gemma4:31b-mlx', 'prompt_hash': 'a6af280e'}",gemma4_31b-mlx__N120
2,real_mixed_23,gemma4:31b-mlx_kb_rag,250.61126494407657,20.13,0,direct_json,0.9230769230769232,0.7058823529411765,0.8000000000000002,0.0,0,10.3,80.4,4.2,271.3,1281.6,29875.1,87.6,27175.3,17768.0,"{'timestamp': '2026-09-08T20:26:25.872801+00:00', 'model_version': 'gemma4:31b-mlx', 'prompt_hash': 'a6af280e'}",gemma4_31b-mlx__N120
2,real_mixed_24,gemma4:31b-mlx_kb_rag,237.83479809761047,19.06,0,direct_json,1.0,0.7272727272727273,0.8421052631578948,0.0,0,10.5,80.4,4.2,275.6,1281.6,29898.3,87.6,27144.1,17768.0,"{'timestamp': '2026-09-08T20:26:13.081312+00:00', 'model_version': 'gemma4:31b-mlx', 'prompt_hash': 'a6af280e'}",gemma4_31b-mlx__N120
2,real_mixed_25,gemma4:31b-mlx_kb_rag,149.11079096794128,21.49,0,direct_json,0.7142857142857143,0.5882352941176471,0.6451612903225806,0.0,0,12.0,80.4,3.6,316.7,1281.6,29860.4,87.5,27940.6,17768.0,"{'timestamp': '2026-09-08T20:24:44.370919+00:00', 'model_version': 'gemma4:31b-mlx', 'prompt_hash': 'a6af280e'}",gemma4_31b-mlx__N120
2,real_mixed_26,gemma4:31b-mlx_kb_rag,359.9571359157562,26.75,0,direct_json,0.7,0.6666666666666666,0.6829268292682926,0.0,0,11.1,80.4,4.5,242.1,1281.6,29973.1,87.4,27389.4,17768.0,"{'timestamp': '2026-09-08T20:28:15.229304+00:00', 'model_version': 'gemma4:31b-mlx', 'prompt_hash': 'a6af280e'}",gemma4_31b-mlx__N120
2,real_mixed_28,gemma4:31b-mlx_kb_rag,432.6296842098236,24.04,0,direct_json,0.9375,0.8333333333333334,0.8823529411764706,0.0,0,11.8,50.0,2.8,121.9,731.4,29941.5,87.4,26854.6,17768.0,"{'timestamp': '2026-09-08T20:33:25.852714+00:00', 'model_version': 'gemma4:31b-mlx', 'prompt_hash': 'a6af280e'}",gemma4_31b-mlx__N120
2,real_mixed_29,gemma4:31b-mlx_kb_rag,428.9701900482178,25.75,0,direct_json,0.88,0.88,0.88,0.0,0,12.6,55.6,2.7,119.1,753.0,29968.3,87.4,27436.2,17768.0,"{'timestamp': '2026-09-08T20:33:34.999247+00:00', 'model_version': 'gemma4:31b-mlx', 'prompt_hash': 'a6af280e'}",gemma4_31b-mlx__N120
2,real_mixed_30,gemma4:31b-mlx_kb_rag,379.0162670612335,21.97,0,direct_json,1.0,0.8461538461538461,0.9166666666666666,0.0,0,11.8,63.0,5.1,143.2,789.8,29975.4,87.2,26736.5,17768.0,"{'timestamp': '2026-09-08T20:34:34.447644+00:00', 'model_version': 'gemma4:31b-mlx', 'prompt_hash': 'a6af280e'}",gemma4_31b-mlx__N120
6,real_mixed_61,gemma4:31b-mlx_kb_rag,136.675537109375,29.42,0,direct_json,0.6,0.75,0.6666666666666665,0.0,0,10.3,63.0,14.3,298.5,979.7,30441.3,85.8,26983.4,17768.0,"{'timestamp': '2026-09-08T20:35:27.197887+00:00', 'model_version': 'gemma4:31b-mlx', 'prompt_hash': 'a6af280e'}",gemma4_31b-mlx__N120
6,real_mixed_62,gemma4:31b-mlx_kb_rag,177.0263192653656,22.98,0,direct_json,0.8125,0.7222222222222222,0.7647058823529411,0.0,0,11.0,93.8,11.1,253.2,940.5,30298.9,86.3,27455.9,17768.0,"{'timestamp': '2026-09-08T20:36:07.536166+00:00', 'model_version': 'gemma4:31b-mlx', 'prompt_hash': 'a6af280e'}",gemma4_31b-mlx__N120
6,real_mixed_63,gemma4:31b-mlx_kb_rag,93.86069297790527,18.55,0,direct_json,0.7272727272727273,0.5333333333333333,0.6153846153846153,0.0,0,11.7,63.0,17.9,341.7,974.3,30377.7,86.5,26736.5,17768.0,"{'timestamp': '2026-09-08T20:34:44.353946+00:00', 'model_version': 'gemma4:31b-mlx', 'prompt_hash': 'a6af280e'}",gemma4_31b-mlx__N120
6,real_mixed_64,gemma4:31b-mlx_kb_rag,100.90578889846802,26.52,0,direct_json,0.75,0.75,0.75,0.0,0,11.5,63.0,17.1,336.6,974.2,30272.5,85.9,26614.9,17768.0,"{'timestamp': '2026-09-08T20:34:51.390781+00:00', 'model_version': 'gemma4:31b-mlx', 'prompt_hash': 'a6af280e'}",gemma4_31b-mlx__N120
6,real_mixed_65,gemma4:31b-mlx_kb_rag,149.2343418598175,23.78,0,direct_json,0.6666666666666666,0.5454545454545454,0.6,0.0,0,13.1,100.0,12.8,286.8,973.9,30364.0,86.0,27720.6,17768.0,"{'timestamp': '2026-09-08T20:35:39.739779+00:00', 'model_version': 'gemma4:31b-mlx', 'prompt_hash': 'a6af280e'}",gemma4_31b-mlx__N120
6,real_mixed_66,gemma4:31b-mlx_kb_rag,163.33707427978516,24.59,0,direct_json,0.6818181818181818,0.5769230769230769,0.6249999999999999,0.0,0,11.0,63.0,11.3,268.0,956.2,30309.4,86.2,26894.9,17768.0,"{'timestamp': '2026-09-08T20:35:53.842448+00:00', 'model_version': 'gemma4:31b-mlx', 'prompt_hash': 'a6af280e'}",gemma4_31b-mlx__N120
6,real_mixed_67,gemma4:31b-mlx_kb_rag,187.5703740119934,24.57,0,direct_json,0.9523809523809524,0.9090909090909092,0.9302325581395348,0.0,0,9.4,63.0,9.8,243.7,979.7,30318.3,86.3,26714.9,17768.0,"{'timestamp': '2026-09-08T20:36:18.084884+00:00', 'model_version': 'gemma4:31b-mlx', 'prompt_hash': 'a6af280e'}",gemma4_31b-mlx__N120
6,real_mixed_68,gemma4:31b-mlx_kb_rag,446.4719429016113,25.37,0,direct_json,1.0,0.9473684210526316,0.972972972972973,0.0,0,9.6,50.5,2.9,128.7,311.7,30311.1,86.2,27832.8,17768.0,"{'timestamp': '2026-09-08T20:42:10.969752+00:00', 'model_version': 'gemma4:31b-mlx', 'prompt_hash': 'a6af280e'}",gemma4_31b-mlx__N120
6,real_mixed_69,gemma4:31b-mlx_kb_rag,453.48637223243713,25.86,0,direct_json,0.84375,0.9642857142857144,0.8999999999999999,0.0,0,10.2,100.0,2.7,123.9,311.5,30339.2,86.4,27021.2,17768.0,"{'timestamp': '2026-09-08T20:42:25.034700+00:00', 'model_version': 'gemma4:31b-mlx', 'prompt_hash': 'a6af280e'}",gemma4_31b-mlx__N120
6,real_mixed_70,gemma4:31b-mlx_kb_rag,429.2900128364563,22.98,0,direct_json,0.8571428571428571,0.72,0.782608695652174,0.0,0,9.7,50.5,2.7,116.7,311.7,30290.5,86.5,26707.1,17768.0,"{'timestamp': '2026-09-08T20:42:36.772174+00:00', 'model_version': 'gemma4:31b-mlx', 'prompt_hash': 'a6af280e'}",gemma4_31b-mlx__N120
7,real_mixed_71,gemma4:31b-mlx_kb_rag,170.97843408584595,21.87,0,direct_json,0.75,0.6428571428571429,0.6923076923076924,0.0,0,10.2,69.4,10.2,247.9,958.3,30321.1,86.1,27925.9,17768.0,"{'timestamp': '2026-09-08T20:36:37.747612+00:00', 'model_version': 'gemma4:31b-mlx', 'prompt_hash': 'a6af280e'}",gemma4_31b-mlx__N120
7,real_mixed_72,gemma4:31b-mlx_kb_rag,210.74135303497312,29.29,0,direct_json,0.9230769230769232,0.7058823529411765,0.8000000000000002,0.0,0,10.6,100.0,8.5,226.4,940.4,30209.7,86.5,26797.5,17768.0,"{'timestamp': '2026-09-08T20:37:17.533988+00:00', 'model_version': 'gemma4:31b-mlx', 'prompt_hash': 'a6af280e'}",gemma4_31b-mlx__N120
7,real_mixed_73,gemma4:31b-mlx_kb_rag,180.0336298942566,22.34,0,direct_json,1.0,0.8125,0.896551724137931,0.0,0,9.9,66.7,9.4,244.7,958.3,30286.2,86.2,26757.8,17768.0,"{'timestamp': '2026-09-08T20:36:46.812182+00:00', 'model_version': 'gemma4:31b-mlx', 'prompt_hash': 'a6af280e'}",gemma4_31b-mlx__N120
7,real_mixed_74,gemma4:31b-mlx_kb_rag,189.60088300704956,22.65,0,direct_json,0.9166666666666666,0.9166666666666666,0.9166666666666666,0.0,0,9.8,66.7,9.3,243.8,958.3,30271.3,86.3,26757.8,17768.0,"{'timestamp': '2026-09-08T20:36:56.376485+00:00', 'model_version': 'gemma4:31b-mlx', 'prompt_hash': 'a6af280e'}",gemma4_31b-mlx__N120
7,real_mixed_75,gemma4:31b-mlx_kb_rag,157.25355315208435,20.38,0,direct_json,1.0,0.8,0.888888888888889,0.0,0,12.2,66.7,10.5,253.3,974.3,30385.6,85.8,27356.2,17768.0,"{'timestamp': '2026-09-08T20:36:24.013438+00:00', 'model_version': 'gemma4:31b-mlx', 'prompt_hash': 'a6af280e'}",gemma4_31b-mlx__N120
7,real_mixed_76,gemma4:31b-mlx_kb_rag,216.66664505004883,21.23,0,direct_json,0.0,0.0,0.0,0.0,0,11.9,63.0,8.0,222.0,973.5,30211.8,86.5,26295.6,17768.0,"{'timestamp': '2026-09-08T20:37:23.430695+00:00', 'model_version': 'gemma4:31b-mlx', 'prompt_hash': 'a6af280e'}",gemma4_31b-mlx__N120
7,real_mixed_77,gemma4:31b-mlx_kb_rag,201.17404294013977,26.3,0,direct_json,0.8,0.8695652173913043,0.8333333333333333,0.0,0,9.1,63.0,8.8,233.6,932.8,30224.3,86.4,26756.5,17768.0,"{'timestamp': '2026-09-08T20:37:07.967029+00:00', 'model_version': 'gemma4:31b-mlx', 'prompt_hash': 'a6af280e'}",gemma4_31b-mlx__N120
7,real_mixed_78,gemma4:31b-mlx_kb_rag,393.29066801071167,18.04,0,direct_json,0.75,0.8571428571428571,0.7999999999999999,0.0,0,10.3,50.5,2.7,117.7,311.5,30282.8,86.5,26866.2,17768.0,"{'timestamp': '2026-09-08T20:42:57.481621+00:00', 'model_version': 'gemma4:31b-mlx', 'prompt_hash': 'a6af280e'}",gemma4_31b-mlx__N120
7,real_mixed_80,gemma4:31b-mlx_kb_rag,421.1781620979309,28.25,0,direct_json,0.6190476190476191,0.9285714285714286,0.742857142857143,0.0,0,10.0,50.5,2.4,106.2,311.7,30260.8,86.6,27394.6,17768.0,"{'timestamp': '2026-09-08T20:43:48.197743+00:00', 'model_version': 'gemma4:31b-mlx', 'prompt_hash': 'a6af280e'}",gemma4_31b-mlx__N120
8,real_mixed_81,gemma4:31b-mlx_kb_rag,213.16470503807068,32.39,0,direct_json,0.9166666666666666,0.7857142857142857,0.8461538461538461,0.0,0,13.1,100.0,7.7,213.3,956.2,30201.4,86.4,27123.8,17768.0,"{'timestamp': '2026-09-08T20:37:30.467413+00:00', 'model_version': 'gemma4:31b-mlx', 'prompt_hash': 'a6af280e'}",gemma4_31b-mlx__N120
8,real_mixed_82,gemma4:31b-mlx_kb_rag,237.7974500656128,21.67,0,direct_json,0.8666666666666667,0.7647058823529411,0.8125,0.0,0,13.6,100.0,7.1,214.4,974.3,30224.1,86.2,27300.9,17768.0,"{'timestamp': '2026-09-08T20:37:55.148081+00:00', 'model_version': 'gemma4:31b-mlx', 'prompt_hash': 'a6af280e'}",gemma4_31b-mlx__N120
8,real_mixed_83,gemma4:31b-mlx_kb_rag,221.7317600250244,21.6,0,direct_json,1.0,0.9230769230769232,0.96,0.0,0,13.3,63.0,7.1,211.3,974.3,30224.1,86.4,27123.8,17768.0,"{'timestamp': '2026-09-08T20:37:39.068018+00:00', 'model_version': 'gemma4:31b-mlx', 'prompt_hash': 'a6af280e'}",gemma4_31b-mlx__N120
8,real_mixed_84,gemma4:31b-mlx_kb_rag,257.08907175064087,21.75,0,direct_json,1.0,0.8181818181818182,0.9,0.0,0,10.4,63.0,6.6,205.4,980.0,30218.7,86.3,26894.0,17768.0,"{'timestamp': '2026-09-08T20:38:14.437713+00:00', 'model_version': 'gemma4:31b-mlx', 'prompt_hash': 'a6af280e'}",gemma4_31b-mlx__N120
8,real_mixed_85,gemma4:31b-mlx_kb_rag,245.99661993980408,25.2,0,direct_json,0.8,0.8888888888888888,0.8421052631578948,0.0,0,9.5,63.0,7.0,211.9,979.8,30233.2,86.3,26894.0,17768.0,"{'timestamp': '2026-09-08T20:38:03.342271+00:00', 'model_version': 'gemma4:31b-mlx', 'prompt_hash': 'a6af280e'}",gemma4_31b-mlx__N120
8,real_mixed_86,gemma4:31b-mlx_kb_rag,269.11119508743286,25.09,0,direct_json,0.9166666666666666,0.7857142857142857,0.8461538461538461,0.0,0,10.6,100.0,6.2,199.0,979.7,30244.4,86.3,27492.8,17768.0,"{'timestamp': '2026-09-08T20:38:26.460127+00:00', 'model_version': 'gemma4:31b-mlx', 'prompt_hash': 'a6af280e'}",gemma4_31b-mlx__N120
8,real_mixed_87,gemma4:31b-mlx_kb_rag,228.86503410339355,29.77,0,direct_json,0.8571428571428571,0.5454545454545454,0.6666666666666665,0.0,0,9.3,63.0,11.0,213.5,979.7,30193.1,86.3,27302.4,17768.0,"{'timestamp': '2026-09-08T20:37:46.204306+00:00', 'model_version': 'gemma4:31b-mlx', 'prompt_hash': 'a6af280e'}",gemma4_31b-mlx__N120
8,real_mixed_88,gemma4:31b-mlx_kb_rag,384.1165668964386,20.35,0,direct_json,0.875,0.875,0.875,0.0,0,11.2,51.9,2.3,105.7,311.5,30301.2,86.5,27394.6,17768.0,"{'timestamp': '2026-09-08T20:43:54.728275+00:00', 'model_version': 'gemma4:31b-mlx', 'prompt_hash': 'a6af280e'}",gemma4_31b-mlx__N120
8,real_mixed_89,gemma4:31b-mlx_kb_rag,388.55692505836487,18.8,0,direct_json,0.8181818181818182,0.6428571428571429,0.7200000000000001,0.0,0,12.8,83.3,2.2,102.7,311.5,30301.8,86.3,27845.3,17768.0,"{'timestamp': '2026-09-08T20:44:07.788760+00:00', 'model_version': 'gemma4:31b-mlx', 'prompt_hash': 'a6af280e'}",gemma4_31b-mlx__N120
8,real_mixed_90,gemma4:31b-mlx_kb_rag,394.7429699897766,26.57,0,direct_json,0.7916666666666666,0.8636363636363636,0.8260869565217391,0.0,0,10.5,100.0,2.1,98.6,311.7,30314.2,86.4,27365.1,17768.0,"{'timestamp': '2026-09-08T20:44:21.107412+00:00', 'model_version': 'gemma4:31b-mlx', 'prompt_hash': 'a6af280e'}",gemma4_31b-mlx__N120
9,real_mixed_91,gemma4:31b-mlx_kb_rag,270.17141580581665,23.37,0,direct_json,0.9333333333333332,0.8235294117647058,0.8749999999999999,0.0,0,9.3,56.0,6.1,182.0,880.8,30215.2,86.4,26729.9,17768.0,"{'timestamp': '2026-09-08T20:38:35.641203+00:00', 'model_version': 'gemma4:31b-mlx', 'prompt_hash': 'a6af280e'}",gemma4_31b-mlx__N120
9,real_mixed_92,gemma4:31b-mlx_kb_rag,303.35243010520935,26.14,0,direct_json,0.8235294117647058,0.6666666666666666,0.7368421052631577,0.0,0,9.4,56.0,5.1,182.1,880.2,30249.5,86.4,26737.1,17768.0,"{'timestamp': '2026-09-08T20:39:08.829665+00:00', 'model_version': 'gemma4:31b-mlx', 'prompt_hash': 'a6af280e'}",gemma4_31b-mlx__N120
9,real_mixed_93,gemma4:31b-mlx_kb_rag,310.90370512008667,24.74,0,direct_json,1.0,0.9333333333333332,0.9655172413793104,0.0,0,9.4,56.0,5.3,179.6,773.9,30256.0,86.4,26725.6,17768.0,"{'timestamp': '2026-09-08T20:39:16.382672+00:00', 'model_version': 'gemma4:31b-mlx', 'prompt_hash': 'a6af280e'}",gemma4_31b-mlx__N120
9,real_mixed_94,gemma4:31b-mlx_kb_rag,288.69414591789246,30.28,0,direct_json,1.0,0.8636363636363636,0.9268292682926828,0.0,0,10.3,56.0,5.3,185.7,980.0,30270.7,86.3,26737.1,17768.0,"{'timestamp': '2026-09-08T20:38:54.168814+00:00', 'model_version': 'gemma4:31b-mlx', 'prompt_hash': 'a6af280e'}",gemma4_31b-mlx__N120
9,real_mixed_95,gemma4:31b-mlx_kb_rag,321.9521827697754,19.3,0,direct_json,0.7272727272727273,1.0,0.8421052631578948,0.0,0,9.7,100.0,4.8,176.0,980.0,30272.4,86.4,26757.0,17768.0,"{'timestamp': '2026-09-08T20:39:27.424780+00:00', 'model_version': 'gemma4:31b-mlx', 'prompt_hash': 'a6af280e'}",gemma4_31b-mlx__N120
9,real_mixed_96,gemma4:31b-mlx_kb_rag,333.02599596977234,20.57,0,direct_json,0.7857142857142857,0.7857142857142857,0.7857142857142857,0.0,0,10.5,100.0,4.6,172.4,979.7,30292.0,86.4,27403.6,17768.0,"{'timestamp': '2026-09-08T20:39:38.505215+00:00', 'model_version': 'gemma4:31b-mlx', 'prompt_hash': 'a6af280e'}",gemma4_31b-mlx__N120
9,real_mixed_97,gemma4:31b-mlx_kb_rag,278.02107882499695,24.62,0,direct_json,0.8666666666666667,1.0,0.9285714285714286,0.0,0,13.2,100.0,6.1,182.0,979.7,30235.6,86.3,26737.4,17768.0,"{'timestamp': '2026-09-08T20:38:43.484088+00:00', 'model_version': 'gemma4:31b-mlx', 'prompt_hash': 'a6af280e'}",gemma4_31b-mlx__N120
9,real_mixed_98,gemma4:31b-mlx_kb_rag,357.0818660259247,26.68,0,direct_json,0.84,0.6176470588235294,0.711864406779661,0.0,0,9.7,65.3,2.0,95.8,311.7,30280.4,86.5,26925.7,17768.0,"{'timestamp': '2026-09-08T20:44:32.903851+00:00', 'model_version': 'gemma4:31b-mlx', 'prompt_hash': 'a6af280e'}",gemma4_31b-mlx__N120
9,real_mixed_99,gemma4:31b-mlx_kb_rag,353.06017684936523,23.3,0,direct_json,0.6666666666666666,1.0,0.8,0.0,0,15.4,68.1,1.9,93.1,311.5,30271.8,86.5,26925.7,17768.0,"{'timestamp': '2026-09-08T20:44:36.693756+00:00', 'model_version': 'gemma4:31b-mlx', 'prompt_hash': 'a6af280e'}",gemma4_31b-mlx__N120
9,real_mixed_100,gemma4:31b-mlx_kb_rag,351.93435406684875,23.84,0,direct_json,0.9047619047619048,0.9047619047619048,0.9047619047619048,0.0,0,13.9,68.3,1.8,86.2,311.5,30221.2,86.4,26811.7,17768.0,"{'timestamp': '2026-09-08T20:44:46.250666+00:00', 'model_version': 'gemma4:31b-mlx', 'prompt_hash': 'a6af280e'}",gemma4_31b-mlx__N120
10,real_mixed_102,gemma4:31b-mlx_kb_rag,343.5715730190277,14.75,0,direct_json,1.0,1.0,1.0,0.0,0,9.9,100.0,4.3,159.9,932.8,30259.6,86.5,26468.7,17768.0,"{'timestamp': '2026-09-08T20:40:07.715517+00:00', 'model_version': 'gemma4:31b-mlx', 'prompt_hash': 'a6af280e'}",gemma4_31b-mlx__N120
10,real_mixed_103,gemma4:31b-mlx_kb_rag,339.57177925109863,14.06,0,direct_json,1.0,1.0,1.0,0.0,0,9.2,41.3,6.5,158.4,932.8,30258.7,86.6,26794.2,17768.0,"{'timestamp': '2026-09-08T20:40:03.715305+00:00', 'model_version': 'gemma4:31b-mlx', 'prompt_hash': 'a6af280e'}",gemma4_31b-mlx__N120
10,real_mixed_104,gemma4:31b-mlx_kb_rag,325.43383288383484,26.84,0,direct_json,0.9444444444444444,0.8095238095238095,0.8717948717948718,0.0,0,9.6,66.7,4.3,154.6,932.8,30293.9,86.6,27377.3,17768.0,"{'timestamp': '2026-09-08T20:39:49.597669+00:00', 'model_version': 'gemma4:31b-mlx', 'prompt_hash': 'a6af280e'}",gemma4_31b-mlx__N120
10,real_mixed_105,gemma4:31b-mlx_kb_rag,379.2887728214264,26.71,0,direct_json,0.8461538461538461,0.7333333333333333,0.7857142857142856,0.0,0,15.0,100.0,3.8,152.5,979.6,30248.1,86.6,27385.6,17768.0,"{'timestamp': '2026-09-08T20:40:43.457470+00:00', 'model_version': 'gemma4:31b-mlx', 'prompt_hash': 'a6af280e'}",gemma4_31b-mlx__N120
10,real_mixed_106,gemma4:31b-mlx_kb_rag,348.0987889766693,18.51,0,direct_json,1.0,1.0,1.0,0.0,0,9.7,41.9,4.2,160.8,980.0,30276.3,86.5,27264.9,17768.0,"{'timestamp': '2026-09-08T20:40:12.251811+00:00', 'model_version': 'gemma4:31b-mlx', 'prompt_hash': 'a6af280e'}",gemma4_31b-mlx__N120
10,real_mixed_107,gemma4:31b-mlx_kb_rag,367.1797037124634,27.55,0,direct_json,0.8571428571428571,0.8571428571428571,0.8571428571428571,0.0,0,13.7,100.0,3.9,155.2,979.7,30255.0,86.6,27283.7,17768.0,"{'timestamp': '2026-09-08T20:40:31.337274+00:00', 'model_version': 'gemma4:31b-mlx', 'prompt_hash': 'a6af280e'}",gemma4_31b-mlx__N120
10,real_mixed_108,gemma4:31b-mlx_kb_rag,305.7707750797272,21.5,0,direct_json,0.5384615384615384,0.875,0.6666666666666667,0.0,0,11.9,65.3,1.7,87.1,304.0,30219.6,86.2,27863.5,17768.0,"{'timestamp': '2026-09-08T20:44:55.541717+00:00', 'model_version': 'gemma4:31b-mlx', 'prompt_hash': 'a6af280e'}",gemma4_31b-mlx__N120
10,real_mixed_109,gemma4:31b-mlx_kb_rag,309.9736649990082,26.62,0,direct_json,0.88,0.7586206896551724,0.8148148148148148,0.0,0,14.3,65.3,1.6,83.6,298.2,30254.0,86.1,27039.2,17768.0,"{'timestamp': '2026-09-08T20:45:06.161294+00:00', 'model_version': 'gemma4:31b-mlx', 'prompt_hash': 'a6af280e'}",gemma4_31b-mlx__N120
10,real_mixed_110,gemma4:31b-mlx_kb_rag,318.133722782135,24.53,0,direct_json,0.7777777777777778,0.5833333333333334,0.6666666666666666,0.0,0,11.1,65.3,1.4,78.1,304.0,30316.4,86.3,27403.2,17768.0,"{'timestamp': '2026-09-08T20:45:22.009331+00:00', 'model_version': 'gemma4:31b-mlx', 'prompt_hash': 'a6af280e'}",gemma4_31b-mlx__N120
11,real_mixed_111,gemma4:31b-mlx_kb_rag,425.5848650932312,26.0,0,direct_json,0.9428571428571428,0.9705882352941176,0.9565217391304348,0.0,0,13.0,57.1,3.2,138.4,678.7,30261.3,86.7,27089.7,17768.0,"{'timestamp': '2026-09-08T20:41:40.932238+00:00', 'model_version': 'gemma4:31b-mlx', 'prompt_hash': 'a6af280e'}",gemma4_31b-mlx__N120
11,real_mixed_112,gemma4:31b-mlx_kb_rag,405.75211477279663,21.4,0,direct_json,0.625,0.625,0.625,0.0,0,11.1,75.0,3.1,142.5,678.7,30181.7,86.7,26990.3,17768.0,"{'timestamp': '2026-09-08T20:41:21.075123+00:00', 'model_version': 'gemma4:31b-mlx', 'prompt_hash': 'a6af280e'}",gemma4_31b-mlx__N120
11,real_mixed_113,gemma4:31b-mlx_kb_rag,386.0533607006073,24.11,0,direct_json,0.8,0.8,0.8000000000000002,0.0,0,9.9,51.1,3.7,141.7,678.7,30195.8,86.6,27734.6,17768.0,"{'timestamp': '2026-09-08T20:41:01.379299+00:00', 'model_version': 'gemma4:31b-mlx', 'prompt_hash': 'a6af280e'}",gemma4_31b-mlx__N120
11,real_mixed_114,gemma4:31b-mlx_kb_rag,396.2062220573426,24.17,0,direct_json,0.8125,0.8666666666666667,0.8387096774193549,0.0,0,10.0,100.0,3.2,143.2,678.7,30190.2,86.7,26990.3,17768.0,"{'timestamp': '2026-09-08T20:41:11.535933+00:00', 'model_version': 'gemma4:31b-mlx', 'prompt_hash': 'a6af280e'}",gemma4_31b-mlx__N120
11,real_mixed_115,gemma4:31b-mlx_kb_rag,377.4697198867798,20.18,0,direct_json,0.6666666666666666,1.0,0.8,0.0,0,9.8,100.0,3.5,139.3,678.7,30208.1,86.7,27300.9,17768.0,"{'timestamp': '2026-09-08T20:40:52.790957+00:00', 'model_version': 'gemma4:31b-mlx', 'prompt_hash': 'a6af280e'}",gemma4_31b-mlx__N120
11,real_mixed_116,gemma4:31b-mlx_kb_rag,412.7747311592102,16.91,0,direct_json,1.0,1.0,1.0,0.0,0,12.8,100.0,3.1,141.2,678.7,30200.4,86.7,26909.3,17768.0,"{'timestamp': '2026-09-08T20:41:28.096538+00:00', 'model_version': 'gemma4:31b-mlx', 'prompt_hash': 'a6af280e'}",gemma4_31b-mlx__N120
11,real_mixed_117,gemma4:31b-mlx_kb_rag,442.7915911674499,23.92,0,direct_json,0.5555555555555556,0.7142857142857143,0.6250000000000001,0.0,0,10.8,60.0,3.0,135.6,678.7,30249.7,86.4,27832.8,17768.0,"{'timestamp': '2026-09-08T20:41:58.131934+00:00', 'model_version': 'gemma4:31b-mlx', 'prompt_hash': 'a6af280e'}",gemma4_31b-mlx__N120
11,real_mixed_118,gemma4:31b-mlx_kb_rag,279.7736577987671,18.91,0,direct_json,1.0,1.0,1.0,0.0,0,10.6,65.3,1.3,73.8,294.6,30332.7,86.1,27326.3,17768.0,"{'timestamp': '2026-09-08T20:45:32.725459+00:00', 'model_version': 'gemma4:31b-mlx', 'prompt_hash': 'a6af280e'}",gemma4_31b-mlx__N120
11,real_mixed_119,gemma4:31b-mlx_kb_rag,281.7229690551758,20.44,0,direct_json,0.7777777777777778,0.875,0.823529411764706,0.0,0,12.3,65.3,1.1,67.5,294.6,30344.7,86.3,26737.4,17768.0,"{'timestamp': '2026-09-08T20:45:43.257069+00:00', 'model_version': 'gemma4:31b-mlx', 'prompt_hash': 'a6af280e'}",gemma4_31b-mlx__N120
11,real_mixed_120,gemma4:31b-mlx_kb_rag,282.71371579170227,18.46,0,direct_json,0.9230769230769232,1.0,0.96,0.0,0,11.8,65.3,1.0,62.1,294.6,30364.4,86.3,26894.9,17768.0,"{'timestamp': '2026-09-08T20:45:54.402086+00:00', 'model_version': 'gemma4:31b-mlx', 'prompt_hash': 'a6af280e'}",gemma4_31b-mlx__N120
0,real_mixed_2,gemma4:latest_baseline,19.739649057388306,52.32,0,direct_json,0.9090909090909092,0.5882352941176471,0.7142857142857143,0.0,0,23.0,42.6,2.8,246.7,246.7,23039.2,54.5,9192.1,9163.2,"{'timestamp': '2026-09-08T20:59:18.578167+00:00', 'model_version': 'gemma4:latest', 'prompt_hash': 'a6af280e'}",gemma4_latest__N120
0,real_mixed_3,gemma4:latest_baseline,19.76410174369812,52.81,0,direct_json,0.8181818181818182,0.5294117647058824,0.6428571428571428,0.0,0,14.5,30.2,2.8,247.5,247.5,24212.9,55.8,9192.1,9163.2,"{'timestamp': '2026-09-08T20:59:38.379184+00:00', 'model_version': 'gemma4:latest', 'prompt_hash': 'a6af280e'}",gemma4_latest__N120
0,real_mixed_4,gemma4:latest_baseline,20.280513048171997,52.78,0,direct_json,0.6470588235294118,0.7333333333333333,0.6875,0.0,0,12.9,35.9,2.7,248.2,248.2,24792.3,56.5,9192.1,9163.2,"{'timestamp': '2026-09-08T20:59:58.685288+00:00', 'model_version': 'gemma4:latest', 'prompt_hash': 'a6af280e'}",gemma4_latest__N120
0,real_mixed_5,gemma4:latest_baseline,3.0582690238952637,54.16,0,direct_json,1.0,0.7142857142857143,0.8333333333333333,0.0,0,13.8,27.8,18.1,248.8,248.8,24899.2,56.6,9192.1,9163.2,"{'timestamp': '2026-09-08T21:00:01.782803+00:00', 'model_version': 'gemma4:latest', 'prompt_hash': 'a6af280e'}",gemma4_latest__N120
0,real_mixed_6,gemma4:latest_baseline,3.068986177444458,53.63,0,direct_json,1.0,0.75,0.8571428571428571,0.0,0,23.3,43.6,18.1,249.5,249.5,25358.6,57.7,9192.1,9163.2,"{'timestamp': '2026-09-08T21:00:04.889690+00:00', 'model_version': 'gemma4:latest', 'prompt_hash': 'a6af280e'}",gemma4_latest__N120
0,real_mixed_7,gemma4:latest_baseline,24.27537202835083,50.21,0,direct_json,0.9333333333333332,0.7,0.8,0.0,0,28.1,43.7,2.3,250.2,250.2,26335.2,59.9,9192.1,9163.2,"{'timestamp': '2026-09-08T21:00:29.204252+00:00', 'model_version': 'gemma4:latest', 'prompt_hash': 'a6af280e'}",gemma4_latest__N120
0,real_mixed_8,gemma4:latest_baseline,2.5566091537475586,53.26,0,direct_json,1.0,0.4666666666666667,0.6363636363636364,0.0,0,33.1,41.9,21.3,250.9,250.9,26650.5,60.5,9192.1,9163.2,"{'timestamp': '2026-09-08T21:00:31.784721+00:00', 'model_version': 'gemma4:latest', 'prompt_hash': 'a6af280e'}",gemma4_latest__N120
0,real_mixed_9,gemma4:latest_baseline,3.0504088401794434,52.44,0,direct_json,0.8333333333333334,0.625,0.7142857142857143,0.0,0,22.6,32.0,17.6,251.6,251.6,26752.7,60.7,9192.1,9163.2,"{'timestamp': '2026-09-08T21:00:34.856913+00:00', 'model_version': 'gemma4:latest', 'prompt_hash': 'a6af280e'}",gemma4_latest__N120
0,real_mixed_10,gemma4:latest_baseline,3.061023235321045,53.11,0,direct_json,0.9230769230769232,0.8571428571428571,0.888888888888889,0.0,0,24.8,29.2,17.7,252.3,252.3,26973.1,61.1,9192.1,9163.2,"{'timestamp': '2026-09-08T21:00:37.939772+00:00', 'model_version': 'gemma4:latest', 'prompt_hash': 'a6af280e'}",gemma4_latest__N120
1,real_mixed_11,gemma4:latest_baseline,24.33203411102295,49.97,0,direct_json,0.9285714285714286,0.9629629629629628,0.9454545454545454,0.0,0,19.7,79.9,2.3,253.1,253.1,26836.7,60.9,9192.1,9163.2,"{'timestamp': '2026-09-08T21:01:02.298996+00:00', 'model_version': 'gemma4:latest', 'prompt_hash': 'a6af280e'}",gemma4_latest__N120
1,real_mixed_12,gemma4:latest_baseline,2.5682668685913086,52.72,0,direct_json,1.0,0.9166666666666666,0.9565217391304348,0.0,0,20.0,33.3,20.8,253.8,253.8,26974.7,61.2,9192.1,9163.2,"{'timestamp': '2026-09-08T21:01:04.885777+00:00', 'model_version': 'gemma4:latest', 'prompt_hash': 'a6af280e'}",gemma4_latest__N120
1,real_mixed_13,gemma4:latest_baseline,24.797451972961422,50.44,0,direct_json,0.9130434782608696,0.7777777777777778,0.84,0.0,0,16.8,29.8,2.2,253.8,253.8,26957.2,61.3,9192.1,9163.2,"{'timestamp': '2026-09-08T21:01:29.729719+00:00', 'model_version': 'gemma4:latest', 'prompt_hash': 'a6af280e'}",gemma4_latest__N120
1,real_mixed_14,gemma4:latest_baseline,37.024736166000366,49.86,0,direct_json,0.9230769230769232,0.8,0.8571428571428571,0.0,0,18.1,38.0,1.5,253.9,253.9,27262.2,62.0,9192.1,9163.2,"{'timestamp': '2026-09-08T21:02:06.787263+00:00', 'model_version': 'gemma4:latest', 'prompt_hash': 'a6af280e'}",gemma4_latest__N120
1,real_mixed_15,gemma4:latest_baseline,27.848544597625732,50.46,0,direct_json,0.782608695652174,0.8571428571428571,0.8181818181818182,0.0,0,16.4,27.0,2.0,253.9,253.9,27473.9,62.5,9192.1,9163.2,"{'timestamp': '2026-09-08T21:02:34.665863+00:00', 'model_version': 'gemma4:latest', 'prompt_hash': 'a6af280e'}",gemma4_latest__N120
1,real_mixed_16,gemma4:latest_baseline,18.201369285583496,51.19,0,direct_json,1.0,0.75,0.8571428571428571,0.0,0,18.5,36.1,2.9,253.9,253.9,27633.1,63.0,9192.1,9163.2,"{'timestamp': '2026-09-08T21:02:52.882312+00:00', 'model_version': 'gemma4:latest', 'prompt_hash': 'a6af280e'}",gemma4_latest__N120
1,real_mixed_17,gemma4:latest_baseline,2.043560266494751,53.07,0,direct_json,0.8,0.8,0.8000000000000002,0.0,0,22.7,28.9,26.6,253.9,253.9,27726.6,63.2,9192.1,9163.2,"{'timestamp': '2026-09-08T21:02:54.934902+00:00', 'model_version': 'gemma4:latest', 'prompt_hash': 'a6af280e'}",gemma4_latest__N120
1,real_mixed_18,gemma4:latest_baseline,19.758234977722168,50.78,0,direct_json,0.8333333333333334,0.7142857142857143,0.7692307692307692,0.0,0,18.1,28.9,2.7,253.9,253.9,27742.3,63.3,9192.1,9163.2,"{'timestamp': '2026-09-08T21:03:14.722107+00:00', 'model_version': 'gemma4:latest', 'prompt_hash': 'a6af280e'}",gemma4_latest__N120
1,real_mixed_19,gemma4:latest_baseline,19.269744873046875,51.54,0,direct_json,1.0,0.8636363636363636,0.9268292682926828,0.0,0,17.3,31.3,2.8,253.9,253.9,27772.6,63.4,9192.1,9163.2,"{'timestamp': '2026-09-08T21:03:34.034783+00:00', 'model_version': 'gemma4:latest', 'prompt_hash': 'a6af280e'}",gemma4_latest__N120
1,real_mixed_20,gemma4:latest_baseline,23.837930917739868,50.73,0,direct_json,0.75,0.631578947368421,0.6857142857142857,0.0,0,16.4,28.6,2.3,253.9,253.9,27918.6,63.9,9192.1,9163.2,"{'timestamp': '2026-09-08T21:03:57.901291+00:00', 'model_version': 'gemma4:latest', 'prompt_hash': 'a6af280e'}",gemma4_latest__N120
2,real_mixed_22,gemma4:latest_baseline,12.155547142028809,51.93,0,direct_json,0.5,1.0,0.6666666666666666,0.0,0,18.4,28.4,4.4,254.1,254.1,28492.6,64.9,9192.1,9163.2,"{'timestamp': '2026-09-08T21:04:39.036620+00:00', 'model_version': 'gemma4:latest', 'prompt_hash': 'a6af280e'}",gemma4_latest__N120
2,real_mixed_23,gemma4:latest_baseline,24.328484058380127,50.62,0,direct_json,0.34375,0.6470588235294118,0.4489795918367347,0.0,0,15.0,26.0,2.3,254.2,254.2,28498.7,65.0,9192.1,9163.2,"{'timestamp': '2026-09-08T21:05:03.395713+00:00', 'model_version': 'gemma4:latest', 'prompt_hash': 'a6af280e'}",gemma4_latest__N120
2,real_mixed_24,gemma4:latest_baseline,19.242661237716675,51.07,0,direct_json,1.0,0.6363636363636364,0.7777777777777778,0.0,0,17.2,31.6,2.7,254.2,254.2,28612.3,65.3,9192.1,9163.2,"{'timestamp': '2026-09-08T21:05:22.656875+00:00', 'model_version': 'gemma4:latest', 'prompt_hash': 'a6af280e'}",gemma4_latest__N120
2,real_mixed_25,gemma4:latest_baseline,18.766466856002808,51.33,0,direct_json,0.9,0.5294117647058824,0.6666666666666667,0.0,0,17.5,37.1,2.9,254.9,254.9,28688.1,65.5,9192.1,9163.2,"{'timestamp': '2026-09-08T21:05:41.462415+00:00', 'model_version': 'gemma4:latest', 'prompt_hash': 'a6af280e'}",gemma4_latest__N120
2,real_mixed_26,gemma4:latest_baseline,31.92733693122864,50.41,0,direct_json,0.7297297297297297,0.6428571428571429,0.6835443037974683,0.0,0,16.2,35.2,1.7,255.6,255.6,28764.1,65.7,9192.1,9163.2,"{'timestamp': '2026-09-08T21:06:13.437652+00:00', 'model_version': 'gemma4:latest', 'prompt_hash': 'a6af280e'}",gemma4_latest__N120
2,real_mixed_28,gemma4:latest_baseline,19.76735210418701,51.12,0,direct_json,0.8571428571428571,0.6666666666666666,0.75,0.0,0,18.5,33.0,2.8,256.9,256.9,29064.8,66.5,9192.1,9163.2,"{'timestamp': '2026-09-08T21:07:17.885255+00:00', 'model_version': 'gemma4:latest', 'prompt_hash': 'a6af280e'}",gemma4_latest__N120
2,real_mixed_29,gemma4:latest_baseline,4.096384048461914,52.36,0,direct_json,0.9523809523809524,0.8,0.8695652173913043,0.0,0,20.6,26.1,13.4,257.7,257.7,29498.1,67.6,9192.1,9163.2,"{'timestamp': '2026-09-08T21:07:22.024951+00:00', 'model_version': 'gemma4:latest', 'prompt_hash': 'a6af280e'}",gemma4_latest__N120
2,real_mixed_30,gemma4:latest_baseline,2.0412089824676514,53.25,0,direct_json,1.0,0.3846153846153846,0.5555555555555556,0.0,0,22.6,26.4,26.6,257.7,257.7,29381.1,67.4,9192.1,9163.2,"{'timestamp': '2026-09-08T21:07:24.095096+00:00', 'model_version': 'gemma4:latest', 'prompt_hash': 'a6af280e'}",gemma4_latest__N120
3,real_mixed_31,gemma4:latest_baseline,2.043602228164673,53.07,0,direct_json,0.7142857142857143,1.0,0.8333333333333333,0.0,0,18.0,32.5,26.8,257.9,257.9,29452.7,67.6,9192.1,9163.2,"{'timestamp': '2026-09-08T21:07:26.164485+00:00', 'model_version': 'gemma4:latest', 'prompt_hash': 'a6af280e'}",gemma4_latest__N120
3,real_mixed_32,gemma4:latest_baseline,2.5538480281829834,52.78,0,direct_json,0.7777777777777778,0.4375,0.56,0.0,0,16.5,23.1,21.2,257.9,257.9,29473.0,67.6,9192.1,9163.2,"{'timestamp': '2026-09-08T21:07:28.742441+00:00', 'model_version': 'gemma4:latest', 'prompt_hash': 'a6af280e'}",gemma4_latest__N120
3,real_mixed_33,gemma4:latest_baseline,3.051283836364746,52.6,0,direct_json,0.8333333333333334,0.6666666666666666,0.7407407407407408,0.0,0,15.3,30.1,17.6,257.9,257.9,29464.6,67.6,9192.1,9163.2,"{'timestamp': '2026-09-08T21:07:31.818241+00:00', 'model_version': 'gemma4:latest', 'prompt_hash': 'a6af280e'}",gemma4_latest__N120
3,real_mixed_34,gemma4:latest_baseline,28.406838178634644,50.39,0,direct_json,0.6666666666666666,0.5714285714285714,0.6153846153846153,0.0,0,15.4,29.1,1.9,257.9,257.9,29568.5,67.8,9192.1,9163.2,"{'timestamp': '2026-09-08T21:08:00.254431+00:00', 'model_version': 'gemma4:latest', 'prompt_hash': 'a6af280e'}",gemma4_latest__N120
3,real_mixed_35,gemma4:latest_baseline,20.820483207702637,50.71,0,direct_json,1.0,0.8333333333333334,0.9090909090909092,0.0,0,16.5,30.3,2.6,257.9,257.9,29739.4,68.2,9192.1,9163.2,"{'timestamp': '2026-09-08T21:08:21.105206+00:00', 'model_version': 'gemma4:latest', 'prompt_hash': 'a6af280e'}",gemma4_latest__N120
3,real_mixed_36,gemma4:latest_baseline,3.5624020099639893,52.25,0,direct_json,0.6363636363636364,0.6363636363636364,0.6363636363636364,0.0,0,19.0,31.3,15.4,257.9,257.9,29726.1,68.1,9192.1,9163.2,"{'timestamp': '2026-09-08T21:08:24.705921+00:00', 'model_version': 'gemma4:latest', 'prompt_hash': 'a6af280e'}",gemma4_latest__N120
3,real_mixed_37,gemma4:latest_baseline,21.79711079597473,50.68,0,direct_json,0.9166666666666666,0.7333333333333333,0.8148148148148148,0.0,0,19.5,40.7,2.5,257.9,257.9,29778.0,68.3,9192.1,9163.2,"{'timestamp': '2026-09-08T21:08:46.535384+00:00', 'model_version': 'gemma4:latest', 'prompt_hash': 'a6af280e'}",gemma4_latest__N120
3,real_mixed_38,gemma4:latest_baseline,26.336750030517575,50.3,0,direct_json,0.875,0.7777777777777778,0.823529411764706,0.0,0,15.9,40.5,2.1,257.9,257.9,29847.8,68.4,9192.1,9163.2,"{'timestamp': '2026-09-08T21:09:12.908246+00:00', 'model_version': 'gemma4:latest', 'prompt_hash': 'a6af280e'}",gemma4_latest__N120
3,real_mixed_39,gemma4:latest_baseline,11.68170690536499,51.47,0,direct_json,0.625,0.625,0.625,0.0,0,20.2,37.7,4.8,257.9,257.9,29934.4,68.6,9192.1,9163.2,"{'timestamp': '2026-09-08T21:09:24.608038+00:00', 'model_version': 'gemma4:latest', 'prompt_hash': 'a6af280e'}",gemma4_latest__N120
3,real_mixed_40,gemma4:latest_baseline,18.26341772079468,51.3,0,direct_json,0.9090909090909092,0.6666666666666666,0.7692307692307692,0.0,0,18.7,40.7,3.0,257.9,257.9,29922.7,68.6,9192.1,9163.2,"{'timestamp': '2026-09-08T21:09:42.899127+00:00', 'model_version': 'gemma4:latest', 'prompt_hash': 'a6af280e'}",gemma4_latest__N120
4,real_mixed_42,gemma4:latest_baseline,55.20547699928284,50.33,0,direct_json,0.9583333333333334,0.7931034482758621,0.8679245283018867,0.0,0,16.4,31.5,1.3,258.2,258.2,30049.3,68.8,9192.1,9163.2,"{'timestamp': '2026-09-08T21:10:38.162779+00:00', 'model_version': 'gemma4:latest', 'prompt_hash': 'a6af280e'}",gemma4_latest__N120
4,real_mixed_43,gemma4:latest_baseline,66.84113383293152,49.18,0,direct_json,0.7222222222222222,0.5909090909090909,0.65,0.0,0,16.6,32.4,1.0,258.2,258.2,30154.9,68.9,9192.1,9163.2,"{'timestamp': '2026-09-08T21:11:15.652808+00:00', 'model_version': 'gemma4:latest', 'prompt_hash': 'a6af280e'}",gemma4_latest__N120
4,real_mixed_44,gemma4:latest_baseline,67.96630001068115,50.3,0,direct_json,0.7727272727272727,0.85,0.8095238095238095,0.0,0,16.4,34.1,0.9,258.2,258.2,30234.1,68.5,9192.1,9163.2,"{'timestamp': '2026-09-08T21:11:46.165853+00:00', 'model_version': 'gemma4:latest', 'prompt_hash': 'a6af280e'}",gemma4_latest__N120
4,real_mixed_45,gemma4:latest_baseline,32.93593692779541,52.31,0,direct_json,0.9230769230769232,0.75,0.8275862068965517,0.0,0,17.7,32.5,1.9,258.1,258.2,30335.4,68.1,9192.1,9163.2,"{'timestamp': '2026-09-08T21:11:48.611026+00:00', 'model_version': 'gemma4:latest', 'prompt_hash': 'a6af280e'}",gemma4_latest__N120
4,real_mixed_46,gemma4:latest_baseline,4.059582948684692,53.04,0,direct_json,0.8333333333333334,0.3333333333333333,0.4761904761904761,0.0,0,20.6,28.4,14.0,258.2,258.2,30300.4,68.1,9192.1,9163.2,"{'timestamp': '2026-09-08T21:11:50.253284+00:00', 'model_version': 'gemma4:latest', 'prompt_hash': 'a6af280e'}",gemma4_latest__N120
4,real_mixed_47,gemma4:latest_baseline,26.85269284248352,50.69,0,direct_json,0.76,0.6785714285714286,0.7169811320754718,0.0,0,16.3,32.4,2.2,258.2,258.2,30366.1,68.2,9192.1,9163.2,"{'timestamp': '2026-09-08T21:12:15.499914+00:00', 'model_version': 'gemma4:latest', 'prompt_hash': 'a6af280e'}",gemma4_latest__N120
4,real_mixed_48,gemma4:latest_baseline,42.04327726364136,51.37,0,direct_json,1.0,0.8,0.888888888888889,0.0,0,16.1,34.9,1.5,258.2,258.2,30396.0,68.3,9192.1,9163.2,"{'timestamp': '2026-09-08T21:12:32.313840+00:00', 'model_version': 'gemma4:latest', 'prompt_hash': 'a6af280e'}",gemma4_latest__N120
4,real_mixed_49,gemma4:latest_baseline,42.044235944747925,50.16,0,direct_json,0.8461538461538461,0.6111111111111112,0.7096774193548387,0.0,0,18.5,55.4,1.4,258.2,258.2,30476.5,68.5,9192.1,9163.2,"{'timestamp': '2026-09-08T21:12:57.578006+00:00', 'model_version': 'gemma4:latest', 'prompt_hash': 'a6af280e'}",gemma4_latest__N120
4,real_mixed_50,gemma4:latest_baseline,27.816691160202023,52.65,0,direct_json,0.9090909090909092,0.5263157894736842,0.6666666666666666,0.0,0,16.8,42.0,2.2,258.2,258.2,30502.1,68.6,9192.1,9163.2,"{'timestamp': '2026-09-08T21:13:00.155999+00:00', 'model_version': 'gemma4:latest', 'prompt_hash': 'a6af280e'}",gemma4_latest__N120
5,real_mixed_51,gemma4:latest_baseline,51.15973901748657,50.67,0,direct_json,0.7692307692307693,0.6666666666666666,0.7142857142857142,0.0,0,17.5,36.5,1.5,258.5,258.5,30496.9,68.6,9192.1,9163.2,"{'timestamp': '2026-09-08T21:13:51.362043+00:00', 'model_version': 'gemma4:latest', 'prompt_hash': 'a6af280e'}",gemma4_latest__N120
5,real_mixed_52,gemma4:latest_baseline,27.385748863220215,50.55,0,direct_json,0.95,0.9047619047619048,0.9268292682926828,0.0,0,16.4,37.5,2.5,258.5,258.5,30508.1,68.6,9192.1,9163.2,"{'timestamp': '2026-09-08T21:13:27.593181+00:00', 'model_version': 'gemma4:latest', 'prompt_hash': 'a6af280e'}",gemma4_latest__N120
5,real_mixed_53,gemma4:latest_baseline,2.5330700874328613,52.79,0,direct_json,0.8181818181818182,0.5625,0.6666666666666666,0.0,0,10.9,20.7,22.7,258.5,258.5,30535.5,68.7,9192.1,9163.2,"{'timestamp': '2026-09-08T21:13:02.724475+00:00', 'model_version': 'gemma4:latest', 'prompt_hash': 'a6af280e'}",gemma4_latest__N120
5,real_mixed_54,gemma4:latest_baseline,60.88290190696716,50.81,0,direct_json,1.0,1.0,1.0,0.0,0,18.5,75.0,1.1,258.5,258.5,30483.5,68.6,9192.1,9163.2,"{'timestamp': '2026-09-08T21:14:03.629018+00:00', 'model_version': 'gemma4:latest', 'prompt_hash': 'a6af280e'}",gemma4_latest__N120
5,real_mixed_55,gemma4:latest_baseline,38.54072594642639,52.51,0,direct_json,0.8,0.4,0.5333333333333333,0.0,0,18.8,69.6,1.7,258.5,258.5,30477.1,68.6,9192.1,9163.2,"{'timestamp': '2026-09-08T21:14:06.170965+00:00', 'model_version': 'gemma4:latest', 'prompt_hash': 'a6af280e'}",gemma4_latest__N120
5,real_mixed_56,gemma4:latest_baseline,46.09717392921448,50.3,0,direct_json,0.7619047619047619,0.6153846153846154,0.6808510638297872,0.0,0,20.8,71.9,1.4,258.5,258.5,30441.6,68.6,9192.1,9163.2,"{'timestamp': '2026-09-08T21:14:37.503400+00:00', 'model_version': 'gemma4:latest', 'prompt_hash': 'a6af280e'}",gemma4_latest__N120
5,real_mixed_57,gemma4:latest_baseline,56.2143018245697,51.23,0,direct_json,1.0,0.9523809523809524,0.975609756097561,0.0,0,17.0,53.5,1.6,258.5,258.5,30450.3,68.6,9192.1,9163.2,"{'timestamp': '2026-09-08T21:14:59.881683+00:00', 'model_version': 'gemma4:latest', 'prompt_hash': 'a6af280e'}",gemma4_latest__N120
5,real_mixed_58,gemma4:latest_baseline,56.24128794670105,52.3,0,direct_json,0.9285714285714286,0.7222222222222222,0.8125000000000001,0.0,0,15.2,42.5,1.2,258.5,258.5,30449.4,68.6,9192.1,9163.2,"{'timestamp': '2026-09-08T21:15:02.436832+00:00', 'model_version': 'gemma4:latest', 'prompt_hash': 'a6af280e'}",gemma4_latest__N120
5,real_mixed_60,gemma4:latest_baseline,51.74470806121826,52.6,0,direct_json,1.0,0.7142857142857143,0.8333333333333333,0.0,0,17.4,37.9,1.3,258.5,258.5,30414.4,68.6,9192.1,9163.2,"{'timestamp': '2026-09-08T21:15:51.660246+00:00', 'model_version': 'gemma4:latest', 'prompt_hash': 'a6af280e'}",gemma4_latest__N120
6,real_mixed_61,gemma4:latest_baseline,74.98277521133423,49.26,0,direct_json,0.5681818181818182,0.6944444444444444,0.625,0.0,0,16.1,55.6,1.0,258.8,258.8,30410.3,68.6,9192.1,9163.2,"{'timestamp': '2026-09-08T21:17:06.720190+00:00', 'model_version': 'gemma4:latest', 'prompt_hash': 'a6af280e'}",gemma4_latest__N120
6,real_mixed_62,gemma4:latest_baseline,27.87614369392395,50.31,0,direct_json,0.7857142857142857,0.6111111111111112,0.6875000000000001,0.0,0,13.9,29.6,2.7,258.8,258.8,30428.0,68.6,9192.1,9163.2,"{'timestamp': '2026-09-08T21:16:19.578539+00:00', 'model_version': 'gemma4:latest', 'prompt_hash': 'a6af280e'}",gemma4_latest__N120
6,real_mixed_63,gemma4:latest_baseline,93.20237302780151,51.49,0,direct_json,0.6666666666666666,0.6666666666666666,0.6666666666666666,0.0,0,15.9,50.0,1.1,258.8,258.8,30417.1,68.6,9192.1,9163.2,"{'timestamp': '2026-09-08T21:17:24.910163+00:00', 'model_version': 'gemma4:latest', 'prompt_hash': 'a6af280e'}",gemma4_latest__N120
6,real_mixed_64,gemma4:latest_baseline,2.0383200645446777,53.2,0,direct_json,0.75,0.75,0.75,0.0,0,8.2,18.4,28.2,258.8,258.8,30463.7,68.7,9192.1,9163.2,"{'timestamp': '2026-09-08T21:15:53.731735+00:00', 'model_version': 'gemma4:latest', 'prompt_hash': 'a6af280e'}",gemma4_latest__N120
6,real_mixed_65,gemma4:latest_baseline,111.88777422904968,50.62,0,direct_json,0.6666666666666666,0.5454545454545454,0.6,0.0,0,16.9,100.0,0.8,258.8,258.8,30409.8,68.6,9192.1,9163.2,"{'timestamp': '2026-09-08T21:17:45.646241+00:00', 'model_version': 'gemma4:latest', 'prompt_hash': 'a6af280e'}",gemma4_latest__N120
6,real_mixed_66,gemma4:latest_baseline,88.59255409240723,52.21,0,direct_json,0.6111111111111112,0.4230769230769231,0.5,0.0,0,15.6,35.4,0.9,258.8,258.8,30401.2,68.6,9192.1,9163.2,"{'timestamp': '2026-09-08T21:17:48.205730+00:00', 'model_version': 'gemma4:latest', 'prompt_hash': 'a6af280e'}",gemma4_latest__N120
6,real_mixed_67,gemma4:latest_baseline,66.33757901191711,50.28,0,direct_json,0.9473684210526316,0.8181818181818182,0.8780487804878049,0.0,0,13.3,35.1,1.1,258.8,258.8,30370.6,68.6,9192.1,9163.2,"{'timestamp': '2026-09-08T21:18:13.097832+00:00', 'model_version': 'gemma4:latest', 'prompt_hash': 'a6af280e'}",gemma4_latest__N120
6,real_mixed_68,gemma4:latest_baseline,52.16574907302856,52.33,0,direct_json,0.85,0.8947368421052632,0.8717948717948718,0.0,0,14.2,33.5,1.4,258.8,258.8,30352.4,68.6,9192.1,9163.2,"{'timestamp': '2026-09-08T21:18:17.104346+00:00', 'model_version': 'gemma4:latest', 'prompt_hash': 'a6af280e'}",gemma4_latest__N120
6,real_mixed_69,gemma4:latest_baseline,59.260409116744995,50.36,0,direct_json,0.896551724137931,0.9285714285714286,0.912280701754386,0.0,0,15.5,37.3,1.2,258.8,258.8,30384.7,68.6,9192.1,9163.2,"{'timestamp': '2026-09-08T21:18:44.947682+00:00', 'model_version': 'gemma4:latest', 'prompt_hash': 'a6af280e'}",gemma4_latest__N120
6,real_mixed_70,gemma4:latest_baseline,83.56061792373657,50.43,0,direct_json,0.8260869565217391,0.76,0.7916666666666667,0.0,0,15.3,37.3,0.9,258.8,258.8,30383.3,68.5,9192.1,9163.2,"{'timestamp': '2026-09-08T21:19:11.806577+00:00', 'model_version': 'gemma4:latest', 'prompt_hash': 'a6af280e'}",gemma4_latest__N120
7,real_mixed_71,gemma4:latest_baseline,66.40820407867432,50.51,0,direct_json,0.6666666666666666,0.4285714285714285,0.5217391304347826,0.0,0,17.0,85.7,4.2,259.1,259.1,30428.3,68.6,9192.1,9163.2,"{'timestamp': '2026-09-08T21:20:18.260976+00:00', 'model_version': 'gemma4:latest', 'prompt_hash': 'a6af280e'}",gemma4_latest__N120
7,real_mixed_72,gemma4:latest_baseline,44.06006121635437,50.51,0,direct_json,0.8333333333333334,0.5882352941176471,0.6896551724137931,0.0,0,17.3,51.1,4.2,259.1,259.1,30431.9,68.5,9192.1,9163.2,"{'timestamp': '2026-09-08T21:19:55.917472+00:00', 'model_version': 'gemma4:latest', 'prompt_hash': 'a6af280e'}",gemma4_latest__N120
7,real_mixed_73,gemma4:latest_baseline,104.82414507865906,50.68,0,direct_json,1.0,0.5625,0.72,0.0,0,18.1,94.0,1.0,259.1,259.1,30415.9,68.5,9192.1,9163.2,"{'timestamp': '2026-09-08T21:20:56.679745+00:00', 'model_version': 'gemma4:latest', 'prompt_hash': 'a6af280e'}",gemma4_latest__N120
7,real_mixed_74,gemma4:latest_baseline,20.242376804351807,50.98,0,direct_json,1.0,0.8333333333333334,0.9090909090909092,0.0,0,18.3,51.2,5.2,259.1,259.1,30401.5,68.5,9192.1,9163.2,"{'timestamp': '2026-09-08T21:19:32.083494+00:00', 'model_version': 'gemma4:latest', 'prompt_hash': 'a6af280e'}",gemma4_latest__N120
7,real_mixed_75,gemma4:latest_baseline,83.11824417114258,51.36,0,direct_json,0.8,0.8,0.8000000000000002,0.0,0,16.3,75.0,1.1,259.1,259.1,30405.0,68.5,9192.1,9163.2,"{'timestamp': '2026-09-08T21:20:34.950925+00:00', 'model_version': 'gemma4:latest', 'prompt_hash': 'a6af280e'}",gemma4_latest__N120
7,real_mixed_76,gemma4:latest_baseline,97.20307564735413,52.04,0,direct_json,0.0,0.0,0.0,0.0,0,18.2,94.5,0.9,259.1,259.1,30425.6,68.5,9192.1,9163.2,"{'timestamp': '2026-09-08T21:21:09.290399+00:00', 'model_version': 'gemma4:latest', 'prompt_hash': 'a6af280e'}",gemma4_latest__N120
7,real_mixed_77,gemma4:latest_baseline,103.32290196418762,50.45,0,direct_json,0.6785714285714286,0.8260869565217391,0.7450980392156864,0.0,0,16.1,92.8,0.8,259.1,259.1,30443.5,68.5,9192.1,9163.2,"{'timestamp': '2026-09-08T21:21:39.280260+00:00', 'model_version': 'gemma4:latest', 'prompt_hash': 'a6af280e'}",gemma4_latest__N120
7,real_mixed_78,gemma4:latest_baseline,111.49198579788208,49.83,0,direct_json,0.4615384615384615,0.8571428571428571,0.6,0.0,0,15.7,91.1,0.7,259.1,259.1,30461.6,68.5,9192.1,9163.2,"{'timestamp': '2026-09-08T21:22:09.773121+00:00', 'model_version': 'gemma4:latest', 'prompt_hash': 'a6af280e'}",gemma4_latest__N120
7,real_mixed_80,gemma4:latest_baseline,142.8672981262207,49.84,0,direct_json,0.6176470588235294,0.75,0.6774193548387097,0.0,0,16.5,40.6,0.5,243.8,259.1,30486.0,68.6,9192.1,9163.2,"{'timestamp': '2026-09-08T21:23:19.599758+00:00', 'model_version': 'gemma4:latest', 'prompt_hash': 'a6af280e'}",gemma4_latest__N120
8,real_mixed_81,gemma4:latest_baseline,29.358039140701297,52.61,0,direct_json,0.9,0.6428571428571429,0.75,0.0,0,15.0,37.7,4.1,199.1,199.3,30491.4,68.7,9192.1,9163.2,"{'timestamp': '2026-09-08T21:23:49.002427+00:00', 'model_version': 'gemma4:latest', 'prompt_hash': 'a6af280e'}",gemma4_latest__N120
8,real_mixed_82,gemma4:latest_baseline,25.340763807296753,50.69,0,direct_json,0.7272727272727273,0.4705882352941176,0.5714285714285714,0.0,0,13.4,39.2,5.5,199.2,199.3,30485.3,68.6,9192.1,9163.2,"{'timestamp': '2026-09-08T21:23:44.985288+00:00', 'model_version': 'gemma4:latest', 'prompt_hash': 'a6af280e'}",gemma4_latest__N120
8,real_mixed_83,gemma4:latest_baseline,30.911428928375244,52.54,0,direct_json,1.0,0.8461538461538461,0.9166666666666666,0.0,0,14.2,50.0,2.5,199.1,199.3,30492.2,68.7,9192.1,9163.2,"{'timestamp': '2026-09-08T21:23:50.558694+00:00', 'model_version': 'gemma4:latest', 'prompt_hash': 'a6af280e'}",gemma4_latest__N120
8,real_mixed_84,gemma4:latest_baseline,2.0402309894561768,52.66,0,direct_json,1.0,0.7272727272727273,0.8421052631578948,0.0,0,24.1,50.0,58.5,199.1,199.2,30511.8,68.7,9192.1,9163.2,"{'timestamp': '2026-09-08T21:23:21.686059+00:00', 'model_version': 'gemma4:latest', 'prompt_hash': 'a6af280e'}",gemma4_latest__N120
8,real_mixed_85,gemma4:latest_baseline,32.89402508735657,52.85,0,direct_json,0.875,0.7777777777777778,0.823529411764706,0.125,1,15.5,100.0,3.4,199.0,199.3,30491.6,68.7,9192.1,9163.2,"{'timestamp': '2026-09-08T21:23:52.531055+00:00', 'model_version': 'gemma4:latest', 'prompt_hash': 'a6af280e'}",gemma4_latest__N120
8,real_mixed_86,gemma4:latest_baseline,27.317617177963257,52.39,0,direct_json,0.8181818181818182,0.6428571428571429,0.7200000000000001,0.0,0,15.9,37.7,4.3,199.2,199.3,30495.7,68.7,9192.1,9163.2,"{'timestamp': '2026-09-08T21:23:46.953612+00:00', 'model_version': 'gemma4:latest', 'prompt_hash': 'a6af280e'}",gemma4_latest__N120
8,real_mixed_87,gemma4:latest_baseline,32.42206692695618,52.89,0,direct_json,0.7142857142857143,0.4545454545454545,0.5555555555555556,0.0,0,11.5,40.7,2.3,199.0,199.3,30487.9,68.7,9192.1,9163.2,"{'timestamp': '2026-09-08T21:23:54.123834+00:00', 'model_version': 'gemma4:latest', 'prompt_hash': 'a6af280e'}",gemma4_latest__N120
8,real_mixed_88,gemma4:latest_baseline,23.27936887741089,50.94,0,direct_json,0.875,0.875,0.875,0.0,0,18.4,65.8,2.9,198.1,198.3,30460.0,68.9,9192.1,9163.2,"{'timestamp': '2026-09-08T21:24:08.277062+00:00', 'model_version': 'gemma4:latest', 'prompt_hash': 'a6af280e'}",gemma4_latest__N120
8,real_mixed_89,gemma4:latest_baseline,23.2768771648407,52.66,0,direct_json,0.8,0.5714285714285714,0.6666666666666666,0.0,0,22.7,73.2,2.9,198.0,198.3,30428.1,68.9,9192.1,9163.2,"{'timestamp': '2026-09-08T21:24:10.254296+00:00', 'model_version': 'gemma4:latest', 'prompt_hash': 'a6af280e'}",gemma4_latest__N120
8,real_mixed_90,gemma4:latest_baseline,43.10701608657837,50.75,0,direct_json,0.8,0.7272727272727273,0.761904761904762,0.0,0,20.3,71.8,1.5,197.7,198.3,30319.6,69.0,9192.1,9163.2,"{'timestamp': '2026-09-08T21:24:32.150517+00:00', 'model_version': 'gemma4:latest', 'prompt_hash': 'a6af280e'}",gemma4_latest__N120
9,real_mixed_91,gemma4:latest_baseline,50.186501264572144,50.52,0,direct_json,1.0,0.7647058823529411,0.8666666666666666,0.0,0,15.8,46.4,1.6,197.6,197.8,30076.7,69.5,9192.1,9163.2,"{'timestamp': '2026-09-08T21:25:22.394812+00:00', 'model_version': 'gemma4:latest', 'prompt_hash': 'a6af280e'}",gemma4_latest__N120
9,real_mixed_92,gemma4:latest_baseline,28.90532612800598,50.28,0,direct_json,0.875,0.6666666666666666,0.7567567567567567,0.0,0,14.1,46.5,2.4,197.6,197.8,30084.5,69.5,9192.1,9163.2,"{'timestamp': '2026-09-08T21:25:01.116874+00:00', 'model_version': 'gemma4:latest', 'prompt_hash': 'a6af280e'}",gemma4_latest__N120
9,real_mixed_93,gemma4:latest_baseline,68.8764181137085,51.28,0,direct_json,1.0,0.8666666666666667,0.9285714285714286,0.0,0,17.9,46.4,2.2,197.6,197.8,30062.0,69.5,9192.1,9163.2,"{'timestamp': '2026-09-08T21:25:41.073973+00:00', 'model_version': 'gemma4:latest', 'prompt_hash': 'a6af280e'}",gemma4_latest__N120
9,real_mixed_94,gemma4:latest_baseline,95.30088496208192,50.12,0,direct_json,0.5588235294117647,0.8636363636363636,0.6785714285714287,0.0,0,15.0,46.6,1.6,197.6,197.8,30009.9,69.6,9192.1,9163.2,"{'timestamp': '2026-09-08T21:26:07.503343+00:00', 'model_version': 'gemma4:latest', 'prompt_hash': 'a6af280e'}",gemma4_latest__N120
9,real_mixed_95,gemma4:latest_baseline,2.5505001544952393,52.77,0,direct_json,0.875,0.875,0.875,0.0,0,19.8,46.5,38.5,197.7,197.8,30089.8,69.0,9192.1,9163.2,"{'timestamp': '2026-09-08T21:24:34.740914+00:00', 'model_version': 'gemma4:latest', 'prompt_hash': 'a6af280e'}",gemma4_latest__N120
9,real_mixed_96,gemma4:latest_baseline,113.55503797531128,51.25,0,direct_json,0.6923076923076923,0.6428571428571429,0.6666666666666666,0.0,0,15.7,64.7,1.2,197.6,197.8,29947.4,69.7,9192.1,9163.2,"{'timestamp': '2026-09-08T21:26:25.755353+00:00', 'model_version': 'gemma4:latest', 'prompt_hash': 'a6af280e'}",gemma4_latest__N120
9,real_mixed_97,gemma4:latest_baseline,112.4335458278656,53.11,0,direct_json,1.0,0.5384615384615384,0.7000000000000001,0.0,0,16.0,51.5,0.8,197.6,197.8,29939.9,69.8,9192.1,9163.2,"{'timestamp': '2026-09-08T21:26:27.201381+00:00', 'model_version': 'gemma4:latest', 'prompt_hash': 'a6af280e'}",gemma4_latest__N120
9,real_mixed_98,gemma4:latest_baseline,122.08281993865968,50.35,0,direct_json,0.7916666666666666,0.5588235294117647,0.6551724137931034,0.0,0,13.8,38.6,0.8,197.5,197.6,29791.9,70.0,9192.1,9163.2,"{'timestamp': '2026-09-08T21:27:03.252303+00:00', 'model_version': 'gemma4:latest', 'prompt_hash': 'a6af280e'}",gemma4_latest__N120
9,real_mixed_99,gemma4:latest_baseline,102.35552310943604,52.99,0,direct_json,0.75,1.0,0.8571428571428571,0.0,0,14.5,51.9,0.9,197.5,197.6,29729.7,70.1,9192.1,9163.2,"{'timestamp': '2026-09-08T21:27:04.768359+00:00', 'model_version': 'gemma4:latest', 'prompt_hash': 'a6af280e'}",gemma4_latest__N120
9,real_mixed_100,gemma4:latest_baseline,108.50891709327698,50.55,0,direct_json,0.9444444444444444,0.8095238095238095,0.8717948717948718,0.0,0,17.1,36.9,0.8,197.4,197.6,29639.1,70.3,9192.1,9163.2,"{'timestamp': '2026-09-08T21:27:29.622442+00:00', 'model_version': 'gemma4:latest', 'prompt_hash': 'a6af280e'}",gemma4_latest__N120
10,real_mixed_102,gemma4:latest_baseline,46.56597018241882,52.15,0,direct_json,1.0,1.0,1.0,0.0,0,13.7,56.1,1.7,198.0,198.0,29427.5,70.8,9192.1,9163.2,"{'timestamp': '2026-09-08T21:28:16.220078+00:00', 'model_version': 'gemma4:latest', 'prompt_hash': 'a6af280e'}",gemma4_latest__N120
10,real_mixed_103,gemma4:latest_baseline,10.143611907958984,52.02,0,direct_json,1.0,1.0,1.0,0.0,0,17.5,56.9,9.7,198.0,198.0,29499.4,70.7,9192.1,9163.2,"{'timestamp': '2026-09-08T21:27:39.803401+00:00', 'model_version': 'gemma4:latest', 'prompt_hash': 'a6af280e'}",gemma4_latest__N120
10,real_mixed_104,gemma4:latest_baseline,39.984498023986816,51.1,0,direct_json,0.8095238095238095,0.8095238095238095,0.8095238095238095,0.0,0,13.8,56.2,2.6,198.0,198.0,29427.7,70.8,9192.1,9163.2,"{'timestamp': '2026-09-08T21:28:09.664962+00:00', 'model_version': 'gemma4:latest', 'prompt_hash': 'a6af280e'}",gemma4_latest__N120
10,real_mixed_105,gemma4:latest_baseline,68.34067416191101,50.69,0,direct_json,0.8461538461538461,0.7333333333333333,0.7857142857142856,0.0,0,16.6,56.1,1.6,198.0,198.0,29367.4,70.9,9192.1,9163.2,"{'timestamp': '2026-09-08T21:28:38.021147+00:00', 'model_version': 'gemma4:latest', 'prompt_hash': 'a6af280e'}",gemma4_latest__N120
10,real_mixed_106,gemma4:latest_baseline,19.76655912399292,52.06,0,direct_json,1.0,0.6666666666666666,0.8,0.0,0,13.6,56.2,4.2,198.0,198.0,29462.5,70.7,9192.1,9163.2,"{'timestamp': '2026-09-08T21:27:49.422784+00:00', 'model_version': 'gemma4:latest', 'prompt_hash': 'a6af280e'}",gemma4_latest__N120
10,real_mixed_107,gemma4:latest_baseline,87.68629884719849,49.72,0,direct_json,0.7333333333333333,0.7857142857142857,0.7586206896551724,0.0,0,14.1,56.2,1.2,198.0,198.0,29304.0,71.0,9192.1,9163.2,"{'timestamp': '2026-09-08T21:28:57.357489+00:00', 'model_version': 'gemma4:latest', 'prompt_hash': 'a6af280e'}",gemma4_latest__N120
10,real_mixed_108,gemma4:latest_baseline,100.8404130935669,50.48,0,direct_json,0.4615384615384615,0.75,0.5714285714285714,0.0,0,13.5,45.6,0.9,198.0,198.0,29221.6,71.2,9192.1,9163.2,"{'timestamp': '2026-09-08T21:29:20.664804+00:00', 'model_version': 'gemma4:latest', 'prompt_hash': 'a6af280e'}",gemma4_latest__N120
10,real_mixed_109,gemma4:latest_baseline,124.60821914672852,50.34,0,direct_json,0.9090909090909092,0.6896551724137931,0.7843137254901961,0.0,0,14.9,53.3,0.7,197.9,198.0,29165.6,71.2,9192.1,9163.2,"{'timestamp': '2026-09-08T21:29:45.979486+00:00', 'model_version': 'gemma4:latest', 'prompt_hash': 'a6af280e'}",gemma4_latest__N120
10,real_mixed_110,gemma4:latest_baseline,146.891126871109,50.17,0,direct_json,0.4166666666666667,0.4166666666666667,0.4166666666666667,0.0,0,15.4,45.5,0.6,197.9,198.0,29111.7,71.4,9192.1,9163.2,"{'timestamp': '2026-09-08T21:30:16.349720+00:00', 'model_version': 'gemma4:latest', 'prompt_hash': 'a6af280e'}",gemma4_latest__N120
11,real_mixed_111,gemma4:latest_baseline,20.26808500289917,51.55,0,direct_json,0.9411764705882352,0.9411764705882352,0.9411764705882352,0.0,0,12.8,37.5,7.4,198.2,198.3,28814.6,71.8,9192.1,9163.2,"{'timestamp': '2026-09-08T21:30:36.693361+00:00', 'model_version': 'gemma4:latest', 'prompt_hash': 'a6af280e'}",gemma4_latest__N120
11,real_mixed_112,gemma4:latest_baseline,94.2017388343811,52.68,0,direct_json,0.5714285714285714,0.5,0.5333333333333333,0.0,0,17.5,53.3,1.8,198.2,198.3,28795.7,72.0,9192.1,9163.2,"{'timestamp': '2026-09-08T21:31:50.592802+00:00', 'model_version': 'gemma4:latest', 'prompt_hash': 'a6af280e'}",gemma4_latest__N120
11,real_mixed_113,gemma4:latest_baseline,95.77797508239746,52.86,0,direct_json,0.7777777777777778,0.7,0.7368421052631577,0.0,0,12.5,41.9,1.2,198.2,198.3,28792.2,72.0,9192.1,9163.2,"{'timestamp': '2026-09-08T21:31:52.169252+00:00', 'model_version': 'gemma4:latest', 'prompt_hash': 'a6af280e'}",gemma4_latest__N120
11,real_mixed_114,gemma4:latest_baseline,93.2059257030487,50.64,0,direct_json,0.9166666666666666,0.7333333333333333,0.8148148148148148,0.0,0,13.9,50.0,1.2,198.2,198.3,28798.2,72.0,9192.1,9163.2,"{'timestamp': '2026-09-08T21:31:49.609600+00:00', 'model_version': 'gemma4:latest', 'prompt_hash': 'a6af280e'}",gemma4_latest__N120
11,real_mixed_115,gemma4:latest_baseline,105.89779305458067,51.92,0,direct_json,0.5714285714285714,1.0,0.7272727272727273,0.0,0,15.3,100.0,2.2,198.2,198.3,28758.8,72.1,9192.1,9163.2,"{'timestamp': '2026-09-08T21:32:02.283073+00:00', 'model_version': 'gemma4:latest', 'prompt_hash': 'a6af280e'}",gemma4_latest__N120
11,real_mixed_116,gemma4:latest_baseline,39.03174114227295,51.04,0,direct_json,0.8,1.0,0.888888888888889,0.0,0,16.3,100.0,2.2,198.2,198.3,28802.4,71.8,9192.1,9163.2,"{'timestamp': '2026-09-08T21:30:55.418015+00:00', 'model_version': 'gemma4:latest', 'prompt_hash': 'a6af280e'}",gemma4_latest__N120
11,real_mixed_117,gemma4:latest_baseline,68.39776420593262,50.31,0,direct_json,0.6875,0.7857142857142857,0.7333333333333334,0.0,0,13.8,100.0,1.5,198.2,198.3,28797.0,71.9,9192.1,9163.2,"{'timestamp': '2026-09-08T21:31:24.801633+00:00', 'model_version': 'gemma4:latest', 'prompt_hash': 'a6af280e'}",gemma4_latest__N120
11,real_mixed_118,gemma4:latest_baseline,69.85253310203552,53.09,0,direct_json,1.0,1.0,1.0,0.0,0,16.0,50.8,1.5,198.2,198.3,28798.6,71.9,9192.1,9163.2,"{'timestamp': '2026-09-08T21:31:26.244818+00:00', 'model_version': 'gemma4:latest', 'prompt_hash': 'a6af280e'}",gemma4_latest__N120
11,real_mixed_119,gemma4:latest_baseline,87.16416311264038,52.58,0,direct_json,1.0,0.875,0.9333333333333332,0.0,0,12.2,38.0,1.0,198.2,198.2,28737.2,72.1,9192.1,9163.2,"{'timestamp': '2026-09-08T21:32:03.880636+00:00', 'model_version': 'gemma4:latest', 'prompt_hash': 'a6af280e'}",gemma4_latest__N120
11,real_mixed_120,gemma4:latest_baseline,85.59348511695862,51.48,0,direct_json,0.9090909090909092,0.8333333333333334,0.8695652173913043,0.0,0,14.5,42.4,1.0,198.2,198.2,28659.0,72.3,9192.1,9163.2,"{'timestamp': '2026-09-08T21:32:21.041777+00:00', 'model_version': 'gemma4:latest', 'prompt_hash': 'a6af280e'}",gemma4_latest__N120
0,real_mixed_2,gemma4:latest_kb_rag,587.2228591442108,49.05,0,direct_json,0.9166666666666666,0.6470588235294118,0.7586206896551724,0.0,0,10.1,96.8,3.0,498.4,1470.1,26482.0,76.9,9192.1,9163.2,"{'timestamp': '2026-09-08T21:42:16.298453+00:00', 'model_version': 'gemma4:latest', 'prompt_hash': 'a6af280e'}",gemma4_latest__N120
0,real_mixed_3,gemma4:latest_kb_rag,975.4747638702391,49.94,0,direct_json,0.8333333333333334,0.5882352941176471,0.6896551724137931,0.0,0,9.7,96.8,2.5,367.8,1471.9,26341.6,77.1,9192.1,9163.2,"{'timestamp': '2026-09-08T21:48:44.568096+00:00', 'model_version': 'gemma4:latest', 'prompt_hash': 'a6af280e'}",gemma4_latest__N120
0,real_mixed_4,gemma4:latest_kb_rag,19.91070008277893,48.05,0,direct_json,0.875,0.4666666666666667,0.608695652173913,0.0,0,26.0,100.0,106.2,1246.7,2380.7,26678.5,76.5,9192.1,9163.2,"{'timestamp': '2026-09-08T21:32:44.164080+00:00', 'model_version': 'gemma4:latest', 'prompt_hash': 'a6af280e'}",gemma4_latest__N120
0,real_mixed_5,gemma4:latest_kb_rag,336.2897891998291,49.87,0,direct_json,1.0,0.8095238095238095,0.8947368421052632,0.0,0,9.8,96.8,3.3,635.8,1450.5,26739.1,76.3,9192.1,9163.2,"{'timestamp': '2026-09-08T21:38:05.306259+00:00', 'model_version': 'gemma4:latest', 'prompt_hash': 'a6af280e'}",gemma4_latest__N120
0,real_mixed_6,gemma4:latest_kb_rag,1140.11199593544,50.03,0,direct_json,1.0,0.8,0.888888888888889,0.0,0,10.0,96.8,2.4,340.3,1470.7,26329.1,77.1,9192.1,9163.2,"{'timestamp': '2026-09-08T21:51:29.199225+00:00', 'model_version': 'gemma4:latest', 'prompt_hash': 'a6af280e'}",gemma4_latest__N120
0,real_mixed_7,gemma4:latest_kb_rag,685.8206338882446,49.98,0,direct_json,0.9230769230769232,0.6,0.7272727272727274,0.0,0,10.3,100.0,2.9,450.3,1456.5,26370.7,77.1,9192.1,9163.2,"{'timestamp': '2026-09-08T21:43:54.857545+00:00', 'model_version': 'gemma4:latest', 'prompt_hash': 'a6af280e'}",gemma4_latest__N120
0,real_mixed_8,gemma4:latest_kb_rag,1114.981903076172,49.86,0,direct_json,0.8888888888888888,0.5333333333333333,0.6666666666666667,0.0,0,9.6,96.8,2.4,344.1,1458.2,26336.5,77.1,9192.1,9163.2,"{'timestamp': '2026-09-08T21:51:04.017970+00:00', 'model_version': 'gemma4:latest', 'prompt_hash': 'a6af280e'}",gemma4_latest__N120
0,real_mixed_9,gemma4:latest_kb_rag,706.950129032135,49.25,0,direct_json,0.8333333333333334,0.625,0.7142857142857143,0.0,0,12.1,100.0,2.9,441.9,1445.5,26365.3,77.1,9192.1,9163.2,"{'timestamp': '2026-09-08T21:44:15.933510+00:00', 'model_version': 'gemma4:latest', 'prompt_hash': 'a6af280e'}",gemma4_latest__N120
0,real_mixed_10,gemma4:latest_kb_rag,1679.2488629817965,50.09,0,direct_json,0.9285714285714286,0.9285714285714286,0.9285714285714286,0.0,0,10.5,70.3,1.9,274.4,972.9,26119.5,77.6,9192.1,9163.2,"{'timestamp': '2026-09-08T22:00:43.563158+00:00', 'model_version': 'gemma4:latest', 'prompt_hash': 'a6af280e'}",gemma4_latest__N120
5,real_mixed_51,gemma4:latest_kb_rag,889.1853549480438,49.98,0,direct_json,0.7692307692307693,0.6666666666666666,0.7142857142857142,0.0,0,11.0,100.0,2.5,386.8,1472.2,26349.6,77.1,9192.1,9163.2,"{'timestamp': '2026-09-08T21:47:18.283312+00:00', 'model_version': 'gemma4:latest', 'prompt_hash': 'a6af280e'}",gemma4_latest__N120
5,real_mixed_52,gemma4:latest_kb_rag,1560.6524031162262,49.97,0,direct_json,1.0,0.7142857142857143,0.8333333333333333,0.0,0,11.5,100.0,2.0,292.7,1471.5,26193.4,77.4,9192.1,9163.2,"{'timestamp': '2026-09-08T21:58:29.755611+00:00', 'model_version': 'gemma4:latest', 'prompt_hash': 'a6af280e'}",gemma4_latest__N120
5,real_mixed_53,gemma4:latest_kb_rag,310.48028802871704,49.96,0,direct_json,0.875,0.875,0.875,0.0,0,9.7,96.8,3.4,653.7,1470.4,26740.2,76.3,9192.1,9163.2,"{'timestamp': '2026-09-08T21:37:39.560751+00:00', 'model_version': 'gemma4:latest', 'prompt_hash': 'a6af280e'}",gemma4_latest__N120
5,real_mixed_54,gemma4:latest_kb_rag,460.95246410369873,50.87,0,direct_json,1.0,0.875,0.9333333333333332,0.0,0,10.1,100.0,3.4,575.7,1446.0,26661.3,76.5,9192.1,9163.2,"{'timestamp': '2026-09-08T21:40:09.927856+00:00', 'model_version': 'gemma4:latest', 'prompt_hash': 'a6af280e'}",gemma4_latest__N120
5,real_mixed_55,gemma4:latest_kb_rag,841.8820259571075,51.5,0,direct_json,0.8181818181818182,0.45,0.5806451612903226,0.0,0,9.9,96.8,2.7,398.8,1466.6,26353.0,77.1,9192.1,9163.2,"{'timestamp': '2026-09-08T21:46:30.944122+00:00', 'model_version': 'gemma4:latest', 'prompt_hash': 'a6af280e'}",gemma4_latest__N120
5,real_mixed_56,gemma4:latest_kb_rag,55.43566393852234,49.94,0,direct_json,0.8,0.6153846153846154,0.6956521739130435,0.0,0,15.2,96.8,47.3,1087.3,2424.9,26584.8,76.7,9192.1,9163.2,"{'timestamp': '2026-09-08T21:33:18.690792+00:00', 'model_version': 'gemma4:latest', 'prompt_hash': 'a6af280e'}",gemma4_latest__N120
5,real_mixed_57,gemma4:latest_kb_rag,607.7669188976288,50.18,0,direct_json,1.0,0.9523809523809524,0.975609756097561,0.0,0,11.8,100.0,3.1,487.0,1452.9,26441.1,76.9,9192.1,9163.2,"{'timestamp': '2026-09-08T21:42:36.788382+00:00', 'model_version': 'gemma4:latest', 'prompt_hash': 'a6af280e'}",gemma4_latest__N120
5,real_mixed_58,gemma4:latest_kb_rag,1188.89004778862,49.92,0,direct_json,0.7647058823529411,0.7222222222222222,0.7428571428571428,0.0,0,9.6,100.0,2.3,333.3,1470.3,26318.9,77.2,9192.1,9163.2,"{'timestamp': '2026-09-08T21:52:17.968698+00:00', 'model_version': 'gemma4:latest', 'prompt_hash': 'a6af280e'}",gemma4_latest__N120
5,real_mixed_60,gemma4:latest_kb_rag,1668.027302980423,49.85,0,direct_json,0.9166666666666666,0.7857142857142857,0.8461538461538461,0.0,0,9.8,70.3,2.0,267.3,1131.7,26099.2,77.6,9192.1,9163.2,"{'timestamp': '2026-09-08T22:01:06.846459+00:00', 'model_version': 'gemma4:latest', 'prompt_hash': 'a6af280e'}",gemma4_latest__N120
2,real_mixed_22,gemma4:latest_kb_rag,558.6045880317688,49.97,0,direct_json,0.6,1.0,0.7499999999999999,0.0,0,10.5,100.0,3.3,516.5,1457.9,26577.2,76.7,9192.1,9163.2,"{'timestamp': '2026-09-08T21:41:47.617208+00:00', 'model_version': 'gemma4:latest', 'prompt_hash': 'a6af280e'}",gemma4_latest__N120
2,real_mixed_23,gemma4:latest_kb_rag,866.4237942695618,49.95,0,direct_json,0.9285714285714286,0.7647058823529411,0.8387096774193549,0.0,0,11.6,96.8,2.6,392.5,1471.8,26352.3,77.1,9192.1,9163.2,"{'timestamp': '2026-09-08T21:46:55.510561+00:00', 'model_version': 'gemma4:latest', 'prompt_hash': 'a6af280e'}",gemma4_latest__N120
2,real_mixed_24,gemma4:latest_kb_rag,1214.1685531139374,51.83,0,direct_json,1.0,0.7272727272727273,0.8421052631578948,0.0,0,9.7,96.8,2.3,329.9,1472.2,26316.2,77.2,9192.1,9163.2,"{'timestamp': '2026-09-08T21:52:43.258739+00:00', 'model_version': 'gemma4:latest', 'prompt_hash': 'a6af280e'}",gemma4_latest__N120
2,real_mixed_25,gemma4:latest_kb_rag,75.04554796218872,49.94,0,direct_json,0.8181818181818182,0.5294117647058824,0.6428571428571428,0.0,0,18.5,100.0,30.4,1034.9,2310.2,26578.6,76.8,9192.1,9163.2,"{'timestamp': '2026-09-08T21:33:39.713513+00:00', 'model_version': 'gemma4:latest', 'prompt_hash': 'a6af280e'}",gemma4_latest__N120
2,real_mixed_26,gemma4:latest_kb_rag,1459.7648572921753,50.07,0,direct_json,0.6923076923076923,0.6428571428571429,0.6666666666666666,0.0,0,9.8,96.8,2.1,301.6,1472.4,26230.2,77.4,9192.1,9163.2,"{'timestamp': '2026-09-08T21:56:48.887489+00:00', 'model_version': 'gemma4:latest', 'prompt_hash': 'a6af280e'}",gemma4_latest__N120
2,real_mixed_28,gemma4:latest_kb_rag,932.0250701904296,49.8,0,direct_json,0.875,0.7777777777777778,0.823529411764706,0.0,0,9.7,96.8,2.5,377.0,1471.5,26345.6,77.1,9192.1,9163.2,"{'timestamp': '2026-09-08T21:48:01.113319+00:00', 'model_version': 'gemma4:latest', 'prompt_hash': 'a6af280e'}",gemma4_latest__N120
2,real_mixed_29,gemma4:latest_kb_rag,544.3917880058289,50.27,0,direct_json,0.88,0.88,0.88,0.0,0,10.0,100.0,2.9,524.9,1471.6,26592.4,76.6,9192.1,9163.2,"{'timestamp': '2026-09-08T21:41:33.485631+00:00', 'model_version': 'gemma4:latest', 'prompt_hash': 'a6af280e'}",gemma4_latest__N120
2,real_mixed_30,gemma4:latest_kb_rag,1665.4305641651154,49.9,0,direct_json,0.8,0.6153846153846154,0.6956521739130435,0.0,0,11.6,100.0,2.3,265.4,1256.9,26079.3,77.6,9192.1,9163.2,"{'timestamp': '2026-09-08T22:01:25.273616+00:00', 'model_version': 'gemma4:latest', 'prompt_hash': 'a6af280e'}",gemma4_latest__N120
3,real_mixed_31,gemma4:latest_kb_rag,1675.847286939621,51.36,0,direct_json,0.6666666666666666,0.8,0.7272727272727272,0.0,0,10.5,100.0,1.9,282.8,1470.6,26131.4,77.5,9192.1,9163.2,"{'timestamp': '2026-09-08T22:00:24.914449+00:00', 'model_version': 'gemma4:latest', 'prompt_hash': 'a6af280e'}",gemma4_latest__N120
3,real_mixed_32,gemma4:latest_kb_rag,147.90843796730042,49.95,0,direct_json,0.7692307692307693,0.625,0.6896551724137931,0.0,0,14.5,97.0,10.6,957.2,1996.1,26713.9,76.5,9192.1,9163.2,"{'timestamp': '2026-09-08T21:34:54.153819+00:00', 'model_version': 'gemma4:latest', 'prompt_hash': 'a6af280e'}",gemma4_latest__N120
3,real_mixed_33,gemma4:latest_kb_rag,911.643345117569,49.9,0,direct_json,0.8,0.5333333333333333,0.64,0.0,0,10.0,96.8,2.5,381.4,1472.5,26346.3,77.1,9192.1,9163.2,"{'timestamp': '2026-09-08T21:47:40.748654+00:00', 'model_version': 'gemma4:latest', 'prompt_hash': 'a6af280e'}",gemma4_latest__N120
3,real_mixed_34,gemma4:latest_kb_rag,731.9381129741669,49.99,0,direct_json,0.6923076923076923,0.6428571428571429,0.6666666666666666,0.0,0,10.5,96.8,2.7,432.5,1473.1,26360.2,77.1,9192.1,9163.2,"{'timestamp': '2026-09-08T21:44:41.052896+00:00', 'model_version': 'gemma4:latest', 'prompt_hash': 'a6af280e'}",gemma4_latest__N120
3,real_mixed_35,gemma4:latest_kb_rag,1091.137648105621,49.96,0,direct_json,1.0,0.8333333333333334,0.9090909090909092,0.0,0,9.6,96.8,2.5,347.7,1467.3,26341.7,77.1,9192.1,9163.2,"{'timestamp': '2026-09-08T21:50:40.195127+00:00', 'model_version': 'gemma4:latest', 'prompt_hash': 'a6af280e'}",gemma4_latest__N120
3,real_mixed_36,gemma4:latest_kb_rag,1000.557689666748,50.03,0,direct_json,0.65,0.5909090909090909,0.6190476190476191,0.3,6,10.2,100.0,2.4,363.1,1472.0,26341.9,77.1,9192.1,9163.2,"{'timestamp': '2026-09-08T21:49:09.661863+00:00', 'model_version': 'gemma4:latest', 'prompt_hash': 'a6af280e'}",gemma4_latest__N120
3,real_mixed_37,gemma4:latest_kb_rag,287.1916673183441,49.58,0,direct_json,1.0,0.8,0.888888888888889,0.0,0,11.3,100.0,3.6,672.7,1442.3,26743.6,76.4,9192.1,9163.2,"{'timestamp': '2026-09-08T21:37:16.156679+00:00', 'model_version': 'gemma4:latest', 'prompt_hash': 'a6af280e'}",gemma4_latest__N120
3,real_mixed_38,gemma4:latest_kb_rag,245.29168009757996,51.18,0,direct_json,0.8823529411764706,0.8333333333333334,0.8571428571428571,0.0,0,9.8,96.8,6.5,716.2,1443.0,26720.9,76.4,9192.1,9163.2,"{'timestamp': '2026-09-08T21:36:34.266864+00:00', 'model_version': 'gemma4:latest', 'prompt_hash': 'a6af280e'}",gemma4_latest__N120
3,real_mixed_39,gemma4:latest_kb_rag,269.4192109107971,49.78,0,direct_json,1.0,1.0,1.0,0.0,0,9.9,96.8,3.5,688.9,1466.9,26735.8,76.4,9192.1,9163.2,"{'timestamp': '2026-09-08T21:36:58.469152+00:00', 'model_version': 'gemma4:latest', 'prompt_hash': 'a6af280e'}",gemma4_latest__N120
3,real_mixed_40,gemma4:latest_kb_rag,1613.7460253238678,49.6,0,direct_json,0.9090909090909092,0.6666666666666666,0.7692307692307692,0.0,0,12.3,100.0,2.5,244.7,1245.6,26027.5,77.7,9192.1,9163.2,"{'timestamp': '2026-09-08T22:01:48.044453+00:00', 'model_version': 'gemma4:latest', 'prompt_hash': 'a6af280e'}",gemma4_latest__N120
8,real_mixed_81,gemma4:latest_kb_rag,1661.3688502311709,49.66,0,direct_json,1.0,0.7142857142857143,0.8333333333333333,0.0,0,10.2,100.0,1.9,283.9,1471.7,26139.9,77.5,9192.1,9163.2,"{'timestamp': '2026-09-08T22:00:10.460315+00:00', 'model_version': 'gemma4:latest', 'prompt_hash': 'a6af280e'}",gemma4_latest__N120
8,real_mixed_82,gemma4:latest_kb_rag,520.2405648231506,50.07,0,direct_json,0.8,0.7058823529411765,0.7500000000000001,0.0,0,9.6,96.8,3.0,539.8,1473.1,26607.9,76.6,9192.1,9163.2,"{'timestamp': '2026-09-08T21:41:09.361641+00:00', 'model_version': 'gemma4:latest', 'prompt_hash': 'a6af280e'}",gemma4_latest__N120
8,real_mixed_83,gemma4:latest_kb_rag,195.4903290271759,50.07,0,direct_json,0.9230769230769232,0.9230769230769232,0.9230769230769232,0.0,0,10.3,96.8,4.2,795.6,1446.5,26696.6,76.5,9192.1,9163.2,"{'timestamp': '2026-09-08T21:35:44.474246+00:00', 'model_version': 'gemma4:latest', 'prompt_hash': 'a6af280e'}",gemma4_latest__N120
8,real_mixed_84,gemma4:latest_kb_rag,838.8058068752289,49.97,0,direct_json,1.0,0.8181818181818182,0.9,0.0,0,9.9,96.8,2.6,399.6,1472.8,26353.3,77.1,9192.1,9163.2,"{'timestamp': '2026-09-08T21:46:27.909007+00:00', 'model_version': 'gemma4:latest', 'prompt_hash': 'a6af280e'}",gemma4_latest__N120
8,real_mixed_85,gemma4:latest_kb_rag,772.271888256073,49.89,0,direct_json,0.8,0.8888888888888888,0.8421052631578948,0.0,0,10.5,96.8,2.8,419.0,1463.1,26353.1,77.1,9192.1,9163.2,"{'timestamp': '2026-09-08T21:45:21.317639+00:00', 'model_version': 'gemma4:latest', 'prompt_hash': 'a6af280e'}",gemma4_latest__N120
8,real_mixed_86,gemma4:latest_kb_rag,1212.1638400554657,49.96,0,direct_json,0.75,0.6428571428571429,0.6923076923076924,0.0,0,9.7,100.0,2.4,330.2,1453.4,26316.2,77.2,9192.1,9163.2,"{'timestamp': '2026-09-08T21:52:41.180946+00:00', 'model_version': 'gemma4:latest', 'prompt_hash': 'a6af280e'}",gemma4_latest__N120
8,real_mixed_87,gemma4:latest_kb_rag,1405.2259221076963,49.95,0,direct_json,0.8571428571428571,0.5454545454545454,0.6666666666666665,0.0,0,9.9,96.8,2.1,306.8,1472.7,26250.5,77.3,9192.1,9163.2,"{'timestamp': '2026-09-08T21:55:54.323255+00:00', 'model_version': 'gemma4:latest', 'prompt_hash': 'a6af280e'}",gemma4_latest__N120
8,real_mixed_88,gemma4:latest_kb_rag,1474.361300945282,51.0,0,direct_json,0.875,0.875,0.875,0.0,0,10.6,100.0,2.1,300.3,1472.3,26225.4,77.4,9192.1,9163.2,"{'timestamp': '2026-09-08T21:57:03.452324+00:00', 'model_version': 'gemma4:latest', 'prompt_hash': 'a6af280e'}",gemma4_latest__N120
8,real_mixed_89,gemma4:latest_kb_rag,654.9309139251709,49.94,0,direct_json,0.8,0.5714285714285714,0.6666666666666666,0.0,0,10.1,96.8,2.9,463.5,1461.0,26393.2,77.0,9192.1,9163.2,"{'timestamp': '2026-09-08T21:43:23.977599+00:00', 'model_version': 'gemma4:latest', 'prompt_hash': 'a6af280e'}",gemma4_latest__N120
8,real_mixed_90,gemma4:latest_kb_rag,1587.5185539722445,49.89,0,direct_json,0.8,0.7272727272727273,0.761904761904762,0.0,0,9.9,73.9,2.4,248.3,1249.1,25990.9,77.8,9192.1,9163.2,"{'timestamp': '2026-09-08T22:02:12.135341+00:00', 'model_version': 'gemma4:latest', 'prompt_hash': 'a6af280e'}",gemma4_latest__N120
4,real_mixed_42,gemma4:latest_kb_rag,1640.512491941452,50.05,0,direct_json,0.9545454545454546,0.7241379310344828,0.823529411764706,0.0,0,10.3,100.0,1.9,285.6,1471.2,26150.4,77.5,9192.1,9163.2,"{'timestamp': '2026-09-08T21:59:49.612410+00:00', 'model_version': 'gemma4:latest', 'prompt_hash': 'a6af280e'}",gemma4_latest__N120
4,real_mixed_43,gemma4:latest_kb_rag,423.3293511867523,48.72,0,direct_json,0.9047619047619048,0.8636363636363636,0.8837209302325582,0.0,0,13.6,96.8,3.4,591.9,1448.0,26692.5,76.4,9192.1,9163.2,"{'timestamp': '2026-09-08T21:39:32.321958+00:00', 'model_version': 'gemma4:latest', 'prompt_hash': 'a6af280e'}",gemma4_latest__N120
4,real_mixed_44,gemma4:latest_kb_rag,1060.072996854782,51.39,0,direct_json,0.75,0.75,0.75,0.0,0,9.7,96.8,2.4,352.6,1471.9,26344.0,77.1,9192.1,9163.2,"{'timestamp': '2026-09-08T21:50:09.167352+00:00', 'model_version': 'gemma4:latest', 'prompt_hash': 'a6af280e'}",gemma4_latest__N120
4,real_mixed_45,gemma4:latest_kb_rag,216.81040906906128,49.89,0,direct_json,0.9285714285714286,0.8125,0.8666666666666666,0.0,0,10.2,96.8,3.4,756.4,1455.8,26708.8,76.5,9192.1,9163.2,"{'timestamp': '2026-09-08T21:36:05.837216+00:00', 'model_version': 'gemma4:latest', 'prompt_hash': 'a6af280e'}",gemma4_latest__N120
4,real_mixed_46,gemma4:latest_kb_rag,1604.40944314003,49.91,0,direct_json,0.75,0.4,0.5217391304347827,0.0,0,10.5,100.0,2.0,288.7,1472.0,26168.1,77.5,9192.1,9163.2,"{'timestamp': '2026-09-08T21:59:13.506798+00:00', 'model_version': 'gemma4:latest', 'prompt_hash': 'a6af280e'}",gemma4_latest__N120
4,real_mixed_47,gemma4:latest_kb_rag,361.676442861557,50.03,0,direct_json,0.7916666666666666,0.6785714285714286,0.7307692307692307,0.0,0,9.6,96.8,3.3,621.1,1471.6,26730.7,76.4,9192.1,9163.2,"{'timestamp': '2026-09-08T21:38:30.784128+00:00', 'model_version': 'gemma4:latest', 'prompt_hash': 'a6af280e'}",gemma4_latest__N120
4,real_mixed_48,gemma4:latest_kb_rag,1358.472259759903,50.22,0,direct_json,0.8,0.8,0.8000000000000002,0.0,0,9.6,96.8,2.2,311.6,1460.2,26270.3,77.3,9192.1,9163.2,"{'timestamp': '2026-09-08T21:55:07.507141+00:00', 'model_version': 'gemma4:latest', 'prompt_hash': 'a6af280e'}",gemma4_latest__N120
4,real_mixed_49,gemma4:latest_kb_rag,953.051351070404,49.77,0,direct_json,0.8461538461538461,0.6111111111111112,0.7096774193548387,0.0,0,10.7,96.8,2.7,372.5,1468.4,26343.1,77.1,9192.1,9163.2,"{'timestamp': '2026-09-08T21:48:22.116205+00:00', 'model_version': 'gemma4:latest', 'prompt_hash': 'a6af280e'}",gemma4_latest__N120
4,real_mixed_50,gemma4:latest_kb_rag,1590.200427055359,49.87,0,direct_json,0.9166666666666666,0.5789473684210527,0.7096774193548387,0.0,0,11.7,75.0,2.4,251.0,1245.6,25963.3,77.9,9192.1,9163.2,"{'timestamp': '2026-09-08T22:02:36.166901+00:00', 'model_version': 'gemma4:latest', 'prompt_hash': 'a6af280e'}",gemma4_latest__N120
7,real_mixed_71,gemma4:latest_kb_rag,546.5478627681732,52.07,0,direct_json,0.7777777777777778,0.5,0.6086956521739131,0.0,0,9.7,96.8,2.9,523.6,1472.8,26590.9,76.6,9192.1,9163.2,"{'timestamp': '2026-09-08T21:41:35.657330+00:00', 'model_version': 'gemma4:latest', 'prompt_hash': 'a6af280e'}",gemma4_latest__N120
7,real_mixed_72,gemma4:latest_kb_rag,1024.4654469490051,49.83,0,direct_json,0.9230769230769232,0.7058823529411765,0.8000000000000002,0.0,0,11.6,100.0,2.4,358.6,1472.8,26342.3,77.1,9192.1,9163.2,"{'timestamp': '2026-09-08T21:49:33.573833+00:00', 'model_version': 'gemma4:latest', 'prompt_hash': 'a6af280e'}",gemma4_latest__N120
7,real_mixed_73,gemma4:latest_kb_rag,1533.8294417858124,49.87,0,direct_json,0.9090909090909092,0.625,0.7407407407407406,0.0,0,9.8,96.8,2.1,295.2,1472.1,26205.0,77.4,9192.1,9163.2,"{'timestamp': '2026-09-08T21:58:02.921901+00:00', 'model_version': 'gemma4:latest', 'prompt_hash': 'a6af280e'}",gemma4_latest__N120
7,real_mixed_74,gemma4:latest_kb_rag,1429.0214121341703,49.95,0,direct_json,1.0,0.8333333333333334,0.9090909090909092,0.0,0,9.6,96.8,2.1,304.5,1472.5,26240.7,77.3,9192.1,9163.2,"{'timestamp': '2026-09-08T21:56:18.125576+00:00', 'model_version': 'gemma4:latest', 'prompt_hash': 'a6af280e'}",gemma4_latest__N120
7,real_mixed_75,gemma4:latest_kb_rag,1116.4132101535797,52.64,0,direct_json,1.0,0.6,0.7499999999999999,0.0,0,10.5,96.8,2.4,343.7,1472.7,26336.3,77.1,9192.1,9163.2,"{'timestamp': '2026-09-08T21:51:05.505364+00:00', 'model_version': 'gemma4:latest', 'prompt_hash': 'a6af280e'}",gemma4_latest__N120
7,real_mixed_76,gemma4:latest_kb_rag,565.8375091552734,54.24,0,direct_json,0.0,0.0,0.0,0.0,0,9.8,96.8,3.0,511.6,1472.9,26546.5,76.7,9192.1,9163.2,"{'timestamp': '2026-09-08T21:41:54.934798+00:00', 'model_version': 'gemma4:latest', 'prompt_hash': 'a6af280e'}",gemma4_latest__N120
7,real_mixed_77,gemma4:latest_kb_rag,1270.858412981033,50.03,0,direct_json,0.8636363636363636,0.8260869565217391,0.8444444444444444,0.0,0,9.9,100.0,2.2,322.6,1472.7,26306.1,77.2,9192.1,9163.2,"{'timestamp': '2026-09-08T21:53:39.979345+00:00', 'model_version': 'gemma4:latest', 'prompt_hash': 'a6af280e'}",gemma4_latest__N120
7,real_mixed_78,gemma4:latest_kb_rag,564.9230592250824,48.55,0,direct_json,0.8571428571428571,0.8571428571428571,0.8571428571428571,0.0,0,14.1,97.0,3.6,513.3,1850.1,26552.7,76.7,9192.1,9163.2,"{'timestamp': '2026-09-08T21:41:53.672115+00:00', 'model_version': 'gemma4:latest', 'prompt_hash': 'a6af280e'}",gemma4_latest__N120
7,real_mixed_80,gemma4:latest_kb_rag,1591.6672089099884,49.01,0,direct_json,0.4705882352941176,0.5714285714285714,0.5161290322580646,0.0,0,11.1,70.3,2.4,251.7,1238.0,25956.8,77.9,9192.1,9163.2,"{'timestamp': '2026-09-08T22:02:42.112107+00:00', 'model_version': 'gemma4:latest', 'prompt_hash': 'a6af280e'}",gemma4_latest__N120
1,real_mixed_11,gemma4:latest_kb_rag,1166.7802319526672,50.01,0,direct_json,0.9285714285714286,0.9629629629629628,0.9454545454545454,0.0,0,10.3,100.0,2.3,336.4,1472.3,26323.3,77.1,9192.1,9163.2,"{'timestamp': '2026-09-08T21:51:55.883631+00:00', 'model_version': 'gemma4:latest', 'prompt_hash': 'a6af280e'}",gemma4_latest__N120
1,real_mixed_12,gemma4:latest_kb_rag,241.6124770641327,49.99,0,direct_json,0.7857142857142857,0.9166666666666666,0.8461538461538461,0.0,0,11.0,100.0,3.8,720.9,1447.2,26719.8,76.4,9192.1,9163.2,"{'timestamp': '2026-09-08T21:36:30.597865+00:00', 'model_version': 'gemma4:latest', 'prompt_hash': 'a6af280e'}",gemma4_latest__N120
1,real_mixed_13,gemma4:latest_kb_rag,1511.5411677360537,49.97,0,direct_json,0.8846153846153846,0.8518518518518519,0.8679245283018868,0.0,0,10.3,100.0,2.0,297.1,1472.4,26213.4,77.4,9192.1,9163.2,"{'timestamp': '2026-09-08T21:57:40.660645+00:00', 'model_version': 'gemma4:latest', 'prompt_hash': 'a6af280e'}",gemma4_latest__N120
1,real_mixed_14,gemma4:latest_kb_rag,1063.526526927948,49.39,0,direct_json,0.9166666666666666,0.7333333333333333,0.8148148148148148,0.0,0,10.1,96.8,2.4,352.0,1472.9,26343.9,77.1,9192.1,9163.2,"{'timestamp': '2026-09-08T21:50:12.642488+00:00', 'model_version': 'gemma4:latest', 'prompt_hash': 'a6af280e'}",gemma4_latest__N120
1,real_mixed_15,gemma4:latest_kb_rag,1296.5671963691711,49.47,0,direct_json,0.7619047619047619,0.7619047619047619,0.7619047619047619,0.0,0,10.8,96.8,2.2,319.1,1470.6,26296.3,77.2,9192.1,9163.2,"{'timestamp': '2026-09-08T21:54:05.652522+00:00', 'model_version': 'gemma4:latest', 'prompt_hash': 'a6af280e'}",gemma4_latest__N120
1,real_mixed_16,gemma4:latest_kb_rag,750.8268659114838,49.78,0,direct_json,1.0,0.6666666666666666,0.8,0.0,0,10.2,96.8,2.7,426.0,1471.8,26357.1,77.1,9192.1,9163.2,"{'timestamp': '2026-09-08T21:44:59.907698+00:00', 'model_version': 'gemma4:latest', 'prompt_hash': 'a6af280e'}",gemma4_latest__N120
1,real_mixed_17,gemma4:latest_kb_rag,445.8403117656708,50.3,0,direct_json,0.8333333333333334,1.0,0.9090909090909092,0.0,0,9.6,96.8,3.2,582.7,1471.3,26674.9,76.5,9192.1,9163.2,"{'timestamp': '2026-09-08T21:39:54.907949+00:00', 'model_version': 'gemma4:latest', 'prompt_hash': 'a6af280e'}",gemma4_latest__N120
1,real_mixed_18,gemma4:latest_kb_rag,561.122230052948,50.74,0,direct_json,0.9090909090909092,0.7142857142857143,0.8,0.0,0,11.1,100.0,3.0,514.9,1471.2,26565.6,76.7,9192.1,9163.2,"{'timestamp': '2026-09-08T21:41:50.194171+00:00', 'model_version': 'gemma4:latest', 'prompt_hash': 'a6af280e'}",gemma4_latest__N120
1,real_mixed_19,gemma4:latest_kb_rag,819.5404579639435,50.8,0,direct_json,1.0,0.9545454545454546,0.9767441860465116,0.0,0,9.9,96.8,2.6,404.8,1473.0,26355.1,77.1,9192.1,9163.2,"{'timestamp': '2026-09-08T21:46:08.664654+00:00', 'model_version': 'gemma4:latest', 'prompt_hash': 'a6af280e'}",gemma4_latest__N120
1,real_mixed_20,gemma4:latest_kb_rag,1597.7850580215454,49.93,0,direct_json,0.9166666666666666,0.5789473684210527,0.7096774193548387,0.0,0,10.3,70.3,2.3,250.4,1245.6,25925.6,78.0,9192.1,9163.2,"{'timestamp': '2026-09-08T22:03:08.521291+00:00', 'model_version': 'gemma4:latest', 'prompt_hash': 'a6af280e'}",gemma4_latest__N120
6,real_mixed_61,gemma4:latest_kb_rag,1340.1743297576904,48.81,0,direct_json,0.6842105263157895,0.7222222222222222,0.7027027027027027,0.0,0,10.3,100.0,2.2,313.5,1472.1,26278.2,77.2,9192.1,9163.2,"{'timestamp': '2026-09-08T21:54:49.288369+00:00', 'model_version': 'gemma4:latest', 'prompt_hash': 'a6af280e'}",gemma4_latest__N120
6,real_mixed_62,gemma4:latest_kb_rag,1386.821457862854,50.06,0,direct_json,0.7333333333333333,0.6111111111111112,0.6666666666666666,0.0,0,9.6,96.8,2.1,308.6,1472.6,26257.9,77.3,9192.1,9163.2,"{'timestamp': '2026-09-08T21:55:35.934531+00:00', 'model_version': 'gemma4:latest', 'prompt_hash': 'a6af280e'}",gemma4_latest__N120
6,real_mixed_63,gemma4:latest_kb_rag,1581.3140938282013,50.29,0,direct_json,0.6923076923076923,0.6,0.6428571428571429,0.0,0,10.7,100.0,2.0,290.8,1471.8,26181.6,77.4,9192.1,9163.2,"{'timestamp': '2026-09-08T21:58:50.400890+00:00', 'model_version': 'gemma4:latest', 'prompt_hash': 'a6af280e'}",gemma4_latest__N120
6,real_mixed_64,gemma4:latest_kb_rag,425.00885915756226,52.35,0,direct_json,0.6666666666666666,0.5,0.5714285714285715,0.0,0,10.0,96.8,3.2,591.2,1455.7,26691.0,76.4,9192.1,9163.2,"{'timestamp': '2026-09-08T21:39:34.011037+00:00', 'model_version': 'gemma4:latest', 'prompt_hash': 'a6af280e'}",gemma4_latest__N120
6,real_mixed_65,gemma4:latest_kb_rag,384.0996568202973,49.87,0,direct_json,0.7142857142857143,0.4545454545454545,0.5555555555555556,0.0,0,9.7,100.0,3.4,610.0,1442.1,26720.0,76.4,9192.1,9163.2,"{'timestamp': '2026-09-08T21:38:53.063346+00:00', 'model_version': 'gemma4:latest', 'prompt_hash': 'a6af280e'}",gemma4_latest__N120
6,real_mixed_66,gemma4:latest_kb_rag,797.7817761898041,49.96,0,direct_json,0.5789473684210527,0.4230769230769231,0.4888888888888889,0.0,0,10.0,96.8,2.7,411.2,1460.5,26353.1,77.1,9192.1,9163.2,"{'timestamp': '2026-09-08T21:45:46.838195+00:00', 'model_version': 'gemma4:latest', 'prompt_hash': 'a6af280e'}",gemma4_latest__N120
6,real_mixed_67,gemma4:latest_kb_rag,496.31880497932434,50.04,0,direct_json,0.9,0.8181818181818182,0.8571428571428572,0.0,0,10.6,100.0,3.2,556.4,1449.0,26629.5,76.6,9192.1,9163.2,"{'timestamp': '2026-09-08T21:40:45.321936+00:00', 'model_version': 'gemma4:latest', 'prompt_hash': 'a6af280e'}",gemma4_latest__N120
6,real_mixed_68,gemma4:latest_kb_rag,801.9041337966919,51.25,0,direct_json,0.7619047619047619,0.8421052631578947,0.8,0.0,0,10.3,96.8,2.8,409.9,1462.8,26353.9,77.1,9192.1,9163.2,"{'timestamp': '2026-09-08T21:45:50.957851+00:00', 'model_version': 'gemma4:latest', 'prompt_hash': 'a6af280e'}",gemma4_latest__N120
6,real_mixed_69,gemma4:latest_kb_rag,1055.4568729400637,50.09,0,direct_json,0.9,0.9642857142857144,0.9310344827586208,0.0,0,9.8,96.8,2.4,353.5,1466.6,26344.0,77.1,9192.1,9163.2,"{'timestamp': '2026-09-08T21:50:04.529193+00:00', 'model_version': 'gemma4:latest', 'prompt_hash': 'a6af280e'}",gemma4_latest__N120
6,real_mixed_70,gemma4:latest_kb_rag,1478.65065908432,49.96,0,direct_json,0.8636363636363636,0.76,0.8085106382978724,0.0,0,11.3,100.0,2.3,234.1,1245.6,25831.5,78.1,9192.1,9163.2,"{'timestamp': '2026-09-08T22:03:31.861360+00:00', 'model_version': 'gemma4:latest', 'prompt_hash': 'a6af280e'}",gemma4_latest__N120
9,real_mixed_91,gemma4:latest_kb_rag,203.78274488449097,48.79,0,direct_json,1.0,0.8235294117647058,0.9032258064516128,0.0,0,10.0,73.2,5.5,564.3,1245.6,24949.6,80.0,9192.1,9163.2,"{'timestamp': '2026-09-08T22:04:08.434922+00:00', 'model_version': 'gemma4:latest', 'prompt_hash': 'a6af280e'}",gemma4_latest__N120
9,real_mixed_92,gemma4:latest_kb_rag,332.7627840042114,50.01,0,direct_json,0.8823529411764706,0.7142857142857143,0.7894736842105262,0.0,0,9.6,73.2,4.2,453.1,1245.6,25013.4,79.8,9192.1,9163.2,"{'timestamp': '2026-09-08T22:06:17.407267+00:00', 'model_version': 'gemma4:latest', 'prompt_hash': 'a6af280e'}",gemma4_latest__N120
9,real_mixed_93,gemma4:latest_kb_rag,304.4036841392517,49.81,0,direct_json,1.0,0.8666666666666667,0.9285714285714286,0.0,0,9.9,73.2,4.4,479.1,1242.1,25018.1,79.8,9192.1,9163.2,"{'timestamp': '2026-09-08T22:05:49.045268+00:00', 'model_version': 'gemma4:latest', 'prompt_hash': 'a6af280e'}",gemma4_latest__N120
9,real_mixed_94,gemma4:latest_kb_rag,286.61637020111084,50.02,0,direct_json,1.0,0.8181818181818182,0.9,0.0,0,13.2,100.0,5.0,495.7,1245.6,25021.2,79.8,9192.1,9163.2,"{'timestamp': '2026-09-08T22:05:31.267270+00:00', 'model_version': 'gemma4:latest', 'prompt_hash': 'a6af280e'}",gemma4_latest__N120
9,real_mixed_95,gemma4:latest_kb_rag,183.8862280845642,50.27,0,direct_json,0.6666666666666666,0.75,0.7058823529411765,0.0,0,13.9,100.0,6.5,585.5,1240.3,24931.8,80.0,9192.1,9163.2,"{'timestamp': '2026-09-08T22:03:48.520677+00:00', 'model_version': 'gemma4:latest', 'prompt_hash': 'a6af280e'}",gemma4_latest__N120
9,real_mixed_96,gemma4:latest_kb_rag,223.3191230297089,49.96,0,direct_json,0.7692307692307693,0.7142857142857143,0.7407407407407408,0.0,0,12.0,73.6,6.1,545.9,1245.6,24974.9,79.9,9192.1,9163.2,"{'timestamp': '2026-09-08T22:04:27.962802+00:00', 'model_version': 'gemma4:latest', 'prompt_hash': 'a6af280e'}",gemma4_latest__N120
9,real_mixed_97,gemma4:latest_kb_rag,370.76078510284424,49.92,0,direct_json,0.8333333333333334,0.7692307692307693,0.8,0.0,0,10.0,100.0,4.3,420.0,1245.6,24993.2,79.8,9192.1,9163.2,"{'timestamp': '2026-09-08T22:06:55.398870+00:00', 'model_version': 'gemma4:latest', 'prompt_hash': 'a6af280e'}",gemma4_latest__N120
9,real_mixed_98,gemma4:latest_kb_rag,257.78293085098267,49.99,0,direct_json,0.8181818181818182,0.5294117647058824,0.6428571428571428,0.0,0,11.5,75.0,5.0,518.6,1245.6,25008.1,79.8,9192.1,9163.2,"{'timestamp': '2026-09-08T22:05:02.449203+00:00', 'model_version': 'gemma4:latest', 'prompt_hash': 'a6af280e'}",gemma4_latest__N120
9,real_mixed_99,gemma4:latest_kb_rag,349.0695540904999,50.61,0,direct_json,0.75,1.0,0.8571428571428571,0.0,0,10.3,73.2,3.7,437.9,1240.3,25006.4,79.8,9192.1,9163.2,"{'timestamp': '2026-09-08T22:06:33.700553+00:00', 'model_version': 'gemma4:latest', 'prompt_hash': 'a6af280e'}",gemma4_latest__N120
9,real_mixed_100,gemma4:latest_kb_rag,541.0124480724335,49.99,0,direct_json,1.0,0.8095238095238095,0.8947368421052632,0.0,0,10.3,75.7,1.0,244.4,372.0,24878.9,80.0,9192.1,9163.2,"{'timestamp': '2026-09-08T22:12:49.746548+00:00', 'model_version': 'gemma4:latest', 'prompt_hash': 'a6af280e'}",gemma4_latest__N120
10,real_mixed_102,gemma4:latest_kb_rag,348.97638392448425,55.16,0,direct_json,1.0,1.0,1.0,0.0,0,9.6,73.2,3.4,393.4,1249.1,24977.9,79.8,9192.1,9163.2,"{'timestamp': '2026-09-08T22:06:56.707161+00:00', 'model_version': 'gemma4:latest', 'prompt_hash': 'a6af280e'}",gemma4_latest__N120
10,real_mixed_103,gemma4:latest_kb_rag,358.31331491470337,51.34,0,direct_json,1.0,1.0,1.0,0.0,0,10.5,100.0,2.6,391.3,1050.3,24976.9,79.9,9192.1,9163.2,"{'timestamp': '2026-09-08T22:07:06.062883+00:00', 'model_version': 'gemma4:latest', 'prompt_hash': 'a6af280e'}",gemma4_latest__N120
10,real_mixed_104,gemma4:latest_kb_rag,501.54359006881714,49.84,0,direct_json,0.85,0.8095238095238095,0.8292682926829269,0.0,0,13.2,75.0,2.4,352.3,1050.3,24930.0,79.9,9192.1,9163.2,"{'timestamp': '2026-09-08T22:09:29.348596+00:00', 'model_version': 'gemma4:latest', 'prompt_hash': 'a6af280e'}",gemma4_latest__N120
10,real_mixed_105,gemma4:latest_kb_rag,399.1779007911682,49.88,0,direct_json,0.7857142857142857,0.7333333333333333,0.7586206896551724,0.0,0,16.8,100.0,2.5,384.9,1016.1,24968.8,79.9,9192.1,9163.2,"{'timestamp': '2026-09-08T22:07:46.972535+00:00', 'model_version': 'gemma4:latest', 'prompt_hash': 'a6af280e'}",gemma4_latest__N120
10,real_mixed_106,gemma4:latest_kb_rag,478.7329730987549,50.51,0,direct_json,1.0,1.0,1.0,0.0,0,14.4,100.0,2.2,363.1,1016.0,24943.8,79.9,9192.1,9163.2,"{'timestamp': '2026-09-08T22:09:06.516623+00:00', 'model_version': 'gemma4:latest', 'prompt_hash': 'a6af280e'}",gemma4_latest__N120
10,real_mixed_107,gemma4:latest_kb_rag,434.7131760120392,49.47,0,direct_json,0.9230769230769232,0.8571428571428571,0.888888888888889,0.0,0,11.2,100.0,2.7,380.3,1050.3,24960.5,79.9,9192.1,9163.2,"{'timestamp': '2026-09-08T22:08:22.500809+00:00', 'model_version': 'gemma4:latest', 'prompt_hash': 'a6af280e'}",gemma4_latest__N120
10,real_mixed_108,gemma4:latest_kb_rag,503.7922399044037,52.0,0,direct_json,0.75,0.375,0.5,0.0,0,9.4,73.2,2.2,351.3,1015.9,24928.8,79.9,9192.1,9163.2,"{'timestamp': '2026-09-08T22:09:31.567869+00:00', 'model_version': 'gemma4:latest', 'prompt_hash': 'a6af280e'}",gemma4_latest__N120
10,real_mixed_109,gemma4:latest_kb_rag,463.5455641746521,49.99,0,direct_json,0.9130434782608696,0.7241379310344828,0.8076923076923076,0.0,0,13.0,100.0,2.1,370.8,1050.3,24951.3,79.9,9192.1,9163.2,"{'timestamp': '2026-09-08T22:08:51.363903+00:00', 'model_version': 'gemma4:latest', 'prompt_hash': 'a6af280e'}",gemma4_latest__N120
10,real_mixed_110,gemma4:latest_kb_rag,356.63949704170227,51.27,0,direct_json,0.7142857142857143,0.4166666666666667,0.5263157894736842,0.0,0,14.8,84.2,0.9,237.2,354.5,24785.1,80.2,9192.1,9163.2,"{'timestamp': '2026-09-08T22:12:53.538018+00:00', 'model_version': 'gemma4:latest', 'prompt_hash': 'a6af280e'}",gemma4_latest__N120
11,real_mixed_111,gemma4:latest_kb_rag,545.1092438697815,50.2,0,direct_json,0.9411764705882352,0.9411764705882352,0.9411764705882352,0.0,0,10.6,100.0,1.6,325.6,895.2,24922.5,79.9,9192.1,9163.2,"{'timestamp': '2026-09-08T22:10:31.320607+00:00', 'model_version': 'gemma4:latest', 'prompt_hash': 'a6af280e'}",gemma4_latest__N120
11,real_mixed_112,gemma4:latest_kb_rag,592.0567891597748,50.42,0,direct_json,0.625,0.625,0.625,0.0,0,15.7,100.0,1.3,326.6,895.2,24915.9,79.9,9192.1,9163.2,"{'timestamp': '2026-09-08T22:11:18.229594+00:00', 'model_version': 'gemma4:latest', 'prompt_hash': 'a6af280e'}",gemma4_latest__N120
11,real_mixed_113,gemma4:latest_kb_rag,521.7842931747437,49.89,0,direct_json,0.8,0.8,0.8000000000000002,0.0,0,9.7,73.2,1.6,324.3,895.2,24923.6,79.9,9192.1,9163.2,"{'timestamp': '2026-09-08T22:10:07.966984+00:00', 'model_version': 'gemma4:latest', 'prompt_hash': 'a6af280e'}",gemma4_latest__N120
11,real_mixed_114,gemma4:latest_kb_rag,616.7637822628021,49.95,0,direct_json,0.9230769230769232,0.8,0.8571428571428571,0.0,0,16.0,100.0,1.4,318.4,895.2,24903.5,80.0,9192.1,9163.2,"{'timestamp': '2026-09-08T22:11:42.948647+00:00', 'model_version': 'gemma4:latest', 'prompt_hash': 'a6af280e'}",gemma4_latest__N120
11,real_mixed_115,gemma4:latest_kb_rag,656.0383741855621,52.74,0,direct_json,0.6666666666666666,1.0,0.8,0.0,0,10.3,83.2,1.3,306.6,895.2,24888.5,80.0,9192.1,9163.2,"{'timestamp': '2026-09-08T22:12:22.211737+00:00', 'model_version': 'gemma4:latest', 'prompt_hash': 'a6af280e'}",gemma4_latest__N120
11,real_mixed_116,gemma4:latest_kb_rag,635.2606008052826,49.64,0,direct_json,0.8,1.0,0.888888888888889,0.0,0,10.3,100.0,3.1,312.7,1020.5,24894.9,80.0,9192.1,9163.2,"{'timestamp': '2026-09-08T22:12:01.422536+00:00', 'model_version': 'gemma4:latest', 'prompt_hash': 'a6af280e'}",gemma4_latest__N120
11,real_mixed_117,gemma4:latest_kb_rag,574.7777931690216,50.05,0,direct_json,0.6875,0.7857142857142857,0.7333333333333334,0.0,0,12.0,100.0,1.6,327.0,895.2,24919.3,79.9,9192.1,9163.2,"{'timestamp': '2026-09-08T22:11:00.970107+00:00', 'model_version': 'gemma4:latest', 'prompt_hash': 'a6af280e'}",gemma4_latest__N120
11,real_mixed_118,gemma4:latest_kb_rag,503.00493597984314,49.96,0,direct_json,1.0,1.0,1.0,0.0,0,9.8,73.2,1.5,323.4,895.2,24924.3,79.9,9192.1,9163.2,"{'timestamp': '2026-09-08T22:09:49.182864+00:00', 'model_version': 'gemma4:latest', 'prompt_hash': 'a6af280e'}",gemma4_latest__N120
11,real_mixed_119,gemma4:latest_kb_rag,654.5222179889679,50.04,0,direct_json,0.7777777777777778,0.875,0.823529411764706,0.0,0,10.8,83.9,1.2,307.1,895.2,24888.8,80.0,9192.1,9163.2,"{'timestamp': '2026-09-08T22:12:20.700198+00:00', 'model_version': 'gemma4:latest', 'prompt_hash': 'a6af280e'}",gemma4_latest__N120
11,real_mixed_120,gemma4:latest_kb_rag,205.20573496818545,50.1,0,direct_json,0.9090909090909092,0.8333333333333334,0.8695652173913043,0.0,0,12.9,74.9,0.8,225.1,354.5,24787.6,80.2,9192.1,9163.2,"{'timestamp': '2026-09-08T22:13:14.545581+00:00', 'model_version': 'gemma4:latest', 'prompt_hash': 'a6af280e'}",gemma4_latest__N120
0,real_mixed_2,gemma:latest_baseline,3.061418056488037,40.2,0,codeblock,1.0,0.4117647058823529,0.5833333333333334,0.0,0,20.7,33.0,17.9,245.5,245.5,24272.8,64.5,7022.2,4779.7,"{'timestamp': '2026-09-08T23:50:09.575510+00:00', 'model_version': 'gemma:latest', 'prompt_hash': 'a6af280e'}",gemma_latest__N120
0,real_mixed_3,gemma:latest_baseline,3.0546929836273193,40.32,0,codeblock,0.8,0.2352941176470588,0.3636363636363636,0.0,0,14.8,20.7,17.8,246.2,246.2,24509.8,65.0,7022.2,4779.7,"{'timestamp': '2026-09-08T23:50:12.652928+00:00', 'model_version': 'gemma:latest', 'prompt_hash': 'a6af280e'}",gemma_latest__N120
0,real_mixed_4,gemma:latest_baseline,4.580538988113403,39.57,0,codeblock,0.6666666666666666,0.5333333333333333,0.5925925925925926,0.0,0,17.4,23.1,11.8,246.9,246.9,24726.1,65.4,7022.2,4779.7,"{'timestamp': '2026-09-08T23:50:17.262045+00:00', 'model_version': 'gemma:latest', 'prompt_hash': 'a6af280e'}",gemma_latest__N120
0,real_mixed_5,gemma:latest_baseline,4.068819046020508,40.04,0,codeblock,0.75,0.5714285714285714,0.6486486486486486,0.0,0,16.7,28.2,13.4,247.6,247.6,24940.4,65.8,7022.2,4779.7,"{'timestamp': '2026-09-08T23:50:21.361731+00:00', 'model_version': 'gemma:latest', 'prompt_hash': 'a6af280e'}",gemma_latest__N120
0,real_mixed_6,gemma:latest_baseline,4.054354906082153,40.47,0,codeblock,1.0,0.65,0.787878787878788,0.0,0,20.3,28.2,13.3,248.3,248.3,24986.9,65.9,7022.2,4779.7,"{'timestamp': '2026-09-08T23:50:25.438303+00:00', 'model_version': 'gemma:latest', 'prompt_hash': 'a6af280e'}",gemma_latest__N120
0,real_mixed_7,gemma:latest_baseline,5.0835371017456055,39.07,0,codeblock,0.8571428571428571,0.6,0.7058823529411764,0.0,0,23.1,31.6,10.6,249.0,249.0,25263.9,65.9,7022.2,4779.7,"{'timestamp': '2026-09-08T23:50:30.560553+00:00', 'model_version': 'gemma:latest', 'prompt_hash': 'a6af280e'}",gemma_latest__N120
0,real_mixed_8,gemma:latest_baseline,4.079925060272217,39.53,0,codeblock,0.4444444444444444,0.2666666666666666,0.3333333333333333,0.0,0,19.9,28.9,13.2,249.7,249.7,25734.2,66.7,7022.2,4779.7,"{'timestamp': '2026-09-08T23:50:34.665619+00:00', 'model_version': 'gemma:latest', 'prompt_hash': 'a6af280e'}",gemma_latest__N120
0,real_mixed_9,gemma:latest_baseline,3.553741216659546,40.44,0,codeblock,0.6,0.375,0.4615384615384615,0.0,0,16.8,23.3,15.2,250.4,250.4,26058.8,67.2,7022.2,4779.7,"{'timestamp': '2026-09-08T23:50:38.252678+00:00', 'model_version': 'gemma:latest', 'prompt_hash': 'a6af280e'}",gemma_latest__N120
0,real_mixed_10,gemma:latest_baseline,4.085598945617676,40.74,0,codeblock,0.9333333333333332,1.0,0.9655172413793104,0.0,0,16.0,23.5,13.5,251.1,251.1,26018.3,67.1,7022.2,4779.7,"{'timestamp': '2026-09-08T23:50:42.369242+00:00', 'model_version': 'gemma:latest', 'prompt_hash': 'a6af280e'}",gemma_latest__N120
1,real_mixed_11,gemma:latest_baseline,8.57921576499939,39.31,0,codeblock,0.875,0.7777777777777778,0.823529411764706,0.0,0,32.4,50.8,6.2,251.9,251.9,26593.1,68.2,7022.2,4779.7,"{'timestamp': '2026-09-08T23:50:50.979457+00:00', 'model_version': 'gemma:latest', 'prompt_hash': 'a6af280e'}",gemma_latest__N120
1,real_mixed_12,gemma:latest_baseline,3.5464282035827637,42.74,0,codeblock,0.8181818181818182,0.75,0.7826086956521738,0.0,0,26.6,34.5,14.8,252.6,252.6,26995.9,68.9,7022.2,4779.7,"{'timestamp': '2026-09-08T23:50:54.546593+00:00', 'model_version': 'gemma:latest', 'prompt_hash': 'a6af280e'}",gemma_latest__N120
1,real_mixed_13,gemma:latest_baseline,6.074030876159668,41.29,0,codeblock,0.7894736842105263,0.5555555555555556,0.6521739130434783,0.0,0,15.1,26.9,8.9,252.7,252.7,26887.8,68.6,7022.2,4779.7,"{'timestamp': '2026-09-08T23:51:00.669119+00:00', 'model_version': 'gemma:latest', 'prompt_hash': 'a6af280e'}",gemma_latest__N120
1,real_mixed_14,gemma:latest_baseline,6.568948984146118,40.28,0,codeblock,0.7857142857142857,0.7333333333333333,0.7586206896551724,0.0,0,11.5,18.1,8.1,252.7,252.7,26872.7,68.6,7022.2,4779.7,"{'timestamp': '2026-09-08T23:51:07.269840+00:00', 'model_version': 'gemma:latest', 'prompt_hash': 'a6af280e'}",gemma_latest__N120
1,real_mixed_15,gemma:latest_baseline,4.055522918701172,42.03,0,codeblock,0.6153846153846154,0.3809523809523809,0.4705882352941176,0.0,0,8.5,12.0,13.1,252.7,252.7,27009.2,68.9,7022.2,4779.7,"{'timestamp': '2026-09-08T23:51:11.363189+00:00', 'model_version': 'gemma:latest', 'prompt_hash': 'a6af280e'}",gemma_latest__N120
1,real_mixed_16,gemma:latest_baseline,3.033275842666626,42.33,0,codeblock,0.6666666666666666,0.5,0.5714285714285715,0.0,0,11.4,18.2,17.6,252.7,252.7,27017.5,68.9,7022.2,4779.7,"{'timestamp': '2026-09-08T23:51:14.424460+00:00', 'model_version': 'gemma:latest', 'prompt_hash': 'a6af280e'}",gemma_latest__N120
1,real_mixed_17,gemma:latest_baseline,3.0376930236816406,42.52,0,codeblock,0.5714285714285714,0.8,0.6666666666666666,0.0,0,14.0,21.3,17.2,252.7,252.7,27181.0,69.2,7022.2,4779.7,"{'timestamp': '2026-09-08T23:51:17.478390+00:00', 'model_version': 'gemma:latest', 'prompt_hash': 'a6af280e'}",gemma_latest__N120
1,real_mixed_18,gemma:latest_baseline,3.042165994644165,41.72,0,codeblock,0.8571428571428571,0.4285714285714285,0.5714285714285714,0.0,0,10.5,13.7,17.4,252.7,252.7,27169.6,69.2,7022.2,4779.7,"{'timestamp': '2026-09-08T23:51:20.547537+00:00', 'model_version': 'gemma:latest', 'prompt_hash': 'a6af280e'}",gemma_latest__N120
1,real_mixed_19,gemma:latest_baseline,4.047729015350342,42.55,0,codeblock,1.0,0.6363636363636364,0.7777777777777778,0.0,0,14.8,26.9,12.8,252.7,252.7,27069.0,69.0,7022.2,4779.7,"{'timestamp': '2026-09-08T23:51:24.638338+00:00', 'model_version': 'gemma:latest', 'prompt_hash': 'a6af280e'}",gemma_latest__N120
1,real_mixed_20,gemma:latest_baseline,4.549819231033325,41.61,0,codeblock,0.8,0.4210526315789473,0.5517241379310345,0.0,0,13.9,24.4,11.6,252.7,252.7,27143.3,69.0,7022.2,4779.7,"{'timestamp': '2026-09-08T23:51:29.224230+00:00', 'model_version': 'gemma:latest', 'prompt_hash': 'a6af280e'}",gemma_latest__N120
2,real_mixed_22,gemma:latest_baseline,3.0431811809539795,42.16,0,codeblock,0.3,1.0,0.4615384615384615,0.0,0,23.3,26.8,17.9,252.9,252.9,27135.6,69.0,7022.2,4779.7,"{'timestamp': '2026-09-08T23:51:35.855672+00:00', 'model_version': 'gemma:latest', 'prompt_hash': 'a6af280e'}",gemma_latest__N120
2,real_mixed_23,gemma:latest_baseline,4.05455470085144,41.76,0,codeblock,0.7777777777777778,0.4117647058823529,0.5384615384615384,0.0,0,18.5,24.8,13.2,252.9,252.9,27061.2,68.8,7022.2,4779.7,"{'timestamp': '2026-09-08T23:51:39.945065+00:00', 'model_version': 'gemma:latest', 'prompt_hash': 'a6af280e'}",gemma_latest__N120
2,real_mixed_24,gemma:latest_baseline,3.037588119506836,42.32,0,codeblock,0.7142857142857143,0.4545454545454545,0.5555555555555556,0.0,0,12.7,23.0,17.9,252.9,252.9,27046.7,68.8,7022.2,4779.7,"{'timestamp': '2026-09-08T23:51:43.002820+00:00', 'model_version': 'gemma:latest', 'prompt_hash': 'a6af280e'}",gemma_latest__N120
2,real_mixed_25,gemma:latest_baseline,3.0419881343841553,42.06,0,codeblock,0.8333333333333334,0.2941176470588235,0.4347826086956522,0.0,0,21.5,26.2,18.0,253.6,253.6,27063.1,68.8,7022.2,4779.7,"{'timestamp': '2026-09-08T23:51:46.081251+00:00', 'model_version': 'gemma:latest', 'prompt_hash': 'a6af280e'}",gemma_latest__N120
2,real_mixed_26,gemma:latest_baseline,3.034142017364502,42.06,0,codeblock,0.625,0.119047619047619,0.1999999999999999,0.0,0,14.3,17.7,17.7,254.3,254.3,27139.5,69.0,7022.2,4779.7,"{'timestamp': '2026-09-08T23:51:49.159973+00:00', 'model_version': 'gemma:latest', 'prompt_hash': 'a6af280e'}",gemma_latest__N120
2,real_mixed_28,gemma:latest_baseline,3.5384960174560547,42.1,0,codeblock,0.8888888888888888,0.4444444444444444,0.5925925925925926,0.0,0,14.0,18.8,15.2,255.7,255.7,27088.4,68.9,7022.2,4779.7,"{'timestamp': '2026-09-08T23:52:02.336995+00:00', 'model_version': 'gemma:latest', 'prompt_hash': 'a6af280e'}",gemma_latest__N120
2,real_mixed_29,gemma:latest_baseline,4.562530755996704,42.34,0,codeblock,0.7894736842105263,0.6,0.6818181818181819,0.0,0,13.0,20.7,12.0,256.3,256.3,27034.8,68.7,7022.2,4779.7,"{'timestamp': '2026-09-08T23:52:06.945243+00:00', 'model_version': 'gemma:latest', 'prompt_hash': 'a6af280e'}",gemma_latest__N120
2,real_mixed_30,gemma:latest_baseline,3.06514310836792,42.83,0,codeblock,0.75,0.4615384615384615,0.5714285714285714,0.0,0,11.0,17.5,17.8,257.0,257.0,27046.5,68.7,7022.2,4779.7,"{'timestamp': '2026-09-08T23:52:10.033700+00:00', 'model_version': 'gemma:latest', 'prompt_hash': 'a6af280e'}",gemma_latest__N120
3,real_mixed_31,gemma:latest_baseline,3.048156976699829,42.65,0,codeblock,0.5,0.8,0.6153846153846154,0.0,0,14.2,16.5,17.6,257.2,257.2,27035.0,68.7,7022.2,4779.7,"{'timestamp': '2026-09-08T23:52:13.101269+00:00', 'model_version': 'gemma:latest', 'prompt_hash': 'a6af280e'}",gemma_latest__N120
3,real_mixed_32,gemma:latest_baseline,3.034734010696411,42.66,0,codeblock,0.6666666666666666,0.375,0.4800000000000001,0.0,0,10.8,17.9,17.7,257.2,257.2,27003.4,68.6,7022.2,4779.7,"{'timestamp': '2026-09-08T23:52:16.161641+00:00', 'model_version': 'gemma:latest', 'prompt_hash': 'a6af280e'}",gemma_latest__N120
3,real_mixed_33,gemma:latest_baseline,3.5361599922180176,42.03,0,codeblock,0.8181818181818182,0.6,0.6923076923076923,0.0,0,14.8,20.7,15.0,257.2,257.2,27109.9,68.8,7022.2,4779.7,"{'timestamp': '2026-09-08T23:52:19.722765+00:00', 'model_version': 'gemma:latest', 'prompt_hash': 'a6af280e'}",gemma_latest__N120
3,real_mixed_34,gemma:latest_baseline,4.048801898956299,41.83,0,codeblock,0.5,0.3571428571428571,0.4166666666666666,0.0,0,10.4,26.3,13.0,257.2,257.2,27064.8,68.8,7022.2,4779.7,"{'timestamp': '2026-09-08T23:52:23.800277+00:00', 'model_version': 'gemma:latest', 'prompt_hash': 'a6af280e'}",gemma_latest__N120
3,real_mixed_35,gemma:latest_baseline,3.5464859008789062,41.79,0,codeblock,0.6666666666666666,0.5,0.5714285714285715,0.0,0,12.2,20.9,15.2,257.2,257.2,27106.6,68.8,7022.2,4779.7,"{'timestamp': '2026-09-08T23:52:27.369350+00:00', 'model_version': 'gemma:latest', 'prompt_hash': 'a6af280e'}",gemma_latest__N120
3,real_mixed_36,gemma:latest_baseline,3.045975923538208,42.7,0,codeblock,0.8888888888888888,0.3636363636363636,0.5161290322580644,0.0,0,11.2,18.6,17.6,257.2,257.2,27092.2,68.9,7022.2,4779.7,"{'timestamp': '2026-09-08T23:52:30.441865+00:00', 'model_version': 'gemma:latest', 'prompt_hash': 'a6af280e'}",gemma_latest__N120
3,real_mixed_37,gemma:latest_baseline,3.543656826019287,41.99,0,codeblock,1.0,0.5333333333333333,0.6956521739130436,0.0,0,12.6,31.5,15.6,257.2,257.2,27001.7,68.8,7022.2,4779.7,"{'timestamp': '2026-09-08T23:52:34.006766+00:00', 'model_version': 'gemma:latest', 'prompt_hash': 'a6af280e'}",gemma_latest__N120
3,real_mixed_38,gemma:latest_baseline,4.047837257385254,41.36,0,codeblock,0.875,0.3888888888888889,0.5384615384615385,0.0,0,13.3,20.4,13.0,257.2,257.2,27078.9,69.0,7022.2,4779.7,"{'timestamp': '2026-09-08T23:52:38.093189+00:00', 'model_version': 'gemma:latest', 'prompt_hash': 'a6af280e'}",gemma_latest__N120
3,real_mixed_39,gemma:latest_baseline,3.548280954360962,41.45,0,codeblock,0.7142857142857143,0.625,0.6666666666666666,0.0,0,16.3,24.2,15.3,214.7,243.3,26985.2,69.0,7022.2,4779.7,"{'timestamp': '2026-09-08T23:52:41.660948+00:00', 'model_version': 'gemma:latest', 'prompt_hash': 'a6af280e'}",gemma_latest__N120
3,real_mixed_40,gemma:latest_baseline,3.5500049591064453,42.35,0,codeblock,0.8888888888888888,0.5333333333333333,0.6666666666666667,0.0,0,16.5,29.6,15.4,209.9,209.9,26599.6,69.5,7022.2,4779.7,"{'timestamp': '2026-09-08T23:52:45.235910+00:00', 'model_version': 'gemma:latest', 'prompt_hash': 'a6af280e'}",gemma_latest__N120
4,real_mixed_42,gemma:latest_baseline,4.056583881378174,41.25,0,codeblock,0.8181818181818182,0.3103448275862069,0.45,0.0,0,18.1,24.0,13.3,205.0,205.0,25199.2,72.9,7022.2,4779.7,"{'timestamp': '2026-09-08T23:52:53.452936+00:00', 'model_version': 'gemma:latest', 'prompt_hash': 'a6af280e'}",gemma_latest__N120
4,real_mixed_43,gemma:latest_baseline,9.07532286643982,37.54,0,direct_json,0.8421052631578947,0.7272727272727273,0.7804878048780488,0.0,0,14.4,23.4,5.9,205.0,205.0,25039.7,73.0,7022.2,4779.7,"{'timestamp': '2026-09-08T23:53:02.550914+00:00', 'model_version': 'gemma:latest', 'prompt_hash': 'a6af280e'}",gemma_latest__N120
4,real_mixed_44,gemma:latest_baseline,5.560659885406494,40.93,0,codeblock,0.6875,0.55,0.6111111111111112,0.0,0,15.9,24.4,10.1,205.1,205.1,24770.0,73.4,7022.2,4779.7,"{'timestamp': '2026-09-08T23:53:08.145470+00:00', 'model_version': 'gemma:latest', 'prompt_hash': 'a6af280e'}",gemma_latest__N120
4,real_mixed_45,gemma:latest_baseline,3.0303850173950195,42.18,0,codeblock,0.875,0.4375,0.5833333333333334,0.0,0,17.6,21.4,17.5,205.0,205.1,24689.8,73.7,7022.2,4779.7,"{'timestamp': '2026-09-08T23:53:11.207990+00:00', 'model_version': 'gemma:latest', 'prompt_hash': 'a6af280e'}",gemma_latest__N120
4,real_mixed_46,gemma:latest_baseline,3.046708822250366,42.86,0,codeblock,0.75,0.4,0.5217391304347827,0.125,1,13.7,22.1,17.7,205.0,205.0,24604.6,73.5,7022.2,4779.7,"{'timestamp': '2026-09-08T23:53:14.288235+00:00', 'model_version': 'gemma:latest', 'prompt_hash': 'a6af280e'}",gemma_latest__N120
4,real_mixed_47,gemma:latest_baseline,3.544217824935913,42.09,0,codeblock,0.8333333333333334,0.3571428571428571,0.5,0.0,0,14.7,20.3,15.1,205.0,205.0,24712.5,73.8,7022.2,4779.7,"{'timestamp': '2026-09-08T23:53:17.879167+00:00', 'model_version': 'gemma:latest', 'prompt_hash': 'a6af280e'}",gemma_latest__N120
4,real_mixed_48,gemma:latest_baseline,3.041829824447632,42.5,0,codeblock,0.5,0.4,0.4444444444444445,0.125,1,12.2,17.4,17.5,205.0,205.0,24725.0,73.5,7022.2,4779.7,"{'timestamp': '2026-09-08T23:53:20.946368+00:00', 'model_version': 'gemma:latest', 'prompt_hash': 'a6af280e'}",gemma_latest__N120
4,real_mixed_49,gemma:latest_baseline,4.557915210723877,41.32,0,codeblock,0.75,0.5,0.6,0.0,0,16.8,31.1,11.7,205.1,205.1,24486.9,73.9,7022.2,4779.7,"{'timestamp': '2026-09-08T23:53:25.525700+00:00', 'model_version': 'gemma:latest', 'prompt_hash': 'a6af280e'}",gemma_latest__N120
4,real_mixed_50,gemma:latest_baseline,3.5417373180389404,42.09,0,codeblock,1.0,0.5789473684210527,0.7333333333333334,0.0,0,14.2,20.4,14.9,205.1,205.1,24356.4,74.4,7022.2,4779.7,"{'timestamp': '2026-09-08T23:53:29.092937+00:00', 'model_version': 'gemma:latest', 'prompt_hash': 'a6af280e'}",gemma_latest__N120
5,real_mixed_51,gemma:latest_baseline,3.5526411533355713,42.01,0,codeblock,0.875,0.4666666666666667,0.608695652173913,0.0,0,14.9,23.5,17.1,209.6,209.6,24333.8,74.4,7022.2,4779.7,"{'timestamp': '2026-09-08T23:53:32.689791+00:00', 'model_version': 'gemma:latest', 'prompt_hash': 'a6af280e'}",gemma_latest__N120
5,real_mixed_52,gemma:latest_baseline,4.55019998550415,41.85,0,codeblock,0.8333333333333334,0.7142857142857143,0.7692307692307692,0.0,0,11.6,19.9,11.8,209.6,209.6,24271.4,74.4,7022.2,4779.7,"{'timestamp': '2026-09-08T23:53:37.277375+00:00', 'model_version': 'gemma:latest', 'prompt_hash': 'a6af280e'}",gemma_latest__N120
5,real_mixed_53,gemma:latest_baseline,4.0477917194366455,42.41,0,codeblock,0.6666666666666666,0.5,0.5714285714285715,0.0,0,10.8,21.1,13.3,209.6,209.6,24165.7,74.8,7022.2,4779.7,"{'timestamp': '2026-09-08T23:53:41.359044+00:00', 'model_version': 'gemma:latest', 'prompt_hash': 'a6af280e'}",gemma_latest__N120
5,real_mixed_54,gemma:latest_baseline,3.0452182292938232,42.87,0,codeblock,0.4545454545454545,0.625,0.5263157894736842,0.1818181818181818,2,12.8,19.3,20.6,209.7,209.7,23996.5,75.0,7022.2,4779.7,"{'timestamp': '2026-09-08T23:53:44.427639+00:00', 'model_version': 'gemma:latest', 'prompt_hash': 'a6af280e'}",gemma_latest__N120
5,real_mixed_55,gemma:latest_baseline,5.057735919952393,40.73,0,codeblock,0.5294117647058824,0.45,0.4864864864864864,0.0,0,22.6,31.0,10.6,209.7,209.7,24004.5,75.3,7022.2,4779.7,"{'timestamp': '2026-09-08T23:53:49.525635+00:00', 'model_version': 'gemma:latest', 'prompt_hash': 'a6af280e'}",gemma_latest__N120
5,real_mixed_56,gemma:latest_baseline,4.553279876708984,41.24,0,codeblock,0.6666666666666666,0.4615384615384615,0.5454545454545455,0.0,0,20.0,33.7,11.7,209.7,209.7,23797.9,75.7,7022.2,4779.7,"{'timestamp': '2026-09-08T23:53:54.120352+00:00', 'model_version': 'gemma:latest', 'prompt_hash': 'a6af280e'}",gemma_latest__N120
5,real_mixed_57,gemma:latest_baseline,2.034214973449707,43.23,0,codeblock,1.0,0.1428571428571428,0.25,0.0,0,17.1,23.5,26.1,140.4,209.7,23687.9,75.9,7022.2,4779.7,"{'timestamp': '2026-09-08T23:53:56.193478+00:00', 'model_version': 'gemma:latest', 'prompt_hash': 'a6af280e'}",gemma_latest__N120
5,real_mixed_58,gemma:latest_baseline,3.549168109893799,42.53,0,codeblock,0.8333333333333334,0.5555555555555556,0.6666666666666667,0.0,0,11.0,15.0,15.1,116.9,116.9,23506.9,76.0,7022.2,4779.7,"{'timestamp': '2026-09-08T23:53:59.779050+00:00', 'model_version': 'gemma:latest', 'prompt_hash': 'a6af280e'}",gemma_latest__N120
5,real_mixed_60,gemma:latest_baseline,3.546231985092163,42.4,0,codeblock,0.875,0.5,0.6363636363636364,0.0,0,12.2,23.9,15.3,112.8,112.8,22579.3,78.0,7022.2,4779.7,"{'timestamp': '2026-09-08T23:54:12.479092+00:00', 'model_version': 'gemma:latest', 'prompt_hash': 'a6af280e'}",gemma_latest__N120
6,real_mixed_61,gemma:latest_baseline,11.60999870300293,37.23,0,codeblock,0.5185185185185185,0.3888888888888889,0.4444444444444444,0.0,0,16.0,36.7,4.5,116.2,117.3,22513.2,78.1,7022.2,4779.7,"{'timestamp': '2026-09-08T23:54:24.169441+00:00', 'model_version': 'gemma:latest', 'prompt_hash': 'a6af280e'}",gemma_latest__N120
6,real_mixed_62,gemma:latest_baseline,4.557356834411621,41.07,0,codeblock,0.75,0.5,0.6,0.0,0,15.1,29.1,11.7,113.1,113.1,22096.7,79.1,7022.2,4779.7,"{'timestamp': '2026-09-08T23:54:28.765243+00:00', 'model_version': 'gemma:latest', 'prompt_hash': 'a6af280e'}",gemma_latest__N120
6,real_mixed_63,gemma:latest_baseline,3.5369322299957275,42.69,0,codeblock,0.6,0.4,0.48,0.0,0,10.6,17.9,15.0,113.2,113.2,22192.2,78.7,7022.2,4779.7,"{'timestamp': '2026-09-08T23:54:32.321040+00:00', 'model_version': 'gemma:latest', 'prompt_hash': 'a6af280e'}",gemma_latest__N120
6,real_mixed_64,gemma:latest_baseline,3.545192003250122,42.16,0,codeblock,0.5,1.0,0.6666666666666666,0.0,0,15.2,27.3,15.1,113.3,113.3,22265.8,78.4,7022.2,4779.7,"{'timestamp': '2026-09-08T23:54:35.882864+00:00', 'model_version': 'gemma:latest', 'prompt_hash': 'a6af280e'}",gemma_latest__N120
6,real_mixed_65,gemma:latest_baseline,3.5415942668914795,41.5,0,codeblock,0.4285714285714285,0.2727272727272727,0.3333333333333332,0.0,0,18.0,28.7,15.0,113.2,113.3,22400.1,78.4,7022.2,4779.7,"{'timestamp': '2026-09-08T23:54:39.443972+00:00', 'model_version': 'gemma:latest', 'prompt_hash': 'a6af280e'}",gemma_latest__N120
6,real_mixed_66,gemma:latest_baseline,4.5609636306762695,41.9,0,codeblock,0.8666666666666667,0.5,0.6341463414634146,0.0,0,13.7,24.8,8.0,113.3,113.3,22495.8,78.1,7022.2,4779.7,"{'timestamp': '2026-09-08T23:54:44.049110+00:00', 'model_version': 'gemma:latest', 'prompt_hash': 'a6af280e'}",gemma_latest__N120
6,real_mixed_67,gemma:latest_baseline,4.048637866973877,41.2,0,codeblock,1.0,0.5,0.6666666666666666,0.0,0,13.3,19.6,13.3,113.1,113.3,22489.7,78.2,7022.2,4779.7,"{'timestamp': '2026-09-08T23:54:48.138942+00:00', 'model_version': 'gemma:latest', 'prompt_hash': 'a6af280e'}",gemma_latest__N120
6,real_mixed_68,gemma:latest_baseline,4.555835008621216,41.26,0,codeblock,0.4285714285714285,0.3157894736842105,0.3636363636363636,0.0714285714285714,1,17.4,23.5,11.8,111.9,112.5,22139.1,79.1,7022.2,4779.7,"{'timestamp': '2026-09-08T23:54:52.714299+00:00', 'model_version': 'gemma:latest', 'prompt_hash': 'a6af280e'}",gemma_latest__N120
6,real_mixed_69,gemma:latest_baseline,4.054242134094238,41.19,0,codeblock,0.9230769230769232,0.4285714285714285,0.5853658536585366,0.0,0,20.5,31.8,13.2,111.7,112.0,21739.1,79.5,7022.2,4779.7,"{'timestamp': '2026-09-08T23:54:56.804262+00:00', 'model_version': 'gemma:latest', 'prompt_hash': 'a6af280e'}",gemma_latest__N120
6,real_mixed_70,gemma:latest_baseline,5.057551860809326,41.28,0,codeblock,0.7368421052631579,0.56,0.6363636363636364,0.0,0,16.9,28.1,10.6,111.1,111.9,21782.0,79.5,7022.2,4779.7,"{'timestamp': '2026-09-08T23:55:01.899155+00:00', 'model_version': 'gemma:latest', 'prompt_hash': 'a6af280e'}",gemma_latest__N120
7,real_mixed_71,gemma:latest_baseline,3.049309015274048,41.76,0,codeblock,0.8,0.2857142857142857,0.4210526315789473,0.0,0,9.6,13.1,17.7,113.0,113.0,21744.3,79.5,7022.2,4779.7,"{'timestamp': '2026-09-08T23:55:04.996469+00:00', 'model_version': 'gemma:latest', 'prompt_hash': 'a6af280e'}",gemma_latest__N120
7,real_mixed_72,gemma:latest_baseline,3.5501489639282227,41.78,0,codeblock,0.875,0.4117647058823529,0.56,0.0,0,17.5,32.0,15.2,113.1,113.1,21751.5,79.8,7022.2,4779.7,"{'timestamp': '2026-09-08T23:55:08.584117+00:00', 'model_version': 'gemma:latest', 'prompt_hash': 'a6af280e'}",gemma_latest__N120
7,real_mixed_73,gemma:latest_baseline,3.548464059829712,41.86,0,codeblock,0.9,0.5625,0.6923076923076923,0.0,0,9.4,20.4,14.9,113.1,113.1,21675.4,79.7,7022.2,4779.7,"{'timestamp': '2026-09-08T23:55:12.169207+00:00', 'model_version': 'gemma:latest', 'prompt_hash': 'a6af280e'}",gemma_latest__N120
7,real_mixed_74,gemma:latest_baseline,3.5531063079833984,42.08,0,codeblock,0.75,0.5,0.6,0.0,0,11.0,15.8,15.3,113.1,113.1,21608.0,79.8,7022.2,4779.7,"{'timestamp': '2026-09-08T23:55:15.754128+00:00', 'model_version': 'gemma:latest', 'prompt_hash': 'a6af280e'}",gemma_latest__N120
7,real_mixed_75,gemma:latest_baseline,3.5436160564422607,42.03,0,codeblock,0.5714285714285714,0.8,0.6666666666666666,0.0,0,12.1,18.3,15.2,113.0,113.0,21447.4,80.3,7022.2,4779.7,"{'timestamp': '2026-09-08T23:55:19.316023+00:00', 'model_version': 'gemma:latest', 'prompt_hash': 'a6af280e'}",gemma_latest__N120
7,real_mixed_76,gemma:latest_baseline,2.037165880203247,43.23,0,codeblock,0.0,0.0,0.0,0.0,0,12.7,28.1,26.4,113.0,113.0,21502.2,80.3,7022.2,4779.7,"{'timestamp': '2026-09-08T23:55:21.360677+00:00', 'model_version': 'gemma:latest', 'prompt_hash': 'a6af280e'}",gemma_latest__N120
7,real_mixed_77,gemma:latest_baseline,5.067394256591797,41.79,0,codeblock,0.7058823529411765,0.5217391304347826,0.6,0.0,0,13.4,21.0,10.7,113.1,113.1,21482.1,80.0,7022.2,4779.7,"{'timestamp': '2026-09-08T23:55:26.479885+00:00', 'model_version': 'gemma:latest', 'prompt_hash': 'a6af280e'}",gemma_latest__N120
7,real_mixed_78,gemma:latest_baseline,6.581191062927246,39.42,0,codeblock,0.3636363636363636,0.5714285714285714,0.4444444444444444,0.0909090909090909,1,11.1,21.0,8.1,113.3,113.3,21599.1,80.0,7022.2,4779.7,"{'timestamp': '2026-09-08T23:55:33.076255+00:00', 'model_version': 'gemma:latest', 'prompt_hash': 'a6af280e'}",gemma_latest__N120
7,real_mixed_80,gemma:latest_baseline,9.568043947219849,39.79,0,codeblock,0.625,0.7142857142857143,0.6666666666666666,0.0,0,18.8,34.5,5.6,112.8,113.4,21063.4,81.1,7022.2,4779.7,"{'timestamp': '2026-09-08T23:55:50.775372+00:00', 'model_version': 'gemma:latest', 'prompt_hash': 'a6af280e'}",gemma_latest__N120
8,real_mixed_81,gemma:latest_baseline,3.050010681152344,42.36,0,codeblock,1.0,0.4285714285714285,0.6,0.0,0,26.1,41.7,17.9,113.7,113.7,21324.7,79.8,7022.2,4779.7,"{'timestamp': '2026-09-08T23:55:53.875713+00:00', 'model_version': 'gemma:latest', 'prompt_hash': 'a6af280e'}",gemma_latest__N120
8,real_mixed_82,gemma:latest_baseline,4.560492038726807,41.57,0,codeblock,0.5714285714285714,0.4705882352941176,0.5161290322580646,0.0,0,16.4,28.9,11.6,113.7,113.8,21662.0,77.9,7022.2,4779.7,"{'timestamp': '2026-09-08T23:55:58.460227+00:00', 'model_version': 'gemma:latest', 'prompt_hash': 'a6af280e'}",gemma_latest__N120
8,real_mixed_83,gemma:latest_baseline,3.5540647506713867,41.98,0,codeblock,0.9166666666666666,0.8461538461538461,0.8799999999999999,0.0,0,22.8,33.4,15.0,113.7,113.8,22399.6,78.1,7022.2,4779.7,"{'timestamp': '2026-09-08T23:56:02.044662+00:00', 'model_version': 'gemma:latest', 'prompt_hash': 'a6af280e'}",gemma_latest__N120
8,real_mixed_84,gemma:latest_baseline,3.0446479320526123,42.47,0,codeblock,1.0,0.4545454545454545,0.625,0.0,0,18.7,26.7,17.8,113.7,113.7,22605.3,77.8,7022.2,4779.7,"{'timestamp': '2026-09-08T23:56:05.111165+00:00', 'model_version': 'gemma:latest', 'prompt_hash': 'a6af280e'}",gemma_latest__N120
8,real_mixed_85,gemma:latest_baseline,4.053642988204956,42.38,0,codeblock,0.7,0.7777777777777778,0.7368421052631577,0.1,1,18.3,30.9,13.2,113.7,113.7,22635.0,77.9,7022.2,4779.7,"{'timestamp': '2026-09-08T23:56:09.185395+00:00', 'model_version': 'gemma:latest', 'prompt_hash': 'a6af280e'}",gemma_latest__N120
8,real_mixed_86,gemma:latest_baseline,4.054771184921265,41.47,0,codeblock,1.0,0.7142857142857143,0.8333333333333333,0.0,0,14.9,24.4,13.3,113.7,113.8,22686.2,77.6,7022.2,4779.7,"{'timestamp': '2026-09-08T23:56:13.274659+00:00', 'model_version': 'gemma:latest', 'prompt_hash': 'a6af280e'}",gemma_latest__N120
8,real_mixed_87,gemma:latest_baseline,2.5495247840881348,42.72,0,codeblock,0.5,0.1818181818181818,0.2666666666666666,0.0,0,13.3,24.9,21.4,113.7,113.7,22616.5,77.9,7022.2,4779.7,"{'timestamp': '2026-09-08T23:56:15.847692+00:00', 'model_version': 'gemma:latest', 'prompt_hash': 'a6af280e'}",gemma_latest__N120
8,real_mixed_88,gemma:latest_baseline,3.043458938598633,42.59,0,codeblock,0.7142857142857143,0.625,0.6666666666666666,0.0,0,15.8,19.5,18.2,113.5,113.6,22311.4,78.5,7022.2,4779.7,"{'timestamp': '2026-09-08T23:56:18.912462+00:00', 'model_version': 'gemma:latest', 'prompt_hash': 'a6af280e'}",gemma_latest__N120
8,real_mixed_89,gemma:latest_baseline,3.0527150630950928,42.59,0,codeblock,0.4285714285714285,0.2142857142857142,0.2857142857142857,0.1428571428571428,1,11.8,20.3,17.8,113.5,113.5,22284.4,78.5,7022.2,4779.7,"{'timestamp': '2026-09-08T23:56:21.999568+00:00', 'model_version': 'gemma:latest', 'prompt_hash': 'a6af280e'}",gemma_latest__N120
8,real_mixed_90,gemma:latest_baseline,5.068948268890381,41.45,0,codeblock,0.7894736842105263,0.6818181818181818,0.7317073170731707,0.0,0,13.9,27.3,10.6,113.3,113.6,22113.9,78.8,7022.2,4779.7,"{'timestamp': '2026-09-08T23:56:27.114431+00:00', 'model_version': 'gemma:latest', 'prompt_hash': 'a6af280e'}",gemma_latest__N120
9,real_mixed_91,gemma:latest_baseline,4.548530101776123,41.62,0,codeblock,0.8571428571428571,0.7058823529411765,0.7741935483870968,0.0,0,9.2,15.0,11.5,113.6,113.6,21962.1,79.2,7022.2,4779.7,"{'timestamp': '2026-09-08T23:56:31.709809+00:00', 'model_version': 'gemma:latest', 'prompt_hash': 'a6af280e'}",gemma_latest__N120
9,real_mixed_92,gemma:latest_baseline,4.555570125579834,40.99,0,codeblock,0.8235294117647058,0.6666666666666666,0.7368421052631577,0.0,0,12.6,26.1,12.2,113.4,113.6,21902.3,79.2,7022.2,4779.7,"{'timestamp': '2026-09-08T23:56:36.300971+00:00', 'model_version': 'gemma:latest', 'prompt_hash': 'a6af280e'}",gemma_latest__N120
9,real_mixed_93,gemma:latest_baseline,3.5455968379974365,42.13,0,codeblock,0.9166666666666666,0.7333333333333333,0.8148148148148148,0.0,0,13.6,21.1,15.1,113.4,113.5,21682.0,80.1,7022.2,4779.7,"{'timestamp': '2026-09-08T23:56:39.876007+00:00', 'model_version': 'gemma:latest', 'prompt_hash': 'a6af280e'}",gemma_latest__N120
9,real_mixed_94,gemma:latest_baseline,4.552495002746582,41.43,0,codeblock,0.8333333333333334,0.4545454545454545,0.5882352941176471,0.0,0,10.0,16.8,12.1,113.3,113.3,21609.4,79.7,7022.2,4779.7,"{'timestamp': '2026-09-08T23:56:44.470250+00:00', 'model_version': 'gemma:latest', 'prompt_hash': 'a6af280e'}",gemma_latest__N120
9,real_mixed_95,gemma:latest_baseline,3.0386962890625,42.14,0,codeblock,0.2222222222222222,0.25,0.2352941176470588,0.0,0,14.6,18.1,18.0,113.2,113.3,21851.9,79.4,7022.2,4779.7,"{'timestamp': '2026-09-08T23:56:47.530528+00:00', 'model_version': 'gemma:latest', 'prompt_hash': 'a6af280e'}",gemma_latest__N120
9,real_mixed_96,gemma:latest_baseline,3.0361368656158447,42.29,0,codeblock,0.7,0.5,0.5833333333333334,0.0,0,9.2,12.4,17.9,113.2,113.2,21992.5,79.0,7022.2,4779.7,"{'timestamp': '2026-09-08T23:56:50.596144+00:00', 'model_version': 'gemma:latest', 'prompt_hash': 'a6af280e'}",gemma_latest__N120
9,real_mixed_97,gemma:latest_baseline,3.0466630458831787,41.93,0,codeblock,0.7,0.5384615384615384,0.608695652173913,0.0,0,19.0,31.7,17.7,113.2,113.2,22020.2,79.1,7022.2,4779.7,"{'timestamp': '2026-09-08T23:56:53.673624+00:00', 'model_version': 'gemma:latest', 'prompt_hash': 'a6af280e'}",gemma_latest__N120
9,real_mixed_98,gemma:latest_baseline,6.05434513092041,41.19,0,codeblock,0.8235294117647058,0.4117647058823529,0.5490196078431372,0.0,0,12.5,19.8,8.8,113.2,113.2,21960.8,79.2,7022.2,4779.7,"{'timestamp': '2026-09-08T23:56:59.779737+00:00', 'model_version': 'gemma:latest', 'prompt_hash': 'a6af280e'}",gemma_latest__N120
9,real_mixed_99,gemma:latest_baseline,3.0397391319274902,42.88,0,codeblock,0.4285714285714285,0.5,0.4615384615384615,0.0,0,13.9,20.8,17.6,113.2,113.2,21930.0,79.2,7022.2,4779.7,"{'timestamp': '2026-09-08T23:57:02.838775+00:00', 'model_version': 'gemma:latest', 'prompt_hash': 'a6af280e'}",gemma_latest__N120
9,real_mixed_100,gemma:latest_baseline,4.046719074249268,41.18,0,codeblock,0.9333333333333332,0.6666666666666666,0.7777777777777778,0.0,0,17.8,29.0,13.4,113.2,113.3,21813.4,79.5,7022.2,4779.7,"{'timestamp': '2026-09-08T23:57:06.913604+00:00', 'model_version': 'gemma:latest', 'prompt_hash': 'a6af280e'}",gemma_latest__N120
10,real_mixed_102,gemma:latest_baseline,1.532794952392578,43.87,0,codeblock,1.0,1.0,1.0,0.0,0,10.7,17.5,35.5,113.5,113.5,21278.9,80.8,7022.2,4779.7,"{'timestamp': '2026-09-08T23:57:11.536481+00:00', 'model_version': 'gemma:latest', 'prompt_hash': 'a6af280e'}",gemma_latest__N120
10,real_mixed_103,gemma:latest_baseline,2.0323410034179688,42.14,0,codeblock,1.0,1.0,1.0,0.0,0,26.3,45.1,27.0,113.5,113.5,21181.6,80.5,7022.2,4779.7,"{'timestamp': '2026-09-08T23:57:13.580746+00:00', 'model_version': 'gemma:latest', 'prompt_hash': 'a6af280e'}",gemma_latest__N120
10,real_mixed_104,gemma:latest_baseline,4.039124965667725,41.84,0,codeblock,0.9285714285714286,0.6190476190476191,0.742857142857143,0.0,0,14.9,25.3,13.4,113.5,113.5,21012.6,80.9,7022.2,4779.7,"{'timestamp': '2026-09-08T23:57:17.649222+00:00', 'model_version': 'gemma:latest', 'prompt_hash': 'a6af280e'}",gemma_latest__N120
10,real_mixed_105,gemma:latest_baseline,3.547354221343994,42.03,0,codeblock,0.7142857142857143,0.3333333333333333,0.4545454545454545,0.0,0,14.5,28.4,15.8,113.5,113.5,20956.3,79.4,7022.2,4779.7,"{'timestamp': '2026-09-08T23:57:21.224744+00:00', 'model_version': 'gemma:latest', 'prompt_hash': 'a6af280e'}",gemma_latest__N120
10,real_mixed_106,gemma:latest_baseline,2.0360729694366455,42.72,0,codeblock,1.0,1.0,1.0,0.0,0,18.9,32.0,26.4,113.5,113.5,21090.7,79.2,7022.2,4779.7,"{'timestamp': '2026-09-08T23:57:23.270237+00:00', 'model_version': 'gemma:latest', 'prompt_hash': 'a6af280e'}",gemma_latest__N120
10,real_mixed_107,gemma:latest_baseline,6.055554151535034,40.37,0,codeblock,1.0,0.8571428571428571,0.923076923076923,0.0,0,15.2,40.8,8.8,113.6,113.6,21356.7,79.1,7022.2,4779.7,"{'timestamp': '2026-09-08T23:57:29.340063+00:00', 'model_version': 'gemma:latest', 'prompt_hash': 'a6af280e'}",gemma_latest__N120
10,real_mixed_108,gemma:latest_baseline,3.0404160022735596,41.58,0,codeblock,0.3333333333333333,0.25,0.2857142857142857,0.0,0,10.6,17.4,17.4,113.7,113.7,21745.5,79.1,7022.2,4779.7,"{'timestamp': '2026-09-08T23:57:32.401132+00:00', 'model_version': 'gemma:latest', 'prompt_hash': 'a6af280e'}",gemma_latest__N120
10,real_mixed_109,gemma:latest_baseline,5.055779218673706,41.38,0,codeblock,0.7894736842105263,0.5172413793103449,0.625,0.0,0,10.8,22.3,10.8,113.7,113.7,21935.1,78.2,7022.2,4779.7,"{'timestamp': '2026-09-08T23:57:37.507977+00:00', 'model_version': 'gemma:latest', 'prompt_hash': 'a6af280e'}",gemma_latest__N120
10,real_mixed_110,gemma:latest_baseline,5.059736013412476,41.25,0,codeblock,0.6666666666666666,0.3333333333333333,0.4444444444444444,0.0,0,9.2,19.1,10.6,113.8,113.8,22084.1,78.3,7022.2,4779.7,"{'timestamp': '2026-09-08T23:57:42.612563+00:00', 'model_version': 'gemma:latest', 'prompt_hash': 'a6af280e'}",gemma_latest__N120
11,real_mixed_111,gemma:latest_baseline,5.550275087356567,42.37,0,codeblock,0.9666666666666668,0.8529411764705882,0.90625,0.0,0,11.1,19.5,9.5,113.9,113.9,22328.4,77.9,7022.2,4779.7,"{'timestamp': '2026-09-08T23:57:48.237157+00:00', 'model_version': 'gemma:latest', 'prompt_hash': 'a6af280e'}",gemma_latest__N120
11,real_mixed_112,gemma:latest_baseline,3.0453221797943115,42.73,0,codeblock,0.4285714285714285,0.375,0.3999999999999999,0.0,0,12.1,21.7,18.1,114.0,114.0,22501.0,77.8,7022.2,4779.7,"{'timestamp': '2026-09-08T23:57:51.299887+00:00', 'model_version': 'gemma:latest', 'prompt_hash': 'a6af280e'}",gemma_latest__N120
11,real_mixed_113,gemma:latest_baseline,3.036684989929199,41.46,0,codeblock,0.75,0.6,0.6666666666666665,0.0,0,17.7,29.5,17.6,110.9,114.0,22545.3,77.9,7022.2,4779.7,"{'timestamp': '2026-09-08T23:57:54.359508+00:00', 'model_version': 'gemma:latest', 'prompt_hash': 'a6af280e'}",gemma_latest__N120
11,real_mixed_114,gemma:latest_baseline,3.542851209640503,42.38,0,codeblock,0.8,0.5333333333333333,0.64,0.0,0,12.7,30.9,15.5,108.4,108.5,22204.9,78.8,7022.2,4779.7,"{'timestamp': '2026-09-08T23:57:57.926441+00:00', 'model_version': 'gemma:latest', 'prompt_hash': 'a6af280e'}",gemma_latest__N120
11,real_mixed_115,gemma:latest_baseline,2.5446407794952393,42.98,0,codeblock,1.0,0.75,0.8571428571428571,0.0,0,10.6,14.7,21.4,108.9,108.9,22063.9,78.6,7022.2,4779.7,"{'timestamp': '2026-09-08T23:58:00.483413+00:00', 'model_version': 'gemma:latest', 'prompt_hash': 'a6af280e'}",gemma_latest__N120
11,real_mixed_116,gemma:latest_baseline,2.0368497371673584,43.55,0,codeblock,0.0,0.0,0.0,0.0,0,10.8,16.2,26.4,109.5,109.5,22167.1,78.6,7022.2,4779.7,"{'timestamp': '2026-09-08T23:58:02.538457+00:00', 'model_version': 'gemma:latest', 'prompt_hash': 'a6af280e'}",gemma_latest__N120
11,real_mixed_117,gemma:latest_baseline,5.56955099105835,41.31,0,codeblock,0.4666666666666667,0.5,0.4827586206896552,0.0,0,12.7,26.7,9.8,110.0,110.0,22107.9,78.8,7022.2,4779.7,"{'timestamp': '2026-09-08T23:58:08.134216+00:00', 'model_version': 'gemma:latest', 'prompt_hash': 'a6af280e'}",gemma_latest__N120
11,real_mixed_118,gemma:latest_baseline,3.0384130477905273,42.62,0,codeblock,1.0,0.875,0.9333333333333332,0.0,0,9.4,14.0,18.4,110.3,110.3,21834.4,79.2,7022.2,4779.7,"{'timestamp': '2026-09-08T23:58:11.185060+00:00', 'model_version': 'gemma:latest', 'prompt_hash': 'a6af280e'}",gemma_latest__N120
11,real_mixed_119,gemma:latest_baseline,3.5416431427001953,41.95,0,codeblock,0.6666666666666666,0.75,0.7058823529411765,0.0,0,16.8,31.4,15.1,110.7,110.8,21846.3,79.1,7022.2,4779.7,"{'timestamp': '2026-09-08T23:58:14.747171+00:00', 'model_version': 'gemma:latest', 'prompt_hash': 'a6af280e'}",gemma_latest__N120
11,real_mixed_120,gemma:latest_baseline,3.049147844314575,42.77,0,codeblock,0.7,0.5833333333333334,0.6363636363636365,0.0,0,18.4,25.1,1.6,109.0,110.5,21702.3,79.8,7022.2,4779.7,"{'timestamp': '2026-09-08T23:58:17.832158+00:00', 'model_version': 'gemma:latest', 'prompt_hash': 'a6af280e'}",gemma_latest__N120
0,real_mixed_2,gemma:latest_kb_rag,4.547618865966797,40.62,0,codeblock,0.9,0.5294117647058824,0.6666666666666667,0.0,0,15.2,25.6,13.2,355.2,359.5,21517.7,80.0,7022.2,4779.7,"{'timestamp': '2026-09-08T23:58:28.947668+00:00', 'model_version': 'gemma:latest', 'prompt_hash': 'a6af280e'}",gemma_latest__N120
0,real_mixed_3,gemma:latest_kb_rag,4.542775869369507,40.95,0,codeblock,0.6666666666666666,0.3529411764705882,0.4615384615384615,0.1111111111111111,1,12.3,21.9,11.9,384.5,384.5,21585.4,79.6,7022.2,4779.7,"{'timestamp': '2026-09-08T23:58:33.600730+00:00', 'model_version': 'gemma:latest', 'prompt_hash': 'a6af280e'}",gemma_latest__N120
0,real_mixed_4,gemma:latest_kb_rag,5.04950213432312,40.43,0,codeblock,0.6428571428571429,0.6,0.6206896551724138,0.0714285714285714,1,18.1,27.0,11.3,383.7,384.9,21105.8,80.8,7022.2,4779.7,"{'timestamp': '2026-09-08T23:58:38.781328+00:00', 'model_version': 'gemma:latest', 'prompt_hash': 'a6af280e'}",gemma_latest__N120
0,real_mixed_5,gemma:latest_kb_rag,4.559589862823486,40.49,0,codeblock,0.8666666666666667,0.6190476190476191,0.7222222222222222,0.0,0,14.1,22.3,11.9,382.7,382.7,21074.9,80.8,7022.2,4779.7,"{'timestamp': '2026-09-08T23:58:43.466679+00:00', 'model_version': 'gemma:latest', 'prompt_hash': 'a6af280e'}",gemma_latest__N120
0,real_mixed_6,gemma:latest_kb_rag,4.039210319519043,40.47,0,codeblock,1.0,0.85,0.9189189189189187,0.0,0,13.8,15.5,13.4,382.9,383.1,21094.2,80.8,7022.2,4779.7,"{'timestamp': '2026-09-08T23:58:47.619542+00:00', 'model_version': 'gemma:latest', 'prompt_hash': 'a6af280e'}",gemma_latest__N120
0,real_mixed_7,gemma:latest_kb_rag,5.559845924377441,40.33,0,codeblock,0.75,0.6,0.6666666666666665,0.125,2,15.1,21.6,9.7,381.8,382.8,21082.2,80.7,7022.2,4779.7,"{'timestamp': '2026-09-08T23:58:53.292675+00:00', 'model_version': 'gemma:latest', 'prompt_hash': 'a6af280e'}",gemma_latest__N120
0,real_mixed_8,gemma:latest_kb_rag,3.5371382236480713,40.59,0,codeblock,0.7142857142857143,0.3333333333333333,0.4545454545454545,0.0,0,13.8,25.3,15.5,381.5,382.2,21038.3,80.7,7022.2,4779.7,"{'timestamp': '2026-09-08T23:58:56.948196+00:00', 'model_version': 'gemma:latest', 'prompt_hash': 'a6af280e'}",gemma_latest__N120
0,real_mixed_9,gemma:latest_kb_rag,4.048511028289795,40.63,0,codeblock,0.7272727272727273,0.5,0.5925925925925926,0.0,0,15.5,20.0,13.7,381.8,382.5,21011.3,80.9,7022.2,4779.7,"{'timestamp': '2026-09-08T23:59:01.117669+00:00', 'model_version': 'gemma:latest', 'prompt_hash': 'a6af280e'}",gemma_latest__N120
0,real_mixed_10,gemma:latest_kb_rag,4.566244840621948,40.54,0,codeblock,0.5714285714285714,0.5714285714285714,0.5714285714285714,0.0,0,16.2,22.3,11.9,381.9,382.0,20926.0,81.0,7022.2,4779.7,"{'timestamp': '2026-09-08T23:59:05.794266+00:00', 'model_version': 'gemma:latest', 'prompt_hash': 'a6af280e'}",gemma_latest__N120
1,real_mixed_11,gemma:latest_kb_rag,9.094711065292358,38.09,0,codeblock,0.7916666666666666,0.7037037037037037,0.7450980392156864,0.0,0,11.9,20.9,6.0,384.6,384.8,20964.5,80.9,7022.2,4779.7,"{'timestamp': '2026-09-08T23:59:15.027581+00:00', 'model_version': 'gemma:latest', 'prompt_hash': 'a6af280e'}",gemma_latest__N120
1,real_mixed_12,gemma:latest_kb_rag,4.554733037948608,40.67,0,codeblock,0.6111111111111112,0.9166666666666666,0.7333333333333334,0.0,0,12.0,32.2,12.1,384.0,384.3,21181.0,80.7,7022.2,4779.7,"{'timestamp': '2026-09-08T23:59:19.686901+00:00', 'model_version': 'gemma:latest', 'prompt_hash': 'a6af280e'}",gemma_latest__N120
1,real_mixed_13,gemma:latest_kb_rag,7.083538770675659,39.84,0,codeblock,0.7727272727272727,0.6296296296296297,0.6938775510204083,0.0,0,24.9,32.9,7.8,326.6,362.8,20891.1,80.8,7022.2,4779.7,"{'timestamp': '2026-09-08T23:59:26.926433+00:00', 'model_version': 'gemma:latest', 'prompt_hash': 'a6af280e'}",gemma_latest__N120
1,real_mixed_14,gemma:latest_kb_rag,7.070605754852295,38.52,0,codeblock,0.8333333333333334,0.6666666666666666,0.7407407407407408,0.0,0,12.8,26.1,7.9,360.4,360.6,20890.2,79.8,7022.2,4779.7,"{'timestamp': '2026-09-08T23:59:34.126816+00:00', 'model_version': 'gemma:latest', 'prompt_hash': 'a6af280e'}",gemma_latest__N120
1,real_mixed_15,gemma:latest_kb_rag,4.551714897155762,40.58,0,codeblock,0.5833333333333334,0.3333333333333333,0.4242424242424242,0.3333333333333333,4,16.5,20.8,11.8,361.1,361.1,21279.4,78.3,7022.2,4779.7,"{'timestamp': '2026-09-08T23:59:38.806727+00:00', 'model_version': 'gemma:latest', 'prompt_hash': 'a6af280e'}",gemma_latest__N120
1,real_mixed_16,gemma:latest_kb_rag,3.032806158065796,41.01,0,direct_json,0.8,0.6666666666666666,0.7272727272727272,0.0,0,29.0,36.9,18.3,361.4,361.4,21780.9,78.6,7022.2,4779.7,"{'timestamp': '2026-09-08T23:59:41.955173+00:00', 'model_version': 'gemma:latest', 'prompt_hash': 'a6af280e'}",gemma_latest__N120
1,real_mixed_17,gemma:latest_kb_rag,2.5335869789123535,41.53,0,codeblock,0.5714285714285714,0.8,0.6666666666666666,0.0,0,21.7,25.2,21.4,361.8,361.9,21900.0,78.3,7022.2,4779.7,"{'timestamp': '2026-09-08T23:59:44.595682+00:00', 'model_version': 'gemma:latest', 'prompt_hash': 'a6af280e'}",gemma_latest__N120
1,real_mixed_18,gemma:latest_kb_rag,4.034043073654175,40.42,0,codeblock,0.7,0.5,0.5833333333333334,0.2,2,30.5,44.2,14.9,362.1,362.1,22127.9,78.6,7022.2,4779.7,"{'timestamp': '2026-09-08T23:59:48.750384+00:00', 'model_version': 'gemma:latest', 'prompt_hash': 'a6af280e'}",gemma_latest__N120
1,real_mixed_19,gemma:latest_kb_rag,4.050557374954224,40.92,0,codeblock,1.0,0.5909090909090909,0.7428571428571429,0.0,0,28.7,43.8,13.6,349.9,362.4,21951.0,78.0,7022.2,4779.7,"{'timestamp': '2026-09-08T23:59:52.930553+00:00', 'model_version': 'gemma:latest', 'prompt_hash': 'a6af280e'}",gemma_latest__N120
1,real_mixed_20,gemma:latest_kb_rag,4.557332992553711,40.25,0,codeblock,0.9166666666666666,0.5789473684210527,0.7096774193548387,0.0,0,30.3,35.8,13.4,358.8,362.7,22346.3,78.2,7022.2,4779.7,"{'timestamp': '2026-09-08T23:59:57.614071+00:00', 'model_version': 'gemma:latest', 'prompt_hash': 'a6af280e'}",gemma_latest__N120
2,real_mixed_22,gemma:latest_kb_rag,2.5348141193389893,39.0,0,codeblock,0.0,0.0,0.0,0.1428571428571428,1,39.6,47.8,22.1,332.3,353.3,22196.4,78.8,7022.2,4779.7,"{'timestamp': '2026-09-09T00:00:04.963440+00:00', 'model_version': 'gemma:latest', 'prompt_hash': 'a6af280e'}",gemma_latest__N120
2,real_mixed_23,gemma:latest_kb_rag,4.548366069793701,38.04,0,codeblock,0.8888888888888888,0.4705882352941176,0.6153846153846153,0.0,0,38.7,43.6,12.4,300.9,358.0,21942.3,79.5,7022.2,4779.7,"{'timestamp': '2026-09-09T00:00:09.659169+00:00', 'model_version': 'gemma:latest', 'prompt_hash': 'a6af280e'}",gemma_latest__N120
2,real_mixed_24,gemma:latest_kb_rag,4.550462961196899,38.75,0,codeblock,0.625,0.4545454545454545,0.5263157894736842,0.0,0,35.5,43.4,11.9,333.3,359.6,21714.0,79.8,7022.2,4779.7,"{'timestamp': '2026-09-09T00:00:14.366181+00:00', 'model_version': 'gemma:latest', 'prompt_hash': 'a6af280e'}",gemma_latest__N120
2,real_mixed_25,gemma:latest_kb_rag,3.543339967727661,38.58,0,codeblock,0.6,0.3529411764705882,0.4444444444444445,0.0,0,32.8,38.3,16.0,313.4,358.0,21992.3,79.2,7022.2,4779.7,"{'timestamp': '2026-09-09T00:00:18.050992+00:00', 'model_version': 'gemma:latest', 'prompt_hash': 'a6af280e'}",gemma_latest__N120
2,real_mixed_26,gemma:latest_kb_rag,7.055149078369141,37.97,0,codeblock,1.0,0.6904761904761905,0.8169014084507042,0.0,0,33.3,43.6,7.5,314.4,357.5,21901.6,79.2,7022.2,4779.7,"{'timestamp': '2026-09-09T00:00:25.269124+00:00', 'model_version': 'gemma:latest', 'prompt_hash': 'a6af280e'}",gemma_latest__N120
2,real_mixed_28,gemma:latest_kb_rag,4.569349050521851,38.16,0,codeblock,0.8888888888888888,0.4444444444444444,0.5925925925925926,0.0,0,33.8,47.2,12.3,309.0,357.6,21429.9,80.7,7022.2,4779.7,"{'timestamp': '2026-09-09T00:00:39.714765+00:00', 'model_version': 'gemma:latest', 'prompt_hash': 'a6af280e'}",gemma_latest__N120
2,real_mixed_29,gemma:latest_kb_rag,5.0453691482543945,38.35,0,codeblock,0.7142857142857143,0.6,0.6521739130434783,0.0,0,29.9,49.3,11.0,285.1,343.0,21331.2,81.0,7022.2,4779.7,"{'timestamp': '2026-09-09T00:00:44.985206+00:00', 'model_version': 'gemma:latest', 'prompt_hash': 'a6af280e'}",gemma_latest__N120
2,real_mixed_30,gemma:latest_kb_rag,3.027376890182495,38.73,0,codeblock,0.7777777777777778,0.5384615384615384,0.6363636363636364,0.0,0,33.8,39.9,18.8,321.0,342.8,21199.5,81.5,7022.2,4779.7,"{'timestamp': '2026-09-09T00:00:48.144232+00:00', 'model_version': 'gemma:latest', 'prompt_hash': 'a6af280e'}",gemma_latest__N120
3,real_mixed_31,gemma:latest_kb_rag,3.0246920585632324,39.94,0,codeblock,0.4285714285714285,0.6,0.5,0.0,0,21.2,41.1,18.8,472.7,472.7,21295.1,81.0,7022.2,4779.7,"{'timestamp': '2026-09-09T00:00:51.387424+00:00', 'model_version': 'gemma:latest', 'prompt_hash': 'a6af280e'}",gemma_latest__N120
3,real_mixed_32,gemma:latest_kb_rag,6.545650243759155,38.44,0,codeblock,0.6428571428571429,0.5625,0.6000000000000001,0.0,0,29.7,41.5,15.2,440.9,472.7,21255.3,80.9,7022.2,4779.7,"{'timestamp': '2026-09-09T00:00:54.925203+00:00', 'model_version': 'gemma:latest', 'prompt_hash': 'a6af280e'}",gemma_latest__N120
3,real_mixed_33,gemma:latest_kb_rag,7.5624840259552,38.41,0,codeblock,0.5833333333333334,0.4666666666666667,0.5185185185185186,0.1666666666666666,2,37.2,47.8,11.5,374.9,413.7,21248.3,80.9,7022.2,4779.7,"{'timestamp': '2026-09-09T00:00:59.070753+00:00', 'model_version': 'gemma:latest', 'prompt_hash': 'a6af280e'}",gemma_latest__N120
3,real_mixed_34,gemma:latest_kb_rag,9.064791202545166,38.35,0,codeblock,0.4285714285714285,0.4285714285714285,0.4285714285714285,0.2857142857142857,4,36.7,86.2,9.8,326.3,387.4,21252.5,81.0,7022.2,4779.7,"{'timestamp': '2026-09-09T00:01:04.113097+00:00', 'model_version': 'gemma:latest', 'prompt_hash': 'a6af280e'}",gemma_latest__N120
3,real_mixed_35,gemma:latest_kb_rag,8.566570043563843,38.88,0,codeblock,0.7272727272727273,0.6666666666666666,0.6956521739130435,0.0,0,29.6,91.4,10.3,341.2,383.3,21259.0,81.0,7022.2,4779.7,"{'timestamp': '2026-09-09T00:01:07.763733+00:00', 'model_version': 'gemma:latest', 'prompt_hash': 'a6af280e'}",gemma_latest__N120
3,real_mixed_36,gemma:latest_kb_rag,6.063066005706787,39.04,0,direct_json,1.0,0.5454545454545454,0.7058823529411764,0.0,0,19.5,30.1,14.6,352.7,379.0,21272.2,81.1,7022.2,4779.7,"{'timestamp': '2026-09-09T00:01:10.313578+00:00', 'model_version': 'gemma:latest', 'prompt_hash': 'a6af280e'}",gemma_latest__N120
3,real_mixed_37,gemma:latest_kb_rag,6.563826084136963,38.88,0,codeblock,0.4666666666666667,0.4666666666666667,0.4666666666666667,0.3333333333333333,5,13.9,24.9,13.5,339.2,372.6,21222.2,80.9,7022.2,4779.7,"{'timestamp': '2026-09-09T00:01:14.473049+00:00', 'model_version': 'gemma:latest', 'prompt_hash': 'a6af280e'}",gemma_latest__N120
3,real_mixed_38,gemma:latest_kb_rag,8.563109874725342,38.72,0,codeblock,0.8333333333333334,0.5555555555555556,0.6666666666666667,0.0,0,16.2,26.5,10.3,344.6,373.5,21351.4,80.2,7022.2,4779.7,"{'timestamp': '2026-09-09T00:01:19.012002+00:00', 'model_version': 'gemma:latest', 'prompt_hash': 'a6af280e'}",gemma_latest__N120
3,real_mixed_39,gemma:latest_kb_rag,8.073023080825806,38.27,0,codeblock,0.7142857142857143,0.625,0.6666666666666666,0.0,0,16.6,27.8,11.1,359.2,374.8,21627.6,79.8,7022.2,4779.7,"{'timestamp': '2026-09-09T00:01:22.664110+00:00', 'model_version': 'gemma:latest', 'prompt_hash': 'a6af280e'}",gemma_latest__N120
3,real_mixed_40,gemma:latest_kb_rag,7.108384132385254,38.28,0,codeblock,0.8888888888888888,0.5333333333333333,0.6666666666666667,0.0,0,21.1,42.4,7.9,290.4,374.8,21780.9,79.8,7022.2,4779.7,"{'timestamp': '2026-09-09T00:01:26.248780+00:00', 'model_version': 'gemma:latest', 'prompt_hash': 'a6af280e'}",gemma_latest__N120
4,real_mixed_42,gemma:latest_kb_rag,5.071551084518433,38.72,0,codeblock,0.875,0.4827586206896552,0.6222222222222222,0.0,0,18.3,26.3,11.1,422.1,478.0,21370.0,80.6,7022.2,4779.7,"{'timestamp': '2026-09-09T00:01:31.586161+00:00', 'model_version': 'gemma:latest', 'prompt_hash': 'a6af280e'}",gemma_latest__N120
4,real_mixed_43,gemma:latest_kb_rag,16.73800492286682,34.43,0,direct_json,0.6153846153846154,0.7272727272727273,0.6666666666666667,0.2692307692307692,7,19.9,33.6,5.4,294.0,402.9,21466.1,80.6,7022.2,4779.7,"{'timestamp': '2026-09-09T00:01:48.452929+00:00', 'model_version': 'gemma:latest', 'prompt_hash': 'a6af280e'}",gemma_latest__N120
4,real_mixed_44,gemma:latest_kb_rag,18.752209901809692,38.49,0,codeblock,0.7777777777777778,0.7,0.7368421052631577,0.0,0,20.8,33.7,4.9,279.3,402.9,21363.5,80.5,7022.2,4779.7,"{'timestamp': '2026-09-09T00:01:55.038251+00:00', 'model_version': 'gemma:latest', 'prompt_hash': 'a6af280e'}",gemma_latest__N120
4,real_mixed_45,gemma:latest_kb_rag,9.614443063735962,39.1,0,codeblock,0.6666666666666666,0.5,0.5714285714285715,0.1666666666666666,2,14.5,32.0,9.3,294.6,372.0,21244.1,80.1,7022.2,4779.7,"{'timestamp': '2026-09-09T00:01:58.258452+00:00', 'model_version': 'gemma:latest', 'prompt_hash': 'a6af280e'}",gemma_latest__N120
4,real_mixed_46,gemma:latest_kb_rag,6.0842931270599365,39.35,0,codeblock,0.3,0.2,0.24,0.1,1,15.0,20.5,14.2,372.5,373.2,21487.2,79.4,7022.2,4779.7,"{'timestamp': '2026-09-09T00:02:01.245410+00:00', 'model_version': 'gemma:latest', 'prompt_hash': 'a6af280e'}",gemma_latest__N120
4,real_mixed_47,gemma:latest_kb_rag,8.103270053863525,38.41,0,codeblock,0.9583333333333334,0.8214285714285714,0.8846153846153847,0.0,0,18.8,45.0,10.8,356.3,374.5,21716.5,79.3,7022.2,4779.7,"{'timestamp': '2026-09-09T00:02:06.490335+00:00', 'model_version': 'gemma:latest', 'prompt_hash': 'a6af280e'}",gemma_latest__N120
4,real_mixed_48,gemma:latest_kb_rag,8.600966691970825,39.39,0,codeblock,0.375,0.3,0.3333333333333332,0.0,0,18.2,43.4,10.3,350.7,374.5,21966.8,79.4,7022.2,4779.7,"{'timestamp': '2026-09-09T00:02:09.960455+00:00', 'model_version': 'gemma:latest', 'prompt_hash': 'a6af280e'}",gemma_latest__N120
4,real_mixed_49,gemma:latest_kb_rag,8.113831758499146,38.77,0,codeblock,0.6666666666666666,0.5555555555555556,0.606060606060606,0.1333333333333333,2,13.8,22.6,10.7,337.7,370.9,21966.7,79.5,7022.2,4779.7,"{'timestamp': '2026-09-09T00:02:14.734722+00:00', 'model_version': 'gemma:latest', 'prompt_hash': 'a6af280e'}",gemma_latest__N120
4,real_mixed_50,gemma:latest_kb_rag,7.617246150970459,39.26,0,codeblock,0.7,0.3684210526315789,0.4827586206896551,0.1,1,15.4,24.4,7.7,282.5,356.5,21836.7,79.8,7022.2,4779.7,"{'timestamp': '2026-09-09T00:02:17.715638+00:00', 'model_version': 'gemma:latest', 'prompt_hash': 'a6af280e'}",gemma_latest__N120
5,real_mixed_51,gemma:latest_kb_rag,4.562587261199951,38.67,0,codeblock,0.8333333333333334,0.6666666666666666,0.7407407407407408,0.0,0,17.0,24.0,12.4,441.9,477.4,21862.5,79.9,7022.2,4779.7,"{'timestamp': '2026-09-09T00:02:22.529187+00:00', 'model_version': 'gemma:latest', 'prompt_hash': 'a6af280e'}",gemma_latest__N120
5,real_mixed_52,gemma:latest_kb_rag,9.625925064086914,38.45,0,codeblock,0.8,0.7619047619047619,0.7804878048780488,0.0,0,17.6,29.9,16.8,369.3,477.3,21817.1,80.0,7022.2,4779.7,"{'timestamp': '2026-09-09T00:02:27.597083+00:00', 'model_version': 'gemma:latest', 'prompt_hash': 'a6af280e'}",gemma_latest__N120
5,real_mixed_53,gemma:latest_kb_rag,8.642076969146729,39.27,0,codeblock,0.3636363636363636,0.25,0.2962962962962963,0.0,0,15.8,27.8,10.4,341.0,395.9,21744.9,80.2,7022.2,4779.7,"{'timestamp': '2026-09-09T00:02:31.298386+00:00', 'model_version': 'gemma:latest', 'prompt_hash': 'a6af280e'}",gemma_latest__N120
5,real_mixed_54,gemma:latest_kb_rag,5.594597101211548,39.33,0,codeblock,0.625,0.625,0.625,0.0,0,15.4,35.5,16.7,374.3,397.4,21666.8,80.3,7022.2,4779.7,"{'timestamp': '2026-09-09T00:02:33.333093+00:00', 'model_version': 'gemma:latest', 'prompt_hash': 'a6af280e'}",gemma_latest__N120
5,real_mixed_55,gemma:latest_kb_rag,7.102521896362305,38.43,0,codeblock,0.8235294117647058,0.7,0.7567567567567567,0.0,0,20.6,48.1,12.0,312.5,397.2,21721.3,80.0,7022.2,4779.7,"{'timestamp': '2026-09-09T00:02:38.564561+00:00', 'model_version': 'gemma:latest', 'prompt_hash': 'a6af280e'}",gemma_latest__N120
5,real_mixed_56,gemma:latest_kb_rag,10.1403968334198,38.53,0,codeblock,0.6666666666666666,0.5384615384615384,0.5957446808510638,0.1904761904761904,4,19.4,47.9,9.0,302.7,390.8,21699.3,80.0,7022.2,4779.7,"{'timestamp': '2026-09-09T00:02:43.619134+00:00', 'model_version': 'gemma:latest', 'prompt_hash': 'a6af280e'}",gemma_latest__N120
5,real_mixed_57,gemma:latest_kb_rag,8.115947008132935,39.03,0,codeblock,1.0,0.7142857142857143,0.8333333333333333,0.0,0,18.9,29.7,11.4,335.3,369.8,21663.2,80.2,7022.2,4779.7,"{'timestamp': '2026-09-09T00:02:46.822791+00:00', 'model_version': 'gemma:latest', 'prompt_hash': 'a6af280e'}",gemma_latest__N120
5,real_mixed_58,gemma:latest_kb_rag,7.072361946105957,37.86,0,codeblock,0.8571428571428571,0.6666666666666666,0.75,0.0,0,25.3,39.5,12.8,322.0,369.8,21590.9,80.5,7022.2,4779.7,"{'timestamp': '2026-09-09T00:02:50.858792+00:00', 'model_version': 'gemma:latest', 'prompt_hash': 'a6af280e'}",gemma_latest__N120
5,real_mixed_60,gemma:latest_kb_rag,12.142842054367064,38.85,0,codeblock,0.75,0.6428571428571429,0.6923076923076924,0.0,0,19.0,35.0,4.9,293.7,363.6,21307.0,80.8,7022.2,4779.7,"{'timestamp': '2026-09-09T00:03:03.142900+00:00', 'model_version': 'gemma:latest', 'prompt_hash': 'a6af280e'}",gemma_latest__N120
6,real_mixed_61,gemma:latest_kb_rag,20.76131391525269,35.23,0,codeblock,0.7666666666666667,0.6388888888888888,0.696969696969697,0.0666666666666666,2,15.4,40.0,10.5,363.3,493.5,21625.8,79.9,7022.2,4779.7,"{'timestamp': '2026-09-09T00:03:24.319295+00:00', 'model_version': 'gemma:latest', 'prompt_hash': 'a6af280e'}",gemma_latest__N120
6,real_mixed_62,gemma:latest_kb_rag,4.574177026748657,39.02,0,codeblock,0.6666666666666666,0.5555555555555556,0.606060606060606,0.0666666666666666,1,12.9,28.3,27.1,490.7,493.4,21368.5,79.7,7022.2,4779.7,"{'timestamp': '2026-09-09T00:03:08.113452+00:00', 'model_version': 'gemma:latest', 'prompt_hash': 'a6af280e'}",gemma_latest__N120
6,real_mixed_63,gemma:latest_kb_rag,8.606917142868042,39.7,0,codeblock,0.4166666666666667,0.3333333333333333,0.3703703703703704,0.0,0,12.4,30.0,9.9,444.5,493.5,21503.3,79.8,7022.2,4779.7,"{'timestamp': '2026-09-09T00:03:12.145659+00:00', 'model_version': 'gemma:latest', 'prompt_hash': 'a6af280e'}",gemma_latest__N120
6,real_mixed_64,gemma:latest_kb_rag,18.762516021728516,39.41,0,codeblock,0.3333333333333333,0.5,0.4,0.0,0,14.2,33.5,6.9,333.7,432.4,21681.7,80.0,7022.2,4779.7,"{'timestamp': '2026-09-09T00:03:26.978429+00:00', 'model_version': 'gemma:latest', 'prompt_hash': 'a6af280e'}",gemma_latest__N120
6,real_mixed_65,gemma:latest_kb_rag,18.75925898551941,38.91,0,codeblock,0.2142857142857142,0.2727272727272727,0.2399999999999999,0.0,0,15.3,33.5,6.8,326.0,407.3,21650.1,80.1,7022.2,4779.7,"{'timestamp': '2026-09-09T00:03:31.030200+00:00', 'model_version': 'gemma:latest', 'prompt_hash': 'a6af280e'}",gemma_latest__N120
6,real_mixed_66,gemma:latest_kb_rag,10.635414123535156,38.93,0,codeblock,0.8,0.4615384615384615,0.5853658536585367,0.0666666666666666,1,15.0,31.9,11.3,366.1,378.5,21521.1,80.3,7022.2,4779.7,"{'timestamp': '2026-09-09T00:03:35.153160+00:00', 'model_version': 'gemma:latest', 'prompt_hash': 'a6af280e'}",gemma_latest__N120
6,real_mixed_67,gemma:latest_kb_rag,12.187681913375854,38.82,0,codeblock,1.0,0.5454545454545454,0.7058823529411764,0.0,0,15.0,30.0,10.0,363.4,378.5,21562.5,80.3,7022.2,4779.7,"{'timestamp': '2026-09-09T00:03:39.305384+00:00', 'model_version': 'gemma:latest', 'prompt_hash': 'a6af280e'}",gemma_latest__N120
6,real_mixed_68,gemma:latest_kb_rag,12.675962209701538,39.06,0,codeblock,0.5294117647058824,0.4736842105263157,0.5,0.0,0,14.7,30.4,9.6,363.8,378.7,21492.4,79.9,7022.2,4779.7,"{'timestamp': '2026-09-09T00:03:43.825444+00:00', 'model_version': 'gemma:latest', 'prompt_hash': 'a6af280e'}",gemma_latest__N120
6,real_mixed_69,gemma:latest_kb_rag,12.658404111862184,38.94,0,codeblock,0.9473684210526316,0.6428571428571429,0.7659574468085106,0.0,0,15.2,30.4,7.4,354.3,378.7,21429.2,79.4,7022.2,4779.7,"{'timestamp': '2026-09-09T00:03:47.948434+00:00', 'model_version': 'gemma:latest', 'prompt_hash': 'a6af280e'}",gemma_latest__N120
6,real_mixed_70,gemma:latest_kb_rag,13.201515197753906,38.93,0,codeblock,0.8421052631578947,0.64,0.7272727272727272,0.0,0,13.5,26.2,4.9,324.1,378.7,21363.0,78.8,7022.2,4779.7,"{'timestamp': '2026-09-09T00:03:52.651390+00:00', 'model_version': 'gemma:latest', 'prompt_hash': 'a6af280e'}",gemma_latest__N120
7,real_mixed_71,gemma:latest_kb_rag,12.641233921051024,36.83,0,codeblock,0.3529411764705882,0.4285714285714285,0.3870967741935484,0.4117647058823529,7,35.5,84.8,24.6,405.2,587.3,21672.7,79.9,7022.2,4779.7,"{'timestamp': '2026-09-09T00:04:05.597083+00:00', 'model_version': 'gemma:latest', 'prompt_hash': 'a6af280e'}",gemma_latest__N120
7,real_mixed_72,gemma:latest_kb_rag,8.09958004951477,37.94,0,codeblock,0.9166666666666666,0.6470588235294118,0.7586206896551724,0.0,0,27.4,66.7,22.1,438.7,587.3,21599.1,80.1,7022.2,4779.7,"{'timestamp': '2026-09-09T00:04:01.061354+00:00', 'model_version': 'gemma:latest', 'prompt_hash': 'a6af280e'}",gemma_latest__N120
7,real_mixed_73,gemma:latest_kb_rag,4.053495168685913,37.34,0,codeblock,0.8333333333333334,0.625,0.7142857142857143,0.0,0,21.6,38.3,13.6,498.7,587.3,21734.6,79.7,7022.2,4779.7,"{'timestamp': '2026-09-09T00:03:57.029182+00:00', 'model_version': 'gemma:latest', 'prompt_hash': 'a6af280e'}",gemma_latest__N120
7,real_mixed_74,gemma:latest_kb_rag,12.151831865310667,39.15,0,codeblock,0.9,0.75,0.8181818181818182,0.0,0,32.1,94.2,10.9,364.3,398.4,21756.1,79.9,7022.2,4779.7,"{'timestamp': '2026-09-09T00:04:09.324488+00:00', 'model_version': 'gemma:latest', 'prompt_hash': 'a6af280e'}",gemma_latest__N120
7,real_mixed_75,gemma:latest_kb_rag,11.717165231704712,38.27,0,codeblock,0.25,0.4,0.3076923076923077,0.0,0,32.7,93.6,10.4,355.8,401.8,21976.6,79.6,7022.2,4779.7,"{'timestamp': '2026-09-09T00:04:12.924142+00:00', 'model_version': 'gemma:latest', 'prompt_hash': 'a6af280e'}",gemma_latest__N120
7,real_mixed_76,gemma:latest_kb_rag,9.112290143966677,40.6,0,codeblock,0.0,0.0,0.0,0.0,0,24.5,47.2,12.8,364.6,401.8,22054.8,79.4,7022.2,4779.7,"{'timestamp': '2026-09-09T00:04:14.840865+00:00', 'model_version': 'gemma:latest', 'prompt_hash': 'a6af280e'}",gemma_latest__N120
7,real_mixed_77,gemma:latest_kb_rag,10.130525827407835,38.61,0,codeblock,0.7142857142857143,0.4347826086956521,0.5405405405405405,0.0,0,21.5,41.3,11.9,360.4,401.8,22009.5,79.4,7022.2,4779.7,"{'timestamp': '2026-09-09T00:04:19.604014+00:00', 'model_version': 'gemma:latest', 'prompt_hash': 'a6af280e'}",gemma_latest__N120
7,real_mixed_78,gemma:latest_kb_rag,15.22226095199585,36.27,0,codeblock,0.3529411764705882,0.8571428571428571,0.5,0.5294117647058824,9,18.3,30.5,8.1,315.3,391.4,21943.3,79.5,7022.2,4779.7,"{'timestamp': '2026-09-09T00:04:28.287208+00:00', 'model_version': 'gemma:latest', 'prompt_hash': 'a6af280e'}",gemma_latest__N120
7,real_mixed_80,gemma:latest_kb_rag,26.852354049682617,36.8,0,codeblock,0.5588235294117647,0.6785714285714286,0.6129032258064516,0.088235294117647,3,16.4,32.5,2.4,225.0,391.4,21957.5,79.4,7022.2,4779.7,"{'timestamp': '2026-09-09T00:04:46.615193+00:00', 'model_version': 'gemma:latest', 'prompt_hash': 'a6af280e'}",gemma_latest__N120
8,real_mixed_81,gemma:latest_kb_rag,7.596912860870361,38.74,0,codeblock,1.0,0.5714285714285714,0.7272727272727273,0.0,0,15.8,27.9,21.3,402.1,471.8,21742.9,80.0,7022.2,4779.7,"{'timestamp': '2026-09-09T00:04:54.591216+00:00', 'model_version': 'gemma:latest', 'prompt_hash': 'a6af280e'}",gemma_latest__N120
8,real_mixed_82,gemma:latest_kb_rag,12.121297121047974,40.5,0,codeblock,0.5625,0.5294117647058824,0.5454545454545455,0.0,0,15.6,39.9,9.8,371.8,471.8,21666.0,80.3,7022.2,4779.7,"{'timestamp': '2026-09-09T00:04:59.134392+00:00', 'model_version': 'gemma:latest', 'prompt_hash': 'a6af280e'}",gemma_latest__N120
8,real_mixed_83,gemma:latest_kb_rag,4.564820051193237,39.25,0,codeblock,1.0,0.9230769230769232,0.96,0.0,0,14.8,28.0,30.8,421.0,471.8,21739.9,80.1,7022.2,4779.7,"{'timestamp': '2026-09-09T00:04:51.560984+00:00', 'model_version': 'gemma:latest', 'prompt_hash': 'a6af280e'}",gemma_latest__N120
8,real_mixed_84,gemma:latest_kb_rag,10.09985899925232,39.57,0,codeblock,1.0,0.7272727272727273,0.8421052631578948,0.0,0,11.9,31.4,12.1,356.9,399.8,21614.8,80.4,7022.2,4779.7,"{'timestamp': '2026-09-09T00:05:01.787554+00:00', 'model_version': 'gemma:latest', 'prompt_hash': 'a6af280e'}",gemma_latest__N120
8,real_mixed_85,gemma:latest_kb_rag,10.60173797607422,40.06,0,codeblock,0.6666666666666666,0.6666666666666666,0.6666666666666666,0.0,0,17.4,49.1,11.7,318.8,399.9,21662.0,80.4,7022.2,4779.7,"{'timestamp': '2026-09-09T00:05:05.311831+00:00', 'model_version': 'gemma:latest', 'prompt_hash': 'a6af280e'}",gemma_latest__N120
8,real_mixed_86,gemma:latest_kb_rag,9.564976215362549,39.76,0,codeblock,1.0,0.7142857142857143,0.8333333333333333,0.0,0,20.2,48.8,13.0,318.2,399.8,21877.8,80.2,7022.2,4779.7,"{'timestamp': '2026-09-09T00:05:08.820302+00:00', 'model_version': 'gemma:latest', 'prompt_hash': 'a6af280e'}",gemma_latest__N120
8,real_mixed_87,gemma:latest_kb_rag,10.078601121902466,39.35,0,codeblock,0.3636363636363636,0.3636363636363636,0.3636363636363636,0.0,0,18.9,41.3,12.2,329.6,373.4,21963.2,80.2,7022.2,4779.7,"{'timestamp': '2026-09-09T00:05:12.003551+00:00', 'model_version': 'gemma:latest', 'prompt_hash': 'a6af280e'}",gemma_latest__N120
8,real_mixed_88,gemma:latest_kb_rag,9.067049980163574,40.81,0,codeblock,0.625,0.625,0.625,0.0,0,19.6,38.6,13.4,353.8,374.4,21998.6,80.1,7022.2,4779.7,"{'timestamp': '2026-09-09T00:05:14.517893+00:00', 'model_version': 'gemma:latest', 'prompt_hash': 'a6af280e'}",gemma_latest__N120
8,real_mixed_89,gemma:latest_kb_rag,8.06550669670105,40.9,0,codeblock,0.8333333333333334,0.3571428571428571,0.5,0.0,0,19.1,35.4,11.1,354.6,374.4,22025.5,80.0,7022.2,4779.7,"{'timestamp': '2026-09-09T00:05:17.016029+00:00', 'model_version': 'gemma:latest', 'prompt_hash': 'a6af280e'}",gemma_latest__N120
8,real_mixed_90,gemma:latest_kb_rag,11.096514225006104,40.46,0,codeblock,0.68,0.7727272727272727,0.7234042553191491,0.16,4,15.6,38.3,5.4,300.7,374.4,21601.9,80.0,7022.2,4779.7,"{'timestamp': '2026-09-09T00:05:23.241300+00:00', 'model_version': 'gemma:latest', 'prompt_hash': 'a6af280e'}",gemma_latest__N120
9,real_mixed_91,gemma:latest_kb_rag,7.559821128845215,39.8,0,codeblock,0.7857142857142857,0.6470588235294118,0.7096774193548386,0.0,0,23.0,100.0,24.2,488.0,584.1,21866.7,79.9,7022.2,4779.7,"{'timestamp': '2026-09-09T00:05:31.185638+00:00', 'model_version': 'gemma:latest', 'prompt_hash': 'a6af280e'}",gemma_latest__N120
9,real_mixed_92,gemma:latest_kb_rag,12.085845947265623,39.69,0,codeblock,0.7222222222222222,0.6190476190476191,0.6666666666666666,0.0,0,17.9,35.0,16.3,436.8,584.1,21953.3,79.8,7022.2,4779.7,"{'timestamp': '2026-09-09T00:05:35.708849+00:00', 'model_version': 'gemma:latest', 'prompt_hash': 'a6af280e'}",gemma_latest__N120
9,real_mixed_93,gemma:latest_kb_rag,4.0319719314575195,40.44,0,codeblock,0.8461538461538461,0.7333333333333333,0.7857142857142856,0.0,0,6.3,15.6,33.1,583.7,584.1,21722.8,80.0,7022.2,4779.7,"{'timestamp': '2026-09-09T00:05:27.660872+00:00', 'model_version': 'gemma:latest', 'prompt_hash': 'a6af280e'}",gemma_latest__N120
9,real_mixed_94,gemma:latest_kb_rag,17.141827821731567,40.05,0,codeblock,0.8823529411764706,0.6818181818181818,0.7692307692307693,0.0,0,17.6,37.2,9.1,395.1,584.1,21870.7,80.1,7022.2,4779.7,"{'timestamp': '2026-09-09T00:05:40.773964+00:00', 'model_version': 'gemma:latest', 'prompt_hash': 'a6af280e'}",gemma_latest__N120
9,real_mixed_95,gemma:latest_kb_rag,16.14859104156494,40.55,0,codeblock,0.1666666666666666,0.25,0.2,0.0,0,19.0,31.8,9.8,349.0,461.0,21820.6,80.2,7022.2,4779.7,"{'timestamp': '2026-09-09T00:05:43.924391+00:00', 'model_version': 'gemma:latest', 'prompt_hash': 'a6af280e'}",gemma_latest__N120
9,real_mixed_96,gemma:latest_kb_rag,16.141910076141357,40.47,0,codeblock,0.6923076923076923,0.6428571428571429,0.6666666666666666,0.0,0,18.6,29.1,9.8,325.5,416.4,21693.1,80.5,7022.2,4779.7,"{'timestamp': '2026-09-09T00:05:47.477121+00:00', 'model_version': 'gemma:latest', 'prompt_hash': 'a6af280e'}",gemma_latest__N120
9,real_mixed_97,gemma:latest_kb_rag,15.110804080963137,40.59,0,codeblock,1.0,0.9230769230769232,0.96,0.0,0,18.0,30.6,10.5,317.5,415.5,21505.1,80.8,7022.2,4779.7,"{'timestamp': '2026-09-09T00:05:50.949011+00:00', 'model_version': 'gemma:latest', 'prompt_hash': 'a6af280e'}",gemma_latest__N120
9,real_mixed_98,gemma:latest_kb_rag,14.141826868057253,39.92,0,direct_json,0.875,0.4117647058823529,0.56,0.0,0,19.2,28.9,8.9,327.3,378.8,21425.1,80.8,7022.2,4779.7,"{'timestamp': '2026-09-09T00:05:55.091137+00:00', 'model_version': 'gemma:latest', 'prompt_hash': 'a6af280e'}",gemma_latest__N120
9,real_mixed_99,gemma:latest_kb_rag,12.619070768356323,41.39,0,codeblock,0.7142857142857143,0.8333333333333334,0.7692307692307692,0.0,0,17.8,29.8,7.7,316.5,378.8,21448.1,80.8,7022.2,4779.7,"{'timestamp': '2026-09-09T00:05:56.655293+00:00', 'model_version': 'gemma:latest', 'prompt_hash': 'a6af280e'}",gemma_latest__N120
9,real_mixed_100,gemma:latest_kb_rag,14.618629217147827,40.59,0,codeblock,0.4545454545454545,0.4761904761904761,0.4651162790697674,0.0,0,15.6,29.5,4.3,305.6,379.7,21475.0,80.7,7022.2,4779.7,"{'timestamp': '2026-09-09T00:06:02.235817+00:00', 'model_version': 'gemma:latest', 'prompt_hash': 'a6af280e'}",gemma_latest__N120
10,real_mixed_102,gemma:latest_kb_rag,2.0242528915405273,42.36,0,codeblock,0.0,0.0,0.0,0.0,0,20.6,57.1,89.3,664.2,701.1,21431.3,80.6,7022.2,4779.7,"{'timestamp': '2026-09-09T00:06:04.699595+00:00', 'model_version': 'gemma:latest', 'prompt_hash': 'a6af280e'}",gemma_latest__N120
10,real_mixed_103,gemma:latest_kb_rag,4.036762237548828,42.02,0,codeblock,0.2,0.3333333333333333,0.25,0.2,1,8.6,24.9,25.3,587.3,651.9,21429.9,80.7,7022.2,4779.7,"{'timestamp': '2026-09-09T00:06:06.724167+00:00', 'model_version': 'gemma:latest', 'prompt_hash': 'a6af280e'}",gemma_latest__N120
10,real_mixed_104,gemma:latest_kb_rag,8.567893743515015,40.35,0,codeblock,0.6,0.5714285714285714,0.5853658536585366,0.1,2,12.0,24.7,14.5,504.5,651.9,21450.1,80.7,7022.2,4779.7,"{'timestamp': '2026-09-09T00:06:11.274100+00:00', 'model_version': 'gemma:latest', 'prompt_hash': 'a6af280e'}",gemma_latest__N120
10,real_mixed_105,gemma:latest_kb_rag,12.594125032424929,40.25,0,codeblock,0.7,0.4666666666666667,0.56,0.1,1,15.7,33.7,12.4,405.3,572.6,21408.6,80.8,7022.2,4779.7,"{'timestamp': '2026-09-09T00:06:17.446015+00:00', 'model_version': 'gemma:latest', 'prompt_hash': 'a6af280e'}",gemma_latest__N120
10,real_mixed_106,gemma:latest_kb_rag,13.59911608695984,40.84,0,codeblock,0.2727272727272727,1.0,0.4285714285714285,0.3636363636363636,4,15.5,33.8,11.4,387.4,464.0,21420.9,80.7,7022.2,4779.7,"{'timestamp': '2026-09-09T00:06:20.444433+00:00', 'model_version': 'gemma:latest', 'prompt_hash': 'a6af280e'}",gemma_latest__N120
10,real_mixed_107,gemma:latest_kb_rag,16.129401206970215,38.59,0,codeblock,0.8125,0.9285714285714286,0.8666666666666666,0.0625,1,14.5,39.2,9.3,349.7,446.2,21456.7,80.3,7022.2,4779.7,"{'timestamp': '2026-09-09T00:06:27.574279+00:00', 'model_version': 'gemma:latest', 'prompt_hash': 'a6af280e'}",gemma_latest__N120
10,real_mixed_108,gemma:latest_kb_rag,16.62315320968628,40.88,0,codeblock,0.2857142857142857,0.25,0.2666666666666666,0.0,0,14.3,34.6,7.4,315.0,445.1,21562.1,80.1,7022.2,4779.7,"{'timestamp': '2026-09-09T00:06:30.518091+00:00', 'model_version': 'gemma:latest', 'prompt_hash': 'a6af280e'}",gemma_latest__N120
10,real_mixed_109,gemma:latest_kb_rag,17.63156294822693,40.26,0,codeblock,0.7894736842105263,0.5172413793103449,0.625,0.0,0,9.9,22.4,5.0,307.1,389.5,21692.7,79.8,7022.2,4779.7,"{'timestamp': '2026-09-09T00:06:35.242444+00:00', 'model_version': 'gemma:latest', 'prompt_hash': 'a6af280e'}",gemma_latest__N120
10,real_mixed_110,gemma:latest_kb_rag,18.660068035125732,40.6,0,direct_json,0.8,0.3333333333333333,0.4705882352941176,0.0,0,12.3,39.7,3.4,275.5,389.5,21662.8,79.8,7022.2,4779.7,"{'timestamp': '2026-09-09T00:06:39.242325+00:00', 'model_version': 'gemma:latest', 'prompt_hash': 'a6af280e'}",gemma_latest__N120
11,real_mixed_111,gemma:latest_kb_rag,6.549006223678589,40.86,0,codeblock,0.9333333333333332,0.8235294117647058,0.8749999999999999,0.0,0,8.8,17.8,20.2,550.8,647.4,21685.9,80.1,7022.2,4779.7,"{'timestamp': '2026-09-09T00:06:46.220239+00:00', 'model_version': 'gemma:latest', 'prompt_hash': 'a6af280e'}",gemma_latest__N120
11,real_mixed_112,gemma:latest_kb_rag,15.62024974822998,40.86,0,codeblock,0.5,0.625,0.5555555555555556,0.1,1,13.9,66.7,19.6,476.4,647.4,21667.5,80.2,7022.2,4779.7,"{'timestamp': '2026-09-09T00:06:55.257444+00:00', 'model_version': 'gemma:latest', 'prompt_hash': 'a6af280e'}",gemma_latest__N120
11,real_mixed_113,gemma:latest_kb_rag,12.59867811203003,40.95,0,codeblock,0.75,0.6,0.6666666666666665,0.0,0,13.9,60.0,31.8,486.9,699.6,21649.7,80.2,7022.2,4779.7,"{'timestamp': '2026-09-09T00:06:52.241549+00:00', 'model_version': 'gemma:latest', 'prompt_hash': 'a6af280e'}",gemma_latest__N120
11,real_mixed_114,gemma:latest_kb_rag,9.568212985992432,40.85,0,codeblock,0.7272727272727273,0.5333333333333333,0.6153846153846153,0.0,0,9.1,17.9,9.4,502.7,647.4,21659.0,80.2,7022.2,4779.7,"{'timestamp': '2026-09-09T00:06:49.222356+00:00', 'model_version': 'gemma:latest', 'prompt_hash': 'a6af280e'}",gemma_latest__N120
11,real_mixed_115,gemma:latest_kb_rag,12.109819889068604,40.87,0,codeblock,0.5,1.0,0.6666666666666666,0.375,3,12.2,32.3,12.9,432.8,452.8,21738.5,80.1,7022.2,4779.7,"{'timestamp': '2026-09-09T00:06:58.445567+00:00', 'model_version': 'gemma:latest', 'prompt_hash': 'a6af280e'}",gemma_latest__N120
11,real_mixed_116,gemma:latest_kb_rag,11.586757898330688,40.93,0,codeblock,0.3333333333333333,0.5,0.4,0.0,0,14.3,35.0,13.3,441.1,452.8,21811.7,80.0,7022.2,4779.7,"{'timestamp': '2026-09-09T00:07:00.918523+00:00', 'model_version': 'gemma:latest', 'prompt_hash': 'a6af280e'}",gemma_latest__N120
11,real_mixed_117,gemma:latest_kb_rag,12.585332870483398,40.15,0,codeblock,0.3,0.2142857142857142,0.25,0.0,0,17.3,38.1,11.9,432.9,452.2,21904.4,79.7,7022.2,4779.7,"{'timestamp': '2026-09-09T00:07:04.952191+00:00', 'model_version': 'gemma:latest', 'prompt_hash': 'a6af280e'}",gemma_latest__N120
11,real_mixed_118,gemma:latest_kb_rag,12.591030836105348,40.87,0,codeblock,0.7142857142857143,0.625,0.6666666666666666,0.0,0,16.9,37.7,9.7,386.5,452.2,21980.0,79.5,7022.2,4779.7,"{'timestamp': '2026-09-09T00:07:07.964449+00:00', 'model_version': 'gemma:latest', 'prompt_hash': 'a6af280e'}",gemma_latest__N120
11,real_mixed_119,gemma:latest_kb_rag,13.618375062942505,40.8,0,codeblock,0.3846153846153846,0.625,0.4761904761904762,0.3076923076923077,4,11.6,22.7,6.8,339.3,452.7,22031.9,79.4,7022.2,4779.7,"{'timestamp': '2026-09-09T00:07:12.183088+00:00', 'model_version': 'gemma:latest', 'prompt_hash': 'a6af280e'}",gemma_latest__N120
11,real_mixed_120,gemma:latest_kb_rag,14.630765914916992,40.82,0,codeblock,0.6666666666666666,0.6666666666666666,0.6666666666666666,0.0833333333333333,1,13.3,22.3,4.4,301.4,452.7,22084.0,79.2,7022.2,4779.7,"{'timestamp': '2026-09-09T00:07:15.671183+00:00', 'model_version': 'gemma:latest', 'prompt_hash': 'a6af280e'}",gemma_latest__N120
0,real_mixed_2,gpt-oss:20b_baseline,32.91745686531067,51.58,0,direct_json,0.8571428571428571,0.7058823529411765,0.7741935483870968,0.0,0,18.4,73.6,1.7,241.4,246.6,28860.1,77.0,12292.8,13154.5,"{'timestamp': '2026-09-09T00:14:08.876169+00:00', 'model_version': 'gpt-oss:20b', 'prompt_hash': 'a6af280e'}",gpt-oss_20b__N120
0,real_mixed_3,gpt-oss:20b_baseline,19.27831196784973,52.28,0,direct_json,0.625,0.5882352941176471,0.6060606060606061,0.0,0,16.6,41.4,2.7,142.2,197.9,29129.4,76.4,12292.8,13154.5,"{'timestamp': '2026-09-09T00:14:28.181381+00:00', 'model_version': 'gpt-oss:20b', 'prompt_hash': 'a6af280e'}",gpt-oss_20b__N120
0,real_mixed_4,gpt-oss:20b_baseline,28.88651418685913,52.08,0,direct_json,0.6111111111111112,0.7333333333333333,0.6666666666666666,0.0,0,15.1,28.5,1.8,131.3,131.3,29070.1,76.5,12292.8,13154.5,"{'timestamp': '2026-09-09T00:14:57.106351+00:00', 'model_version': 'gpt-oss:20b', 'prompt_hash': 'a6af280e'}",gpt-oss_20b__N120
0,real_mixed_5,gpt-oss:20b_baseline,32.421892166137695,51.84,0,direct_json,0.8947368421052632,0.8095238095238095,0.8500000000000001,0.0,0,15.8,37.2,1.7,131.7,132.1,29024.5,76.6,12292.8,13154.5,"{'timestamp': '2026-09-09T00:15:29.569302+00:00', 'model_version': 'gpt-oss:20b', 'prompt_hash': 'a6af280e'}",gpt-oss_20b__N120
0,real_mixed_6,gpt-oss:20b_baseline,25.886061668395996,52.25,0,direct_json,0.8421052631578947,0.8,0.8205128205128205,0.0,0,14.6,34.5,2.1,132.1,132.2,28761.9,76.9,12292.8,13154.5,"{'timestamp': '2026-09-09T00:15:55.495625+00:00', 'model_version': 'gpt-oss:20b', 'prompt_hash': 'a6af280e'}",gpt-oss_20b__N120
0,real_mixed_7,gpt-oss:20b_baseline,33.43714618682861,51.77,0,direct_json,0.7777777777777778,0.7,0.7368421052631577,0.0,0,12.6,29.8,1.6,132.6,132.6,28799.9,77.0,12292.8,13154.5,"{'timestamp': '2026-09-09T00:16:28.973691+00:00', 'model_version': 'gpt-oss:20b', 'prompt_hash': 'a6af280e'}",gpt-oss_20b__N120
0,real_mixed_8,gpt-oss:20b_baseline,31.9877769947052,51.86,0,direct_json,0.8,0.5333333333333333,0.64,0.0,0,17.5,32.0,1.7,122.1,133.3,28744.5,77.1,12292.8,13154.5,"{'timestamp': '2026-09-09T00:17:00.986335+00:00', 'model_version': 'gpt-oss:20b', 'prompt_hash': 'a6af280e'}",gpt-oss_20b__N120
0,real_mixed_9,gpt-oss:20b_baseline,21.788880109786987,52.36,0,direct_json,0.6666666666666666,0.625,0.6451612903225806,0.0,0,12.0,28.0,2.5,105.6,105.9,28596.4,77.3,12292.8,13154.5,"{'timestamp': '2026-09-09T00:17:22.805358+00:00', 'model_version': 'gpt-oss:20b', 'prompt_hash': 'a6af280e'}",gpt-oss_20b__N120
0,real_mixed_10,gpt-oss:20b_baseline,22.361202001571655,52.23,0,direct_json,0.9333333333333332,1.0,0.9655172413793104,0.0,0,14.3,32.5,2.5,106.0,106.5,28629.9,77.5,12292.8,13154.5,"{'timestamp': '2026-09-09T00:17:45.192251+00:00', 'model_version': 'gpt-oss:20b', 'prompt_hash': 'a6af280e'}",gpt-oss_20b__N120
1,real_mixed_11,gpt-oss:20b_baseline,22.815264225006104,51.55,0,direct_json,0.8620689655172413,0.925925925925926,0.8928571428571429,0.0344827586206896,1,16.2,36.8,2.5,108.0,108.1,28652.3,77.1,12292.8,13154.5,"{'timestamp': '2026-09-09T00:18:08.052597+00:00', 'model_version': 'gpt-oss:20b', 'prompt_hash': 'a6af280e'}",gpt-oss_20b__N120
1,real_mixed_12,gpt-oss:20b_baseline,10.683464765548706,52.53,0,direct_json,0.9166666666666666,0.9166666666666666,0.9166666666666666,0.0,0,13.6,25.9,5.0,108.9,109.0,28626.0,77.2,12292.8,13154.5,"{'timestamp': '2026-09-09T00:18:18.763921+00:00', 'model_version': 'gpt-oss:20b', 'prompt_hash': 'a6af280e'}",gpt-oss_20b__N120
1,real_mixed_13,gpt-oss:20b_baseline,29.41243290901184,51.95,0,direct_json,0.8260869565217391,0.7037037037037037,0.76,0.0434782608695652,1,11.8,23.8,2.0,114.1,114.2,28591.2,77.4,12292.8,13154.5,"{'timestamp': '2026-09-09T00:18:48.221613+00:00', 'model_version': 'gpt-oss:20b', 'prompt_hash': 'a6af280e'}",gpt-oss_20b__N120
1,real_mixed_14,gpt-oss:20b_baseline,17.261124849319458,51.8,0,direct_json,0.8571428571428571,0.8,0.8275862068965518,0.0,0,15.8,29.2,3.1,114.1,114.2,28649.2,77.3,12292.8,13154.5,"{'timestamp': '2026-09-09T00:19:05.506199+00:00', 'model_version': 'gpt-oss:20b', 'prompt_hash': 'a6af280e'}",gpt-oss_20b__N120
1,real_mixed_15,gpt-oss:20b_baseline,23.787994861602783,52.21,0,direct_json,0.6956521739130435,0.7619047619047619,0.7272727272727272,0.0,0,15.2,36.1,2.3,113.0,113.2,28621.7,77.2,12292.8,13154.5,"{'timestamp': '2026-09-09T00:19:29.326259+00:00', 'model_version': 'gpt-oss:20b', 'prompt_hash': 'a6af280e'}",gpt-oss_20b__N120
1,real_mixed_16,gpt-oss:20b_baseline,35.452059745788574,51.87,0,direct_json,0.7692307692307693,0.8333333333333334,0.8,0.0,0,12.4,30.8,1.6,112.9,112.9,28676.0,77.1,12292.8,13154.5,"{'timestamp': '2026-09-09T00:20:04.802127+00:00', 'model_version': 'gpt-oss:20b', 'prompt_hash': 'a6af280e'}",gpt-oss_20b__N120
1,real_mixed_17,gpt-oss:20b_baseline,7.105528831481934,52.95,0,direct_json,1.0,1.0,1.0,0.0,0,13.2,19.9,7.6,113.1,113.1,28731.6,77.2,12292.8,13154.5,"{'timestamp': '2026-09-09T00:20:11.923852+00:00', 'model_version': 'gpt-oss:20b', 'prompt_hash': 'a6af280e'}",gpt-oss_20b__N120
1,real_mixed_18,gpt-oss:20b_baseline,11.666346073150637,52.44,0,direct_json,0.7857142857142857,0.7857142857142857,0.7857142857142857,0.0,0,13.7,24.1,4.7,113.2,113.3,28677.1,77.1,12292.8,13154.5,"{'timestamp': '2026-09-09T00:20:23.618157+00:00', 'model_version': 'gpt-oss:20b', 'prompt_hash': 'a6af280e'}",gpt-oss_20b__N120
1,real_mixed_19,gpt-oss:20b_baseline,19.77013921737671,52.34,0,direct_json,1.0,0.9090909090909092,0.9523809523809524,0.0,0,14.4,32.1,2.8,112.2,113.3,28596.7,77.3,12292.8,13154.5,"{'timestamp': '2026-09-09T00:20:43.424709+00:00', 'model_version': 'gpt-oss:20b', 'prompt_hash': 'a6af280e'}",gpt-oss_20b__N120
1,real_mixed_20,gpt-oss:20b_baseline,34.98401427268982,52.04,0,direct_json,0.7333333333333333,0.5789473684210527,0.6470588235294117,0.0,0,14.0,34.4,1.5,109.6,111.8,28602.0,77.4,12292.8,13154.5,"{'timestamp': '2026-09-09T00:21:18.448524+00:00', 'model_version': 'gpt-oss:20b', 'prompt_hash': 'a6af280e'}",gpt-oss_20b__N120
2,real_mixed_22,gpt-oss:20b_baseline,13.208369970321655,52.62,0,direct_json,0.3333333333333333,1.0,0.5,0.0,0,13.6,25.6,4.1,108.3,108.4,28384.0,77.9,12292.8,13154.5,"{'timestamp': '2026-09-09T00:22:10.769492+00:00', 'model_version': 'gpt-oss:20b', 'prompt_hash': 'a6af280e'}",gpt-oss_20b__N120
2,real_mixed_23,gpt-oss:20b_baseline,45.6312210559845,51.61,0,direct_json,0.631578947368421,0.7058823529411765,0.6666666666666667,0.0,0,13.2,27.6,1.2,108.6,109.0,28341.5,78.0,12292.8,13154.5,"{'timestamp': '2026-09-09T00:22:56.434780+00:00', 'model_version': 'gpt-oss:20b', 'prompt_hash': 'a6af280e'}",gpt-oss_20b__N120
2,real_mixed_24,gpt-oss:20b_baseline,23.35844993591309,52.26,0,direct_json,1.0,0.7272727272727273,0.8421052631578948,0.0,0,13.4,30.2,2.3,107.1,107.6,28284.2,78.1,12292.8,13154.5,"{'timestamp': '2026-09-09T00:23:19.819098+00:00', 'model_version': 'gpt-oss:20b', 'prompt_hash': 'a6af280e'}",gpt-oss_20b__N120
2,real_mixed_25,gpt-oss:20b_baseline,12.663910150527954,52.52,0,direct_json,0.7857142857142857,0.6470588235294118,0.7096774193548386,0.0,0,15.2,28.9,4.3,106.3,106.3,28320.8,78.1,12292.8,13154.5,"{'timestamp': '2026-09-09T00:23:32.510168+00:00', 'model_version': 'gpt-oss:20b', 'prompt_hash': 'a6af280e'}",gpt-oss_20b__N120
2,real_mixed_26,gpt-oss:20b_baseline,33.99884796142578,51.42,0,direct_json,0.7222222222222222,0.6190476190476191,0.6666666666666666,0.0,0,17.3,77.2,1.7,105.9,107.0,28232.8,78.3,12292.8,13154.5,"{'timestamp': '2026-09-09T00:24:06.560655+00:00', 'model_version': 'gpt-oss:20b', 'prompt_hash': 'a6af280e'}",gpt-oss_20b__N120
2,real_mixed_28,gpt-oss:20b_baseline,15.760771036148071,52.38,0,direct_json,0.9285714285714286,0.7222222222222222,0.8125000000000001,0.0,0,13.5,34.0,3.4,105.1,105.1,28289.2,78.0,12292.8,13154.5,"{'timestamp': '2026-09-09T00:25:05.522311+00:00', 'model_version': 'gpt-oss:20b', 'prompt_hash': 'a6af280e'}",gpt-oss_20b__N120
2,real_mixed_29,gpt-oss:20b_baseline,20.77543306350708,52.35,0,direct_json,0.8333333333333334,0.8,0.816326530612245,0.0,0,13.6,30.1,2.7,105.6,105.6,28223.1,78.2,12292.8,13154.5,"{'timestamp': '2026-09-09T00:25:26.339285+00:00', 'model_version': 'gpt-oss:20b', 'prompt_hash': 'a6af280e'}",gpt-oss_20b__N120
2,real_mixed_30,gpt-oss:20b_baseline,21.7792649269104,52.29,0,direct_json,0.8181818181818182,0.6923076923076923,0.7500000000000001,0.0,0,13.4,30.6,2.5,116.0,116.0,28140.1,78.3,12292.8,13154.5,"{'timestamp': '2026-09-09T00:25:48.133703+00:00', 'model_version': 'gpt-oss:20b', 'prompt_hash': 'a6af280e'}",gpt-oss_20b__N120
3,real_mixed_31,gpt-oss:20b_baseline,9.093926191329956,52.82,0,direct_json,0.8,0.8,0.8000000000000002,0.0,0,14.1,33.7,6.4,117.7,117.7,28094.9,78.4,12292.8,13154.5,"{'timestamp': '2026-09-09T00:25:57.244952+00:00', 'model_version': 'gpt-oss:20b', 'prompt_hash': 'a6af280e'}",gpt-oss_20b__N120
3,real_mixed_32,gpt-oss:20b_baseline,37.96625280380249,52.08,0,direct_json,0.7333333333333333,0.6875,0.7096774193548386,0.0,0,14.1,38.1,1.7,117.6,117.7,28097.2,78.4,12292.8,13154.5,"{'timestamp': '2026-09-09T00:26:26.132493+00:00', 'model_version': 'gpt-oss:20b', 'prompt_hash': 'a6af280e'}",gpt-oss_20b__N120
3,real_mixed_33,gpt-oss:20b_baseline,45.12119698524475,52.31,0,direct_json,0.75,0.6,0.6666666666666665,0.0,0,12.5,37.9,1.4,117.5,117.6,28079.7,78.5,12292.8,13154.5,"{'timestamp': '2026-09-09T00:26:42.400485+00:00', 'model_version': 'gpt-oss:20b', 'prompt_hash': 'a6af280e'}",gpt-oss_20b__N120
3,real_mixed_34,gpt-oss:20b_baseline,38.00713610649109,51.8,0,direct_json,0.6428571428571429,0.6428571428571429,0.6428571428571429,0.0,0,13.5,47.4,1.7,117.0,117.4,28055.4,78.5,12292.8,13154.5,"{'timestamp': '2026-09-09T00:27:04.160321+00:00', 'model_version': 'gpt-oss:20b', 'prompt_hash': 'a6af280e'}",gpt-oss_20b__N120
3,real_mixed_35,gpt-oss:20b_baseline,61.30787801742554,50.95,0,direct_json,0.9090909090909092,0.8333333333333334,0.8695652173913043,0.0,0,15.1,33.5,1.0,110.3,117.4,28012.2,78.6,12292.8,13154.5,"{'timestamp': '2026-09-09T00:27:43.734338+00:00', 'model_version': 'gpt-oss:20b', 'prompt_hash': 'a6af280e'}",gpt-oss_20b__N120
3,real_mixed_36,gpt-oss:20b_baseline,63.2981481552124,52.29,0,direct_json,0.6363636363636364,0.6363636363636364,0.6363636363636364,0.0,0,15.4,44.6,1.1,106.3,116.9,27987.0,78.6,12292.8,13154.5,"{'timestamp': '2026-09-09T00:28:07.490292+00:00', 'model_version': 'gpt-oss:20b', 'prompt_hash': 'a6af280e'}",gpt-oss_20b__N120
3,real_mixed_37,gpt-oss:20b_baseline,64.870854139328,51.53,0,direct_json,0.8666666666666667,0.8666666666666667,0.8666666666666667,0.0,0,12.4,31.5,1.0,105.5,106.3,27989.7,78.6,12292.8,13154.5,"{'timestamp': '2026-09-09T00:28:48.635890+00:00', 'model_version': 'gpt-oss:20b', 'prompt_hash': 'a6af280e'}",gpt-oss_20b__N120
3,real_mixed_38,gpt-oss:20b_baseline,60.28134298324585,52.15,0,direct_json,0.8666666666666667,0.7222222222222222,0.7878787878787877,0.0,0,13.4,33.9,1.1,105.6,106.3,27940.9,78.6,12292.8,13154.5,"{'timestamp': '2026-09-09T00:29:07.796386+00:00', 'model_version': 'gpt-oss:20b', 'prompt_hash': 'a6af280e'}",gpt-oss_20b__N120
3,real_mixed_39,gpt-oss:20b_baseline,44.062267780303955,52.12,0,direct_json,0.6666666666666666,0.75,0.7058823529411765,0.0,0,12.5,37.7,1.4,106.1,106.7,27853.2,78.8,12292.8,13154.5,"{'timestamp': '2026-09-09T00:29:32.718091+00:00', 'model_version': 'gpt-oss:20b', 'prompt_hash': 'a6af280e'}",gpt-oss_20b__N120
3,real_mixed_40,gpt-oss:20b_baseline,47.678627252578735,52.25,0,direct_json,0.8461538461538461,0.7333333333333333,0.7857142857142856,0.0,0,13.0,38.1,1.3,105.9,106.7,27808.0,78.8,12292.8,13154.5,"{'timestamp': '2026-09-09T00:29:55.508886+00:00', 'model_version': 'gpt-oss:20b', 'prompt_hash': 'a6af280e'}",gpt-oss_20b__N120
4,real_mixed_42,gpt-oss:20b_baseline,63.356096029281616,51.85,0,direct_json,0.8846153846153846,0.7931034482758621,0.8363636363636363,0.0,0,14.5,41.3,1.2,113.1,113.9,27742.5,79.0,12292.8,13154.5,"{'timestamp': '2026-09-09T00:30:58.910175+00:00', 'model_version': 'gpt-oss:20b', 'prompt_hash': 'a6af280e'}",gpt-oss_20b__N120
4,real_mixed_43,gpt-oss:20b_baseline,132.74335384368896,50.05,0,direct_json,0.53125,0.7727272727272727,0.6296296296296297,0.0,0,14.2,86.9,0.6,99.6,113.9,27700.2,79.2,12292.8,13154.5,"{'timestamp': '2026-09-09T00:32:08.302317+00:00', 'model_version': 'gpt-oss:20b', 'prompt_hash': 'a6af280e'}",gpt-oss_20b__N120
4,real_mixed_44,gpt-oss:20b_baseline,136.15565991401672,51.83,0,direct_json,0.6521739130434783,0.75,0.6976744186046512,0.0,0,15.2,100.0,0.6,97.8,112.9,27665.3,79.3,12292.8,13154.5,"{'timestamp': '2026-09-09T00:32:40.165507+00:00', 'model_version': 'gpt-oss:20b', 'prompt_hash': 'a6af280e'}",gpt-oss_20b__N120
4,real_mixed_45,gpt-oss:20b_baseline,129.1011259555817,52.1,0,direct_json,0.8666666666666667,0.8125,0.8387096774193549,0.0,0,14.0,86.9,0.6,95.7,112.1,27621.4,79.5,12292.8,13154.5,"{'timestamp': '2026-09-09T00:33:08.040201+00:00', 'model_version': 'gpt-oss:20b', 'prompt_hash': 'a6af280e'}",gpt-oss_20b__N120
4,real_mixed_46,gpt-oss:20b_baseline,98.25637602806091,51.8,0,direct_json,0.7272727272727273,0.5333333333333333,0.6153846153846153,0.0,0,13.9,34.8,0.7,105.7,106.6,27554.3,79.6,12292.8,13154.5,"{'timestamp': '2026-09-09T00:33:46.587133+00:00', 'model_version': 'gpt-oss:20b', 'prompt_hash': 'a6af280e'}",gpt-oss_20b__N120
4,real_mixed_47,gpt-oss:20b_baseline,98.79113292694092,51.56,0,direct_json,0.6842105263157895,0.9285714285714286,0.7878787878787878,0.0526315789473684,2,16.2,65.7,0.8,105.9,106.6,27508.6,79.7,12292.8,13154.5,"{'timestamp': '2026-09-09T00:34:18.989445+00:00', 'model_version': 'gpt-oss:20b', 'prompt_hash': 'a6af280e'}",gpt-oss_20b__N120
4,real_mixed_48,gpt-oss:20b_baseline,107.41277599334715,51.77,0,direct_json,0.75,0.9,0.8181818181818182,0.0,0,15.6,69.2,0.7,104.5,106.6,27531.5,79.6,12292.8,13154.5,"{'timestamp': '2026-09-09T00:34:55.481513+00:00', 'model_version': 'gpt-oss:20b', 'prompt_hash': 'a6af280e'}",gpt-oss_20b__N120
4,real_mixed_49,gpt-oss:20b_baseline,106.40220093727112,51.58,0,direct_json,0.8235294117647058,0.7777777777777778,0.7999999999999999,0.0,0,14.3,64.0,0.7,102.0,106.6,27484.7,79.7,12292.8,13154.5,"{'timestamp': '2026-09-09T00:35:33.015148+00:00', 'model_version': 'gpt-oss:20b', 'prompt_hash': 'a6af280e'}",gpt-oss_20b__N120
4,real_mixed_50,gpt-oss:20b_baseline,98.81029987335204,52.06,0,direct_json,1.0,0.631578947368421,0.7741935483870968,0.0,0,15.1,35.4,0.7,99.3,105.6,27459.1,79.8,12292.8,13154.5,"{'timestamp': '2026-09-09T00:35:57.837203+00:00', 'model_version': 'gpt-oss:20b', 'prompt_hash': 'a6af280e'}",gpt-oss_20b__N120
5,real_mixed_51,gpt-oss:20b_baseline,49.04902505874634,52.4,0,direct_json,0.7692307692307693,0.6666666666666666,0.7142857142857142,0.0,0,10.7,27.0,2.7,122.7,123.0,27337.7,79.9,12292.8,13154.5,"{'timestamp': '2026-09-09T00:36:46.935499+00:00', 'model_version': 'gpt-oss:20b', 'prompt_hash': 'a6af280e'}",gpt-oss_20b__N120
5,real_mixed_52,gpt-oss:20b_baseline,83.81053829193115,51.7,0,direct_json,0.7272727272727273,0.7619047619047619,0.7441860465116279,0.0,0,12.6,50.0,0.9,112.8,123.0,27338.9,79.9,12292.8,13154.5,"{'timestamp': '2026-09-09T00:37:21.697574+00:00', 'model_version': 'gpt-oss:20b', 'prompt_hash': 'a6af280e'}",gpt-oss_20b__N120
5,real_mixed_53,gpt-oss:20b_baseline,35.42756390571594,52.17,0,direct_json,0.7647058823529411,0.8125,0.787878787878788,0.0,0,12.1,50.0,2.4,122.8,123.0,27294.7,80.0,12292.8,13154.5,"{'timestamp': '2026-09-09T00:36:33.307910+00:00', 'model_version': 'gpt-oss:20b', 'prompt_hash': 'a6af280e'}",gpt-oss_20b__N120
5,real_mixed_54,gpt-oss:20b_baseline,11.155889749526978,52.59,0,direct_json,1.0,0.875,0.9333333333333332,0.0,0,12.2,27.0,5.1,122.8,122.9,27238.5,80.2,12292.8,13154.5,"{'timestamp': '2026-09-09T00:36:09.034951+00:00', 'model_version': 'gpt-oss:20b', 'prompt_hash': 'a6af280e'}",gpt-oss_20b__N120
5,real_mixed_55,gpt-oss:20b_baseline,110.8873507976532,51.73,0,direct_json,0.7058823529411765,0.6,0.6486486486486486,0.0,0,12.2,33.6,0.7,108.9,123.0,27315.0,79.9,12292.8,13154.5,"{'timestamp': '2026-09-09T00:37:59.959224+00:00', 'model_version': 'gpt-oss:20b', 'prompt_hash': 'a6af280e'}",gpt-oss_20b__N120
5,real_mixed_56,gpt-oss:20b_baseline,131.43697905540466,51.44,0,direct_json,0.7391304347826086,0.6538461538461539,0.693877551020408,0.0,0,13.3,40.4,0.6,101.8,122.7,27262.1,80.0,12292.8,13154.5,"{'timestamp': '2026-09-09T00:38:44.781429+00:00', 'model_version': 'gpt-oss:20b', 'prompt_hash': 'a6af280e'}",gpt-oss_20b__N120
5,real_mixed_57,gpt-oss:20b_baseline,155.1117091178894,51.96,0,direct_json,0.9523809523809524,0.9523809523809524,0.9523809523809524,0.0,0,12.3,60.0,0.6,101.5,122.7,27226.0,80.1,12292.8,13154.5,"{'timestamp': '2026-09-09T00:39:22.084569+00:00', 'model_version': 'gpt-oss:20b', 'prompt_hash': 'a6af280e'}",gpt-oss_20b__N120
5,real_mixed_58,gpt-oss:20b_baseline,149.05290031433103,52.01,0,direct_json,0.875,0.7777777777777778,0.823529411764706,0.0,0,12.4,38.6,0.6,103.3,109.0,27180.5,80.1,12292.8,13154.5,"{'timestamp': '2026-09-09T00:39:50.775418+00:00', 'model_version': 'gpt-oss:20b', 'prompt_hash': 'a6af280e'}",gpt-oss_20b__N120
5,real_mixed_60,gpt-oss:20b_baseline,99.72552299499512,52.37,0,direct_json,0.9166666666666666,0.7857142857142857,0.8461538461538461,0.0,0,12.7,29.9,0.6,105.2,109.0,27154.1,80.1,12292.8,13154.5,"{'timestamp': '2026-09-09T00:40:24.543481+00:00', 'model_version': 'gpt-oss:20b', 'prompt_hash': 'a6af280e'}",gpt-oss_20b__N120
6,real_mixed_61,gpt-oss:20b_baseline,123.87045693397522,50.42,0,direct_json,0.631578947368421,0.6666666666666666,0.6486486486486486,0.0263157894736842,1,13.7,38.6,0.8,104.7,111.2,27045.5,80.6,12292.8,13154.5,"{'timestamp': '2026-09-09T00:42:28.492118+00:00', 'model_version': 'gpt-oss:20b', 'prompt_hash': 'a6af280e'}",gpt-oss_20b__N120
6,real_mixed_62,gpt-oss:20b_baseline,58.94612503051758,52.14,0,direct_json,0.7857142857142857,0.6111111111111112,0.6875000000000001,0.0,0,12.3,38.6,1.9,103.9,111.2,27087.3,80.4,12292.8,13154.5,"{'timestamp': '2026-09-09T00:41:23.542632+00:00', 'model_version': 'gpt-oss:20b', 'prompt_hash': 'a6af280e'}",gpt-oss_20b__N120
6,real_mixed_63,gpt-oss:20b_baseline,41.79303193092346,51.83,0,direct_json,0.6666666666666666,0.6666666666666666,0.6666666666666666,0.0,0,14.3,80.0,2.0,101.9,111.2,27090.5,80.4,12292.8,13154.5,"{'timestamp': '2026-09-09T00:41:06.385649+00:00', 'model_version': 'gpt-oss:20b', 'prompt_hash': 'a6af280e'}",gpt-oss_20b__N120
6,real_mixed_64,gpt-oss:20b_baseline,141.01030898094177,52.15,0,direct_json,0.6,0.75,0.6666666666666665,0.0,0,13.3,39.1,0.7,105.1,111.2,27037.6,80.6,12292.8,13154.5,"{'timestamp': '2026-09-09T00:42:45.584382+00:00', 'model_version': 'gpt-oss:20b', 'prompt_hash': 'a6af280e'}",gpt-oss_20b__N120
6,real_mixed_65,gpt-oss:20b_baseline,79.58155012130737,52.12,0,direct_json,0.5454545454545454,0.5454545454545454,0.5454545454545454,0.0,0,12.8,38.6,1.7,104.3,111.2,27063.2,80.5,12292.8,13154.5,"{'timestamp': '2026-09-09T00:41:44.163635+00:00', 'model_version': 'gpt-oss:20b', 'prompt_hash': 'a6af280e'}",gpt-oss_20b__N120
6,real_mixed_66,gpt-oss:20b_baseline,120.30585408210754,52.19,0,direct_json,0.5454545454545454,0.4615384615384615,0.4999999999999999,0.0,0,13.0,39.2,0.8,106.7,110.1,26996.6,80.8,12292.8,13154.5,"{'timestamp': '2026-09-09T00:43:06.728699+00:00', 'model_version': 'gpt-oss:20b', 'prompt_hash': 'a6af280e'}",gpt-oss_20b__N120
6,real_mixed_67,gpt-oss:20b_baseline,149.12170219421387,51.39,0,direct_json,0.9047619047619048,0.8636363636363636,0.8837209302325582,0.0,0,12.0,37.0,0.7,104.2,109.2,26986.0,80.8,12292.8,13154.5,"{'timestamp': '2026-09-09T00:43:52.695938+00:00', 'model_version': 'gpt-oss:20b', 'prompt_hash': 'a6af280e'}",gpt-oss_20b__N120
6,real_mixed_68,gpt-oss:20b_baseline,149.2309927940369,51.52,0,direct_json,1.0,0.8421052631578947,0.9142857142857144,0.0,0,13.5,82.1,0.6,103.3,109.2,26972.4,80.8,12292.8,13154.5,"{'timestamp': '2026-09-09T00:44:13.421134+00:00', 'model_version': 'gpt-oss:20b', 'prompt_hash': 'a6af280e'}",gpt-oss_20b__N120
6,real_mixed_69,gpt-oss:20b_baseline,154.54434776306152,51.34,0,direct_json,0.925925925925926,0.8928571428571429,0.9090909090909092,0.0,0,14.3,82.2,0.6,98.3,109.2,26958.4,80.8,12292.8,13154.5,"{'timestamp': '2026-09-09T00:45:03.083315+00:00', 'model_version': 'gpt-oss:20b', 'prompt_hash': 'a6af280e'}",gpt-oss_20b__N120
6,real_mixed_70,gpt-oss:20b_baseline,175.42545628547668,51.71,0,direct_json,0.75,0.72,0.7346938775510204,0.0,0,15.3,82.1,0.5,97.5,108.9,26932.4,80.8,12292.8,13154.5,"{'timestamp': '2026-09-09T00:45:41.051035+00:00', 'model_version': 'gpt-oss:20b', 'prompt_hash': 'a6af280e'}",gpt-oss_20b__N120
7,real_mixed_71,gpt-oss:20b_baseline,172.1796517372131,51.99,0,direct_json,0.4285714285714285,0.4285714285714285,0.4285714285714285,0.0,0,14.2,50.0,1.3,106.3,112.6,26640.0,81.3,12292.8,13154.5,"{'timestamp': '2026-09-09T00:48:33.277394+00:00', 'model_version': 'gpt-oss:20b', 'prompt_hash': 'a6af280e'}",gpt-oss_20b__N120
7,real_mixed_72,gpt-oss:20b_baseline,147.37152290344238,51.69,0,direct_json,0.8461538461538461,0.6470588235294118,0.7333333333333334,0.0,0,12.9,38.6,1.2,107.4,112.6,26642.1,81.3,12292.8,13154.5,"{'timestamp': '2026-09-09T00:48:08.475611+00:00', 'model_version': 'gpt-oss:20b', 'prompt_hash': 'a6af280e'}",gpt-oss_20b__N120
7,real_mixed_73,gpt-oss:20b_baseline,88.65764212608337,51.86,0,direct_json,1.0,0.75,0.8571428571428571,0.0,0,11.4,38.6,1.4,107.7,112.6,26668.8,81.3,12292.8,13154.5,"{'timestamp': '2026-09-09T00:47:09.757364+00:00', 'model_version': 'gpt-oss:20b', 'prompt_hash': 'a6af280e'}",gpt-oss_20b__N120
7,real_mixed_74,gpt-oss:20b_baseline,59.26645827293396,51.53,0,direct_json,0.8181818181818182,0.75,0.7826086956521738,0.0,0,12.9,38.7,1.4,107.5,112.6,26686.7,81.2,12292.8,13154.5,"{'timestamp': '2026-09-09T00:46:40.361575+00:00', 'model_version': 'gpt-oss:20b', 'prompt_hash': 'a6af280e'}",gpt-oss_20b__N120
7,real_mixed_75,gpt-oss:20b_baseline,112.46121430397034,52.24,0,direct_json,0.6666666666666666,0.8,0.7272727272727272,0.0,0,12.0,60.0,0.9,107.8,112.6,26667.5,81.3,12292.8,13154.5,"{'timestamp': '2026-09-09T00:47:33.548232+00:00', 'model_version': 'gpt-oss:20b', 'prompt_hash': 'a6af280e'}",gpt-oss_20b__N120
7,real_mixed_76,gpt-oss:20b_baseline,14.19647479057312,52.34,0,direct_json,0.0,0.0,0.0,0.0,0,13.7,38.6,8.2,112.4,112.5,26674.3,81.2,12292.8,13154.5,"{'timestamp': '2026-09-09T00:45:55.272674+00:00', 'model_version': 'gpt-oss:20b', 'prompt_hash': 'a6af280e'}",gpt-oss_20b__N120
7,real_mixed_77,gpt-oss:20b_baseline,184.41453289985657,52.02,0,direct_json,0.68,0.7391304347826086,0.7083333333333334,0.0,0,11.9,60.0,0.6,104.9,112.6,26636.3,81.3,12292.8,13154.5,"{'timestamp': '2026-09-09T00:48:59.735211+00:00', 'model_version': 'gpt-oss:20b', 'prompt_hash': 'a6af280e'}",gpt-oss_20b__N120
7,real_mixed_78,gpt-oss:20b_baseline,159.04644107818604,51.1,0,direct_json,0.4615384615384615,0.8571428571428571,0.6,0.1538461538461538,2,12.0,51.7,0.7,104.0,109.8,26609.8,81.3,12292.8,13154.5,"{'timestamp': '2026-09-09T00:49:19.424217+00:00', 'model_version': 'gpt-oss:20b', 'prompt_hash': 'a6af280e'}",gpt-oss_20b__N120
7,real_mixed_80,gpt-oss:20b_baseline,171.1386821269989,51.14,0,direct_json,0.6388888888888888,0.8214285714285714,0.7187499999999999,0.0277777777777777,1,13.2,50.0,0.6,99.3,109.8,26536.7,81.5,12292.8,13154.5,"{'timestamp': '2026-09-09T00:50:24.726189+00:00', 'model_version': 'gpt-oss:20b', 'prompt_hash': 'a6af280e'}",gpt-oss_20b__N120
8,real_mixed_81,gpt-oss:20b_baseline,37.51742076873779,51.89,0,direct_json,0.8888888888888888,0.5714285714285714,0.6956521739130435,0.0,0,14.6,50.0,2.0,103.0,113.3,26417.0,81.9,12292.8,13154.5,"{'timestamp': '2026-09-09T00:51:02.291108+00:00', 'model_version': 'gpt-oss:20b', 'prompt_hash': 'a6af280e'}",gpt-oss_20b__N120
8,real_mixed_82,gpt-oss:20b_baseline,139.79058718681335,52.13,0,direct_json,0.6666666666666666,0.8235294117647058,0.7368421052631577,0.0,0,15.4,95.1,1.2,103.7,113.3,26392.2,82.0,12292.8,13154.5,"{'timestamp': '2026-09-09T00:52:44.562441+00:00', 'model_version': 'gpt-oss:20b', 'prompt_hash': 'a6af280e'}",gpt-oss_20b__N120
8,real_mixed_83,gpt-oss:20b_baseline,60.80202531814575,52.17,0,direct_json,1.0,0.9230769230769232,0.96,0.0,0,14.8,100.0,1.3,104.3,113.3,26394.3,81.9,12292.8,13154.5,"{'timestamp': '2026-09-09T00:51:25.568417+00:00', 'model_version': 'gpt-oss:20b', 'prompt_hash': 'a6af280e'}",gpt-oss_20b__N120
8,real_mixed_84,gpt-oss:20b_baseline,76.50677800178528,52.37,0,direct_json,1.0,0.8181818181818182,0.9,0.0,0,12.6,94.9,1.4,105.3,113.3,26397.7,81.9,12292.8,13154.5,"{'timestamp': '2026-09-09T00:51:41.274507+00:00', 'model_version': 'gpt-oss:20b', 'prompt_hash': 'a6af280e'}",gpt-oss_20b__N120
8,real_mixed_85,gpt-oss:20b_baseline,117.02328872680664,52.36,0,direct_json,0.6363636363636364,0.7777777777777778,0.7000000000000001,0.0,0,13.6,100.0,1.0,104.5,113.3,26403.1,81.9,12292.8,13154.5,"{'timestamp': '2026-09-09T00:52:21.793909+00:00', 'model_version': 'gpt-oss:20b', 'prompt_hash': 'a6af280e'}",gpt-oss_20b__N120
8,real_mixed_86,gpt-oss:20b_baseline,155.882169008255,52.14,0,direct_json,0.6923076923076923,0.6428571428571429,0.6666666666666666,0.0,0,16.3,95.0,0.9,103.2,113.3,26397.3,82.0,12292.8,13154.5,"{'timestamp': '2026-09-09T00:53:00.650310+00:00', 'model_version': 'gpt-oss:20b', 'prompt_hash': 'a6af280e'}",gpt-oss_20b__N120
8,real_mixed_87,gpt-oss:20b_baseline,99.756028175354,51.98,0,direct_json,0.7,0.6363636363636364,0.6666666666666666,0.0,0,14.6,95.0,1.3,105.2,113.3,26426.2,81.9,12292.8,13154.5,"{'timestamp': '2026-09-09T00:52:04.523600+00:00', 'model_version': 'gpt-oss:20b', 'prompt_hash': 'a6af280e'}",gpt-oss_20b__N120
8,real_mixed_88,gpt-oss:20b_baseline,129.1263599395752,52.3,0,direct_json,0.5555555555555556,0.625,0.5882352941176471,0.0,0,13.0,94.7,0.8,102.9,110.1,26399.5,82.0,12292.8,13154.5,"{'timestamp': '2026-09-09T00:53:11.435240+00:00', 'model_version': 'gpt-oss:20b', 'prompt_hash': 'a6af280e'}",gpt-oss_20b__N120
8,real_mixed_89,gpt-oss:20b_baseline,123.11580085754396,52.26,0,direct_json,0.6666666666666666,0.4285714285714285,0.5217391304347826,0.1111111111111111,1,12.7,39.8,0.6,101.8,110.1,26380.9,82.0,12292.8,13154.5,"{'timestamp': '2026-09-09T00:53:28.713153+00:00', 'model_version': 'gpt-oss:20b', 'prompt_hash': 'a6af280e'}",gpt-oss_20b__N120
8,real_mixed_90,gpt-oss:20b_baseline,146.46909379959106,51.25,0,direct_json,0.75,0.8181818181818182,0.7826086956521738,0.0,0,14.4,72.4,0.6,99.6,110.1,26325.5,82.2,12292.8,13154.5,"{'timestamp': '2026-09-09T00:54:07.785814+00:00', 'model_version': 'gpt-oss:20b', 'prompt_hash': 'a6af280e'}",gpt-oss_20b__N120
9,real_mixed_91,gpt-oss:20b_baseline,250.200758934021,51.73,0,direct_json,0.875,0.8235294117647058,0.8484848484848485,0.0,0,12.7,100.0,0.6,99.5,114.1,25979.6,82.7,12292.8,13154.5,"{'timestamp': '2026-09-09T00:58:18.044204+00:00', 'model_version': 'gpt-oss:20b', 'prompt_hash': 'a6af280e'}",gpt-oss_20b__N120
9,real_mixed_92,gpt-oss:20b_baseline,139.7874231338501,51.61,0,direct_json,0.8235294117647058,0.6666666666666666,0.7368421052631577,0.0,0,13.1,60.5,0.9,101.3,114.1,26020.1,82.7,12292.8,13154.5,"{'timestamp': '2026-09-09T00:56:27.626922+00:00', 'model_version': 'gpt-oss:20b', 'prompt_hash': 'a6af280e'}",gpt-oss_20b__N120
9,real_mixed_93,gpt-oss:20b_baseline,102.87954688072205,51.93,0,direct_json,1.0,0.8666666666666667,0.9285714285714286,0.0,0,10.6,47.5,1.0,105.7,114.1,26019.6,82.7,12292.8,13154.5,"{'timestamp': '2026-09-09T00:55:50.719950+00:00', 'model_version': 'gpt-oss:20b', 'prompt_hash': 'a6af280e'}",gpt-oss_20b__N120
9,real_mixed_94,gpt-oss:20b_baseline,186.88188791275024,51.46,0,direct_json,0.8260869565217391,0.8636363636363636,0.8444444444444444,0.0,0,12.1,50.0,1.1,101.0,114.1,25981.3,82.7,12292.8,13154.5,"{'timestamp': '2026-09-09T00:57:14.731822+00:00', 'model_version': 'gpt-oss:20b', 'prompt_hash': 'a6af280e'}",gpt-oss_20b__N120
9,real_mixed_95,gpt-oss:20b_baseline,18.254143238067627,52.18,0,direct_json,0.6666666666666666,1.0,0.8,0.0,0,15.4,50.0,6.3,113.7,114.1,26252.7,82.3,12292.8,13154.5,"{'timestamp': '2026-09-09T00:54:26.082861+00:00', 'model_version': 'gpt-oss:20b', 'prompt_hash': 'a6af280e'}",gpt-oss_20b__N120
9,real_mixed_96,gpt-oss:20b_baseline,46.17390489578247,51.98,0,direct_json,0.6470588235294118,0.7857142857142857,0.7096774193548386,0.0,0,9.8,47.5,1.8,112.9,114.1,26072.7,82.6,12292.8,13154.5,"{'timestamp': '2026-09-09T00:54:54.005742+00:00', 'model_version': 'gpt-oss:20b', 'prompt_hash': 'a6af280e'}",gpt-oss_20b__N120
9,real_mixed_97,gpt-oss:20b_baseline,70.92026901245117,52.07,0,direct_json,1.0,0.9230769230769232,0.96,0.0,0,15.6,100.0,1.3,108.7,114.1,26062.0,82.6,12292.8,13154.5,"{'timestamp': '2026-09-09T00:55:18.758523+00:00', 'model_version': 'gpt-oss:20b', 'prompt_hash': 'a6af280e'}",gpt-oss_20b__N120
9,real_mixed_98,gpt-oss:20b_baseline,214.2025671005249,51.73,0,direct_json,0.782608695652174,0.5294117647058824,0.631578947368421,0.0,0,14.1,63.3,0.7,99.5,114.1,25992.8,82.7,12292.8,13154.5,"{'timestamp': '2026-09-09T00:57:42.066004+00:00', 'model_version': 'gpt-oss:20b', 'prompt_hash': 'a6af280e'}",gpt-oss_20b__N120
9,real_mixed_99,gpt-oss:20b_baseline,244.21734595298767,52.57,0,direct_json,0.6,1.0,0.7499999999999999,0.0,0,10.7,60.0,0.6,98.5,114.0,25963.9,82.7,12292.8,13154.5,"{'timestamp': '2026-09-09T00:58:30.322696+00:00', 'model_version': 'gpt-oss:20b', 'prompt_hash': 'a6af280e'}",gpt-oss_20b__N120
9,real_mixed_100,gpt-oss:20b_baseline,245.2077808380127,51.82,0,direct_json,0.7894736842105263,0.7142857142857143,0.7500000000000001,0.0,0,11.3,40.0,0.5,97.0,109.8,25940.5,82.7,12292.8,13154.5,"{'timestamp': '2026-09-09T00:58:59.252183+00:00', 'model_version': 'gpt-oss:20b', 'prompt_hash': 'a6af280e'}",gpt-oss_20b__N120
10,real_mixed_102,gpt-oss:20b_baseline,8.12633204460144,53.28,0,direct_json,1.0,1.0,1.0,0.0,0,13.5,50.0,12.0,115.0,115.5,25749.8,83.1,12292.8,13154.5,"{'timestamp': '2026-09-09T00:59:07.417516+00:00', 'model_version': 'gpt-oss:20b', 'prompt_hash': 'a6af280e'}",gpt-oss_20b__N120
10,real_mixed_103,gpt-oss:20b_baseline,52.67657923698425,52.6,0,direct_json,1.0,1.0,1.0,0.0,0,13.4,50.0,1.8,107.1,115.5,25769.7,83.1,12292.8,13154.5,"{'timestamp': '2026-09-09T00:59:51.969774+00:00', 'model_version': 'gpt-oss:20b', 'prompt_hash': 'a6af280e'}",gpt-oss_20b__N120
10,real_mixed_104,gpt-oss:20b_baseline,136.78830909729004,50.19,0,direct_json,0.85,0.8095238095238095,0.8292682926829269,0.0,0,18.3,100.0,1.0,96.9,115.5,25676.7,83.3,12292.8,13154.5,"{'timestamp': '2026-09-09T01:01:16.099080+00:00', 'model_version': 'gpt-oss:20b', 'prompt_hash': 'a6af280e'}",gpt-oss_20b__N120
10,real_mixed_105,gpt-oss:20b_baseline,46.13568997383118,52.08,0,direct_json,0.7333333333333333,0.7333333333333333,0.7333333333333333,0.0,0,12.4,100.0,2.0,108.2,115.5,25784.9,83.0,12292.8,13154.5,"{'timestamp': '2026-09-09T00:59:45.449354+00:00', 'model_version': 'gpt-oss:20b', 'prompt_hash': 'a6af280e'}",gpt-oss_20b__N120
10,real_mixed_106,gpt-oss:20b_baseline,6.098323822021484,52.77,0,direct_json,1.0,1.0,1.0,0.0,0,8.4,34.0,14.5,114.9,114.9,25729.7,83.1,12292.8,13154.5,"{'timestamp': '2026-09-09T00:59:05.394068+00:00', 'model_version': 'gpt-oss:20b', 'prompt_hash': 'a6af280e'}",gpt-oss_20b__N120
10,real_mixed_107,gpt-oss:20b_baseline,152.504292011261,50.21,0,direct_json,0.875,1.0,0.9333333333333332,0.0,0,17.1,100.0,1.2,97.2,115.5,25691.9,83.3,12292.8,13154.5,"{'timestamp': '2026-09-09T01:01:31.799513+00:00', 'model_version': 'gpt-oss:20b', 'prompt_hash': 'a6af280e'}",gpt-oss_20b__N120
10,real_mixed_108,gpt-oss:20b_baseline,68.41227698326111,52.07,0,direct_json,0.3846153846153846,0.625,0.4761904761904762,0.0,0,13.8,100.0,1.5,105.5,115.5,25726.9,83.2,12292.8,13154.5,"{'timestamp': '2026-09-09T01:00:07.714573+00:00', 'model_version': 'gpt-oss:20b', 'prompt_hash': 'a6af280e'}",gpt-oss_20b__N120
10,real_mixed_109,gpt-oss:20b_baseline,115.51584100723268,50.38,0,direct_json,0.8260869565217391,0.6551724137931034,0.7307692307692308,0.0,0,14.6,100.0,1.2,96.4,115.5,25674.8,83.3,12292.8,13154.5,"{'timestamp': '2026-09-09T01:00:54.831648+00:00', 'model_version': 'gpt-oss:20b', 'prompt_hash': 'a6af280e'}",gpt-oss_20b__N120
10,real_mixed_110,gpt-oss:20b_baseline,173.1451358795166,49.78,0,direct_json,0.6666666666666666,0.4166666666666667,0.5128205128205129,0.0,0,19.1,85.1,0.6,95.8,115.8,25706.2,83.2,12292.8,13154.5,"{'timestamp': '2026-09-09T01:01:58.582336+00:00', 'model_version': 'gpt-oss:20b', 'prompt_hash': 'a6af280e'}",gpt-oss_20b__N120
11,real_mixed_111,gpt-oss:20b_baseline,51.163686990737915,50.05,0,direct_json,0.9428571428571428,0.9705882352941176,0.9565217391304348,0.0,0,15.0,100.0,1.6,111.7,115.3,25657.7,83.3,12292.8,13154.5,"{'timestamp': '2026-09-09T01:02:49.822090+00:00', 'model_version': 'gpt-oss:20b', 'prompt_hash': 'a6af280e'}",gpt-oss_20b__N120
11,real_mixed_112,gpt-oss:20b_baseline,69.93393397331238,50.15,0,direct_json,0.7,0.875,0.7777777777777777,0.0,0,13.8,50.0,1.5,108.4,115.3,25682.6,83.3,12292.8,13154.5,"{'timestamp': '2026-09-09T01:03:08.560105+00:00', 'model_version': 'gpt-oss:20b', 'prompt_hash': 'a6af280e'}",gpt-oss_20b__N120
11,real_mixed_113,gpt-oss:20b_baseline,92.1836757659912,50.37,0,direct_json,0.8,0.8,0.8000000000000002,0.0,0,17.1,50.0,1.0,106.3,115.3,25699.6,83.3,12292.8,13154.5,"{'timestamp': '2026-09-09T01:03:30.819231+00:00', 'model_version': 'gpt-oss:20b', 'prompt_hash': 'a6af280e'}",gpt-oss_20b__N120
11,real_mixed_114,gpt-oss:20b_baseline,156.99921703338623,49.43,0,direct_json,0.8235294117647058,0.9333333333333332,0.8749999999999999,0.0,0,16.2,73.9,0.7,101.3,115.3,25728.0,83.3,12292.8,13154.5,"{'timestamp': '2026-09-09T01:04:35.642311+00:00', 'model_version': 'gpt-oss:20b', 'prompt_hash': 'a6af280e'}",gpt-oss_20b__N120
11,real_mixed_115,gpt-oss:20b_baseline,14.196985244750977,50.49,0,direct_json,0.6666666666666666,1.0,0.8,0.0,0,15.1,46.5,7.1,114.8,115.3,25598.2,83.5,12292.8,13154.5,"{'timestamp': '2026-09-09T01:02:12.818731+00:00', 'model_version': 'gpt-oss:20b', 'prompt_hash': 'a6af280e'}",gpt-oss_20b__N120
11,real_mixed_116,gpt-oss:20b_baseline,209.23586893081665,50.17,0,direct_json,0.8,1.0,0.888888888888889,0.2,1,16.0,100.0,0.8,100.7,115.3,25701.0,83.4,12292.8,13154.5,"{'timestamp': '2026-09-09T01:05:27.862622+00:00', 'model_version': 'gpt-oss:20b', 'prompt_hash': 'a6af280e'}",gpt-oss_20b__N120
11,real_mixed_117,gpt-oss:20b_baseline,186.40333795547485,49.82,0,direct_json,0.35,0.5,0.4117647058823529,0.0,0,18.5,100.0,0.7,100.8,115.3,25704.3,83.4,12292.8,13154.5,"{'timestamp': '2026-09-09T01:05:05.047246+00:00', 'model_version': 'gpt-oss:20b', 'prompt_hash': 'a6af280e'}",gpt-oss_20b__N120
11,real_mixed_118,gpt-oss:20b_baseline,109.43146514892578,50.37,0,direct_json,0.8888888888888888,1.0,0.9411764705882352,0.0,0,11.4,46.5,1.2,105.4,115.3,25713.1,83.3,12292.8,13154.5,"{'timestamp': '2026-09-09T01:03:48.061643+00:00', 'model_version': 'gpt-oss:20b', 'prompt_hash': 'a6af280e'}",gpt-oss_20b__N120
11,real_mixed_119,gpt-oss:20b_baseline,122.1223850250244,50.05,0,direct_json,0.7777777777777778,0.875,0.823529411764706,0.0,0,12.9,100.0,1.1,103.8,115.3,25716.9,83.3,12292.8,13154.5,"{'timestamp': '2026-09-09T01:04:00.756533+00:00', 'model_version': 'gpt-oss:20b', 'prompt_hash': 'a6af280e'}",gpt-oss_20b__N120
11,real_mixed_120,gpt-oss:20b_baseline,228.8753137588501,49.92,0,direct_json,0.5625,0.75,0.6428571428571429,0.0625,1,17.8,100.0,0.5,98.2,115.0,25705.1,83.4,12292.8,13154.5,"{'timestamp': '2026-09-09T01:06:01.717895+00:00', 'model_version': 'gpt-oss:20b', 'prompt_hash': 'a6af280e'}",gpt-oss_20b__N120
3,real_mixed_31,gpt-oss:20b_kb_rag,1636.6112220287323,49.96,0,direct_json,0.8333333333333334,1.0,0.9090909090909092,0.0,0,11.1,100.0,2.4,156.9,1308.3,24573.5,85.6,12292.8,13154.5,"{'timestamp': '2026-09-09T01:33:27.055284+00:00', 'model_version': 'gpt-oss:20b', 'prompt_hash': 'a6af280e'}",gpt-oss_20b__N120
3,real_mixed_32,gpt-oss:20b_kb_rag,425.04417300224304,49.39,0,direct_json,0.7142857142857143,0.625,0.6666666666666666,0.0,0,14.8,97.5,6.2,178.6,1961.7,24993.4,84.7,12292.8,13154.5,"{'timestamp': '2026-09-09T01:13:13.121928+00:00', 'model_version': 'gpt-oss:20b', 'prompt_hash': 'a6af280e'}",gpt-oss_20b__N120
3,real_mixed_33,gpt-oss:20b_kb_rag,1285.8057401180267,49.38,0,direct_json,0.875,0.9333333333333332,0.9032258064516128,0.0,0,11.1,100.0,2.7,160.7,1302.6,24696.4,85.3,12292.8,13154.5,"{'timestamp': '2026-09-09T01:27:36.177390+00:00', 'model_version': 'gpt-oss:20b', 'prompt_hash': 'a6af280e'}",gpt-oss_20b__N120
3,real_mixed_34,gpt-oss:20b_kb_rag,258.194678068161,49.18,0,direct_json,0.6428571428571429,0.6428571428571429,0.6428571428571429,0.0,0,10.1,95.9,8.7,205.0,1977.2,25029.7,84.6,12292.8,13154.5,"{'timestamp': '2026-09-09T01:10:24.275320+00:00', 'model_version': 'gpt-oss:20b', 'prompt_hash': 'a6af280e'}",gpt-oss_20b__N120
3,real_mixed_35,gpt-oss:20b_kb_rag,1103.0280830860138,48.62,0,direct_json,0.6666666666666666,0.8333333333333334,0.7407407407407408,0.0666666666666666,1,10.1,95.9,2.6,162.2,1307.3,24755.4,85.2,12292.8,13154.5,"{'timestamp': '2026-09-09T01:24:33.498299+00:00', 'model_version': 'gpt-oss:20b', 'prompt_hash': 'a6af280e'}",gpt-oss_20b__N120
3,real_mixed_36,gpt-oss:20b_kb_rag,27.28560996055603,47.93,0,direct_json,0.6666666666666666,0.6363636363636364,0.6511627906976744,0.2857142857142857,6,23.6,95.9,109.0,586.9,2162.9,24652.2,85.5,12292.8,13154.5,"{'timestamp': '2026-09-09T01:06:30.332167+00:00', 'model_version': 'gpt-oss:20b', 'prompt_hash': 'a6af280e'}",gpt-oss_20b__N120
3,real_mixed_37,gpt-oss:20b_kb_rag,2199.1261010169983,49.0,0,direct_json,0.8125,0.8666666666666667,0.8387096774193549,0.0,0,11.4,100.0,2.3,154.3,1308.1,24456.9,85.9,12292.8,13154.5,"{'timestamp': '2026-09-09T01:42:49.535586+00:00', 'model_version': 'gpt-oss:20b', 'prompt_hash': 'a6af280e'}",gpt-oss_20b__N120
3,real_mixed_38,gpt-oss:20b_kb_rag,728.694492816925,48.84,0,direct_json,0.8333333333333334,0.8333333333333334,0.8333333333333334,0.0,0,11.3,100.0,3.0,167.6,1286.9,24887.5,85.0,12292.8,13154.5,"{'timestamp': '2026-09-09T01:18:19.037259+00:00', 'model_version': 'gpt-oss:20b', 'prompt_hash': 'a6af280e'}",gpt-oss_20b__N120
3,real_mixed_39,gpt-oss:20b_kb_rag,853.7005078792572,49.27,0,direct_json,0.6666666666666666,0.75,0.7058823529411765,0.0,0,11.2,100.0,2.8,166.7,1310.3,24836.4,85.0,12292.8,13154.5,"{'timestamp': '2026-09-09T01:20:24.092647+00:00', 'model_version': 'gpt-oss:20b', 'prompt_hash': 'a6af280e'}",gpt-oss_20b__N120
3,real_mixed_40,gpt-oss:20b_kb_rag,3113.4577548503876,49.33,0,direct_json,0.8461538461538461,0.7333333333333333,0.7857142857142856,0.0,0,11.1,100.0,1.8,147.6,372.8,24332.9,86.1,12292.8,13154.5,"{'timestamp': '2026-09-09T01:58:23.967739+00:00', 'model_version': 'gpt-oss:20b', 'prompt_hash': 'a6af280e'}",gpt-oss_20b__N120
5,real_mixed_51,gpt-oss:20b_kb_rag,456.89152097702026,49.68,0,direct_json,0.9,0.6,0.7200000000000001,0.0,0,10.6,100.0,6.5,177.8,2155.3,24988.9,84.7,12292.8,13154.5,"{'timestamp': '2026-09-09T01:13:44.706585+00:00', 'model_version': 'gpt-oss:20b', 'prompt_hash': 'a6af280e'}",gpt-oss_20b__N120
5,real_mixed_52,gpt-oss:20b_kb_rag,2146.5589480400085,48.94,0,direct_json,0.7894736842105263,0.7142857142857143,0.7500000000000001,0.0,0,10.4,95.9,2.2,154.1,1307.3,24462.7,85.9,12292.8,13154.5,"{'timestamp': '2026-09-09T01:41:57.036657+00:00', 'model_version': 'gpt-oss:20b', 'prompt_hash': 'a6af280e'}",gpt-oss_20b__N120
5,real_mixed_53,gpt-oss:20b_kb_rag,390.69665718078613,49.6,0,direct_json,0.8235294117647058,0.875,0.8484848484848485,0.0,0,11.2,95.9,6.7,187.9,2155.2,25012.3,84.7,12292.8,13154.5,"{'timestamp': '2026-09-09T01:12:37.049819+00:00', 'model_version': 'gpt-oss:20b', 'prompt_hash': 'a6af280e'}",gpt-oss_20b__N120
5,real_mixed_54,gpt-oss:20b_kb_rag,1915.793737888336,50.11,0,direct_json,0.8,1.0,0.888888888888889,0.2,2,10.4,100.0,2.4,156.0,1307.1,24515.2,85.7,12292.8,13154.5,"{'timestamp': '2026-09-09T01:38:06.203338+00:00', 'model_version': 'gpt-oss:20b', 'prompt_hash': 'a6af280e'}",gpt-oss_20b__N120
5,real_mixed_55,gpt-oss:20b_kb_rag,327.3918161392212,49.03,0,direct_json,0.6666666666666666,0.6,0.631578947368421,0.0,0,10.5,95.9,8.1,191.0,2157.2,25029.7,84.6,12292.8,13154.5,"{'timestamp': '2026-09-09T01:11:33.629657+00:00', 'model_version': 'gpt-oss:20b', 'prompt_hash': 'a6af280e'}",gpt-oss_20b__N120
5,real_mixed_56,gpt-oss:20b_kb_rag,2652.679527759552,48.63,0,direct_json,0.75,0.8076923076923077,0.7777777777777779,0.0,0,11.4,100.0,2.1,151.2,1310.1,24382.5,86.0,12292.8,13154.5,"{'timestamp': '2026-09-09T01:50:23.086038+00:00', 'model_version': 'gpt-oss:20b', 'prompt_hash': 'a6af280e'}",gpt-oss_20b__N120
5,real_mixed_57,gpt-oss:20b_kb_rag,1229.736748933792,49.43,0,direct_json,1.0,0.9523809523809524,0.975609756097561,0.0,0,10.2,100.0,2.6,160.5,1308.2,24709.1,85.3,12292.8,13154.5,"{'timestamp': '2026-09-09T01:26:40.137463+00:00', 'model_version': 'gpt-oss:20b', 'prompt_hash': 'a6af280e'}",gpt-oss_20b__N120
5,real_mixed_58,gpt-oss:20b_kb_rag,2527.2286701202393,49.23,0,direct_json,0.8235294117647058,0.7777777777777778,0.7999999999999999,0.0,0,10.6,100.0,2.1,152.3,1308.5,24400.7,86.0,12292.8,13154.5,"{'timestamp': '2026-09-09T01:48:17.696897+00:00', 'model_version': 'gpt-oss:20b', 'prompt_hash': 'a6af280e'}",gpt-oss_20b__N120
5,real_mixed_60,gpt-oss:20b_kb_rag,3056.5124180316925,49.51,0,direct_json,0.8571428571428571,0.8571428571428571,0.8571428571428571,0.0,0,10.6,94.4,1.9,151.0,973.1,24313.5,86.2,12292.8,13154.5,"{'timestamp': '2026-09-09T01:58:54.352768+00:00', 'model_version': 'gpt-oss:20b', 'prompt_hash': 'a6af280e'}",gpt-oss_20b__N120
1,real_mixed_11,gpt-oss:20b_kb_rag,161.50047898292542,48.64,0,direct_json,0.8928571428571429,0.925925925925926,0.9090909090909092,0.0357142857142857,1,11.2,95.9,15.7,217.9,1956.0,24978.2,84.7,12292.8,13154.5,"{'timestamp': '2026-09-09T01:08:46.251534+00:00', 'model_version': 'gpt-oss:20b', 'prompt_hash': 'a6af280e'}",gpt-oss_20b__N120
1,real_mixed_12,gpt-oss:20b_kb_rag,283.12184715270996,49.86,0,direct_json,0.8571428571428571,1.0,0.923076923076923,0.0,0,13.4,95.9,7.8,198.4,2155.3,25045.3,84.5,12292.8,13154.5,"{'timestamp': '2026-09-09T01:10:49.845952+00:00', 'model_version': 'gpt-oss:20b', 'prompt_hash': 'a6af280e'}",gpt-oss_20b__N120
1,real_mixed_13,gpt-oss:20b_kb_rag,1153.7734887599945,49.0,0,direct_json,0.7857142857142857,0.8148148148148148,0.7999999999999999,0.0,0,10.1,95.9,2.6,161.5,1307.6,24734.6,85.2,12292.8,13154.5,"{'timestamp': '2026-09-09T01:25:24.198672+00:00', 'model_version': 'gpt-oss:20b', 'prompt_hash': 'a6af280e'}",gpt-oss_20b__N120
1,real_mixed_14,gpt-oss:20b_kb_rag,2844.6365880966187,48.99,0,direct_json,0.8571428571428571,0.8,0.8275862068965518,0.0,0,11.6,100.0,2.0,150.1,1306.7,24368.0,86.1,12292.8,13154.5,"{'timestamp': '2026-09-09T01:53:35.046537+00:00', 'model_version': 'gpt-oss:20b', 'prompt_hash': 'a6af280e'}",gpt-oss_20b__N120
1,real_mixed_15,gpt-oss:20b_kb_rag,822.5779361724854,49.03,0,direct_json,0.7727272727272727,0.8095238095238095,0.7906976744186046,0.0,0,10.4,96.3,2.8,167.7,1309.6,24848.5,85.0,12292.8,13154.5,"{'timestamp': '2026-09-09T01:19:52.972821+00:00', 'model_version': 'gpt-oss:20b', 'prompt_hash': 'a6af280e'}",gpt-oss_20b__N120
1,real_mixed_16,gpt-oss:20b_kb_rag,1451.4694621562958,49.31,0,direct_json,1.0,0.6666666666666666,0.8,0.0,0,10.3,95.9,2.6,159.4,1292.0,24641.5,85.4,12292.8,13154.5,"{'timestamp': '2026-09-09T01:30:21.810314+00:00', 'model_version': 'gpt-oss:20b', 'prompt_hash': 'a6af280e'}",gpt-oss_20b__N120
1,real_mixed_17,gpt-oss:20b_kb_rag,3067.0949969291687,50.17,0,direct_json,0.8333333333333334,1.0,0.9090909090909092,0.1666666666666666,1,10.9,100.0,1.9,148.6,1306.8,24341.1,86.1,12292.8,13154.5,"{'timestamp': '2026-09-09T01:57:17.459276+00:00', 'model_version': 'gpt-oss:20b', 'prompt_hash': 'a6af280e'}",gpt-oss_20b__N120
1,real_mixed_18,gpt-oss:20b_kb_rag,604.5642809867859,48.88,0,direct_json,0.7857142857142857,0.7857142857142857,0.7857142857142857,0.0,0,10.3,95.9,3.1,174.7,1544.2,24955.1,84.8,12292.8,13154.5,"{'timestamp': '2026-09-09T01:16:14.683393+00:00', 'model_version': 'gpt-oss:20b', 'prompt_hash': 'a6af280e'}",gpt-oss_20b__N120
1,real_mixed_19,gpt-oss:20b_kb_rag,2938.834048986435,49.61,0,direct_json,1.0,0.9090909090909092,0.9523809523809524,0.0,0,10.6,100.0,2.0,149.7,1308.3,24360.1,86.1,12292.8,13154.5,"{'timestamp': '2026-09-09T01:55:09.300545+00:00', 'model_version': 'gpt-oss:20b', 'prompt_hash': 'a6af280e'}",gpt-oss_20b__N120
1,real_mixed_20,gpt-oss:20b_kb_rag,3042.910617828369,49.13,0,direct_json,0.7857142857142857,0.5789473684210527,0.6666666666666667,0.0,0,11.4,100.0,2.0,150.8,967.8,24295.5,86.2,12292.8,13154.5,"{'timestamp': '2026-09-09T01:59:29.339321+00:00', 'model_version': 'gpt-oss:20b', 'prompt_hash': 'a6af280e'}",gpt-oss_20b__N120
6,real_mixed_61,gpt-oss:20b_kb_rag,1518.3457112312317,47.62,0,direct_json,0.6190476190476191,0.7222222222222222,0.6666666666666666,0.0238095238095238,1,10.1,95.9,2.5,158.1,1308.4,24617.6,85.5,12292.8,13154.5,"{'timestamp': '2026-09-09T01:31:28.828987+00:00', 'model_version': 'gpt-oss:20b', 'prompt_hash': 'a6af280e'}",gpt-oss_20b__N120
6,real_mixed_62,gpt-oss:20b_kb_rag,1817.5542240142825,48.84,0,direct_json,0.631578947368421,0.6666666666666666,0.6486486486486486,0.0,0,11.7,100.0,2.4,156.3,1308.4,24540.0,85.7,12292.8,13154.5,"{'timestamp': '2026-09-09T01:36:28.017746+00:00', 'model_version': 'gpt-oss:20b', 'prompt_hash': 'a6af280e'}",gpt-oss_20b__N120
6,real_mixed_63,gpt-oss:20b_kb_rag,2284.658719062805,48.63,0,direct_json,0.6470588235294118,0.7333333333333333,0.6875,0.0588235294117647,1,12.5,100.0,2.3,153.8,1305.4,24441.6,85.9,12292.8,13154.5,"{'timestamp': '2026-09-09T01:44:15.033897+00:00', 'model_version': 'gpt-oss:20b', 'prompt_hash': 'a6af280e'}",gpt-oss_20b__N120
6,real_mixed_64,gpt-oss:20b_kb_rag,1971.194683790207,50.17,0,direct_json,0.5,0.75,0.6,0.0,0,10.4,100.0,2.3,155.4,1306.7,24501.4,85.8,12292.8,13154.5,"{'timestamp': '2026-09-09T01:39:01.664264+00:00', 'model_version': 'gpt-oss:20b', 'prompt_hash': 'a6af280e'}",gpt-oss_20b__N120
6,real_mixed_65,gpt-oss:20b_kb_rag,1190.8076171875,48.94,0,direct_json,0.5454545454545454,0.5454545454545454,0.5454545454545454,0.0,0,10.3,100.0,2.6,160.9,1309.1,24721.5,85.3,12292.8,13154.5,"{'timestamp': '2026-09-09T01:26:01.192441+00:00', 'model_version': 'gpt-oss:20b', 'prompt_hash': 'a6af280e'}",gpt-oss_20b__N120
6,real_mixed_66,gpt-oss:20b_kb_rag,209.72452878952024,49.19,0,direct_json,0.6666666666666666,0.6153846153846154,0.64,0.0,0,11.9,95.9,11.5,213.3,1955.7,25028.6,84.6,12292.8,13154.5,"{'timestamp': '2026-09-09T01:09:35.397883+00:00', 'model_version': 'gpt-oss:20b', 'prompt_hash': 'a6af280e'}",gpt-oss_20b__N120
6,real_mixed_67,gpt-oss:20b_kb_rag,2418.329770088196,48.84,0,direct_json,0.8636363636363636,0.8636363636363636,0.8636363636363636,0.0,0,10.8,100.0,2.2,153.2,1307.7,24421.8,85.9,12292.8,13154.5,"{'timestamp': '2026-09-09T01:46:28.775581+00:00', 'model_version': 'gpt-oss:20b', 'prompt_hash': 'a6af280e'}",gpt-oss_20b__N120
6,real_mixed_68,gpt-oss:20b_kb_rag,1895.190957069397,49.35,0,direct_json,0.9444444444444444,0.8947368421052632,0.918918918918919,0.0,0,10.3,95.9,2.3,155.6,1308.2,24520.2,85.7,12292.8,13154.5,"{'timestamp': '2026-09-09T01:37:45.639568+00:00', 'model_version': 'gpt-oss:20b', 'prompt_hash': 'a6af280e'}",gpt-oss_20b__N120
6,real_mixed_69,gpt-oss:20b_kb_rag,1421.8955960273745,49.03,0,direct_json,0.8571428571428571,0.8571428571428571,0.8571428571428571,0.0,0,12.5,95.9,2.5,159.5,1308.0,24650.3,85.4,12292.8,13154.5,"{'timestamp': '2026-09-09T01:29:52.351288+00:00', 'model_version': 'gpt-oss:20b', 'prompt_hash': 'a6af280e'}",gpt-oss_20b__N120
6,real_mixed_70,gpt-oss:20b_kb_rag,3036.3688430786133,49.16,0,direct_json,0.8636363636363636,0.76,0.8085106382978724,0.0,0,10.6,94.4,2.1,153.3,972.2,24281.3,86.2,12292.8,13154.5,"{'timestamp': '2026-09-09T02:00:11.986271+00:00', 'model_version': 'gpt-oss:20b', 'prompt_hash': 'a6af280e'}",gpt-oss_20b__N120
0,real_mixed_2,gpt-oss:20b_kb_rag,1863.2680151462555,49.19,0,direct_json,0.9230769230769232,0.7058823529411765,0.8000000000000002,0.0,0,13.9,100.0,2.4,156.0,1306.3,24530.8,85.7,12292.8,13154.5,"{'timestamp': '2026-09-09T01:37:13.681159+00:00', 'model_version': 'gpt-oss:20b', 'prompt_hash': 'a6af280e'}",gpt-oss_20b__N120
0,real_mixed_3,gpt-oss:20b_kb_rag,642.2423269748688,49.27,0,direct_json,0.7692307692307693,0.5882352941176471,0.6666666666666667,0.0,0,11.2,100.0,3.1,171.9,1287.5,24937.6,84.9,12292.8,13154.5,"{'timestamp': '2026-09-09T01:16:52.581279+00:00', 'model_version': 'gpt-oss:20b', 'prompt_hash': 'a6af280e'}",gpt-oss_20b__N120
0,real_mixed_4,gpt-oss:20b_kb_rag,2332.3163821697235,49.17,0,direct_json,0.8235294117647058,0.9333333333333332,0.8749999999999999,0.0,0,12.2,100.0,2.3,153.5,1290.9,24433.5,85.9,12292.8,13154.5,"{'timestamp': '2026-09-09T01:45:02.672919+00:00', 'model_version': 'gpt-oss:20b', 'prompt_hash': 'a6af280e'}",gpt-oss_20b__N120
0,real_mixed_5,gpt-oss:20b_kb_rag,1047.3473510742188,49.06,0,direct_json,0.85,0.8095238095238095,0.8292682926829269,0.0,0,10.0,95.9,2.7,163.6,1307.4,24773.0,85.2,12292.8,13154.5,"{'timestamp': '2026-09-09T01:23:37.772156+00:00', 'model_version': 'gpt-oss:20b', 'prompt_hash': 'a6af280e'}",gpt-oss_20b__N120
0,real_mixed_6,gpt-oss:20b_kb_rag,2358.825510263443,49.54,0,direct_json,1.0,0.8,0.888888888888889,0.0,0,10.4,96.3,2.2,153.5,1307.9,24430.5,85.9,12292.8,13154.5,"{'timestamp': '2026-09-09T01:45:29.207778+00:00', 'model_version': 'gpt-oss:20b', 'prompt_hash': 'a6af280e'}",gpt-oss_20b__N120
0,real_mixed_7,gpt-oss:20b_kb_rag,363.1008267402649,49.36,0,direct_json,0.7894736842105263,0.75,0.7692307692307692,0.0,0,12.9,95.9,6.5,182.7,1956.0,25018.4,84.6,12292.8,13154.5,"{'timestamp': '2026-09-09T01:12:09.993356+00:00', 'model_version': 'gpt-oss:20b', 'prompt_hash': 'a6af280e'}",gpt-oss_20b__N120
0,real_mixed_8,gpt-oss:20b_kb_rag,679.8242769241333,49.38,0,direct_json,0.8,0.5333333333333333,0.64,0.0,0,10.3,100.0,3.0,170.8,1287.4,24917.9,84.9,12292.8,13154.5,"{'timestamp': '2026-09-09T01:17:30.154551+00:00', 'model_version': 'gpt-oss:20b', 'prompt_hash': 'a6af280e'}",gpt-oss_20b__N120
0,real_mixed_9,gpt-oss:20b_kb_rag,2484.187444925308,49.59,0,direct_json,0.6,0.5625,0.5806451612903225,0.0,0,10.4,100.0,2.1,152.7,1308.7,24408.1,86.0,12292.8,13154.5,"{'timestamp': '2026-09-09T01:47:34.649596+00:00', 'model_version': 'gpt-oss:20b', 'prompt_hash': 'a6af280e'}",gpt-oss_20b__N120
0,real_mixed_10,gpt-oss:20b_kb_rag,2909.395844936371,49.51,0,direct_json,0.9333333333333332,1.0,0.9655172413793104,0.0,0,11.5,100.0,2.1,153.4,1032.5,24242.8,86.3,12292.8,13154.5,"{'timestamp': '2026-09-09T02:00:39.561217+00:00', 'model_version': 'gpt-oss:20b', 'prompt_hash': 'a6af280e'}",gpt-oss_20b__N120
7,real_mixed_71,gpt-oss:20b_kb_rag,2016.2563672065735,48.97,0,direct_json,0.4285714285714285,0.4285714285714285,0.4285714285714285,0.0,0,10.4,100.0,2.3,154.7,1308.2,24491.6,85.8,12292.8,13154.5,"{'timestamp': '2026-09-09T01:39:46.703870+00:00', 'model_version': 'gpt-oss:20b', 'prompt_hash': 'a6af280e'}",gpt-oss_20b__N120
7,real_mixed_72,gpt-oss:20b_kb_rag,3095.528126001358,49.44,0,direct_json,0.8461538461538461,0.6470588235294118,0.7333333333333334,0.0,0,11.0,100.0,1.9,148.5,1308.5,24338.2,86.1,12292.8,13154.5,"{'timestamp': '2026-09-09T01:57:45.989681+00:00', 'model_version': 'gpt-oss:20b', 'prompt_hash': 'a6af280e'}",gpt-oss_20b__N120
7,real_mixed_73,gpt-oss:20b_kb_rag,1368.7111258506775,49.34,0,direct_json,1.0,0.5625,0.72,0.0,0,11.9,100.0,2.5,160.0,1308.0,24668.6,85.4,12292.8,13154.5,"{'timestamp': '2026-09-09T01:28:59.154337+00:00', 'model_version': 'gpt-oss:20b', 'prompt_hash': 'a6af280e'}",gpt-oss_20b__N120
7,real_mixed_74,gpt-oss:20b_kb_rag,1584.1092188358307,49.3,0,direct_json,0.8181818181818182,0.75,0.7826086956521738,0.0,0,10.5,95.9,2.4,157.6,1307.6,24592.2,85.6,12292.8,13154.5,"{'timestamp': '2026-09-09T01:32:34.530337+00:00', 'model_version': 'gpt-oss:20b', 'prompt_hash': 'a6af280e'}",gpt-oss_20b__N120
7,real_mixed_75,gpt-oss:20b_kb_rag,487.5406799316406,48.85,0,direct_json,0.8,0.8,0.8000000000000002,0.0,0,11.1,95.9,4.5,170.6,1753.6,24981.3,84.8,12292.8,13154.5,"{'timestamp': '2026-09-09T01:14:16.352470+00:00', 'model_version': 'gpt-oss:20b', 'prompt_hash': 'a6af280e'}",gpt-oss_20b__N120
7,real_mixed_76,gpt-oss:20b_kb_rag,1721.0070419311523,50.29,0,direct_json,0.0,0.0,0.0,0.0,0,13.3,100.0,2.4,157.0,1307.8,24558.3,85.7,12292.8,13154.5,"{'timestamp': '2026-09-09T01:34:51.419662+00:00', 'model_version': 'gpt-oss:20b', 'prompt_hash': 'a6af280e'}",gpt-oss_20b__N120
7,real_mixed_77,gpt-oss:20b_kb_rag,2982.7385292053223,49.13,0,direct_json,0.6666666666666666,0.6956521739130435,0.6808510638297872,0.0,0,12.7,100.0,1.9,149.2,1307.6,24353.4,86.1,12292.8,13154.5,"{'timestamp': '2026-09-09T01:55:53.176321+00:00', 'model_version': 'gpt-oss:20b', 'prompt_hash': 'a6af280e'}",gpt-oss_20b__N120
7,real_mixed_78,gpt-oss:20b_kb_rag,1008.9808988571168,48.7,0,direct_json,0.6,0.8571428571428571,0.7058823529411764,0.1,1,10.8,95.9,2.8,163.5,1319.1,24790.7,85.1,12292.8,13154.5,"{'timestamp': '2026-09-09T01:22:59.307067+00:00', 'model_version': 'gpt-oss:20b', 'prompt_hash': 'a6af280e'}",gpt-oss_20b__N120
7,real_mixed_80,gpt-oss:20b_kb_rag,2857.9260699748993,48.11,0,direct_json,0.6410256410256411,0.8928571428571429,0.746268656716418,0.0,0,11.2,91.8,2.1,152.3,1110.9,24214.6,86.4,12292.8,13154.5,"{'timestamp': '2026-09-09T02:01:54.517180+00:00', 'model_version': 'gpt-oss:20b', 'prompt_hash': 'a6af280e'}",gpt-oss_20b__N120
4,real_mixed_42,gpt-oss:20b_kb_rag,891.9343140125275,49.39,0,direct_json,0.875,0.7241379310344828,0.7924528301886793,0.0,0,10.1,95.9,2.7,166.2,1307.9,24828.2,85.1,12292.8,13154.5,"{'timestamp': '2026-09-09T01:21:02.383630+00:00', 'model_version': 'gpt-oss:20b', 'prompt_hash': 'a6af280e'}",gpt-oss_20b__N120
4,real_mixed_43,gpt-oss:20b_kb_rag,3055.8629190921783,47.63,0,direct_json,0.5625,0.8181818181818182,0.6666666666666666,0.03125,1,10.6,100.0,1.9,148.5,1307.4,24342.3,86.1,12292.8,13154.5,"{'timestamp': '2026-09-09T01:57:06.282987+00:00', 'model_version': 'gpt-oss:20b', 'prompt_hash': 'a6af280e'}",gpt-oss_20b__N120
4,real_mixed_44,gpt-oss:20b_kb_rag,2045.7647097110748,49.34,0,direct_json,0.7727272727272727,0.85,0.8095238095238095,0.0,0,11.0,100.0,2.3,154.5,1308.7,24483.0,85.8,12292.8,13154.5,"{'timestamp': '2026-09-09T01:40:16.242287+00:00', 'model_version': 'gpt-oss:20b', 'prompt_hash': 'a6af280e'}",gpt-oss_20b__N120
4,real_mixed_45,gpt-oss:20b_kb_rag,523.6668758392334,49.46,0,direct_json,0.7647058823529411,0.8125,0.787878787878788,0.0,0,10.6,95.9,4.0,173.1,1757.7,24976.3,84.8,12292.8,13154.5,"{'timestamp': '2026-09-09T01:14:53.126334+00:00', 'model_version': 'gpt-oss:20b', 'prompt_hash': 'a6af280e'}",gpt-oss_20b__N120
4,real_mixed_46,gpt-oss:20b_kb_rag,2678.1007328033447,49.67,0,direct_json,0.7,0.4666666666666667,0.56,0.1,1,12.5,100.0,2.1,151.3,1308.0,24381.3,86.0,12292.8,13154.5,"{'timestamp': '2026-09-09T01:50:48.503181+00:00', 'model_version': 'gpt-oss:20b', 'prompt_hash': 'a6af280e'}",gpt-oss_20b__N120
4,real_mixed_47,gpt-oss:20b_kb_rag,1764.7614071369171,49.35,0,direct_json,0.7586206896551724,0.7857142857142857,0.7719298245614034,0.0,0,10.9,100.0,2.4,156.9,1306.8,24554.5,85.7,12292.8,13154.5,"{'timestamp': '2026-09-09T01:35:35.189895+00:00', 'model_version': 'gpt-oss:20b', 'prompt_hash': 'a6af280e'}",gpt-oss_20b__N120
4,real_mixed_48,gpt-oss:20b_kb_rag,1549.042232990265,49.49,0,direct_json,0.6666666666666666,0.8,0.7272727272727272,0.0,0,10.3,95.9,2.5,158.0,1307.5,24605.3,85.5,12292.8,13154.5,"{'timestamp': '2026-09-09T01:31:59.454539+00:00', 'model_version': 'gpt-oss:20b', 'prompt_hash': 'a6af280e'}",gpt-oss_20b__N120
4,real_mixed_49,gpt-oss:20b_kb_rag,2453.335423231125,49.19,0,direct_json,0.8125,0.7222222222222222,0.7647058823529411,0.0,0,11.4,100.0,2.2,153.0,1288.6,24413.5,86.0,12292.8,13154.5,"{'timestamp': '2026-09-09T01:47:03.675102+00:00', 'model_version': 'gpt-oss:20b', 'prompt_hash': 'a6af280e'}",gpt-oss_20b__N120
4,real_mixed_50,gpt-oss:20b_kb_rag,2862.4520621299744,49.1,0,direct_json,0.7857142857142857,0.5789473684210527,0.6666666666666667,0.0,0,11.2,100.0,2.0,150.9,972.4,24206.1,86.4,12292.8,13154.5,"{'timestamp': '2026-09-09T02:02:35.742742+00:00', 'model_version': 'gpt-oss:20b', 'prompt_hash': 'a6af280e'}",gpt-oss_20b__N120
8,real_mixed_81,gpt-oss:20b_kb_rag,2254.05175614357,49.91,0,direct_json,0.9090909090909092,0.7142857142857143,0.8,0.0,0,11.3,95.9,2.2,154.2,1309.0,24445.3,85.9,12292.8,13154.5,"{'timestamp': '2026-09-09T01:43:44.442003+00:00', 'model_version': 'gpt-oss:20b', 'prompt_hash': 'a6af280e'}",gpt-oss_20b__N120
8,real_mixed_82,gpt-oss:20b_kb_rag,2573.2263939380646,49.04,0,direct_json,0.8125,0.7647058823529411,0.787878787878788,0.0,0,11.5,100.0,2.1,151.7,1308.2,24393.3,86.0,12292.8,13154.5,"{'timestamp': '2026-09-09T01:49:03.674389+00:00', 'model_version': 'gpt-oss:20b', 'prompt_hash': 'a6af280e'}",gpt-oss_20b__N120
8,real_mixed_83,gpt-oss:20b_kb_rag,2589.475882768631,50.22,0,direct_json,0.9230769230769232,0.9230769230769232,0.9230769230769232,0.0,0,11.8,100.0,2.1,152.0,1294.9,24391.7,86.0,12292.8,13154.5,"{'timestamp': '2026-09-09T01:49:19.826344+00:00', 'model_version': 'gpt-oss:20b', 'prompt_hash': 'a6af280e'}",gpt-oss_20b__N120
8,real_mixed_84,gpt-oss:20b_kb_rag,2908.7453610897064,49.66,0,direct_json,1.0,0.7272727272727273,0.8421052631578948,0.0,0,10.7,95.9,2.0,149.9,1308.5,24364.0,86.1,12292.8,13154.5,"{'timestamp': '2026-09-09T01:54:39.204291+00:00', 'model_version': 'gpt-oss:20b', 'prompt_hash': 'a6af280e'}",gpt-oss_20b__N120
8,real_mixed_85,gpt-oss:20b_kb_rag,1337.5150249004364,49.47,0,direct_json,0.6666666666666666,0.8888888888888888,0.761904761904762,0.0,0,10.1,95.9,2.6,160.0,1307.4,24674.8,85.4,12292.8,13154.5,"{'timestamp': '2026-09-09T01:28:27.927479+00:00', 'model_version': 'gpt-oss:20b', 'prompt_hash': 'a6af280e'}",gpt-oss_20b__N120
8,real_mixed_86,gpt-oss:20b_kb_rag,2879.511429309845,49.01,0,direct_json,0.7692307692307693,0.7142857142857143,0.7407407407407408,0.0,0,11.8,100.0,2.0,149.7,1308.1,24364.2,86.1,12292.8,13154.5,"{'timestamp': '2026-09-09T01:54:09.960899+00:00', 'model_version': 'gpt-oss:20b', 'prompt_hash': 'a6af280e'}",gpt-oss_20b__N120
8,real_mixed_87,gpt-oss:20b_kb_rag,2105.0460591316223,49.58,0,direct_json,1.0,0.7272727272727273,0.8421052631578948,0.0,0,10.3,95.9,2.3,154.6,1308.7,24471.0,85.8,12292.8,13154.5,"{'timestamp': '2026-09-09T01:41:15.512146+00:00', 'model_version': 'gpt-oss:20b', 'prompt_hash': 'a6af280e'}",gpt-oss_20b__N120
8,real_mixed_88,gpt-oss:20b_kb_rag,1245.5680520534515,50.12,0,direct_json,0.7,0.875,0.7777777777777777,0.0,0,12.0,100.0,2.6,160.4,1308.6,24703.2,85.3,12292.8,13154.5,"{'timestamp': '2026-09-09T01:26:56.024825+00:00', 'model_version': 'gpt-oss:20b', 'prompt_hash': 'a6af280e'}",gpt-oss_20b__N120
8,real_mixed_89,gpt-oss:20b_kb_rag,550.6831340789795,49.79,0,direct_json,0.6666666666666666,0.4285714285714285,0.5217391304347826,0.0,0,13.8,95.9,3.5,177.2,1775.7,24980.1,84.8,12292.8,13154.5,"{'timestamp': '2026-09-09T01:15:20.297272+00:00', 'model_version': 'gpt-oss:20b', 'prompt_hash': 'a6af280e'}",gpt-oss_20b__N120
8,real_mixed_90,gpt-oss:20b_kb_rag,2889.1401538848877,49.02,0,direct_json,0.76,0.8636363636363636,0.8085106382978724,0.0,0,12.5,100.0,2.0,149.7,1110.9,24199.2,86.4,12292.8,13154.5,"{'timestamp': '2026-09-09T02:03:29.608818+00:00', 'model_version': 'gpt-oss:20b', 'prompt_hash': 'a6af280e'}",gpt-oss_20b__N120
2,real_mixed_22,gpt-oss:20b_kb_rag,1301.4959008693695,49.87,0,direct_json,0.4285714285714285,1.0,0.6,0.0,0,11.1,100.0,2.6,160.4,1309.3,24689.2,85.3,12292.8,13154.5,"{'timestamp': '2026-09-09T01:27:51.871286+00:00', 'model_version': 'gpt-oss:20b', 'prompt_hash': 'a6af280e'}",gpt-oss_20b__N120
2,real_mixed_23,gpt-oss:20b_kb_rag,767.824982881546,49.18,0,direct_json,0.75,0.7058823529411765,0.7272727272727272,0.0,0,10.1,95.9,2.8,165.9,1308.0,24862.8,85.0,12292.8,13154.5,"{'timestamp': '2026-09-09T01:18:58.262696+00:00', 'model_version': 'gpt-oss:20b', 'prompt_hash': 'a6af280e'}",gpt-oss_20b__N120
2,real_mixed_24,gpt-oss:20b_kb_rag,2764.9408049583435,49.55,0,direct_json,1.0,0.7272727272727273,0.8421052631578948,0.0,0,10.8,100.0,2.0,150.5,1308.1,24373.8,86.0,12292.8,13154.5,"{'timestamp': '2026-09-09T01:52:15.380876+00:00', 'model_version': 'gpt-oss:20b', 'prompt_hash': 'a6af280e'}",gpt-oss_20b__N120
2,real_mixed_25,gpt-oss:20b_kb_rag,1710.2126469612122,49.39,0,direct_json,0.8,0.7058823529411765,0.7500000000000001,0.0,0,10.3,95.9,2.4,157.0,1308.0,24561.3,85.6,12292.8,13154.5,"{'timestamp': '2026-09-09T01:34:40.653037+00:00', 'model_version': 'gpt-oss:20b', 'prompt_hash': 'a6af280e'}",gpt-oss_20b__N120
2,real_mixed_26,gpt-oss:20b_kb_rag,2739.0641539096832,48.83,0,direct_json,0.7297297297297297,0.6428571428571429,0.6835443037974683,0.0,0,10.4,95.9,2.0,150.5,1307.8,24374.2,86.0,12292.8,13154.5,"{'timestamp': '2026-09-09T01:51:49.513270+00:00', 'model_version': 'gpt-oss:20b', 'prompt_hash': 'a6af280e'}",gpt-oss_20b__N120
2,real_mixed_28,gpt-oss:20b_kb_rag,1623.1051759719849,48.8,0,direct_json,0.8666666666666667,0.7222222222222222,0.7878787878787877,0.0,0,10.4,95.9,2.5,157.1,1307.3,24578.7,85.6,12292.8,13154.5,"{'timestamp': '2026-09-09T01:33:13.521003+00:00', 'model_version': 'gpt-oss:20b', 'prompt_hash': 'a6af280e'}",gpt-oss_20b__N120
2,real_mixed_29,gpt-oss:20b_kb_rag,1678.5885818004608,48.99,0,direct_json,0.75,0.84,0.7924528301886793,0.0,0,10.9,100.0,2.4,157.0,1307.7,24565.2,85.6,12292.8,13154.5,"{'timestamp': '2026-09-09T01:34:09.030579+00:00', 'model_version': 'gpt-oss:20b', 'prompt_hash': 'a6af280e'}",gpt-oss_20b__N120
2,real_mixed_30,gpt-oss:20b_kb_rag,2705.936956167221,49.06,0,direct_json,0.9090909090909092,0.7692307692307693,0.8333333333333333,0.0,0,12.9,100.0,2.0,149.9,1110.5,24169.2,86.5,12292.8,13154.5,"{'timestamp': '2026-09-09T02:04:04.400816+00:00', 'model_version': 'gpt-oss:20b', 'prompt_hash': 'a6af280e'}",gpt-oss_20b__N120
9,real_mixed_91,gpt-oss:20b_kb_rag,543.2457239627838,49.32,0,direct_json,0.875,0.8235294117647058,0.8484848484848485,0.0,0,11.5,100.0,3.0,174.7,832.5,24289.5,86.2,12292.8,13154.5,"{'timestamp': '2026-09-09T02:07:28.341747+00:00', 'model_version': 'gpt-oss:20b', 'prompt_hash': 'a6af280e'}",gpt-oss_20b__N120
9,real_mixed_92,gpt-oss:20b_kb_rag,602.9596509933472,49.37,0,direct_json,0.8235294117647058,0.6666666666666666,0.7368421052631577,0.0,0,14.1,100.0,2.6,169.5,867.9,24283.9,86.2,12292.8,13154.5,"{'timestamp': '2026-09-09T02:08:28.039570+00:00', 'model_version': 'gpt-oss:20b', 'prompt_hash': 'a6af280e'}",gpt-oss_20b__N120
9,real_mixed_93,gpt-oss:20b_kb_rag,367.82683277130127,49.47,0,direct_json,0.9285714285714286,0.8666666666666667,0.896551724137931,0.0,0,12.1,65.0,4.7,197.3,977.0,24259.5,86.3,12292.8,13154.5,"{'timestamp': '2026-09-09T02:04:32.756938+00:00', 'model_version': 'gpt-oss:20b', 'prompt_hash': 'a6af280e'}",gpt-oss_20b__N120
9,real_mixed_94,gpt-oss:20b_kb_rag,656.8146350383759,48.83,0,direct_json,0.9047619047619048,0.8636363636363636,0.8837209302325582,0.0,0,10.5,65.0,2.6,165.7,978.7,24278.6,86.2,12292.8,13154.5,"{'timestamp': '2026-09-09T02:09:21.920165+00:00', 'model_version': 'gpt-oss:20b', 'prompt_hash': 'a6af280e'}",gpt-oss_20b__N120
9,real_mixed_95,gpt-oss:20b_kb_rag,410.16923093795776,50.09,0,direct_json,0.6,0.75,0.6666666666666665,0.0,0,11.2,100.0,15.1,192.7,987.0,24258.1,86.3,12292.8,13154.5,"{'timestamp': '2026-09-09T02:05:15.209328+00:00', 'model_version': 'gpt-oss:20b', 'prompt_hash': 'a6af280e'}",gpt-oss_20b__N120
9,real_mixed_96,gpt-oss:20b_kb_rag,568.6205370426178,49.58,0,direct_json,0.7333333333333333,0.7857142857142857,0.7586206896551724,0.0,0,10.6,100.0,2.8,172.8,978.7,24282.8,86.2,12292.8,13154.5,"{'timestamp': '2026-09-09T02:07:53.707629+00:00', 'model_version': 'gpt-oss:20b', 'prompt_hash': 'a6af280e'}",gpt-oss_20b__N120
9,real_mixed_97,gpt-oss:20b_kb_rag,449.55596590042114,49.4,0,direct_json,0.9285714285714286,1.0,0.962962962962963,0.0,0,15.0,100.0,3.6,185.6,987.0,24272.5,86.3,12292.8,13154.5,"{'timestamp': '2026-09-09T02:05:54.600973+00:00', 'model_version': 'gpt-oss:20b', 'prompt_hash': 'a6af280e'}",gpt-oss_20b__N120
9,real_mixed_98,gpt-oss:20b_kb_rag,511.0923101902008,48.78,0,direct_json,0.7916666666666666,0.5588235294117647,0.6551724137931034,0.0,0,10.6,65.0,3.1,178.0,970.0,24284.7,86.2,12292.8,13154.5,"{'timestamp': '2026-09-09T02:06:56.203307+00:00', 'model_version': 'gpt-oss:20b', 'prompt_hash': 'a6af280e'}",gpt-oss_20b__N120
9,real_mixed_99,gpt-oss:20b_kb_rag,387.91994404792786,49.71,0,direct_json,0.6666666666666666,1.0,0.8,0.0,0,11.1,65.0,3.8,195.7,828.4,24255.9,86.3,12292.8,13154.5,"{'timestamp': '2026-09-09T02:04:52.997028+00:00', 'model_version': 'gpt-oss:20b', 'prompt_hash': 'a6af280e'}",gpt-oss_20b__N120
9,real_mixed_100,gpt-oss:20b_kb_rag,844.6011688709259,49.15,0,direct_json,0.8421052631578947,0.7619047619047619,0.8,0.0,0,15.3,100.0,0.9,121.8,340.7,24161.2,86.4,12292.8,13154.5,"{'timestamp': '2026-09-09T02:18:37.537738+00:00', 'model_version': 'gpt-oss:20b', 'prompt_hash': 'a6af280e'}",gpt-oss_20b__N120
10,real_mixed_102,gpt-oss:20b_kb_rag,629.8826701641083,50.76,0,direct_json,1.0,1.0,1.0,0.0,0,12.1,87.6,2.1,150.3,1031.2,24287.1,86.2,12292.8,13154.5,"{'timestamp': '2026-09-09T02:09:25.046405+00:00', 'model_version': 'gpt-oss:20b', 'prompt_hash': 'a6af280e'}",gpt-oss_20b__N120
10,real_mixed_103,gpt-oss:20b_kb_rag,729.6187310218811,50.53,0,direct_json,1.0,1.0,1.0,0.0,0,14.2,100.0,2.0,147.2,873.6,24268.1,86.2,12292.8,13154.5,"{'timestamp': '2026-09-09T02:11:05.009172+00:00', 'model_version': 'gpt-oss:20b', 'prompt_hash': 'a6af280e'}",gpt-oss_20b__N120
10,real_mixed_104,gpt-oss:20b_kb_rag,725.9740478992462,49.54,0,direct_json,0.8095238095238095,0.8095238095238095,0.8095238095238095,0.0,0,11.1,72.2,2.1,147.3,954.7,24266.8,86.2,12292.8,13154.5,"{'timestamp': '2026-09-09T02:11:01.385521+00:00', 'model_version': 'gpt-oss:20b', 'prompt_hash': 'a6af280e'}",gpt-oss_20b__N120
10,real_mixed_105,gpt-oss:20b_kb_rag,685.6160278320312,49.38,0,direct_json,0.8333333333333334,0.6666666666666666,0.7407407407407408,0.0,0,10.7,65.0,2.0,149.1,832.5,24272.8,86.2,12292.8,13154.5,"{'timestamp': '2026-09-09T02:10:21.039159+00:00', 'model_version': 'gpt-oss:20b', 'prompt_hash': 'a6af280e'}",gpt-oss_20b__N120
10,real_mixed_106,gpt-oss:20b_kb_rag,697.3326063156128,50.14,0,direct_json,1.0,1.0,1.0,0.0,0,11.3,100.0,2.1,148.8,832.5,24269.9,86.2,12292.8,13154.5,"{'timestamp': '2026-09-09T02:10:32.741302+00:00', 'model_version': 'gpt-oss:20b', 'prompt_hash': 'a6af280e'}",gpt-oss_20b__N120
10,real_mixed_107,gpt-oss:20b_kb_rag,877.4201381206512,48.56,0,direct_json,0.8125,0.9285714285714286,0.8666666666666666,0.0,0,13.4,100.0,1.7,141.2,811.7,24266.8,86.3,12292.8,13154.5,"{'timestamp': '2026-09-09T02:13:32.834209+00:00', 'model_version': 'gpt-oss:20b', 'prompt_hash': 'a6af280e'}",gpt-oss_20b__N120
10,real_mixed_108,gpt-oss:20b_kb_rag,777.486515045166,48.97,0,direct_json,0.5454545454545454,0.75,0.631578947368421,0.0,0,10.8,65.0,1.8,145.0,970.0,24266.3,86.3,12292.8,13154.5,"{'timestamp': '2026-09-09T02:11:52.903416+00:00', 'model_version': 'gpt-oss:20b', 'prompt_hash': 'a6af280e'}",gpt-oss_20b__N120
10,real_mixed_109,gpt-oss:20b_kb_rag,821.1845421791077,49.18,0,direct_json,0.84,0.7241379310344828,0.7777777777777777,0.0,0,12.6,87.5,1.7,143.6,812.2,24269.6,86.3,12292.8,13154.5,"{'timestamp': '2026-09-09T02:12:36.627879+00:00', 'model_version': 'gpt-oss:20b', 'prompt_hash': 'a6af280e'}",gpt-oss_20b__N120
10,real_mixed_110,gpt-oss:20b_kb_rag,597.942310333252,49.04,0,direct_json,0.6470588235294118,0.4583333333333333,0.5365853658536585,0.0,0,16.9,100.0,0.7,120.7,338.0,24091.2,86.6,12292.8,13154.5,"{'timestamp': '2026-09-09T02:19:23.189927+00:00', 'model_version': 'gpt-oss:20b', 'prompt_hash': 'a6af280e'}",gpt-oss_20b__N120
11,real_mixed_111,gpt-oss:20b_kb_rag,893.8340148925781,48.9,0,direct_json,0.9714285714285714,1.0,0.9855072463768116,0.0,0,14.6,85.6,1.2,138.7,1036.1,24267.5,86.3,12292.8,13154.5,"{'timestamp': '2026-09-09T02:14:24.098846+00:00', 'model_version': 'gpt-oss:20b', 'prompt_hash': 'a6af280e'}",gpt-oss_20b__N120
11,real_mixed_112,gpt-oss:20b_kb_rag,1049.5709419250488,49.84,0,direct_json,0.7,0.875,0.7777777777777777,0.1,1,12.3,91.3,1.1,137.1,780.4,24222.6,86.3,12292.8,13154.5,"{'timestamp': '2026-09-09T02:16:59.977306+00:00', 'model_version': 'gpt-oss:20b', 'prompt_hash': 'a6af280e'}",gpt-oss_20b__N120
11,real_mixed_113,gpt-oss:20b_kb_rag,955.6754410266876,49.69,0,direct_json,0.8,0.8,0.8000000000000002,0.0,0,12.1,100.0,1.2,138.6,862.6,24248.3,86.3,12292.8,13154.5,"{'timestamp': '2026-09-09T02:15:26.024875+00:00', 'model_version': 'gpt-oss:20b', 'prompt_hash': 'a6af280e'}",gpt-oss_20b__N120
11,real_mixed_114,gpt-oss:20b_kb_rag,936.5738270282744,49.26,0,direct_json,0.875,0.9333333333333332,0.9032258064516128,0.0,0,15.7,100.0,1.3,139.0,891.5,24254.4,86.3,12292.8,13154.5,"{'timestamp': '2026-09-09T02:15:06.922947+00:00', 'model_version': 'gpt-oss:20b', 'prompt_hash': 'a6af280e'}",gpt-oss_20b__N120
11,real_mixed_115,gpt-oss:20b_kb_rag,1028.187097072601,50.03,0,direct_json,0.6666666666666666,1.0,0.8,0.0,0,16.2,100.0,1.1,137.4,862.8,24227.3,86.3,12292.8,13154.5,"{'timestamp': '2026-09-09T02:16:38.565909+00:00', 'model_version': 'gpt-oss:20b', 'prompt_hash': 'a6af280e'}",gpt-oss_20b__N120
11,real_mixed_116,gpt-oss:20b_kb_rag,1011.5536139011384,49.91,0,direct_json,0.6666666666666666,1.0,0.8,0.1666666666666666,1,11.4,75.0,2.1,137.6,864.1,24232.4,86.3,12292.8,13154.5,"{'timestamp': '2026-09-09T02:16:21.946346+00:00', 'model_version': 'gpt-oss:20b', 'prompt_hash': 'a6af280e'}",gpt-oss_20b__N120
11,real_mixed_117,gpt-oss:20b_kb_rag,1109.1829841136932,48.73,0,direct_json,0.3846153846153846,0.7142857142857143,0.5,0.0,0,13.8,100.0,1.2,135.2,780.2,24207.0,86.4,12292.8,13154.5,"{'timestamp': '2026-09-09T02:17:59.598436+00:00', 'model_version': 'gpt-oss:20b', 'prompt_hash': 'a6af280e'}",gpt-oss_20b__N120
11,real_mixed_118,gpt-oss:20b_kb_rag,975.2124800682068,49.82,0,direct_json,0.8888888888888888,1.0,0.9411764705882352,0.0,0,11.6,100.0,1.2,138.0,780.2,24241.4,86.3,12292.8,13154.5,"{'timestamp': '2026-09-09T02:15:45.617440+00:00', 'model_version': 'gpt-oss:20b', 'prompt_hash': 'a6af280e'}",gpt-oss_20b__N120
11,real_mixed_119,gpt-oss:20b_kb_rag,1002.078574180603,49.69,0,direct_json,0.875,0.875,0.875,0.0,0,10.5,75.0,1.1,137.6,780.3,24234.5,86.3,12292.8,13154.5,"{'timestamp': '2026-09-09T02:16:12.488762+00:00', 'model_version': 'gpt-oss:20b', 'prompt_hash': 'a6af280e'}",gpt-oss_20b__N120
11,real_mixed_120,gpt-oss:20b_kb_rag,328.7124321460724,49.43,0,direct_json,0.8333333333333334,0.8333333333333334,0.8333333333333334,0.0,0,19.0,50.4,0.5,120.9,328.4,23972.0,86.7,12292.8,13154.5,"{'timestamp': '2026-09-09T02:19:53.000182+00:00', 'model_version': 'gpt-oss:20b', 'prompt_hash': 'a6af280e'}",gpt-oss_20b__N120
0,real_mixed_2,llama3.1:8b_baseline,4.075326919555664,42.59,0,direct_json,0.7777777777777778,0.4117647058823529,0.5384615384615384,0.0,0,19.3,36.0,13.2,247.0,247.0,24739.8,66.2,6859.6,4692.8,"{'timestamp': '2026-09-08T23:03:51.081686+00:00', 'model_version': 'llama3.1:8b', 'prompt_hash': 'a6af280e'}",llama3.1_8b__N120
0,real_mixed_3,llama3.1:8b_baseline,4.073850870132446,42.4,0,direct_json,0.9090909090909092,0.5882352941176471,0.7142857142857143,0.0,0,15.8,32.0,13.3,247.7,247.7,24783.4,66.2,6859.6,4692.8,"{'timestamp': '2026-09-08T23:03:55.179089+00:00', 'model_version': 'llama3.1:8b', 'prompt_hash': 'a6af280e'}",llama3.1_8b__N120
0,real_mixed_4,llama3.1:8b_baseline,5.08346700668335,42.4,0,direct_json,0.6923076923076923,0.6,0.6428571428571429,0.0,0,18.3,26.6,10.7,248.4,248.4,24950.3,66.5,6859.6,4692.8,"{'timestamp': '2026-09-08T23:04:00.288690+00:00', 'model_version': 'llama3.1:8b', 'prompt_hash': 'a6af280e'}",llama3.1_8b__N120
0,real_mixed_5,llama3.1:8b_baseline,5.597878932952881,39.94,0,direct_json,0.9333333333333332,0.6666666666666666,0.7777777777777778,0.0,0,41.2,74.0,9.7,249.1,249.1,25937.6,67.5,6859.6,4692.8,"{'timestamp': '2026-09-08T23:04:05.924369+00:00', 'model_version': 'llama3.1:8b', 'prompt_hash': 'a6af280e'}",llama3.1_8b__N120
0,real_mixed_6,llama3.1:8b_baseline,5.095740795135498,42.86,0,direct_json,0.46875,0.75,0.5769230769230769,0.0625,2,18.6,28.4,10.7,249.8,249.8,26352.0,68.1,6859.6,4692.8,"{'timestamp': '2026-09-08T23:04:11.060851+00:00', 'model_version': 'llama3.1:8b', 'prompt_hash': 'a6af280e'}",llama3.1_8b__N120
0,real_mixed_7,llama3.1:8b_baseline,5.075825929641724,42.51,0,direct_json,0.9230769230769232,0.6,0.7272727272727274,0.0,0,15.3,22.1,10.6,250.4,250.4,26269.5,67.9,6859.6,4692.8,"{'timestamp': '2026-09-08T23:04:16.176280+00:00', 'model_version': 'llama3.1:8b', 'prompt_hash': 'a6af280e'}",llama3.1_8b__N120
0,real_mixed_8,llama3.1:8b_baseline,3.557800054550171,42.83,0,direct_json,1.0,0.4,0.5714285714285715,0.0,0,15.5,26.9,15.1,251.2,251.2,26389.5,68.1,6859.6,4692.8,"{'timestamp': '2026-09-08T23:04:19.760694+00:00', 'model_version': 'llama3.1:8b', 'prompt_hash': 'a6af280e'}",llama3.1_8b__N120
0,real_mixed_9,llama3.1:8b_baseline,3.5758049488067627,43.23,0,direct_json,0.7777777777777778,0.4375,0.56,0.2222222222222222,2,21.7,40.2,15.4,252.0,252.0,26461.1,68.2,6859.6,4692.8,"{'timestamp': '2026-09-08T23:04:23.368025+00:00', 'model_version': 'llama3.1:8b', 'prompt_hash': 'a6af280e'}",llama3.1_8b__N120
0,real_mixed_10,llama3.1:8b_baseline,3.5473477840423584,42.62,0,direct_json,1.0,0.8571428571428571,0.923076923076923,0.0,0,22.5,31.6,14.8,252.7,252.7,26663.1,68.5,6859.6,4692.8,"{'timestamp': '2026-09-08T23:04:26.939229+00:00', 'model_version': 'llama3.1:8b', 'prompt_hash': 'a6af280e'}",llama3.1_8b__N120
1,real_mixed_11,llama3.1:8b_baseline,8.133960247039795,41.55,0,direct_json,0.9230769230769232,0.8888888888888888,0.9056603773584906,0.0,0,15.6,21.8,6.7,253.5,253.5,26584.4,68.3,6859.6,4692.8,"{'timestamp': '2026-09-08T23:04:35.113067+00:00', 'model_version': 'llama3.1:8b', 'prompt_hash': 'a6af280e'}",llama3.1_8b__N120
1,real_mixed_12,llama3.1:8b_baseline,3.0692670345306396,43.18,0,direct_json,0.875,0.5833333333333334,0.7000000000000001,0.0,0,15.5,25.7,17.7,254.2,254.2,26678.6,68.5,6859.6,4692.8,"{'timestamp': '2026-09-08T23:04:38.205336+00:00', 'model_version': 'llama3.1:8b', 'prompt_hash': 'a6af280e'}",llama3.1_8b__N120
1,real_mixed_13,llama3.1:8b_baseline,7.125355958938599,41.96,0,direct_json,0.8260869565217391,0.7037037037037037,0.76,0.0,0,19.4,31.5,7.5,254.2,254.2,26694.1,68.5,6859.6,4692.8,"{'timestamp': '2026-09-08T23:04:45.380749+00:00', 'model_version': 'llama3.1:8b', 'prompt_hash': 'a6af280e'}",llama3.1_8b__N120
1,real_mixed_14,llama3.1:8b_baseline,6.616222858428955,41.78,0,direct_json,0.75,0.8,0.7741935483870969,0.0,0,18.8,41.7,8.3,254.2,254.2,26802.1,68.7,6859.6,4692.8,"{'timestamp': '2026-09-08T23:04:52.027413+00:00', 'model_version': 'llama3.1:8b', 'prompt_hash': 'a6af280e'}",llama3.1_8b__N120
1,real_mixed_15,llama3.1:8b_baseline,5.091118097305298,42.25,0,direct_json,0.7894736842105263,0.7142857142857143,0.7500000000000001,0.0,0,17.9,22.3,10.8,254.2,254.2,26811.1,68.7,6859.6,4692.8,"{'timestamp': '2026-09-08T23:04:57.153966+00:00', 'model_version': 'llama3.1:8b', 'prompt_hash': 'a6af280e'}",llama3.1_8b__N120
1,real_mixed_16,llama3.1:8b_baseline,4.073298931121826,42.72,0,direct_json,1.0,0.9166666666666666,0.9565217391304348,0.0,0,17.8,23.8,13.4,254.2,254.2,26802.1,68.7,6859.6,4692.8,"{'timestamp': '2026-09-08T23:05:01.254028+00:00', 'model_version': 'llama3.1:8b', 'prompt_hash': 'a6af280e'}",llama3.1_8b__N120
1,real_mixed_17,llama3.1:8b_baseline,2.5479769706726074,43.76,0,direct_json,0.7142857142857143,1.0,0.8333333333333333,0.0,0,15.4,21.4,21.5,254.2,254.2,26846.3,68.8,6859.6,4692.8,"{'timestamp': '2026-09-08T23:05:03.817261+00:00', 'model_version': 'llama3.1:8b', 'prompt_hash': 'a6af280e'}",llama3.1_8b__N120
1,real_mixed_18,llama3.1:8b_baseline,4.090147018432617,42.51,0,direct_json,0.9090909090909092,0.7142857142857143,0.8,0.0,0,20.1,27.8,13.4,254.2,254.2,26907.7,68.8,6859.6,4692.8,"{'timestamp': '2026-09-08T23:05:07.938836+00:00', 'model_version': 'llama3.1:8b', 'prompt_hash': 'a6af280e'}",llama3.1_8b__N120
1,real_mixed_19,llama3.1:8b_baseline,4.583831071853638,42.91,0,direct_json,1.0,0.8636363636363636,0.9268292682926828,0.0,0,16.5,23.1,11.8,254.3,254.3,26763.6,68.6,6859.6,4692.8,"{'timestamp': '2026-09-08T23:05:12.562732+00:00', 'model_version': 'llama3.1:8b', 'prompt_hash': 'a6af280e'}",llama3.1_8b__N120
1,real_mixed_20,llama3.1:8b_baseline,5.078283071517944,42.62,0,direct_json,0.8181818181818182,0.4736842105263157,0.6,0.0,0,14.7,25.0,10.7,254.3,254.3,26745.2,68.5,6859.6,4692.8,"{'timestamp': '2026-09-08T23:05:17.675021+00:00', 'model_version': 'llama3.1:8b', 'prompt_hash': 'a6af280e'}",llama3.1_8b__N120
2,real_mixed_22,llama3.1:8b_baseline,2.054199695587158,44.16,0,direct_json,0.5,0.6666666666666666,0.5714285714285715,0.0,0,21.2,24.5,26.5,254.5,254.5,26764.4,68.5,6859.6,4692.8,"{'timestamp': '2026-09-08T23:05:23.836736+00:00', 'model_version': 'llama3.1:8b', 'prompt_hash': 'a6af280e'}",llama3.1_8b__N120
2,real_mixed_23,llama3.1:8b_baseline,4.600727796554565,42.6,0,direct_json,0.6666666666666666,0.7058823529411765,0.6857142857142857,0.0,0,16.4,23.4,12.2,254.5,254.5,26911.9,68.8,6859.6,4692.8,"{'timestamp': '2026-09-08T23:05:28.469972+00:00', 'model_version': 'llama3.1:8b', 'prompt_hash': 'a6af280e'}",llama3.1_8b__N120
2,real_mixed_24,llama3.1:8b_baseline,3.556035041809082,43.05,0,direct_json,0.875,0.6363636363636364,0.7368421052631579,0.0,0,14.6,26.5,15.4,254.5,254.5,26789.9,68.5,6859.6,4692.8,"{'timestamp': '2026-09-08T23:05:32.045005+00:00', 'model_version': 'llama3.1:8b', 'prompt_hash': 'a6af280e'}",llama3.1_8b__N120
2,real_mixed_25,llama3.1:8b_baseline,4.075256824493408,42.76,0,direct_json,0.6153846153846154,0.4705882352941176,0.5333333333333333,0.0,0,15.9,27.0,13.2,255.1,255.1,26882.3,68.6,6859.6,4692.8,"{'timestamp': '2026-09-08T23:05:36.145289+00:00', 'model_version': 'llama3.1:8b', 'prompt_hash': 'a6af280e'}",llama3.1_8b__N120
2,real_mixed_26,llama3.1:8b_baseline,8.129820108413696,42.4,0,direct_json,0.7142857142857143,0.5952380952380952,0.6493506493506493,0.0,0,16.2,28.7,6.6,255.8,255.8,26903.0,68.5,6859.6,4692.8,"{'timestamp': '2026-09-08T23:05:44.324464+00:00', 'model_version': 'llama3.1:8b', 'prompt_hash': 'a6af280e'}",llama3.1_8b__N120
2,real_mixed_28,llama3.1:8b_baseline,4.5826897621154785,42.61,0,direct_json,1.0,0.6666666666666666,0.8,0.0,0,18.3,27.7,11.8,257.2,257.2,26916.9,68.5,6859.6,4692.8,"{'timestamp': '2026-09-08T23:05:57.071718+00:00', 'model_version': 'llama3.1:8b', 'prompt_hash': 'a6af280e'}",llama3.1_8b__N120
2,real_mixed_29,llama3.1:8b_baseline,6.612917900085449,42.59,0,direct_json,0.8333333333333334,0.8,0.816326530612245,0.0416666666666666,1,16.3,29.1,8.1,258.0,258.0,26882.3,68.4,6859.6,4692.8,"{'timestamp': '2026-09-08T23:06:03.721068+00:00', 'model_version': 'llama3.1:8b', 'prompt_hash': 'a6af280e'}",llama3.1_8b__N120
2,real_mixed_30,llama3.1:8b_baseline,2.554326057434082,43.14,0,direct_json,0.875,0.5384615384615384,0.6666666666666667,0.0,0,18.1,22.2,21.0,258.0,258.0,26965.8,68.5,6859.6,4692.8,"{'timestamp': '2026-09-08T23:06:06.303333+00:00', 'model_version': 'llama3.1:8b', 'prompt_hash': 'a6af280e'}",llama3.1_8b__N120
3,real_mixed_31,llama3.1:8b_baseline,2.040400981903076,44.14,0,direct_json,0.6666666666666666,0.8,0.7272727272727272,0.0,0,19.9,34.8,26.5,258.1,258.1,26938.2,68.4,6859.6,4692.8,"{'timestamp': '2026-09-08T23:06:08.368608+00:00', 'model_version': 'llama3.1:8b', 'prompt_hash': 'a6af280e'}",llama3.1_8b__N120
3,real_mixed_32,llama3.1:8b_baseline,3.572122812271118,42.86,0,direct_json,0.8571428571428571,0.75,0.7999999999999999,0.0,0,16.1,38.2,15.5,258.1,258.1,26867.4,68.3,6859.6,4692.8,"{'timestamp': '2026-09-08T23:06:11.976207+00:00', 'model_version': 'llama3.1:8b', 'prompt_hash': 'a6af280e'}",llama3.1_8b__N120
3,real_mixed_33,llama3.1:8b_baseline,3.561037063598633,42.82,0,direct_json,0.7777777777777778,0.4666666666666667,0.5833333333333334,0.0,0,13.6,19.3,15.1,258.1,258.1,26768.9,68.1,6859.6,4692.8,"{'timestamp': '2026-09-08T23:06:15.565041+00:00', 'model_version': 'llama3.1:8b', 'prompt_hash': 'a6af280e'}",llama3.1_8b__N120
3,real_mixed_34,llama3.1:8b_baseline,4.077728986740112,42.77,0,direct_json,0.6,0.4285714285714285,0.5,0.0,0,18.1,32.0,13.4,258.1,258.1,26885.5,68.3,6859.6,4692.8,"{'timestamp': '2026-09-08T23:06:19.669101+00:00', 'model_version': 'llama3.1:8b', 'prompt_hash': 'a6af280e'}",llama3.1_8b__N120
3,real_mixed_35,llama3.1:8b_baseline,4.065976858139038,42.59,0,direct_json,0.8,0.6666666666666666,0.7272727272727272,0.1,1,16.4,26.7,13.3,258.1,258.1,26873.3,68.2,6859.6,4692.8,"{'timestamp': '2026-09-08T23:06:23.761545+00:00', 'model_version': 'llama3.1:8b', 'prompt_hash': 'a6af280e'}",llama3.1_8b__N120
3,real_mixed_36,llama3.1:8b_baseline,5.086314916610718,42.92,0,direct_json,0.65,0.5909090909090909,0.6190476190476191,0.0,0,15.8,29.4,6.3,258.1,258.1,26997.1,68.5,6859.6,4692.8,"{'timestamp': '2026-09-08T23:06:28.879236+00:00', 'model_version': 'llama3.1:8b', 'prompt_hash': 'a6af280e'}",llama3.1_8b__N120
3,real_mixed_37,llama3.1:8b_baseline,5.08817720413208,42.54,0,direct_json,0.8666666666666667,0.8666666666666667,0.8666666666666667,0.0,0,14.2,25.4,10.5,258.1,258.1,26931.0,68.3,6859.6,4692.8,"{'timestamp': '2026-09-08T23:06:33.995845+00:00', 'model_version': 'llama3.1:8b', 'prompt_hash': 'a6af280e'}",llama3.1_8b__N120
3,real_mixed_38,llama3.1:8b_baseline,5.041702032089233,42.26,0,direct_json,0.8571428571428571,0.6666666666666666,0.75,0.0,0,17.6,37.0,11.4,258.1,258.1,26993.0,68.4,6859.6,4692.8,"{'timestamp': '2026-09-08T23:06:39.069219+00:00', 'model_version': 'llama3.1:8b', 'prompt_hash': 'a6af280e'}",llama3.1_8b__N120
3,real_mixed_39,llama3.1:8b_baseline,3.0412769317626953,43.04,0,direct_json,0.8,0.5,0.6153846153846154,0.0,0,12.6,17.4,17.4,258.1,258.1,26975.0,68.4,6859.6,4692.8,"{'timestamp': '2026-09-08T23:06:42.126915+00:00', 'model_version': 'llama3.1:8b', 'prompt_hash': 'a6af280e'}",llama3.1_8b__N120
3,real_mixed_40,llama3.1:8b_baseline,5.06048321723938,42.87,0,direct_json,0.4583333333333333,0.7333333333333333,0.5641025641025641,0.0,0,15.5,25.0,10.6,258.1,258.1,26939.8,68.3,6859.6,4692.8,"{'timestamp': '2026-09-08T23:06:47.215493+00:00', 'model_version': 'llama3.1:8b', 'prompt_hash': 'a6af280e'}",llama3.1_8b__N120
4,real_mixed_42,llama3.1:8b_baseline,5.573633909225464,42.33,0,direct_json,0.95,0.6551724137931034,0.7755102040816326,0.0,0,15.2,29.9,9.5,258.3,258.3,26943.2,68.3,6859.6,4692.8,"{'timestamp': '2026-09-08T23:06:56.928174+00:00', 'model_version': 'llama3.1:8b', 'prompt_hash': 'a6af280e'}",llama3.1_8b__N120
4,real_mixed_43,llama3.1:8b_baseline,9.638526916503906,40.19,0,direct_json,0.7619047619047619,0.7272727272727273,0.7441860465116279,0.0,0,14.5,25.0,5.6,258.3,258.3,26996.0,68.4,6859.6,4692.8,"{'timestamp': '2026-09-08T23:07:06.586214+00:00', 'model_version': 'llama3.1:8b', 'prompt_hash': 'a6af280e'}",llama3.1_8b__N120
4,real_mixed_44,llama3.1:8b_baseline,5.578898191452026,42.31,0,direct_json,0.6666666666666666,0.6,0.631578947368421,0.0,0,16.1,19.0,9.6,258.3,258.3,26959.1,68.3,6859.6,4692.8,"{'timestamp': '2026-09-08T23:07:12.200582+00:00', 'model_version': 'llama3.1:8b', 'prompt_hash': 'a6af280e'}",llama3.1_8b__N120
4,real_mixed_45,llama3.1:8b_baseline,5.090440034866333,42.66,0,direct_json,0.8,0.75,0.7741935483870969,0.0666666666666666,1,17.3,25.5,10.7,258.3,258.3,26975.2,68.3,6859.6,4692.8,"{'timestamp': '2026-09-08T23:07:17.327591+00:00', 'model_version': 'llama3.1:8b', 'prompt_hash': 'a6af280e'}",llama3.1_8b__N120
4,real_mixed_46,llama3.1:8b_baseline,3.0573952198028564,43.1,0,direct_json,0.7142857142857143,0.3333333333333333,0.4545454545454545,0.0,0,18.2,26.5,17.5,258.3,258.3,26998.1,68.3,6859.6,4692.8,"{'timestamp': '2026-09-08T23:07:20.410494+00:00', 'model_version': 'llama3.1:8b', 'prompt_hash': 'a6af280e'}",llama3.1_8b__N120
4,real_mixed_47,llama3.1:8b_baseline,7.090181112289429,42.46,0,direct_json,0.75,0.8571428571428571,0.7999999999999999,0.03125,1,18.8,29.8,7.7,258.3,258.3,27026.4,68.3,6859.6,4692.8,"{'timestamp': '2026-09-08T23:07:27.540933+00:00', 'model_version': 'llama3.1:8b', 'prompt_hash': 'a6af280e'}",llama3.1_8b__N120
4,real_mixed_48,llama3.1:8b_baseline,3.579146146774292,43.03,0,direct_json,0.75,0.6,0.6666666666666665,0.0,0,17.2,25.1,15.0,258.3,258.3,26995.9,68.3,6859.6,4692.8,"{'timestamp': '2026-09-08T23:07:31.137943+00:00', 'model_version': 'llama3.1:8b', 'prompt_hash': 'a6af280e'}",llama3.1_8b__N120
4,real_mixed_49,llama3.1:8b_baseline,5.583085060119629,42.21,0,direct_json,0.7857142857142857,0.6111111111111112,0.6875000000000001,0.0,0,16.5,25.1,9.5,258.3,258.3,27005.3,68.3,6859.6,4692.8,"{'timestamp': '2026-09-08T23:07:36.759917+00:00', 'model_version': 'llama3.1:8b', 'prompt_hash': 'a6af280e'}",llama3.1_8b__N120
4,real_mixed_50,llama3.1:8b_baseline,4.069248199462891,42.8,0,direct_json,0.9230769230769232,0.631578947368421,0.7499999999999999,0.0,0,16.9,24.9,13.2,258.3,258.3,27014.5,68.3,6859.6,4692.8,"{'timestamp': '2026-09-08T23:07:40.866577+00:00', 'model_version': 'llama3.1:8b', 'prompt_hash': 'a6af280e'}",llama3.1_8b__N120
5,real_mixed_51,llama3.1:8b_baseline,3.5723249912261963,42.87,0,direct_json,1.0,0.5333333333333333,0.6956521739130436,0.0,0,16.6,22.3,15.4,258.5,258.5,26909.1,68.1,6859.6,4692.8,"{'timestamp': '2026-09-08T23:07:44.485955+00:00', 'model_version': 'llama3.1:8b', 'prompt_hash': 'a6af280e'}",llama3.1_8b__N120
5,real_mixed_52,llama3.1:8b_baseline,5.08617091178894,42.62,0,direct_json,0.6666666666666666,0.5714285714285714,0.6153846153846153,0.0,0,16.0,22.7,11.1,258.5,258.5,26960.2,68.2,6859.6,4692.8,"{'timestamp': '2026-09-08T23:07:49.610496+00:00', 'model_version': 'llama3.1:8b', 'prompt_hash': 'a6af280e'}",llama3.1_8b__N120
5,real_mixed_53,llama3.1:8b_baseline,4.066617012023926,43.11,0,direct_json,0.8125,0.8125,0.8125,0.0,0,12.9,19.8,14.7,258.5,258.5,26993.1,68.2,6859.6,4692.8,"{'timestamp': '2026-09-08T23:07:53.708204+00:00', 'model_version': 'llama3.1:8b', 'prompt_hash': 'a6af280e'}",llama3.1_8b__N120
5,real_mixed_54,llama3.1:8b_baseline,2.0539710521698,44.09,0,direct_json,1.0,0.875,0.9333333333333332,0.0,0,18.6,23.7,26.9,258.5,258.5,27051.8,68.3,6859.6,4692.8,"{'timestamp': '2026-09-08T23:07:55.785737+00:00', 'model_version': 'llama3.1:8b', 'prompt_hash': 'a6af280e'}",llama3.1_8b__N120
5,real_mixed_55,llama3.1:8b_baseline,5.09008526802063,42.43,0,direct_json,0.7857142857142857,0.55,0.6470588235294117,0.0,0,17.5,26.3,10.9,258.5,258.5,26996.0,68.2,6859.6,4692.8,"{'timestamp': '2026-09-08T23:08:00.918420+00:00', 'model_version': 'llama3.1:8b', 'prompt_hash': 'a6af280e'}",llama3.1_8b__N120
5,real_mixed_56,llama3.1:8b_baseline,6.08325719833374,42.43,0,direct_json,0.6842105263157895,0.5,0.5777777777777778,0.1052631578947368,2,17.1,32.0,8.8,258.5,258.5,27032.1,68.2,6859.6,4692.8,"{'timestamp': '2026-09-08T23:08:07.049352+00:00', 'model_version': 'llama3.1:8b', 'prompt_hash': 'a6af280e'}",llama3.1_8b__N120
5,real_mixed_57,llama3.1:8b_baseline,5.584561824798584,43.18,0,direct_json,0.4545454545454545,0.9523809523809524,0.6153846153846153,0.0454545454545454,2,14.1,22.2,9.7,258.5,258.5,26945.2,68.1,6859.6,4692.8,"{'timestamp': '2026-09-08T23:08:12.667959+00:00', 'model_version': 'llama3.1:8b', 'prompt_hash': 'a6af280e'}",llama3.1_8b__N120
5,real_mixed_58,llama3.1:8b_baseline,4.054208993911743,43.01,0,direct_json,0.8571428571428571,0.6666666666666666,0.75,0.0,0,15.3,20.7,13.3,258.5,258.5,26943.8,68.0,6859.6,4692.8,"{'timestamp': '2026-09-08T23:08:16.756007+00:00', 'model_version': 'llama3.1:8b', 'prompt_hash': 'a6af280e'}",llama3.1_8b__N120
5,real_mixed_60,llama3.1:8b_baseline,4.078545093536377,42.97,0,direct_json,0.8,0.5714285714285714,0.6666666666666666,0.0,0,17.1,35.2,13.2,258.5,258.5,26965.0,68.1,6859.6,4692.8,"{'timestamp': '2026-09-08T23:08:28.545099+00:00', 'model_version': 'llama3.1:8b', 'prompt_hash': 'a6af280e'}",llama3.1_8b__N120
6,real_mixed_61,llama3.1:8b_baseline,11.63574504852295,39.94,0,direct_json,0.6071428571428571,0.4722222222222222,0.53125,0.0,0,16.8,30.1,4.6,258.6,258.6,26961.3,68.0,6859.6,4692.8,"{'timestamp': '2026-09-08T23:08:40.237963+00:00', 'model_version': 'llama3.1:8b', 'prompt_hash': 'a6af280e'}",llama3.1_8b__N120
6,real_mixed_62,llama3.1:8b_baseline,5.5710508823394775,42.29,0,direct_json,0.7857142857142857,0.6111111111111112,0.6875000000000001,0.0,0,19.1,33.2,10.1,258.7,258.7,26989.4,68.1,6859.6,4692.8,"{'timestamp': '2026-09-08T23:08:45.845299+00:00', 'model_version': 'llama3.1:8b', 'prompt_hash': 'a6af280e'}",llama3.1_8b__N120
6,real_mixed_63,llama3.1:8b_baseline,3.5672221183776855,43.44,0,direct_json,0.6363636363636364,0.4666666666666667,0.5384615384615385,0.0,0,14.4,22.3,15.5,258.7,258.7,27014.7,68.1,6859.6,4692.8,"{'timestamp': '2026-09-08T23:08:49.435634+00:00', 'model_version': 'llama3.1:8b', 'prompt_hash': 'a6af280e'}",llama3.1_8b__N120
6,real_mixed_64,llama3.1:8b_baseline,2.5524301528930664,43.27,0,direct_json,1.0,0.75,0.8571428571428571,0.0,0,22.9,31.0,21.2,258.7,258.7,27002.6,68.1,6859.6,4692.8,"{'timestamp': '2026-09-08T23:08:52.002375+00:00', 'model_version': 'llama3.1:8b', 'prompt_hash': 'a6af280e'}",llama3.1_8b__N120
6,real_mixed_65,llama3.1:8b_baseline,4.07085108757019,42.61,0,direct_json,0.5714285714285714,0.3636363636363636,0.4444444444444444,0.0,0,15.0,20.8,13.6,258.7,258.7,26974.9,68.0,6859.6,4692.8,"{'timestamp': '2026-09-08T23:08:56.097908+00:00', 'model_version': 'llama3.1:8b', 'prompt_hash': 'a6af280e'}",llama3.1_8b__N120
6,real_mixed_66,llama3.1:8b_baseline,5.074112176895142,42.66,0,direct_json,0.6842105263157895,0.5,0.5777777777777778,0.0,0,17.1,28.5,10.6,258.7,258.7,27029.5,68.0,6859.6,4692.8,"{'timestamp': '2026-09-08T23:09:01.204870+00:00', 'model_version': 'llama3.1:8b', 'prompt_hash': 'a6af280e'}",llama3.1_8b__N120
6,real_mixed_67,llama3.1:8b_baseline,5.097872018814087,42.26,0,direct_json,0.4375,0.6363636363636364,0.5185185185185185,0.0,0,19.0,32.2,10.8,258.7,258.7,27106.3,68.0,6859.6,4692.8,"{'timestamp': '2026-09-08T23:09:06.327200+00:00', 'model_version': 'llama3.1:8b', 'prompt_hash': 'a6af280e'}",llama3.1_8b__N120
6,real_mixed_68,llama3.1:8b_baseline,5.082823991775513,43.05,0,direct_json,0.4166666666666667,0.7894736842105263,0.5454545454545454,0.1111111111111111,4,19.1,38.9,10.6,258.7,258.7,27122.4,67.9,6859.6,4692.8,"{'timestamp': '2026-09-08T23:09:11.441856+00:00', 'model_version': 'llama3.1:8b', 'prompt_hash': 'a6af280e'}",llama3.1_8b__N120
6,real_mixed_69,llama3.1:8b_baseline,5.57512903213501,42.58,0,direct_json,0.9047619047619048,0.6785714285714286,0.7755102040816326,0.0,0,12.0,22.1,9.6,258.7,258.7,27137.9,67.9,6859.6,4692.8,"{'timestamp': '2026-09-08T23:09:17.045820+00:00', 'model_version': 'llama3.1:8b', 'prompt_hash': 'a6af280e'}",llama3.1_8b__N120
6,real_mixed_70,llama3.1:8b_baseline,5.579264879226685,42.42,0,direct_json,0.8,0.64,0.7111111111111111,0.0,0,19.0,31.3,9.7,258.7,258.7,27153.4,68.0,6859.6,4692.8,"{'timestamp': '2026-09-08T23:09:22.667452+00:00', 'model_version': 'llama3.1:8b', 'prompt_hash': 'a6af280e'}",llama3.1_8b__N120
7,real_mixed_71,llama3.1:8b_baseline,5.078915119171143,42.55,0,direct_json,0.5,0.4285714285714285,0.4615384615384615,0.0,0,14.4,26.8,10.4,258.9,258.9,27160.1,68.0,6859.6,4692.8,"{'timestamp': '2026-09-08T23:09:27.790819+00:00', 'model_version': 'llama3.1:8b', 'prompt_hash': 'a6af280e'}",llama3.1_8b__N120
7,real_mixed_72,llama3.1:8b_baseline,4.584756374359131,42.31,0,direct_json,0.8461538461538461,0.6470588235294118,0.7333333333333334,0.0,0,18.3,26.0,11.9,258.9,258.9,27164.4,68.0,6859.6,4692.8,"{'timestamp': '2026-09-08T23:09:32.411701+00:00', 'model_version': 'llama3.1:8b', 'prompt_hash': 'a6af280e'}",llama3.1_8b__N120
7,real_mixed_73,llama3.1:8b_baseline,3.560056209564209,42.31,0,direct_json,1.0,0.5625,0.72,0.0,0,18.4,26.3,15.2,258.9,258.9,27127.9,67.9,6859.6,4692.8,"{'timestamp': '2026-09-08T23:09:36.004980+00:00', 'model_version': 'llama3.1:8b', 'prompt_hash': 'a6af280e'}",llama3.1_8b__N120
7,real_mixed_74,llama3.1:8b_baseline,4.072527170181274,42.84,0,direct_json,0.5,0.75,0.6,0.0,0,15.0,25.7,13.6,258.9,258.9,27168.7,68.0,6859.6,4692.8,"{'timestamp': '2026-09-08T23:09:40.109176+00:00', 'model_version': 'llama3.1:8b', 'prompt_hash': 'a6af280e'}",llama3.1_8b__N120
7,real_mixed_75,llama3.1:8b_baseline,2.557208776473999,43.47,0,direct_json,1.0,0.8,0.888888888888889,0.0,0,17.2,24.9,21.6,258.9,258.9,27196.0,68.0,6859.6,4692.8,"{'timestamp': '2026-09-08T23:09:42.682634+00:00', 'model_version': 'llama3.1:8b', 'prompt_hash': 'a6af280e'}",llama3.1_8b__N120
7,real_mixed_76,llama3.1:8b_baseline,1.5411980152130127,44.95,0,direct_json,0.0,0.0,0.0,0.0,0,16.4,24.5,35.9,258.9,258.9,27103.5,67.8,6859.6,4692.8,"{'timestamp': '2026-09-08T23:09:44.231189+00:00', 'model_version': 'llama3.1:8b', 'prompt_hash': 'a6af280e'}",llama3.1_8b__N120
7,real_mixed_77,llama3.1:8b_baseline,6.095642805099487,42.6,0,direct_json,0.7894736842105263,0.6521739130434783,0.7142857142857143,0.0,0,13.6,18.4,9.0,258.9,258.9,27215.7,68.0,6859.6,4692.8,"{'timestamp': '2026-09-08T23:09:50.374942+00:00', 'model_version': 'llama3.1:8b', 'prompt_hash': 'a6af280e'}",llama3.1_8b__N120
7,real_mixed_78,llama3.1:8b_baseline,7.128742218017578,41.56,0,direct_json,0.3333333333333333,0.7142857142857143,0.4545454545454545,0.1333333333333333,2,16.2,24.0,7.6,258.9,258.9,27121.2,67.8,6859.6,4692.8,"{'timestamp': '2026-09-08T23:09:57.523099+00:00', 'model_version': 'llama3.1:8b', 'prompt_hash': 'a6af280e'}",llama3.1_8b__N120
7,real_mixed_80,llama3.1:8b_baseline,8.633232831954956,41.43,0,direct_json,0.6129032258064516,0.6785714285714286,0.6440677966101694,0.064516129032258,2,17.5,25.7,6.5,258.9,258.9,27140.9,67.8,6859.6,4692.8,"{'timestamp': '2026-09-08T23:10:13.306908+00:00', 'model_version': 'llama3.1:8b', 'prompt_hash': 'a6af280e'}",llama3.1_8b__N120
8,real_mixed_81,llama3.1:8b_baseline,3.552277088165283,43.28,0,direct_json,0.8888888888888888,0.5714285714285714,0.6956521739130435,0.0,0,19.6,25.7,14.9,259.1,259.1,27125.2,67.8,6859.6,4692.8,"{'timestamp': '2026-09-08T23:10:16.901883+00:00', 'model_version': 'llama3.1:8b', 'prompt_hash': 'a6af280e'}",llama3.1_8b__N120
8,real_mixed_82,llama3.1:8b_baseline,4.057298898696899,42.62,0,direct_json,0.8333333333333334,0.5882352941176471,0.6896551724137931,0.0,0,15.6,18.2,13.2,259.1,259.1,27091.2,67.7,6859.6,4692.8,"{'timestamp': '2026-09-08T23:10:20.986285+00:00', 'model_version': 'llama3.1:8b', 'prompt_hash': 'a6af280e'}",llama3.1_8b__N120
8,real_mixed_83,llama3.1:8b_baseline,3.5611531734466553,43.07,0,direct_json,0.7857142857142857,0.8461538461538461,0.8148148148148148,0.0,0,17.3,24.3,15.2,259.1,259.1,27094.6,67.7,6859.6,4692.8,"{'timestamp': '2026-09-08T23:10:24.576650+00:00', 'model_version': 'llama3.1:8b', 'prompt_hash': 'a6af280e'}",llama3.1_8b__N120
8,real_mixed_84,llama3.1:8b_baseline,4.055480003356934,43.08,0,direct_json,0.4375,0.6363636363636364,0.5185185185185185,0.0,0,17.9,25.2,13.5,259.1,259.1,27185.4,67.9,6859.6,4692.8,"{'timestamp': '2026-09-08T23:10:28.661280+00:00', 'model_version': 'llama3.1:8b', 'prompt_hash': 'a6af280e'}",llama3.1_8b__N120
8,real_mixed_85,llama3.1:8b_baseline,3.051928997039795,43.27,0,direct_json,1.0,0.6666666666666666,0.8,0.0,0,16.2,19.6,17.6,259.1,259.1,27173.4,67.9,6859.6,4692.8,"{'timestamp': '2026-09-08T23:10:31.737018+00:00', 'model_version': 'llama3.1:8b', 'prompt_hash': 'a6af280e'}",llama3.1_8b__N120
8,real_mixed_86,llama3.1:8b_baseline,4.576088190078735,42.56,0,direct_json,0.3846153846153846,0.7142857142857143,0.5,0.0,0,14.6,23.6,11.9,259.1,259.1,27193.1,67.9,6859.6,4692.8,"{'timestamp': '2026-09-08T23:10:36.331687+00:00', 'model_version': 'llama3.1:8b', 'prompt_hash': 'a6af280e'}",llama3.1_8b__N120
8,real_mixed_87,llama3.1:8b_baseline,3.053614854812622,43.45,0,direct_json,1.0,0.6363636363636364,0.7777777777777778,0.0,0,18.9,34.7,17.4,259.1,259.1,27191.7,67.9,6859.6,4692.8,"{'timestamp': '2026-09-08T23:10:39.403285+00:00', 'model_version': 'llama3.1:8b', 'prompt_hash': 'a6af280e'}",llama3.1_8b__N120
8,real_mixed_88,llama3.1:8b_baseline,2.551950216293335,43.72,0,direct_json,0.8571428571428571,0.75,0.7999999999999999,0.0,0,18.0,23.0,21.2,259.1,259.1,27221.6,67.9,6859.6,4692.8,"{'timestamp': '2026-09-08T23:10:41.971003+00:00', 'model_version': 'llama3.1:8b', 'prompt_hash': 'a6af280e'}",llama3.1_8b__N120
8,real_mixed_89,llama3.1:8b_baseline,3.5534887313842773,43.1,0,direct_json,0.75,0.4285714285714285,0.5454545454545454,0.0,0,22.1,34.4,16.7,259.1,259.1,27187.5,67.8,6859.6,4692.8,"{'timestamp': '2026-09-08T23:10:45.540990+00:00', 'model_version': 'llama3.1:8b', 'prompt_hash': 'a6af280e'}",llama3.1_8b__N120
8,real_mixed_90,llama3.1:8b_baseline,4.554030179977417,42.94,0,direct_json,0.8571428571428571,0.5454545454545454,0.6666666666666665,0.0,0,22.3,30.9,12.1,259.1,259.1,27217.5,67.9,6859.6,4692.8,"{'timestamp': '2026-09-08T23:10:50.122879+00:00', 'model_version': 'llama3.1:8b', 'prompt_hash': 'a6af280e'}",llama3.1_8b__N120
9,real_mixed_91,llama3.1:8b_baseline,4.561489105224609,42.39,0,direct_json,0.9285714285714286,0.7647058823529411,0.8387096774193549,0.0,0,30.6,44.7,12.0,259.3,259.3,27238.6,67.9,6859.6,4692.8,"{'timestamp': '2026-09-08T23:10:54.719080+00:00', 'model_version': 'llama3.1:8b', 'prompt_hash': 'a6af280e'}",llama3.1_8b__N120
9,real_mixed_92,llama3.1:8b_baseline,4.576598882675171,42.69,0,direct_json,0.5,0.7142857142857143,0.588235294117647,0.0,0,25.7,32.0,12.1,259.3,259.3,27266.5,68.0,6859.6,4692.8,"{'timestamp': '2026-09-08T23:10:59.335677+00:00', 'model_version': 'llama3.1:8b', 'prompt_hash': 'a6af280e'}",llama3.1_8b__N120
9,real_mixed_93,llama3.1:8b_baseline,4.084712982177734,42.94,0,direct_json,1.0,0.8,0.888888888888889,0.0,0,14.0,22.2,13.3,259.3,259.3,27335.5,68.1,6859.6,4692.8,"{'timestamp': '2026-09-08T23:11:03.452495+00:00', 'model_version': 'llama3.1:8b', 'prompt_hash': 'a6af280e'}",llama3.1_8b__N120
9,real_mixed_94,llama3.1:8b_baseline,4.084533929824829,42.76,0,direct_json,0.8333333333333334,0.4545454545454545,0.5882352941176471,0.0,0,14.9,22.9,13.6,259.3,259.3,27344.9,68.1,6859.6,4692.8,"{'timestamp': '2026-09-08T23:11:07.576821+00:00', 'model_version': 'llama3.1:8b', 'prompt_hash': 'a6af280e'}",llama3.1_8b__N120
9,real_mixed_95,llama3.1:8b_baseline,3.0592141151428223,43.49,0,direct_json,0.7,0.875,0.7777777777777777,0.0,0,13.5,17.3,17.6,259.3,259.3,27246.0,67.9,6859.6,4692.8,"{'timestamp': '2026-09-08T23:11:10.657901+00:00', 'model_version': 'llama3.1:8b', 'prompt_hash': 'a6af280e'}",llama3.1_8b__N120
9,real_mixed_96,llama3.1:8b_baseline,4.583495140075684,42.5,0,direct_json,0.6875,0.7857142857142857,0.7333333333333334,0.0,0,16.9,32.0,12.1,259.3,259.3,27278.7,67.8,6859.6,4692.8,"{'timestamp': '2026-09-08T23:11:15.273134+00:00', 'model_version': 'llama3.1:8b', 'prompt_hash': 'a6af280e'}",llama3.1_8b__N120
9,real_mixed_97,llama3.1:8b_baseline,3.0549449920654297,43.4,0,direct_json,1.0,0.7692307692307693,0.8695652173913044,0.0,0,17.8,25.1,19.4,259.3,259.3,27349.4,67.7,6859.6,4692.8,"{'timestamp': '2026-09-08T23:11:18.357165+00:00', 'model_version': 'llama3.1:8b', 'prompt_hash': 'a6af280e'}",llama3.1_8b__N120
9,real_mixed_98,llama3.1:8b_baseline,6.1011199951171875,42.27,0,direct_json,0.8333333333333334,0.4411764705882353,0.576923076923077,0.0,0,19.8,37.4,8.9,259.3,259.3,27269.7,67.6,6859.6,4692.8,"{'timestamp': '2026-09-08T23:11:24.499355+00:00', 'model_version': 'llama3.1:8b', 'prompt_hash': 'a6af280e'}",llama3.1_8b__N120
9,real_mixed_99,llama3.1:8b_baseline,2.5368449687957764,43.31,0,direct_json,0.75,1.0,0.8571428571428571,0.0,0,19.6,27.1,21.9,259.3,259.3,27389.2,67.8,6859.6,4692.8,"{'timestamp': '2026-09-08T23:11:27.053097+00:00', 'model_version': 'llama3.1:8b', 'prompt_hash': 'a6af280e'}",llama3.1_8b__N120
9,real_mixed_100,llama3.1:8b_baseline,3.5725748538970947,42.87,0,direct_json,0.8,0.3809523809523809,0.5161290322580645,0.0,0,15.6,30.2,15.3,259.2,259.2,27355.8,67.7,6859.6,4692.8,"{'timestamp': '2026-09-08T23:11:30.666547+00:00', 'model_version': 'llama3.1:8b', 'prompt_hash': 'a6af280e'}",llama3.1_8b__N120
10,real_mixed_102,llama3.1:8b_baseline,1.5364220142364502,44.98,0,direct_json,1.0,1.0,1.0,0.0,0,20.0,29.9,35.1,259.4,259.4,27357.3,67.7,6859.6,4692.8,"{'timestamp': '2026-09-08T23:11:35.812335+00:00', 'model_version': 'llama3.1:8b', 'prompt_hash': 'a6af280e'}",llama3.1_8b__N120
10,real_mixed_103,llama3.1:8b_baseline,1.5184309482574463,44.22,0,direct_json,1.0,1.0,1.0,0.0,0,19.5,25.5,36.0,259.4,259.4,27397.5,67.8,6859.6,4692.8,"{'timestamp': '2026-09-08T23:11:37.341431+00:00', 'model_version': 'llama3.1:8b', 'prompt_hash': 'a6af280e'}",llama3.1_8b__N120
10,real_mixed_104,llama3.1:8b_baseline,4.55807089805603,42.79,0,direct_json,0.7894736842105263,0.7142857142857143,0.7500000000000001,0.0,0,16.6,29.3,11.8,259.4,259.4,27295.0,67.5,6859.6,4692.8,"{'timestamp': '2026-09-08T23:11:41.935453+00:00', 'model_version': 'llama3.1:8b', 'prompt_hash': 'a6af280e'}",llama3.1_8b__N120
10,real_mixed_105,llama3.1:8b_baseline,4.065654039382935,42.73,0,direct_json,0.8181818181818182,0.6,0.6923076923076923,0.0,0,18.8,26.1,13.4,259.4,259.4,27351.2,67.7,6859.6,4692.8,"{'timestamp': '2026-09-08T23:11:46.021424+00:00', 'model_version': 'llama3.1:8b', 'prompt_hash': 'a6af280e'}",llama3.1_8b__N120
10,real_mixed_106,llama3.1:8b_baseline,2.0458147525787354,43.56,0,direct_json,0.4,0.6666666666666666,0.5,0.0,0,16.2,27.5,26.6,259.4,259.4,27461.9,67.9,6859.6,4692.8,"{'timestamp': '2026-09-08T23:11:48.077131+00:00', 'model_version': 'llama3.1:8b', 'prompt_hash': 'a6af280e'}",llama3.1_8b__N120
10,real_mixed_107,llama3.1:8b_baseline,6.098867893218994,41.52,0,direct_json,0.7692307692307693,0.7142857142857143,0.7407407407407408,0.0,0,19.1,29.0,8.9,259.4,259.4,27298.7,67.6,6859.6,4692.8,"{'timestamp': '2026-09-08T23:11:54.193656+00:00', 'model_version': 'llama3.1:8b', 'prompt_hash': 'a6af280e'}",llama3.1_8b__N120
10,real_mixed_108,llama3.1:8b_baseline,2.5576488971710205,43.63,0,direct_json,0.75,0.375,0.5,0.0,0,14.9,24.1,21.1,259.4,259.4,27384.1,67.7,6859.6,4692.8,"{'timestamp': '2026-09-08T23:11:56.767230+00:00', 'model_version': 'llama3.1:8b', 'prompt_hash': 'a6af280e'}",llama3.1_8b__N120
10,real_mixed_109,llama3.1:8b_baseline,6.59105920791626,42.4,0,direct_json,0.7692307692307693,0.6896551724137931,0.7272727272727274,0.0384615384615384,1,14.5,23.6,8.1,259.4,259.4,27251.3,67.4,6859.6,4692.8,"{'timestamp': '2026-09-08T23:12:03.403643+00:00', 'model_version': 'llama3.1:8b', 'prompt_hash': 'a6af280e'}",llama3.1_8b__N120
10,real_mixed_110,llama3.1:8b_baseline,4.57718300819397,42.66,0,direct_json,0.8888888888888888,0.3333333333333333,0.4848484848484848,0.0,0,15.7,26.0,11.7,259.4,259.4,27422.6,67.8,6859.6,4692.8,"{'timestamp': '2026-09-08T23:12:08.014250+00:00', 'model_version': 'llama3.1:8b', 'prompt_hash': 'a6af280e'}",llama3.1_8b__N120
11,real_mixed_111,llama3.1:8b_baseline,6.602784872055054,43.13,0,direct_json,0.9428571428571428,0.9705882352941176,0.9565217391304348,0.0,0,13.4,22.5,8.1,259.6,259.6,27274.3,67.5,6859.6,4692.8,"{'timestamp': '2026-09-08T23:12:14.680905+00:00', 'model_version': 'llama3.1:8b', 'prompt_hash': 'a6af280e'}",llama3.1_8b__N120
11,real_mixed_112,llama3.1:8b_baseline,3.056895017623902,43.53,0,direct_json,0.6,0.75,0.6666666666666665,0.0,0,11.7,17.5,16.8,259.6,259.6,27359.9,67.6,6859.6,4692.8,"{'timestamp': '2026-09-08T23:12:17.747587+00:00', 'model_version': 'llama3.1:8b', 'prompt_hash': 'a6af280e'}",llama3.1_8b__N120
11,real_mixed_113,llama3.1:8b_baseline,3.5540096759796143,42.8,0,direct_json,0.7777777777777778,0.7,0.7368421052631577,0.0,0,16.8,21.0,14.7,259.6,259.6,27345.0,67.6,6859.6,4692.8,"{'timestamp': '2026-09-08T23:12:21.319637+00:00', 'model_version': 'llama3.1:8b', 'prompt_hash': 'a6af280e'}",llama3.1_8b__N120
11,real_mixed_114,llama3.1:8b_baseline,3.5718111991882324,42.89,0,direct_json,1.0,0.6666666666666666,0.8,0.0,0,16.9,27.7,15.2,259.6,259.6,27260.3,67.4,6859.6,4692.8,"{'timestamp': '2026-09-08T23:12:24.915101+00:00', 'model_version': 'llama3.1:8b', 'prompt_hash': 'a6af280e'}",llama3.1_8b__N120
11,real_mixed_115,llama3.1:8b_baseline,3.0672590732574463,43.18,0,direct_json,0.6,0.75,0.6666666666666665,0.2,1,18.4,23.3,17.4,259.6,259.6,27465.7,67.8,6859.6,4692.8,"{'timestamp': '2026-09-08T23:12:27.990675+00:00', 'model_version': 'llama3.1:8b', 'prompt_hash': 'a6af280e'}",llama3.1_8b__N120
11,real_mixed_116,llama3.1:8b_baseline,2.549785852432251,43.37,0,direct_json,0.8,1.0,0.888888888888889,0.2,1,18.6,33.7,20.0,259.6,259.6,27343.5,67.5,6859.6,4692.8,"{'timestamp': '2026-09-08T23:12:30.556397+00:00', 'model_version': 'llama3.1:8b', 'prompt_hash': 'a6af280e'}",llama3.1_8b__N120
11,real_mixed_117,llama3.1:8b_baseline,5.583059310913086,42.33,0,direct_json,0.4615384615384615,0.4285714285714285,0.4444444444444445,0.0,0,18.6,25.1,9.8,259.6,259.6,27349.4,67.5,6859.6,4692.8,"{'timestamp': '2026-09-08T23:12:36.166621+00:00', 'model_version': 'llama3.1:8b', 'prompt_hash': 'a6af280e'}",llama3.1_8b__N120
11,real_mixed_118,llama3.1:8b_baseline,2.5560388565063477,43.37,0,direct_json,1.0,1.0,1.0,0.0,0,14.3,20.7,21.3,259.6,259.6,27450.4,67.7,6859.6,4692.8,"{'timestamp': '2026-09-08T23:12:38.745657+00:00', 'model_version': 'llama3.1:8b', 'prompt_hash': 'a6af280e'}",llama3.1_8b__N120
11,real_mixed_119,llama3.1:8b_baseline,3.059749126434326,43.38,0,direct_json,0.8,0.5,0.6153846153846154,0.0,0,19.2,23.5,18.0,259.6,259.6,27369.3,67.5,6859.6,4692.8,"{'timestamp': '2026-09-08T23:12:41.828385+00:00', 'model_version': 'llama3.1:8b', 'prompt_hash': 'a6af280e'}",llama3.1_8b__N120
11,real_mixed_120,llama3.1:8b_baseline,3.5698859691619873,42.56,0,direct_json,0.7272727272727273,0.6666666666666666,0.6956521739130435,0.0,0,24.5,28.0,15.2,259.6,259.6,27386.5,67.4,6859.6,4692.8,"{'timestamp': '2026-09-08T23:12:45.423360+00:00', 'model_version': 'llama3.1:8b', 'prompt_hash': 'a6af280e'}",llama3.1_8b__N120
0,real_mixed_2,llama3.1:8b_kb_rag,4.565828084945679,41.94,0,direct_json,0.9,0.5294117647058824,0.6666666666666667,0.0,0,18.4,29.9,12.7,476.1,480.4,27398.0,67.4,6859.6,4692.8,"{'timestamp': '2026-09-08T23:12:55.903966+00:00', 'model_version': 'llama3.1:8b', 'prompt_hash': 'a6af280e'}",llama3.1_8b__N120
0,real_mixed_3,llama3.1:8b_kb_rag,4.597620964050293,41.95,0,direct_json,0.9,0.5294117647058824,0.6666666666666667,0.0,0,15.5,19.7,12.0,481.1,481.1,27432.1,67.5,6859.6,4692.8,"{'timestamp': '2026-09-08T23:13:00.618894+00:00', 'model_version': 'llama3.1:8b', 'prompt_hash': 'a6af280e'}",llama3.1_8b__N120
0,real_mixed_4,llama3.1:8b_kb_rag,4.5745768547058105,41.53,0,direct_json,0.8461538461538461,0.7333333333333333,0.7857142857142856,0.0,0,16.4,26.3,12.3,481.1,481.2,27399.1,67.4,6859.6,4692.8,"{'timestamp': '2026-09-08T23:13:05.317756+00:00', 'model_version': 'llama3.1:8b', 'prompt_hash': 'a6af280e'}",llama3.1_8b__N120
0,real_mixed_5,llama3.1:8b_kb_rag,4.065489768981934,42.06,0,direct_json,0.8181818181818182,0.4285714285714285,0.5625,0.0,0,16.5,33.1,13.5,481.3,481.3,27450.1,67.5,6859.6,4692.8,"{'timestamp': '2026-09-08T23:13:09.513744+00:00', 'model_version': 'llama3.1:8b', 'prompt_hash': 'a6af280e'}",llama3.1_8b__N120
0,real_mixed_6,llama3.1:8b_kb_rag,4.069725275039673,42.27,0,direct_json,1.0,0.9,0.9473684210526316,0.0,0,14.1,23.9,13.6,491.8,491.9,27348.0,67.3,6859.6,4692.8,"{'timestamp': '2026-09-08T23:13:13.712953+00:00', 'model_version': 'llama3.1:8b', 'prompt_hash': 'a6af280e'}",llama3.1_8b__N120
0,real_mixed_7,llama3.1:8b_kb_rag,4.068480014801025,42.26,0,direct_json,1.0,0.45,0.6206896551724138,0.0,0,15.4,24.9,13.6,492.2,492.2,27443.8,67.5,6859.6,4692.8,"{'timestamp': '2026-09-08T23:13:17.907334+00:00', 'model_version': 'llama3.1:8b', 'prompt_hash': 'a6af280e'}",llama3.1_8b__N120
0,real_mixed_8,llama3.1:8b_kb_rag,3.058475971221924,42.22,0,direct_json,0.875,0.4666666666666667,0.608695652173913,0.0,0,12.2,15.6,17.8,496.5,496.6,27446.0,67.5,6859.6,4692.8,"{'timestamp': '2026-09-08T23:13:21.086414+00:00', 'model_version': 'llama3.1:8b', 'prompt_hash': 'a6af280e'}",llama3.1_8b__N120
0,real_mixed_9,llama3.1:8b_kb_rag,3.5584659576416016,42.57,0,direct_json,1.0,0.5625,0.72,0.0,0,18.1,30.1,15.4,496.7,496.8,27421.0,67.4,6859.6,4692.8,"{'timestamp': '2026-09-08T23:13:24.757144+00:00', 'model_version': 'llama3.1:8b', 'prompt_hash': 'a6af280e'}",llama3.1_8b__N120
0,real_mixed_10,llama3.1:8b_kb_rag,4.568933010101318,42.17,0,direct_json,0.9333333333333332,1.0,0.9655172413793104,0.0,0,20.9,38.0,11.7,500.4,500.4,27473.3,67.7,6859.6,4692.8,"{'timestamp': '2026-09-08T23:13:29.447064+00:00', 'model_version': 'llama3.1:8b', 'prompt_hash': 'a6af280e'}",llama3.1_8b__N120
1,real_mixed_11,llama3.1:8b_kb_rag,8.118443012237549,41.16,0,direct_json,0.9545454545454546,0.7777777777777778,0.8571428571428572,0.0454545454545454,1,17.5,25.8,6.8,502.9,503.0,27375.4,67.4,6859.6,4692.8,"{'timestamp': '2026-09-08T23:13:37.711796+00:00', 'model_version': 'llama3.1:8b', 'prompt_hash': 'a6af280e'}",llama3.1_8b__N120
1,real_mixed_12,llama3.1:8b_kb_rag,2.5494489669799805,42.85,0,direct_json,1.0,0.6666666666666666,0.8,0.0,0,15.5,24.6,21.5,456.0,503.4,27195.8,68.0,6859.6,4692.8,"{'timestamp': '2026-09-08T23:13:40.373423+00:00', 'model_version': 'llama3.1:8b', 'prompt_hash': 'a6af280e'}",llama3.1_8b__N120
1,real_mixed_13,llama3.1:8b_kb_rag,7.1177308559417725,41.32,0,direct_json,0.8333333333333334,0.7407407407407407,0.7843137254901961,0.0,0,17.4,33.1,7.6,444.2,444.2,26907.5,68.6,6859.6,4692.8,"{'timestamp': '2026-09-08T23:13:47.625347+00:00', 'model_version': 'llama3.1:8b', 'prompt_hash': 'a6af280e'}",llama3.1_8b__N120
1,real_mixed_14,llama3.1:8b_kb_rag,7.107115983963013,40.96,0,direct_json,0.7857142857142857,0.7333333333333333,0.7586206896551724,0.0,0,18.5,29.4,7.9,444.2,444.3,26063.5,70.3,6859.6,4692.8,"{'timestamp': '2026-09-08T23:13:54.840852+00:00', 'model_version': 'llama3.1:8b', 'prompt_hash': 'a6af280e'}",llama3.1_8b__N120
1,real_mixed_15,llama3.1:8b_kb_rag,4.572719097137451,42.01,0,direct_json,0.75,0.5714285714285714,0.6486486486486486,0.0625,1,22.3,34.9,12.0,441.2,444.6,25548.0,71.6,6859.6,4692.8,"{'timestamp': '2026-09-08T23:13:59.532549+00:00', 'model_version': 'llama3.1:8b', 'prompt_hash': 'a6af280e'}",llama3.1_8b__N120
1,real_mixed_16,llama3.1:8b_kb_rag,4.0627760887146,37.8,0,direct_json,1.0,0.9166666666666666,0.9565217391304348,0.0,0,47.3,72.3,13.6,440.4,440.4,25441.3,71.5,6859.6,4692.8,"{'timestamp': '2026-09-08T23:14:03.708653+00:00', 'model_version': 'llama3.1:8b', 'prompt_hash': 'a6af280e'}",llama3.1_8b__N120
1,real_mixed_17,llama3.1:8b_kb_rag,2.047625780105591,41.94,0,direct_json,0.6,0.6,0.6,0.0,0,18.6,33.6,27.6,440.4,440.4,25489.0,71.6,6859.6,4692.8,"{'timestamp': '2026-09-08T23:14:05.862629+00:00', 'model_version': 'llama3.1:8b', 'prompt_hash': 'a6af280e'}",llama3.1_8b__N120
1,real_mixed_18,llama3.1:8b_kb_rag,4.0734522342681885,41.72,0,direct_json,1.0,0.7142857142857143,0.8333333333333333,0.0,0,17.3,30.5,13.4,440.3,440.5,25301.1,71.7,6859.6,4692.8,"{'timestamp': '2026-09-08T23:14:10.060137+00:00', 'model_version': 'llama3.1:8b', 'prompt_hash': 'a6af280e'}",llama3.1_8b__N120
1,real_mixed_19,llama3.1:8b_kb_rag,4.572787284851074,42.47,0,direct_json,1.0,0.8636363636363636,0.9268292682926828,0.0,0,18.9,27.1,12.1,440.8,440.8,25191.4,71.6,6859.6,4692.8,"{'timestamp': '2026-09-08T23:14:14.756009+00:00', 'model_version': 'llama3.1:8b', 'prompt_hash': 'a6af280e'}",llama3.1_8b__N120
1,real_mixed_20,llama3.1:8b_kb_rag,4.06823205947876,42.06,0,direct_json,0.875,0.3684210526315789,0.5185185185185185,0.0,0,19.5,29.9,13.7,440.8,440.8,25269.5,71.7,6859.6,4692.8,"{'timestamp': '2026-09-08T23:14:18.954555+00:00', 'model_version': 'llama3.1:8b', 'prompt_hash': 'a6af280e'}",llama3.1_8b__N120
2,real_mixed_22,llama3.1:8b_kb_rag,1.5203227996826172,43.19,0,direct_json,0.75,1.0,0.8571428571428571,0.0,0,19.8,39.5,36.5,565.3,565.3,25323.4,71.9,6859.6,4692.8,"{'timestamp': '2026-09-08T23:14:20.680941+00:00', 'model_version': 'llama3.1:8b', 'prompt_hash': 'a6af280e'}",llama3.1_8b__N120
2,real_mixed_23,llama3.1:8b_kb_rag,7.6148810386657715,41.63,0,direct_json,0.7368421052631579,0.8235294117647058,0.7777777777777778,0.0,0,19.3,29.6,11.4,564.8,565.3,25276.9,71.9,6859.6,4692.8,"{'timestamp': '2026-09-08T23:14:28.421219+00:00', 'model_version': 'llama3.1:8b', 'prompt_hash': 'a6af280e'}",llama3.1_8b__N120
2,real_mixed_24,llama3.1:8b_kb_rag,7.6055378913879395,42.59,0,direct_json,1.0,0.6363636363636364,0.7777777777777778,0.0,0,16.4,29.1,10.6,564.9,565.2,25274.0,71.9,6859.6,4692.8,"{'timestamp': '2026-09-08T23:14:31.975057+00:00', 'model_version': 'llama3.1:8b', 'prompt_hash': 'a6af280e'}",llama3.1_8b__N120
2,real_mixed_25,llama3.1:8b_kb_rag,6.596938133239746,41.98,0,direct_json,0.6666666666666666,0.4705882352941176,0.5517241379310345,0.0,0,15.5,21.4,13.6,565.0,565.0,25179.8,71.7,6859.6,4692.8,"{'timestamp': '2026-09-08T23:14:35.134788+00:00', 'model_version': 'llama3.1:8b', 'prompt_hash': 'a6af280e'}",llama3.1_8b__N120
2,real_mixed_26,llama3.1:8b_kb_rag,10.61007571220398,41.5,0,direct_json,0.7727272727272727,0.8095238095238095,0.7906976744186046,0.0,0,18.7,32.8,8.3,541.8,565.1,25237.4,71.9,6859.6,4692.8,"{'timestamp': '2026-09-08T23:14:42.724244+00:00', 'model_version': 'llama3.1:8b', 'prompt_hash': 'a6af280e'}",llama3.1_8b__N120
2,real_mixed_28,llama3.1:8b_kb_rag,12.670177936553957,42.1,0,direct_json,1.0,0.7222222222222222,0.8387096774193548,0.0,0,16.2,34.3,6.8,511.0,511.1,25196.0,72.0,6859.6,4692.8,"{'timestamp': '2026-09-08T23:14:55.514015+00:00', 'model_version': 'llama3.1:8b', 'prompt_hash': 'a6af280e'}",llama3.1_8b__N120
2,real_mixed_29,llama3.1:8b_kb_rag,8.600300073623657,41.85,0,direct_json,0.75,0.72,0.7346938775510204,0.0416666666666666,1,14.4,30.0,10.1,511.1,511.3,25148.9,72.1,6859.6,4692.8,"{'timestamp': '2026-09-08T23:15:00.193109+00:00', 'model_version': 'llama3.1:8b', 'prompt_hash': 'a6af280e'}",llama3.1_8b__N120
2,real_mixed_30,llama3.1:8b_kb_rag,7.095731019973755,42.81,0,direct_json,1.0,0.6923076923076923,0.8181818181818181,0.0,0,14.3,29.0,8.2,511.2,511.3,25101.0,72.2,6859.6,4692.8,"{'timestamp': '2026-09-08T23:15:02.730441+00:00', 'model_version': 'llama3.1:8b', 'prompt_hash': 'a6af280e'}",llama3.1_8b__N120
3,real_mixed_31,llama3.1:8b_kb_rag,2.548779010772705,43.32,0,direct_json,0.6,0.6,0.6,0.0,0,11.7,15.8,21.7,574.2,574.3,25079.7,72.1,6859.6,4692.8,"{'timestamp': '2026-09-08T23:15:05.486775+00:00', 'model_version': 'llama3.1:8b', 'prompt_hash': 'a6af280e'}",llama3.1_8b__N120
3,real_mixed_32,llama3.1:8b_kb_rag,5.07787299156189,41.86,0,direct_json,0.9166666666666666,0.6875,0.7857142857142857,0.0,0,20.7,50.0,30.1,574.3,574.5,25119.8,72.2,6859.6,4692.8,"{'timestamp': '2026-09-08T23:15:08.028073+00:00', 'model_version': 'llama3.1:8b', 'prompt_hash': 'a6af280e'}",llama3.1_8b__N120
3,real_mixed_33,llama3.1:8b_kb_rag,6.077632665634155,42.25,0,direct_json,0.8,0.5333333333333333,0.64,0.0,0,15.7,37.6,14.7,576.1,577.2,25111.5,72.2,6859.6,4692.8,"{'timestamp': '2026-09-08T23:15:11.694782+00:00', 'model_version': 'llama3.1:8b', 'prompt_hash': 'a6af280e'}",llama3.1_8b__N120
3,real_mixed_34,llama3.1:8b_kb_rag,6.5897581577301025,42.05,0,direct_json,0.875,0.5,0.6363636363636364,0.0,0,16.8,36.2,13.5,577.2,577.2,25062.4,72.1,6859.6,4692.8,"{'timestamp': '2026-09-08T23:15:14.739537+00:00', 'model_version': 'llama3.1:8b', 'prompt_hash': 'a6af280e'}",llama3.1_8b__N120
3,real_mixed_35,llama3.1:8b_kb_rag,6.587389945983887,41.96,0,direct_json,0.7857142857142857,0.9166666666666666,0.8461538461538461,0.0714285714285714,1,17.0,36.2,13.3,577.2,577.2,25109.8,72.2,6859.6,4692.8,"{'timestamp': '2026-09-08T23:15:18.390299+00:00', 'model_version': 'llama3.1:8b', 'prompt_hash': 'a6af280e'}",llama3.1_8b__N120
3,real_mixed_36,llama3.1:8b_kb_rag,5.596017122268677,42.21,0,direct_json,1.0,0.2272727272727272,0.3703703703703703,0.0,0,17.9,34.6,15.0,577.2,577.2,25163.3,72.3,6859.6,4692.8,"{'timestamp': '2026-09-08T23:15:20.459647+00:00', 'model_version': 'llama3.1:8b', 'prompt_hash': 'a6af280e'}",llama3.1_8b__N120
3,real_mixed_37,llama3.1:8b_kb_rag,5.574745178222656,41.82,0,direct_json,0.8461538461538461,0.7333333333333333,0.7857142857142856,0.0,0,19.3,36.4,15.6,577.2,577.2,25079.6,72.2,6859.6,4692.8,"{'timestamp': '2026-09-08T23:15:24.080130+00:00', 'model_version': 'llama3.1:8b', 'prompt_hash': 'a6af280e'}",llama3.1_8b__N120
3,real_mixed_38,llama3.1:8b_kb_rag,7.635285139083862,42.26,0,direct_json,0.9090909090909092,0.5555555555555556,0.6896551724137931,0.0,0,15.6,26.4,11.1,577.2,577.3,25029.6,72.1,6859.6,4692.8,"{'timestamp': '2026-09-08T23:15:28.220563+00:00', 'model_version': 'llama3.1:8b', 'prompt_hash': 'a6af280e'}",llama3.1_8b__N120
3,real_mixed_39,llama3.1:8b_kb_rag,6.6127870082855225,42.05,0,direct_json,0.8571428571428571,0.75,0.7999999999999999,0.0,0,15.8,34.2,13.5,577.3,577.4,25076.8,72.2,6859.6,4692.8,"{'timestamp': '2026-09-08T23:15:30.807276+00:00', 'model_version': 'llama3.1:8b', 'prompt_hash': 'a6af280e'}",llama3.1_8b__N120
3,real_mixed_40,llama3.1:8b_kb_rag,5.607353210449219,42.47,0,direct_json,0.8,0.5333333333333333,0.64,0.0,0,16.8,29.8,9.9,577.3,577.3,25127.0,72.3,6859.6,4692.8,"{'timestamp': '2026-09-08T23:15:33.951092+00:00', 'model_version': 'llama3.1:8b', 'prompt_hash': 'a6af280e'}",llama3.1_8b__N120
4,real_mixed_42,llama3.1:8b_kb_rag,5.575778961181641,41.72,0,direct_json,0.9047619047619048,0.6551724137931034,0.7599999999999999,0.0,0,17.9,29.2,9.7,576.2,577.8,25076.5,72.5,6859.6,4692.8,"{'timestamp': '2026-09-08T23:15:39.748201+00:00', 'model_version': 'llama3.1:8b', 'prompt_hash': 'a6af280e'}",llama3.1_8b__N120
4,real_mixed_43,llama3.1:8b_kb_rag,13.68655014038086,39.11,0,direct_json,0.7142857142857143,0.6818181818181818,0.6976744186046512,0.0,0,21.2,37.0,6.6,576.1,576.3,24946.5,72.6,6859.6,4692.8,"{'timestamp': '2026-09-08T23:15:53.556396+00:00', 'model_version': 'llama3.1:8b', 'prompt_hash': 'a6af280e'}",llama3.1_8b__N120
4,real_mixed_44,llama3.1:8b_kb_rag,15.70996880531311,41.78,0,direct_json,0.7222222222222222,0.65,0.6842105263157895,0.0,0,18.3,32.3,5.7,576.2,576.3,24909.3,72.7,6859.6,4692.8,"{'timestamp': '2026-09-08T23:15:59.136782+00:00', 'model_version': 'llama3.1:8b', 'prompt_hash': 'a6af280e'}",llama3.1_8b__N120
4,real_mixed_45,llama3.1:8b_kb_rag,8.610010147094727,42.19,0,direct_json,0.9230769230769232,0.75,0.8275862068965517,0.0,0,15.3,23.8,9.9,576.2,576.2,24828.6,72.8,6859.6,4692.8,"{'timestamp': '2026-09-08T23:16:02.290904+00:00', 'model_version': 'llama3.1:8b', 'prompt_hash': 'a6af280e'}",llama3.1_8b__N120
4,real_mixed_46,llama3.1:8b_kb_rag,5.089217185974121,42.54,0,direct_json,0.7142857142857143,0.3333333333333333,0.4545454545454545,0.0,0,12.8,23.5,17.4,576.3,576.7,24772.4,72.9,6859.6,4692.8,"{'timestamp': '2026-09-08T23:16:04.343659+00:00', 'model_version': 'llama3.1:8b', 'prompt_hash': 'a6af280e'}",llama3.1_8b__N120
4,real_mixed_47,llama3.1:8b_kb_rag,7.62029504776001,41.93,0,direct_json,0.7931034482758621,0.8214285714285714,0.8070175438596492,0.0689655172413793,2,14.3,26.1,11.5,576.7,576.8,24749.9,72.9,6859.6,4692.8,"{'timestamp': '2026-09-08T23:16:10.050467+00:00', 'model_version': 'llama3.1:8b', 'prompt_hash': 'a6af280e'}",llama3.1_8b__N120
4,real_mixed_48,llama3.1:8b_kb_rag,8.603878021240234,42.66,0,direct_json,0.7,0.7,0.7,0.0,0,15.8,25.9,10.2,576.7,576.8,24735.3,72.9,6859.6,4692.8,"{'timestamp': '2026-09-08T23:16:13.061227+00:00', 'model_version': 'llama3.1:8b', 'prompt_hash': 'a6af280e'}",llama3.1_8b__N120
4,real_mixed_49,llama3.1:8b_kb_rag,7.596683025360107,41.88,0,direct_json,0.7692307692307693,0.5555555555555556,0.6451612903225806,0.0,0,14.9,24.1,11.6,576.8,576.8,24706.8,72.8,6859.6,4692.8,"{'timestamp': '2026-09-08T23:16:17.770056+00:00', 'model_version': 'llama3.1:8b', 'prompt_hash': 'a6af280e'}",llama3.1_8b__N120
4,real_mixed_50,llama3.1:8b_kb_rag,7.100728750228882,41.77,0,direct_json,0.9090909090909092,0.5263157894736842,0.6666666666666666,0.0,0,18.3,30.8,8.3,558.1,576.8,24741.9,72.9,6859.6,4692.8,"{'timestamp': '2026-09-08T23:16:20.284226+00:00', 'model_version': 'llama3.1:8b', 'prompt_hash': 'a6af280e'}",llama3.1_8b__N120
5,real_mixed_51,llama3.1:8b_kb_rag,3.548524856567383,42.38,0,direct_json,1.0,0.4666666666666667,0.6363636363636364,0.0,0,17.2,26.5,38.3,621.5,621.6,24641.9,73.1,6859.6,4692.8,"{'timestamp': '2026-09-08T23:16:24.131554+00:00', 'model_version': 'llama3.1:8b', 'prompt_hash': 'a6af280e'}",llama3.1_8b__N120
5,real_mixed_52,llama3.1:8b_kb_rag,6.602865934371948,42.13,0,direct_json,0.9090909090909092,0.4761904761904761,0.6249999999999999,0.0,0,16.1,26.5,15.3,621.5,621.6,24619.6,73.2,6859.6,4692.8,"{'timestamp': '2026-09-08T23:16:27.192801+00:00', 'model_version': 'llama3.1:8b', 'prompt_hash': 'a6af280e'}",llama3.1_8b__N120
5,real_mixed_53,llama3.1:8b_kb_rag,9.59256672859192,42.35,0,direct_json,0.7692307692307693,0.625,0.6896551724137931,0.0,0,16.3,37.7,12.6,621.5,621.6,24598.8,73.2,6859.6,4692.8,"{'timestamp': '2026-09-08T23:16:30.183403+00:00', 'model_version': 'llama3.1:8b', 'prompt_hash': 'a6af280e'}",llama3.1_8b__N120
5,real_mixed_54,llama3.1:8b_kb_rag,7.631621837615967,42.85,0,direct_json,1.0,0.875,0.9333333333333332,0.0,0,14.7,33.7,16.1,621.6,621.6,24586.9,73.2,6859.6,4692.8,"{'timestamp': '2026-09-08T23:16:31.875408+00:00', 'model_version': 'llama3.1:8b', 'prompt_hash': 'a6af280e'}",llama3.1_8b__N120
5,real_mixed_55,llama3.1:8b_kb_rag,8.12143588066101,42.25,0,direct_json,0.7272727272727273,0.4,0.5161290322580645,0.0,0,14.0,35.0,15.2,621.6,621.6,24557.4,73.1,6859.6,4692.8,"{'timestamp': '2026-09-08T23:16:35.443704+00:00', 'model_version': 'llama3.1:8b', 'prompt_hash': 'a6af280e'}",llama3.1_8b__N120
5,real_mixed_56,llama3.1:8b_kb_rag,9.655896663665771,41.63,0,direct_json,0.6818181818181818,0.5769230769230769,0.6249999999999999,0.0909090909090909,2,15.6,28.5,12.5,600.1,621.7,24585.1,73.1,6859.6,4692.8,"{'timestamp': '2026-09-08T23:16:39.984357+00:00', 'model_version': 'llama3.1:8b', 'prompt_hash': 'a6af280e'}",llama3.1_8b__N120
5,real_mixed_57,llama3.1:8b_kb_rag,11.651635885238647,42.23,0,direct_json,0.8260869565217391,0.9047619047619048,0.8636363636363636,0.1304347826086956,3,15.0,24.3,10.4,586.1,621.7,24566.5,73.1,6859.6,4692.8,"{'timestamp': '2026-09-08T23:16:43.658808+00:00', 'model_version': 'llama3.1:8b', 'prompt_hash': 'a6af280e'}",llama3.1_8b__N120
5,real_mixed_58,llama3.1:8b_kb_rag,11.135098218917848,41.95,0,direct_json,0.8461538461538461,0.6111111111111112,0.7096774193548387,0.0,0,17.4,27.4,10.7,568.6,621.7,24569.0,73.2,6859.6,4692.8,"{'timestamp': '2026-09-08T23:16:46.693060+00:00', 'model_version': 'llama3.1:8b', 'prompt_hash': 'a6af280e'}",llama3.1_8b__N120
5,real_mixed_60,llama3.1:8b_kb_rag,13.691626071929932,42.12,0,direct_json,0.8181818181818182,0.6428571428571429,0.7200000000000001,0.0,0,19.9,36.2,4.6,563.3,563.4,24372.1,73.8,6859.6,4692.8,"{'timestamp': '2026-09-08T23:16:57.465031+00:00', 'model_version': 'llama3.1:8b', 'prompt_hash': 'a6af280e'}",llama3.1_8b__N120
6,real_mixed_61,llama3.1:8b_kb_rag,18.261605978012085,39.33,0,direct_json,0.7096774193548387,0.6111111111111112,0.6567164179104478,0.0,0,17.7,29.4,7.3,673.6,674.5,24160.1,74.1,6859.6,4692.8,"{'timestamp': '2026-09-08T23:17:16.086633+00:00', 'model_version': 'llama3.1:8b', 'prompt_hash': 'a6af280e'}",llama3.1_8b__N120
6,real_mixed_62,llama3.1:8b_kb_rag,4.063323020935059,42.3,0,direct_json,0.8888888888888888,0.4444444444444444,0.5925925925925926,0.0,0,15.8,28.0,13.6,674.3,674.4,24205.9,74.1,6859.6,4692.8,"{'timestamp': '2026-09-08T23:17:01.865360+00:00', 'model_version': 'llama3.1:8b', 'prompt_hash': 'a6af280e'}",llama3.1_8b__N120
6,real_mixed_63,llama3.1:8b_kb_rag,6.603076934814453,42.26,0,direct_json,0.7777777777777778,0.4666666666666667,0.5833333333333334,0.0,0,17.8,28.1,24.8,674.3,674.4,24184.8,74.0,6859.6,4692.8,"{'timestamp': '2026-09-08T23:17:04.397046+00:00', 'model_version': 'llama3.1:8b', 'prompt_hash': 'a6af280e'}",llama3.1_8b__N120
6,real_mixed_64,llama3.1:8b_kb_rag,16.20877194404602,43.12,0,direct_json,0.75,0.75,0.75,0.0,0,16.9,41.4,7.7,673.3,674.5,24132.6,74.1,6859.6,4692.8,"{'timestamp': '2026-09-08T23:17:18.178493+00:00', 'model_version': 'llama3.1:8b', 'prompt_hash': 'a6af280e'}",llama3.1_8b__N120
6,real_mixed_65,llama3.1:8b_kb_rag,16.710625886917114,42.07,0,direct_json,0.6,0.2727272727272727,0.3749999999999999,0.0,0,18.0,44.6,7.3,672.9,674.5,24109.2,74.2,6859.6,4692.8,"{'timestamp': '2026-09-08T23:17:21.226981+00:00', 'model_version': 'llama3.1:8b', 'prompt_hash': 'a6af280e'}",llama3.1_8b__N120
6,real_mixed_66,llama3.1:8b_kb_rag,8.122065305709839,42.02,0,direct_json,0.8461538461538461,0.4230769230769231,0.5641025641025641,0.0,0,16.9,37.7,15.1,672.2,672.3,24097.7,74.3,6859.6,4692.8,"{'timestamp': '2026-09-08T23:17:24.350420+00:00', 'model_version': 'llama3.1:8b', 'prompt_hash': 'a6af280e'}",llama3.1_8b__N120
6,real_mixed_67,llama3.1:8b_kb_rag,10.126403093338013,41.77,0,direct_json,0.8235294117647058,0.6363636363636364,0.717948717948718,0.0,0,17.6,33.4,12.1,672.2,672.3,24105.9,74.1,6859.6,4692.8,"{'timestamp': '2026-09-08T23:17:28.434325+00:00', 'model_version': 'llama3.1:8b', 'prompt_hash': 'a6af280e'}",llama3.1_8b__N120
6,real_mixed_68,llama3.1:8b_kb_rag,12.19500494003296,42.21,0,direct_json,0.8571428571428571,0.9473684210526316,0.9,0.0,0,17.4,26.6,9.7,672.2,672.2,24088.4,73.9,6859.6,4692.8,"{'timestamp': '2026-09-08T23:17:33.537124+00:00', 'model_version': 'llama3.1:8b', 'prompt_hash': 'a6af280e'}",llama3.1_8b__N120
6,real_mixed_69,llama3.1:8b_kb_rag,13.652247190475464,41.95,0,direct_json,0.9523809523809524,0.7142857142857143,0.8163265306122449,0.0,0,15.3,28.5,6.7,668.5,672.2,24077.9,73.8,6859.6,4692.8,"{'timestamp': '2026-09-08T23:17:38.130288+00:00', 'model_version': 'llama3.1:8b', 'prompt_hash': 'a6af280e'}",llama3.1_8b__N120
6,real_mixed_70,llama3.1:8b_kb_rag,13.704357862472534,41.9,0,direct_json,0.85,0.68,0.7555555555555556,0.0,0,12.5,27.0,4.6,658.8,672.2,24058.0,73.7,6859.6,4692.8,"{'timestamp': '2026-09-08T23:17:42.271471+00:00', 'model_version': 'llama3.1:8b', 'prompt_hash': 'a6af280e'}",llama3.1_8b__N120
7,real_mixed_71,llama3.1:8b_kb_rag,7.108407020568848,41.96,0,direct_json,0.3157894736842105,0.4285714285714285,0.3636363636363636,0.5263157894736842,10,12.5,23.2,20.9,639.9,640.0,24164.4,73.7,6859.6,4692.8,"{'timestamp': '2026-09-08T23:17:49.669645+00:00', 'model_version': 'llama3.1:8b', 'prompt_hash': 'a6af280e'}",llama3.1_8b__N120
7,real_mixed_72,llama3.1:8b_kb_rag,12.198699235916138,41.57,0,direct_json,0.5,0.6470588235294118,0.5641025641025642,0.3181818181818182,7,13.8,30.1,10.0,608.7,640.0,24158.4,73.7,6859.6,4692.8,"{'timestamp': '2026-09-08T23:17:54.771634+00:00', 'model_version': 'llama3.1:8b', 'prompt_hash': 'a6af280e'}",llama3.1_8b__N120
7,real_mixed_73,llama3.1:8b_kb_rag,3.5618820190429688,42.19,0,direct_json,0.8888888888888888,0.5,0.64,0.0,0,10.1,19.6,48.3,639.9,639.9,24129.3,73.6,6859.6,4692.8,"{'timestamp': '2026-09-08T23:17:46.125678+00:00', 'model_version': 'llama3.1:8b', 'prompt_hash': 'a6af280e'}",llama3.1_8b__N120
7,real_mixed_74,llama3.1:8b_kb_rag,11.672620058059692,42.3,0,direct_json,1.0,0.75,0.8571428571428571,0.0,0,13.7,29.3,10.4,587.8,640.0,24199.2,73.7,6859.6,4692.8,"{'timestamp': '2026-09-08T23:17:57.911172+00:00', 'model_version': 'llama3.1:8b', 'prompt_hash': 'a6af280e'}",llama3.1_8b__N120
7,real_mixed_75,llama3.1:8b_kb_rag,10.149163961410522,41.83,0,direct_json,1.0,0.8,0.888888888888889,0.0,0,15.0,29.2,11.6,565.0,565.0,24192.6,73.7,6859.6,4692.8,"{'timestamp': '2026-09-08T23:17:59.922973+00:00', 'model_version': 'llama3.1:8b', 'prompt_hash': 'a6af280e'}",llama3.1_8b__N120
7,real_mixed_76,llama3.1:8b_kb_rag,6.637287139892578,44.15,0,direct_json,0.0,0.0,0.0,0.0,0,19.2,31.8,17.6,551.4,565.0,24240.7,73.8,6859.6,4692.8,"{'timestamp': '2026-09-08T23:18:01.504619+00:00', 'model_version': 'llama3.1:8b', 'prompt_hash': 'a6af280e'}",llama3.1_8b__N120
7,real_mixed_77,llama3.1:8b_kb_rag,8.616492986679077,41.52,0,direct_json,0.6818181818181818,0.6521739130434783,0.6666666666666666,0.0909090909090909,2,16.2,27.8,14.0,522.8,565.0,24181.1,73.6,6859.6,4692.8,"{'timestamp': '2026-09-08T23:18:06.660467+00:00', 'model_version': 'llama3.1:8b', 'prompt_hash': 'a6af280e'}",llama3.1_8b__N120
7,real_mixed_78,llama3.1:8b_kb_rag,12.15405797958374,40.85,0,direct_json,0.4166666666666667,0.7142857142857143,0.5263157894736842,0.25,3,17.7,36.3,10.0,510.2,510.7,24229.4,73.7,6859.6,4692.8,"{'timestamp': '2026-09-08T23:18:12.194200+00:00', 'model_version': 'llama3.1:8b', 'prompt_hash': 'a6af280e'}",llama3.1_8b__N120
7,real_mixed_80,llama3.1:8b_kb_rag,22.814860105514526,41.17,0,direct_json,0.5714285714285714,0.7142857142857143,0.634920634920635,0.0571428571428571,2,15.5,28.4,2.7,510.6,510.7,24282.9,73.8,6859.6,4692.8,"{'timestamp': '2026-09-08T23:18:29.598097+00:00', 'model_version': 'llama3.1:8b', 'prompt_hash': 'a6af280e'}",llama3.1_8b__N120
8,real_mixed_81,llama3.1:8b_kb_rag,3.5567240715026855,42.32,0,direct_json,0.9,0.6428571428571429,0.75,0.0,0,11.3,22.8,39.1,704.2,704.2,24348.3,73.8,6859.6,4692.8,"{'timestamp': '2026-09-08T23:18:33.552891+00:00', 'model_version': 'llama3.1:8b', 'prompt_hash': 'a6af280e'}",llama3.1_8b__N120
8,real_mixed_82,llama3.1:8b_kb_rag,9.144391059875488,42.01,0,direct_json,0.75,0.5294117647058824,0.6206896551724139,0.0,0,16.1,36.4,23.9,694.2,704.2,24321.3,73.8,6859.6,4692.8,"{'timestamp': '2026-09-08T23:18:39.138062+00:00', 'model_version': 'llama3.1:8b', 'prompt_hash': 'a6af280e'}",llama3.1_8b__N120
8,real_mixed_83,llama3.1:8b_kb_rag,12.18983006477356,42.71,0,direct_json,1.0,0.7692307692307693,0.8695652173913044,0.0,0,16.9,36.8,19.1,684.5,704.2,24315.7,73.8,6859.6,4692.8,"{'timestamp': '2026-09-08T23:18:42.182975+00:00', 'model_version': 'llama3.1:8b', 'prompt_hash': 'a6af280e'}",llama3.1_8b__N120
8,real_mixed_84,llama3.1:8b_kb_rag,5.581838130950928,42.35,0,direct_json,1.0,0.7272727272727273,0.8421052631578948,0.0,0,15.7,39.3,15.7,704.2,704.2,24322.4,73.7,6859.6,4692.8,"{'timestamp': '2026-09-08T23:18:35.576746+00:00', 'model_version': 'llama3.1:8b', 'prompt_hash': 'a6af280e'}",llama3.1_8b__N120
8,real_mixed_85,llama3.1:8b_kb_rag,10.66570210456848,42.68,0,direct_json,1.0,0.8888888888888888,0.9411764705882352,0.0,0,16.8,46.7,14.3,671.8,704.2,24302.3,73.8,6859.6,4692.8,"{'timestamp': '2026-09-08T23:18:44.328664+00:00', 'model_version': 'llama3.1:8b', 'prompt_hash': 'a6af280e'}",llama3.1_8b__N120
8,real_mixed_86,llama3.1:8b_kb_rag,12.162065744400024,42.15,0,direct_json,0.75,0.6428571428571429,0.6923076923076924,0.0833333333333333,1,12.9,23.8,12.4,654.0,704.0,24161.2,74.3,6859.6,4692.8,"{'timestamp': '2026-09-08T23:18:47.856206+00:00', 'model_version': 'llama3.1:8b', 'prompt_hash': 'a6af280e'}",llama3.1_8b__N120
8,real_mixed_87,llama3.1:8b_kb_rag,10.64043116569519,42.47,0,direct_json,1.0,0.5454545454545454,0.7058823529411764,0.0,0,15.1,31.2,14.2,641.2,659.6,23970.5,74.6,6859.6,4692.8,"{'timestamp': '2026-09-08T23:18:49.888548+00:00', 'model_version': 'llama3.1:8b', 'prompt_hash': 'a6af280e'}",llama3.1_8b__N120
8,real_mixed_88,llama3.1:8b_kb_rag,10.225279808044434,42.44,0,direct_json,0.6666666666666666,0.75,0.7058823529411765,0.0,0,18.7,37.1,11.8,633.6,652.3,23760.5,75.0,6859.6,4692.8,"{'timestamp': '2026-09-08T23:18:52.517535+00:00', 'model_version': 'llama3.1:8b', 'prompt_hash': 'a6af280e'}",llama3.1_8b__N120
8,real_mixed_89,llama3.1:8b_kb_rag,10.63831877708435,42.29,0,direct_json,0.7142857142857143,0.3571428571428571,0.4761904761904762,0.0,0,19.7,34.7,8.5,628.5,635.0,23571.9,75.4,6859.6,4692.8,"{'timestamp': '2026-09-08T23:18:55.093558+00:00', 'model_version': 'llama3.1:8b', 'prompt_hash': 'a6af280e'}",llama3.1_8b__N120
8,real_mixed_90,llama3.1:8b_kb_rag,12.171468019485474,42.25,0,direct_json,0.7894736842105263,0.6818181818181818,0.7317073170731707,0.0,0,19.5,34.9,5.3,627.5,630.8,23460.1,75.4,6859.6,4692.8,"{'timestamp': '2026-09-08T23:19:00.151715+00:00', 'model_version': 'llama3.1:8b', 'prompt_hash': 'a6af280e'}",llama3.1_8b__N120
9,real_mixed_91,llama3.1:8b_kb_rag,4.545705080032349,41.95,0,direct_json,0.8461538461538461,0.6470588235294118,0.7333333333333334,0.0,0,20.1,66.7,13.6,634.5,634.6,23381.2,75.3,6859.6,4692.8,"{'timestamp': '2026-09-08T23:19:05.069058+00:00', 'model_version': 'llama3.1:8b', 'prompt_hash': 'a6af280e'}",llama3.1_8b__N120
9,real_mixed_92,llama3.1:8b_kb_rag,14.69037914276123,42.08,0,direct_json,0.9285714285714286,0.6190476190476191,0.742857142857143,0.0714285714285714,1,14.2,32.5,12.7,634.6,634.8,23451.0,75.3,6859.6,4692.8,"{'timestamp': '2026-09-08T23:19:15.221307+00:00', 'model_version': 'llama3.1:8b', 'prompt_hash': 'a6af280e'}",llama3.1_8b__N120
9,real_mixed_93,llama3.1:8b_kb_rag,11.148143768310549,42.08,0,direct_json,1.0,0.7333333333333333,0.846153846153846,0.0,0,13.6,25.4,16.5,634.5,634.7,23439.2,75.4,6859.6,4692.8,"{'timestamp': '2026-09-08T23:19:11.661575+00:00', 'model_version': 'llama3.1:8b', 'prompt_hash': 'a6af280e'}",llama3.1_8b__N120
9,real_mixed_94,llama3.1:8b_kb_rag,8.106737852096558,41.83,0,direct_json,0.8461538461538461,0.5,0.6285714285714286,0.0,0,13.3,25.4,10.9,634.5,634.5,23423.4,75.3,6859.6,4692.8,"{'timestamp': '2026-09-08T23:19:08.638615+00:00', 'model_version': 'llama3.1:8b', 'prompt_hash': 'a6af280e'}",llama3.1_8b__N120
9,real_mixed_95,llama3.1:8b_kb_rag,12.177321910858154,42.37,0,direct_json,0.7777777777777778,0.875,0.823529411764706,0.0,0,11.6,24.9,12.2,634.7,634.8,23509.4,75.4,6859.6,4692.8,"{'timestamp': '2026-09-08T23:19:17.357681+00:00', 'model_version': 'llama3.1:8b', 'prompt_hash': 'a6af280e'}",llama3.1_8b__N120
9,real_mixed_96,llama3.1:8b_kb_rag,11.651649951934814,42.29,0,direct_json,0.7857142857142857,0.7857142857142857,0.7857142857142857,0.0,0,12.6,36.3,13.0,634.8,635.1,23524.3,75.4,6859.6,4692.8,"{'timestamp': '2026-09-08T23:19:20.408107+00:00', 'model_version': 'llama3.1:8b', 'prompt_hash': 'a6af280e'}",llama3.1_8b__N120
9,real_mixed_97,llama3.1:8b_kb_rag,11.165055990219116,41.97,0,direct_json,0.9,0.6923076923076923,0.7826086956521738,0.0,0,15.0,36.5,14.0,619.0,635.1,23540.6,75.3,6859.6,4692.8,"{'timestamp': '2026-09-08T23:19:22.937644+00:00', 'model_version': 'llama3.1:8b', 'prompt_hash': 'a6af280e'}",llama3.1_8b__N120
9,real_mixed_98,llama3.1:8b_kb_rag,13.171493768692017,41.62,0,direct_json,0.7647058823529411,0.3823529411764705,0.5098039215686274,0.0,0,17.5,36.6,9.6,592.0,635.1,23557.2,75.3,6859.6,4692.8,"{'timestamp': '2026-09-08T23:19:28.527331+00:00', 'model_version': 'llama3.1:8b', 'prompt_hash': 'a6af280e'}",llama3.1_8b__N120
9,real_mixed_99,llama3.1:8b_kb_rag,12.180421113967896,42.64,0,direct_json,0.8571428571428571,1.0,0.923076923076923,0.0,0,18.3,38.7,7.9,582.7,635.1,23548.4,75.3,6859.6,4692.8,"{'timestamp': '2026-09-08T23:19:29.651399+00:00', 'model_version': 'llama3.1:8b', 'prompt_hash': 'a6af280e'}",llama3.1_8b__N120
9,real_mixed_100,llama3.1:8b_kb_rag,12.180842161178589,42.31,0,direct_json,1.0,0.4761904761904761,0.6451612903225806,0.0,0,17.9,38.7,5.4,565.2,565.3,23560.7,75.3,6859.6,4692.8,"{'timestamp': '2026-09-08T23:19:32.715915+00:00', 'model_version': 'llama3.1:8b', 'prompt_hash': 'a6af280e'}",llama3.1_8b__N120
10,real_mixed_102,llama3.1:8b_kb_rag,1.5254580974578855,43.96,0,direct_json,1.0,1.0,1.0,0.0,0,22.1,35.8,85.6,657.1,657.1,23482.4,75.2,6859.6,4692.8,"{'timestamp': '2026-09-08T23:19:34.609455+00:00', 'model_version': 'llama3.1:8b', 'prompt_hash': 'a6af280e'}",llama3.1_8b__N120
10,real_mixed_103,llama3.1:8b_kb_rag,6.584381341934204,43.26,0,direct_json,1.0,1.0,1.0,0.0,0,19.5,38.9,18.3,657.7,658.2,23546.3,75.3,6859.6,4692.8,"{'timestamp': '2026-09-08T23:19:39.677618+00:00', 'model_version': 'llama3.1:8b', 'prompt_hash': 'a6af280e'}",llama3.1_8b__N120
10,real_mixed_104,llama3.1:8b_kb_rag,5.575589895248413,42.14,0,direct_json,0.7222222222222222,0.6190476190476191,0.6666666666666666,0.0555555555555555,1,19.6,35.7,28.4,657.6,658.1,23556.5,75.3,6859.6,4692.8,"{'timestamp': '2026-09-08T23:19:38.684227+00:00', 'model_version': 'llama3.1:8b', 'prompt_hash': 'a6af280e'}",llama3.1_8b__N120
10,real_mixed_105,llama3.1:8b_kb_rag,10.657870054244995,41.75,0,direct_json,0.8,0.5333333333333333,0.64,0.0,0,18.0,37.1,14.2,657.7,658.3,23476.7,75.5,6859.6,4692.8,"{'timestamp': '2026-09-08T23:19:45.396511+00:00', 'model_version': 'llama3.1:8b', 'prompt_hash': 'a6af280e'}",llama3.1_8b__N120
10,real_mixed_106,llama3.1:8b_kb_rag,8.623963832855225,43.07,0,direct_json,0.5,1.0,0.6666666666666666,0.0,0,19.0,36.5,17.9,657.6,658.5,23388.2,75.6,6859.6,4692.8,"{'timestamp': '2026-09-08T23:19:47.412114+00:00', 'model_version': 'llama3.1:8b', 'prompt_hash': 'a6af280e'}",llama3.1_8b__N120
10,real_mixed_107,llama3.1:8b_kb_rag,13.700227975845335,41.32,0,direct_json,0.8666666666666667,0.9285714285714286,0.896551724137931,0.0,0,16.8,36.5,11.1,650.5,658.8,23349.7,75.6,6859.6,4692.8,"{'timestamp': '2026-09-08T23:19:53.503989+00:00', 'model_version': 'llama3.1:8b', 'prompt_hash': 'a6af280e'}",llama3.1_8b__N120
10,real_mixed_108,llama3.1:8b_kb_rag,14.19161295890808,42.2,0,direct_json,0.5454545454545454,0.75,0.631578947368421,0.0,0,17.2,36.8,8.8,640.1,658.8,23336.9,75.6,6859.6,4692.8,"{'timestamp': '2026-09-08T23:19:56.505347+00:00', 'model_version': 'llama3.1:8b', 'prompt_hash': 'a6af280e'}",llama3.1_8b__N120
10,real_mixed_109,llama3.1:8b_kb_rag,16.213804006576538,41.78,0,direct_json,0.7692307692307693,0.6896551724137931,0.7272727272727274,0.0384615384615384,1,14.7,27.6,5.9,626.7,658.8,23354.2,75.6,6859.6,4692.8,"{'timestamp': '2026-09-08T23:20:01.747383+00:00', 'model_version': 'llama3.1:8b', 'prompt_hash': 'a6af280e'}",llama3.1_8b__N120
10,real_mixed_110,llama3.1:8b_kb_rag,19.252462148666385,41.79,0,direct_json,0.6428571428571429,0.375,0.4736842105263159,0.0,0,14.3,27.4,3.4,618.3,658.8,23358.9,75.6,6859.6,4692.8,"{'timestamp': '2026-09-08T23:20:06.808806+00:00', 'model_version': 'llama3.1:8b', 'prompt_hash': 'a6af280e'}",llama3.1_8b__N120
11,real_mixed_111,llama3.1:8b_kb_rag,6.584059000015259,42.43,0,direct_json,0.9166666666666666,0.9705882352941176,0.9428571428571428,0.0277777777777777,1,15.2,29.3,9.0,693.8,693.8,23421.2,75.6,6859.6,4692.8,"{'timestamp': '2026-09-08T23:20:13.830000+00:00', 'model_version': 'llama3.1:8b', 'prompt_hash': 'a6af280e'}",llama3.1_8b__N120
11,real_mixed_112,llama3.1:8b_kb_rag,14.154159784317017,42.97,0,direct_json,0.5555555555555556,0.625,0.5882352941176471,0.0,0,15.8,29.7,18.2,696.1,756.6,23448.8,75.6,6859.6,4692.8,"{'timestamp': '2026-09-08T23:20:21.357476+00:00', 'model_version': 'llama3.1:8b', 'prompt_hash': 'a6af280e'}",llama3.1_8b__N120
11,real_mixed_113,llama3.1:8b_kb_rag,11.665690183639526,42.26,0,direct_json,0.8333333333333334,0.5,0.625,0.0,0,14.6,29.2,17.6,693.8,694.0,23452.9,75.6,6859.6,4692.8,"{'timestamp': '2026-09-08T23:20:18.879020+00:00', 'model_version': 'llama3.1:8b', 'prompt_hash': 'a6af280e'}",llama3.1_8b__N120
11,real_mixed_114,llama3.1:8b_kb_rag,9.613793134689333,42.02,0,direct_json,0.9230769230769232,0.8,0.8571428571428571,0.0,0,16.7,29.7,18.2,693.8,693.9,23455.5,75.6,6859.6,4692.8,"{'timestamp': '2026-09-08T23:20:16.829813+00:00', 'model_version': 'llama3.1:8b', 'prompt_hash': 'a6af280e'}",llama3.1_8b__N120
11,real_mixed_115,llama3.1:8b_kb_rag,9.111148118972778,43.04,0,direct_json,0.8,1.0,0.888888888888889,0.0,0,15.2,28.5,16.3,694.0,694.1,23443.4,75.5,6859.6,4692.8,"{'timestamp': '2026-09-08T23:20:23.041995+00:00', 'model_version': 'llama3.1:8b', 'prompt_hash': 'a6af280e'}",llama3.1_8b__N120
11,real_mixed_116,llama3.1:8b_kb_rag,8.135204076766968,42.52,0,direct_json,0.75,0.75,0.75,0.25,1,16.9,31.0,18.7,694.1,694.1,23401.2,75.4,6859.6,4692.8,"{'timestamp': '2026-09-08T23:20:25.070880+00:00', 'model_version': 'llama3.1:8b', 'prompt_hash': 'a6af280e'}",llama3.1_8b__N120
11,real_mixed_117,llama3.1:8b_kb_rag,11.15406894683838,41.9,0,direct_json,0.3846153846153846,0.3571428571428571,0.3703703703703704,0.0,0,15.5,32.0,14.4,694.1,694.2,23420.7,75.4,6859.6,4692.8,"{'timestamp': '2026-09-08T23:20:30.158951+00:00', 'model_version': 'llama3.1:8b', 'prompt_hash': 'a6af280e'}",llama3.1_8b__N120
11,real_mixed_118,llama3.1:8b_kb_rag,11.182462215423584,42.88,0,direct_json,1.0,0.875,0.9333333333333332,0.0,0,15.6,31.9,11.9,694.2,694.2,23432.1,75.4,6859.6,4692.8,"{'timestamp': '2026-09-08T23:20:32.647700+00:00', 'model_version': 'llama3.1:8b', 'prompt_hash': 'a6af280e'}",llama3.1_8b__N120
11,real_mixed_119,llama3.1:8b_kb_rag,12.17004108428955,42.72,0,direct_json,1.0,0.75,0.8571428571428571,0.0,0,12.1,32.1,7.9,694.2,694.2,23442.3,75.4,6859.6,4692.8,"{'timestamp': '2026-09-08T23:20:35.336603+00:00', 'model_version': 'llama3.1:8b', 'prompt_hash': 'a6af280e'}",llama3.1_8b__N120
11,real_mixed_120,llama3.1:8b_kb_rag,13.198775053024292,42.77,0,direct_json,0.9166666666666666,0.9166666666666666,0.9166666666666666,0.0,0,11.2,22.0,4.9,674.5,694.2,23476.3,75.4,6859.6,4692.8,"{'timestamp': '2026-09-08T23:20:38.390719+00:00', 'model_version': 'llama3.1:8b', 'prompt_hash': 'a6af280e'}",llama3.1_8b__N120
0,real_mixed_2,llama3.2:latest_baseline,2.054640054702759,84.0,0,direct_json,0.6923076923076923,0.5294117647058824,0.5999999999999999,0.0,0,23.2,26.6,26.6,245.9,245.9,23650.5,63.0,4018.4,1925.8,"{'timestamp': '2026-09-09T03:09:11.044340+00:00', 'model_version': 'llama3.2:latest', 'prompt_hash': 'a6af280e'}",llama3.2_latest__N120
0,real_mixed_3,llama3.2:latest_baseline,2.05187726020813,84.44,0,direct_json,0.9,0.5294117647058824,0.6666666666666667,0.0,0,19.1,22.3,26.9,246.6,246.6,23677.5,63.0,4018.4,1925.8,"{'timestamp': '2026-09-09T03:09:13.131104+00:00', 'model_version': 'llama3.2:latest', 'prompt_hash': 'a6af280e'}",llama3.2_latest__N120
0,real_mixed_4,llama3.2:latest_baseline,1.5374200344085691,84.07,0,direct_json,0.8333333333333334,0.3333333333333333,0.4761904761904761,0.1666666666666666,1,22.6,24.8,35.2,247.2,247.2,23669.0,63.0,4018.4,1925.8,"{'timestamp': '2026-09-09T03:09:14.693349+00:00', 'model_version': 'llama3.2:latest', 'prompt_hash': 'a6af280e'}",llama3.2_latest__N120
0,real_mixed_5,llama3.2:latest_baseline,2.5577378273010254,84.14,0,direct_json,0.8333333333333334,0.7142857142857143,0.7692307692307692,0.0,0,18.6,22.6,21.0,247.9,247.9,23797.7,63.2,4018.4,1925.8,"{'timestamp': '2026-09-09T03:09:17.285499+00:00', 'model_version': 'llama3.2:latest', 'prompt_hash': 'a6af280e'}",llama3.2_latest__N120
0,real_mixed_6,llama3.2:latest_baseline,2.540290117263794,84.32,0,direct_json,0.8421052631578947,0.8,0.8205128205128205,0.0,0,22.3,28.6,19.2,248.6,248.6,23851.5,63.4,4018.4,1925.8,"{'timestamp': '2026-09-09T03:09:19.860965+00:00', 'model_version': 'llama3.2:latest', 'prompt_hash': 'a6af280e'}",llama3.2_latest__N120
0,real_mixed_7,llama3.2:latest_baseline,2.0292279720306396,84.44,0,direct_json,0.875,0.35,0.4999999999999999,0.0,0,23.7,30.0,26.6,249.3,249.3,24050.3,63.8,4018.4,1925.8,"{'timestamp': '2026-09-09T03:09:21.927039+00:00', 'model_version': 'llama3.2:latest', 'prompt_hash': 'a6af280e'}",llama3.2_latest__N120
0,real_mixed_8,llama3.2:latest_baseline,1.5391371250152588,85.28,0,direct_json,0.5714285714285714,0.2666666666666666,0.3636363636363636,0.1428571428571428,1,13.3,21.3,34.7,250.1,250.1,23974.4,63.6,4018.4,1925.8,"{'timestamp': '2026-09-09T03:09:23.490922+00:00', 'model_version': 'llama3.2:latest', 'prompt_hash': 'a6af280e'}",llama3.2_latest__N120
0,real_mixed_9,llama3.2:latest_baseline,1.5298418998718262,85.42,0,direct_json,0.7777777777777778,0.4375,0.56,0.0,0,26.6,31.9,34.9,250.7,250.8,23974.6,63.6,4018.4,1925.8,"{'timestamp': '2026-09-09T03:09:25.051545+00:00', 'model_version': 'llama3.2:latest', 'prompt_hash': 'a6af280e'}",llama3.2_latest__N120
0,real_mixed_10,llama3.2:latest_baseline,2.0326731204986572,84.86,0,direct_json,1.0,0.7857142857142857,0.88,0.0,0,23.5,29.9,26.6,251.5,251.5,24069.1,63.8,4018.4,1925.8,"{'timestamp': '2026-09-09T03:09:27.115947+00:00', 'model_version': 'llama3.2:latest', 'prompt_hash': 'a6af280e'}",llama3.2_latest__N120
1,real_mixed_11,llama3.2:latest_baseline,4.0715720653533936,81.42,0,fallback,0.5,0.5925925925925926,0.5423728813559322,0.0,0,16.6,23.5,13.2,252.3,252.3,24093.7,63.8,4018.4,1925.8,"{'timestamp': '2026-09-09T03:09:31.214303+00:00', 'model_version': 'llama3.2:latest', 'prompt_hash': 'a6af280e'}",llama3.2_latest__N120
1,real_mixed_12,llama3.2:latest_baseline,1.5385448932647705,85.46,0,direct_json,0.8181818181818182,0.75,0.7826086956521738,0.0,0,19.9,30.2,34.9,253.0,253.0,24144.1,63.9,4018.4,1925.8,"{'timestamp': '2026-09-09T03:09:32.776381+00:00', 'model_version': 'llama3.2:latest', 'prompt_hash': 'a6af280e'}",llama3.2_latest__N120
1,real_mixed_13,llama3.2:latest_baseline,3.5626699924468994,83.08,0,direct_json,0.7916666666666666,0.7037037037037037,0.7450980392156864,0.0,0,16.0,21.6,15.3,253.0,253.0,24220.5,64.1,4018.4,1925.8,"{'timestamp': '2026-09-09T03:09:36.374214+00:00', 'model_version': 'llama3.2:latest', 'prompt_hash': 'a6af280e'}",llama3.2_latest__N120
1,real_mixed_14,llama3.2:latest_baseline,3.0682477951049805,82.48,0,direct_json,0.8571428571428571,0.8,0.8275862068965518,0.0,0,17.7,29.9,17.8,253.0,253.0,24422.4,64.5,4018.4,1925.8,"{'timestamp': '2026-09-09T03:09:39.474316+00:00', 'model_version': 'llama3.2:latest', 'prompt_hash': 'a6af280e'}",llama3.2_latest__N120
1,real_mixed_15,llama3.2:latest_baseline,2.0541739463806152,83.96,0,direct_json,0.6666666666666666,0.5714285714285714,0.6153846153846153,0.0,0,21.3,26.6,27.0,253.0,253.0,24524.0,64.7,4018.4,1925.8,"{'timestamp': '2026-09-09T03:09:41.567705+00:00', 'model_version': 'llama3.2:latest', 'prompt_hash': 'a6af280e'}",llama3.2_latest__N120
1,real_mixed_16,llama3.2:latest_baseline,2.0432288646698,85.05,0,direct_json,0.9090909090909092,0.8333333333333334,0.8695652173913043,0.0,0,18.4,31.1,27.1,253.0,253.0,24540.6,64.7,4018.4,1925.8,"{'timestamp': '2026-09-09T03:09:43.641437+00:00', 'model_version': 'llama3.2:latest', 'prompt_hash': 'a6af280e'}",llama3.2_latest__N120
1,real_mixed_17,llama3.2:latest_baseline,1.035606861114502,90.21,0,direct_json,1.0,0.8,0.888888888888889,0.0,0,15.0,18.5,52.5,253.0,253.0,24496.2,64.6,4018.4,1925.8,"{'timestamp': '2026-09-09T03:09:44.694163+00:00', 'model_version': 'llama3.2:latest', 'prompt_hash': 'a6af280e'}",llama3.2_latest__N120
1,real_mixed_18,llama3.2:latest_baseline,1.5342719554901123,84.89,0,direct_json,0.8888888888888888,0.5714285714285714,0.6956521739130435,0.0,0,15.7,17.7,35.8,253.0,253.0,24569.2,64.7,4018.4,1925.8,"{'timestamp': '2026-09-09T03:09:46.252847+00:00', 'model_version': 'llama3.2:latest', 'prompt_hash': 'a6af280e'}",llama3.2_latest__N120
1,real_mixed_19,llama3.2:latest_baseline,1.5340092182159424,88.12,0,direct_json,1.0,0.2727272727272727,0.4285714285714285,0.0,0,22.8,29.0,36.0,253.0,253.0,24595.7,64.8,4018.4,1925.8,"{'timestamp': '2026-09-09T03:09:47.828132+00:00', 'model_version': 'llama3.2:latest', 'prompt_hash': 'a6af280e'}",llama3.2_latest__N120
1,real_mixed_20,llama3.2:latest_baseline,2.046633243560791,84.8,0,direct_json,0.75,0.3157894736842105,0.4444444444444443,0.0,0,15.3,18.0,26.3,253.0,253.0,24635.1,64.9,4018.4,1925.8,"{'timestamp': '2026-09-09T03:09:49.915172+00:00', 'model_version': 'llama3.2:latest', 'prompt_hash': 'a6af280e'}",llama3.2_latest__N120
2,real_mixed_22,llama3.2:latest_baseline,1.0221469402313232,89.33,0,direct_json,0.4285714285714285,1.0,0.6,0.0,0,8.8,17.6,53.5,253.2,253.2,24649.2,65.0,4018.4,1925.8,"{'timestamp': '2026-09-09T03:09:53.039102+00:00', 'model_version': 'llama3.2:latest', 'prompt_hash': 'a6af280e'}",llama3.2_latest__N120
2,real_mixed_23,llama3.2:latest_baseline,2.0424041748046875,84.98,0,direct_json,0.625,0.5882352941176471,0.6060606060606061,0.0,0,17.0,22.6,26.8,253.2,253.2,24600.0,64.8,4018.4,1925.8,"{'timestamp': '2026-09-09T03:09:55.117120+00:00', 'model_version': 'llama3.2:latest', 'prompt_hash': 'a6af280e'}",llama3.2_latest__N120
2,real_mixed_24,llama3.2:latest_baseline,1.540503978729248,84.74,0,direct_json,0.8888888888888888,0.7272727272727273,0.7999999999999999,0.0,0,11.9,12.9,35.7,253.2,253.2,24725.5,65.1,4018.4,1925.8,"{'timestamp': '2026-09-09T03:09:56.681941+00:00', 'model_version': 'llama3.2:latest', 'prompt_hash': 'a6af280e'}",llama3.2_latest__N120
2,real_mixed_25,llama3.2:latest_baseline,1.5476737022399902,85.05,0,direct_json,1.0,0.4117647058823529,0.5833333333333334,0.0,0,23.5,30.5,35.5,254.0,254.0,24722.8,65.0,4018.4,1925.8,"{'timestamp': '2026-09-09T03:09:58.267820+00:00', 'model_version': 'llama3.2:latest', 'prompt_hash': 'a6af280e'}",llama3.2_latest__N120
2,real_mixed_26,llama3.2:latest_baseline,2.049206018447876,85.1,0,direct_json,0.375,0.1428571428571428,0.2068965517241379,0.0,0,13.3,20.8,28.3,254.6,254.6,24833.1,65.3,4018.4,1925.8,"{'timestamp': '2026-09-09T03:10:00.365998+00:00', 'model_version': 'llama3.2:latest', 'prompt_hash': 'a6af280e'}",llama3.2_latest__N120
2,real_mixed_28,llama3.2:latest_baseline,2.048013925552368,84.73,0,direct_json,0.9,0.5,0.6428571428571429,0.0,0,17.6,26.8,26.7,256.0,256.0,25261.1,66.0,4018.4,1925.8,"{'timestamp': '2026-09-09T03:10:06.540371+00:00', 'model_version': 'llama3.2:latest', 'prompt_hash': 'a6af280e'}",llama3.2_latest__N120
2,real_mixed_29,llama3.2:latest_baseline,2.5396132469177246,84.61,0,direct_json,0.7727272727272727,0.68,0.7234042553191491,0.0,0,16.9,29.0,21.1,256.7,256.7,25230.4,65.9,4018.4,1925.8,"{'timestamp': '2026-09-09T03:10:09.125762+00:00', 'model_version': 'llama3.2:latest', 'prompt_hash': 'a6af280e'}",llama3.2_latest__N120
2,real_mixed_30,llama3.2:latest_baseline,1.5476932525634766,85.35,0,direct_json,0.8333333333333334,0.3846153846153846,0.5263157894736842,0.0,0,16.4,18.8,35.3,257.4,257.4,25517.9,66.5,4018.4,1925.8,"{'timestamp': '2026-09-09T03:10:10.693891+00:00', 'model_version': 'llama3.2:latest', 'prompt_hash': 'a6af280e'}",llama3.2_latest__N120
3,real_mixed_31,llama3.2:latest_baseline,1.5557339191436768,89.58,0,direct_json,0.6666666666666666,0.8,0.7272727272727272,0.0,0,18.1,22.6,35.0,257.5,257.5,25355.5,66.2,4018.4,1925.8,"{'timestamp': '2026-09-09T03:10:12.272031+00:00', 'model_version': 'llama3.2:latest', 'prompt_hash': 'a6af280e'}",llama3.2_latest__N120
3,real_mixed_32,llama3.2:latest_baseline,2.0494699478149414,85.27,0,direct_json,0.7272727272727273,0.5,0.5925925925925926,0.0,0,15.3,24.2,26.6,257.5,257.5,25209.3,65.9,4018.4,1925.8,"{'timestamp': '2026-09-09T03:10:14.353425+00:00', 'model_version': 'llama3.2:latest', 'prompt_hash': 'a6af280e'}",llama3.2_latest__N120
3,real_mixed_33,llama3.2:latest_baseline,1.5403923988342283,85.44,0,direct_json,1.0,0.4,0.5714285714285715,0.0,0,16.8,21.5,35.5,257.5,257.5,25148.4,65.8,4018.4,1925.8,"{'timestamp': '2026-09-09T03:10:15.927464+00:00', 'model_version': 'llama3.2:latest', 'prompt_hash': 'a6af280e'}",llama3.2_latest__N120
3,real_mixed_34,llama3.2:latest_baseline,1.5398306846618652,84.42,0,direct_json,0.7777777777777778,0.5,0.6086956521739131,0.0,0,20.6,24.5,35.7,257.5,257.5,25227.3,65.9,4018.4,1925.8,"{'timestamp': '2026-09-09T03:10:17.494958+00:00', 'model_version': 'llama3.2:latest', 'prompt_hash': 'a6af280e'}",llama3.2_latest__N120
3,real_mixed_35,llama3.2:latest_baseline,2.0368430614471436,84.46,0,direct_json,0.5454545454545454,0.5,0.5217391304347826,0.0,0,20.1,29.1,27.0,257.5,257.5,25251.2,65.9,4018.4,1925.8,"{'timestamp': '2026-09-09T03:10:19.558523+00:00', 'model_version': 'llama3.2:latest', 'prompt_hash': 'a6af280e'}",llama3.2_latest__N120
3,real_mixed_36,llama3.2:latest_baseline,2.0435361862182617,84.92,0,direct_json,0.6,0.5454545454545454,0.5714285714285713,0.0,0,17.4,20.7,26.5,257.5,257.5,25329.5,66.0,4018.4,1925.8,"{'timestamp': '2026-09-09T03:10:21.624013+00:00', 'model_version': 'llama3.2:latest', 'prompt_hash': 'a6af280e'}",llama3.2_latest__N120
3,real_mixed_37,llama3.2:latest_baseline,2.040849208831787,85.38,0,direct_json,0.8,0.8,0.8000000000000002,0.0,0,19.6,25.6,26.7,257.5,257.5,25261.3,65.9,4018.4,1925.8,"{'timestamp': '2026-09-09T03:10:23.684827+00:00', 'model_version': 'llama3.2:latest', 'prompt_hash': 'a6af280e'}",llama3.2_latest__N120
3,real_mixed_38,llama3.2:latest_baseline,2.0304062366485596,85.29,0,direct_json,0.8461538461538461,0.6111111111111112,0.7096774193548387,0.0769230769230769,1,21.0,25.9,26.0,257.5,257.5,25291.8,66.0,4018.4,1925.8,"{'timestamp': '2026-09-09T03:10:25.735590+00:00', 'model_version': 'llama3.2:latest', 'prompt_hash': 'a6af280e'}",llama3.2_latest__N120
3,real_mixed_39,llama3.2:latest_baseline,1.5367732048034668,87.77,0,direct_json,0.5,0.25,0.3333333333333333,0.0,0,17.5,19.1,36.1,257.5,257.5,25375.8,66.1,4018.4,1925.8,"{'timestamp': '2026-09-09T03:10:27.287738+00:00', 'model_version': 'llama3.2:latest', 'prompt_hash': 'a6af280e'}",llama3.2_latest__N120
3,real_mixed_40,llama3.2:latest_baseline,1.5400850772857666,86.34,0,direct_json,0.625,0.3333333333333333,0.4347826086956521,0.125,1,11.7,20.0,36.9,257.6,257.6,25345.2,66.1,4018.4,1925.8,"{'timestamp': '2026-09-09T03:10:28.851791+00:00', 'model_version': 'llama3.2:latest', 'prompt_hash': 'a6af280e'}",llama3.2_latest__N120
4,real_mixed_42,llama3.2:latest_baseline,2.0483899116516113,84.88,0,direct_json,0.6666666666666666,0.3448275862068966,0.4545454545454545,0.1333333333333333,2,12.8,15.3,26.6,257.7,257.7,25361.3,66.1,4018.4,1925.8,"{'timestamp': '2026-09-09T03:10:33.017344+00:00', 'model_version': 'llama3.2:latest', 'prompt_hash': 'a6af280e'}",llama3.2_latest__N120
4,real_mixed_43,llama3.2:latest_baseline,5.0714991092681885,77.58,0,direct_json,0.6521739130434783,0.6818181818181818,0.6666666666666666,0.0434782608695652,1,14.8,28.5,10.4,257.7,257.7,25385.1,66.2,4018.4,1925.8,"{'timestamp': '2026-09-09T03:10:38.115570+00:00', 'model_version': 'llama3.2:latest', 'prompt_hash': 'a6af280e'}",llama3.2_latest__N120
4,real_mixed_44,llama3.2:latest_baseline,3.046333074569702,83.69,0,direct_json,0.8,0.8,0.8000000000000002,0.0,0,18.2,29.5,17.3,257.7,257.7,25417.4,66.2,4018.4,1925.8,"{'timestamp': '2026-09-09T03:10:41.195142+00:00', 'model_version': 'llama3.2:latest', 'prompt_hash': 'a6af280e'}",llama3.2_latest__N120
4,real_mixed_45,llama3.2:latest_baseline,2.0585591793060303,84.39,0,direct_json,0.9285714285714286,0.8125,0.8666666666666666,0.0,0,18.9,23.7,27.1,257.7,257.7,25344.7,66.0,4018.4,1925.8,"{'timestamp': '2026-09-09T03:10:43.285703+00:00', 'model_version': 'llama3.2:latest', 'prompt_hash': 'a6af280e'}",llama3.2_latest__N120
4,real_mixed_46,llama3.2:latest_baseline,1.025791883468628,86.65,0,direct_json,0.6,0.2,0.3,0.2,1,12.2,12.5,52.6,257.7,257.7,25298.9,66.0,4018.4,1925.8,"{'timestamp': '2026-09-09T03:10:44.341809+00:00', 'model_version': 'llama3.2:latest', 'prompt_hash': 'a6af280e'}",llama3.2_latest__N120
4,real_mixed_47,llama3.2:latest_baseline,3.5617897510528564,83.87,0,direct_json,0.6764705882352942,0.8214285714285714,0.7419354838709677,0.0294117647058823,1,19.3,31.6,15.4,257.7,257.7,25332.6,66.0,4018.4,1925.8,"{'timestamp': '2026-09-09T03:10:47.954395+00:00', 'model_version': 'llama3.2:latest', 'prompt_hash': 'a6af280e'}",llama3.2_latest__N120
4,real_mixed_48,llama3.2:latest_baseline,1.5324857234954834,85.09,0,direct_json,0.8333333333333334,0.5,0.625,0.0,0,12.3,19.5,35.6,257.7,257.7,25347.3,66.1,4018.4,1925.8,"{'timestamp': '2026-09-09T03:10:49.509294+00:00', 'model_version': 'llama3.2:latest', 'prompt_hash': 'a6af280e'}",llama3.2_latest__N120
4,real_mixed_49,llama3.2:latest_baseline,2.039573907852173,83.74,0,direct_json,0.875,0.3888888888888889,0.5384615384615385,0.0,0,18.9,30.3,27.0,257.7,257.7,25430.0,66.2,4018.4,1925.8,"{'timestamp': '2026-09-09T03:10:51.572860+00:00', 'model_version': 'llama3.2:latest', 'prompt_hash': 'a6af280e'}",llama3.2_latest__N120
4,real_mixed_50,llama3.2:latest_baseline,1.545428991317749,85.15,0,direct_json,1.0,0.5263157894736842,0.6896551724137931,0.0,0,19.7,24.9,34.9,257.7,257.7,25397.0,66.1,4018.4,1925.8,"{'timestamp': '2026-09-09T03:10:53.152888+00:00', 'model_version': 'llama3.2:latest', 'prompt_hash': 'a6af280e'}",llama3.2_latest__N120
5,real_mixed_51,llama3.2:latest_baseline,1.5356149673461914,85.41,0,direct_json,1.0,0.4666666666666667,0.6363636363636364,0.0,0,16.2,18.9,35.2,257.9,257.9,25337.7,66.0,4018.4,1925.8,"{'timestamp': '2026-09-09T03:10:54.733801+00:00', 'model_version': 'llama3.2:latest', 'prompt_hash': 'a6af280e'}",llama3.2_latest__N120
5,real_mixed_52,llama3.2:latest_baseline,2.044593811035156,85.15,0,direct_json,0.6923076923076923,0.4285714285714285,0.5294117647058824,0.0,0,16.7,23.1,26.2,257.9,257.9,25445.9,66.2,4018.4,1925.8,"{'timestamp': '2026-09-09T03:10:56.812089+00:00', 'model_version': 'llama3.2:latest', 'prompt_hash': 'a6af280e'}",llama3.2_latest__N120
5,real_mixed_53,llama3.2:latest_baseline,1.5194039344787598,84.63,0,direct_json,0.8181818181818182,0.5625,0.6666666666666666,0.0,0,18.0,23.7,35.2,257.9,257.9,25360.9,66.0,4018.4,1925.8,"{'timestamp': '2026-09-09T03:10:58.356086+00:00', 'model_version': 'llama3.2:latest', 'prompt_hash': 'a6af280e'}",llama3.2_latest__N120
5,real_mixed_54,llama3.2:latest_baseline,1.0225889682769775,89.64,0,direct_json,0.8571428571428571,0.75,0.7999999999999999,0.0,0,20.4,20.7,53.1,257.9,257.9,25448.2,66.2,4018.4,1925.8,"{'timestamp': '2026-09-09T03:10:59.393462+00:00', 'model_version': 'llama3.2:latest', 'prompt_hash': 'a6af280e'}",llama3.2_latest__N120
5,real_mixed_55,llama3.2:latest_baseline,2.5539379119873047,84.77,0,direct_json,0.7222222222222222,0.65,0.6842105263157895,0.0,0,13.9,16.0,21.2,257.9,257.9,25414.2,66.1,4018.4,1925.8,"{'timestamp': '2026-09-09T03:11:01.972318+00:00', 'model_version': 'llama3.2:latest', 'prompt_hash': 'a6af280e'}",llama3.2_latest__N120
5,real_mixed_56,llama3.2:latest_baseline,2.0519371032714844,84.39,0,direct_json,0.6923076923076923,0.3461538461538461,0.4615384615384615,0.0,0,20.5,26.2,27.4,257.9,257.9,25337.3,66.0,4018.4,1925.8,"{'timestamp': '2026-09-09T03:11:04.070492+00:00', 'model_version': 'llama3.2:latest', 'prompt_hash': 'a6af280e'}",llama3.2_latest__N120
5,real_mixed_57,llama3.2:latest_baseline,1.535675048828125,88.31,0,direct_json,0.875,0.3333333333333333,0.4827586206896551,0.0,0,16.7,21.7,35.4,257.9,257.9,25372.5,66.1,4018.4,1925.8,"{'timestamp': '2026-09-09T03:11:05.643079+00:00', 'model_version': 'llama3.2:latest', 'prompt_hash': 'a6af280e'}",llama3.2_latest__N120
5,real_mixed_58,llama3.2:latest_baseline,2.03422212600708,84.87,0,direct_json,0.8666666666666667,0.7222222222222222,0.7878787878787877,0.0,0,17.4,18.7,26.6,257.9,257.9,25390.7,66.0,4018.4,1925.8,"{'timestamp': '2026-09-09T03:11:07.708199+00:00', 'model_version': 'llama3.2:latest', 'prompt_hash': 'a6af280e'}",llama3.2_latest__N120
5,real_mixed_60,llama3.2:latest_baseline,2.0545406341552734,84.34,0,direct_json,1.0,0.6428571428571429,0.782608695652174,0.0,0,18.4,30.7,26.6,257.9,257.9,25363.9,66.0,4018.4,1925.8,"{'timestamp': '2026-09-09T03:11:13.413090+00:00', 'model_version': 'llama3.2:latest', 'prompt_hash': 'a6af280e'}",llama3.2_latest__N120
6,real_mixed_61,llama3.2:latest_baseline,5.591117858886719,77.41,0,direct_json,0.8518518518518519,0.6388888888888888,0.7301587301587301,0.0,0,17.3,29.9,9.6,258.1,258.1,25397.5,66.1,4018.4,1925.8,"{'timestamp': '2026-09-09T03:11:19.080929+00:00', 'model_version': 'llama3.2:latest', 'prompt_hash': 'a6af280e'}",llama3.2_latest__N120
6,real_mixed_62,llama3.2:latest_baseline,1.5267648696899414,85.2,0,direct_json,0.875,0.3888888888888889,0.5384615384615385,0.0,0,12.9,15.6,35.4,258.1,258.1,25463.9,66.2,4018.4,1925.8,"{'timestamp': '2026-09-09T03:11:20.639492+00:00', 'model_version': 'llama3.2:latest', 'prompt_hash': 'a6af280e'}",llama3.2_latest__N120
6,real_mixed_63,llama3.2:latest_baseline,1.5281667709350586,86.13,0,direct_json,0.7272727272727273,0.5333333333333333,0.6153846153846153,0.0,0,20.1,23.7,35.6,258.1,258.1,25395.5,66.0,4018.4,1925.8,"{'timestamp': '2026-09-09T03:11:22.197542+00:00', 'model_version': 'llama3.2:latest', 'prompt_hash': 'a6af280e'}",llama3.2_latest__N120
6,real_mixed_64,llama3.2:latest_baseline,1.541800022125244,84.41,0,direct_json,0.6,0.75,0.6666666666666665,0.0,0,31.2,38.1,35.9,258.1,258.1,25415.0,66.1,4018.4,1925.8,"{'timestamp': '2026-09-09T03:11:23.750199+00:00', 'model_version': 'llama3.2:latest', 'prompt_hash': 'a6af280e'}",llama3.2_latest__N120
6,real_mixed_65,llama3.2:latest_baseline,1.5340251922607422,84.9,0,direct_json,0.5,0.3636363636363636,0.4210526315789474,0.0,0,17.9,20.7,35.3,258.1,258.1,25408.9,66.0,4018.4,1925.8,"{'timestamp': '2026-09-09T03:11:25.310146+00:00', 'model_version': 'llama3.2:latest', 'prompt_hash': 'a6af280e'}",llama3.2_latest__N120
6,real_mixed_66,llama3.2:latest_baseline,2.0406949520111084,84.82,0,direct_json,0.6,0.3461538461538461,0.4390243902439024,0.0666666666666666,1,17.1,20.3,26.9,258.1,258.1,25467.9,66.1,4018.4,1925.8,"{'timestamp': '2026-09-09T03:11:27.389350+00:00', 'model_version': 'llama3.2:latest', 'prompt_hash': 'a6af280e'}",llama3.2_latest__N120
6,real_mixed_67,llama3.2:latest_baseline,2.042799234390259,84.7,0,direct_json,0.7692307692307693,0.4545454545454545,0.5714285714285714,0.0,0,16.6,19.6,26.6,258.1,258.1,25387.1,66.0,4018.4,1925.8,"{'timestamp': '2026-09-09T03:11:29.468374+00:00', 'model_version': 'llama3.2:latest', 'prompt_hash': 'a6af280e'}",llama3.2_latest__N120
6,real_mixed_68,llama3.2:latest_baseline,2.0420010089874268,84.96,0,direct_json,0.875,0.7368421052631579,0.7999999999999999,0.0,0,13.8,19.5,26.2,258.1,258.1,25474.0,66.2,4018.4,1925.8,"{'timestamp': '2026-09-09T03:11:31.534980+00:00', 'model_version': 'llama3.2:latest', 'prompt_hash': 'a6af280e'}",llama3.2_latest__N120
6,real_mixed_69,llama3.2:latest_baseline,2.045409917831421,84.94,0,direct_json,0.8125,0.4642857142857143,0.5909090909090908,0.0,0,14.3,15.1,26.2,258.1,258.1,25367.5,65.9,4018.4,1925.8,"{'timestamp': '2026-09-09T03:11:33.626272+00:00', 'model_version': 'llama3.2:latest', 'prompt_hash': 'a6af280e'}",llama3.2_latest__N120
6,real_mixed_70,llama3.2:latest_baseline,2.554539680480957,84.45,0,direct_json,0.8333333333333334,0.6,0.6976744186046512,0.0,0,13.4,21.4,21.0,258.1,258.1,25364.8,65.9,4018.4,1925.8,"{'timestamp': '2026-09-09T03:11:36.224177+00:00', 'model_version': 'llama3.2:latest', 'prompt_hash': 'a6af280e'}",llama3.2_latest__N120
7,real_mixed_71,llama3.2:latest_baseline,2.0438311100006104,84.6,0,direct_json,0.7692307692307693,0.7142857142857143,0.7407407407407408,0.0,0,14.5,19.6,26.2,258.2,258.2,25453.2,66.1,4018.4,1925.8,"{'timestamp': '2026-09-09T03:11:38.315601+00:00', 'model_version': 'llama3.2:latest', 'prompt_hash': 'a6af280e'}",llama3.2_latest__N120
7,real_mixed_72,llama3.2:latest_baseline,1.5387437343597412,85.77,0,direct_json,0.6666666666666666,0.2352941176470588,0.3478260869565218,0.0,0,17.3,27.9,35.1,258.2,258.2,25409.2,66.0,4018.4,1925.8,"{'timestamp': '2026-09-09T03:11:39.888673+00:00', 'model_version': 'llama3.2:latest', 'prompt_hash': 'a6af280e'}",llama3.2_latest__N120
7,real_mixed_73,llama3.2:latest_baseline,2.052147150039673,83.77,0,direct_json,0.9166666666666666,0.6875,0.7857142857142857,0.0833333333333333,1,14.7,25.5,26.8,258.2,258.2,25490.9,66.2,4018.4,1925.8,"{'timestamp': '2026-09-09T03:11:41.973820+00:00', 'model_version': 'llama3.2:latest', 'prompt_hash': 'a6af280e'}",llama3.2_latest__N120
7,real_mixed_74,llama3.2:latest_baseline,1.532621145248413,84.93,0,direct_json,1.0,0.5,0.6666666666666666,0.0,0,16.2,18.5,35.6,258.2,258.2,25403.8,66.0,4018.4,1925.8,"{'timestamp': '2026-09-09T03:11:43.537030+00:00', 'model_version': 'llama3.2:latest', 'prompt_hash': 'a6af280e'}",llama3.2_latest__N120
7,real_mixed_75,llama3.2:latest_baseline,1.5307321548461914,85.3,0,direct_json,0.8,0.8,0.8000000000000002,0.0,0,17.3,22.7,35.6,258.2,258.2,25373.8,65.9,4018.4,1925.8,"{'timestamp': '2026-09-09T03:11:45.079786+00:00', 'model_version': 'llama3.2:latest', 'prompt_hash': 'a6af280e'}",llama3.2_latest__N120
7,real_mixed_76,llama3.2:latest_baseline,1.0316369533538818,90.76,0,direct_json,0.0,0.0,0.0,0.0,0,18.0,19.2,53.4,258.2,258.2,25475.7,66.1,4018.4,1925.8,"{'timestamp': '2026-09-09T03:11:46.116050+00:00', 'model_version': 'llama3.2:latest', 'prompt_hash': 'a6af280e'}",llama3.2_latest__N120
7,real_mixed_77,llama3.2:latest_baseline,2.0387887954711914,84.68,0,direct_json,0.5555555555555556,0.217391304347826,0.3125,0.0,0,15.5,21.4,26.4,258.2,258.2,25343.4,65.8,4018.4,1925.8,"{'timestamp': '2026-09-09T03:11:48.186318+00:00', 'model_version': 'llama3.2:latest', 'prompt_hash': 'a6af280e'}",llama3.2_latest__N120
7,real_mixed_78,llama3.2:latest_baseline,2.573453664779663,81.59,0,direct_json,0.375,0.4285714285714285,0.3999999999999999,0.25,2,16.3,27.6,21.0,258.2,258.2,25465.5,66.1,4018.4,1925.8,"{'timestamp': '2026-09-09T03:11:50.782484+00:00', 'model_version': 'llama3.2:latest', 'prompt_hash': 'a6af280e'}",llama3.2_latest__N120
7,real_mixed_80,llama3.2:latest_baseline,4.571403980255127,82.44,0,direct_json,0.6875,0.7857142857142857,0.7333333333333334,0.0,0,15.2,22.7,11.9,258.2,258.2,25501.7,66.2,4018.4,1925.8,"{'timestamp': '2026-09-09T03:11:57.985419+00:00', 'model_version': 'llama3.2:latest', 'prompt_hash': 'a6af280e'}",llama3.2_latest__N120
8,real_mixed_81,llama3.2:latest_baseline,1.5368552207946775,85.52,0,direct_json,1.0,0.5,0.6666666666666666,0.0,0,15.3,20.0,34.7,258.4,258.4,25448.0,66.1,4018.4,1925.8,"{'timestamp': '2026-09-09T03:11:59.568578+00:00', 'model_version': 'llama3.2:latest', 'prompt_hash': 'a6af280e'}",llama3.2_latest__N120
8,real_mixed_82,llama3.2:latest_baseline,2.0410068035125732,84.84,0,direct_json,0.9230769230769232,0.7058823529411765,0.8000000000000002,0.0,0,11.9,19.2,26.2,258.4,258.4,25434.6,66.0,4018.4,1925.8,"{'timestamp': '2026-09-09T03:12:01.646977+00:00', 'model_version': 'llama3.2:latest', 'prompt_hash': 'a6af280e'}",llama3.2_latest__N120
8,real_mixed_83,llama3.2:latest_baseline,1.520326852798462,84.63,0,direct_json,0.8461538461538461,0.8461538461538461,0.8461538461538461,0.0,0,16.1,19.1,32.8,258.4,258.4,25403.7,65.9,4018.4,1925.8,"{'timestamp': '2026-09-09T03:12:03.183573+00:00', 'model_version': 'llama3.2:latest', 'prompt_hash': 'a6af280e'}",llama3.2_latest__N120
8,real_mixed_84,llama3.2:latest_baseline,1.5476951599121094,84.96,0,direct_json,1.0,0.6363636363636364,0.7777777777777778,0.0,0,22.1,28.3,35.9,258.4,258.4,25451.9,66.0,4018.4,1925.8,"{'timestamp': '2026-09-09T03:12:04.759514+00:00', 'model_version': 'llama3.2:latest', 'prompt_hash': 'a6af280e'}",llama3.2_latest__N120
8,real_mixed_85,llama3.2:latest_baseline,1.5423429012298584,86.58,0,direct_json,0.8571428571428571,0.6666666666666666,0.75,0.1428571428571428,1,20.1,22.7,36.4,258.4,258.4,25452.2,66.0,4018.4,1925.8,"{'timestamp': '2026-09-09T03:12:06.326472+00:00', 'model_version': 'llama3.2:latest', 'prompt_hash': 'a6af280e'}",llama3.2_latest__N120
8,real_mixed_86,llama3.2:latest_baseline,1.5253498554229736,85.14,0,direct_json,0.5555555555555556,0.3571428571428571,0.4347826086956521,0.0,0,16.0,21.3,35.2,258.4,258.4,25370.9,65.9,4018.4,1925.8,"{'timestamp': '2026-09-09T03:12:07.882647+00:00', 'model_version': 'llama3.2:latest', 'prompt_hash': 'a6af280e'}",llama3.2_latest__N120
8,real_mixed_87,llama3.2:latest_baseline,1.535430908203125,84.63,0,direct_json,0.6666666666666666,0.3636363636363636,0.4705882352941177,0.0,0,17.5,20.8,35.7,258.4,258.4,25403.8,65.9,4018.4,1925.8,"{'timestamp': '2026-09-09T03:12:09.439223+00:00', 'model_version': 'llama3.2:latest', 'prompt_hash': 'a6af280e'}",llama3.2_latest__N120
8,real_mixed_88,llama3.2:latest_baseline,1.5514049530029297,89.0,0,direct_json,0.8571428571428571,0.75,0.7999999999999999,0.0,0,19.3,19.7,35.1,258.4,258.4,25455.8,66.0,4018.4,1925.8,"{'timestamp': '2026-09-09T03:12:11.010299+00:00', 'model_version': 'llama3.2:latest', 'prompt_hash': 'a6af280e'}",llama3.2_latest__N120
8,real_mixed_89,llama3.2:latest_baseline,1.538139820098877,85.67,0,direct_json,0.6,0.2142857142857142,0.3157894736842105,0.0,0,15.4,20.4,35.6,258.4,258.4,25379.5,65.9,4018.4,1925.8,"{'timestamp': '2026-09-09T03:12:12.569946+00:00', 'model_version': 'llama3.2:latest', 'prompt_hash': 'a6af280e'}",llama3.2_latest__N120
8,real_mixed_90,llama3.2:latest_baseline,2.025081157684326,84.15,0,direct_json,0.7647058823529411,0.5909090909090909,0.6666666666666667,0.0,0,18.7,19.9,26.2,258.4,258.4,25379.3,65.9,4018.4,1925.8,"{'timestamp': '2026-09-09T03:12:14.624997+00:00', 'model_version': 'llama3.2:latest', 'prompt_hash': 'a6af280e'}",llama3.2_latest__N120
9,real_mixed_91,llama3.2:latest_baseline,2.036336898803711,84.67,0,direct_json,1.0,0.5882352941176471,0.7407407407407407,0.0,0,19.7,26.3,26.2,258.6,258.6,25413.7,65.9,4018.4,1925.8,"{'timestamp': '2026-09-09T03:12:16.704588+00:00', 'model_version': 'llama3.2:latest', 'prompt_hash': 'a6af280e'}",llama3.2_latest__N120
9,real_mixed_92,llama3.2:latest_baseline,1.5467588901519775,85.72,0,direct_json,0.7777777777777778,0.3333333333333333,0.4666666666666666,0.0,0,16.7,17.3,35.7,258.6,258.6,25588.4,66.3,4018.4,1925.8,"{'timestamp': '2026-09-09T03:12:18.291077+00:00', 'model_version': 'llama3.2:latest', 'prompt_hash': 'a6af280e'}",llama3.2_latest__N120
9,real_mixed_93,llama3.2:latest_baseline,1.521557092666626,84.62,0,direct_json,0.8333333333333334,0.6666666666666666,0.7407407407407408,0.0,0,15.7,19.4,35.0,258.6,258.6,25558.8,66.2,4018.4,1925.8,"{'timestamp': '2026-09-09T03:12:19.837429+00:00', 'model_version': 'llama3.2:latest', 'prompt_hash': 'a6af280e'}",llama3.2_latest__N120
9,real_mixed_94,llama3.2:latest_baseline,2.0415947437286377,84.17,0,direct_json,0.6666666666666666,0.4545454545454545,0.5405405405405405,0.0,0,21.4,28.1,26.7,258.6,258.6,25513.2,66.1,4018.4,1925.8,"{'timestamp': '2026-09-09T03:12:21.909637+00:00', 'model_version': 'llama3.2:latest', 'prompt_hash': 'a6af280e'}",llama3.2_latest__N120
9,real_mixed_95,llama3.2:latest_baseline,1.5492982864379885,85.51,0,direct_json,1.0,0.875,0.9333333333333332,0.0,0,15.4,16.7,34.7,258.6,258.6,25587.6,66.2,4018.4,1925.8,"{'timestamp': '2026-09-09T03:12:23.474709+00:00', 'model_version': 'llama3.2:latest', 'prompt_hash': 'a6af280e'}",llama3.2_latest__N120
9,real_mixed_96,llama3.2:latest_baseline,1.54640793800354,84.31,0,direct_json,0.7,0.5,0.5833333333333334,0.0,0,21.4,24.2,34.8,258.6,258.6,25570.3,66.1,4018.4,1925.8,"{'timestamp': '2026-09-09T03:12:25.051907+00:00', 'model_version': 'llama3.2:latest', 'prompt_hash': 'a6af280e'}",llama3.2_latest__N120
9,real_mixed_97,llama3.2:latest_baseline,1.5391438007354736,85.0,0,direct_json,1.0,0.9230769230769232,0.96,0.0,0,19.4,20.0,35.5,258.6,258.6,25516.0,66.0,4018.4,1925.8,"{'timestamp': '2026-09-09T03:12:26.611705+00:00', 'model_version': 'llama3.2:latest', 'prompt_hash': 'a6af280e'}",llama3.2_latest__N120
9,real_mixed_98,llama3.2:latest_baseline,3.0654501914978027,83.3,0,direct_json,0.85,0.5,0.6296296296296295,0.0,0,21.2,28.4,17.6,258.6,258.6,25381.4,65.8,4018.4,1925.8,"{'timestamp': '2026-09-09T03:12:29.714266+00:00', 'model_version': 'llama3.2:latest', 'prompt_hash': 'a6af280e'}",llama3.2_latest__N120
9,real_mixed_99,llama3.2:latest_baseline,1.0283160209655762,88.93,0,direct_json,0.6666666666666666,0.6666666666666666,0.6666666666666666,0.0,0,24.6,28.3,53.5,258.6,258.6,25468.6,66.0,4018.4,1925.8,"{'timestamp': '2026-09-09T03:12:30.759329+00:00', 'model_version': 'llama3.2:latest', 'prompt_hash': 'a6af280e'}",llama3.2_latest__N120
9,real_mixed_100,llama3.2:latest_baseline,2.0421698093414307,84.3,0,direct_json,0.9411764705882352,0.7619047619047619,0.8421052631578947,0.0,0,16.8,23.6,26.9,258.6,258.6,25402.2,65.8,4018.4,1925.8,"{'timestamp': '2026-09-09T03:12:32.838011+00:00', 'model_version': 'llama3.2:latest', 'prompt_hash': 'a6af280e'}",llama3.2_latest__N120
10,real_mixed_102,llama3.2:latest_baseline,1.0324029922485352,91.92,0,direct_json,1.0,1.0,1.0,0.0,0,13.8,15.1,53.7,258.7,258.7,25353.8,65.7,4018.4,1925.8,"{'timestamp': '2026-09-09T03:12:35.464697+00:00', 'model_version': 'llama3.2:latest', 'prompt_hash': 'a6af280e'}",llama3.2_latest__N120
10,real_mixed_103,llama3.2:latest_baseline,1.0331339836120603,90.9,0,direct_json,1.0,1.0,1.0,0.0,0,20.0,20.2,54.1,258.7,258.7,25392.4,65.8,4018.4,1925.8,"{'timestamp': '2026-09-09T03:12:36.513057+00:00', 'model_version': 'llama3.2:latest', 'prompt_hash': 'a6af280e'}",llama3.2_latest__N120
10,real_mixed_104,llama3.2:latest_baseline,1.5349359512329102,84.79,0,direct_json,0.9166666666666666,0.5238095238095238,0.6666666666666667,0.0,0,22.5,27.4,36.0,258.7,258.7,25351.2,65.7,4018.4,1925.8,"{'timestamp': '2026-09-09T03:12:38.076065+00:00', 'model_version': 'llama3.2:latest', 'prompt_hash': 'a6af280e'}",llama3.2_latest__N120
10,real_mixed_105,llama3.2:latest_baseline,1.542245864868164,85.27,0,direct_json,0.7142857142857143,0.3333333333333333,0.4545454545454545,0.1428571428571428,1,17.1,20.1,35.3,258.7,258.7,25594.4,66.2,4018.4,1925.8,"{'timestamp': '2026-09-09T03:12:39.652031+00:00', 'model_version': 'llama3.2:latest', 'prompt_hash': 'a6af280e'}",llama3.2_latest__N120
10,real_mixed_106,llama3.2:latest_baseline,1.033397912979126,88.64,0,direct_json,1.0,1.0,1.0,0.0,0,12.8,15.1,52.4,258.7,258.7,25560.0,66.1,4018.4,1925.8,"{'timestamp': '2026-09-09T03:12:40.697204+00:00', 'model_version': 'llama3.2:latest', 'prompt_hash': 'a6af280e'}",llama3.2_latest__N120
10,real_mixed_107,llama3.2:latest_baseline,3.0658960342407227,82.81,0,direct_json,0.8,0.8571428571428571,0.8275862068965518,0.0,0,16.6,25.9,18.1,258.7,258.7,25374.1,65.7,4018.4,1925.8,"{'timestamp': '2026-09-09T03:12:43.780457+00:00', 'model_version': 'llama3.2:latest', 'prompt_hash': 'a6af280e'}",llama3.2_latest__N120
10,real_mixed_108,llama3.2:latest_baseline,1.5410301685333252,86.09,0,direct_json,0.6666666666666666,0.5,0.5714285714285715,0.0,0,20.2,26.1,36.6,258.7,258.7,25358.1,65.7,4018.4,1925.8,"{'timestamp': '2026-09-09T03:12:45.338240+00:00', 'model_version': 'llama3.2:latest', 'prompt_hash': 'a6af280e'}",llama3.2_latest__N120
10,real_mixed_109,llama3.2:latest_baseline,3.059053897857666,83.81,0,direct_json,0.8333333333333334,0.6896551724137931,0.7547169811320755,0.0416666666666666,1,18.5,30.0,17.8,258.7,258.7,25433.1,65.8,4018.4,1925.8,"{'timestamp': '2026-09-09T03:12:48.447731+00:00', 'model_version': 'llama3.2:latest', 'prompt_hash': 'a6af280e'}",llama3.2_latest__N120
10,real_mixed_110,llama3.2:latest_baseline,2.040574073791504,84.24,0,direct_json,0.875,0.2916666666666667,0.4375,0.0,0,15.1,24.0,26.2,258.7,258.7,25432.5,65.8,4018.4,1925.8,"{'timestamp': '2026-09-09T03:12:50.531385+00:00', 'model_version': 'llama3.2:latest', 'prompt_hash': 'a6af280e'}",llama3.2_latest__N120
11,real_mixed_111,llama3.2:latest_baseline,1.5393850803375244,88.59,0,direct_json,0.7777777777777778,0.2058823529411764,0.3255813953488372,0.0,0,14.4,16.7,34.5,258.9,258.9,25425.5,65.8,4018.4,1925.8,"{'timestamp': '2026-09-09T03:12:52.141137+00:00', 'model_version': 'llama3.2:latest', 'prompt_hash': 'a6af280e'}",llama3.2_latest__N120
11,real_mixed_112,llama3.2:latest_baseline,1.0371990203857422,89.95,0,direct_json,1.0,0.25,0.4,0.0,0,12.9,13.1,52.1,258.9,258.9,25377.6,65.7,4018.4,1925.8,"{'timestamp': '2026-09-09T03:12:53.189358+00:00', 'model_version': 'llama3.2:latest', 'prompt_hash': 'a6af280e'}",llama3.2_latest__N120
11,real_mixed_113,llama3.2:latest_baseline,1.538278102874756,85.13,0,direct_json,0.6,0.3,0.4,0.0,0,26.6,30.0,35.6,258.9,258.9,25346.3,65.6,4018.4,1925.8,"{'timestamp': '2026-09-09T03:12:54.753538+00:00', 'model_version': 'llama3.2:latest', 'prompt_hash': 'a6af280e'}",llama3.2_latest__N120
11,real_mixed_114,llama3.2:latest_baseline,2.0490498542785645,84.71,0,direct_json,0.9090909090909092,0.6666666666666666,0.7692307692307692,0.0,0,16.7,19.6,26.1,258.9,258.9,25530.3,66.0,4018.4,1925.8,"{'timestamp': '2026-09-09T03:12:56.837764+00:00', 'model_version': 'llama3.2:latest', 'prompt_hash': 'a6af280e'}",llama3.2_latest__N120
11,real_mixed_115,llama3.2:latest_baseline,1.0350852012634275,89.24,0,direct_json,0.6666666666666666,0.5,0.5714285714285715,0.0,0,7.0,13.9,53.4,258.9,258.9,25447.0,65.8,4018.4,1925.8,"{'timestamp': '2026-09-09T03:12:57.886902+00:00', 'model_version': 'llama3.2:latest', 'prompt_hash': 'a6af280e'}",llama3.2_latest__N120
11,real_mixed_116,llama3.2:latest_baseline,1.542128086090088,85.61,0,direct_json,0.5,0.5,0.5,0.25,1,20.2,24.3,35.6,258.9,258.9,25469.9,65.9,4018.4,1925.8,"{'timestamp': '2026-09-09T03:12:59.441930+00:00', 'model_version': 'llama3.2:latest', 'prompt_hash': 'a6af280e'}",llama3.2_latest__N120
11,real_mixed_117,llama3.2:latest_baseline,2.5573740005493164,84.48,0,direct_json,0.7333333333333333,0.7857142857142857,0.7586206896551724,0.0,0,14.7,18.3,21.6,258.9,258.9,25500.2,65.9,4018.4,1925.8,"{'timestamp': '2026-09-09T03:13:02.027119+00:00', 'model_version': 'llama3.2:latest', 'prompt_hash': 'a6af280e'}",llama3.2_latest__N120
11,real_mixed_118,llama3.2:latest_baseline,1.0324409008026123,86.43,0,direct_json,1.0,0.5,0.6666666666666666,0.0,0,5.3,10.6,53.0,258.9,258.9,25411.5,65.8,4018.4,1925.8,"{'timestamp': '2026-09-09T03:13:03.080123+00:00', 'model_version': 'llama3.2:latest', 'prompt_hash': 'a6af280e'}",llama3.2_latest__N120
11,real_mixed_119,llama3.2:latest_baseline,1.5330750942230225,86.02,0,direct_json,0.6666666666666666,0.5,0.5714285714285715,0.0,0,20.9,25.1,36.2,258.9,258.9,25536.0,66.0,4018.4,1925.8,"{'timestamp': '2026-09-09T03:13:04.631484+00:00', 'model_version': 'llama3.2:latest', 'prompt_hash': 'a6af280e'}",llama3.2_latest__N120
11,real_mixed_120,llama3.2:latest_baseline,1.5397319793701172,86.63,0,direct_json,0.8888888888888888,0.6666666666666666,0.761904761904762,0.0,0,14.9,19.1,35.5,258.9,258.9,25568.1,66.0,4018.4,1925.8,"{'timestamp': '2026-09-09T03:13:06.201010+00:00', 'model_version': 'llama3.2:latest', 'prompt_hash': 'a6af280e'}",llama3.2_latest__N120
0,real_mixed_2,llama3.2:latest_kb_rag,2.036198139190674,83.34,0,direct_json,0.9,0.5294117647058824,0.6666666666666667,0.0,0,18.4,29.7,26.7,492.9,492.9,25697.2,66.3,4018.4,1925.8,"{'timestamp': '2026-09-09T03:13:11.098962+00:00', 'model_version': 'llama3.2:latest', 'prompt_hash': 'a6af280e'}",llama3.2_latest__N120
0,real_mixed_3,llama3.2:latest_kb_rag,3.051790714263916,82.77,0,direct_json,0.6875,0.6470588235294118,0.6666666666666667,0.0,0,15.2,17.3,17.8,493.1,493.1,25422.7,65.7,4018.4,1925.8,"{'timestamp': '2026-09-09T03:13:14.266934+00:00', 'model_version': 'llama3.2:latest', 'prompt_hash': 'a6af280e'}",llama3.2_latest__N120
0,real_mixed_4,llama3.2:latest_kb_rag,2.5475270748138428,81.99,0,direct_json,0.7333333333333333,0.7333333333333333,0.7333333333333333,0.0,0,21.0,30.5,23.7,496.5,498.8,25473.5,65.8,4018.4,1925.8,"{'timestamp': '2026-09-09T03:13:16.938329+00:00', 'model_version': 'llama3.2:latest', 'prompt_hash': 'a6af280e'}",llama3.2_latest__N120
0,real_mixed_5,llama3.2:latest_kb_rag,2.557339906692505,81.97,0,direct_json,0.5789473684210527,0.5238095238095238,0.5500000000000002,0.0,0,16.8,22.0,21.4,499.8,499.8,25470.5,65.7,4018.4,1925.8,"{'timestamp': '2026-09-09T03:13:19.609602+00:00', 'model_version': 'llama3.2:latest', 'prompt_hash': 'a6af280e'}",llama3.2_latest__N120
0,real_mixed_6,llama3.2:latest_kb_rag,2.551033735275269,82.46,0,direct_json,0.8636363636363636,0.95,0.9047619047619048,0.0,0,20.4,23.4,21.6,500.2,500.2,25583.9,65.9,4018.4,1925.8,"{'timestamp': '2026-09-09T03:13:22.284255+00:00', 'model_version': 'llama3.2:latest', 'prompt_hash': 'a6af280e'}",llama3.2_latest__N120
0,real_mixed_7,llama3.2:latest_kb_rag,2.5524449348449707,83.04,0,direct_json,0.9090909090909092,0.5,0.6451612903225806,0.0,0,18.6,26.9,21.1,500.4,500.4,25452.4,65.6,4018.4,1925.8,"{'timestamp': '2026-09-09T03:13:24.945735+00:00', 'model_version': 'llama3.2:latest', 'prompt_hash': 'a6af280e'}",llama3.2_latest__N120
0,real_mixed_8,llama3.2:latest_kb_rag,1.538494110107422,82.91,0,direct_json,0.6666666666666666,0.2666666666666666,0.3809523809523809,0.0,0,20.2,32.0,36.6,500.7,500.8,25604.8,65.9,4018.4,1925.8,"{'timestamp': '2026-09-09T03:13:26.601817+00:00', 'model_version': 'llama3.2:latest', 'prompt_hash': 'a6af280e'}",llama3.2_latest__N120
0,real_mixed_9,llama3.2:latest_kb_rag,2.047930955886841,83.2,0,direct_json,0.8,0.5,0.6153846153846154,0.0,0,18.3,22.1,26.8,501.0,501.0,25517.3,65.8,4018.4,1925.8,"{'timestamp': '2026-09-09T03:13:28.772537+00:00', 'model_version': 'llama3.2:latest', 'prompt_hash': 'a6af280e'}",llama3.2_latest__N120
0,real_mixed_10,llama3.2:latest_kb_rag,2.0449399948120117,83.12,0,direct_json,1.0,0.7142857142857143,0.8333333333333333,0.0,0,18.1,28.7,27.4,501.5,501.5,25617.2,66.0,4018.4,1925.8,"{'timestamp': '2026-09-09T03:13:30.930636+00:00', 'model_version': 'llama3.2:latest', 'prompt_hash': 'a6af280e'}",llama3.2_latest__N120
1,real_mixed_11,llama3.2:latest_kb_rag,4.063963174819946,80.52,0,direct_json,0.7,0.7777777777777778,0.7368421052631577,0.1,3,18.5,23.7,13.5,503.4,503.5,25460.4,65.6,4018.4,1925.8,"{'timestamp': '2026-09-09T03:13:35.129357+00:00', 'model_version': 'llama3.2:latest', 'prompt_hash': 'a6af280e'}",llama3.2_latest__N120
1,real_mixed_12,llama3.2:latest_kb_rag,2.040642261505127,81.6,0,direct_json,0.4666666666666667,0.5833333333333334,0.5185185185185186,0.4,6,21.6,31.3,27.0,503.5,503.5,25577.1,65.8,4018.4,1925.8,"{'timestamp': '2026-09-09T03:13:37.280204+00:00', 'model_version': 'llama3.2:latest', 'prompt_hash': 'a6af280e'}",llama3.2_latest__N120
1,real_mixed_13,llama3.2:latest_kb_rag,3.5718319416046143,81.76,0,direct_json,0.6956521739130435,0.5925925925925926,0.6399999999999999,0.0,0,17.8,28.6,15.4,503.5,503.6,25551.9,65.8,4018.4,1925.8,"{'timestamp': '2026-09-09T03:13:40.985888+00:00', 'model_version': 'llama3.2:latest', 'prompt_hash': 'a6af280e'}",llama3.2_latest__N120
1,real_mixed_14,llama3.2:latest_kb_rag,3.061262845993042,80.33,0,direct_json,0.8461538461538461,0.7333333333333333,0.7857142857142856,0.0,0,19.2,23.5,17.8,503.4,503.5,25510.3,65.7,4018.4,1925.8,"{'timestamp': '2026-09-09T03:13:44.157636+00:00', 'model_version': 'llama3.2:latest', 'prompt_hash': 'a6af280e'}",llama3.2_latest__N120
1,real_mixed_15,llama3.2:latest_kb_rag,2.5408639907836914,82.77,0,direct_json,0.7619047619047619,0.7619047619047619,0.7619047619047619,0.0,0,23.0,27.6,21.2,503.7,503.7,25524.4,65.7,4018.4,1925.8,"{'timestamp': '2026-09-09T03:13:46.822435+00:00', 'model_version': 'llama3.2:latest', 'prompt_hash': 'a6af280e'}",llama3.2_latest__N120
1,real_mixed_16,llama3.2:latest_kb_rag,2.050110101699829,82.43,0,direct_json,0.9,0.75,0.8181818181818182,0.0,0,19.1,22.6,27.2,503.7,503.7,25511.4,65.7,4018.4,1925.8,"{'timestamp': '2026-09-09T03:13:48.987530+00:00', 'model_version': 'llama3.2:latest', 'prompt_hash': 'a6af280e'}",llama3.2_latest__N120
1,real_mixed_17,llama3.2:latest_kb_rag,1.029346942901611,86.32,0,direct_json,1.0,0.6,0.7499999999999999,0.0,0,17.9,24.0,54.1,503.9,503.9,25572.6,65.8,4018.4,1925.8,"{'timestamp': '2026-09-09T03:13:50.120772+00:00', 'model_version': 'llama3.2:latest', 'prompt_hash': 'a6af280e'}",llama3.2_latest__N120
1,real_mixed_18,llama3.2:latest_kb_rag,2.0421576499938965,82.81,0,direct_json,0.8,0.5714285714285714,0.6666666666666666,0.0,0,18.4,22.0,30.9,504.1,504.1,25579.5,65.8,4018.4,1925.8,"{'timestamp': '2026-09-09T03:13:52.278626+00:00', 'model_version': 'llama3.2:latest', 'prompt_hash': 'a6af280e'}",llama3.2_latest__N120
1,real_mixed_19,llama3.2:latest_kb_rag,2.035362958908081,84.26,0,direct_json,1.0,0.8181818181818182,0.9,0.0,0,12.3,15.2,27.3,504.1,504.1,25472.5,65.6,4018.4,1925.8,"{'timestamp': '2026-09-09T03:13:54.428852+00:00', 'model_version': 'llama3.2:latest', 'prompt_hash': 'a6af280e'}",llama3.2_latest__N120
1,real_mixed_20,llama3.2:latest_kb_rag,2.02620792388916,83.03,0,direct_json,0.7692307692307693,0.5263157894736842,0.625,0.0,0,8.2,18.6,27.0,504.8,504.8,25548.9,65.7,4018.4,1925.8,"{'timestamp': '2026-09-09T03:13:56.568228+00:00', 'model_version': 'llama3.2:latest', 'prompt_hash': 'a6af280e'}",llama3.2_latest__N120
2,real_mixed_22,llama3.2:latest_kb_rag,1.0271179676055908,85.04,0,direct_json,0.5,1.0,0.6666666666666666,0.0,0,16.6,16.7,54.1,505.9,505.9,25461.8,65.5,4018.4,1925.8,"{'timestamp': '2026-09-09T03:13:59.376325+00:00', 'model_version': 'llama3.2:latest', 'prompt_hash': 'a6af280e'}",llama3.2_latest__N120
2,real_mixed_23,llama3.2:latest_kb_rag,2.5568249225616455,76.41,0,direct_json,0.6111111111111112,0.6470588235294118,0.6285714285714287,0.1111111111111111,2,25.2,65.6,22.3,506.0,506.0,25643.8,65.9,4018.4,1925.8,"{'timestamp': '2026-09-09T03:14:02.046558+00:00', 'model_version': 'llama3.2:latest', 'prompt_hash': 'a6af280e'}",llama3.2_latest__N120
2,real_mixed_24,llama3.2:latest_kb_rag,2.050936698913574,84.09,0,direct_json,1.0,0.5454545454545454,0.7058823529411764,0.0,0,55.1,75.8,25.6,505.9,505.9,25447.8,65.5,4018.4,1925.8,"{'timestamp': '2026-09-09T03:14:04.271744+00:00', 'model_version': 'llama3.2:latest', 'prompt_hash': 'a6af280e'}",llama3.2_latest__N120
2,real_mixed_25,llama3.2:latest_kb_rag,2.0489389896392822,83.02,0,direct_json,0.6666666666666666,0.4705882352941176,0.5517241379310345,0.0,0,17.0,20.5,26.8,506.2,506.2,25492.9,65.6,4018.4,1925.8,"{'timestamp': '2026-09-09T03:14:06.439894+00:00', 'model_version': 'llama3.2:latest', 'prompt_hash': 'a6af280e'}",llama3.2_latest__N120
2,real_mixed_26,llama3.2:latest_kb_rag,3.557708978652954,82.22,0,direct_json,0.75,0.7142857142857143,0.7317073170731706,0.0,0,16.6,23.9,15.5,506.6,506.6,25591.8,65.8,4018.4,1925.8,"{'timestamp': '2026-09-09T03:14:10.147760+00:00', 'model_version': 'llama3.2:latest', 'prompt_hash': 'a6af280e'}",llama3.2_latest__N120
2,real_mixed_28,llama3.2:latest_kb_rag,2.046367883682251,82.88,0,direct_json,0.8333333333333334,0.5555555555555556,0.6666666666666667,0.0,0,17.1,22.7,26.9,506.9,506.9,25535.2,65.7,4018.4,1925.8,"{'timestamp': '2026-09-09T03:14:16.502698+00:00', 'model_version': 'llama3.2:latest', 'prompt_hash': 'a6af280e'}",llama3.2_latest__N120
2,real_mixed_29,llama3.2:latest_kb_rag,3.052712917327881,82.67,0,direct_json,0.8,0.8,0.8000000000000002,0.0,0,15.9,20.8,17.9,507.0,507.0,25508.9,65.6,4018.4,1925.8,"{'timestamp': '2026-09-09T03:14:19.692515+00:00', 'model_version': 'llama3.2:latest', 'prompt_hash': 'a6af280e'}",llama3.2_latest__N120
2,real_mixed_30,llama3.2:latest_kb_rag,1.5511629581451416,83.86,0,direct_json,1.0,0.4615384615384615,0.631578947368421,0.0,0,19.3,20.7,36.0,509.3,509.3,25508.5,65.6,4018.4,1925.8,"{'timestamp': '2026-09-09T03:14:21.355075+00:00', 'model_version': 'llama3.2:latest', 'prompt_hash': 'a6af280e'}",llama3.2_latest__N120
3,real_mixed_31,llama3.2:latest_kb_rag,1.0318541526794434,86.27,0,direct_json,1.0,0.6,0.7499999999999999,0.0,0,19.2,20.3,53.4,509.4,509.4,25457.7,65.5,4018.4,1925.8,"{'timestamp': '2026-09-09T03:14:22.520367+00:00', 'model_version': 'llama3.2:latest', 'prompt_hash': 'a6af280e'}",llama3.2_latest__N120
3,real_mixed_32,llama3.2:latest_kb_rag,1.5404462814331057,82.55,0,direct_json,0.8181818181818182,0.5625,0.6666666666666666,0.0,0,29.5,39.4,36.3,509.6,509.6,25440.9,65.5,4018.4,1925.8,"{'timestamp': '2026-09-09T03:14:24.189034+00:00', 'model_version': 'llama3.2:latest', 'prompt_hash': 'a6af280e'}",llama3.2_latest__N120
3,real_mixed_33,llama3.2:latest_kb_rag,2.045322895050049,82.84,0,direct_json,0.9,0.6,0.7200000000000001,0.0,0,21.3,22.9,27.2,509.6,509.6,25536.3,65.6,4018.4,1925.8,"{'timestamp': '2026-09-09T03:14:26.358151+00:00', 'model_version': 'llama3.2:latest', 'prompt_hash': 'a6af280e'}",llama3.2_latest__N120
3,real_mixed_34,llama3.2:latest_kb_rag,2.042248010635376,83.18,0,direct_json,0.875,0.5,0.6363636363636364,0.0,0,21.9,25.4,27.0,509.6,509.6,25618.8,65.8,4018.4,1925.8,"{'timestamp': '2026-09-09T03:14:28.514151+00:00', 'model_version': 'llama3.2:latest', 'prompt_hash': 'a6af280e'}",llama3.2_latest__N120
3,real_mixed_35,llama3.2:latest_kb_rag,2.0542051792144775,83.06,0,direct_json,1.0,0.8333333333333334,0.9090909090909092,0.0,0,18.8,31.3,27.1,509.5,509.5,25609.2,65.8,4018.4,1925.8,"{'timestamp': '2026-09-09T03:14:30.689733+00:00', 'model_version': 'llama3.2:latest', 'prompt_hash': 'a6af280e'}",llama3.2_latest__N120
3,real_mixed_36,llama3.2:latest_kb_rag,2.552351236343384,82.99,0,direct_json,0.5909090909090909,0.5909090909090909,0.5909090909090909,0.0,0,12.9,17.6,21.7,509.6,509.6,25476.5,65.5,4018.4,1925.8,"{'timestamp': '2026-09-09T03:14:33.370693+00:00', 'model_version': 'llama3.2:latest', 'prompt_hash': 'a6af280e'}",llama3.2_latest__N120
3,real_mixed_37,llama3.2:latest_kb_rag,2.050611972808838,82.59,0,direct_json,0.7857142857142857,0.7333333333333333,0.7586206896551724,0.0,0,16.5,20.5,27.6,509.6,509.6,25452.8,65.5,4018.4,1925.8,"{'timestamp': '2026-09-09T03:14:35.540558+00:00', 'model_version': 'llama3.2:latest', 'prompt_hash': 'a6af280e'}",llama3.2_latest__N120
3,real_mixed_38,llama3.2:latest_kb_rag,2.040992975234986,81.49,0,direct_json,0.8333333333333334,0.5555555555555556,0.6666666666666667,0.0833333333333333,1,22.7,29.0,27.1,509.6,509.6,25478.1,65.5,4018.4,1925.8,"{'timestamp': '2026-09-09T03:14:37.695562+00:00', 'model_version': 'llama3.2:latest', 'prompt_hash': 'a6af280e'}",llama3.2_latest__N120
3,real_mixed_39,llama3.2:latest_kb_rag,1.5291531085968018,82.19,0,direct_json,0.8,0.5,0.6153846153846154,0.0,0,23.4,30.1,36.2,509.5,509.6,25476.5,65.5,4018.4,1925.8,"{'timestamp': '2026-09-09T03:14:39.320679+00:00', 'model_version': 'llama3.2:latest', 'prompt_hash': 'a6af280e'}",llama3.2_latest__N120
3,real_mixed_40,llama3.2:latest_kb_rag,1.5449538230895996,83.99,0,direct_json,1.0,0.4666666666666667,0.6363636363636364,0.0,0,17.9,25.6,36.2,509.5,509.5,25553.2,65.7,4018.4,1925.8,"{'timestamp': '2026-09-09T03:14:40.982483+00:00', 'model_version': 'llama3.2:latest', 'prompt_hash': 'a6af280e'}",llama3.2_latest__N120
4,real_mixed_42,llama3.2:latest_kb_rag,3.036283016204834,81.67,0,direct_json,0.84,0.7241379310344828,0.7777777777777777,0.04,1,21.0,32.7,18.3,509.8,509.8,25591.3,65.8,4018.4,1925.8,"{'timestamp': '2026-09-09T03:14:46.302866+00:00', 'model_version': 'llama3.2:latest', 'prompt_hash': 'a6af280e'}",llama3.2_latest__N120
4,real_mixed_43,llama3.2:latest_kb_rag,4.573811054229736,75.79,0,direct_json,0.72,0.8181818181818182,0.7659574468085107,0.04,1,19.2,26.5,11.9,509.7,509.8,25623.6,65.8,4018.4,1925.8,"{'timestamp': '2026-09-09T03:14:50.997338+00:00', 'model_version': 'llama3.2:latest', 'prompt_hash': 'a6af280e'}",llama3.2_latest__N120
4,real_mixed_44,llama3.2:latest_kb_rag,2.54642105102539,82.59,0,direct_json,0.75,0.6,0.6666666666666665,0.0,0,13.7,15.2,21.9,509.8,509.8,25513.0,65.6,4018.4,1925.8,"{'timestamp': '2026-09-09T03:14:53.654107+00:00', 'model_version': 'llama3.2:latest', 'prompt_hash': 'a6af280e'}",llama3.2_latest__N120
4,real_mixed_45,llama3.2:latest_kb_rag,2.048252820968628,82.23,0,direct_json,0.8181818181818182,0.5625,0.6666666666666666,0.0909090909090909,1,20.4,21.9,26.8,509.8,509.8,25510.7,65.5,4018.4,1925.8,"{'timestamp': '2026-09-09T03:14:55.821953+00:00', 'model_version': 'llama3.2:latest', 'prompt_hash': 'a6af280e'}",llama3.2_latest__N120
4,real_mixed_46,llama3.2:latest_kb_rag,1.5424127578735352,84.05,0,direct_json,0.2857142857142857,0.1333333333333333,0.1818181818181818,0.2857142857142857,2,19.6,23.3,35.6,509.8,509.8,25591.7,65.7,4018.4,1925.8,"{'timestamp': '2026-09-09T03:14:57.476037+00:00', 'model_version': 'llama3.2:latest', 'prompt_hash': 'a6af280e'}",llama3.2_latest__N120
4,real_mixed_47,llama3.2:latest_kb_rag,3.060401201248169,82.23,0,direct_json,0.8846153846153846,0.8214285714285714,0.8518518518518519,0.0384615384615384,1,16.8,21.7,18.4,509.7,509.8,25556.9,65.6,4018.4,1925.8,"{'timestamp': '2026-09-09T03:15:00.650815+00:00', 'model_version': 'llama3.2:latest', 'prompt_hash': 'a6af280e'}",llama3.2_latest__N120
4,real_mixed_48,llama3.2:latest_kb_rag,1.543445110321045,84.13,0,direct_json,0.8333333333333334,0.5,0.625,0.0,0,20.7,29.5,37.2,509.8,509.8,25538.8,65.6,4018.4,1925.8,"{'timestamp': '2026-09-09T03:15:02.303968+00:00', 'model_version': 'llama3.2:latest', 'prompt_hash': 'a6af280e'}",llama3.2_latest__N120
4,real_mixed_49,llama3.2:latest_kb_rag,2.5413150787353516,81.58,0,direct_json,0.7857142857142857,0.6111111111111112,0.6875000000000001,0.0714285714285714,1,21.0,24.3,22.0,509.8,509.8,25499.6,65.5,4018.4,1925.8,"{'timestamp': '2026-09-09T03:15:04.972316+00:00', 'model_version': 'llama3.2:latest', 'prompt_hash': 'a6af280e'}",llama3.2_latest__N120
4,real_mixed_50,llama3.2:latest_kb_rag,2.0400638580322266,82.34,0,direct_json,0.9230769230769232,0.631578947368421,0.7499999999999999,0.0,0,31.1,34.6,27.2,509.7,509.8,25663.9,65.9,4018.4,1925.8,"{'timestamp': '2026-09-09T03:15:07.138674+00:00', 'model_version': 'llama3.2:latest', 'prompt_hash': 'a6af280e'}",llama3.2_latest__N120
5,real_mixed_51,llama3.2:latest_kb_rag,1.5320210456848145,83.72,0,direct_json,0.8,0.2666666666666666,0.4,0.0,0,23.5,30.1,35.8,509.9,509.9,25603.5,65.7,4018.4,1925.8,"{'timestamp': '2026-09-09T03:15:08.814598+00:00', 'model_version': 'llama3.2:latest', 'prompt_hash': 'a6af280e'}",llama3.2_latest__N120
5,real_mixed_52,llama3.2:latest_kb_rag,2.549156904220581,81.82,0,direct_json,0.7142857142857143,0.7142857142857143,0.7142857142857143,0.0476190476190476,1,17.0,25.0,21.8,510.0,510.0,25586.8,65.7,4018.4,1925.8,"{'timestamp': '2026-09-09T03:15:11.484351+00:00', 'model_version': 'llama3.2:latest', 'prompt_hash': 'a6af280e'}",llama3.2_latest__N120
5,real_mixed_53,llama3.2:latest_kb_rag,1.540754795074463,83.49,0,direct_json,0.8181818181818182,0.5625,0.6666666666666666,0.0,0,20.2,28.4,35.8,510.0,510.0,25428.6,65.4,4018.4,1925.8,"{'timestamp': '2026-09-09T03:15:13.144566+00:00', 'model_version': 'llama3.2:latest', 'prompt_hash': 'a6af280e'}",llama3.2_latest__N120
5,real_mixed_54,llama3.2:latest_kb_rag,1.537317991256714,84.17,0,direct_json,0.875,0.875,0.875,0.0,0,12.7,14.6,36.0,510.0,510.0,25344.2,65.2,4018.4,1925.8,"{'timestamp': '2026-09-09T03:15:14.786286+00:00', 'model_version': 'llama3.2:latest', 'prompt_hash': 'a6af280e'}",llama3.2_latest__N120
5,real_mixed_55,llama3.2:latest_kb_rag,2.551819086074829,82.52,0,direct_json,0.8125,0.65,0.7222222222222223,0.0,0,17.5,34.7,21.3,510.0,510.0,25408.2,65.3,4018.4,1925.8,"{'timestamp': '2026-09-09T03:15:17.466451+00:00', 'model_version': 'llama3.2:latest', 'prompt_hash': 'a6af280e'}",llama3.2_latest__N120
5,real_mixed_56,llama3.2:latest_kb_rag,2.558767795562744,81.13,0,direct_json,0.7368421052631579,0.5384615384615384,0.6222222222222222,0.0,0,19.1,24.3,21.3,510.0,510.0,25397.6,65.3,4018.4,1925.8,"{'timestamp': '2026-09-09T03:15:20.159779+00:00', 'model_version': 'llama3.2:latest', 'prompt_hash': 'a6af280e'}",llama3.2_latest__N120
5,real_mixed_57,llama3.2:latest_kb_rag,2.022433042526245,83.55,0,direct_json,0.8636363636363636,0.9047619047619048,0.8837209302325582,0.0,0,18.8,23.3,27.6,510.0,510.0,25480.8,65.5,4018.4,1925.8,"{'timestamp': '2026-09-09T03:15:22.297332+00:00', 'model_version': 'llama3.2:latest', 'prompt_hash': 'a6af280e'}",llama3.2_latest__N120
5,real_mixed_58,llama3.2:latest_kb_rag,2.046541929244995,83.02,0,direct_json,0.8125,0.7222222222222222,0.7647058823529411,0.0625,1,21.1,35.0,26.4,510.0,510.0,25436.3,65.3,4018.4,1925.8,"{'timestamp': '2026-09-09T03:15:24.466388+00:00', 'model_version': 'llama3.2:latest', 'prompt_hash': 'a6af280e'}",llama3.2_latest__N120
5,real_mixed_60,llama3.2:latest_kb_rag,2.0525901317596436,82.42,0,direct_json,1.0,0.7142857142857143,0.8333333333333333,0.0,0,16.4,29.4,27.0,510.1,510.2,25674.8,65.9,4018.4,1925.8,"{'timestamp': '2026-09-09T03:15:30.303251+00:00', 'model_version': 'llama3.2:latest', 'prompt_hash': 'a6af280e'}",llama3.2_latest__N120
6,real_mixed_61,llama3.2:latest_kb_rag,5.076054096221924,75.61,0,direct_json,0.6875,0.6111111111111112,0.6470588235294118,0.0,0,16.6,22.6,10.9,510.3,510.4,25470.2,65.4,4018.4,1925.8,"{'timestamp': '2026-09-09T03:15:35.557050+00:00', 'model_version': 'llama3.2:latest', 'prompt_hash': 'a6af280e'}",llama3.2_latest__N120
6,real_mixed_62,llama3.2:latest_kb_rag,3.0529069900512695,82.56,0,direct_json,0.6470588235294118,0.6111111111111112,0.6285714285714287,0.1176470588235294,2,19.0,27.0,17.9,510.2,510.3,25523.3,65.5,4018.4,1925.8,"{'timestamp': '2026-09-09T03:15:38.725100+00:00', 'model_version': 'llama3.2:latest', 'prompt_hash': 'a6af280e'}",llama3.2_latest__N120
6,real_mixed_63,llama3.2:latest_kb_rag,2.0478341579437256,83.97,0,direct_json,0.7,0.4666666666666667,0.56,0.0,0,12.9,16.1,27.2,510.3,510.3,25636.8,65.8,4018.4,1925.8,"{'timestamp': '2026-09-09T03:15:40.893472+00:00', 'model_version': 'llama3.2:latest', 'prompt_hash': 'a6af280e'}",llama3.2_latest__N120
6,real_mixed_64,llama3.2:latest_kb_rag,1.0234251022338867,85.15,0,direct_json,1.0,0.75,0.8571428571428571,0.0,0,15.2,15.4,57.0,510.3,510.3,25505.1,65.5,4018.4,1925.8,"{'timestamp': '2026-09-09T03:15:42.022510+00:00', 'model_version': 'llama3.2:latest', 'prompt_hash': 'a6af280e'}",llama3.2_latest__N120
6,real_mixed_65,llama3.2:latest_kb_rag,1.5466561317443848,83.52,0,direct_json,0.5,0.2727272727272727,0.3529411764705882,0.0,0,17.4,19.2,36.8,510.3,510.3,25480.4,65.5,4018.4,1925.8,"{'timestamp': '2026-09-09T03:15:43.690607+00:00', 'model_version': 'llama3.2:latest', 'prompt_hash': 'a6af280e'}",llama3.2_latest__N120
6,real_mixed_66,llama3.2:latest_kb_rag,2.5534250736236572,81.6,0,direct_json,0.6956521739130435,0.6153846153846154,0.6530612244897959,0.0,0,23.2,27.9,21.9,510.2,510.2,25577.1,65.7,4018.4,1925.8,"{'timestamp': '2026-09-09T03:15:46.371703+00:00', 'model_version': 'llama3.2:latest', 'prompt_hash': 'a6af280e'}",llama3.2_latest__N120
6,real_mixed_67,llama3.2:latest_kb_rag,2.550051212310791,81.47,0,direct_json,0.9333333333333332,0.6363636363636364,0.7567567567567568,0.0,0,25.7,31.1,21.8,510.3,510.3,25617.6,65.7,4018.4,1925.8,"{'timestamp': '2026-09-09T03:15:49.048587+00:00', 'model_version': 'llama3.2:latest', 'prompt_hash': 'a6af280e'}",llama3.2_latest__N120
6,real_mixed_68,llama3.2:latest_kb_rag,2.551456928253174,82.29,0,direct_json,0.75,0.7894736842105263,0.7692307692307692,0.0,0,23.5,34.5,22.1,510.3,510.3,25667.4,65.8,4018.4,1925.8,"{'timestamp': '2026-09-09T03:15:51.715969+00:00', 'model_version': 'llama3.2:latest', 'prompt_hash': 'a6af280e'}",llama3.2_latest__N120
6,real_mixed_69,llama3.2:latest_kb_rag,3.0592000484466553,82.42,0,direct_json,0.7777777777777778,0.75,0.7636363636363638,0.1851851851851851,5,16.5,25.5,17.9,510.3,510.3,25415.9,65.3,4018.4,1925.8,"{'timestamp': '2026-09-09T03:15:54.918914+00:00', 'model_version': 'llama3.2:latest', 'prompt_hash': 'a6af280e'}",llama3.2_latest__N120
6,real_mixed_70,llama3.2:latest_kb_rag,2.5392141342163086,81.58,0,direct_json,0.85,0.68,0.7555555555555556,0.0,0,15.2,18.7,22.3,510.3,510.3,25454.3,65.4,4018.4,1925.8,"{'timestamp': '2026-09-09T03:15:57.578774+00:00', 'model_version': 'llama3.2:latest', 'prompt_hash': 'a6af280e'}",llama3.2_latest__N120
7,real_mixed_71,llama3.2:latest_kb_rag,2.0526700019836426,82.07,0,direct_json,1.0,0.6428571428571429,0.782608695652174,0.0,0,20.3,23.8,26.9,510.5,510.5,25494.7,65.5,4018.4,1925.8,"{'timestamp': '2026-09-09T03:15:59.772152+00:00', 'model_version': 'llama3.2:latest', 'prompt_hash': 'a6af280e'}",llama3.2_latest__N120
7,real_mixed_72,llama3.2:latest_kb_rag,2.5531959533691406,81.4,0,direct_json,0.5714285714285714,0.7058823529411765,0.6315789473684211,0.1904761904761904,4,17.5,18.2,21.5,510.5,510.5,25503.6,65.5,4018.4,1925.8,"{'timestamp': '2026-09-09T03:16:02.449507+00:00', 'model_version': 'llama3.2:latest', 'prompt_hash': 'a6af280e'}",llama3.2_latest__N120
7,real_mixed_73,llama3.2:latest_kb_rag,2.0397000312805176,82.24,0,direct_json,0.6666666666666666,0.5,0.5714285714285715,0.0,0,18.1,20.8,27.6,510.4,510.5,25560.3,65.6,4018.4,1925.8,"{'timestamp': '2026-09-09T03:16:04.600822+00:00', 'model_version': 'llama3.2:latest', 'prompt_hash': 'a6af280e'}",llama3.2_latest__N120
7,real_mixed_74,llama3.2:latest_kb_rag,2.0484509468078613,82.56,0,direct_json,1.0,0.75,0.8571428571428571,0.0,0,18.7,24.0,27.5,510.5,510.5,25574.9,65.6,4018.4,1925.8,"{'timestamp': '2026-09-09T03:16:06.764822+00:00', 'model_version': 'llama3.2:latest', 'prompt_hash': 'a6af280e'}",llama3.2_latest__N120
7,real_mixed_75,llama3.2:latest_kb_rag,1.541658878326416,83.43,0,direct_json,0.8,0.8,0.8000000000000002,0.0,0,23.6,25.2,36.6,510.5,510.5,25563.3,65.6,4018.4,1925.8,"{'timestamp': '2026-09-09T03:16:08.409081+00:00', 'model_version': 'llama3.2:latest', 'prompt_hash': 'a6af280e'}",llama3.2_latest__N120
7,real_mixed_76,llama3.2:latest_kb_rag,1.0344491004943848,86.66,0,direct_json,0.0,0.0,0.0,0.0,0,18.1,18.6,54.1,510.5,510.5,25630.8,65.7,4018.4,1925.8,"{'timestamp': '2026-09-09T03:16:09.541518+00:00', 'model_version': 'llama3.2:latest', 'prompt_hash': 'a6af280e'}",llama3.2_latest__N120
7,real_mixed_77,llama3.2:latest_kb_rag,2.5386972427368164,82.09,0,direct_json,0.7333333333333333,0.4782608695652174,0.5789473684210527,0.0,0,17.4,26.6,21.4,514.6,514.6,25598.2,65.6,4018.4,1925.8,"{'timestamp': '2026-09-09T03:16:12.230247+00:00', 'model_version': 'llama3.2:latest', 'prompt_hash': 'a6af280e'}",llama3.2_latest__N120
7,real_mixed_78,llama3.2:latest_kb_rag,3.059659957885742,79.47,0,direct_json,0.4,0.8571428571428571,0.5454545454545455,0.2,3,16.2,22.5,18.1,514.5,514.6,25445.0,65.3,4018.4,1925.8,"{'timestamp': '2026-09-09T03:16:15.402044+00:00', 'model_version': 'llama3.2:latest', 'prompt_hash': 'a6af280e'}",llama3.2_latest__N120
7,real_mixed_80,llama3.2:latest_kb_rag,4.067138910293579,80.69,0,direct_json,0.5588235294117647,0.6785714285714286,0.6129032258064516,0.1176470588235294,4,15.7,21.8,13.6,514.5,514.6,25499.6,65.4,4018.4,1925.8,"{'timestamp': '2026-09-09T03:16:23.809098+00:00', 'model_version': 'llama3.2:latest', 'prompt_hash': 'a6af280e'}",llama3.2_latest__N120
8,real_mixed_81,llama3.2:latest_kb_rag,1.535423994064331,83.32,0,direct_json,1.0,0.6428571428571429,0.782608695652174,0.0,0,13.9,25.6,36.2,514.7,514.8,25434.8,65.3,4018.4,1925.8,"{'timestamp': '2026-09-09T03:16:25.488282+00:00', 'model_version': 'llama3.2:latest', 'prompt_hash': 'a6af280e'}",llama3.2_latest__N120
8,real_mixed_82,llama3.2:latest_kb_rag,2.038299322128296,82.67,0,direct_json,0.8125,0.7647058823529411,0.787878787878788,0.0,0,15.5,23.0,27.6,514.8,514.8,25481.4,65.3,4018.4,1925.8,"{'timestamp': '2026-09-09T03:16:27.649334+00:00', 'model_version': 'llama3.2:latest', 'prompt_hash': 'a6af280e'}",llama3.2_latest__N120
8,real_mixed_83,llama3.2:latest_kb_rag,2.042783737182617,83.49,0,direct_json,0.8461538461538461,0.8461538461538461,0.8461538461538461,0.0,0,16.3,20.3,27.2,514.8,514.8,25515.3,65.4,4018.4,1925.8,"{'timestamp': '2026-09-09T03:16:29.810419+00:00', 'model_version': 'llama3.2:latest', 'prompt_hash': 'a6af280e'}",llama3.2_latest__N120
8,real_mixed_84,llama3.2:latest_kb_rag,1.5374047756195068,82.76,0,direct_json,0.875,0.6363636363636364,0.7368421052631579,0.0,0,15.7,19.9,36.8,515.5,515.5,25496.5,65.4,4018.4,1925.8,"{'timestamp': '2026-09-09T03:16:31.468765+00:00', 'model_version': 'llama3.2:latest', 'prompt_hash': 'a6af280e'}",llama3.2_latest__N120
8,real_mixed_85,llama3.2:latest_kb_rag,1.5370068550109863,83.83,0,direct_json,1.0,0.8888888888888888,0.9411764705882352,0.0,0,12.2,24.9,36.4,515.5,515.5,25437.1,65.3,4018.4,1925.8,"{'timestamp': '2026-09-09T03:16:33.112148+00:00', 'model_version': 'llama3.2:latest', 'prompt_hash': 'a6af280e'}",llama3.2_latest__N120
8,real_mixed_86,llama3.2:latest_kb_rag,2.053753137588501,82.6,0,direct_json,0.75,0.6428571428571429,0.6923076923076924,0.0,0,16.1,19.6,27.2,515.5,515.6,25366.6,65.2,4018.4,1925.8,"{'timestamp': '2026-09-09T03:16:35.279621+00:00', 'model_version': 'llama3.2:latest', 'prompt_hash': 'a6af280e'}",llama3.2_latest__N120
8,real_mixed_87,llama3.2:latest_kb_rag,1.0244908332824707,84.3,0,direct_json,1.0,0.1818181818181818,0.3076923076923077,0.0,0,20.4,22.5,53.8,515.6,515.6,25542.9,65.5,4018.4,1925.8,"{'timestamp': '2026-09-09T03:16:36.412194+00:00', 'model_version': 'llama3.2:latest', 'prompt_hash': 'a6af280e'}",llama3.2_latest__N120
8,real_mixed_88,llama3.2:latest_kb_rag,1.538686752319336,84.71,0,direct_json,0.875,0.875,0.875,0.0,0,24.0,33.6,35.5,515.6,515.6,25467.5,65.3,4018.4,1925.8,"{'timestamp': '2026-09-09T03:16:38.055795+00:00', 'model_version': 'llama3.2:latest', 'prompt_hash': 'a6af280e'}",llama3.2_latest__N120
8,real_mixed_89,llama3.2:latest_kb_rag,1.5308969020843506,83.22,0,direct_json,0.8,0.5714285714285714,0.6666666666666666,0.0,0,21.2,30.3,40.2,515.6,515.6,25785.7,66.0,4018.4,1925.8,"{'timestamp': '2026-09-09T03:16:39.709024+00:00', 'model_version': 'llama3.2:latest', 'prompt_hash': 'a6af280e'}",llama3.2_latest__N120
8,real_mixed_90,llama3.2:latest_kb_rag,3.0506486892700195,82.62,0,direct_json,0.6666666666666666,0.7272727272727273,0.6956521739130435,0.0,0,19.8,25.6,18.1,515.5,515.5,25611.7,65.6,4018.4,1925.8,"{'timestamp': '2026-09-09T03:16:42.892758+00:00', 'model_version': 'llama3.2:latest', 'prompt_hash': 'a6af280e'}",llama3.2_latest__N120
9,real_mixed_91,llama3.2:latest_kb_rag,2.045552968978882,82.57,0,direct_json,1.0,0.6470588235294118,0.7857142857142858,0.0,0,14.4,18.2,27.3,518.8,518.8,25475.0,65.3,4018.4,1925.8,"{'timestamp': '2026-09-09T03:16:45.086395+00:00', 'model_version': 'llama3.2:latest', 'prompt_hash': 'a6af280e'}",llama3.2_latest__N120
9,real_mixed_92,llama3.2:latest_kb_rag,2.044208288192749,82.3,0,direct_json,0.8666666666666667,0.6190476190476191,0.7222222222222222,0.0666666666666666,1,21.0,22.3,27.1,518.8,518.8,25568.6,65.5,4018.4,1925.8,"{'timestamp': '2026-09-09T03:16:47.250809+00:00', 'model_version': 'llama3.2:latest', 'prompt_hash': 'a6af280e'}",llama3.2_latest__N120
9,real_mixed_93,llama3.2:latest_kb_rag,2.0416200160980225,82.75,0,direct_json,0.8125,0.8666666666666667,0.8387096774193549,0.0,0,19.6,27.8,26.5,518.8,518.8,25602.5,65.6,4018.4,1925.8,"{'timestamp': '2026-09-09T03:16:49.402000+00:00', 'model_version': 'llama3.2:latest', 'prompt_hash': 'a6af280e'}",llama3.2_latest__N120
9,real_mixed_94,llama3.2:latest_kb_rag,2.5548222064971924,82.51,0,direct_json,0.5333333333333333,0.3636363636363636,0.4324324324324324,0.2,3,17.1,24.0,22.4,518.7,518.7,25703.0,65.7,4018.4,1925.8,"{'timestamp': '2026-09-09T03:16:52.079022+00:00', 'model_version': 'llama3.2:latest', 'prompt_hash': 'a6af280e'}",llama3.2_latest__N120
9,real_mixed_95,llama3.2:latest_kb_rag,1.5355792045593262,83.42,0,direct_json,0.7,0.875,0.7777777777777777,0.0,0,20.1,25.2,34.8,518.8,518.8,25554.9,65.5,4018.4,1925.8,"{'timestamp': '2026-09-09T03:16:53.724976+00:00', 'model_version': 'llama3.2:latest', 'prompt_hash': 'a6af280e'}",llama3.2_latest__N120
9,real_mixed_96,llama3.2:latest_kb_rag,1.536712884902954,83.78,0,direct_json,0.8181818181818182,0.6428571428571429,0.7200000000000001,0.0,0,20.5,22.1,36.5,518.8,518.8,25530.9,65.4,4018.4,1925.8,"{'timestamp': '2026-09-09T03:16:55.380829+00:00', 'model_version': 'llama3.2:latest', 'prompt_hash': 'a6af280e'}",llama3.2_latest__N120
9,real_mixed_97,llama3.2:latest_kb_rag,1.5467607975006104,82.77,0,direct_json,1.0,0.9230769230769232,0.96,0.0,0,21.6,25.1,35.1,518.8,518.8,25508.5,65.3,4018.4,1925.8,"{'timestamp': '2026-09-09T03:16:57.039966+00:00', 'model_version': 'llama3.2:latest', 'prompt_hash': 'a6af280e'}",llama3.2_latest__N120
9,real_mixed_98,llama3.2:latest_kb_rag,3.070375919342041,80.74,0,direct_json,0.8947368421052632,0.5,0.6415094339622641,0.0,0,26.2,37.9,18.1,518.8,518.8,25683.3,65.5,4018.4,1925.8,"{'timestamp': '2026-09-09T03:17:00.255380+00:00', 'model_version': 'llama3.2:latest', 'prompt_hash': 'a6af280e'}",llama3.2_latest__N120
9,real_mixed_99,llama3.2:latest_kb_rag,1.0402209758758545,85.06,0,direct_json,1.0,0.6666666666666666,0.8,0.0,0,22.4,23.8,53.5,518.7,518.7,25770.5,65.7,4018.4,1925.8,"{'timestamp': '2026-09-09T03:17:01.396615+00:00', 'model_version': 'llama3.2:latest', 'prompt_hash': 'a6af280e'}",llama3.2_latest__N120
9,real_mixed_100,llama3.2:latest_kb_rag,2.042003870010376,82.67,0,direct_json,1.0,0.7142857142857143,0.8333333333333333,0.0,0,18.2,35.0,26.3,518.8,518.9,25640.8,65.4,4018.4,1925.8,"{'timestamp': '2026-09-09T03:17:03.563431+00:00', 'model_version': 'llama3.2:latest', 'prompt_hash': 'a6af280e'}",llama3.2_latest__N120
10,real_mixed_102,llama3.2:latest_kb_rag,1.0302419662475586,88.0,0,direct_json,1.0,1.0,1.0,0.0,0,24.2,25.3,57.1,519.0,519.0,25829.2,65.8,4018.4,1925.8,"{'timestamp': '2026-09-09T03:17:06.374304+00:00', 'model_version': 'llama3.2:latest', 'prompt_hash': 'a6af280e'}",llama3.2_latest__N120
10,real_mixed_103,llama3.2:latest_kb_rag,1.0244929790496826,86.5,0,direct_json,1.0,1.0,1.0,0.0,0,20.1,20.3,53.2,519.0,519.0,25679.7,65.4,4018.4,1925.8,"{'timestamp': '2026-09-09T03:17:07.513980+00:00', 'model_version': 'llama3.2:latest', 'prompt_hash': 'a6af280e'}",llama3.2_latest__N120
10,real_mixed_104,llama3.2:latest_kb_rag,2.0329477787017822,82.8,0,direct_json,0.8666666666666667,0.6190476190476191,0.7222222222222222,0.0,0,25.2,35.7,25.9,518.9,519.0,25660.6,65.4,4018.4,1925.8,"{'timestamp': '2026-09-09T03:17:09.679739+00:00', 'model_version': 'llama3.2:latest', 'prompt_hash': 'a6af280e'}",llama3.2_latest__N120
10,real_mixed_105,llama3.2:latest_kb_rag,2.0339739322662354,82.87,0,direct_json,0.8333333333333334,0.6666666666666666,0.7407407407407408,0.0,0,21.5,25.7,27.4,518.9,519.0,25691.6,65.5,4018.4,1925.8,"{'timestamp': '2026-09-09T03:17:11.819123+00:00', 'model_version': 'llama3.2:latest', 'prompt_hash': 'a6af280e'}",llama3.2_latest__N120
10,real_mixed_106,llama3.2:latest_kb_rag,1.0207059383392334,84.92,0,direct_json,0.5,1.0,0.6666666666666666,0.0,0,22.8,26.9,54.5,519.0,519.0,25708.0,65.5,4018.4,1925.8,"{'timestamp': '2026-09-09T03:17:12.933218+00:00', 'model_version': 'llama3.2:latest', 'prompt_hash': 'a6af280e'}",llama3.2_latest__N120
10,real_mixed_107,llama3.2:latest_kb_rag,3.0586838722229004,81.31,0,direct_json,0.8125,0.9285714285714286,0.8666666666666666,0.0,0,21.0,24.3,17.9,519.0,519.0,25751.1,65.6,4018.4,1925.8,"{'timestamp': '2026-09-09T03:17:16.109593+00:00', 'model_version': 'llama3.2:latest', 'prompt_hash': 'a6af280e'}",llama3.2_latest__N120
10,real_mixed_108,llama3.2:latest_kb_rag,1.542963981628418,84.4,0,direct_json,0.5,0.25,0.3333333333333333,0.0,0,19.0,21.0,36.2,519.0,519.0,25662.4,65.4,4018.4,1925.8,"{'timestamp': '2026-09-09T03:17:17.770781+00:00', 'model_version': 'llama3.2:latest', 'prompt_hash': 'a6af280e'}",llama3.2_latest__N120
10,real_mixed_109,llama3.2:latest_kb_rag,3.0531630516052246,80.95,0,direct_json,0.76,0.6551724137931034,0.7037037037037037,0.0,0,19.0,29.0,18.3,519.0,519.0,25741.3,65.5,4018.4,1925.8,"{'timestamp': '2026-09-09T03:17:20.954282+00:00', 'model_version': 'llama3.2:latest', 'prompt_hash': 'a6af280e'}",llama3.2_latest__N120
10,real_mixed_110,llama3.2:latest_kb_rag,3.0539090633392334,81.53,0,direct_json,0.4444444444444444,0.3333333333333333,0.380952380952381,0.1111111111111111,2,18.8,25.5,17.9,519.0,519.0,25658.3,65.3,4018.4,1925.8,"{'timestamp': '2026-09-09T03:17:24.118551+00:00', 'model_version': 'llama3.2:latest', 'prompt_hash': 'a6af280e'}",llama3.2_latest__N120
11,real_mixed_111,llama3.2:latest_kb_rag,3.5698771476745605,83.61,0,direct_json,0.7857142857142857,0.9705882352941176,0.8684210526315789,0.1428571428571428,6,17.4,32.9,15.6,519.1,519.1,25585.8,65.2,4018.4,1925.8,"{'timestamp': '2026-09-09T03:17:27.860034+00:00', 'model_version': 'llama3.2:latest', 'prompt_hash': 'a6af280e'}",llama3.2_latest__N120
11,real_mixed_112,llama3.2:latest_kb_rag,1.5243430137634275,82.83,0,direct_json,0.6666666666666666,0.75,0.7058823529411765,0.0,0,19.0,29.0,35.6,519.0,519.0,25566.5,65.1,4018.4,1925.8,"{'timestamp': '2026-09-09T03:17:29.482202+00:00', 'model_version': 'llama3.2:latest', 'prompt_hash': 'a6af280e'}",llama3.2_latest__N120
11,real_mixed_113,llama3.2:latest_kb_rag,1.5263340473175049,82.67,0,direct_json,0.875,0.7,0.7777777777777777,0.0,0,23.8,30.6,36.7,519.1,519.1,25680.9,65.4,4018.4,1925.8,"{'timestamp': '2026-09-09T03:17:31.110331+00:00', 'model_version': 'llama3.2:latest', 'prompt_hash': 'a6af280e'}",llama3.2_latest__N120
11,real_mixed_114,llama3.2:latest_kb_rag,2.0544960498809814,83.29,0,direct_json,0.9230769230769232,0.8,0.8571428571428571,0.0,0,13.0,19.9,28.1,519.1,519.1,25625.1,65.3,4018.4,1925.8,"{'timestamp': '2026-09-09T03:17:33.276091+00:00', 'model_version': 'llama3.2:latest', 'prompt_hash': 'a6af280e'}",llama3.2_latest__N120
11,real_mixed_115,llama3.2:latest_kb_rag,1.0275299549102783,85.23,0,direct_json,0.6666666666666666,0.5,0.5714285714285715,0.0,0,14.8,15.9,53.5,519.1,519.1,25528.8,65.0,4018.4,1925.8,"{'timestamp': '2026-09-09T03:17:34.405250+00:00', 'model_version': 'llama3.2:latest', 'prompt_hash': 'a6af280e'}",llama3.2_latest__N120
11,real_mixed_116,llama3.2:latest_kb_rag,1.5344388484954834,83.59,0,direct_json,0.8,1.0,0.888888888888889,0.2,1,23.8,31.9,36.5,519.1,519.1,25604.9,65.2,4018.4,1925.8,"{'timestamp': '2026-09-09T03:17:36.051578+00:00', 'model_version': 'llama3.2:latest', 'prompt_hash': 'a6af280e'}",llama3.2_latest__N120
11,real_mixed_117,llama3.2:latest_kb_rag,2.029963970184326,82.76,0,direct_json,0.4615384615384615,0.4285714285714285,0.4444444444444445,0.3076923076923077,4,16.4,24.9,26.3,519.1,519.1,25512.9,65.0,4018.4,1925.8,"{'timestamp': '2026-09-09T03:17:38.200896+00:00', 'model_version': 'llama3.2:latest', 'prompt_hash': 'a6af280e'}",llama3.2_latest__N120
11,real_mixed_118,llama3.2:latest_kb_rag,1.531887769699097,82.98,0,direct_json,0.8888888888888888,1.0,0.9411764705882352,0.0,0,20.3,25.9,36.6,513.9,519.0,25598.6,65.2,4018.4,1925.8,"{'timestamp': '2026-09-09T03:17:39.836847+00:00', 'model_version': 'llama3.2:latest', 'prompt_hash': 'a6af280e'}",llama3.2_latest__N120
11,real_mixed_119,llama3.2:latest_kb_rag,2.052854061126709,82.93,0,direct_json,0.7777777777777778,0.875,0.823529411764706,0.0,0,23.4,27.5,27.9,517.1,517.1,25648.5,65.3,4018.4,1925.8,"{'timestamp': '2026-09-09T03:17:42.010559+00:00', 'model_version': 'llama3.2:latest', 'prompt_hash': 'a6af280e'}",llama3.2_latest__N120
11,real_mixed_120,llama3.2:latest_kb_rag,2.053504943847656,84.22,0,direct_json,0.8333333333333334,0.8333333333333334,0.8333333333333334,0.0833333333333333,1,12.6,14.5,26.6,517.1,517.1,25464.9,64.9,4018.4,1925.8,"{'timestamp': '2026-09-09T03:17:44.185357+00:00', 'model_version': 'llama3.2:latest', 'prompt_hash': 'a6af280e'}",llama3.2_latest__N120
0,real_mixed_2,mistral-nemo:latest_baseline,5.591570138931274,30.13,0,direct_json,0.6428571428571429,0.5294117647058824,0.5806451612903226,0.0,0,18.3,31.3,9.6,109.7,109.8,27068.8,73.9,9384.7,6744.1,"{'timestamp': '2026-09-09T02:44:44.360452+00:00', 'model_version': 'mistral-nemo:latest', 'prompt_hash': 'a6af280e'}",mistral-nemo_latest__N120
0,real_mixed_3,mistral-nemo:latest_baseline,4.571591854095459,30.24,0,direct_json,0.75,0.3529411764705882,0.48,0.0,0,19.7,27.8,11.9,110.7,110.8,27188.3,73.8,9384.7,6744.1,"{'timestamp': '2026-09-09T02:44:48.965171+00:00', 'model_version': 'mistral-nemo:latest', 'prompt_hash': 'a6af280e'}",mistral-nemo_latest__N120
0,real_mixed_4,mistral-nemo:latest_baseline,4.061411142349243,30.68,0,direct_json,1.0,0.4666666666666667,0.6363636363636364,0.0,0,18.6,27.1,13.3,111.7,111.7,27242.3,73.6,9384.7,6744.1,"{'timestamp': '2026-09-09T02:44:53.058403+00:00', 'model_version': 'mistral-nemo:latest', 'prompt_hash': 'a6af280e'}",mistral-nemo_latest__N120
0,real_mixed_5,mistral-nemo:latest_baseline,6.095006942749023,30.23,0,direct_json,0.9333333333333332,0.6666666666666666,0.7777777777777778,0.0666666666666666,1,20.3,28.8,9.1,112.5,112.5,27240.9,73.5,9384.7,6744.1,"{'timestamp': '2026-09-09T02:44:59.189699+00:00', 'model_version': 'mistral-nemo:latest', 'prompt_hash': 'a6af280e'}",mistral-nemo_latest__N120
0,real_mixed_6,mistral-nemo:latest_baseline,5.593420028686523,30.47,0,direct_json,1.0,0.7,0.8235294117647058,0.0,0,19.7,27.3,9.6,113.3,113.3,27177.4,73.3,9384.7,6744.1,"{'timestamp': '2026-09-09T02:45:04.824783+00:00', 'model_version': 'mistral-nemo:latest', 'prompt_hash': 'a6af280e'}",mistral-nemo_latest__N120
0,real_mixed_7,mistral-nemo:latest_baseline,5.608703136444092,30.26,0,direct_json,1.0,0.65,0.787878787878788,0.0,0,16.4,26.8,9.7,114.0,114.0,27214.0,73.3,9384.7,6744.1,"{'timestamp': '2026-09-09T02:45:10.472522+00:00', 'model_version': 'mistral-nemo:latest', 'prompt_hash': 'a6af280e'}",mistral-nemo_latest__N120
0,real_mixed_8,mistral-nemo:latest_baseline,4.073994874954224,30.66,0,direct_json,1.0,0.4666666666666667,0.6363636363636364,0.0,0,17.9,26.4,13.5,114.8,114.8,27188.7,73.1,9384.7,6744.1,"{'timestamp': '2026-09-09T02:45:14.572766+00:00', 'model_version': 'mistral-nemo:latest', 'prompt_hash': 'a6af280e'}",mistral-nemo_latest__N120
0,real_mixed_9,mistral-nemo:latest_baseline,4.571518182754517,30.7,0,direct_json,0.5555555555555556,0.3125,0.3999999999999999,0.0,0,16.9,21.7,12.0,115.5,115.5,27243.9,73.0,9384.7,6744.1,"{'timestamp': '2026-09-09T02:45:19.167853+00:00', 'model_version': 'mistral-nemo:latest', 'prompt_hash': 'a6af280e'}",mistral-nemo_latest__N120
0,real_mixed_10,mistral-nemo:latest_baseline,3.0541141033172607,30.89,0,direct_json,0.8,0.2857142857142857,0.4210526315789473,0.0,0,15.1,23.1,17.6,116.3,116.3,27244.4,73.0,9384.7,6744.1,"{'timestamp': '2026-09-09T02:45:22.242852+00:00', 'model_version': 'mistral-nemo:latest', 'prompt_hash': 'a6af280e'}",mistral-nemo_latest__N120
1,real_mixed_11,mistral-nemo:latest_baseline,9.134809970855711,29.63,0,direct_json,1.0,0.5925925925925926,0.7441860465116279,0.0,0,17.2,33.9,6.0,118.0,118.0,27314.9,72.9,9384.7,6744.1,"{'timestamp': '2026-09-09T02:45:31.406061+00:00', 'model_version': 'mistral-nemo:latest', 'prompt_hash': 'a6af280e'}",mistral-nemo_latest__N120
1,real_mixed_12,mistral-nemo:latest_baseline,3.05271577835083,30.82,0,direct_json,1.0,0.5833333333333334,0.7368421052631579,0.0,0,19.6,29.2,17.4,118.7,118.7,27348.7,72.8,9384.7,6744.1,"{'timestamp': '2026-09-09T02:45:34.476750+00:00', 'model_version': 'mistral-nemo:latest', 'prompt_hash': 'a6af280e'}",mistral-nemo_latest__N120
1,real_mixed_13,mistral-nemo:latest_baseline,6.597845077514648,30.18,0,direct_json,0.8823529411764706,0.5555555555555556,0.6818181818181819,0.0,0,22.0,37.0,8.1,119.7,119.7,27385.3,72.8,9384.7,6744.1,"{'timestamp': '2026-09-09T02:45:41.124937+00:00', 'model_version': 'mistral-nemo:latest', 'prompt_hash': 'a6af280e'}",mistral-nemo_latest__N120
1,real_mixed_14,mistral-nemo:latest_baseline,7.089027643203735,29.98,0,direct_json,0.8888888888888888,0.5333333333333333,0.6666666666666667,0.0,0,16.7,21.6,7.6,119.8,119.8,27357.6,72.6,9384.7,6744.1,"{'timestamp': '2026-09-09T02:45:48.244243+00:00', 'model_version': 'mistral-nemo:latest', 'prompt_hash': 'a6af280e'}",mistral-nemo_latest__N120
1,real_mixed_15,mistral-nemo:latest_baseline,5.086933374404907,30.57,0,direct_json,0.7142857142857143,0.4761904761904761,0.5714285714285714,0.0,0,16.2,24.9,10.5,119.8,119.8,27513.7,72.6,9384.7,6744.1,"{'timestamp': '2026-09-09T02:45:53.362370+00:00', 'model_version': 'mistral-nemo:latest', 'prompt_hash': 'a6af280e'}",mistral-nemo_latest__N120
1,real_mixed_16,mistral-nemo:latest_baseline,3.0619192123413086,31.19,0,direct_json,1.0,0.1666666666666666,0.2857142857142857,0.0,0,17.5,26.1,17.4,119.8,119.8,27478.4,72.4,9384.7,6744.1,"{'timestamp': '2026-09-09T02:45:56.447963+00:00', 'model_version': 'mistral-nemo:latest', 'prompt_hash': 'a6af280e'}",mistral-nemo_latest__N120
1,real_mixed_17,mistral-nemo:latest_baseline,3.047592878341675,31.31,0,direct_json,0.625,1.0,0.7692307692307693,0.0,0,17.3,29.9,18.0,119.9,119.9,27567.3,72.6,9384.7,6744.1,"{'timestamp': '2026-09-09T02:45:59.507383+00:00', 'model_version': 'mistral-nemo:latest', 'prompt_hash': 'a6af280e'}",mistral-nemo_latest__N120
1,real_mixed_18,mistral-nemo:latest_baseline,3.555527925491333,31.01,0,direct_json,1.0,0.4285714285714285,0.6,0.0,0,18.8,33.4,15.0,119.9,119.9,27552.9,72.5,9384.7,6744.1,"{'timestamp': '2026-09-09T02:46:03.092258+00:00', 'model_version': 'mistral-nemo:latest', 'prompt_hash': 'a6af280e'}",mistral-nemo_latest__N120
1,real_mixed_19,mistral-nemo:latest_baseline,4.57922887802124,30.46,0,direct_json,1.0,0.8181818181818182,0.9,0.0,0,20.5,35.6,11.6,120.0,120.0,27487.9,72.4,9384.7,6744.1,"{'timestamp': '2026-09-09T02:46:07.712005+00:00', 'model_version': 'mistral-nemo:latest', 'prompt_hash': 'a6af280e'}",mistral-nemo_latest__N120
1,real_mixed_20,mistral-nemo:latest_baseline,4.5626842975616455,30.78,0,direct_json,0.8571428571428571,0.3157894736842105,0.4615384615384615,0.0,0,15.7,27.4,11.8,120.0,120.0,27528.2,72.4,9384.7,6744.1,"{'timestamp': '2026-09-09T02:46:12.313446+00:00', 'model_version': 'mistral-nemo:latest', 'prompt_hash': 'a6af280e'}",mistral-nemo_latest__N120
2,real_mixed_22,mistral-nemo:latest_baseline,2.5616466999053955,31.51,0,direct_json,0.4,0.6666666666666666,0.5,0.0,0,20.8,44.6,21.3,120.2,120.2,27625.5,72.5,9384.7,6744.1,"{'timestamp': '2026-09-09T02:46:19.487166+00:00', 'model_version': 'mistral-nemo:latest', 'prompt_hash': 'a6af280e'}",mistral-nemo_latest__N120
2,real_mixed_23,mistral-nemo:latest_baseline,4.065729141235352,30.85,0,fallback,0.4,0.2352941176470588,0.2962962962962963,0.0,0,13.2,21.1,13.3,120.2,120.2,27485.9,72.2,9384.7,6744.1,"{'timestamp': '2026-09-09T02:46:23.579971+00:00', 'model_version': 'mistral-nemo:latest', 'prompt_hash': 'a6af280e'}",mistral-nemo_latest__N120
2,real_mixed_24,mistral-nemo:latest_baseline,3.5541458129882812,31.16,0,direct_json,1.0,0.4545454545454545,0.625,0.0,0,14.2,20.5,15.0,120.4,120.4,27457.0,72.1,9384.7,6744.1,"{'timestamp': '2026-09-09T02:46:27.158513+00:00', 'model_version': 'mistral-nemo:latest', 'prompt_hash': 'a6af280e'}",mistral-nemo_latest__N120
2,real_mixed_25,mistral-nemo:latest_baseline,3.559906005859375,30.89,0,direct_json,0.875,0.4117647058823529,0.56,0.0,0,16.8,21.4,15.2,121.0,121.0,27606.8,72.4,9384.7,6744.1,"{'timestamp': '2026-09-09T02:46:30.749403+00:00', 'model_version': 'mistral-nemo:latest', 'prompt_hash': 'a6af280e'}",mistral-nemo_latest__N120
2,real_mixed_26,mistral-nemo:latest_baseline,10.665923833847046,29.92,0,direct_json,0.6875,0.5238095238095238,0.5945945945945946,0.0,0,19.0,32.0,5.1,121.8,121.8,27587.9,72.3,9384.7,6744.1,"{'timestamp': '2026-09-09T02:46:41.472477+00:00', 'model_version': 'mistral-nemo:latest', 'prompt_hash': 'a6af280e'}",mistral-nemo_latest__N120
2,real_mixed_28,mistral-nemo:latest_baseline,4.08357310295105,30.58,0,direct_json,0.75,0.3333333333333333,0.4615384615384615,0.125,1,21.2,28.5,13.8,123.4,123.4,27649.4,72.1,9384.7,6744.1,"{'timestamp': '2026-09-09T02:46:57.771429+00:00', 'model_version': 'mistral-nemo:latest', 'prompt_hash': 'a6af280e'}",mistral-nemo_latest__N120
2,real_mixed_29,mistral-nemo:latest_baseline,6.074106931686401,30.48,0,direct_json,0.7916666666666666,0.76,0.7755102040816326,0.0,0,16.8,27.0,8.9,124.1,124.1,27653.4,72.1,9384.7,6744.1,"{'timestamp': '2026-09-09T02:47:03.889665+00:00', 'model_version': 'mistral-nemo:latest', 'prompt_hash': 'a6af280e'}",mistral-nemo_latest__N120
2,real_mixed_30,mistral-nemo:latest_baseline,3.0829670429229736,30.88,0,direct_json,0.75,0.2307692307692307,0.3529411764705882,0.0,0,24.6,33.7,17.7,124.8,124.8,27772.8,72.2,9384.7,6744.1,"{'timestamp': '2026-09-09T02:47:06.993208+00:00', 'model_version': 'mistral-nemo:latest', 'prompt_hash': 'a6af280e'}",mistral-nemo_latest__N120
3,real_mixed_31,mistral-nemo:latest_baseline,2.052014112472534,31.72,0,direct_json,0.75,0.6,0.6666666666666665,0.0,0,21.2,27.0,26.7,124.9,124.9,27703.3,72.0,9384.7,6744.1,"{'timestamp': '2026-09-09T02:47:09.063153+00:00', 'model_version': 'mistral-nemo:latest', 'prompt_hash': 'a6af280e'}",mistral-nemo_latest__N120
3,real_mixed_32,mistral-nemo:latest_baseline,4.071303844451904,31.0,0,direct_json,0.9090909090909092,0.625,0.7407407407407406,0.0,0,13.1,22.2,13.2,125.0,125.0,27705.4,72.0,9384.7,6744.1,"{'timestamp': '2026-09-09T02:47:13.157929+00:00', 'model_version': 'mistral-nemo:latest', 'prompt_hash': 'a6af280e'}",mistral-nemo_latest__N120
3,real_mixed_33,mistral-nemo:latest_baseline,4.050342798233032,30.85,0,direct_json,0.8888888888888888,0.5333333333333333,0.6666666666666667,0.0,0,15.0,21.9,13.2,125.0,125.0,27665.9,71.9,9384.7,6744.1,"{'timestamp': '2026-09-09T02:47:17.233946+00:00', 'model_version': 'mistral-nemo:latest', 'prompt_hash': 'a6af280e'}",mistral-nemo_latest__N120
3,real_mixed_34,mistral-nemo:latest_baseline,4.07365608215332,30.92,0,direct_json,1.0,0.5,0.6666666666666666,0.0,0,14.3,23.0,13.3,125.0,125.0,27830.0,72.2,9384.7,6744.1,"{'timestamp': '2026-09-09T02:47:21.327453+00:00', 'model_version': 'mistral-nemo:latest', 'prompt_hash': 'a6af280e'}",mistral-nemo_latest__N120
3,real_mixed_35,mistral-nemo:latest_baseline,4.062726974487305,30.78,0,direct_json,0.875,0.5833333333333334,0.7000000000000001,0.0,0,17.6,25.4,13.6,125.0,125.0,27767.3,72.1,9384.7,6744.1,"{'timestamp': '2026-09-09T02:47:25.413075+00:00', 'model_version': 'mistral-nemo:latest', 'prompt_hash': 'a6af280e'}",mistral-nemo_latest__N120
3,real_mixed_36,mistral-nemo:latest_baseline,3.0439741611480713,31.17,0,direct_json,1.0,0.2272727272727272,0.3703703703703703,0.0,0,14.8,32.9,17.9,125.0,125.0,27777.4,72.1,9384.7,6744.1,"{'timestamp': '2026-09-09T02:47:28.485930+00:00', 'model_version': 'mistral-nemo:latest', 'prompt_hash': 'a6af280e'}",mistral-nemo_latest__N120
3,real_mixed_37,mistral-nemo:latest_baseline,4.076002836227417,30.83,0,direct_json,1.0,0.5333333333333333,0.6956521739130436,0.0,0,13.2,17.9,13.1,125.0,125.0,27748.3,72.0,9384.7,6744.1,"{'timestamp': '2026-09-09T02:47:32.589135+00:00', 'model_version': 'mistral-nemo:latest', 'prompt_hash': 'a6af280e'}",mistral-nemo_latest__N120
3,real_mixed_38,mistral-nemo:latest_baseline,4.581053972244263,30.6,0,direct_json,0.9,0.5,0.6428571428571429,0.0,0,13.2,22.9,11.7,125.0,125.0,27651.6,71.8,9384.7,6744.1,"{'timestamp': '2026-09-09T02:47:37.202263+00:00', 'model_version': 'mistral-nemo:latest', 'prompt_hash': 'a6af280e'}",mistral-nemo_latest__N120
3,real_mixed_39,mistral-nemo:latest_baseline,3.5647518634796143,31.16,0,direct_json,0.75,0.375,0.5,0.0,0,15.6,26.4,15.4,125.0,125.0,27804.4,72.1,9384.7,6744.1,"{'timestamp': '2026-09-09T02:47:40.783768+00:00', 'model_version': 'mistral-nemo:latest', 'prompt_hash': 'a6af280e'}",mistral-nemo_latest__N120
3,real_mixed_40,mistral-nemo:latest_baseline,3.550086736679077,31.01,0,direct_json,0.875,0.4666666666666667,0.608695652173913,0.0,0,17.6,24.3,15.5,125.0,125.0,27750.0,71.8,9384.7,6744.1,"{'timestamp': '2026-09-09T02:47:44.361872+00:00', 'model_version': 'mistral-nemo:latest', 'prompt_hash': 'a6af280e'}",mistral-nemo_latest__N120
4,real_mixed_42,mistral-nemo:latest_baseline,6.062429904937744,30.05,0,direct_json,0.7222222222222222,0.4482758620689655,0.5531914893617021,0.1666666666666666,3,20.7,26.8,8.8,125.2,125.2,27796.3,71.8,9384.7,6744.1,"{'timestamp': '2026-09-09T02:47:55.593223+00:00', 'model_version': 'mistral-nemo:latest', 'prompt_hash': 'a6af280e'}",mistral-nemo_latest__N120
4,real_mixed_43,mistral-nemo:latest_baseline,12.670790910720823,28.51,0,direct_json,0.6923076923076923,0.4090909090909091,0.5142857142857142,0.0,0,17.9,27.1,4.2,125.2,125.2,27842.0,71.8,9384.7,6744.1,"{'timestamp': '2026-09-09T02:48:08.299026+00:00', 'model_version': 'mistral-nemo:latest', 'prompt_hash': 'a6af280e'}",mistral-nemo_latest__N120
4,real_mixed_44,mistral-nemo:latest_baseline,6.098663806915283,30.28,0,direct_json,0.6470588235294118,0.55,0.5945945945945946,0.0,0,15.5,23.3,9.0,125.3,125.3,27865.4,71.8,9384.7,6744.1,"{'timestamp': '2026-09-09T02:48:14.435966+00:00', 'model_version': 'mistral-nemo:latest', 'prompt_hash': 'a6af280e'}",mistral-nemo_latest__N120
4,real_mixed_45,mistral-nemo:latest_baseline,4.597218036651611,30.88,0,direct_json,0.9166666666666666,0.6875,0.7857142857142857,0.0,0,14.8,22.7,11.9,125.3,125.3,27832.7,71.7,9384.7,6744.1,"{'timestamp': '2026-09-09T02:48:19.062921+00:00', 'model_version': 'mistral-nemo:latest', 'prompt_hash': 'a6af280e'}",mistral-nemo_latest__N120
4,real_mixed_46,mistral-nemo:latest_baseline,2.560241222381592,31.93,0,direct_json,1.0,0.0666666666666666,0.125,0.0,0,14.8,28.0,21.1,125.3,125.3,27917.8,71.9,9384.7,6744.1,"{'timestamp': '2026-09-09T02:48:21.649800+00:00', 'model_version': 'mistral-nemo:latest', 'prompt_hash': 'a6af280e'}",mistral-nemo_latest__N120
4,real_mixed_47,mistral-nemo:latest_baseline,7.11912989616394,30.5,0,direct_json,0.8571428571428571,0.8571428571428571,0.8571428571428571,0.0357142857142857,1,15.3,25.7,7.7,125.3,125.3,27818.6,71.7,9384.7,6744.1,"{'timestamp': '2026-09-09T02:48:28.819680+00:00', 'model_version': 'mistral-nemo:latest', 'prompt_hash': 'a6af280e'}",mistral-nemo_latest__N120
4,real_mixed_48,mistral-nemo:latest_baseline,3.5752010345458984,31.1,0,direct_json,0.875,0.7,0.7777777777777777,0.0,0,13.7,25.9,15.1,125.3,125.3,27930.8,71.9,9384.7,6744.1,"{'timestamp': '2026-09-09T02:48:32.417884+00:00', 'model_version': 'mistral-nemo:latest', 'prompt_hash': 'a6af280e'}",mistral-nemo_latest__N120
4,real_mixed_49,mistral-nemo:latest_baseline,5.598733901977539,30.46,0,direct_json,0.8181818181818182,0.5,0.6206896551724137,0.0,0,13.6,26.0,9.7,125.3,125.3,27746.1,71.5,9384.7,6744.1,"{'timestamp': '2026-09-09T02:48:38.047016+00:00', 'model_version': 'mistral-nemo:latest', 'prompt_hash': 'a6af280e'}",mistral-nemo_latest__N120
4,real_mixed_50,mistral-nemo:latest_baseline,4.5677759647369385,30.92,0,direct_json,0.8181818181818182,0.4736842105263157,0.6,0.0,0,15.1,20.5,11.6,125.3,125.3,27943.6,71.9,9384.7,6744.1,"{'timestamp': '2026-09-09T02:48:42.648336+00:00', 'model_version': 'mistral-nemo:latest', 'prompt_hash': 'a6af280e'}",mistral-nemo_latest__N120
5,real_mixed_51,mistral-nemo:latest_baseline,4.069512128829956,30.92,0,direct_json,0.7777777777777778,0.4666666666666667,0.5833333333333334,0.1111111111111111,1,12.7,25.6,13.2,133.3,133.3,27762.9,71.5,9384.7,6744.1,"{'timestamp': '2026-09-09T02:48:46.767751+00:00', 'model_version': 'mistral-nemo:latest', 'prompt_hash': 'a6af280e'}",mistral-nemo_latest__N120
5,real_mixed_52,mistral-nemo:latest_baseline,3.55210018157959,30.52,0,direct_json,0.875,0.3333333333333333,0.4827586206896551,0.0,0,17.3,25.7,15.1,133.3,133.3,27813.2,71.6,9384.7,6744.1,"{'timestamp': '2026-09-09T02:48:50.356250+00:00', 'model_version': 'mistral-nemo:latest', 'prompt_hash': 'a6af280e'}",mistral-nemo_latest__N120
5,real_mixed_53,mistral-nemo:latest_baseline,3.561041831970215,30.95,0,direct_json,0.8888888888888888,0.5,0.64,0.0,0,18.6,26.2,15.1,133.3,133.3,27826.6,71.6,9384.7,6744.1,"{'timestamp': '2026-09-09T02:48:53.942689+00:00', 'model_version': 'mistral-nemo:latest', 'prompt_hash': 'a6af280e'}",mistral-nemo_latest__N120
5,real_mixed_54,mistral-nemo:latest_baseline,2.5440399646759033,31.15,0,direct_json,1.0,0.875,0.9333333333333332,0.0,0,20.5,25.8,20.8,133.3,133.3,27839.1,71.6,9384.7,6744.1,"{'timestamp': '2026-09-09T02:48:56.504075+00:00', 'model_version': 'mistral-nemo:latest', 'prompt_hash': 'a6af280e'}",mistral-nemo_latest__N120
5,real_mixed_55,mistral-nemo:latest_baseline,5.587069034576416,30.24,0,direct_json,0.8461538461538461,0.55,0.6666666666666667,0.0,0,22.8,30.4,9.4,133.3,133.3,27900.4,71.7,9384.7,6744.1,"{'timestamp': '2026-09-09T02:49:02.121162+00:00', 'model_version': 'mistral-nemo:latest', 'prompt_hash': 'a6af280e'}",mistral-nemo_latest__N120
5,real_mixed_56,mistral-nemo:latest_baseline,4.076945781707764,30.79,0,direct_json,0.75,0.2307692307692307,0.3529411764705882,0.0,0,14.1,25.8,13.2,133.3,133.3,27847.4,71.5,9384.7,6744.1,"{'timestamp': '2026-09-09T02:49:06.228303+00:00', 'model_version': 'mistral-nemo:latest', 'prompt_hash': 'a6af280e'}",mistral-nemo_latest__N120
5,real_mixed_57,mistral-nemo:latest_baseline,4.053436040878296,30.59,0,direct_json,0.9285714285714286,0.6190476190476191,0.742857142857143,0.0,0,16.8,27.9,13.4,133.3,133.3,27939.9,71.8,9384.7,6744.1,"{'timestamp': '2026-09-09T02:49:10.311954+00:00', 'model_version': 'mistral-nemo:latest', 'prompt_hash': 'a6af280e'}",mistral-nemo_latest__N120
5,real_mixed_58,mistral-nemo:latest_baseline,3.566077947616577,30.98,0,direct_json,0.8888888888888888,0.4444444444444444,0.5925925925925926,0.0,0,14.8,20.7,15.0,133.3,133.3,27882.7,71.6,9384.7,6744.1,"{'timestamp': '2026-09-09T02:49:13.911339+00:00', 'model_version': 'mistral-nemo:latest', 'prompt_hash': 'a6af280e'}",mistral-nemo_latest__N120
5,real_mixed_60,mistral-nemo:latest_baseline,4.0688300132751465,30.55,0,direct_json,1.0,0.4285714285714285,0.6,0.0,0,23.8,34.8,13.5,133.3,133.3,27903.4,71.6,9384.7,6744.1,"{'timestamp': '2026-09-09T02:49:27.164576+00:00', 'model_version': 'mistral-nemo:latest', 'prompt_hash': 'a6af280e'}",mistral-nemo_latest__N120
6,real_mixed_61,mistral-nemo:latest_baseline,12.182825088500977,28.75,0,fallback,0.8125,0.3611111111111111,0.5,0.0,0,16.0,32.4,4.5,133.5,133.5,27919.7,71.6,9384.7,6744.1,"{'timestamp': '2026-09-09T02:49:39.421018+00:00', 'model_version': 'mistral-nemo:latest', 'prompt_hash': 'a6af280e'}",mistral-nemo_latest__N120
6,real_mixed_62,mistral-nemo:latest_baseline,4.080506801605225,30.55,0,direct_json,1.0,0.4444444444444444,0.6153846153846153,0.0,0,17.4,24.8,13.0,133.5,133.5,27945.2,71.6,9384.7,6744.1,"{'timestamp': '2026-09-09T02:49:43.534822+00:00', 'model_version': 'mistral-nemo:latest', 'prompt_hash': 'a6af280e'}",mistral-nemo_latest__N120
6,real_mixed_63,mistral-nemo:latest_baseline,3.068480968475342,31.09,0,direct_json,0.6,0.2,0.3,0.0,0,14.4,23.4,17.8,133.5,133.5,27870.2,71.5,9384.7,6744.1,"{'timestamp': '2026-09-09T02:49:46.630991+00:00', 'model_version': 'mistral-nemo:latest', 'prompt_hash': 'a6af280e'}",mistral-nemo_latest__N120
6,real_mixed_64,mistral-nemo:latest_baseline,3.0672271251678467,31.03,0,direct_json,0.6666666666666666,0.5,0.5714285714285715,0.0,0,17.4,29.1,17.6,133.0,133.5,27966.7,71.7,9384.7,6744.1,"{'timestamp': '2026-09-09T02:49:49.706713+00:00', 'model_version': 'mistral-nemo:latest', 'prompt_hash': 'a6af280e'}",mistral-nemo_latest__N120
6,real_mixed_65,mistral-nemo:latest_baseline,3.0592877864837646,31.32,0,direct_json,1.0,0.2727272727272727,0.4285714285714285,0.0,0,19.8,33.8,17.3,130.4,130.4,27847.1,71.7,9384.7,6744.1,"{'timestamp': '2026-09-09T02:49:52.787013+00:00', 'model_version': 'mistral-nemo:latest', 'prompt_hash': 'a6af280e'}",mistral-nemo_latest__N120
6,real_mixed_66,mistral-nemo:latest_baseline,4.58263897895813,30.42,0,direct_json,0.5454545454545454,0.2307692307692307,0.3243243243243243,0.0,0,22.0,32.2,11.8,129.6,130.4,27452.0,72.8,9384.7,6744.1,"{'timestamp': '2026-09-09T02:49:57.416654+00:00', 'model_version': 'mistral-nemo:latest', 'prompt_hash': 'a6af280e'}",mistral-nemo_latest__N120
6,real_mixed_67,mistral-nemo:latest_baseline,5.083887100219727,30.38,0,direct_json,1.0,0.5,0.6666666666666666,0.0,0,19.1,24.3,10.6,129.4,129.4,27179.2,73.2,9384.7,6744.1,"{'timestamp': '2026-09-09T02:50:02.541285+00:00', 'model_version': 'mistral-nemo:latest', 'prompt_hash': 'a6af280e'}",mistral-nemo_latest__N120
6,real_mixed_68,mistral-nemo:latest_baseline,4.568194150924683,30.69,0,direct_json,1.0,0.5263157894736842,0.6896551724137931,0.0,0,17.6,25.8,11.6,129.5,129.5,27103.3,73.1,9384.7,6744.1,"{'timestamp': '2026-09-09T02:50:07.130484+00:00', 'model_version': 'mistral-nemo:latest', 'prompt_hash': 'a6af280e'}",mistral-nemo_latest__N120
6,real_mixed_69,mistral-nemo:latest_baseline,5.069921016693115,30.33,0,direct_json,1.0,0.5714285714285714,0.7272727272727273,0.0,0,18.3,31.7,10.8,129.5,129.5,27161.2,73.4,9384.7,6744.1,"{'timestamp': '2026-09-09T02:50:12.241028+00:00', 'model_version': 'mistral-nemo:latest', 'prompt_hash': 'a6af280e'}",mistral-nemo_latest__N120
6,real_mixed_70,mistral-nemo:latest_baseline,5.078446865081787,30.65,0,direct_json,0.8461538461538461,0.44,0.5789473684210525,0.0,0,14.4,20.0,10.9,129.6,129.6,26992.1,73.2,9384.7,6744.1,"{'timestamp': '2026-09-09T02:50:17.347454+00:00', 'model_version': 'mistral-nemo:latest', 'prompt_hash': 'a6af280e'}",mistral-nemo_latest__N120
7,real_mixed_71,mistral-nemo:latest_baseline,4.598609924316406,30.65,0,direct_json,0.7,0.5,0.5833333333333334,0.0,0,16.9,22.9,11.7,130.1,130.2,27033.9,73.7,9384.7,6744.1,"{'timestamp': '2026-09-09T02:50:21.981895+00:00', 'model_version': 'mistral-nemo:latest', 'prompt_hash': 'a6af280e'}",mistral-nemo_latest__N120
7,real_mixed_72,mistral-nemo:latest_baseline,4.575621128082275,30.79,0,direct_json,0.9,0.5294117647058824,0.6666666666666667,0.0,0,17.5,23.8,11.5,130.1,130.1,26930.8,73.7,9384.7,6744.1,"{'timestamp': '2026-09-09T02:50:26.580670+00:00', 'model_version': 'mistral-nemo:latest', 'prompt_hash': 'a6af280e'}",mistral-nemo_latest__N120
7,real_mixed_73,mistral-nemo:latest_baseline,3.548724889755249,30.62,0,direct_json,0.6666666666666666,0.25,0.3636363636363636,0.0,0,20.8,27.8,15.1,130.1,130.1,26941.6,74.1,9384.7,6744.1,"{'timestamp': '2026-09-09T02:50:30.164382+00:00', 'model_version': 'mistral-nemo:latest', 'prompt_hash': 'a6af280e'}",mistral-nemo_latest__N120
7,real_mixed_74,mistral-nemo:latest_baseline,3.549845933914185,30.7,0,direct_json,1.0,0.3333333333333333,0.5,0.0,0,18.3,36.0,15.0,130.1,130.1,26803.8,74.1,9384.7,6744.1,"{'timestamp': '2026-09-09T02:50:33.734796+00:00', 'model_version': 'mistral-nemo:latest', 'prompt_hash': 'a6af280e'}",mistral-nemo_latest__N120
7,real_mixed_75,mistral-nemo:latest_baseline,3.0417418479919434,31.43,0,direct_json,1.0,0.6,0.7499999999999999,0.0,0,11.0,14.0,17.8,130.1,130.1,26695.2,73.8,9384.7,6744.1,"{'timestamp': '2026-09-09T02:50:36.784942+00:00', 'model_version': 'mistral-nemo:latest', 'prompt_hash': 'a6af280e'}",mistral-nemo_latest__N120
7,real_mixed_76,mistral-nemo:latest_baseline,1.5512521266937256,32.27,0,direct_json,0.0,0.0,0.0,0.0,0,26.2,38.2,34.6,130.1,130.1,26671.8,73.8,9384.7,6744.1,"{'timestamp': '2026-09-09T02:50:38.340031+00:00', 'model_version': 'mistral-nemo:latest', 'prompt_hash': 'a6af280e'}",mistral-nemo_latest__N120
7,real_mixed_77,mistral-nemo:latest_baseline,6.10730504989624,30.47,0,direct_json,0.8461538461538461,0.4782608695652174,0.6111111111111112,0.0,0,17.3,30.3,9.1,130.2,130.2,26737.5,73.9,9384.7,6744.1,"{'timestamp': '2026-09-09T02:50:44.496799+00:00', 'model_version': 'mistral-nemo:latest', 'prompt_hash': 'a6af280e'}",mistral-nemo_latest__N120
7,real_mixed_78,mistral-nemo:latest_baseline,7.127859115600586,29.97,0,direct_json,0.5,0.5714285714285714,0.5333333333333333,0.125,1,16.2,31.1,7.5,130.2,130.2,26750.8,73.9,9384.7,6744.1,"{'timestamp': '2026-09-09T02:50:51.645126+00:00', 'model_version': 'mistral-nemo:latest', 'prompt_hash': 'a6af280e'}",mistral-nemo_latest__N120
7,real_mixed_80,mistral-nemo:latest_baseline,11.188653945922852,29.62,0,direct_json,0.6086956521739131,0.5,0.5490196078431373,0.0,0,19.4,31.7,5.4,130.2,130.2,26618.7,74.7,9384.7,6744.1,"{'timestamp': '2026-09-09T02:51:11.519313+00:00', 'model_version': 'mistral-nemo:latest', 'prompt_hash': 'a6af280e'}",mistral-nemo_latest__N120
8,real_mixed_81,mistral-nemo:latest_baseline,3.560195207595825,30.94,0,direct_json,1.0,0.5,0.6666666666666666,0.0,0,14.9,19.1,14.8,130.4,130.4,26484.0,74.5,9384.7,6744.1,"{'timestamp': '2026-09-09T02:51:15.129756+00:00', 'model_version': 'mistral-nemo:latest', 'prompt_hash': 'a6af280e'}",mistral-nemo_latest__N120
8,real_mixed_82,mistral-nemo:latest_baseline,4.072299957275391,30.9,0,direct_json,0.625,0.2941176470588235,0.4,0.0,0,14.1,24.1,13.1,130.4,130.4,26524.3,74.7,9384.7,6744.1,"{'timestamp': '2026-09-09T02:51:19.237045+00:00', 'model_version': 'mistral-nemo:latest', 'prompt_hash': 'a6af280e'}",mistral-nemo_latest__N120
8,real_mixed_83,mistral-nemo:latest_baseline,3.5682311058044434,31.08,0,direct_json,1.0,0.6153846153846154,0.761904761904762,0.0,0,18.4,20.8,15.2,130.4,130.4,26564.3,74.7,9384.7,6744.1,"{'timestamp': '2026-09-09T02:51:22.835036+00:00', 'model_version': 'mistral-nemo:latest', 'prompt_hash': 'a6af280e'}",mistral-nemo_latest__N120
8,real_mixed_84,mistral-nemo:latest_baseline,3.050670862197876,31.12,0,direct_json,1.0,0.5454545454545454,0.7058823529411764,0.0,0,15.8,20.1,17.9,130.3,130.4,26536.4,74.7,9384.7,6744.1,"{'timestamp': '2026-09-09T02:51:25.910871+00:00', 'model_version': 'mistral-nemo:latest', 'prompt_hash': 'a6af280e'}",mistral-nemo_latest__N120
8,real_mixed_85,mistral-nemo:latest_baseline,4.071644067764282,30.93,0,direct_json,0.8571428571428571,0.6666666666666666,0.75,0.0,0,14.8,22.4,13.3,130.0,130.0,26434.2,75.0,9384.7,6744.1,"{'timestamp': '2026-09-09T02:51:30.004296+00:00', 'model_version': 'mistral-nemo:latest', 'prompt_hash': 'a6af280e'}",mistral-nemo_latest__N120
8,real_mixed_86,mistral-nemo:latest_baseline,4.052397727966309,30.78,0,direct_json,1.0,0.5714285714285714,0.7272727272727273,0.0,0,14.6,32.6,13.3,130.0,130.0,26339.5,75.0,9384.7,6744.1,"{'timestamp': '2026-09-09T02:51:34.088731+00:00', 'model_version': 'mistral-nemo:latest', 'prompt_hash': 'a6af280e'}",mistral-nemo_latest__N120
8,real_mixed_87,mistral-nemo:latest_baseline,2.554248094558716,31.53,0,direct_json,1.0,0.2727272727272727,0.4285714285714285,0.0,0,14.4,18.4,21.2,129.1,130.1,26329.3,75.1,9384.7,6744.1,"{'timestamp': '2026-09-09T02:51:36.670634+00:00', 'model_version': 'mistral-nemo:latest', 'prompt_hash': 'a6af280e'}",mistral-nemo_latest__N120
8,real_mixed_88,mistral-nemo:latest_baseline,2.5479722023010254,31.7,0,direct_json,1.0,0.625,0.7692307692307693,0.0,0,14.8,19.0,21.6,128.4,128.4,26313.8,75.0,9384.7,6744.1,"{'timestamp': '2026-09-09T02:51:39.242610+00:00', 'model_version': 'mistral-nemo:latest', 'prompt_hash': 'a6af280e'}",mistral-nemo_latest__N120
8,real_mixed_89,mistral-nemo:latest_baseline,3.0611813068389893,31.08,0,direct_json,0.8,0.2857142857142857,0.4210526315789473,0.0,0,16.1,23.1,17.5,128.4,128.5,26337.3,75.1,9384.7,6744.1,"{'timestamp': '2026-09-09T02:51:42.337471+00:00', 'model_version': 'mistral-nemo:latest', 'prompt_hash': 'a6af280e'}",mistral-nemo_latest__N120
8,real_mixed_90,mistral-nemo:latest_baseline,4.07302188873291,30.74,0,direct_json,1.0,0.5,0.6666666666666666,0.0,0,13.3,18.8,13.6,128.4,128.4,26287.7,75.0,9384.7,6744.1,"{'timestamp': '2026-09-09T02:51:46.454736+00:00', 'model_version': 'mistral-nemo:latest', 'prompt_hash': 'a6af280e'}",mistral-nemo_latest__N120
9,real_mixed_91,mistral-nemo:latest_baseline,5.0749921798706055,30.58,0,direct_json,1.0,0.7058823529411765,0.8275862068965517,0.0,0,16.4,30.4,10.8,128.2,128.5,26327.8,75.4,9384.7,6744.1,"{'timestamp': '2026-09-09T02:51:51.584348+00:00', 'model_version': 'mistral-nemo:latest', 'prompt_hash': 'a6af280e'}",mistral-nemo_latest__N120
9,real_mixed_92,mistral-nemo:latest_baseline,4.586963891983032,30.17,0,direct_json,1.0,0.5238095238095238,0.6875000000000001,0.0,0,20.4,29.4,11.9,127.8,128.0,26251.2,75.4,9384.7,6744.1,"{'timestamp': '2026-09-09T02:51:56.208663+00:00', 'model_version': 'mistral-nemo:latest', 'prompt_hash': 'a6af280e'}",mistral-nemo_latest__N120
9,real_mixed_93,mistral-nemo:latest_baseline,3.049572229385376,31.02,0,direct_json,1.0,0.3333333333333333,0.5,0.0,0,17.9,22.9,17.4,127.3,127.3,25997.4,75.8,9384.7,6744.1,"{'timestamp': '2026-09-09T02:51:59.275805+00:00', 'model_version': 'mistral-nemo:latest', 'prompt_hash': 'a6af280e'}",mistral-nemo_latest__N120
9,real_mixed_94,mistral-nemo:latest_baseline,4.553891658782959,30.67,0,direct_json,0.7777777777777778,0.3181818181818182,0.4516129032258064,0.0,0,18.2,25.2,11.7,127.3,127.3,25888.6,75.9,9384.7,6744.1,"{'timestamp': '2026-09-09T02:52:03.858379+00:00', 'model_version': 'mistral-nemo:latest', 'prompt_hash': 'a6af280e'}",mistral-nemo_latest__N120
9,real_mixed_95,mistral-nemo:latest_baseline,3.566004991531372,30.8,0,direct_json,0.625,0.625,0.625,0.0,0,18.9,25.1,15.3,127.2,127.2,25951.5,76.0,9384.7,6744.1,"{'timestamp': '2026-09-09T02:52:07.442576+00:00', 'model_version': 'mistral-nemo:latest', 'prompt_hash': 'a6af280e'}",mistral-nemo_latest__N120
9,real_mixed_96,mistral-nemo:latest_baseline,3.5578832626342773,30.69,0,direct_json,0.6,0.4285714285714285,0.5,0.0,0,17.0,26.1,15.4,127.2,127.2,25909.4,75.9,9384.7,6744.1,"{'timestamp': '2026-09-09T02:52:11.025706+00:00', 'model_version': 'mistral-nemo:latest', 'prompt_hash': 'a6af280e'}",mistral-nemo_latest__N120
9,real_mixed_97,mistral-nemo:latest_baseline,3.0699801445007324,31.41,0,direct_json,1.0,0.4615384615384615,0.631578947368421,0.0,0,20.0,30.9,17.6,127.2,127.2,25852.5,75.8,9384.7,6744.1,"{'timestamp': '2026-09-09T02:52:14.122030+00:00', 'model_version': 'mistral-nemo:latest', 'prompt_hash': 'a6af280e'}",mistral-nemo_latest__N120
9,real_mixed_98,mistral-nemo:latest_baseline,5.579906702041626,30.14,0,direct_json,0.8181818181818182,0.2647058823529412,0.3999999999999999,0.0,0,23.2,42.1,9.4,127.1,127.2,25888.2,76.0,9384.7,6744.1,"{'timestamp': '2026-09-09T02:52:19.739680+00:00', 'model_version': 'mistral-nemo:latest', 'prompt_hash': 'a6af280e'}",mistral-nemo_latest__N120
9,real_mixed_99,mistral-nemo:latest_baseline,2.046128749847412,31.46,0,direct_json,1.0,0.6666666666666666,0.8,0.0,0,18.8,25.8,26.3,121.4,127.1,25884.4,76.2,9384.7,6744.1,"{'timestamp': '2026-09-09T02:52:21.796755+00:00', 'model_version': 'mistral-nemo:latest', 'prompt_hash': 'a6af280e'}",mistral-nemo_latest__N120
9,real_mixed_100,mistral-nemo:latest_baseline,4.582257986068726,30.69,0,direct_json,1.0,0.6190476190476191,0.7647058823529412,0.0,0,16.7,25.1,11.7,119.5,119.5,25813.3,76.1,9384.7,6744.1,"{'timestamp': '2026-09-09T02:52:26.414855+00:00', 'model_version': 'mistral-nemo:latest', 'prompt_hash': 'a6af280e'}",mistral-nemo_latest__N120
10,real_mixed_102,mistral-nemo:latest_baseline,1.5371460914611816,32.7,0,direct_json,1.0,1.0,1.0,0.0,0,19.1,26.8,35.4,119.6,119.6,25905.0,76.8,9384.7,6744.1,"{'timestamp': '2026-09-09T02:52:31.064387+00:00', 'model_version': 'mistral-nemo:latest', 'prompt_hash': 'a6af280e'}",mistral-nemo_latest__N120
10,real_mixed_103,mistral-nemo:latest_baseline,2.0413401126861572,31.99,0,direct_json,1.0,1.0,1.0,0.0,0,13.7,18.8,26.6,119.6,119.6,25641.7,76.3,9384.7,6744.1,"{'timestamp': '2026-09-09T02:52:33.118519+00:00', 'model_version': 'mistral-nemo:latest', 'prompt_hash': 'a6af280e'}",mistral-nemo_latest__N120
10,real_mixed_104,mistral-nemo:latest_baseline,4.570240020751953,30.7,0,direct_json,0.9333333333333332,0.6666666666666666,0.7777777777777778,0.0666666666666666,1,14.6,22.9,12.0,119.1,119.6,25629.2,76.4,9384.7,6744.1,"{'timestamp': '2026-09-09T02:52:37.729424+00:00', 'model_version': 'mistral-nemo:latest', 'prompt_hash': 'a6af280e'}",mistral-nemo_latest__N120
10,real_mixed_105,mistral-nemo:latest_baseline,4.058556795120239,30.85,0,direct_json,1.0,0.4666666666666667,0.6363636363636364,0.0,0,16.0,27.8,13.6,117.3,118.8,25523.9,76.9,9384.7,6744.1,"{'timestamp': '2026-09-09T02:52:41.819085+00:00', 'model_version': 'mistral-nemo:latest', 'prompt_hash': 'a6af280e'}",mistral-nemo_latest__N120
10,real_mixed_106,mistral-nemo:latest_baseline,2.550769805908203,31.77,0,direct_json,1.0,0.6666666666666666,0.8,0.0,0,16.4,28.6,21.1,114.7,116.1,25365.6,77.0,9384.7,6744.1,"{'timestamp': '2026-09-09T02:52:44.383573+00:00', 'model_version': 'mistral-nemo:latest', 'prompt_hash': 'a6af280e'}",mistral-nemo_latest__N120
10,real_mixed_107,mistral-nemo:latest_baseline,7.626185178756714,29.84,0,direct_json,0.75,0.6428571428571429,0.6923076923076924,0.0,0,17.0,28.9,7.1,113.8,114.1,25076.5,77.8,9384.7,6744.1,"{'timestamp': '2026-09-09T02:52:52.029970+00:00', 'model_version': 'mistral-nemo:latest', 'prompt_hash': 'a6af280e'}",mistral-nemo_latest__N120
10,real_mixed_108,mistral-nemo:latest_baseline,3.06455397605896,31.6,0,direct_json,1.0,0.25,0.4,0.0,0,12.3,21.6,18.1,113.6,113.6,24747.9,78.1,9384.7,6744.1,"{'timestamp': '2026-09-09T02:52:55.118903+00:00', 'model_version': 'mistral-nemo:latest', 'prompt_hash': 'a6af280e'}",mistral-nemo_latest__N120
10,real_mixed_109,mistral-nemo:latest_baseline,7.100535154342651,30.26,0,direct_json,1.0,0.6551724137931034,0.7916666666666666,0.0,0,18.7,34.2,7.7,113.7,113.8,24724.9,78.4,9384.7,6744.1,"{'timestamp': '2026-09-09T02:53:02.267457+00:00', 'model_version': 'mistral-nemo:latest', 'prompt_hash': 'a6af280e'}",mistral-nemo_latest__N120
10,real_mixed_110,mistral-nemo:latest_baseline,5.075780868530273,30.28,0,direct_json,0.8571428571428571,0.25,0.3870967741935483,0.0,0,18.7,30.0,10.7,113.8,113.8,24666.0,78.5,9384.7,6744.1,"{'timestamp': '2026-09-09T02:53:07.388397+00:00', 'model_version': 'mistral-nemo:latest', 'prompt_hash': 'a6af280e'}",mistral-nemo_latest__N120
11,real_mixed_111,mistral-nemo:latest_baseline,6.621235132217407,30.57,0,direct_json,0.9655172413793104,0.8235294117647058,0.888888888888889,0.0,0,19.3,30.3,8.1,114.3,114.3,24720.2,78.4,9384.7,6744.1,"{'timestamp': '2026-09-09T02:53:14.081989+00:00', 'model_version': 'mistral-nemo:latest', 'prompt_hash': 'a6af280e'}",mistral-nemo_latest__N120
11,real_mixed_112,mistral-nemo:latest_baseline,3.058321714401245,31.19,0,direct_json,0.4,0.25,0.3076923076923077,0.0,0,13.9,20.1,17.8,114.4,114.4,24712.2,78.3,9384.7,6744.1,"{'timestamp': '2026-09-09T02:53:17.153951+00:00', 'model_version': 'mistral-nemo:latest', 'prompt_hash': 'a6af280e'}",mistral-nemo_latest__N120
11,real_mixed_113,mistral-nemo:latest_baseline,3.5556118488311768,30.98,0,direct_json,0.7142857142857143,0.5,0.588235294117647,0.0,0,21.8,33.7,14.8,114.4,114.4,24806.7,78.3,9384.7,6744.1,"{'timestamp': '2026-09-09T02:53:20.725830+00:00', 'model_version': 'mistral-nemo:latest', 'prompt_hash': 'a6af280e'}",mistral-nemo_latest__N120
11,real_mixed_114,mistral-nemo:latest_baseline,4.561230897903442,30.32,0,direct_json,0.9166666666666666,0.7333333333333333,0.8148148148148148,0.0,0,25.8,45.3,11.8,114.4,114.4,24708.1,78.3,9384.7,6744.1,"{'timestamp': '2026-09-09T02:53:25.318377+00:00', 'model_version': 'mistral-nemo:latest', 'prompt_hash': 'a6af280e'}",mistral-nemo_latest__N120
11,real_mixed_115,mistral-nemo:latest_baseline,2.536285877227783,31.39,0,direct_json,1.0,0.5,0.6666666666666666,0.0,0,17.6,20.1,21.7,114.4,114.4,24744.6,78.5,9384.7,6744.1,"{'timestamp': '2026-09-09T02:53:27.861835+00:00', 'model_version': 'mistral-nemo:latest', 'prompt_hash': 'a6af280e'}",mistral-nemo_latest__N120
11,real_mixed_116,mistral-nemo:latest_baseline,2.5435190200805664,31.9,0,direct_json,0.0,0.0,0.0,0.0,0,19.3,29.9,21.3,114.4,114.4,24643.9,78.6,9384.7,6744.1,"{'timestamp': '2026-09-09T02:53:30.416903+00:00', 'model_version': 'mistral-nemo:latest', 'prompt_hash': 'a6af280e'}",mistral-nemo_latest__N120
11,real_mixed_117,mistral-nemo:latest_baseline,4.072253942489624,30.3,0,direct_json,0.8333333333333334,0.3571428571428571,0.5,0.0,0,17.6,28.5,13.4,114.4,114.4,24559.7,78.6,9384.7,6744.1,"{'timestamp': '2026-09-09T02:53:34.526785+00:00', 'model_version': 'mistral-nemo:latest', 'prompt_hash': 'a6af280e'}",mistral-nemo_latest__N120
11,real_mixed_118,mistral-nemo:latest_baseline,3.550083875656128,30.99,0,direct_json,0.8888888888888888,1.0,0.9411764705882352,0.0,0,15.7,21.6,16.0,113.6,114.4,24480.4,78.9,9384.7,6744.1,"{'timestamp': '2026-09-09T02:53:38.090239+00:00', 'model_version': 'mistral-nemo:latest', 'prompt_hash': 'a6af280e'}",mistral-nemo_latest__N120
11,real_mixed_119,mistral-nemo:latest_baseline,3.0633649826049805,31.17,0,direct_json,1.0,0.625,0.7692307692307693,0.0,0,14.5,27.4,17.8,113.2,113.5,24493.9,79.1,9384.7,6744.1,"{'timestamp': '2026-09-09T02:53:41.168458+00:00', 'model_version': 'mistral-nemo:latest', 'prompt_hash': 'a6af280e'}",mistral-nemo_latest__N120
11,real_mixed_120,mistral-nemo:latest_baseline,3.563162088394165,30.93,0,direct_json,0.875,0.5833333333333334,0.7000000000000001,0.0,0,17.3,29.1,15.4,112.8,112.8,24348.7,78.9,9384.7,6744.1,"{'timestamp': '2026-09-09T02:53:44.756124+00:00', 'model_version': 'mistral-nemo:latest', 'prompt_hash': 'a6af280e'}",mistral-nemo_latest__N120
0,real_mixed_2,mistral-nemo:latest_kb_rag,5.077276945114136,30.46,0,fallback,0.875,0.4117647058823529,0.56,0.0,0,14.0,21.6,11.7,358.5,362.2,24015.2,80.1,9384.7,6744.1,"{'timestamp': '2026-09-09T02:53:56.356936+00:00', 'model_version': 'mistral-nemo:latest', 'prompt_hash': 'a6af280e'}",mistral-nemo_latest__N120
0,real_mixed_3,mistral-nemo:latest_kb_rag,6.602103233337402,28.24,0,fallback,0.8181818181818182,0.5294117647058824,0.6428571428571428,0.0,0,27.5,78.5,8.2,380.3,382.5,23945.5,80.3,9384.7,6744.1,"{'timestamp': '2026-09-09T02:54:03.071358+00:00', 'model_version': 'mistral-nemo:latest', 'prompt_hash': 'a6af280e'}",mistral-nemo_latest__N120
0,real_mixed_4,mistral-nemo:latest_kb_rag,3.5540812015533447,30.44,0,direct_json,1.0,0.3333333333333333,0.5,0.0,0,30.4,68.1,15.3,380.7,380.8,23784.9,80.2,9384.7,6744.1,"{'timestamp': '2026-09-09T02:54:06.770364+00:00', 'model_version': 'mistral-nemo:latest', 'prompt_hash': 'a6af280e'}",mistral-nemo_latest__N120
0,real_mixed_5,mistral-nemo:latest_kb_rag,4.076844215393066,30.26,0,fallback,1.0,0.3333333333333333,0.5,0.0,0,19.3,28.6,13.4,381.2,381.2,23763.2,80.3,9384.7,6744.1,"{'timestamp': '2026-09-09T02:54:10.972574+00:00', 'model_version': 'mistral-nemo:latest', 'prompt_hash': 'a6af280e'}",mistral-nemo_latest__N120
0,real_mixed_6,mistral-nemo:latest_kb_rag,4.580539226531982,29.94,0,direct_json,0.9285714285714286,0.65,0.7647058823529412,0.0,0,19.0,31.1,11.9,381.6,381.6,23777.6,80.2,9384.7,6744.1,"{'timestamp': '2026-09-09T02:54:15.669583+00:00', 'model_version': 'mistral-nemo:latest', 'prompt_hash': 'a6af280e'}",mistral-nemo_latest__N120
0,real_mixed_7,mistral-nemo:latest_kb_rag,5.070465087890625,30.13,0,direct_json,1.0,0.45,0.6206896551724138,0.0,0,15.8,24.4,10.8,382.1,382.1,23882.5,80.2,9384.7,6744.1,"{'timestamp': '2026-09-09T02:54:20.856516+00:00', 'model_version': 'mistral-nemo:latest', 'prompt_hash': 'a6af280e'}",mistral-nemo_latest__N120
0,real_mixed_8,mistral-nemo:latest_kb_rag,3.5699079036712646,29.96,0,fallback,1.0,0.3333333333333333,0.5,0.0,0,22.1,29.9,15.5,377.7,382.3,23772.8,80.3,9384.7,6744.1,"{'timestamp': '2026-09-09T02:54:24.541415+00:00', 'model_version': 'mistral-nemo:latest', 'prompt_hash': 'a6af280e'}",mistral-nemo_latest__N120
0,real_mixed_9,mistral-nemo:latest_kb_rag,4.572705984115601,30.26,0,direct_json,0.75,0.375,0.5,0.0,0,22.1,34.7,11.9,376.3,377.5,23769.6,80.4,9384.7,6744.1,"{'timestamp': '2026-09-09T02:54:29.236477+00:00', 'model_version': 'mistral-nemo:latest', 'prompt_hash': 'a6af280e'}",mistral-nemo_latest__N120
0,real_mixed_10,mistral-nemo:latest_kb_rag,4.073375940322876,30.35,0,fallback,0.875,0.5,0.6363636363636364,0.0,0,23.6,33.0,13.5,360.0,375.6,23662.5,80.7,9384.7,6744.1,"{'timestamp': '2026-09-09T02:54:33.438920+00:00', 'model_version': 'mistral-nemo:latest', 'prompt_hash': 'a6af280e'}",mistral-nemo_latest__N120
1,real_mixed_11,mistral-nemo:latest_kb_rag,12.668475151062012,29.43,0,direct_json,0.9411764705882352,0.5925925925925926,0.7272727272727272,0.0,0,18.1,49.1,6.8,475.6,477.6,23420.4,81.1,9384.7,6744.1,"{'timestamp': '2026-09-09T02:54:46.331992+00:00', 'model_version': 'mistral-nemo:latest', 'prompt_hash': 'a6af280e'}",mistral-nemo_latest__N120
1,real_mixed_12,mistral-nemo:latest_kb_rag,3.043260097503662,30.41,0,fallback,1.0,0.4166666666666667,0.5882352941176471,0.0,0,14.7,26.4,43.8,470.9,473.2,23531.8,81.0,9384.7,6744.1,"{'timestamp': '2026-09-09T02:54:36.693856+00:00', 'model_version': 'mistral-nemo:latest', 'prompt_hash': 'a6af280e'}",mistral-nemo_latest__N120
1,real_mixed_13,mistral-nemo:latest_kb_rag,15.22987699508667,29.83,0,fallback,0.8333333333333334,0.3703703703703703,0.5128205128205128,0.0,0,19.0,42.1,5.7,477.9,478.5,23339.3,81.2,9384.7,6744.1,"{'timestamp': '2026-09-09T02:54:52.057146+00:00', 'model_version': 'mistral-nemo:latest', 'prompt_hash': 'a6af280e'}",mistral-nemo_latest__N120
1,real_mixed_14,mistral-nemo:latest_kb_rag,13.157984972000122,29.37,0,fallback,0.7692307692307693,0.6666666666666666,0.7142857142857142,0.0,0,21.9,40.0,6.8,478.2,478.8,23185.4,81.4,9384.7,6744.1,"{'timestamp': '2026-09-09T02:54:59.607828+00:00', 'model_version': 'mistral-nemo:latest', 'prompt_hash': 'a6af280e'}",mistral-nemo_latest__N120
1,real_mixed_15,mistral-nemo:latest_kb_rag,12.171411037445068,29.87,0,fallback,0.6923076923076923,0.4285714285714285,0.5294117647058824,0.0,0,18.7,34.0,7.2,476.1,478.8,23143.0,81.4,9384.7,6744.1,"{'timestamp': '2026-09-09T02:55:04.351570+00:00', 'model_version': 'mistral-nemo:latest', 'prompt_hash': 'a6af280e'}",mistral-nemo_latest__N120
1,real_mixed_16,mistral-nemo:latest_kb_rag,7.59195613861084,30.98,0,fallback,1.0,0.0833333333333333,0.1538461538461538,0.0,0,18.9,36.0,11.6,471.9,473.9,23194.5,81.4,9384.7,6744.1,"{'timestamp': '2026-09-09T02:55:07.311915+00:00', 'model_version': 'mistral-nemo:latest', 'prompt_hash': 'a6af280e'}",mistral-nemo_latest__N120
1,real_mixed_17,mistral-nemo:latest_kb_rag,6.099622011184692,30.16,0,direct_json,0.625,1.0,0.7692307692307693,0.0,0,18.1,28.1,14.3,470.7,470.8,23275.4,81.5,9384.7,6744.1,"{'timestamp': '2026-09-09T02:55:10.557014+00:00', 'model_version': 'mistral-nemo:latest', 'prompt_hash': 'a6af280e'}",mistral-nemo_latest__N120
1,real_mixed_18,mistral-nemo:latest_kb_rag,7.591082096099853,29.73,0,fallback,1.0,0.6428571428571429,0.782608695652174,0.0,0,19.1,30.3,11.8,470.8,470.9,23258.3,81.3,9384.7,6744.1,"{'timestamp': '2026-09-09T02:55:15.017842+00:00', 'model_version': 'mistral-nemo:latest', 'prompt_hash': 'a6af280e'}",mistral-nemo_latest__N120
1,real_mixed_19,mistral-nemo:latest_kb_rag,8.620392084121704,30.43,0,direct_json,1.0,0.7727272727272727,0.8717948717948718,0.0,0,17.1,39.5,10.1,470.8,470.9,23270.5,81.2,9384.7,6744.1,"{'timestamp': '2026-09-09T02:55:19.315129+00:00', 'model_version': 'mistral-nemo:latest', 'prompt_hash': 'a6af280e'}",mistral-nemo_latest__N120
1,real_mixed_20,mistral-nemo:latest_kb_rag,8.129575967788696,30.58,0,direct_json,1.0,0.3157894736842105,0.4799999999999999,0.0,0,16.6,34.9,7.2,470.8,470.9,23297.9,81.2,9384.7,6744.1,"{'timestamp': '2026-09-09T02:55:23.290897+00:00', 'model_version': 'mistral-nemo:latest', 'prompt_hash': 'a6af280e'}",mistral-nemo_latest__N120
2,real_mixed_22,mistral-nemo:latest_kb_rag,2.0283069610595703,30.78,0,direct_json,0.5,0.6666666666666666,0.5714285714285715,0.0,0,19.8,30.4,27.3,483.4,483.5,23291.4,81.2,9384.7,6744.1,"{'timestamp': '2026-09-09T02:55:25.509195+00:00', 'model_version': 'mistral-nemo:latest', 'prompt_hash': 'a6af280e'}",mistral-nemo_latest__N120
2,real_mixed_23,mistral-nemo:latest_kb_rag,7.608108043670654,30.8,0,fallback,0.8,0.2352941176470588,0.3636363636363636,0.0,0,15.6,22.6,11.5,477.8,483.5,23281.2,81.3,9384.7,6744.1,"{'timestamp': '2026-09-09T02:55:33.242581+00:00', 'model_version': 'mistral-nemo:latest', 'prompt_hash': 'a6af280e'}",mistral-nemo_latest__N120
2,real_mixed_24,mistral-nemo:latest_kb_rag,8.114124059677124,29.96,0,fallback,1.0,0.4545454545454545,0.625,0.0,0,16.9,27.9,10.8,473.4,476.1,23248.8,81.3,9384.7,6744.1,"{'timestamp': '2026-09-09T02:55:37.818597+00:00', 'model_version': 'mistral-nemo:latest', 'prompt_hash': 'a6af280e'}",mistral-nemo_latest__N120
2,real_mixed_25,mistral-nemo:latest_kb_rag,8.119696140289307,30.23,0,direct_json,0.6666666666666666,0.3529411764705882,0.4615384615384615,0.0,0,17.7,30.0,10.8,474.0,476.1,23271.5,81.3,9384.7,6744.1,"{'timestamp': '2026-09-09T02:55:41.491799+00:00', 'model_version': 'mistral-nemo:latest', 'prompt_hash': 'a6af280e'}",mistral-nemo_latest__N120
2,real_mixed_26,mistral-nemo:latest_kb_rag,8.60642409324646,29.97,0,direct_json,1.0,0.238095238095238,0.3846153846153846,0.0,0,19.4,29.2,10.4,444.1,472.6,23254.5,81.3,9384.7,6744.1,"{'timestamp': '2026-09-09T02:55:46.577694+00:00', 'model_version': 'mistral-nemo:latest', 'prompt_hash': 'a6af280e'}",mistral-nemo_latest__N120
2,real_mixed_28,mistral-nemo:latest_kb_rag,16.232391834259033,30.16,0,direct_json,1.0,0.5,0.6666666666666666,0.0,0,19.5,39.9,5.8,372.7,377.3,22978.1,82.0,9384.7,6744.1,"{'timestamp': '2026-09-09T02:56:02.933723+00:00', 'model_version': 'mistral-nemo:latest', 'prompt_hash': 'a6af280e'}",mistral-nemo_latest__N120
2,real_mixed_29,mistral-nemo:latest_kb_rag,9.654098987579346,29.87,0,fallback,0.782608695652174,0.72,0.7499999999999999,0.0,0,17.3,33.4,9.2,376.5,378.4,22796.3,82.1,9384.7,6744.1,"{'timestamp': '2026-09-09T02:56:08.690660+00:00', 'model_version': 'mistral-nemo:latest', 'prompt_hash': 'a6af280e'}",mistral-nemo_latest__N120
2,real_mixed_30,mistral-nemo:latest_kb_rag,8.13152289390564,30.84,0,direct_json,0.6666666666666666,0.1538461538461538,0.25,0.0,0,17.4,29.1,7.5,377.3,378.4,22863.9,82.0,9384.7,6744.1,"{'timestamp': '2026-09-09T02:56:11.186450+00:00', 'model_version': 'mistral-nemo:latest', 'prompt_hash': 'a6af280e'}",mistral-nemo_latest__N120
3,real_mixed_31,mistral-nemo:latest_kb_rag,3.044179916381836,31.1,0,direct_json,0.5,0.4,0.4444444444444445,0.0,0,13.8,21.6,17.8,492.7,492.9,22973.6,81.6,9384.7,6744.1,"{'timestamp': '2026-09-09T02:56:14.459994+00:00', 'model_version': 'mistral-nemo:latest', 'prompt_hash': 'a6af280e'}",mistral-nemo_latest__N120
3,real_mixed_32,mistral-nemo:latest_kb_rag,6.587579965591431,29.84,0,fallback,0.9090909090909092,0.625,0.7407407407407406,0.0,0,16.6,23.2,24.6,493.0,493.4,23028.6,81.6,9384.7,6744.1,"{'timestamp': '2026-09-09T02:56:18.006291+00:00', 'model_version': 'mistral-nemo:latest', 'prompt_hash': 'a6af280e'}",mistral-nemo_latest__N120
3,real_mixed_33,mistral-nemo:latest_kb_rag,7.106411933898926,30.45,0,direct_json,1.0,0.3333333333333333,0.5,0.0,0,16.2,27.9,12.3,493.4,493.5,23096.2,81.6,9384.7,6744.1,"{'timestamp': '2026-09-09T02:56:21.697323+00:00', 'model_version': 'mistral-nemo:latest', 'prompt_hash': 'a6af280e'}",mistral-nemo_latest__N120
3,real_mixed_34,mistral-nemo:latest_kb_rag,6.599167108535767,30.87,0,direct_json,1.0,0.2142857142857142,0.3529411764705882,0.0,0,15.7,26.3,13.7,493.4,493.5,23047.7,81.7,9384.7,6744.1,"{'timestamp': '2026-09-09T02:56:24.726406+00:00', 'model_version': 'mistral-nemo:latest', 'prompt_hash': 'a6af280e'}",mistral-nemo_latest__N120
3,real_mixed_35,mistral-nemo:latest_kb_rag,6.085159063339233,30.37,0,fallback,0.6666666666666666,0.3333333333333333,0.4444444444444444,0.1666666666666666,1,15.0,29.6,14.4,493.5,493.6,23038.6,81.7,9384.7,6744.1,"{'timestamp': '2026-09-09T02:56:27.905082+00:00', 'model_version': 'mistral-nemo:latest', 'prompt_hash': 'a6af280e'}",mistral-nemo_latest__N120
3,real_mixed_36,mistral-nemo:latest_kb_rag,6.117253065109253,30.53,0,direct_json,1.0,0.2727272727272727,0.4285714285714285,0.0,0,14.9,24.2,14.2,493.5,493.6,23071.7,81.8,9384.7,6744.1,"{'timestamp': '2026-09-09T02:56:30.970857+00:00', 'model_version': 'mistral-nemo:latest', 'prompt_hash': 'a6af280e'}",mistral-nemo_latest__N120
3,real_mixed_37,mistral-nemo:latest_kb_rag,6.605213165283203,30.08,0,fallback,1.0,0.4666666666666667,0.6363636363636364,0.0,0,15.8,25.6,13.0,493.1,493.6,22992.0,81.9,9384.7,6744.1,"{'timestamp': '2026-09-09T02:56:34.624246+00:00', 'model_version': 'mistral-nemo:latest', 'prompt_hash': 'a6af280e'}",mistral-nemo_latest__N120
3,real_mixed_38,mistral-nemo:latest_kb_rag,8.629984855651855,30.21,0,fallback,0.8181818181818182,0.5,0.6206896551724137,0.0,0,16.1,30.1,10.1,490.7,493.4,22989.5,81.8,9384.7,6744.1,"{'timestamp': '2026-09-09T02:56:39.726236+00:00', 'model_version': 'mistral-nemo:latest', 'prompt_hash': 'a6af280e'}",mistral-nemo_latest__N120
3,real_mixed_39,mistral-nemo:latest_kb_rag,8.130479335784912,30.52,0,direct_json,0.8,0.5,0.6153846153846154,0.0,0,15.6,29.7,10.7,489.2,489.7,23029.9,81.8,9384.7,6744.1,"{'timestamp': '2026-09-09T02:56:42.862632+00:00', 'model_version': 'mistral-nemo:latest', 'prompt_hash': 'a6af280e'}",mistral-nemo_latest__N120
3,real_mixed_40,mistral-nemo:latest_kb_rag,7.102925062179565,30.43,0,direct_json,0.8571428571428571,0.4,0.5454545454545455,0.0,0,15.9,26.0,8.0,488.9,489.1,23000.2,81.9,9384.7,6744.1,"{'timestamp': '2026-09-09T02:56:46.947780+00:00', 'model_version': 'mistral-nemo:latest', 'prompt_hash': 'a6af280e'}",mistral-nemo_latest__N120
4,real_mixed_42,mistral-nemo:latest_kb_rag,6.602528095245361,29.96,0,fallback,0.9411764705882352,0.5517241379310345,0.6956521739130435,0.0,0,12.8,24.0,9.4,596.7,596.7,23060.0,81.8,9384.7,6744.1,"{'timestamp': '2026-09-09T02:56:53.893113+00:00', 'model_version': 'mistral-nemo:latest', 'prompt_hash': 'a6af280e'}",mistral-nemo_latest__N120
4,real_mixed_43,mistral-nemo:latest_kb_rag,22.838648796081543,28.47,0,direct_json,0.7692307692307693,0.4545454545454545,0.5714285714285714,0.0,0,14.5,35.8,5.4,597.2,597.7,23114.5,81.6,9384.7,6744.1,"{'timestamp': '2026-09-09T02:57:10.110191+00:00', 'model_version': 'mistral-nemo:latest', 'prompt_hash': 'a6af280e'}",mistral-nemo_latest__N120
4,real_mixed_44,mistral-nemo:latest_kb_rag,24.350343942642212,29.33,0,direct_json,0.7333333333333333,0.55,0.6285714285714286,0.0,0,14.0,34.2,5.0,575.2,597.7,23055.2,81.6,9384.7,6744.1,"{'timestamp': '2026-09-09T02:57:18.370694+00:00', 'model_version': 'mistral-nemo:latest', 'prompt_hash': 'a6af280e'}",mistral-nemo_latest__N120
4,real_mixed_45,mistral-nemo:latest_kb_rag,23.803007125854492,30.19,0,direct_json,0.8,0.5,0.6153846153846154,0.0,0,15.2,38.4,5.4,531.3,597.7,22975.1,81.8,9384.7,6744.1,"{'timestamp': '2026-09-09T02:57:22.351830+00:00', 'model_version': 'mistral-nemo:latest', 'prompt_hash': 'a6af280e'}",mistral-nemo_latest__N120
4,real_mixed_46,mistral-nemo:latest_kb_rag,14.198296070098875,30.56,0,direct_json,1.0,0.2,0.3333333333333333,0.0,0,19.9,38.3,9.3,456.3,594.3,22764.8,82.2,9384.7,6744.1,"{'timestamp': '2026-09-09T02:57:24.455903+00:00', 'model_version': 'mistral-nemo:latest', 'prompt_hash': 'a6af280e'}",mistral-nemo_latest__N120
4,real_mixed_47,mistral-nemo:latest_kb_rag,13.172106981277466,29.76,0,direct_json,0.7857142857142857,0.7857142857142857,0.7857142857142857,0.0,0,18.8,41.2,9.3,351.8,391.8,22625.3,82.6,9384.7,6744.1,"{'timestamp': '2026-09-09T02:57:31.724111+00:00', 'model_version': 'mistral-nemo:latest', 'prompt_hash': 'a6af280e'}",mistral-nemo_latest__N120
4,real_mixed_48,mistral-nemo:latest_kb_rag,11.671185731887816,31.03,0,direct_json,0.5,0.1,0.1666666666666666,0.0,0,20.8,41.9,10.4,354.6,391.9,22634.7,82.5,9384.7,6744.1,"{'timestamp': '2026-09-09T02:57:34.159977+00:00', 'model_version': 'mistral-nemo:latest', 'prompt_hash': 'a6af280e'}",mistral-nemo_latest__N120
4,real_mixed_49,mistral-nemo:latest_kb_rag,14.20548701286316,29.95,0,fallback,0.75,0.3333333333333333,0.4615384615384615,0.0,0,18.5,41.9,6.6,342.8,391.9,22628.5,82.5,9384.7,6744.1,"{'timestamp': '2026-09-09T02:57:38.797009+00:00', 'model_version': 'mistral-nemo:latest', 'prompt_hash': 'a6af280e'}",mistral-nemo_latest__N120
4,real_mixed_50,mistral-nemo:latest_kb_rag,10.129944801330566,30.18,0,direct_json,1.0,0.4210526315789473,0.5925925925925926,0.0,0,16.3,25.2,6.0,329.9,391.9,22632.5,82.6,9384.7,6744.1,"{'timestamp': '2026-09-09T02:57:41.981089+00:00', 'model_version': 'mistral-nemo:latest', 'prompt_hash': 'a6af280e'}",mistral-nemo_latest__N120
5,real_mixed_51,mistral-nemo:latest_kb_rag,7.6151111125946045,30.58,0,direct_json,1.0,0.4,0.5714285714285715,0.0,0,15.0,25.1,14.0,488.3,589.9,22351.6,83.0,9384.7,6744.1,"{'timestamp': '2026-09-09T02:57:49.988214+00:00', 'model_version': 'mistral-nemo:latest', 'prompt_hash': 'a6af280e'}",mistral-nemo_latest__N120
5,real_mixed_52,mistral-nemo:latest_kb_rag,4.061200141906738,29.92,0,fallback,0.8888888888888888,0.3809523809523809,0.5333333333333333,0.0,0,13.7,19.8,29.3,558.9,589.9,22356.5,83.1,9384.7,6744.1,"{'timestamp': '2026-09-09T02:57:46.436729+00:00', 'model_version': 'mistral-nemo:latest', 'prompt_hash': 'a6af280e'}",mistral-nemo_latest__N120
5,real_mixed_53,mistral-nemo:latest_kb_rag,11.14647912979126,30.22,0,fallback,0.9,0.5625,0.6923076923076923,0.0,0,16.0,26.3,10.8,439.7,589.9,22410.6,82.9,9384.7,6744.1,"{'timestamp': '2026-09-09T02:57:53.522027+00:00', 'model_version': 'mistral-nemo:latest', 'prompt_hash': 'a6af280e'}",mistral-nemo_latest__N120
5,real_mixed_54,mistral-nemo:latest_kb_rag,9.64979100227356,30.63,0,direct_json,1.0,0.75,0.8571428571428571,0.0,0,16.3,24.1,12.8,390.6,449.2,22473.3,82.8,9384.7,6744.1,"{'timestamp': '2026-09-09T02:57:56.199900+00:00', 'model_version': 'mistral-nemo:latest', 'prompt_hash': 'a6af280e'}",mistral-nemo_latest__N120
5,real_mixed_55,mistral-nemo:latest_kb_rag,10.6288800239563,29.76,0,fallback,0.9,0.45,0.6,0.0,0,18.3,35.6,11.5,380.2,416.6,22533.5,82.8,9384.7,6744.1,"{'timestamp': '2026-09-09T02:58:00.748684+00:00', 'model_version': 'mistral-nemo:latest', 'prompt_hash': 'a6af280e'}",mistral-nemo_latest__N120
5,real_mixed_56,mistral-nemo:latest_kb_rag,10.642982244491575,30.06,0,fallback,0.75,0.2307692307692307,0.3529411764705882,0.0,0,19.1,35.7,11.6,383.2,416.6,22517.8,82.8,9384.7,6744.1,"{'timestamp': '2026-09-09T02:58:04.307908+00:00', 'model_version': 'mistral-nemo:latest', 'prompt_hash': 'a6af280e'}",mistral-nemo_latest__N120
5,real_mixed_57,mistral-nemo:latest_kb_rag,11.652553081512451,30.4,0,direct_json,0.9285714285714286,0.6190476190476191,0.742857142857143,0.0,0,16.1,31.9,10.5,371.2,415.3,22549.9,82.8,9384.7,6744.1,"{'timestamp': '2026-09-09T02:58:07.977997+00:00', 'model_version': 'mistral-nemo:latest', 'prompt_hash': 'a6af280e'}",mistral-nemo_latest__N120
5,real_mixed_58,mistral-nemo:latest_kb_rag,11.151648998260498,30.45,0,direct_json,0.9166666666666666,0.6111111111111112,0.7333333333333334,0.0,0,15.0,31.9,11.0,372.3,395.6,22554.6,82.8,9384.7,6744.1,"{'timestamp': '2026-09-09T02:58:12.028359+00:00', 'model_version': 'mistral-nemo:latest', 'prompt_hash': 'a6af280e'}",mistral-nemo_latest__N120
5,real_mixed_60,mistral-nemo:latest_kb_rag,18.240989923477173,29.7,0,direct_json,1.0,0.5714285714285714,0.7272727272727273,0.0,0,15.1,29.6,3.5,292.6,395.0,22433.8,82.9,9384.7,6744.1,"{'timestamp': '2026-09-09T02:58:26.355430+00:00', 'model_version': 'mistral-nemo:latest', 'prompt_hash': 'a6af280e'}",mistral-nemo_latest__N120
6,real_mixed_61,mistral-nemo:latest_kb_rag,23.33523106575012,27.87,0,direct_json,0.7777777777777778,0.5833333333333334,0.6666666666666666,0.037037037037037,1,27.5,41.6,9.0,323.4,596.1,22138.1,83.2,9384.7,6744.1,"{'timestamp': '2026-09-09T02:58:50.066928+00:00', 'model_version': 'mistral-nemo:latest', 'prompt_hash': 'a6af280e'}",mistral-nemo_latest__N120
6,real_mixed_62,mistral-nemo:latest_kb_rag,7.60217809677124,30.3,0,fallback,1.0,0.3333333333333333,0.5,0.0,0,19.7,31.8,21.0,453.7,596.1,22027.0,83.7,9384.7,6744.1,"{'timestamp': '2026-09-09T02:58:34.316148+00:00', 'model_version': 'mistral-nemo:latest', 'prompt_hash': 'a6af280e'}",mistral-nemo_latest__N120
6,real_mixed_63,mistral-nemo:latest_kb_rag,3.549906015396118,30.17,0,fallback,0.75,0.2,0.3157894736842105,0.0,0,18.4,30.0,15.0,512.8,596.1,22110.2,83.7,9384.7,6744.1,"{'timestamp': '2026-09-09T02:58:30.258499+00:00', 'model_version': 'mistral-nemo:latest', 'prompt_hash': 'a6af280e'}",mistral-nemo_latest__N120
6,real_mixed_64,mistral-nemo:latest_kb_rag,22.8260281085968,30.74,0,direct_json,0.6666666666666666,0.5,0.5714285714285715,0.0,0,25.8,43.0,5.6,305.7,426.5,22166.6,83.1,9384.7,6744.1,"{'timestamp': '2026-09-09T02:58:53.207704+00:00', 'model_version': 'mistral-nemo:latest', 'prompt_hash': 'a6af280e'}",mistral-nemo_latest__N120
6,real_mixed_65,mistral-nemo:latest_kb_rag,21.811609268188477,30.81,0,direct_json,0.6666666666666666,0.1818181818181818,0.2857142857142857,0.0,0,27.7,42.7,5.8,293.3,426.5,22252.7,82.9,9384.7,6744.1,"{'timestamp': '2026-09-09T02:58:56.251613+00:00', 'model_version': 'mistral-nemo:latest', 'prompt_hash': 'a6af280e'}",mistral-nemo_latest__N120
6,real_mixed_66,mistral-nemo:latest_kb_rag,9.635798215866089,29.43,0,direct_json,0.7142857142857143,0.1923076923076923,0.303030303030303,0.0,0,24.1,36.6,12.5,369.1,387.3,22527.5,82.7,9384.7,6744.1,"{'timestamp': '2026-09-09T02:58:59.877411+00:00', 'model_version': 'mistral-nemo:latest', 'prompt_hash': 'a6af280e'}",mistral-nemo_latest__N120
6,real_mixed_67,mistral-nemo:latest_kb_rag,10.649043083190918,29.77,0,fallback,1.0,0.5,0.6666666666666666,0.0,0,21.0,36.0,11.2,352.2,387.3,22561.3,82.7,9384.7,6744.1,"{'timestamp': '2026-09-09T02:59:03.985868+00:00', 'model_version': 'mistral-nemo:latest', 'prompt_hash': 'a6af280e'}",mistral-nemo_latest__N120
6,real_mixed_68,mistral-nemo:latest_kb_rag,12.670023918151855,29.89,0,direct_json,1.0,0.6842105263157895,0.8125000000000001,0.0,0,24.1,41.5,9.7,328.4,387.3,22597.7,82.6,9384.7,6744.1,"{'timestamp': '2026-09-09T02:59:09.044476+00:00', 'model_version': 'mistral-nemo:latest', 'prompt_hash': 'a6af280e'}",mistral-nemo_latest__N120
6,real_mixed_69,mistral-nemo:latest_kb_rag,13.659568309783936,30.26,0,fallback,1.0,0.4285714285714285,0.6,0.0,0,19.5,53.6,6.8,303.5,368.7,22597.1,82.6,9384.7,6744.1,"{'timestamp': '2026-09-09T02:59:13.677496+00:00', 'model_version': 'mistral-nemo:latest', 'prompt_hash': 'a6af280e'}",mistral-nemo_latest__N120
6,real_mixed_70,mistral-nemo:latest_kb_rag,14.206759929656982,30.11,0,direct_json,0.7142857142857143,0.4,0.5128205128205129,0.0,0,15.2,24.9,4.4,269.9,368.7,22622.8,82.4,9384.7,6744.1,"{'timestamp': '2026-09-09T02:59:18.342262+00:00', 'model_version': 'mistral-nemo:latest', 'prompt_hash': 'a6af280e'}",mistral-nemo_latest__N120
7,real_mixed_71,mistral-nemo:latest_kb_rag,11.15316915512085,30.1,0,direct_json,0.8333333333333334,0.3571428571428571,0.5,0.0,0,21.3,77.8,19.4,482.8,702.7,22450.1,83.0,9384.7,6744.1,"{'timestamp': '2026-09-09T02:59:30.005669+00:00', 'model_version': 'mistral-nemo:latest', 'prompt_hash': 'a6af280e'}",mistral-nemo_latest__N120
7,real_mixed_72,mistral-nemo:latest_kb_rag,4.067085027694702,30.2,0,direct_json,1.0,0.4705882352941176,0.6399999999999999,0.0,0,12.1,25.5,30.1,597.7,645.4,22455.2,83.1,9384.7,6744.1,"{'timestamp': '2026-09-09T02:59:22.936892+00:00', 'model_version': 'mistral-nemo:latest', 'prompt_hash': 'a6af280e'}",mistral-nemo_latest__N120
7,real_mixed_73,mistral-nemo:latest_kb_rag,7.622930288314819,29.74,0,direct_json,0.6666666666666666,0.25,0.3636363636363636,0.0,0,22.8,77.8,22.8,521.2,703.6,22445.7,83.0,9384.7,6744.1,"{'timestamp': '2026-09-09T02:59:26.488167+00:00', 'model_version': 'mistral-nemo:latest', 'prompt_hash': 'a6af280e'}",mistral-nemo_latest__N120
7,real_mixed_74,mistral-nemo:latest_kb_rag,14.71529507637024,30.88,0,fallback,1.0,0.3333333333333333,0.5,0.0,0,17.2,37.2,10.5,448.6,645.4,22467.5,83.0,9384.7,6744.1,"{'timestamp': '2026-09-09T02:59:33.584196+00:00', 'model_version': 'mistral-nemo:latest', 'prompt_hash': 'a6af280e'}",mistral-nemo_latest__N120
7,real_mixed_75,mistral-nemo:latest_kb_rag,13.203274965286257,30.63,0,fallback,1.0,0.6,0.7499999999999999,0.0,0,17.1,34.1,11.8,393.3,455.1,22489.3,82.9,9384.7,6744.1,"{'timestamp': '2026-09-09T02:59:36.250331+00:00', 'model_version': 'mistral-nemo:latest', 'prompt_hash': 'a6af280e'}",mistral-nemo_latest__N120
7,real_mixed_76,mistral-nemo:latest_kb_rag,11.18189001083374,32.22,0,direct_json,0.0,0.0,0.0,0.0,0,16.6,31.3,14.4,374.1,434.5,22506.1,82.9,9384.7,6744.1,"{'timestamp': '2026-09-09T02:59:37.780663+00:00', 'model_version': 'mistral-nemo:latest', 'prompt_hash': 'a6af280e'}",mistral-nemo_latest__N120
7,real_mixed_77,mistral-nemo:latest_kb_rag,13.192162990570068,29.89,0,direct_json,0.7857142857142857,0.4782608695652174,0.5945945945945946,0.0714285714285714,1,16.1,32.1,12.1,351.8,406.3,22500.1,82.8,9384.7,6744.1,"{'timestamp': '2026-09-09T02:59:43.340226+00:00', 'model_version': 'mistral-nemo:latest', 'prompt_hash': 'a6af280e'}",mistral-nemo_latest__N120
7,real_mixed_78,mistral-nemo:latest_kb_rag,16.707928895950317,28.52,0,direct_json,0.4444444444444444,0.5714285714285714,0.5,0.2222222222222222,2,17.5,52.0,7.7,307.1,394.4,22543.6,82.6,9384.7,6744.1,"{'timestamp': '2026-09-09T02:59:50.425962+00:00', 'model_version': 'mistral-nemo:latest', 'prompt_hash': 'a6af280e'}",mistral-nemo_latest__N120
7,real_mixed_80,mistral-nemo:latest_kb_rag,32.44074010848999,29.2,0,direct_json,0.6666666666666666,0.4285714285714285,0.5217391304347826,0.0,0,18.3,51.2,2.1,224.2,391.0,22586.6,82.7,9384.7,6744.1,"{'timestamp': '2026-09-09T03:00:10.375045+00:00', 'model_version': 'mistral-nemo:latest', 'prompt_hash': 'a6af280e'}",mistral-nemo_latest__N120
8,real_mixed_81,mistral-nemo:latest_kb_rag,11.14226007461548,30.19,0,direct_json,1.0,0.5714285714285714,0.7272727272727273,0.0,0,20.9,50.0,15.8,396.3,583.4,22128.5,83.8,9384.7,6744.1,"{'timestamp': '2026-09-09T03:00:22.030803+00:00', 'model_version': 'mistral-nemo:latest', 'prompt_hash': 'a6af280e'}",mistral-nemo_latest__N120
8,real_mixed_82,mistral-nemo:latest_kb_rag,14.673889875411987,30.16,0,direct_json,0.625,0.2941176470588235,0.4,0.25,2,17.7,29.4,19.6,382.5,583.4,22118.7,83.8,9384.7,6744.1,"{'timestamp': '2026-09-09T03:00:25.565286+00:00', 'model_version': 'mistral-nemo:latest', 'prompt_hash': 'a6af280e'}",mistral-nemo_latest__N120
8,real_mixed_83,mistral-nemo:latest_kb_rag,4.573752164840698,30.24,0,direct_json,1.0,0.7692307692307693,0.8695652173913044,0.0,0,24.3,50.0,24.3,443.6,583.4,22098.5,83.8,9384.7,6744.1,"{'timestamp': '2026-09-09T03:00:15.468343+00:00', 'model_version': 'mistral-nemo:latest', 'prompt_hash': 'a6af280e'}",mistral-nemo_latest__N120
8,real_mixed_84,mistral-nemo:latest_kb_rag,7.618172883987427,30.46,0,direct_json,1.0,0.6363636363636364,0.7777777777777778,0.0,0,17.3,29.1,11.8,415.1,583.4,22102.2,83.8,9384.7,6744.1,"{'timestamp': '2026-09-09T03:00:18.506029+00:00', 'model_version': 'mistral-nemo:latest', 'prompt_hash': 'a6af280e'}",mistral-nemo_latest__N120
8,real_mixed_85,mistral-nemo:latest_kb_rag,13.7081458568573,30.27,0,direct_json,0.7142857142857143,0.5555555555555556,0.6250000000000001,0.0,0,19.2,44.4,11.2,366.6,417.4,22124.7,83.7,9384.7,6744.1,"{'timestamp': '2026-09-09T03:00:29.305088+00:00', 'model_version': 'mistral-nemo:latest', 'prompt_hash': 'a6af280e'}",mistral-nemo_latest__N120
8,real_mixed_86,mistral-nemo:latest_kb_rag,13.689893007278442,29.94,0,direct_json,1.0,0.4285714285714285,0.6,0.0,0,16.8,32.5,11.4,353.2,409.5,22146.4,83.8,9384.7,6744.1,"{'timestamp': '2026-09-09T03:00:32.347879+00:00', 'model_version': 'mistral-nemo:latest', 'prompt_hash': 'a6af280e'}",mistral-nemo_latest__N120
8,real_mixed_87,mistral-nemo:latest_kb_rag,12.667220830917358,30.88,0,fallback,1.0,0.3636363636363636,0.5333333333333333,0.0,0,18.4,27.4,12.3,357.2,380.7,22131.3,83.9,9384.7,6744.1,"{'timestamp': '2026-09-09T03:00:34.813652+00:00', 'model_version': 'mistral-nemo:latest', 'prompt_hash': 'a6af280e'}",mistral-nemo_latest__N120
8,real_mixed_88,mistral-nemo:latest_kb_rag,10.66810393333435,31.04,0,direct_json,0.75,0.375,0.5,0.0,0,17.7,26.4,12.0,349.6,380.7,22151.2,83.9,9384.7,6744.1,"{'timestamp': '2026-09-09T03:00:36.358541+00:00', 'model_version': 'mistral-nemo:latest', 'prompt_hash': 'a6af280e'}",mistral-nemo_latest__N120
8,real_mixed_89,mistral-nemo:latest_kb_rag,10.127181768417358,30.15,0,direct_json,0.8,0.2857142857142857,0.4210526315789473,0.0,0,16.6,25.2,9.4,317.5,380.7,22154.6,83.9,9384.7,6744.1,"{'timestamp': '2026-09-09T03:00:39.564638+00:00', 'model_version': 'mistral-nemo:latest', 'prompt_hash': 'a6af280e'}",mistral-nemo_latest__N120
8,real_mixed_90,mistral-nemo:latest_kb_rag,11.674012899398804,30.21,0,direct_json,1.0,0.5454545454545454,0.7058823529411764,0.0,0,18.0,28.0,5.3,276.3,380.7,22161.6,83.9,9384.7,6744.1,"{'timestamp': '2026-09-09T03:00:44.168007+00:00', 'model_version': 'mistral-nemo:latest', 'prompt_hash': 'a6af280e'}",mistral-nemo_latest__N120
9,real_mixed_91,mistral-nemo:latest_kb_rag,4.557870864868164,30.24,0,fallback,0.875,0.4117647058823529,0.56,0.0,0,23.2,100.0,20.0,533.6,624.5,22147.5,84.0,9384.7,6744.1,"{'timestamp': '2026-09-09T03:00:49.189842+00:00', 'model_version': 'mistral-nemo:latest', 'prompt_hash': 'a6af280e'}",mistral-nemo_latest__N120
9,real_mixed_92,mistral-nemo:latest_kb_rag,13.684406042099,30.07,0,direct_json,1.0,0.4285714285714285,0.6,0.0,0,16.4,33.3,9.2,447.5,624.6,22191.9,83.8,9384.7,6744.1,"{'timestamp': '2026-09-09T03:00:58.316457+00:00', 'model_version': 'mistral-nemo:latest', 'prompt_hash': 'a6af280e'}",mistral-nemo_latest__N120
9,real_mixed_93,mistral-nemo:latest_kb_rag,17.270098209381104,30.02,0,direct_json,0.8571428571428571,0.4,0.5454545454545455,0.1428571428571428,1,19.2,100.0,11.0,426.3,624.6,22243.3,83.8,9384.7,6744.1,"{'timestamp': '2026-09-09T03:01:01.896111+00:00', 'model_version': 'mistral-nemo:latest', 'prompt_hash': 'a6af280e'}",mistral-nemo_latest__N120
9,real_mixed_94,mistral-nemo:latest_kb_rag,9.149707078933716,30.18,0,fallback,1.0,0.4090909090909091,0.5806451612903226,0.0,0,18.1,100.0,19.7,483.5,624.5,22150.1,83.9,9384.7,6744.1,"{'timestamp': '2026-09-09T03:00:53.776768+00:00', 'model_version': 'mistral-nemo:latest', 'prompt_hash': 'a6af280e'}",mistral-nemo_latest__N120
9,real_mixed_95,mistral-nemo:latest_kb_rag,15.228140830993652,30.68,0,direct_json,0.5714285714285714,0.5,0.5333333333333333,0.0,0,16.8,58.5,10.2,381.9,447.6,22322.4,83.7,9384.7,6744.1,"{'timestamp': '2026-09-09T03:01:04.537009+00:00', 'model_version': 'mistral-nemo:latest', 'prompt_hash': 'a6af280e'}",mistral-nemo_latest__N120
9,real_mixed_96,mistral-nemo:latest_kb_rag,13.173430919647217,30.96,0,direct_json,1.0,0.2857142857142857,0.4444444444444445,0.0,0,16.1,66.7,11.9,352.9,422.3,22403.7,83.5,9384.7,6744.1,"{'timestamp': '2026-09-09T03:01:07.071004+00:00', 'model_version': 'mistral-nemo:latest', 'prompt_hash': 'a6af280e'}",mistral-nemo_latest__N120
9,real_mixed_97,mistral-nemo:latest_kb_rag,11.659115076065063,30.52,0,direct_json,1.0,0.7692307692307693,0.8695652173913044,0.0,0,16.9,66.7,9.7,357.3,398.7,22474.5,83.3,9384.7,6744.1,"{'timestamp': '2026-09-09T03:01:10.127147+00:00', 'model_version': 'mistral-nemo:latest', 'prompt_hash': 'a6af280e'}",mistral-nemo_latest__N120
9,real_mixed_98,mistral-nemo:latest_kb_rag,14.162415027618408,29.4,0,direct_json,0.8666666666666667,0.3823529411764705,0.5306122448979592,0.0,0,16.2,36.3,8.7,312.9,382.5,22483.8,83.2,9384.7,6744.1,"{'timestamp': '2026-09-09T03:01:16.199417+00:00', 'model_version': 'mistral-nemo:latest', 'prompt_hash': 'a6af280e'}",mistral-nemo_latest__N120
9,real_mixed_99,mistral-nemo:latest_kb_rag,13.677296161651611,29.93,0,direct_json,0.6666666666666666,0.6666666666666666,0.6666666666666666,0.0,0,16.6,50.0,7.0,301.4,382.6,22471.8,83.2,9384.7,6744.1,"{'timestamp': '2026-09-09T03:01:18.328610+00:00', 'model_version': 'mistral-nemo:latest', 'prompt_hash': 'a6af280e'}",mistral-nemo_latest__N120
9,real_mixed_100,mistral-nemo:latest_kb_rag,15.177321910858154,29.98,0,fallback,1.0,0.5238095238095238,0.6875000000000001,0.0,0,19.9,53.8,4.2,250.7,382.6,22404.5,83.3,9384.7,6744.1,"{'timestamp': '2026-09-09T03:01:22.367967+00:00', 'model_version': 'mistral-nemo:latest', 'prompt_hash': 'a6af280e'}",mistral-nemo_latest__N120
10,real_mixed_102,mistral-nemo:latest_kb_rag,13.715686082839966,31.53,0,fallback,1.0,1.0,1.0,0.0,0,18.3,50.0,16.9,504.7,614.2,21894.4,84.2,9384.7,6744.1,"{'timestamp': '2026-09-09T03:01:36.689768+00:00', 'model_version': 'mistral-nemo:latest', 'prompt_hash': 'a6af280e'}",mistral-nemo_latest__N120
10,real_mixed_103,mistral-nemo:latest_kb_rag,2.5454111099243164,30.34,0,fallback,0.0,0.0,0.0,0.0,0,20.1,46.7,39.3,616.1,698.0,21778.7,84.5,9384.7,6744.1,"{'timestamp': '2026-09-09T03:01:25.516917+00:00', 'model_version': 'mistral-nemo:latest', 'prompt_hash': 'a6af280e'}",mistral-nemo_latest__N120
10,real_mixed_104,mistral-nemo:latest_kb_rag,8.07667589187622,30.37,0,direct_json,1.0,0.3809523809523809,0.5517241379310345,0.0,0,16.0,32.1,26.4,527.4,614.2,21838.2,84.4,9384.7,6744.1,"{'timestamp': '2026-09-09T03:01:31.082409+00:00', 'model_version': 'mistral-nemo:latest', 'prompt_hash': 'a6af280e'}",mistral-nemo_latest__N120
10,real_mixed_105,mistral-nemo:latest_kb_rag,12.10753607749939,30.21,0,direct_json,0.875,0.4666666666666667,0.608695652173913,0.0,0,16.8,32.1,13.5,507.6,614.2,21878.6,84.3,9384.7,6744.1,"{'timestamp': '2026-09-09T03:01:35.106930+00:00', 'model_version': 'mistral-nemo:latest', 'prompt_hash': 'a6af280e'}",mistral-nemo_latest__N120
10,real_mixed_106,mistral-nemo:latest_kb_rag,14.18860411643982,30.43,0,direct_json,0.75,1.0,0.8571428571428571,0.0,0,13.5,31.9,13.2,483.5,556.8,21958.6,84.1,9384.7,6744.1,"{'timestamp': '2026-09-09T03:01:39.810609+00:00', 'model_version': 'mistral-nemo:latest', 'prompt_hash': 'a6af280e'}",mistral-nemo_latest__N120
10,real_mixed_107,mistral-nemo:latest_kb_rag,18.234112977981567,29.59,0,direct_json,0.8,0.5714285714285714,0.6666666666666666,0.0,0,15.8,30.1,8.4,397.3,510.7,22099.9,83.9,9384.7,6744.1,"{'timestamp': '2026-09-09T03:01:46.393164+00:00', 'model_version': 'mistral-nemo:latest', 'prompt_hash': 'a6af280e'}",mistral-nemo_latest__N120
10,real_mixed_108,mistral-nemo:latest_kb_rag,18.723779916763306,31.02,0,fallback,1.0,0.25,0.4,0.0,0,16.4,30.1,6.6,353.6,483.8,22168.5,83.8,9384.7,6744.1,"{'timestamp': '2026-09-09T03:01:49.923767+00:00', 'model_version': 'mistral-nemo:latest', 'prompt_hash': 'a6af280e'}",mistral-nemo_latest__N120
10,real_mixed_109,mistral-nemo:latest_kb_rag,20.769731998443604,29.95,0,fallback,0.7894736842105263,0.5172413793103449,0.625,0.0,0,17.0,29.0,4.3,293.9,482.9,22248.5,83.7,9384.7,6744.1,"{'timestamp': '2026-09-09T03:01:56.014022+00:00', 'model_version': 'mistral-nemo:latest', 'prompt_hash': 'a6af280e'}",mistral-nemo_latest__N120
10,real_mixed_110,mistral-nemo:latest_kb_rag,24.304797887802124,29.9,0,fallback,0.5555555555555556,0.2083333333333333,0.303030303030303,0.0,0,13.8,29.7,2.6,267.3,482.8,22287.0,83.7,9384.7,6744.1,"{'timestamp': '2026-09-09T03:02:01.120926+00:00', 'model_version': 'mistral-nemo:latest', 'prompt_hash': 'a6af280e'}",mistral-nemo_latest__N120
11,real_mixed_111,mistral-nemo:latest_kb_rag,7.587544918060303,30.21,0,direct_json,0.9655172413793104,0.8235294117647058,0.888888888888889,0.0,0,17.7,52.2,22.7,480.2,710.0,22145.9,83.7,9384.7,6744.1,"{'timestamp': '2026-09-09T03:02:09.232638+00:00', 'model_version': 'mistral-nemo:latest', 'prompt_hash': 'a6af280e'}",mistral-nemo_latest__N120
11,real_mixed_112,mistral-nemo:latest_kb_rag,10.631830215454102,30.51,0,direct_json,0.4,0.25,0.3076923076923077,0.0,0,16.5,66.7,9.5,455.2,719.1,22178.9,83.7,9384.7,6744.1,"{'timestamp': '2026-09-09T03:02:12.280168+00:00', 'model_version': 'mistral-nemo:latest', 'prompt_hash': 'a6af280e'}",mistral-nemo_latest__N120
11,real_mixed_113,mistral-nemo:latest_kb_rag,18.71286106109619,30.56,0,direct_json,0.7142857142857143,0.5,0.588235294117647,0.0,0,14.9,28.7,13.3,433.6,598.8,22256.8,83.6,9384.7,6744.1,"{'timestamp': '2026-09-09T03:02:20.377135+00:00', 'model_version': 'mistral-nemo:latest', 'prompt_hash': 'a6af280e'}",mistral-nemo_latest__N120
11,real_mixed_114,mistral-nemo:latest_kb_rag,13.733673810958862,30.44,0,fallback,1.0,0.5333333333333333,0.6956521739130436,0.0,0,14.8,64.3,10.1,451.5,719.1,22198.6,83.6,9384.7,6744.1,"{'timestamp': '2026-09-09T03:02:15.390527+00:00', 'model_version': 'mistral-nemo:latest', 'prompt_hash': 'a6af280e'}",mistral-nemo_latest__N120
11,real_mixed_115,mistral-nemo:latest_kb_rag,15.757045030593872,31.57,0,direct_json,1.0,0.25,0.4,0.0,0,13.5,28.6,10.0,442.5,598.8,22225.0,83.6,9384.7,6744.1,"{'timestamp': '2026-09-09T03:02:17.410798+00:00', 'model_version': 'mistral-nemo:latest', 'prompt_hash': 'a6af280e'}",mistral-nemo_latest__N120
11,real_mixed_116,mistral-nemo:latest_kb_rag,13.179403066635132,31.24,0,direct_json,0.0,0.0,0.0,0.0,0,14.0,29.4,13.5,412.9,431.1,22334.1,83.4,9384.7,6744.1,"{'timestamp': '2026-09-09T03:02:22.531419+00:00', 'model_version': 'mistral-nemo:latest', 'prompt_hash': 'a6af280e'}",mistral-nemo_latest__N120
11,real_mixed_117,mistral-nemo:latest_kb_rag,13.681064128875732,29.8,0,direct_json,0.8,0.2857142857142857,0.4210526315789473,0.0,0,14.4,29.6,10.6,399.1,429.4,22404.0,83.3,9384.7,6744.1,"{'timestamp': '2026-09-09T03:02:26.100667+00:00', 'model_version': 'mistral-nemo:latest', 'prompt_hash': 'a6af280e'}",mistral-nemo_latest__N120
11,real_mixed_118,mistral-nemo:latest_kb_rag,13.662537097930908,30.36,0,direct_json,0.8571428571428571,0.75,0.7999999999999999,0.0,0,12.3,29.1,9.0,365.7,424.9,22468.8,83.2,9384.7,6744.1,"{'timestamp': '2026-09-09T03:02:29.161758+00:00', 'model_version': 'mistral-nemo:latest', 'prompt_hash': 'a6af280e'}",mistral-nemo_latest__N120
11,real_mixed_119,mistral-nemo:latest_kb_rag,15.680393934249878,30.49,0,direct_json,1.0,0.75,0.8571428571428571,0.0,0,12.9,29.1,6.1,332.0,424.8,22529.2,83.1,9384.7,6744.1,"{'timestamp': '2026-09-09T03:02:33.206137+00:00', 'model_version': 'mistral-nemo:latest', 'prompt_hash': 'a6af280e'}",mistral-nemo_latest__N120
11,real_mixed_120,mistral-nemo:latest_kb_rag,16.729818105697632,29.72,0,fallback,0.625,0.4166666666666667,0.5,0.0,0,18.1,33.5,4.0,298.5,411.7,22568.4,83.0,9384.7,6744.1,"{'timestamp': '2026-09-09T03:02:37.227581+00:00', 'model_version': 'mistral-nemo:latest', 'prompt_hash': 'a6af280e'}",mistral-nemo_latest__N120
0,real_mixed_2,nemotron-mini:4b_baseline,1.5410549640655518,73.4,0,direct_json,0.0,0.0,0.0,0.0,0,10.9,17.7,35.5,245.3,245.3,23047.8,57.6,2461.9,2572.4,"{'timestamp': '2026-09-09T03:50:44.941904+00:00', 'model_version': 'nemotron-mini:4b', 'prompt_hash': 'a6af280e'}",nemotron-mini_4b__N120
0,real_mixed_3,nemotron-mini:4b_baseline,2.054480791091919,72.5,0,fallback,0.3,0.1764705882352941,0.2222222222222222,0.0,0,21.3,23.7,26.5,246.0,246.0,23231.6,58.0,2461.9,2572.4,"{'timestamp': '2026-09-09T03:50:47.027567+00:00', 'model_version': 'nemotron-mini:4b', 'prompt_hash': 'a6af280e'}",nemotron-mini_4b__N120
0,real_mixed_4,nemotron-mini:4b_baseline,3.5617258548736572,72.36,0,direct_json,0.5333333333333333,0.5333333333333333,0.5333333333333333,0.0,0,19.8,33.7,15.0,246.7,246.7,23270.3,58.0,2461.9,2572.4,"{'timestamp': '2026-09-09T03:50:50.617588+00:00', 'model_version': 'nemotron-mini:4b', 'prompt_hash': 'a6af280e'}",nemotron-mini_4b__N120
0,real_mixed_5,nemotron-mini:4b_baseline,2.5425937175750732,72.31,0,direct_json,0.8666666666666667,0.6190476190476191,0.7222222222222222,0.0,0,24.3,35.0,21.3,247.4,247.4,23379.2,58.2,2461.9,2572.4,"{'timestamp': '2026-09-09T03:50:53.198762+00:00', 'model_version': 'nemotron-mini:4b', 'prompt_hash': 'a6af280e'}",nemotron-mini_4b__N120
0,real_mixed_6,nemotron-mini:4b_baseline,3.5591981410980225,74.13,0,fallback,1.0,0.05,0.0952380952380952,0.0,0,15.1,20.2,15.1,248.1,248.1,23380.8,58.2,2461.9,2572.4,"{'timestamp': '2026-09-09T03:50:56.792221+00:00', 'model_version': 'nemotron-mini:4b', 'prompt_hash': 'a6af280e'}",nemotron-mini_4b__N120
0,real_mixed_7,nemotron-mini:4b_baseline,2.5411031246185303,72.76,0,direct_json,0.5833333333333334,0.35,0.4375,0.0,0,16.5,20.1,21.2,248.8,248.8,23437.0,58.3,2461.9,2572.4,"{'timestamp': '2026-09-09T03:50:59.368215+00:00', 'model_version': 'nemotron-mini:4b', 'prompt_hash': 'a6af280e'}",nemotron-mini_4b__N120
0,real_mixed_8,nemotron-mini:4b_baseline,3.5723352432250977,73.07,0,fallback,0.1052631578947368,0.2666666666666666,0.1509433962264151,0.0526315789473684,2,14.2,19.8,15.2,249.5,249.5,23552.4,58.5,2461.9,2572.4,"{'timestamp': '2026-09-09T03:51:02.978965+00:00', 'model_version': 'nemotron-mini:4b', 'prompt_hash': 'a6af280e'}",nemotron-mini_4b__N120
0,real_mixed_9,nemotron-mini:4b_baseline,1.5277760028839111,74.65,0,fallback,0.0,0.0,0.0,0.625,10,17.6,23.3,35.4,250.2,250.2,23976.6,59.4,2461.9,2572.4,"{'timestamp': '2026-09-09T03:51:04.542777+00:00', 'model_version': 'nemotron-mini:4b', 'prompt_hash': 'a6af280e'}",nemotron-mini_4b__N120
0,real_mixed_10,nemotron-mini:4b_baseline,2.0537919998168945,74.57,0,direct_json,0.8,0.5714285714285714,0.6666666666666666,0.0,0,18.9,25.8,29.3,250.9,250.9,23970.5,59.4,2461.9,2572.4,"{'timestamp': '2026-09-09T03:51:06.629231+00:00', 'model_version': 'nemotron-mini:4b', 'prompt_hash': 'a6af280e'}",nemotron-mini_4b__N120
1,real_mixed_11,nemotron-mini:4b_baseline,4.092030763626099,70.27,0,direct_json,0.6470588235294118,0.4074074074074074,0.5,0.0,0,17.3,32.2,13.5,251.7,251.7,23865.5,59.2,2461.9,2572.4,"{'timestamp': '2026-09-09T03:51:10.762623+00:00', 'model_version': 'nemotron-mini:4b', 'prompt_hash': 'a6af280e'}",nemotron-mini_4b__N120
1,real_mixed_12,nemotron-mini:4b_baseline,1.0341827869415283,74.12,1,direct_json,0.7142857142857143,0.4166666666666667,0.5263157894736842,0.0,0,20.8,27.8,52.3,251.8,251.8,23711.4,58.9,2461.9,2572.4,"{'timestamp': '2026-09-09T03:51:14.361500+00:00', 'model_version': 'nemotron-mini:4b', 'prompt_hash': 'a6af280e'}",nemotron-mini_4b__N120
1,real_mixed_13,nemotron-mini:4b_baseline,1.5399119853973389,73.68,0,direct_json,0.6666666666666666,0.074074074074074,0.1333333333333333,0.0,0,24.3,27.5,35.5,251.8,251.8,23826.6,59.1,2461.9,2572.4,"{'timestamp': '2026-09-09T03:51:15.936985+00:00', 'model_version': 'nemotron-mini:4b', 'prompt_hash': 'a6af280e'}",nemotron-mini_4b__N120
1,real_mixed_14,nemotron-mini:4b_baseline,3.0412442684173584,71.28,0,direct_json,0.3333333333333333,0.2666666666666666,0.2962962962962963,0.0833333333333333,1,16.3,24.7,17.7,251.8,251.8,23904.2,59.2,2461.9,2572.4,"{'timestamp': '2026-09-09T03:51:18.995535+00:00', 'model_version': 'nemotron-mini:4b', 'prompt_hash': 'a6af280e'}",nemotron-mini_4b__N120
1,real_mixed_15,nemotron-mini:4b_baseline,0.0,0.0,2,failed,0.0,0.0,0.0,0.0,0,0.0,0.0,0.0,0.0,0.0,0.0,0.0,0.0,0.0,"{'timestamp': '2026-09-09T03:51:25.653905+00:00', 'model_version': 'nemotron-mini:4b', 'prompt_hash': 'a6af280e'}",nemotron-mini_4b__N120
1,real_mixed_16,nemotron-mini:4b_baseline,1.5401840209960938,73.32,0,direct_json,0.8571428571428571,0.5,0.631578947368421,0.0,0,20.9,24.0,35.5,251.8,251.8,24110.0,59.7,2461.9,2572.4,"{'timestamp': '2026-09-09T03:51:27.214755+00:00', 'model_version': 'nemotron-mini:4b', 'prompt_hash': 'a6af280e'}",nemotron-mini_4b__N120
1,real_mixed_17,nemotron-mini:4b_baseline,1.022008180618286,77.45,0,direct_json,1.0,0.8,0.888888888888889,0.0,0,16.1,16.9,53.1,251.8,251.8,24101.9,59.7,2461.9,2572.4,"{'timestamp': '2026-09-09T03:51:28.245763+00:00', 'model_version': 'nemotron-mini:4b', 'prompt_hash': 'a6af280e'}",nemotron-mini_4b__N120
1,real_mixed_18,nemotron-mini:4b_baseline,2.548013925552368,73.4,0,direct_json,0.5454545454545454,0.4285714285714285,0.4799999999999999,0.0,0,15.5,20.7,20.7,251.8,251.8,24165.9,59.8,2461.9,2572.4,"{'timestamp': '2026-09-09T03:51:30.825107+00:00', 'model_version': 'nemotron-mini:4b', 'prompt_hash': 'a6af280e'}",nemotron-mini_4b__N120
1,real_mixed_19,nemotron-mini:4b_baseline,1.0304207801818848,77.52,0,direct_json,0.0,0.0,0.0,0.0,0,19.7,23.2,54.1,251.9,251.9,24188.6,59.8,2461.9,2572.4,"{'timestamp': '2026-09-09T03:51:31.900047+00:00', 'model_version': 'nemotron-mini:4b', 'prompt_hash': 'a6af280e'}",nemotron-mini_4b__N120
1,real_mixed_20,nemotron-mini:4b_baseline,3.0634469985961914,73.03,0,direct_json,0.25,0.1578947368421052,0.1935483870967742,0.0,0,15.9,24.5,17.7,251.9,251.9,24123.0,59.7,2461.9,2572.4,"{'timestamp': '2026-09-09T03:51:34.991322+00:00', 'model_version': 'nemotron-mini:4b', 'prompt_hash': 'a6af280e'}",nemotron-mini_4b__N120
2,real_mixed_22,nemotron-mini:4b_baseline,1.5508177280426023,76.14,0,fallback,0.1428571428571428,0.6666666666666666,0.2352941176470588,0.0,0,26.5,29.1,35.6,252.1,252.1,24329.0,60.1,2461.9,2572.4,"{'timestamp': '2026-09-09T03:51:38.136872+00:00', 'model_version': 'nemotron-mini:4b', 'prompt_hash': 'a6af280e'}",nemotron-mini_4b__N120
2,real_mixed_23,nemotron-mini:4b_baseline,2.0488290786743164,73.28,0,direct_json,0.5,0.1764705882352941,0.2608695652173913,0.0,0,20.5,26.9,27.0,252.8,252.8,24435.8,60.4,2461.9,2572.4,"{'timestamp': '2026-09-09T03:51:40.204337+00:00', 'model_version': 'nemotron-mini:4b', 'prompt_hash': 'a6af280e'}",nemotron-mini_4b__N120
2,real_mixed_24,nemotron-mini:4b_baseline,3.0648481845855713,72.56,0,direct_json,0.2666666666666666,0.3636363636363636,0.3076923076923076,0.0,0,23.2,32.9,16.3,253.5,253.5,24436.5,60.3,2461.9,2572.4,"{'timestamp': '2026-09-09T03:51:43.291931+00:00', 'model_version': 'nemotron-mini:4b', 'prompt_hash': 'a6af280e'}",nemotron-mini_4b__N120
2,real_mixed_25,nemotron-mini:4b_baseline,1.0240118503570557,75.11,0,direct_json,0.5,0.0588235294117647,0.1052631578947368,0.0,0,22.8,23.1,54.2,254.2,254.2,24336.4,60.2,2461.9,2572.4,"{'timestamp': '2026-09-09T03:51:44.348412+00:00', 'model_version': 'nemotron-mini:4b', 'prompt_hash': 'a6af280e'}",nemotron-mini_4b__N120
2,real_mixed_26,nemotron-mini:4b_baseline,1.5514159202575684,74.43,0,fallback,0.25,0.0238095238095238,0.0434782608695652,0.0,0,17.6,18.1,36.2,255.0,255.0,24386.4,60.2,2461.9,2572.4,"{'timestamp': '2026-09-09T03:51:45.960200+00:00', 'model_version': 'nemotron-mini:4b', 'prompt_hash': 'a6af280e'}",nemotron-mini_4b__N120
2,real_mixed_28,nemotron-mini:4b_baseline,0.0,0.0,2,failed,0.0,0.0,0.0,0.0,0,0.0,0.0,0.0,0.0,0.0,0.0,0.0,0.0,0.0,"{'timestamp': '2026-09-09T03:51:59.230759+00:00', 'model_version': 'nemotron-mini:4b', 'prompt_hash': 'a6af280e'}",nemotron-mini_4b__N120
2,real_mixed_29,nemotron-mini:4b_baseline,2.545381784439087,73.8,1,fallback,0.25,0.4,0.3076923076923077,0.0,0,18.9,27.7,21.2,255.7,255.7,24646.5,60.8,2461.9,2572.4,"{'timestamp': '2026-09-09T03:52:03.844898+00:00', 'model_version': 'nemotron-mini:4b', 'prompt_hash': 'a6af280e'}",nemotron-mini_4b__N120
2,real_mixed_30,nemotron-mini:4b_baseline,0.0,0.0,2,failed,0.0,0.0,0.0,0.0,0,0.0,0.0,0.0,0.0,0.0,0.0,0.0,0.0,0.0,"{'timestamp': '2026-09-09T03:52:09.955869+00:00', 'model_version': 'nemotron-mini:4b', 'prompt_hash': 'a6af280e'}",nemotron-mini_4b__N120
3,real_mixed_31,nemotron-mini:4b_baseline,1.5447108745574951,77.42,0,direct_json,0.4444444444444444,0.8,0.5714285714285714,0.0,0,12.4,12.6,35.0,255.8,255.8,24703.3,60.9,2461.9,2572.4,"{'timestamp': '2026-09-09T03:52:11.525106+00:00', 'model_version': 'nemotron-mini:4b', 'prompt_hash': 'a6af280e'}",nemotron-mini_4b__N120
3,real_mixed_32,nemotron-mini:4b_baseline,0.0,0.0,2,failed,0.0,0.0,0.0,0.0,0,0.0,0.0,0.0,0.0,0.0,0.0,0.0,0.0,0.0,"{'timestamp': '2026-09-09T03:52:17.673581+00:00', 'model_version': 'nemotron-mini:4b', 'prompt_hash': 'a6af280e'}",nemotron-mini_4b__N120
3,real_mixed_33,nemotron-mini:4b_baseline,1.5301289558410645,75.09,0,direct_json,1.0,0.1333333333333333,0.2352941176470588,0.0,0,19.2,26.8,35.8,255.8,255.8,24582.8,60.6,2461.9,2572.4,"{'timestamp': '2026-09-09T03:52:19.232888+00:00', 'model_version': 'nemotron-mini:4b', 'prompt_hash': 'a6af280e'}",nemotron-mini_4b__N120
3,real_mixed_34,nemotron-mini:4b_baseline,3.05184006690979,73.18,0,direct_json,0.5333333333333333,0.5714285714285714,0.5517241379310344,0.0,0,11.7,15.7,17.6,255.8,255.8,24716.6,60.9,2461.9,2572.4,"{'timestamp': '2026-09-09T03:52:22.300140+00:00', 'model_version': 'nemotron-mini:4b', 'prompt_hash': 'a6af280e'}",nemotron-mini_4b__N120
3,real_mixed_35,nemotron-mini:4b_baseline,2.050316095352173,73.74,0,fallback,0.0,0.0,0.0,0.75,12,17.6,24.6,26.2,255.9,255.9,24665.1,60.8,2461.9,2572.4,"{'timestamp': '2026-09-09T03:52:24.380887+00:00', 'model_version': 'nemotron-mini:4b', 'prompt_hash': 'a6af280e'}",nemotron-mini_4b__N120
3,real_mixed_36,nemotron-mini:4b_baseline,1.0347819328308103,76.29,0,fallback,0.0,0.0,0.0,0.0,0,16.4,18.8,52.2,255.9,255.9,24723.1,60.9,2461.9,2572.4,"{'timestamp': '2026-09-09T03:52:25.452544+00:00', 'model_version': 'nemotron-mini:4b', 'prompt_hash': 'a6af280e'}",nemotron-mini_4b__N120
3,real_mixed_37,nemotron-mini:4b_baseline,2.046705961227417,73.8,0,direct_json,0.4,0.1333333333333333,0.2,0.2,1,17.9,24.9,26.6,255.9,255.9,24759.3,61.0,2461.9,2572.4,"{'timestamp': '2026-09-09T03:52:27.533200+00:00', 'model_version': 'nemotron-mini:4b', 'prompt_hash': 'a6af280e'}",nemotron-mini_4b__N120
3,real_mixed_38,nemotron-mini:4b_baseline,1.5430428981781006,74.32,0,direct_json,1.0,0.1111111111111111,0.1999999999999999,0.0,0,24.2,30.5,35.4,255.9,255.9,24748.9,61.0,2461.9,2572.4,"{'timestamp': '2026-09-09T03:52:29.114377+00:00', 'model_version': 'nemotron-mini:4b', 'prompt_hash': 'a6af280e'}",nemotron-mini_4b__N120
3,real_mixed_39,nemotron-mini:4b_baseline,1.5389750003814695,74.03,0,direct_json,0.5,0.25,0.3333333333333333,0.0,0,19.3,24.5,34.8,255.9,255.9,24897.5,61.3,2461.9,2572.4,"{'timestamp': '2026-09-09T03:52:30.675127+00:00', 'model_version': 'nemotron-mini:4b', 'prompt_hash': 'a6af280e'}",nemotron-mini_4b__N120
3,real_mixed_40,nemotron-mini:4b_baseline,1.0222349166870115,75.91,0,direct_json,1.0,0.2,0.3333333333333333,0.0,0,16.8,19.1,54.1,255.9,255.9,24867.0,61.2,2461.9,2572.4,"{'timestamp': '2026-09-09T03:52:31.726055+00:00', 'model_version': 'nemotron-mini:4b', 'prompt_hash': 'a6af280e'}",nemotron-mini_4b__N120
4,real_mixed_42,nemotron-mini:4b_baseline,2.5566000938415527,73.13,0,direct_json,0.6,0.3103448275862069,0.4090909090909091,0.0,0,13.8,15.7,21.0,256.0,256.0,24930.5,61.3,2461.9,2572.4,"{'timestamp': '2026-09-09T03:52:36.916283+00:00', 'model_version': 'nemotron-mini:4b', 'prompt_hash': 'a6af280e'}",nemotron-mini_4b__N120
4,real_mixed_43,nemotron-mini:4b_baseline,4.556698799133301,66.69,0,direct_json,0.5714285714285714,0.3636363636363636,0.4444444444444444,0.0714285714285714,1,20.9,32.6,12.6,256.0,256.0,24937.4,61.3,2461.9,2572.4,"{'timestamp': '2026-09-09T03:52:41.500214+00:00', 'model_version': 'nemotron-mini:4b', 'prompt_hash': 'a6af280e'}",nemotron-mini_4b__N120
4,real_mixed_44,nemotron-mini:4b_baseline,4.062657117843628,70.86,0,direct_json,0.4545454545454545,0.5,0.4761904761904761,0.0909090909090909,2,25.1,36.1,12.4,256.0,256.0,25034.4,61.5,2461.9,2572.4,"{'timestamp': '2026-09-09T03:52:45.589446+00:00', 'model_version': 'nemotron-mini:4b', 'prompt_hash': 'a6af280e'}",nemotron-mini_4b__N120
4,real_mixed_45,nemotron-mini:4b_baseline,1.024731159210205,74.34,0,direct_json,1.0,0.125,0.2222222222222222,0.0,0,24.8,25.5,53.6,256.0,256.0,25088.7,61.7,2461.9,2572.4,"{'timestamp': '2026-09-09T03:52:46.636989+00:00', 'model_version': 'nemotron-mini:4b', 'prompt_hash': 'a6af280e'}",nemotron-mini_4b__N120
4,real_mixed_46,nemotron-mini:4b_baseline,1.0092628002166748,74.21,0,direct_json,1.0,0.2,0.3333333333333333,0.0,0,15.2,16.7,52.2,256.0,256.0,25068.5,61.6,2461.9,2572.4,"{'timestamp': '2026-09-09T03:52:47.662794+00:00', 'model_version': 'nemotron-mini:4b', 'prompt_hash': 'a6af280e'}",nemotron-mini_4b__N120
4,real_mixed_47,nemotron-mini:4b_baseline,3.5608599185943604,71.74,0,direct_json,0.32,0.2857142857142857,0.3018867924528302,0.04,1,24.3,36.9,15.2,256.0,256.0,25047.3,61.5,2461.9,2572.4,"{'timestamp': '2026-09-09T03:52:51.270228+00:00', 'model_version': 'nemotron-mini:4b', 'prompt_hash': 'a6af280e'}",nemotron-mini_4b__N120
4,real_mixed_48,nemotron-mini:4b_baseline,1.5427360534667969,75.08,0,direct_json,0.5,0.1,0.1666666666666666,0.0,0,16.1,18.8,35.6,256.0,256.0,25053.7,61.6,2461.9,2572.4,"{'timestamp': '2026-09-09T03:52:52.833359+00:00', 'model_version': 'nemotron-mini:4b', 'prompt_hash': 'a6af280e'}",nemotron-mini_4b__N120
4,real_mixed_49,nemotron-mini:4b_baseline,2.556684970855713,72.58,0,direct_json,0.3333333333333333,0.1666666666666666,0.2222222222222222,0.2222222222222222,2,20.8,35.5,21.1,256.0,256.0,25042.6,61.6,2461.9,2572.4,"{'timestamp': '2026-09-09T03:52:55.428582+00:00', 'model_version': 'nemotron-mini:4b', 'prompt_hash': 'a6af280e'}",nemotron-mini_4b__N120
4,real_mixed_50,nemotron-mini:4b_baseline,0.0,0.0,2,failed,0.0,0.0,0.0,0.0,0,0.0,0.0,0.0,0.0,0.0,0.0,0.0,0.0,0.0,"{'timestamp': '2026-09-09T03:53:01.579546+00:00', 'model_version': 'nemotron-mini:4b', 'prompt_hash': 'a6af280e'}",nemotron-mini_4b__N120
5,real_mixed_51,nemotron-mini:4b_baseline,2.044013023376465,73.74,0,direct_json,0.4444444444444444,0.2666666666666666,0.3333333333333333,0.0,0,9.9,14.6,27.1,256.2,256.2,24998.0,61.5,2461.9,2572.4,"{'timestamp': '2026-09-09T03:53:03.672583+00:00', 'model_version': 'nemotron-mini:4b', 'prompt_hash': 'a6af280e'}",nemotron-mini_4b__N120
5,real_mixed_52,nemotron-mini:4b_baseline,0.0,0.0,2,failed,0.0,0.0,0.0,0.0,0,0.0,0.0,0.0,0.0,0.0,0.0,0.0,0.0,0.0,"{'timestamp': '2026-09-09T03:53:10.325808+00:00', 'model_version': 'nemotron-mini:4b', 'prompt_hash': 'a6af280e'}",nemotron-mini_4b__N120
5,real_mixed_53,nemotron-mini:4b_baseline,0.0,0.0,2,failed,0.0,0.0,0.0,0.0,0,0.0,0.0,0.0,0.0,0.0,0.0,0.0,0.0,0.0,"{'timestamp': '2026-09-09T03:53:18.501718+00:00', 'model_version': 'nemotron-mini:4b', 'prompt_hash': 'a6af280e'}",nemotron-mini_4b__N120
5,real_mixed_54,nemotron-mini:4b_baseline,1.0282158851623535,77.63,0,direct_json,0.6666666666666666,0.5,0.5714285714285715,0.0,0,13.9,16.3,53.0,256.2,256.2,25063.2,61.6,2461.9,2572.4,"{'timestamp': '2026-09-09T03:53:19.552411+00:00', 'model_version': 'nemotron-mini:4b', 'prompt_hash': 'a6af280e'}",nemotron-mini_4b__N120
5,real_mixed_55,nemotron-mini:4b_baseline,2.5424928665161133,73.49,0,direct_json,0.6875,0.55,0.6111111111111112,0.0,0,16.5,26.2,21.2,256.2,256.2,25131.3,61.7,2461.9,2572.4,"{'timestamp': '2026-09-09T03:53:22.129469+00:00', 'model_version': 'nemotron-mini:4b', 'prompt_hash': 'a6af280e'}",nemotron-mini_4b__N120
5,real_mixed_56,nemotron-mini:4b_baseline,1.535435914993286,73.91,0,direct_json,0.6,0.1153846153846153,0.1935483870967742,0.0,0,19.0,22.6,35.3,256.2,256.2,25093.9,61.7,2461.9,2572.4,"{'timestamp': '2026-09-09T03:53:23.709254+00:00', 'model_version': 'nemotron-mini:4b', 'prompt_hash': 'a6af280e'}",nemotron-mini_4b__N120
5,real_mixed_57,nemotron-mini:4b_baseline,1.5371363162994385,76.54,0,direct_json,0.7,0.3333333333333333,0.4516129032258064,0.0,0,14.9,16.0,35.4,256.2,256.2,25075.4,61.6,2461.9,2572.4,"{'timestamp': '2026-09-09T03:53:25.281027+00:00', 'model_version': 'nemotron-mini:4b', 'prompt_hash': 'a6af280e'}",nemotron-mini_4b__N120
5,real_mixed_58,nemotron-mini:4b_baseline,3.0551109313964844,73.72,0,fallback,0.075,0.1666666666666666,0.1034482758620689,0.75,30,16.1,29.8,17.5,256.2,256.2,25133.6,61.8,2461.9,2572.4,"{'timestamp': '2026-09-09T03:53:28.373665+00:00', 'model_version': 'nemotron-mini:4b', 'prompt_hash': 'a6af280e'}",nemotron-mini_4b__N120
5,real_mixed_60,nemotron-mini:4b_baseline,2.5526750087738037,73.77,0,direct_json,0.6363636363636364,0.5,0.56,0.0,0,14.0,22.7,21.2,256.2,256.2,25210.1,61.9,2461.9,2572.4,"{'timestamp': '2026-09-09T03:53:33.540734+00:00', 'model_version': 'nemotron-mini:4b', 'prompt_hash': 'a6af280e'}",nemotron-mini_4b__N120
6,real_mixed_61,nemotron-mini:4b_baseline,4.058841228485107,67.3,0,direct_json,0.6363636363636364,0.1944444444444444,0.2978723404255319,0.0,0,15.0,28.6,13.3,256.4,256.4,25248.9,62.0,2461.9,2572.4,"{'timestamp': '2026-09-09T03:53:37.670067+00:00', 'model_version': 'nemotron-mini:4b', 'prompt_hash': 'a6af280e'}",nemotron-mini_4b__N120
6,real_mixed_62,nemotron-mini:4b_baseline,2.04156494140625,73.39,0,direct_json,0.5,0.1111111111111111,0.1818181818181818,0.0,0,12.2,26.0,26.7,256.4,256.4,25345.4,62.1,2461.9,2572.4,"{'timestamp': '2026-09-09T03:53:39.738742+00:00', 'model_version': 'nemotron-mini:4b', 'prompt_hash': 'a6af280e'}",nemotron-mini_4b__N120
6,real_mixed_63,nemotron-mini:4b_baseline,0.0,0.0,2,failed,0.0,0.0,0.0,0.0,0,0.0,0.0,0.0,0.0,0.0,0.0,0.0,0.0,0.0,"{'timestamp': '2026-09-09T03:53:46.392221+00:00', 'model_version': 'nemotron-mini:4b', 'prompt_hash': 'a6af280e'}",nemotron-mini_4b__N120
6,real_mixed_64,nemotron-mini:4b_baseline,0.0,0.0,2,failed,0.0,0.0,0.0,0.0,0,0.0,0.0,0.0,0.0,0.0,0.0,0.0,0.0,0.0,"{'timestamp': '2026-09-09T03:53:53.016671+00:00', 'model_version': 'nemotron-mini:4b', 'prompt_hash': 'a6af280e'}",nemotron-mini_4b__N120
6,real_mixed_65,nemotron-mini:4b_baseline,2.551893949508667,73.09,0,direct_json,0.5555555555555556,0.4545454545454545,0.5,0.0,0,18.0,22.9,21.0,256.4,256.4,25313.5,62.1,2461.9,2572.4,"{'timestamp': '2026-09-09T03:53:55.595119+00:00', 'model_version': 'nemotron-mini:4b', 'prompt_hash': 'a6af280e'}",nemotron-mini_4b__N120
6,real_mixed_66,nemotron-mini:4b_baseline,1.5335099697113037,73.59,0,direct_json,0.6666666666666666,0.0769230769230769,0.1379310344827586,0.0,0,25.7,28.8,35.6,256.4,256.4,25363.8,62.2,2461.9,2572.4,"{'timestamp': '2026-09-09T03:53:57.156776+00:00', 'model_version': 'nemotron-mini:4b', 'prompt_hash': 'a6af280e'}",nemotron-mini_4b__N120
6,real_mixed_67,nemotron-mini:4b_baseline,2.53617000579834,73.27,0,direct_json,0.4615384615384615,0.2727272727272727,0.3428571428571428,0.2307692307692307,3,17.6,28.4,20.6,256.4,256.4,25388.4,62.3,2461.9,2572.4,"{'timestamp': '2026-09-09T03:53:59.731426+00:00', 'model_version': 'nemotron-mini:4b', 'prompt_hash': 'a6af280e'}",nemotron-mini_4b__N120
6,real_mixed_68,nemotron-mini:4b_baseline,2.56770920753479,66.93,0,direct_json,0.8,0.4210526315789473,0.5517241379310345,0.0,0,37.5,66.0,21.2,256.4,256.4,25453.1,62.4,2461.9,2572.4,"{'timestamp': '2026-09-09T03:54:02.319809+00:00', 'model_version': 'nemotron-mini:4b', 'prompt_hash': 'a6af280e'}",nemotron-mini_4b__N120
6,real_mixed_69,nemotron-mini:4b_baseline,0.0,0.0,2,failed,0.0,0.0,0.0,0.0,0,0.0,0.0,0.0,0.0,0.0,0.0,0.0,0.0,0.0,"{'timestamp': '2026-09-09T03:54:13.532979+00:00', 'model_version': 'nemotron-mini:4b', 'prompt_hash': 'a6af280e'}",nemotron-mini_4b__N120
6,real_mixed_70,nemotron-mini:4b_baseline,0.0,0.0,2,failed,0.0,0.0,0.0,0.0,0,0.0,0.0,0.0,0.0,0.0,0.0,0.0,0.0,0.0,"{'timestamp': '2026-09-09T03:54:23.243621+00:00', 'model_version': 'nemotron-mini:4b', 'prompt_hash': 'a6af280e'}",nemotron-mini_4b__N120
7,real_mixed_71,nemotron-mini:4b_baseline,3.0532805919647217,72.74,0,direct_json,0.3571428571428571,0.3571428571428571,0.3571428571428571,0.0,0,26.2,35.2,17.7,256.5,256.5,25559.9,62.6,2461.9,2572.4,"{'timestamp': '2026-09-09T03:54:26.335642+00:00', 'model_version': 'nemotron-mini:4b', 'prompt_hash': 'a6af280e'}",nemotron-mini_4b__N120
7,real_mixed_72,nemotron-mini:4b_baseline,2.538782119750977,72.44,0,direct_json,0.3636363636363636,0.2352941176470588,0.2857142857142857,0.0,0,18.4,25.4,21.5,256.5,256.5,25564.3,62.6,2461.9,2572.4,"{'timestamp': '2026-09-09T03:54:28.901898+00:00', 'model_version': 'nemotron-mini:4b', 'prompt_hash': 'a6af280e'}",nemotron-mini_4b__N120
7,real_mixed_73,nemotron-mini:4b_baseline,1.5445199012756348,73.45,0,direct_json,0.8,0.25,0.3809523809523809,0.0,0,18.7,20.5,36.3,256.5,256.5,25694.8,62.9,2461.9,2572.4,"{'timestamp': '2026-09-09T03:54:30.473458+00:00', 'model_version': 'nemotron-mini:4b', 'prompt_hash': 'a6af280e'}",nemotron-mini_4b__N120
7,real_mixed_74,nemotron-mini:4b_baseline,1.5341429710388184,73.81,0,direct_json,0.6,0.25,0.3529411764705882,0.0,0,18.4,27.7,35.7,256.5,256.5,25571.1,62.6,2461.9,2572.4,"{'timestamp': '2026-09-09T03:54:32.036495+00:00', 'model_version': 'nemotron-mini:4b', 'prompt_hash': 'a6af280e'}",nemotron-mini_4b__N120
7,real_mixed_75,nemotron-mini:4b_baseline,1.5168631076812744,73.7,0,direct_json,0.6,0.6,0.6,0.0,0,12.2,12.5,35.5,256.5,256.5,25503.6,62.5,2461.9,2572.4,"{'timestamp': '2026-09-09T03:54:33.565901+00:00', 'model_version': 'nemotron-mini:4b', 'prompt_hash': 'a6af280e'}",nemotron-mini_4b__N120
7,real_mixed_76,nemotron-mini:4b_baseline,1.0323781967163086,78.2,0,direct_json,0.0,0.0,0.0,0.0,0,16.7,19.8,53.8,256.5,256.5,25561.5,62.6,2461.9,2572.4,"{'timestamp': '2026-09-09T03:54:34.604062+00:00', 'model_version': 'nemotron-mini:4b', 'prompt_hash': 'a6af280e'}",nemotron-mini_4b__N120
7,real_mixed_77,nemotron-mini:4b_baseline,0.0,0.0,2,failed,0.0,0.0,0.0,0.0,0,0.0,0.0,0.0,0.0,0.0,0.0,0.0,0.0,0.0,"{'timestamp': '2026-09-09T03:54:41.270250+00:00', 'model_version': 'nemotron-mini:4b', 'prompt_hash': 'a6af280e'}",nemotron-mini_4b__N120
7,real_mixed_78,nemotron-mini:4b_baseline,4.073437213897705,70.39,0,direct_json,0.2857142857142857,0.5714285714285714,0.3809523809523809,0.0714285714285714,1,14.1,28.7,13.4,256.5,256.5,25548.5,62.6,2461.9,2572.4,"{'timestamp': '2026-09-09T03:54:45.367876+00:00', 'model_version': 'nemotron-mini:4b', 'prompt_hash': 'a6af280e'}",nemotron-mini_4b__N120
7,real_mixed_80,nemotron-mini:4b_baseline,3.0589189529418945,71.67,0,direct_json,0.3846153846153846,0.1785714285714285,0.2439024390243902,0.0,0,14.0,17.9,17.7,256.5,256.5,25646.2,62.8,2461.9,2572.4,"{'timestamp': '2026-09-09T03:54:51.555070+00:00', 'model_version': 'nemotron-mini:4b', 'prompt_hash': 'a6af280e'}",nemotron-mini_4b__N120
8,real_mixed_81,nemotron-mini:4b_baseline,1.5384480953216553,76.64,0,direct_json,0.5,0.0714285714285714,0.125,0.0,0,15.2,19.9,33.9,256.7,256.7,25514.0,62.5,2461.9,2572.4,"{'timestamp': '2026-09-09T03:54:53.135898+00:00', 'model_version': 'nemotron-mini:4b', 'prompt_hash': 'a6af280e'}",nemotron-mini_4b__N120
8,real_mixed_82,nemotron-mini:4b_baseline,1.5479652881622314,74.62,0,direct_json,0.0,0.0,0.0,0.0,0,15.8,17.1,34.8,256.7,256.7,25450.3,62.3,2461.9,2572.4,"{'timestamp': '2026-09-09T03:54:54.718204+00:00', 'model_version': 'nemotron-mini:4b', 'prompt_hash': 'a6af280e'}",nemotron-mini_4b__N120
8,real_mixed_83,nemotron-mini:4b_baseline,1.5391359329223633,75.8,0,direct_json,0.5,0.2307692307692307,0.3157894736842105,0.0,0,11.9,13.1,36.2,256.7,256.7,25634.2,62.8,2461.9,2572.4,"{'timestamp': '2026-09-09T03:54:56.286300+00:00', 'model_version': 'nemotron-mini:4b', 'prompt_hash': 'a6af280e'}",nemotron-mini_4b__N120
8,real_mixed_84,nemotron-mini:4b_baseline,0.0,0.0,2,failed,0.0,0.0,0.0,0.0,0,0.0,0.0,0.0,0.0,0.0,0.0,0.0,0.0,0.0,"{'timestamp': '2026-09-09T03:55:02.424820+00:00', 'model_version': 'nemotron-mini:4b', 'prompt_hash': 'a6af280e'}",nemotron-mini_4b__N120
8,real_mixed_85,nemotron-mini:4b_baseline,2.5553948879241943,73.85,0,fallback,0.0714285714285714,0.1111111111111111,0.0869565217391304,0.0,0,23.8,30.2,21.3,256.7,256.7,25555.0,62.6,2461.9,2572.4,"{'timestamp': '2026-09-09T03:55:05.001158+00:00', 'model_version': 'nemotron-mini:4b', 'prompt_hash': 'a6af280e'}",nemotron-mini_4b__N120
8,real_mixed_86,nemotron-mini:4b_baseline,1.5304462909698486,73.5,0,direct_json,0.5,0.1428571428571428,0.2222222222222222,0.0,0,16.7,23.1,35.8,256.7,256.7,25618.9,62.7,2461.9,2572.4,"{'timestamp': '2026-09-09T03:55:06.555228+00:00', 'model_version': 'nemotron-mini:4b', 'prompt_hash': 'a6af280e'}",nemotron-mini_4b__N120
8,real_mixed_87,nemotron-mini:4b_baseline,2.041581153869629,74.26,0,direct_json,0.4285714285714285,0.2727272727272727,0.3333333333333332,0.0,0,20.4,26.1,26.6,256.7,256.7,25520.3,62.5,2461.9,2572.4,"{'timestamp': '2026-09-09T03:55:08.613690+00:00', 'model_version': 'nemotron-mini:4b', 'prompt_hash': 'a6af280e'}",nemotron-mini_4b__N120
8,real_mixed_88,nemotron-mini:4b_baseline,1.5412919521331787,77.38,0,direct_json,0.8571428571428571,0.75,0.7999999999999999,0.0,0,19.8,27.1,35.9,256.7,256.7,25625.1,62.7,2461.9,2572.4,"{'timestamp': '2026-09-09T03:55:10.172682+00:00', 'model_version': 'nemotron-mini:4b', 'prompt_hash': 'a6af280e'}",nemotron-mini_4b__N120
8,real_mixed_89,nemotron-mini:4b_baseline,1.5457878112792969,74.52,0,direct_json,0.4,0.1428571428571428,0.2105263157894736,0.0,0,20.3,25.3,35.0,256.7,256.7,25627.8,62.7,2461.9,2572.4,"{'timestamp': '2026-09-09T03:55:11.744365+00:00', 'model_version': 'nemotron-mini:4b', 'prompt_hash': 'a6af280e'}",nemotron-mini_4b__N120
8,real_mixed_90,nemotron-mini:4b_baseline,1.5357749462127686,73.36,0,direct_json,0.4,0.0909090909090909,0.1481481481481481,0.0,0,17.5,23.4,35.1,256.7,256.7,25525.2,62.5,2461.9,2572.4,"{'timestamp': '2026-09-09T03:55:13.320553+00:00', 'model_version': 'nemotron-mini:4b', 'prompt_hash': 'a6af280e'}",nemotron-mini_4b__N120
9,real_mixed_91,nemotron-mini:4b_baseline,2.0512471199035645,72.4,0,direct_json,0.6666666666666666,0.2352941176470588,0.3478260869565218,0.0,0,26.7,32.6,26.6,256.9,256.9,25526.9,62.5,2461.9,2572.4,"{'timestamp': '2026-09-09T03:55:15.426672+00:00', 'model_version': 'nemotron-mini:4b', 'prompt_hash': 'a6af280e'}",nemotron-mini_4b__N120
9,real_mixed_92,nemotron-mini:4b_baseline,3.057111978530884,72.95,0,direct_json,0.4444444444444444,0.3809523809523809,0.4102564102564102,0.0,0,12.8,19.7,17.7,256.9,256.9,25548.4,62.6,2461.9,2572.4,"{'timestamp': '2026-09-09T03:55:18.513626+00:00', 'model_version': 'nemotron-mini:4b', 'prompt_hash': 'a6af280e'}",nemotron-mini_4b__N120
9,real_mixed_93,nemotron-mini:4b_baseline,2.0306246280670166,72.67,0,direct_json,0.4545454545454545,0.3333333333333333,0.3846153846153846,0.0,0,32.0,37.0,26.3,256.9,256.9,25663.5,62.8,2461.9,2572.4,"{'timestamp': '2026-09-09T03:55:20.573884+00:00', 'model_version': 'nemotron-mini:4b', 'prompt_hash': 'a6af280e'}",nemotron-mini_4b__N120
9,real_mixed_94,nemotron-mini:4b_baseline,1.5279819965362549,73.71,0,direct_json,0.7142857142857143,0.2272727272727272,0.3448275862068965,0.0,0,23.7,27.8,35.8,256.9,256.9,25572.0,62.6,2461.9,2572.4,"{'timestamp': '2026-09-09T03:55:22.140085+00:00', 'model_version': 'nemotron-mini:4b', 'prompt_hash': 'a6af280e'}",nemotron-mini_4b__N120
9,real_mixed_95,nemotron-mini:4b_baseline,2.5513699054718018,74.02,0,direct_json,0.0,0.0,0.0,1.0,5,27.7,31.8,21.1,256.9,256.9,25553.1,62.6,2461.9,2572.4,"{'timestamp': '2026-09-09T03:55:24.706987+00:00', 'model_version': 'nemotron-mini:4b', 'prompt_hash': 'a6af280e'}",nemotron-mini_4b__N120
9,real_mixed_96,nemotron-mini:4b_baseline,1.0295162200927734,75.03,0,direct_json,1.0,0.1428571428571428,0.25,0.0,0,27.1,28.6,53.3,256.9,256.9,25617.3,62.7,2461.9,2572.4,"{'timestamp': '2026-09-09T03:55:25.761252+00:00', 'model_version': 'nemotron-mini:4b', 'prompt_hash': 'a6af280e'}",nemotron-mini_4b__N120
9,real_mixed_97,nemotron-mini:4b_baseline,0.0,0.0,2,failed,0.0,0.0,0.0,0.0,0,0.0,0.0,0.0,0.0,0.0,0.0,0.0,0.0,0.0,"{'timestamp': '2026-09-09T03:55:31.913959+00:00', 'model_version': 'nemotron-mini:4b', 'prompt_hash': 'a6af280e'}",nemotron-mini_4b__N120
9,real_mixed_98,nemotron-mini:4b_baseline,3.0657620429992676,73.07,0,direct_json,0.1428571428571428,0.0588235294117647,0.0833333333333333,0.2142857142857142,3,16.2,27.1,17.8,256.9,256.9,25468.5,62.4,2461.9,2572.4,"{'timestamp': '2026-09-09T03:55:35.032534+00:00', 'model_version': 'nemotron-mini:4b', 'prompt_hash': 'a6af280e'}",nemotron-mini_4b__N120
9,real_mixed_99,nemotron-mini:4b_baseline,2.052185297012329,76.53,0,direct_json,0.0,0.0,0.0,0.0,0,17.9,20.1,26.6,256.9,256.9,25576.4,62.6,2461.9,2572.4,"{'timestamp': '2026-09-09T03:55:37.102746+00:00', 'model_version': 'nemotron-mini:4b', 'prompt_hash': 'a6af280e'}",nemotron-mini_4b__N120
9,real_mixed_100,nemotron-mini:4b_baseline,3.063591957092285,73.06,0,direct_json,0.8125,0.6190476190476191,0.7027027027027026,0.0,0,19.1,32.3,17.2,256.9,256.9,25574.7,62.6,2461.9,2572.4,"{'timestamp': '2026-09-09T03:55:40.201843+00:00', 'model_version': 'nemotron-mini:4b', 'prompt_hash': 'a6af280e'}",nemotron-mini_4b__N120
10,real_mixed_102,nemotron-mini:4b_baseline,1.01959490776062,77.73,0,direct_json,0.0,0.0,0.0,0.0,0,13.9,15.2,54.1,257.0,257.0,25417.8,62.3,2461.9,2572.4,"{'timestamp': '2026-09-09T03:55:48.901421+00:00', 'model_version': 'nemotron-mini:4b', 'prompt_hash': 'a6af280e'}",nemotron-mini_4b__N120
10,real_mixed_103,nemotron-mini:4b_baseline,1.0298643112182615,77.75,0,direct_json,0.3333333333333333,0.3333333333333333,0.3333333333333333,0.0,0,19.2,25.4,53.4,257.0,257.0,25436.7,62.3,2461.9,2572.4,"{'timestamp': '2026-09-09T03:55:49.939650+00:00', 'model_version': 'nemotron-mini:4b', 'prompt_hash': 'a6af280e'}",nemotron-mini_4b__N120
10,real_mixed_104,nemotron-mini:4b_baseline,0.0,0.0,2,failed,0.0,0.0,0.0,0.0,0,0.0,0.0,0.0,0.0,0.0,0.0,0.0,0.0,0.0,"{'timestamp': '2026-09-09T03:55:56.052907+00:00', 'model_version': 'nemotron-mini:4b', 'prompt_hash': 'a6af280e'}",nemotron-mini_4b__N120
10,real_mixed_105,nemotron-mini:4b_baseline,2.0474119186401367,73.57,0,direct_json,0.8333333333333334,0.3333333333333333,0.4761904761904761,0.0,0,11.7,13.8,29.1,257.0,257.0,25483.9,62.4,2461.9,2572.4,"{'timestamp': '2026-09-09T03:55:58.131288+00:00', 'model_version': 'nemotron-mini:4b', 'prompt_hash': 'a6af280e'}",nemotron-mini_4b__N120
10,real_mixed_106,nemotron-mini:4b_baseline,1.0339670181274414,77.04,1,direct_json,0.5,0.3333333333333333,0.4,0.0,0,21.3,23.7,52.9,257.0,257.0,25624.8,62.7,2461.9,2572.4,"{'timestamp': '2026-09-09T03:56:01.212099+00:00', 'model_version': 'nemotron-mini:4b', 'prompt_hash': 'a6af280e'}",nemotron-mini_4b__N120
10,real_mixed_107,nemotron-mini:4b_baseline,5.596986293792725,70.94,0,direct_json,0.2,0.3571428571428571,0.2564102564102564,0.0,0,16.9,30.0,9.7,257.0,257.0,25575.6,62.6,2461.9,2572.4,"{'timestamp': '2026-09-09T03:56:06.828950+00:00', 'model_version': 'nemotron-mini:4b', 'prompt_hash': 'a6af280e'}",nemotron-mini_4b__N120
10,real_mixed_108,nemotron-mini:4b_baseline,1.5524680614471436,74.22,0,direct_json,0.0,0.0,0.0,0.0,0,14.2,15.9,35.3,257.0,257.0,25550.3,62.6,2461.9,2572.4,"{'timestamp': '2026-09-09T03:56:08.403762+00:00', 'model_version': 'nemotron-mini:4b', 'prompt_hash': 'a6af280e'}",nemotron-mini_4b__N120
10,real_mixed_109,nemotron-mini:4b_baseline,2.0420889854431152,73.4,0,direct_json,0.5833333333333334,0.2413793103448276,0.3414634146341463,0.0,0,16.8,24.9,26.4,257.0,257.0,25606.5,62.7,2461.9,2572.4,"{'timestamp': '2026-09-09T03:56:10.485131+00:00', 'model_version': 'nemotron-mini:4b', 'prompt_hash': 'a6af280e'}",nemotron-mini_4b__N120
10,real_mixed_110,nemotron-mini:4b_baseline,2.034523248672486,73.23,0,fallback,0.5,0.0833333333333333,0.1428571428571428,0.0,0,22.5,28.7,26.9,257.0,257.0,25604.6,62.6,2461.9,2572.4,"{'timestamp': '2026-09-09T03:56:12.561558+00:00', 'model_version': 'nemotron-mini:4b', 'prompt_hash': 'a6af280e'}",nemotron-mini_4b__N120
11,real_mixed_111,nemotron-mini:4b_baseline,1.031329870223999,77.08,0,direct_json,1.0,0.1176470588235294,0.2105263157894736,0.0,0,17.8,18.0,51.8,257.2,257.2,25492.8,62.5,2461.9,2572.4,"{'timestamp': '2026-09-09T03:56:13.661965+00:00', 'model_version': 'nemotron-mini:4b', 'prompt_hash': 'a6af280e'}",nemotron-mini_4b__N120
11,real_mixed_112,nemotron-mini:4b_baseline,1.5419862270355225,75.76,0,direct_json,0.4285714285714285,0.375,0.3999999999999999,0.0,0,14.0,15.4,35.5,257.2,257.2,25484.7,62.4,2461.9,2572.4,"{'timestamp': '2026-09-09T03:56:15.219312+00:00', 'model_version': 'nemotron-mini:4b', 'prompt_hash': 'a6af280e'}",nemotron-mini_4b__N120
11,real_mixed_113,nemotron-mini:4b_baseline,1.0235309600830078,75.43,0,direct_json,1.0,0.2,0.3333333333333333,0.0,0,20.6,22.1,52.7,257.2,257.2,25609.3,62.7,2461.9,2572.4,"{'timestamp': '2026-09-09T03:56:16.268242+00:00', 'model_version': 'nemotron-mini:4b', 'prompt_hash': 'a6af280e'}",nemotron-mini_4b__N120
11,real_mixed_114,nemotron-mini:4b_baseline,0.0,0.0,2,failed,0.0,0.0,0.0,0.0,0,0.0,0.0,0.0,0.0,0.0,0.0,0.0,0.0,0.0,"{'timestamp': '2026-09-09T03:56:22.428182+00:00', 'model_version': 'nemotron-mini:4b', 'prompt_hash': 'a6af280e'}",nemotron-mini_4b__N120
11,real_mixed_115,nemotron-mini:4b_baseline,1.0291340351104736,77.73,0,direct_json,1.0,0.5,0.6666666666666666,0.0,0,15.8,17.2,53.9,257.2,257.2,25566.3,62.6,2461.9,2572.4,"{'timestamp': '2026-09-09T03:56:23.470272+00:00', 'model_version': 'nemotron-mini:4b', 'prompt_hash': 'a6af280e'}",nemotron-mini_4b__N120
11,real_mixed_116,nemotron-mini:4b_baseline,1.019087791442871,75.18,0,direct_json,0.0,0.0,0.0,0.0,0,13.8,14.5,64.3,257.2,257.2,25588.4,62.7,2461.9,2572.4,"{'timestamp': '2026-09-09T03:56:24.502855+00:00', 'model_version': 'nemotron-mini:4b', 'prompt_hash': 'a6af280e'}",nemotron-mini_4b__N120
11,real_mixed_117,nemotron-mini:4b_baseline,4.579859018325806,72.64,0,direct_json,0.25,0.3571428571428571,0.2941176470588235,0.1,2,19.9,23.9,12.0,257.2,257.2,25587.8,62.6,2461.9,2572.4,"{'timestamp': '2026-09-09T03:56:29.120066+00:00', 'model_version': 'nemotron-mini:4b', 'prompt_hash': 'a6af280e'}",nemotron-mini_4b__N120
11,real_mixed_118,nemotron-mini:4b_baseline,2.033400058746338,73.78,0,direct_json,1.0,0.875,0.9333333333333332,0.0,0,17.5,21.1,26.5,257.2,257.2,25692.6,62.8,2461.9,2572.4,"{'timestamp': '2026-09-09T03:56:31.174564+00:00', 'model_version': 'nemotron-mini:4b', 'prompt_hash': 'a6af280e'}",nemotron-mini_4b__N120
11,real_mixed_119,nemotron-mini:4b_baseline,1.0333919525146484,75.39,1,direct_json,0.0,0.0,0.0,0.0,0,20.9,22.0,54.5,257.2,257.2,25410.1,62.2,2461.9,2572.4,"{'timestamp': '2026-09-09T03:56:34.762748+00:00', 'model_version': 'nemotron-mini:4b', 'prompt_hash': 'a6af280e'}",nemotron-mini_4b__N120
11,real_mixed_120,nemotron-mini:4b_baseline,0.0,0.0,2,failed,0.0,0.0,0.0,0.0,0,0.0,0.0,0.0,0.0,0.0,0.0,0.0,0.0,0.0,"{'timestamp': '2026-09-09T03:56:42.435573+00:00', 'model_version': 'nemotron-mini:4b', 'prompt_hash': 'a6af280e'}",nemotron-mini_4b__N120
0,real_mixed_2,nemotron-mini:4b_kb_rag,2.0342559814453125,71.94,0,direct_json,0.8333333333333334,0.2941176470588235,0.4347826086956522,0.0,0,14.1,18.9,27.2,491.7,491.7,25595.1,62.6,2461.9,2572.4,"{'timestamp': '2026-09-09T03:56:47.340746+00:00', 'model_version': 'nemotron-mini:4b', 'prompt_hash': 'a6af280e'}",nemotron-mini_4b__N120
0,real_mixed_3,nemotron-mini:4b_kb_rag,2.5511040687561035,71.85,0,direct_json,0.7,0.4117647058823529,0.5185185185185185,0.2,2,22.5,26.5,21.6,492.1,492.1,25591.0,62.6,2461.9,2572.4,"{'timestamp': '2026-09-09T03:56:50.010664+00:00', 'model_version': 'nemotron-mini:4b', 'prompt_hash': 'a6af280e'}",nemotron-mini_4b__N120
0,real_mixed_4,nemotron-mini:4b_kb_rag,3.6412880420684814,71.3,0,direct_json,0.5789473684210527,0.7333333333333333,0.6470588235294117,0.0526315789473684,1,17.7,23.9,17.0,495.5,498.3,25583.0,62.6,2461.9,2572.4,"{'timestamp': '2026-09-09T03:56:53.764743+00:00', 'model_version': 'nemotron-mini:4b', 'prompt_hash': 'a6af280e'}",nemotron-mini_4b__N120
0,real_mixed_5,nemotron-mini:4b_kb_rag,3.5796546936035156,71.39,0,direct_json,0.7058823529411765,0.5714285714285714,0.6315789473684211,0.1176470588235294,2,14.5,28.8,14.8,498.9,498.9,25620.2,62.6,2461.9,2572.4,"{'timestamp': '2026-09-09T03:56:57.466917+00:00', 'model_version': 'nemotron-mini:4b', 'prompt_hash': 'a6af280e'}",nemotron-mini_4b__N120
0,real_mixed_6,nemotron-mini:4b_kb_rag,1.5259439945220947,71.74,0,direct_json,1.0,0.4,0.5714285714285715,0.0,0,17.6,19.8,35.9,499.0,499.1,25553.1,62.4,2461.9,2572.4,"{'timestamp': '2026-09-09T03:56:59.101123+00:00', 'model_version': 'nemotron-mini:4b', 'prompt_hash': 'a6af280e'}",nemotron-mini_4b__N120
0,real_mixed_7,nemotron-mini:4b_kb_rag,4.0888190269470215,71.56,0,direct_json,0.3333333333333333,0.35,0.3414634146341463,0.1904761904761904,4,18.0,31.2,13.6,499.2,499.3,25640.8,62.5,2461.9,2572.4,"{'timestamp': '2026-09-09T03:57:03.311794+00:00', 'model_version': 'nemotron-mini:4b', 'prompt_hash': 'a6af280e'}",nemotron-mini_4b__N120
0,real_mixed_8,nemotron-mini:4b_kb_rag,1.5478768348693848,72.78,0,direct_json,0.5,0.0666666666666666,0.1176470588235294,0.0,0,21.0,22.4,35.5,500.0,500.0,25608.3,62.5,2461.9,2572.4,"{'timestamp': '2026-09-09T03:57:04.979932+00:00', 'model_version': 'nemotron-mini:4b', 'prompt_hash': 'a6af280e'}",nemotron-mini_4b__N120
0,real_mixed_9,nemotron-mini:4b_kb_rag,2.031299829483032,72.38,0,direct_json,0.625,0.3125,0.4166666666666667,0.0,0,18.5,26.4,27.8,500.2,500.2,25616.3,62.5,2461.9,2572.4,"{'timestamp': '2026-09-09T03:57:07.131934+00:00', 'model_version': 'nemotron-mini:4b', 'prompt_hash': 'a6af280e'}",nemotron-mini_4b__N120
0,real_mixed_10,nemotron-mini:4b_kb_rag,2.040133237838745,72.71,0,direct_json,0.5,0.2857142857142857,0.3636363636363636,0.0,0,14.1,17.3,26.9,500.6,500.7,25486.2,62.2,2461.9,2572.4,"{'timestamp': '2026-09-09T03:57:09.288737+00:00', 'model_version': 'nemotron-mini:4b', 'prompt_hash': 'a6af280e'}",nemotron-mini_4b__N120
1,real_mixed_11,nemotron-mini:4b_kb_rag,5.5810229778289795,68.6,0,direct_json,0.6666666666666666,0.5925925925925926,0.627450980392157,0.0416666666666666,1,18.9,30.2,9.9,503.2,503.3,25533.0,62.3,2461.9,2572.4,"{'timestamp': '2026-09-09T03:57:15.011822+00:00', 'model_version': 'nemotron-mini:4b', 'prompt_hash': 'a6af280e'}",nemotron-mini_4b__N120
1,real_mixed_12,nemotron-mini:4b_kb_rag,1.5369389057159424,72.4,0,direct_json,0.7142857142857143,0.4166666666666667,0.5263157894736842,0.0,0,25.5,27.3,36.5,503.7,503.7,25639.6,62.5,2461.9,2572.4,"{'timestamp': '2026-09-09T03:57:16.655986+00:00', 'model_version': 'nemotron-mini:4b', 'prompt_hash': 'a6af280e'}",nemotron-mini_4b__N120
1,real_mixed_13,nemotron-mini:4b_kb_rag,2.0473439693450928,71.52,0,direct_json,0.6,0.1111111111111111,0.1875,0.0,0,20.9,23.4,27.2,503.6,503.6,25524.1,62.3,2461.9,2572.4,"{'timestamp': '2026-09-09T03:57:18.843380+00:00', 'model_version': 'nemotron-mini:4b', 'prompt_hash': 'a6af280e'}",nemotron-mini_4b__N120
1,real_mixed_14,nemotron-mini:4b_kb_rag,5.089285850524902,69.87,0,direct_json,0.4545454545454545,0.6666666666666666,0.5405405405405405,0.3181818181818182,7,19.0,24.7,11.1,503.8,503.8,25645.6,62.6,2461.9,2572.4,"{'timestamp': '2026-09-09T03:57:24.053594+00:00', 'model_version': 'nemotron-mini:4b', 'prompt_hash': 'a6af280e'}",nemotron-mini_4b__N120
1,real_mixed_15,nemotron-mini:4b_kb_rag,2.0381062030792236,72.37,0,direct_json,0.5833333333333334,0.3333333333333333,0.4242424242424242,0.0,0,14.2,15.7,26.7,504.1,504.1,25616.3,62.6,2461.9,2572.4,"{'timestamp': '2026-09-09T03:57:26.216357+00:00', 'model_version': 'nemotron-mini:4b', 'prompt_hash': 'a6af280e'}",nemotron-mini_4b__N120
1,real_mixed_16,nemotron-mini:4b_kb_rag,2.050778865814209,71.88,0,direct_json,0.6,0.25,0.3529411764705882,0.0,0,20.6,24.1,27.0,504.1,504.1,25469.9,62.4,2461.9,2572.4,"{'timestamp': '2026-09-09T03:57:28.384435+00:00', 'model_version': 'nemotron-mini:4b', 'prompt_hash': 'a6af280e'}",nemotron-mini_4b__N120
1,real_mixed_17,nemotron-mini:4b_kb_rag,1.551181077957153,73.78,0,direct_json,0.0,0.0,0.0,0.0,0,18.8,26.9,36.3,504.1,504.1,25506.1,62.5,2461.9,2572.4,"{'timestamp': '2026-09-09T03:57:30.036240+00:00', 'model_version': 'nemotron-mini:4b', 'prompt_hash': 'a6af280e'}",nemotron-mini_4b__N120
1,real_mixed_18,nemotron-mini:4b_kb_rag,3.066789150238037,71.32,0,direct_json,0.5714285714285714,0.5714285714285714,0.5714285714285714,0.0714285714285714,1,16.9,24.5,17.9,504.2,504.2,25563.5,62.6,2461.9,2572.4,"{'timestamp': '2026-09-09T03:57:33.229189+00:00', 'model_version': 'nemotron-mini:4b', 'prompt_hash': 'a6af280e'}",nemotron-mini_4b__N120
1,real_mixed_19,nemotron-mini:4b_kb_rag,1.533439874649048,73.63,0,direct_json,0.8571428571428571,0.2727272727272727,0.4137931034482758,0.0,0,22.2,27.6,35.8,504.2,504.2,25497.7,62.4,2461.9,2572.4,"{'timestamp': '2026-09-09T03:57:34.881134+00:00', 'model_version': 'nemotron-mini:4b', 'prompt_hash': 'a6af280e'}",nemotron-mini_4b__N120
1,real_mixed_20,nemotron-mini:4b_kb_rag,2.563499927520752,72.16,0,direct_json,0.6666666666666666,0.3157894736842105,0.4285714285714285,0.0,0,16.3,28.8,21.5,504.1,504.2,25560.9,62.5,2461.9,2572.4,"{'timestamp': '2026-09-09T03:57:37.564955+00:00', 'model_version': 'nemotron-mini:4b', 'prompt_hash': 'a6af280e'}",nemotron-mini_4b__N120
2,real_mixed_22,nemotron-mini:4b_kb_rag,1.0175440311431885,73.85,0,direct_json,0.25,0.3333333333333333,0.2857142857142857,0.0,0,14.0,15.6,54.2,504.5,504.5,25619.1,62.6,2461.9,2572.4,"{'timestamp': '2026-09-09T03:57:40.870516+00:00', 'model_version': 'nemotron-mini:4b', 'prompt_hash': 'a6af280e'}",nemotron-mini_4b__N120
2,real_mixed_23,nemotron-mini:4b_kb_rag,3.067033052444458,71.84,0,direct_json,0.6470588235294118,0.6470588235294118,0.6470588235294118,0.0,0,16.7,24.7,18.1,504.5,504.5,25525.0,62.4,2461.9,2572.4,"{'timestamp': '2026-09-09T03:57:44.048025+00:00', 'model_version': 'nemotron-mini:4b', 'prompt_hash': 'a6af280e'}",nemotron-mini_4b__N120
2,real_mixed_24,nemotron-mini:4b_kb_rag,3.5514822006225586,71.59,0,direct_json,0.45,0.8181818181818182,0.5806451612903226,0.4,8,15.7,26.2,15.1,504.5,504.5,25574.0,62.5,2461.9,2572.4,"{'timestamp': '2026-09-09T03:57:47.713417+00:00', 'model_version': 'nemotron-mini:4b', 'prompt_hash': 'a6af280e'}",nemotron-mini_4b__N120
2,real_mixed_25,nemotron-mini:4b_kb_rag,2.059072971343994,70.68,0,direct_json,0.5714285714285714,0.2352941176470588,0.3333333333333333,0.0,0,18.2,22.2,27.0,504.5,504.5,25528.2,62.5,2461.9,2572.4,"{'timestamp': '2026-09-09T03:57:49.898334+00:00', 'model_version': 'nemotron-mini:4b', 'prompt_hash': 'a6af280e'}",nemotron-mini_4b__N120
2,real_mixed_26,nemotron-mini:4b_kb_rag,2.0342001914978027,71.9,0,direct_json,0.875,0.1666666666666666,0.2799999999999999,0.0,0,14.1,15.3,26.6,504.5,504.5,25637.2,62.8,2461.9,2572.4,"{'timestamp': '2026-09-09T03:57:52.075665+00:00', 'model_version': 'nemotron-mini:4b', 'prompt_hash': 'a6af280e'}",nemotron-mini_4b__N120
2,real_mixed_28,nemotron-mini:4b_kb_rag,1.534574270248413,72.46,0,direct_json,1.0,0.1111111111111111,0.1999999999999999,0.0,0,20.5,22.7,35.6,504.9,504.9,25452.0,62.4,2461.9,2572.4,"{'timestamp': '2026-09-09T03:57:57.907875+00:00', 'model_version': 'nemotron-mini:4b', 'prompt_hash': 'a6af280e'}",nemotron-mini_4b__N120
2,real_mixed_29,nemotron-mini:4b_kb_rag,3.5739338397979736,71.55,0,direct_json,0.76,0.76,0.76,0.0,0,16.3,29.4,15.3,505.1,505.1,25527.7,62.5,2461.9,2572.4,"{'timestamp': '2026-09-09T03:58:01.613522+00:00', 'model_version': 'nemotron-mini:4b', 'prompt_hash': 'a6af280e'}",nemotron-mini_4b__N120
2,real_mixed_30,nemotron-mini:4b_kb_rag,1.539055109024048,72.75,0,direct_json,0.6666666666666666,0.1538461538461538,0.25,0.0,0,22.3,25.1,35.5,505.1,505.1,25495.8,62.4,2461.9,2572.4,"{'timestamp': '2026-09-09T03:58:03.262843+00:00', 'model_version': 'nemotron-mini:4b', 'prompt_hash': 'a6af280e'}",nemotron-mini_4b__N120
3,real_mixed_31,nemotron-mini:4b_kb_rag,1.5454177856445312,74.18,0,direct_json,0.5,0.4,0.4444444444444445,0.0,0,15.2,28.6,35.7,505.2,505.3,25520.0,62.5,2461.9,2572.4,"{'timestamp': '2026-09-09T03:58:04.943063+00:00', 'model_version': 'nemotron-mini:4b', 'prompt_hash': 'a6af280e'}",nemotron-mini_4b__N120
3,real_mixed_32,nemotron-mini:4b_kb_rag,2.048224925994873,71.79,0,direct_json,0.7,0.4375,0.5384615384615384,0.0,0,13.0,15.2,27.4,505.2,505.2,25625.6,62.6,2461.9,2572.4,"{'timestamp': '2026-09-09T03:58:07.125101+00:00', 'model_version': 'nemotron-mini:4b', 'prompt_hash': 'a6af280e'}",nemotron-mini_4b__N120
3,real_mixed_33,nemotron-mini:4b_kb_rag,2.0583670139312744,71.75,0,direct_json,0.8333333333333334,0.3333333333333333,0.4761904761904761,0.0,0,23.8,30.0,27.0,505.4,505.4,25535.3,62.5,2461.9,2572.4,"{'timestamp': '2026-09-09T03:58:09.308401+00:00', 'model_version': 'nemotron-mini:4b', 'prompt_hash': 'a6af280e'}",nemotron-mini_4b__N120
3,real_mixed_34,nemotron-mini:4b_kb_rag,45.60595083236694,66.11,0,fallback,0.0,0.0,0.0,0.0,0,16.5,40.9,1.2,505.3,505.4,25563.3,62.5,2461.9,2572.4,"{'timestamp': '2026-09-09T03:58:55.033544+00:00', 'model_version': 'nemotron-mini:4b', 'prompt_hash': 'a6af280e'}",nemotron-mini_4b__N120
3,real_mixed_35,nemotron-mini:4b_kb_rag,2.0316240787506104,72.08,0,direct_json,0.5714285714285714,0.3333333333333333,0.4210526315789474,0.0,0,18.2,22.3,27.2,507.2,507.2,25678.1,62.7,2461.9,2572.4,"{'timestamp': '2026-09-09T03:58:57.198907+00:00', 'model_version': 'nemotron-mini:4b', 'prompt_hash': 'a6af280e'}",nemotron-mini_4b__N120
3,real_mixed_36,nemotron-mini:4b_kb_rag,1.533491849899292,73.28,0,direct_json,1.0,0.1363636363636363,0.24,0.0,0,15.2,17.4,35.8,507.2,507.2,25596.1,62.5,2461.9,2572.4,"{'timestamp': '2026-09-09T03:58:58.859429+00:00', 'model_version': 'nemotron-mini:4b', 'prompt_hash': 'a6af280e'}",nemotron-mini_4b__N120
3,real_mixed_37,nemotron-mini:4b_kb_rag,2.0378940105438232,71.99,0,direct_json,0.8571428571428571,0.4,0.5454545454545455,0.0,0,15.3,17.4,28.6,507.2,507.3,25685.2,62.7,2461.9,2572.4,"{'timestamp': '2026-09-09T03:59:01.020739+00:00', 'model_version': 'nemotron-mini:4b', 'prompt_hash': 'a6af280e'}",nemotron-mini_4b__N120
3,real_mixed_38,nemotron-mini:4b_kb_rag,1.527703046798706,72.87,0,direct_json,1.0,0.1666666666666666,0.2857142857142857,0.0,0,16.4,23.7,36.1,507.3,507.3,25556.1,62.4,2461.9,2572.4,"{'timestamp': '2026-09-09T03:59:02.673475+00:00', 'model_version': 'nemotron-mini:4b', 'prompt_hash': 'a6af280e'}",nemotron-mini_4b__N120
3,real_mixed_39,nemotron-mini:4b_kb_rag,1.5441851615905762,73.13,0,direct_json,1.0,0.25,0.4,0.0,0,17.0,19.7,36.2,507.3,507.3,25590.5,62.5,2461.9,2572.4,"{'timestamp': '2026-09-09T03:59:04.326340+00:00', 'model_version': 'nemotron-mini:4b', 'prompt_hash': 'a6af280e'}",nemotron-mini_4b__N120
3,real_mixed_40,nemotron-mini:4b_kb_rag,1.532073974609375,73.1,0,direct_json,0.6,0.2,0.3,0.0,0,11.1,18.3,36.3,507.5,507.5,25654.7,62.7,2461.9,2572.4,"{'timestamp': '2026-09-09T03:59:05.981182+00:00', 'model_version': 'nemotron-mini:4b', 'prompt_hash': 'a6af280e'}",nemotron-mini_4b__N120
4,real_mixed_42,nemotron-mini:4b_kb_rag,45.09516620635986,66.28,0,fallback,0.5,0.1034482758620689,0.1714285714285714,0.0,0,18.6,36.7,1.3,471.7,508.1,25547.9,62.5,2461.9,2572.4,"{'timestamp': '2026-09-09T03:59:53.912340+00:00', 'model_version': 'nemotron-mini:4b', 'prompt_hash': 'a6af280e'}",nemotron-mini_4b__N120
4,real_mixed_43,nemotron-mini:4b_kb_rag,3.5686798095703125,66.68,0,direct_json,0.5,0.0454545454545454,0.0833333333333333,0.0,0,15.7,26.2,15.7,507.1,507.1,25654.7,62.7,2461.9,2572.4,"{'timestamp': '2026-09-09T03:59:57.613502+00:00', 'model_version': 'nemotron-mini:4b', 'prompt_hash': 'a6af280e'}",nemotron-mini_4b__N120
4,real_mixed_44,nemotron-mini:4b_kb_rag,3.547859907150269,71.27,0,direct_json,0.5333333333333333,0.4,0.4571428571428572,0.0,0,15.6,19.4,15.2,507.1,507.1,25627.1,62.6,2461.9,2572.4,"{'timestamp': '2026-09-09T04:00:01.287900+00:00', 'model_version': 'nemotron-mini:4b', 'prompt_hash': 'a6af280e'}",nemotron-mini_4b__N120
4,real_mixed_45,nemotron-mini:4b_kb_rag,2.042344093322754,71.78,0,direct_json,0.6363636363636364,0.4375,0.5185185185185185,0.0,0,17.8,22.5,26.8,507.1,507.1,25648.6,62.7,2461.9,2572.4,"{'timestamp': '2026-09-09T04:00:03.447342+00:00', 'model_version': 'nemotron-mini:4b', 'prompt_hash': 'a6af280e'}",nemotron-mini_4b__N120
4,real_mixed_46,nemotron-mini:4b_kb_rag,1.5245850086212158,73.2,0,direct_json,0.6666666666666666,0.1333333333333333,0.2222222222222222,0.0,0,17.8,24.8,36.4,507.3,507.3,25573.3,62.6,2461.9,2572.4,"{'timestamp': '2026-09-09T04:00:05.081524+00:00', 'model_version': 'nemotron-mini:4b', 'prompt_hash': 'a6af280e'}",nemotron-mini_4b__N120
4,real_mixed_47,nemotron-mini:4b_kb_rag,3.06709885597229,71.89,0,direct_json,0.65,0.4642857142857143,0.5416666666666667,0.0,0,15.2,22.7,17.8,507.3,507.3,25520.4,62.5,2461.9,2572.4,"{'timestamp': '2026-09-09T04:00:08.281256+00:00', 'model_version': 'nemotron-mini:4b', 'prompt_hash': 'a6af280e'}",nemotron-mini_4b__N120
4,real_mixed_48,nemotron-mini:4b_kb_rag,1.541855812072754,73.65,0,direct_json,0.0,0.0,0.0,0.0,0,15.4,17.4,35.9,507.2,507.3,25451.3,62.4,2461.9,2572.4,"{'timestamp': '2026-09-09T04:00:09.927469+00:00', 'model_version': 'nemotron-mini:4b', 'prompt_hash': 'a6af280e'}",nemotron-mini_4b__N120
4,real_mixed_49,nemotron-mini:4b_kb_rag,4.059721946716309,71.26,0,direct_json,0.35,0.3888888888888889,0.3684210526315788,0.2,4,14.2,25.5,13.5,507.2,507.2,25415.5,62.3,2461.9,2572.4,"{'timestamp': '2026-09-09T04:00:14.104097+00:00', 'model_version': 'nemotron-mini:4b', 'prompt_hash': 'a6af280e'}",nemotron-mini_4b__N120
4,real_mixed_50,nemotron-mini:4b_kb_rag,2.0430400371551514,72.32,0,direct_json,0.7142857142857143,0.2631578947368421,0.3846153846153846,0.2857142857142857,2,16.2,21.5,26.7,507.2,507.2,25537.1,62.6,2461.9,2572.4,"{'timestamp': '2026-09-09T04:00:16.276729+00:00', 'model_version': 'nemotron-mini:4b', 'prompt_hash': 'a6af280e'}",nemotron-mini_4b__N120
5,real_mixed_51,nemotron-mini:4b_kb_rag,2.5491058826446533,72.17,0,direct_json,0.6363636363636364,0.4666666666666667,0.5384615384615385,0.0,0,15.5,19.0,21.5,510.5,510.5,25477.5,62.5,2461.9,2572.4,"{'timestamp': '2026-09-09T04:00:18.974932+00:00', 'model_version': 'nemotron-mini:4b', 'prompt_hash': 'a6af280e'}",nemotron-mini_4b__N120
5,real_mixed_52,nemotron-mini:4b_kb_rag,2.029865980148315,71.73,0,direct_json,0.5833333333333334,0.3333333333333333,0.4242424242424242,0.1666666666666666,2,12.6,15.6,27.1,510.4,510.4,25526.8,62.5,2461.9,2572.4,"{'timestamp': '2026-09-09T04:00:21.119138+00:00', 'model_version': 'nemotron-mini:4b', 'prompt_hash': 'a6af280e'}",nemotron-mini_4b__N120
5,real_mixed_53,nemotron-mini:4b_kb_rag,2.0456278324127197,72.1,0,direct_json,0.7,0.4375,0.5384615384615384,0.0,0,13.0,28.4,26.8,509.8,509.8,25614.7,62.8,2461.9,2572.4,"{'timestamp': '2026-09-09T04:00:23.283106+00:00', 'model_version': 'nemotron-mini:4b', 'prompt_hash': 'a6af280e'}",nemotron-mini_4b__N120
5,real_mixed_54,nemotron-mini:4b_kb_rag,1.5353200435638428,73.73,0,direct_json,0.6666666666666666,0.5,0.5714285714285715,0.0,0,15.8,18.2,35.9,509.8,509.8,25445.2,62.4,2461.9,2572.4,"{'timestamp': '2026-09-09T04:00:24.921410+00:00', 'model_version': 'nemotron-mini:4b', 'prompt_hash': 'a6af280e'}",nemotron-mini_4b__N120
5,real_mixed_55,nemotron-mini:4b_kb_rag,5.59384298324585,71.41,0,direct_json,0.25,0.4,0.3076923076923077,0.0625,2,15.7,22.8,10.0,509.8,509.8,25479.1,62.5,2461.9,2572.4,"{'timestamp': '2026-09-09T04:00:30.644376+00:00', 'model_version': 'nemotron-mini:4b', 'prompt_hash': 'a6af280e'}",nemotron-mini_4b__N120
5,real_mixed_56,nemotron-mini:4b_kb_rag,2.5474960803985596,72.08,0,direct_json,0.75,0.3461538461538461,0.4736842105263157,0.0,0,16.1,20.6,21.6,509.8,509.9,25481.5,62.4,2461.9,2572.4,"{'timestamp': '2026-09-09T04:00:33.318092+00:00', 'model_version': 'nemotron-mini:4b', 'prompt_hash': 'a6af280e'}",nemotron-mini_4b__N120
5,real_mixed_57,nemotron-mini:4b_kb_rag,2.045781135559082,73.07,0,direct_json,0.9285714285714286,0.6190476190476191,0.742857142857143,0.0,0,18.6,20.2,26.4,500.3,509.8,25519.6,62.5,2461.9,2572.4,"{'timestamp': '2026-09-09T04:00:35.489632+00:00', 'model_version': 'nemotron-mini:4b', 'prompt_hash': 'a6af280e'}",nemotron-mini_4b__N120
5,real_mixed_58,nemotron-mini:4b_kb_rag,2.034942150115967,72.32,0,direct_json,0.75,0.5,0.6,0.0,0,18.0,28.5,26.7,471.6,471.6,25560.7,62.7,2461.9,2572.4,"{'timestamp': '2026-09-09T04:00:37.642101+00:00', 'model_version': 'nemotron-mini:4b', 'prompt_hash': 'a6af280e'}",nemotron-mini_4b__N120
5,real_mixed_60,nemotron-mini:4b_kb_rag,2.555398941040039,71.61,0,direct_json,0.7272727272727273,0.5714285714285714,0.64,0.0,0,23.2,37.3,21.3,471.6,471.6,25447.4,62.5,2461.9,2572.4,"{'timestamp': '2026-09-09T04:00:43.994356+00:00', 'model_version': 'nemotron-mini:4b', 'prompt_hash': 'a6af280e'}",nemotron-mini_4b__N120
6,real_mixed_61,nemotron-mini:4b_kb_rag,8.602749824523926,65.6,0,direct_json,0.5217391304347826,0.3333333333333333,0.4067796610169491,0.0,0,19.3,50.0,17.6,592.9,593.1,25518.3,62.6,2461.9,2572.4,"{'timestamp': '2026-09-09T04:00:52.844891+00:00', 'model_version': 'nemotron-mini:4b', 'prompt_hash': 'a6af280e'}",nemotron-mini_4b__N120
6,real_mixed_62,nemotron-mini:4b_kb_rag,3.0495429039001465,71.45,0,direct_json,0.7692307692307693,0.5555555555555556,0.6451612903225806,0.0,0,13.5,30.0,17.0,592.8,592.8,25540.9,62.6,2461.9,2572.4,"{'timestamp': '2026-09-09T04:00:47.279634+00:00', 'model_version': 'nemotron-mini:4b', 'prompt_hash': 'a6af280e'}",nemotron-mini_4b__N120
6,real_mixed_63,nemotron-mini:4b_kb_rag,7.103277206420898,72.59,0,direct_json,0.625,0.3333333333333333,0.4347826086956521,0.0,0,14.2,33.4,12.4,593.1,593.1,25501.3,62.6,2461.9,2572.4,"{'timestamp': '2026-09-09T04:00:54.494293+00:00', 'model_version': 'nemotron-mini:4b', 'prompt_hash': 'a6af280e'}",nemotron-mini_4b__N120
6,real_mixed_64,nemotron-mini:4b_kb_rag,3.049370050430298,67.62,0,direct_json,0.3333333333333333,0.5,0.4,0.0,0,20.8,35.6,30.4,592.4,593.1,25251.6,63.6,2461.9,2572.4,"{'timestamp': '2026-09-09T04:00:55.994304+00:00', 'model_version': 'nemotron-mini:4b', 'prompt_hash': 'a6af280e'}",nemotron-mini_4b__N120
6,real_mixed_65,nemotron-mini:4b_kb_rag,2.541275978088379,72.45,0,direct_json,0.5,0.0909090909090909,0.1538461538461538,0.0,0,10.2,23.5,33.9,590.3,593.1,24782.0,64.7,2461.9,2572.4,"{'timestamp': '2026-09-09T04:00:57.139444+00:00', 'model_version': 'nemotron-mini:4b', 'prompt_hash': 'a6af280e'}",nemotron-mini_4b__N120
6,real_mixed_66,nemotron-mini:4b_kb_rag,3.545891761779785,71.04,0,direct_json,0.7692307692307693,0.3846153846153846,0.5128205128205128,0.0,0,21.5,32.2,24.3,589.6,589.6,24463.1,64.8,2461.9,2572.4,"{'timestamp': '2026-09-09T04:00:59.670835+00:00', 'model_version': 'nemotron-mini:4b', 'prompt_hash': 'a6af280e'}",nemotron-mini_4b__N120
6,real_mixed_67,nemotron-mini:4b_kb_rag,4.0589919090271,71.85,0,direct_json,0.6666666666666666,0.2727272727272727,0.3870967741935484,0.2222222222222222,2,20.1,35.5,21.2,589.6,589.7,24447.2,64.7,2461.9,2572.4,"{'timestamp': '2026-09-09T04:01:01.326226+00:00', 'model_version': 'nemotron-mini:4b', 'prompt_hash': 'a6af280e'}",nemotron-mini_4b__N120
6,real_mixed_68,nemotron-mini:4b_kb_rag,4.566221237182617,70.21,0,direct_json,0.5625,0.4736842105263157,0.5142857142857142,0.125,2,18.3,41.7,19.3,588.8,589.7,24276.4,65.1,2461.9,2572.4,"{'timestamp': '2026-09-09T04:01:04.350251+00:00', 'model_version': 'nemotron-mini:4b', 'prompt_hash': 'a6af280e'}",nemotron-mini_4b__N120
6,real_mixed_69,nemotron-mini:4b_kb_rag,7.099431753158569,71.31,0,direct_json,0.4864864864864865,0.6428571428571429,0.5538461538461539,0.2702702702702703,10,19.3,39.0,12.3,585.8,589.7,23698.7,66.3,2461.9,2572.4,"{'timestamp': '2026-09-09T04:01:08.563305+00:00', 'model_version': 'nemotron-mini:4b', 'prompt_hash': 'a6af280e'}",nemotron-mini_4b__N120
6,real_mixed_70,nemotron-mini:4b_kb_rag,5.602208852767944,71.71,0,direct_json,0.6,0.12,0.1999999999999999,0.0,0,17.3,31.2,10.7,584.0,584.1,23394.5,67.0,2461.9,2572.4,"{'timestamp': '2026-09-09T04:01:10.087071+00:00', 'model_version': 'nemotron-mini:4b', 'prompt_hash': 'a6af280e'}",nemotron-mini_4b__N120
7,real_mixed_71,nemotron-mini:4b_kb_rag,4.06646203994751,71.43,0,direct_json,0.4545454545454545,0.3571428571428571,0.4,0.0909090909090909,1,14.0,21.3,21.9,590.6,590.6,23332.3,66.8,2461.9,2572.4,"{'timestamp': '2026-09-09T04:01:14.376654+00:00', 'model_version': 'nemotron-mini:4b', 'prompt_hash': 'a6af280e'}",nemotron-mini_4b__N120
7,real_mixed_72,nemotron-mini:4b_kb_rag,1.5233442783355713,72.2,0,direct_json,1.0,0.2941176470588235,0.4545454545454545,0.0,0,9.1,15.8,36.6,590.5,590.5,23394.1,67.0,2461.9,2572.4,"{'timestamp': '2026-09-09T04:01:11.832085+00:00', 'model_version': 'nemotron-mini:4b', 'prompt_hash': 'a6af280e'}",nemotron-mini_4b__N120
7,real_mixed_73,nemotron-mini:4b_kb_rag,4.571171045303345,71.91,0,direct_json,0.75,0.375,0.5,0.125,1,13.6,27.2,19.0,590.6,590.6,23383.5,66.9,2461.9,2572.4,"{'timestamp': '2026-09-09T04:01:16.518414+00:00', 'model_version': 'nemotron-mini:4b', 'prompt_hash': 'a6af280e'}",nemotron-mini_4b__N120
7,real_mixed_74,nemotron-mini:4b_kb_rag,3.5396039485931396,72.17,0,direct_json,0.6666666666666666,0.5,0.5714285714285715,0.3333333333333333,3,16.7,27.1,24.8,590.6,590.6,23429.6,67.0,2461.9,2572.4,"{'timestamp': '2026-09-09T04:01:18.029084+00:00', 'model_version': 'nemotron-mini:4b', 'prompt_hash': 'a6af280e'}",nemotron-mini_4b__N120
7,real_mixed_75,nemotron-mini:4b_kb_rag,3.0361568927764893,72.49,0,direct_json,0.25,0.2,0.2222222222222222,0.25,1,16.4,22.2,28.7,590.6,590.6,23333.5,66.8,2461.9,2572.4,"{'timestamp': '2026-09-09T04:01:19.657972+00:00', 'model_version': 'nemotron-mini:4b', 'prompt_hash': 'a6af280e'}",nemotron-mini_4b__N120
7,real_mixed_76,nemotron-mini:4b_kb_rag,2.039098024368286,74.24,0,direct_json,0.0,0.0,0.0,0.0,0,18.3,21.8,27.3,590.6,590.6,23332.3,66.8,2461.9,2572.4,"{'timestamp': '2026-09-09T04:01:20.160719+00:00', 'model_version': 'nemotron-mini:4b', 'prompt_hash': 'a6af280e'}",nemotron-mini_4b__N120
7,real_mixed_77,nemotron-mini:4b_kb_rag,3.0495400428771973,71.88,0,direct_json,0.6153846153846154,0.3478260869565217,0.4444444444444444,0.1538461538461538,2,14.9,24.0,29.1,594.0,594.6,23358.3,66.9,2461.9,2572.4,"{'timestamp': '2026-09-09T04:01:22.849820+00:00', 'model_version': 'nemotron-mini:4b', 'prompt_hash': 'a6af280e'}",nemotron-mini_4b__N120
7,real_mixed_78,nemotron-mini:4b_kb_rag,6.60122013092041,67.91,0,direct_json,0.0625,0.1428571428571428,0.0869565217391304,0.5625,9,16.8,25.4,13.5,594.7,594.8,23319.1,66.8,2461.9,2572.4,"{'timestamp': '2026-09-09T04:01:26.893776+00:00', 'model_version': 'nemotron-mini:4b', 'prompt_hash': 'a6af280e'}",nemotron-mini_4b__N120
7,real_mixed_80,nemotron-mini:4b_kb_rag,8.105323076248169,69.97,0,direct_json,0.6956521739130435,0.5714285714285714,0.6274509803921569,0.0869565217391304,2,13.8,20.8,7.1,525.3,525.4,23272.8,66.7,2461.9,2572.4,"{'timestamp': '2026-09-09T04:01:35.152170+00:00', 'model_version': 'nemotron-mini:4b', 'prompt_hash': 'a6af280e'}",nemotron-mini_4b__N120
8,real_mixed_81,nemotron-mini:4b_kb_rag,1.5315237045288086,72.81,0,direct_json,0.75,0.2142857142857142,0.3333333333333333,0.0,0,26.2,32.1,79.2,593.5,593.5,23524.4,67.2,2461.9,2572.4,"{'timestamp': '2026-09-09T04:01:36.904649+00:00', 'model_version': 'nemotron-mini:4b', 'prompt_hash': 'a6af280e'}",nemotron-mini_4b__N120
8,real_mixed_82,nemotron-mini:4b_kb_rag,4.073749780654907,71.44,0,direct_json,0.4666666666666667,0.4117647058823529,0.4374999999999999,0.2666666666666666,4,19.7,32.1,21.6,593.5,593.5,23441.2,67.1,2461.9,2572.4,"{'timestamp': '2026-09-09T04:01:39.450428+00:00', 'model_version': 'nemotron-mini:4b', 'prompt_hash': 'a6af280e'}",nemotron-mini_4b__N120
8,real_mixed_83,nemotron-mini:4b_kb_rag,4.055586099624634,72.65,0,direct_json,0.8888888888888888,0.6153846153846154,0.7272727272727274,0.0,0,15.4,23.1,21.2,593.5,593.5,23434.4,67.1,2461.9,2572.4,"{'timestamp': '2026-09-09T04:01:41.079898+00:00', 'model_version': 'nemotron-mini:4b', 'prompt_hash': 'a6af280e'}",nemotron-mini_4b__N120
8,real_mixed_84,nemotron-mini:4b_kb_rag,3.042259931564331,71.92,0,direct_json,0.75,0.5454545454545454,0.631578947368421,0.0,0,18.6,25.7,28.6,593.4,593.5,23428.4,67.2,2461.9,2572.4,"{'timestamp': '2026-09-09T04:01:42.602632+00:00', 'model_version': 'nemotron-mini:4b', 'prompt_hash': 'a6af280e'}",nemotron-mini_4b__N120
8,real_mixed_85,nemotron-mini:4b_kb_rag,3.040497064590454,72.16,0,direct_json,0.5555555555555556,0.5555555555555556,0.5555555555555556,0.0,0,18.3,26.7,28.9,593.4,593.5,23298.6,67.1,2461.9,2572.4,"{'timestamp': '2026-09-09T04:01:44.238106+00:00', 'model_version': 'nemotron-mini:4b', 'prompt_hash': 'a6af280e'}",nemotron-mini_4b__N120
8,real_mixed_86,nemotron-mini:4b_kb_rag,3.032806158065796,72.39,0,direct_json,0.8333333333333334,0.3571428571428571,0.5,0.0,0,18.2,27.6,29.2,593.5,593.5,23275.7,67.0,2461.9,2572.4,"{'timestamp': '2026-09-09T04:01:45.760106+00:00', 'model_version': 'nemotron-mini:4b', 'prompt_hash': 'a6af280e'}",nemotron-mini_4b__N120
8,real_mixed_87,nemotron-mini:4b_kb_rag,2.0431878566741943,72.2,0,direct_json,0.5,0.0909090909090909,0.1538461538461538,0.0,0,13.8,27.2,42.6,593.5,593.5,23357.3,67.2,2461.9,2572.4,"{'timestamp': '2026-09-09T04:01:46.392342+00:00', 'model_version': 'nemotron-mini:4b', 'prompt_hash': 'a6af280e'}",nemotron-mini_4b__N120
8,real_mixed_88,nemotron-mini:4b_kb_rag,1.5223581790924072,73.75,0,direct_json,1.0,0.5,0.6666666666666666,0.0,0,27.3,37.1,32.3,593.6,593.8,23388.6,67.2,2461.9,2572.4,"{'timestamp': '2026-09-09T04:01:47.394303+00:00', 'model_version': 'nemotron-mini:4b', 'prompt_hash': 'a6af280e'}",nemotron-mini_4b__N120
8,real_mixed_89,nemotron-mini:4b_kb_rag,2.025491952896118,72.32,0,direct_json,0.6666666666666666,0.2857142857142857,0.4,0.0,0,21.2,37.1,41.0,593.8,593.8,23348.2,67.2,2461.9,2572.4,"{'timestamp': '2026-09-09T04:01:48.527988+00:00', 'model_version': 'nemotron-mini:4b', 'prompt_hash': 'a6af280e'}",nemotron-mini_4b__N120
8,real_mixed_90,nemotron-mini:4b_kb_rag,4.065383195877075,71.89,0,direct_json,0.6111111111111112,0.5,0.55,0.0,0,17.0,21.9,13.6,593.8,593.8,23345.4,67.2,2461.9,2572.4,"{'timestamp': '2026-09-09T04:01:51.581748+00:00', 'model_version': 'nemotron-mini:4b', 'prompt_hash': 'a6af280e'}",nemotron-mini_4b__N120
9,real_mixed_91,nemotron-mini:4b_kb_rag,4.067774057388306,72.04,0,direct_json,1.0,0.1764705882352941,0.3,0.0,0,20.8,32.8,22.9,623.5,623.5,23299.4,67.1,2461.9,2572.4,"{'timestamp': '2026-09-09T04:01:55.880201+00:00', 'model_version': 'nemotron-mini:4b', 'prompt_hash': 'a6af280e'}",nemotron-mini_4b__N120
9,real_mixed_92,nemotron-mini:4b_kb_rag,3.05224084854126,71.35,0,direct_json,0.6153846153846154,0.3809523809523809,0.4705882352941176,0.1538461538461538,2,18.2,20.5,41.6,623.5,623.5,23291.8,67.1,2461.9,2572.4,"{'timestamp': '2026-09-09T04:01:54.868527+00:00', 'model_version': 'nemotron-mini:4b', 'prompt_hash': 'a6af280e'}",nemotron-mini_4b__N120
9,real_mixed_93,nemotron-mini:4b_kb_rag,2.5352020263671875,71.6,0,direct_json,0.625,0.3333333333333333,0.4347826086956521,0.0,0,20.3,27.4,34.5,623.5,623.6,23350.7,67.2,2461.9,2572.4,"{'timestamp': '2026-09-09T04:01:57.529065+00:00', 'model_version': 'nemotron-mini:4b', 'prompt_hash': 'a6af280e'}",nemotron-mini_4b__N120
9,real_mixed_94,nemotron-mini:4b_kb_rag,5.06573224067688,70.89,0,direct_json,0.3809523809523809,0.3636363636363636,0.3720930232558139,0.0,0,20.1,28.4,17.3,623.9,624.2,23352.4,67.2,2461.9,2572.4,"{'timestamp': '2026-09-09T04:02:01.087203+00:00', 'model_version': 'nemotron-mini:4b', 'prompt_hash': 'a6af280e'}",nemotron-mini_4b__N120
9,real_mixed_95,nemotron-mini:4b_kb_rag,5.068999290466309,72.74,0,direct_json,0.2857142857142857,0.25,0.2666666666666666,0.0,0,20.4,30.0,17.3,624.7,626.1,23332.5,67.1,2461.9,2572.4,"{'timestamp': '2026-09-09T04:02:02.700890+00:00', 'model_version': 'nemotron-mini:4b', 'prompt_hash': 'a6af280e'}",nemotron-mini_4b__N120
9,real_mixed_96,nemotron-mini:4b_kb_rag,2.5302720069885254,73.24,0,direct_json,1.0,0.1428571428571428,0.25,0.0,0,12.4,18.6,33.8,626.1,626.3,23293.7,67.0,2461.9,2572.4,"{'timestamp': '2026-09-09T04:02:03.722880+00:00', 'model_version': 'nemotron-mini:4b', 'prompt_hash': 'a6af280e'}",nemotron-mini_4b__N120
9,real_mixed_97,nemotron-mini:4b_kb_rag,1.531708002090454,72.84,0,direct_json,1.0,0.1538461538461538,0.2666666666666667,0.0,0,15.6,20.7,53.5,626.4,626.7,23243.9,66.9,2461.9,2572.4,"{'timestamp': '2026-09-09T04:02:04.352036+00:00', 'model_version': 'nemotron-mini:4b', 'prompt_hash': 'a6af280e'}",nemotron-mini_4b__N120
9,real_mixed_98,nemotron-mini:4b_kb_rag,43.02210474014282,65.89,0,fallback,0.5,0.1764705882352941,0.2608695652173913,0.0,0,17.4,30.8,2.1,591.5,626.9,23300.8,67.0,2461.9,2572.4,"{'timestamp': '2026-09-09T04:02:46.885674+00:00', 'model_version': 'nemotron-mini:4b', 'prompt_hash': 'a6af280e'}",nemotron-mini_4b__N120
9,real_mixed_99,nemotron-mini:4b_kb_rag,44.06951713562012,73.53,0,direct_json,0.1428571428571428,0.1666666666666666,0.1538461538461538,0.2857142857142857,2,16.4,29.8,2.2,589.3,626.9,23299.2,67.0,2461.9,2572.4,"{'timestamp': '2026-09-09T04:02:48.524287+00:00', 'model_version': 'nemotron-mini:4b', 'prompt_hash': 'a6af280e'}",nemotron-mini_4b__N120
9,real_mixed_100,nemotron-mini:4b_kb_rag,3.033676862716675,72.03,0,direct_json,1.0,0.6190476190476191,0.7647058823529412,0.0,0,14.8,19.3,19.4,540.6,540.6,23358.3,67.1,2461.9,2572.4,"{'timestamp': '2026-09-09T04:02:50.055161+00:00', 'model_version': 'nemotron-mini:4b', 'prompt_hash': 'a6af280e'}",nemotron-mini_4b__N120
10,real_mixed_102,nemotron-mini:4b_kb_rag,2.0363340377807617,73.39,0,direct_json,0.0,0.0,0.0,0.0,0,9.1,23.6,52.8,727.1,727.2,23388.6,67.3,2461.9,2572.4,"{'timestamp': '2026-09-09T04:02:52.417762+00:00', 'model_version': 'nemotron-mini:4b', 'prompt_hash': 'a6af280e'}",nemotron-mini_4b__N120
10,real_mixed_103,nemotron-mini:4b_kb_rag,4.061830997467041,73.79,0,direct_json,0.0,0.0,0.0,0.0,0,12.8,30.1,29.9,727.1,727.3,23311.1,67.2,2461.9,2572.4,"{'timestamp': '2026-09-09T04:02:54.455870+00:00', 'model_version': 'nemotron-mini:4b', 'prompt_hash': 'a6af280e'}",nemotron-mini_4b__N120
10,real_mixed_104,nemotron-mini:4b_kb_rag,4.568177938461304,72.24,0,direct_json,0.6428571428571429,0.4285714285714285,0.5142857142857143,0.1428571428571428,2,12.3,22.6,25.9,727.1,727.3,23252.7,67.2,2461.9,2572.4,"{'timestamp': '2026-09-09T04:02:57.122237+00:00', 'model_version': 'nemotron-mini:4b', 'prompt_hash': 'a6af280e'}",nemotron-mini_4b__N120
10,real_mixed_105,nemotron-mini:4b_kb_rag,5.072674989700317,70.92,0,direct_json,0.8181818181818182,0.6,0.6923076923076923,0.0,0,13.0,31.5,24.2,727.2,727.3,23257.6,67.2,2461.9,2572.4,"{'timestamp': '2026-09-09T04:02:58.641562+00:00', 'model_version': 'nemotron-mini:4b', 'prompt_hash': 'a6af280e'}",nemotron-mini_4b__N120
10,real_mixed_106,nemotron-mini:4b_kb_rag,5.076062917709351,73.63,0,direct_json,1.0,0.3333333333333333,0.5,0.0,0,19.0,39.2,23.8,727.2,727.3,23275.0,67.2,2461.9,2572.4,"{'timestamp': '2026-09-09T04:02:59.639125+00:00', 'model_version': 'nemotron-mini:4b', 'prompt_hash': 'a6af280e'}",nemotron-mini_4b__N120
10,real_mixed_107,nemotron-mini:4b_kb_rag,5.577621936798096,70.38,0,direct_json,0.7272727272727273,0.5714285714285714,0.64,0.0,0,19.4,35.1,21.0,712.7,727.3,23272.5,67.3,2461.9,2572.4,"{'timestamp': '2026-09-09T04:03:02.824637+00:00', 'model_version': 'nemotron-mini:4b', 'prompt_hash': 'a6af280e'}",nemotron-mini_4b__N120
10,real_mixed_108,nemotron-mini:4b_kb_rag,5.054508924484253,73.62,0,direct_json,1.0,0.125,0.2222222222222222,0.0,0,17.9,34.1,22.7,695.2,727.3,23251.1,67.2,2461.9,2572.4,"{'timestamp': '2026-09-09T04:03:03.797376+00:00', 'model_version': 'nemotron-mini:4b', 'prompt_hash': 'a6af280e'}",nemotron-mini_4b__N120
10,real_mixed_109,nemotron-mini:4b_kb_rag,7.593600034713745,71.08,0,direct_json,0.5909090909090909,0.4482758620689655,0.5098039215686274,0.0909090909090909,2,19.4,33.8,11.6,668.3,727.3,23233.3,67.2,2461.9,2572.4,"{'timestamp': '2026-09-09T04:03:07.367562+00:00', 'model_version': 'nemotron-mini:4b', 'prompt_hash': 'a6af280e'}",nemotron-mini_4b__N120
10,real_mixed_110,nemotron-mini:4b_kb_rag,7.096311092376709,71.33,0,direct_json,0.6363636363636364,0.2916666666666667,0.4,0.0,0,15.8,31.9,8.7,646.9,646.9,23209.2,67.2,2461.9,2572.4,"{'timestamp': '2026-09-09T04:03:10.044074+00:00', 'model_version': 'nemotron-mini:4b', 'prompt_hash': 'a6af280e'}",nemotron-mini_4b__N120
11,real_mixed_111,nemotron-mini:4b_kb_rag,2.0417799949645996,73.46,0,direct_json,0.5,0.1176470588235294,0.1904761904761904,0.0,0,37.5,100.0,71.7,722.5,730.5,23366.2,67.5,2461.9,2572.4,"{'timestamp': '2026-09-09T04:03:12.410262+00:00', 'model_version': 'nemotron-mini:4b', 'prompt_hash': 'a6af280e'}",nemotron-mini_4b__N120
11,real_mixed_112,nemotron-mini:4b_kb_rag,3.5480802059173584,72.84,0,direct_json,0.5,0.5,0.5,0.0,0,24.4,70.0,35.9,721.3,730.6,23318.4,67.3,2461.9,2572.4,"{'timestamp': '2026-09-09T04:03:13.876905+00:00', 'model_version': 'nemotron-mini:4b', 'prompt_hash': 'a6af280e'}",nemotron-mini_4b__N120
11,real_mixed_113,nemotron-mini:4b_kb_rag,5.1315999031066895,72.68,0,direct_json,0.7142857142857143,0.5,0.588235294117647,0.0,0,15.0,33.4,23.4,720.9,730.6,23297.1,67.3,2461.9,2572.4,"{'timestamp': '2026-09-09T04:03:15.477796+00:00', 'model_version': 'nemotron-mini:4b', 'prompt_hash': 'a6af280e'}",nemotron-mini_4b__N120
11,real_mixed_114,nemotron-mini:4b_kb_rag,4.086220979690552,73.25,0,direct_json,0.5,0.0666666666666666,0.1176470588235294,0.0,0,15.5,23.9,29.2,719.8,719.9,23266.3,67.2,2461.9,2572.4,"{'timestamp': '2026-09-09T04:03:16.607472+00:00', 'model_version': 'nemotron-mini:4b', 'prompt_hash': 'a6af280e'}",nemotron-mini_4b__N120
11,real_mixed_115,nemotron-mini:4b_kb_rag,3.0685789585113525,73.15,0,direct_json,1.0,0.25,0.4,0.0,0,21.0,26.5,29.1,719.8,719.9,23287.2,67.2,2461.9,2572.4,"{'timestamp': '2026-09-09T04:03:17.047665+00:00', 'model_version': 'nemotron-mini:4b', 'prompt_hash': 'a6af280e'}",nemotron-mini_4b__N120
11,real_mixed_116,nemotron-mini:4b_kb_rag,2.5534801483154297,72.28,0,direct_json,0.3333333333333333,0.25,0.2857142857142857,0.0,0,26.0,31.4,47.1,720.0,720.2,23312.9,67.3,2461.9,2572.4,"{'timestamp': '2026-09-09T04:03:18.133093+00:00', 'model_version': 'nemotron-mini:4b', 'prompt_hash': 'a6af280e'}",nemotron-mini_4b__N120
11,real_mixed_117,nemotron-mini:4b_kb_rag,4.076613187789917,71.49,0,direct_json,0.2,0.1428571428571428,0.1666666666666666,0.0,0,23.0,33.6,28.6,720.3,720.4,23330.1,67.3,2461.9,2572.4,"{'timestamp': '2026-09-09T04:03:20.815008+00:00', 'model_version': 'nemotron-mini:4b', 'prompt_hash': 'a6af280e'}",nemotron-mini_4b__N120
11,real_mixed_118,nemotron-mini:4b_kb_rag,5.079135179519653,71.98,0,direct_json,0.4545454545454545,0.625,0.5263157894736842,0.0,0,20.8,31.4,23.3,720.3,720.4,23329.2,67.3,2461.9,2572.4,"{'timestamp': '2026-09-09T04:03:22.226472+00:00', 'model_version': 'nemotron-mini:4b', 'prompt_hash': 'a6af280e'}",nemotron-mini_4b__N120
11,real_mixed_119,nemotron-mini:4b_kb_rag,5.582594871520996,72.52,0,direct_json,0.5,0.375,0.4285714285714285,0.1666666666666666,1,18.5,27.5,16.5,720.3,720.4,23314.4,67.3,2461.9,2572.4,"{'timestamp': '2026-09-09T04:03:23.828208+00:00', 'model_version': 'nemotron-mini:4b', 'prompt_hash': 'a6af280e'}",nemotron-mini_4b__N120
11,real_mixed_120,nemotron-mini:4b_kb_rag,4.580394983291626,72.77,0,direct_json,0.4545454545454545,0.4166666666666667,0.4347826086956521,0.0909090909090909,1,17.5,28.5,12.8,720.3,720.4,23279.3,67.3,2461.9,2572.4,"{'timestamp': '2026-09-09T04:03:25.522207+00:00', 'model_version': 'nemotron-mini:4b', 'prompt_hash': 'a6af280e'}",nemotron-mini_4b__N120
0,real_mixed_2,qwen2.5:14b_baseline,6.093123197555542,23.36,0,direct_json,0.8,0.4705882352941176,0.5925925925925927,0.0,0,18.7,37.6,8.8,181.6,181.7,28918.0,74.4,11555.5,8571.7,"{'timestamp': '2026-09-08T22:28:14.595619+00:00', 'model_version': 'qwen2.5:14b', 'prompt_hash': 'a6af280e'}",qwen2.5_14b__N120
0,real_mixed_3,qwen2.5:14b_baseline,6.588917970657349,23.66,0,direct_json,0.8181818181818182,0.5294117647058824,0.6428571428571428,0.0,0,19.2,31.3,8.0,182.4,182.4,28878.4,74.2,11555.5,8571.7,"{'timestamp': '2026-09-08T22:28:21.212335+00:00', 'model_version': 'qwen2.5:14b', 'prompt_hash': 'a6af280e'}",qwen2.5_14b__N120
0,real_mixed_4,qwen2.5:14b_baseline,8.105355978012085,23.44,0,direct_json,0.7692307692307693,0.6666666666666666,0.7142857142857142,0.0,0,17.4,30.4,6.7,183.1,183.2,28905.6,74.1,11555.5,8571.7,"{'timestamp': '2026-09-08T22:28:29.344656+00:00', 'model_version': 'qwen2.5:14b', 'prompt_hash': 'a6af280e'}",qwen2.5_14b__N120
0,real_mixed_5,qwen2.5:14b_baseline,8.116757869720459,23.5,0,direct_json,0.8666666666666667,0.6190476190476191,0.7222222222222222,0.0,0,18.2,30.0,6.5,183.9,183.9,29021.6,74.0,11555.5,8571.7,"{'timestamp': '2026-09-08T22:28:37.491861+00:00', 'model_version': 'qwen2.5:14b', 'prompt_hash': 'a6af280e'}",qwen2.5_14b__N120
0,real_mixed_6,qwen2.5:14b_baseline,7.099867820739746,23.75,0,direct_json,0.8333333333333334,0.75,0.7894736842105262,0.0,0,15.8,24.0,7.5,184.6,184.6,29002.6,73.8,11555.5,8571.7,"{'timestamp': '2026-09-08T22:28:44.622047+00:00', 'model_version': 'qwen2.5:14b', 'prompt_hash': 'a6af280e'}",qwen2.5_14b__N120
0,real_mixed_7,qwen2.5:14b_baseline,9.138226985931396,23.38,0,direct_json,0.7333333333333333,0.55,0.6285714285714286,0.0,0,15.8,27.7,5.9,185.3,185.3,29088.2,73.8,11555.5,8571.7,"{'timestamp': '2026-09-08T22:28:53.789907+00:00', 'model_version': 'qwen2.5:14b', 'prompt_hash': 'a6af280e'}",qwen2.5_14b__N120
0,real_mixed_8,qwen2.5:14b_baseline,6.597496032714844,23.53,0,direct_json,0.7777777777777778,0.4666666666666667,0.5833333333333334,0.0,0,19.1,30.1,8.1,186.0,186.0,29106.2,73.7,11555.5,8571.7,"{'timestamp': '2026-09-08T22:29:00.412992+00:00', 'model_version': 'qwen2.5:14b', 'prompt_hash': 'a6af280e'}",qwen2.5_14b__N120
0,real_mixed_9,qwen2.5:14b_baseline,6.0960609912872314,23.77,0,direct_json,0.6666666666666666,0.375,0.4800000000000001,0.0,0,15.9,22.7,8.9,186.8,186.8,29033.8,73.5,11555.5,8571.7,"{'timestamp': '2026-09-08T22:29:06.536156+00:00', 'model_version': 'qwen2.5:14b', 'prompt_hash': 'a6af280e'}",qwen2.5_14b__N120
0,real_mixed_10,qwen2.5:14b_baseline,5.586346864700317,23.78,0,direct_json,1.0,0.8571428571428571,0.923076923076923,0.0,0,15.6,23.4,9.6,187.6,187.6,29069.3,73.5,11555.5,8571.7,"{'timestamp': '2026-09-08T22:29:12.144379+00:00', 'model_version': 'qwen2.5:14b', 'prompt_hash': 'a6af280e'}",qwen2.5_14b__N120
1,real_mixed_11,qwen2.5:14b_baseline,12.642908096313477,22.79,0,direct_json,0.9545454545454546,0.7777777777777778,0.8571428571428572,0.0,0,21.7,37.8,4.3,188.6,188.6,29160.3,73.6,11555.5,8571.7,"{'timestamp': '2026-09-08T22:29:24.823703+00:00', 'model_version': 'qwen2.5:14b', 'prompt_hash': 'a6af280e'}",qwen2.5_14b__N120
1,real_mixed_12,qwen2.5:14b_baseline,5.085036993026733,23.8,0,direct_json,0.6,0.5,0.5454545454545454,0.0,0,16.6,21.6,10.6,189.5,189.5,29182.5,73.6,11555.5,8571.7,"{'timestamp': '2026-09-08T22:29:29.933990+00:00', 'model_version': 'qwen2.5:14b', 'prompt_hash': 'a6af280e'}",qwen2.5_14b__N120
1,real_mixed_13,qwen2.5:14b_baseline,10.16582202911377,23.23,0,direct_json,0.8095238095238095,0.6296296296296297,0.7083333333333334,0.0,0,18.2,25.5,5.4,190.1,190.1,29150.2,73.5,11555.5,8571.7,"{'timestamp': '2026-09-08T22:29:40.144799+00:00', 'model_version': 'qwen2.5:14b', 'prompt_hash': 'a6af280e'}",qwen2.5_14b__N120
1,real_mixed_14,qwen2.5:14b_baseline,9.133406162261965,23.03,0,direct_json,0.7272727272727273,0.5333333333333333,0.6153846153846153,0.0,0,19.3,38.6,5.9,190.1,190.1,29133.1,73.5,11555.5,8571.7,"{'timestamp': '2026-09-08T22:29:49.305692+00:00', 'model_version': 'qwen2.5:14b', 'prompt_hash': 'a6af280e'}",qwen2.5_14b__N120
1,real_mixed_15,qwen2.5:14b_baseline,7.099090814590454,23.66,0,direct_json,0.7647058823529411,0.6190476190476191,0.6842105263157895,0.0,0,14.6,20.8,7.6,190.1,190.1,29211.9,73.6,11555.5,8571.7,"{'timestamp': '2026-09-08T22:29:56.441579+00:00', 'model_version': 'qwen2.5:14b', 'prompt_hash': 'a6af280e'}",qwen2.5_14b__N120
1,real_mixed_16,qwen2.5:14b_baseline,5.58378005027771,23.6,0,direct_json,1.0,0.75,0.8571428571428571,0.0,0,15.1,23.4,9.8,190.1,190.1,29173.2,73.5,11555.5,8571.7,"{'timestamp': '2026-09-08T22:30:02.046087+00:00', 'model_version': 'qwen2.5:14b', 'prompt_hash': 'a6af280e'}",qwen2.5_14b__N120
1,real_mixed_17,qwen2.5:14b_baseline,3.5539357662200928,24.05,0,direct_json,0.625,1.0,0.7692307692307693,0.0,0,17.2,22.5,15.1,190.1,190.1,29187.5,73.5,11555.5,8571.7,"{'timestamp': '2026-09-08T22:30:05.611985+00:00', 'model_version': 'qwen2.5:14b', 'prompt_hash': 'a6af280e'}",qwen2.5_14b__N120
1,real_mixed_18,qwen2.5:14b_baseline,6.608837127685547,23.51,0,direct_json,0.9166666666666666,0.7857142857142857,0.8461538461538461,0.0,0,18.1,29.0,8.4,190.2,190.2,29148.9,73.4,11555.5,8571.7,"{'timestamp': '2026-09-08T22:30:12.239677+00:00', 'model_version': 'qwen2.5:14b', 'prompt_hash': 'a6af280e'}",qwen2.5_14b__N120
1,real_mixed_19,qwen2.5:14b_baseline,6.098306179046631,23.96,0,direct_json,1.0,0.9090909090909092,0.9523809523809524,0.0,0,16.7,27.2,8.8,190.2,190.2,29204.0,73.5,11555.5,8571.7,"{'timestamp': '2026-09-08T22:30:18.367982+00:00', 'model_version': 'qwen2.5:14b', 'prompt_hash': 'a6af280e'}",qwen2.5_14b__N120
1,real_mixed_20,qwen2.5:14b_baseline,6.600779056549072,23.75,0,direct_json,1.0,0.4736842105263157,0.6428571428571429,0.0,0,12.8,22.7,8.1,190.2,190.2,29122.3,73.3,11555.5,8571.7,"{'timestamp': '2026-09-08T22:30:25.002961+00:00', 'model_version': 'qwen2.5:14b', 'prompt_hash': 'a6af280e'}",qwen2.5_14b__N120
2,real_mixed_22,qwen2.5:14b_baseline,3.060370922088623,24.45,0,direct_json,0.5,0.6666666666666666,0.5714285714285715,0.0,0,20.0,26.7,17.3,190.5,190.5,29206.4,73.5,11555.5,8571.7,"{'timestamp': '2026-09-08T22:30:34.192035+00:00', 'model_version': 'qwen2.5:14b', 'prompt_hash': 'a6af280e'}",qwen2.5_14b__N120
2,real_mixed_23,qwen2.5:14b_baseline,6.094304800033569,23.57,0,direct_json,0.9090909090909092,0.5882352941176471,0.7142857142857143,0.0,0,20.6,33.2,8.8,189.7,190.5,29201.6,73.7,11555.5,8571.7,"{'timestamp': '2026-09-08T22:30:40.304135+00:00', 'model_version': 'qwen2.5:14b', 'prompt_hash': 'a6af280e'}",qwen2.5_14b__N120
2,real_mixed_24,qwen2.5:14b_baseline,5.073271036148071,23.45,0,direct_json,1.0,0.7272727272727273,0.8421052631578948,0.0,0,22.4,33.0,11.0,189.2,189.2,29092.8,73.7,11555.5,8571.7,"{'timestamp': '2026-09-08T22:30:45.391119+00:00', 'model_version': 'qwen2.5:14b', 'prompt_hash': 'a6af280e'}",qwen2.5_14b__N120
2,real_mixed_25,qwen2.5:14b_baseline,5.607719898223877,23.49,0,direct_json,0.8,0.4705882352941176,0.5925925925925927,0.0,0,23.6,30.8,9.5,189.9,189.9,29121.7,73.7,11555.5,8571.7,"{'timestamp': '2026-09-08T22:30:51.025470+00:00', 'model_version': 'qwen2.5:14b', 'prompt_hash': 'a6af280e'}",qwen2.5_14b__N120
2,real_mixed_26,qwen2.5:14b_baseline,12.652460098266602,23.26,0,direct_json,0.7058823529411765,0.5714285714285714,0.6315789473684211,0.0,0,17.8,35.4,4.2,190.5,190.5,29100.4,73.7,11555.5,8571.7,"{'timestamp': '2026-09-08T22:31:03.736876+00:00', 'model_version': 'qwen2.5:14b', 'prompt_hash': 'a6af280e'}",qwen2.5_14b__N120
2,real_mixed_28,qwen2.5:14b_baseline,7.090512990951538,23.66,0,direct_json,0.8181818181818182,0.5,0.6206896551724137,0.0,0,17.3,33.9,7.6,191.8,191.8,28546.2,74.9,11555.5,8571.7,"{'timestamp': '2026-09-08T22:31:25.077640+00:00', 'model_version': 'qwen2.5:14b', 'prompt_hash': 'a6af280e'}",qwen2.5_14b__N120
2,real_mixed_29,qwen2.5:14b_baseline,8.63208532333374,23.68,0,direct_json,0.8260869565217391,0.76,0.7916666666666667,0.0,0,15.3,34.0,6.2,192.6,192.6,28415.1,75.0,11555.5,8571.7,"{'timestamp': '2026-09-08T22:31:33.749304+00:00', 'model_version': 'qwen2.5:14b', 'prompt_hash': 'a6af280e'}",qwen2.5_14b__N120
2,real_mixed_30,qwen2.5:14b_baseline,4.559827089309692,23.92,0,direct_json,1.0,0.6923076923076923,0.8181818181818181,0.0,0,16.2,23.6,11.8,192.6,192.6,28453.4,75.0,11555.5,8571.7,"{'timestamp': '2026-09-08T22:31:38.333478+00:00', 'model_version': 'qwen2.5:14b', 'prompt_hash': 'a6af280e'}",qwen2.5_14b__N120
3,real_mixed_31,qwen2.5:14b_baseline,3.5616002082824707,24.18,0,direct_json,0.6666666666666666,0.8,0.7272727272727272,0.0,0,14.6,23.5,15.1,192.8,192.8,28472.9,75.0,11555.5,8571.7,"{'timestamp': '2026-09-08T22:31:41.920098+00:00', 'model_version': 'qwen2.5:14b', 'prompt_hash': 'a6af280e'}",qwen2.5_14b__N120
3,real_mixed_32,qwen2.5:14b_baseline,5.594920873641968,23.76,0,direct_json,0.7,0.4375,0.5384615384615384,0.0,0,16.9,25.4,9.7,192.8,192.8,28524.0,75.1,11555.5,8571.7,"{'timestamp': '2026-09-08T22:31:47.541096+00:00', 'model_version': 'qwen2.5:14b', 'prompt_hash': 'a6af280e'}",qwen2.5_14b__N120
3,real_mixed_33,qwen2.5:14b_baseline,5.588214874267578,23.74,0,direct_json,0.7777777777777778,0.4666666666666667,0.5833333333333334,0.0,0,19.2,31.2,9.7,192.9,192.9,28445.1,75.1,11555.5,8571.7,"{'timestamp': '2026-09-08T22:31:53.150778+00:00', 'model_version': 'qwen2.5:14b', 'prompt_hash': 'a6af280e'}",qwen2.5_14b__N120
3,real_mixed_34,qwen2.5:14b_baseline,6.5859150886535645,23.64,0,direct_json,0.7272727272727273,0.5714285714285714,0.64,0.0,0,20.4,31.7,8.1,192.9,192.9,28344.1,75.3,11555.5,8571.7,"{'timestamp': '2026-09-08T22:31:59.754908+00:00', 'model_version': 'qwen2.5:14b', 'prompt_hash': 'a6af280e'}",qwen2.5_14b__N120
3,real_mixed_35,qwen2.5:14b_baseline,6.58254599571228,23.49,0,direct_json,0.9166666666666666,0.9166666666666666,0.9166666666666666,0.0,0,17.2,23.6,8.1,192.9,192.9,28322.4,75.5,11555.5,8571.7,"{'timestamp': '2026-09-08T22:32:06.363893+00:00', 'model_version': 'qwen2.5:14b', 'prompt_hash': 'a6af280e'}",qwen2.5_14b__N120
3,real_mixed_36,qwen2.5:14b_baseline,9.134594202041626,23.53,0,direct_json,0.5652173913043478,0.5909090909090909,0.5777777777777778,0.3043478260869565,7,18.7,26.2,5.9,192.6,192.9,28221.3,75.8,11555.5,8571.7,"{'timestamp': '2026-09-08T22:32:15.533195+00:00', 'model_version': 'qwen2.5:14b', 'prompt_hash': 'a6af280e'}",qwen2.5_14b__N120
3,real_mixed_37,qwen2.5:14b_baseline,7.606384992599487,23.52,0,direct_json,0.8571428571428571,0.8,0.8275862068965518,0.0714285714285714,1,16.4,30.5,7.0,192.3,192.3,28054.1,75.8,11555.5,8571.7,"{'timestamp': '2026-09-08T22:32:23.167887+00:00', 'model_version': 'qwen2.5:14b', 'prompt_hash': 'a6af280e'}",qwen2.5_14b__N120
3,real_mixed_38,qwen2.5:14b_baseline,6.607150077819824,23.36,0,direct_json,0.9090909090909092,0.5555555555555556,0.6896551724137931,0.0,0,17.8,29.8,8.2,192.3,192.3,28060.3,75.9,11555.5,8571.7,"{'timestamp': '2026-09-08T22:32:29.801599+00:00', 'model_version': 'qwen2.5:14b', 'prompt_hash': 'a6af280e'}",qwen2.5_14b__N120
3,real_mixed_39,qwen2.5:14b_baseline,4.580817222595215,23.83,0,direct_json,1.0,0.5,0.6666666666666666,0.0,0,16.0,25.2,11.8,192.3,192.3,28039.6,75.8,11555.5,8571.7,"{'timestamp': '2026-09-08T22:32:34.397472+00:00', 'model_version': 'qwen2.5:14b', 'prompt_hash': 'a6af280e'}",qwen2.5_14b__N120
3,real_mixed_40,qwen2.5:14b_baseline,5.576333045959473,23.77,0,direct_json,0.7,0.4666666666666667,0.56,0.0,0,20.0,35.8,9.6,124.2,192.3,28024.0,76.1,11555.5,8571.7,"{'timestamp': '2026-09-08T22:32:40.006673+00:00', 'model_version': 'qwen2.5:14b', 'prompt_hash': 'a6af280e'}",qwen2.5_14b__N120
4,real_mixed_42,qwen2.5:14b_baseline,9.654374122619627,23.36,0,direct_json,0.9047619047619048,0.6551724137931034,0.7599999999999999,0.0,0,15.3,25.7,5.6,117.1,117.2,27972.8,76.2,11555.5,8571.7,"{'timestamp': '2026-09-08T22:32:57.350103+00:00', 'model_version': 'qwen2.5:14b', 'prompt_hash': 'a6af280e'}",qwen2.5_14b__N120
4,real_mixed_43,qwen2.5:14b_baseline,15.215320110321043,22.16,0,direct_json,0.75,0.5454545454545454,0.631578947368421,0.0,0,18.3,30.1,3.3,117.0,117.1,27863.2,76.3,11555.5,8571.7,"{'timestamp': '2026-09-08T22:33:12.599455+00:00', 'model_version': 'qwen2.5:14b', 'prompt_hash': 'a6af280e'}",qwen2.5_14b__N120
4,real_mixed_44,qwen2.5:14b_baseline,9.633983135223389,23.29,0,direct_json,0.631578947368421,0.6,0.6153846153846154,0.0,0,17.8,36.4,5.7,117.1,117.2,27801.1,76.5,11555.5,8571.7,"{'timestamp': '2026-09-08T22:33:22.269171+00:00', 'model_version': 'qwen2.5:14b', 'prompt_hash': 'a6af280e'}",qwen2.5_14b__N120
4,real_mixed_45,qwen2.5:14b_baseline,8.150028705596924,23.44,0,direct_json,0.7058823529411765,0.75,0.7272727272727272,0.0,0,23.3,41.1,6.7,111.6,116.4,27355.1,77.4,11555.5,8571.7,"{'timestamp': '2026-09-08T22:33:30.445766+00:00', 'model_version': 'qwen2.5:14b', 'prompt_hash': 'a6af280e'}",qwen2.5_14b__N120
4,real_mixed_46,qwen2.5:14b_baseline,4.581986665725708,23.97,0,direct_json,0.6666666666666666,0.2666666666666666,0.3809523809523809,0.0,0,16.6,28.4,11.8,111.4,111.4,27224.9,77.3,11555.5,8571.7,"{'timestamp': '2026-09-08T22:33:35.058574+00:00', 'model_version': 'qwen2.5:14b', 'prompt_hash': 'a6af280e'}",qwen2.5_14b__N120
4,real_mixed_47,qwen2.5:14b_baseline,11.17754602432251,23.38,0,direct_json,0.6875,0.7857142857142857,0.7333333333333334,0.03125,1,20.4,38.8,4.8,112.0,112.0,27327.6,77.5,11555.5,8571.7,"{'timestamp': '2026-09-08T22:33:46.286697+00:00', 'model_version': 'qwen2.5:14b', 'prompt_hash': 'a6af280e'}",qwen2.5_14b__N120
4,real_mixed_48,qwen2.5:14b_baseline,5.5726048946380615,23.71,0,direct_json,0.875,0.7,0.7777777777777777,0.0,0,19.9,33.6,9.5,112.5,112.5,27292.8,77.5,11555.5,8571.7,"{'timestamp': '2026-09-08T22:33:51.879472+00:00', 'model_version': 'qwen2.5:14b', 'prompt_hash': 'a6af280e'}",qwen2.5_14b__N120
4,real_mixed_49,qwen2.5:14b_baseline,8.617161989212036,23.32,0,direct_json,0.6666666666666666,0.4444444444444444,0.5333333333333333,0.1666666666666666,2,15.6,29.3,6.3,113.1,113.1,27255.7,77.4,11555.5,8571.7,"{'timestamp': '2026-09-08T22:34:00.534914+00:00', 'model_version': 'qwen2.5:14b', 'prompt_hash': 'a6af280e'}",qwen2.5_14b__N120
4,real_mixed_50,qwen2.5:14b_baseline,6.103643178939819,22.92,0,direct_json,0.8461538461538461,0.5789473684210527,0.6875,0.0769230769230769,1,40.9,72.6,9.1,111.0,113.7,27328.3,77.6,11555.5,8571.7,"{'timestamp': '2026-09-08T22:34:06.676487+00:00', 'model_version': 'qwen2.5:14b', 'prompt_hash': 'a6af280e'}",qwen2.5_14b__N120
5,real_mixed_51,qwen2.5:14b_baseline,6.070272922515869,23.76,0,direct_json,0.7777777777777778,0.4666666666666667,0.5833333333333334,0.0,0,18.6,29.6,8.8,122.5,122.5,27106.6,77.9,11555.5,8571.7,"{'timestamp': '2026-09-08T22:34:12.795822+00:00', 'model_version': 'qwen2.5:14b', 'prompt_hash': 'a6af280e'}",qwen2.5_14b__N120
5,real_mixed_52,qwen2.5:14b_baseline,8.117060899734497,23.5,0,direct_json,0.7777777777777778,0.6666666666666666,0.717948717948718,0.0,0,20.4,29.2,6.7,122.4,122.5,27110.2,78.0,11555.5,8571.7,"{'timestamp': '2026-09-08T22:34:20.944849+00:00', 'model_version': 'qwen2.5:14b', 'prompt_hash': 'a6af280e'}",qwen2.5_14b__N120
5,real_mixed_53,qwen2.5:14b_baseline,5.587628126144409,23.67,0,direct_json,0.8333333333333334,0.625,0.7142857142857143,0.0,0,19.6,31.0,9.8,122.4,122.4,27071.5,78.0,11555.5,8571.7,"{'timestamp': '2026-09-08T22:34:26.564688+00:00', 'model_version': 'qwen2.5:14b', 'prompt_hash': 'a6af280e'}",qwen2.5_14b__N120
5,real_mixed_54,qwen2.5:14b_baseline,4.067052125930786,24.09,0,direct_json,0.875,0.875,0.875,0.0,0,15.9,20.4,13.3,122.2,122.2,26963.5,77.9,11555.5,8571.7,"{'timestamp': '2026-09-08T22:34:30.649855+00:00', 'model_version': 'qwen2.5:14b', 'prompt_hash': 'a6af280e'}",qwen2.5_14b__N120
5,real_mixed_55,qwen2.5:14b_baseline,7.598918199539185,23.57,0,direct_json,0.9230769230769232,0.6,0.7272727272727274,0.0,0,15.0,26.6,7.2,121.6,122.2,26924.5,78.1,11555.5,8571.7,"{'timestamp': '2026-09-08T22:34:38.275947+00:00', 'model_version': 'qwen2.5:14b', 'prompt_hash': 'a6af280e'}",qwen2.5_14b__N120
5,real_mixed_56,qwen2.5:14b_baseline,8.63838791847229,23.32,0,direct_json,0.7894736842105263,0.5769230769230769,0.6666666666666666,0.0,0,16.2,27.6,6.5,121.4,121.8,26806.2,78.5,11555.5,8571.7,"{'timestamp': '2026-09-08T22:34:46.956813+00:00', 'model_version': 'qwen2.5:14b', 'prompt_hash': 'a6af280e'}",qwen2.5_14b__N120
5,real_mixed_57,qwen2.5:14b_baseline,6.611969947814941,23.82,0,direct_json,0.9411764705882352,0.7619047619047619,0.8421052631578947,0.0,0,19.3,31.9,8.3,121.1,121.2,26646.7,78.8,11555.5,8571.7,"{'timestamp': '2026-09-08T22:34:53.605591+00:00', 'model_version': 'qwen2.5:14b', 'prompt_hash': 'a6af280e'}",qwen2.5_14b__N120
5,real_mixed_58,qwen2.5:14b_baseline,6.10993504524231,23.67,0,direct_json,0.9166666666666666,0.6111111111111112,0.7333333333333334,0.0,0,19.1,30.8,9.0,120.2,121.1,26458.2,79.1,11555.5,8571.7,"{'timestamp': '2026-09-08T22:34:59.749256+00:00', 'model_version': 'qwen2.5:14b', 'prompt_hash': 'a6af280e'}",qwen2.5_14b__N120
5,real_mixed_60,qwen2.5:14b_baseline,6.090131044387817,23.38,0,direct_json,1.0,0.6428571428571429,0.782608695652174,0.0,0,20.4,42.6,9.3,121.1,121.2,26298.8,79.5,11555.5,8571.7,"{'timestamp': '2026-09-08T22:35:17.599130+00:00', 'model_version': 'qwen2.5:14b', 'prompt_hash': 'a6af280e'}",qwen2.5_14b__N120
6,real_mixed_61,qwen2.5:14b_baseline,17.77280592918396,22.2,0,direct_json,0.8,0.5555555555555556,0.6557377049180328,0.04,1,18.4,33.5,3.0,114.9,122.6,26138.0,79.7,11555.5,8571.7,"{'timestamp': '2026-09-08T22:35:35.448941+00:00', 'model_version': 'qwen2.5:14b', 'prompt_hash': 'a6af280e'}",qwen2.5_14b__N120
6,real_mixed_62,qwen2.5:14b_baseline,7.103954076766968,23.6,0,direct_json,0.8461538461538461,0.6111111111111112,0.7096774193548387,0.0,0,14.3,23.7,7.8,112.2,112.9,26079.7,79.8,11555.5,8571.7,"{'timestamp': '2026-09-08T22:35:42.589053+00:00', 'model_version': 'qwen2.5:14b', 'prompt_hash': 'a6af280e'}",qwen2.5_14b__N120
6,real_mixed_63,qwen2.5:14b_baseline,4.572057247161865,23.96,0,direct_json,0.75,0.4,0.5217391304347827,0.0,0,20.5,29.1,11.8,111.8,112.2,26212.9,79.8,11555.5,8571.7,"{'timestamp': '2026-09-08T22:35:47.192804+00:00', 'model_version': 'qwen2.5:14b', 'prompt_hash': 'a6af280e'}",qwen2.5_14b__N120
6,real_mixed_64,qwen2.5:14b_baseline,4.577441930770874,23.9,0,direct_json,0.6,0.75,0.6666666666666665,0.0,0,17.9,30.9,12.7,111.9,112.0,26239.8,79.7,11555.5,8571.7,"{'timestamp': '2026-09-08T22:35:51.782933+00:00', 'model_version': 'qwen2.5:14b', 'prompt_hash': 'a6af280e'}",qwen2.5_14b__N120
6,real_mixed_65,qwen2.5:14b_baseline,5.097109079360962,23.91,0,direct_json,0.6,0.2727272727272727,0.3749999999999999,0.0,0,15.1,26.4,10.9,111.6,111.8,26244.7,79.8,11555.5,8571.7,"{'timestamp': '2026-09-08T22:35:56.902564+00:00', 'model_version': 'qwen2.5:14b', 'prompt_hash': 'a6af280e'}",qwen2.5_14b__N120
6,real_mixed_66,qwen2.5:14b_baseline,8.125659942626953,23.53,0,direct_json,0.5555555555555556,0.3846153846153846,0.4545454545454546,0.0,0,15.7,30.3,6.6,111.3,111.5,26167.6,79.8,11555.5,8571.7,"{'timestamp': '2026-09-08T22:36:05.062830+00:00', 'model_version': 'qwen2.5:14b', 'prompt_hash': 'a6af280e'}",qwen2.5_14b__N120
6,real_mixed_67,qwen2.5:14b_baseline,8.120689868927002,23.35,0,direct_json,0.8235294117647058,0.6363636363636364,0.717948717948718,0.0,0,16.4,21.2,6.6,111.5,111.5,26026.1,79.9,11555.5,8571.7,"{'timestamp': '2026-09-08T22:36:13.220107+00:00', 'model_version': 'qwen2.5:14b', 'prompt_hash': 'a6af280e'}",qwen2.5_14b__N120
6,real_mixed_68,qwen2.5:14b_baseline,6.60397481918335,23.45,0,direct_json,1.0,0.7368421052631579,0.8484848484848484,0.0,0,20.9,27.6,7.8,108.4,112.0,25894.6,80.4,11555.5,8571.7,"{'timestamp': '2026-09-08T22:36:19.857017+00:00', 'model_version': 'qwen2.5:14b', 'prompt_hash': 'a6af280e'}",qwen2.5_14b__N120
6,real_mixed_69,qwen2.5:14b_baseline,8.614120960235596,23.41,0,direct_json,0.9523809523809524,0.7142857142857143,0.8163265306122449,0.0,0,18.7,33.5,6.3,107.1,107.1,25903.5,80.2,11555.5,8571.7,"{'timestamp': '2026-09-08T22:36:28.514133+00:00', 'model_version': 'qwen2.5:14b', 'prompt_hash': 'a6af280e'}",qwen2.5_14b__N120
6,real_mixed_70,qwen2.5:14b_baseline,8.613298177719116,23.28,0,direct_json,0.8421052631578947,0.64,0.7272727272727272,0.0,0,19.4,36.9,5.9,107.9,108.0,25946.5,80.1,11555.5,8571.7,"{'timestamp': '2026-09-08T22:36:37.171528+00:00', 'model_version': 'qwen2.5:14b', 'prompt_hash': 'a6af280e'}",qwen2.5_14b__N120
7,real_mixed_71,qwen2.5:14b_baseline,7.118467092514038,23.57,0,direct_json,0.6,0.4285714285714285,0.5,0.0,0,15.2,28.1,7.4,113.0,113.1,25850.9,80.5,11555.5,8571.7,"{'timestamp': '2026-09-08T22:36:44.337174+00:00', 'model_version': 'qwen2.5:14b', 'prompt_hash': 'a6af280e'}",qwen2.5_14b__N120
7,real_mixed_72,qwen2.5:14b_baseline,7.106731176376343,23.73,0,direct_json,0.8181818181818182,0.5294117647058824,0.6428571428571428,0.0,0,13.5,22.9,7.7,113.0,113.0,25758.6,80.8,11555.5,8571.7,"{'timestamp': '2026-09-08T22:36:51.479759+00:00', 'model_version': 'qwen2.5:14b', 'prompt_hash': 'a6af280e'}",qwen2.5_14b__N120
7,real_mixed_73,qwen2.5:14b_baseline,6.161644697189331,23.72,0,direct_json,0.9,0.5625,0.6923076923076923,0.0,0,20.1,29.3,9.0,112.9,113.2,25498.1,81.2,11555.5,8571.7,"{'timestamp': '2026-09-08T22:36:57.672542+00:00', 'model_version': 'qwen2.5:14b', 'prompt_hash': 'a6af280e'}",qwen2.5_14b__N120
7,real_mixed_74,qwen2.5:14b_baseline,6.088847875595093,23.81,0,direct_json,1.0,0.75,0.8571428571428571,0.0,0,13.6,22.9,8.8,112.7,112.7,25474.0,81.0,11555.5,8571.7,"{'timestamp': '2026-09-08T22:37:03.779004+00:00', 'model_version': 'qwen2.5:14b', 'prompt_hash': 'a6af280e'}",qwen2.5_14b__N120
7,real_mixed_75,qwen2.5:14b_baseline,4.071574926376343,24.11,0,direct_json,1.0,0.8,0.888888888888889,0.0,0,15.7,20.1,13.4,112.4,112.7,25666.4,81.0,11555.5,8571.7,"{'timestamp': '2026-09-08T22:37:07.865334+00:00', 'model_version': 'qwen2.5:14b', 'prompt_hash': 'a6af280e'}",qwen2.5_14b__N120
7,real_mixed_76,qwen2.5:14b_baseline,2.0443618297576904,24.88,0,direct_json,0.0,0.0,0.0,0.0,0,12.7,14.3,26.5,112.2,112.2,25552.5,80.7,11555.5,8571.7,"{'timestamp': '2026-09-08T22:37:09.916479+00:00', 'model_version': 'qwen2.5:14b', 'prompt_hash': 'a6af280e'}",qwen2.5_14b__N120
7,real_mixed_77,qwen2.5:14b_baseline,10.656771183013916,23.45,0,direct_json,0.7619047619047619,0.6956521739130435,0.7272727272727272,0.0,0,16.4,27.0,5.2,112.3,112.4,25565.0,80.9,11555.5,8571.7,"{'timestamp': '2026-09-08T22:37:20.613371+00:00', 'model_version': 'qwen2.5:14b', 'prompt_hash': 'a6af280e'}",qwen2.5_14b__N120
7,real_mixed_78,qwen2.5:14b_baseline,9.63353705406189,22.92,0,direct_json,0.3636363636363636,0.5714285714285714,0.4444444444444444,0.0,0,23.9,42.9,5.5,107.8,112.6,25414.6,81.3,11555.5,8571.7,"{'timestamp': '2026-09-08T22:37:30.263550+00:00', 'model_version': 'qwen2.5:14b', 'prompt_hash': 'a6af280e'}",qwen2.5_14b__N120
7,real_mixed_80,qwen2.5:14b_baseline,14.192698001861572,23.07,0,direct_json,0.6666666666666666,0.7142857142857143,0.689655172413793,0.0,0,17.4,36.3,3.8,105.3,106.3,24934.8,82.1,11555.5,8571.7,"{'timestamp': '2026-09-08T22:37:56.175779+00:00', 'model_version': 'qwen2.5:14b', 'prompt_hash': 'a6af280e'}",qwen2.5_14b__N120
8,real_mixed_81,qwen2.5:14b_baseline,5.081590890884399,24.03,0,direct_json,0.8571428571428571,0.4285714285714285,0.5714285714285714,0.0,0,12.2,23.1,11.8,113.8,113.8,24847.6,82.2,11555.5,8571.7,"{'timestamp': '2026-09-08T22:38:01.301355+00:00', 'model_version': 'qwen2.5:14b', 'prompt_hash': 'a6af280e'}",qwen2.5_14b__N120
8,real_mixed_82,qwen2.5:14b_baseline,11.668548107147217,23.62,0,direct_json,0.7857142857142857,0.6470588235294118,0.7096774193548386,0.0,0,15.2,32.6,5.3,113.8,113.9,24939.9,82.1,11555.5,8571.7,"{'timestamp': '2026-09-08T22:38:07.889317+00:00', 'model_version': 'qwen2.5:14b', 'prompt_hash': 'a6af280e'}",qwen2.5_14b__N120
8,real_mixed_83,qwen2.5:14b_baseline,11.14598798751831,23.96,0,direct_json,1.0,0.8461538461538461,0.9166666666666666,0.0,0,16.5,32.8,5.2,113.9,114.0,25014.3,82.0,11555.5,8571.7,"{'timestamp': '2026-09-08T22:38:12.467114+00:00', 'model_version': 'qwen2.5:14b', 'prompt_hash': 'a6af280e'}",qwen2.5_14b__N120
8,real_mixed_84,qwen2.5:14b_baseline,9.142164945602415,23.86,0,direct_json,1.0,0.6363636363636364,0.7777777777777778,0.0,0,15.3,24.3,6.4,113.9,114.0,25039.1,81.9,11555.5,8571.7,"{'timestamp': '2026-09-08T22:38:17.053253+00:00', 'model_version': 'qwen2.5:14b', 'prompt_hash': 'a6af280e'}",qwen2.5_14b__N120
8,real_mixed_85,qwen2.5:14b_baseline,9.638108015060425,23.96,0,direct_json,0.75,0.6666666666666666,0.7058823529411765,0.125,1,15.3,30.8,6.1,113.7,113.9,25017.3,82.0,11555.5,8571.7,"{'timestamp': '2026-09-08T22:38:22.126364+00:00', 'model_version': 'qwen2.5:14b', 'prompt_hash': 'a6af280e'}",qwen2.5_14b__N120
8,real_mixed_86,qwen2.5:14b_baseline,11.152436256408691,23.6,0,direct_json,0.8181818181818182,0.6428571428571429,0.7200000000000001,0.0,0,16.6,50.0,5.2,113.1,113.9,24968.9,82.1,11555.5,8571.7,"{'timestamp': '2026-09-08T22:38:28.231307+00:00', 'model_version': 'qwen2.5:14b', 'prompt_hash': 'a6af280e'}",qwen2.5_14b__N120
8,real_mixed_87,qwen2.5:14b_baseline,10.645071029663086,23.67,0,direct_json,0.875,0.6363636363636364,0.7368421052631579,0.0,0,16.2,27.8,5.4,112.5,112.9,24884.9,82.3,11555.5,8571.7,"{'timestamp': '2026-09-08T22:38:32.797023+00:00', 'model_version': 'qwen2.5:14b', 'prompt_hash': 'a6af280e'}",qwen2.5_14b__N120
8,real_mixed_88,qwen2.5:14b_baseline,8.122024059295654,23.76,0,direct_json,0.8571428571428571,0.75,0.7999999999999999,0.0,0,16.2,28.9,7.1,112.2,112.8,24793.0,82.5,11555.5,8571.7,"{'timestamp': '2026-09-08T22:38:36.366898+00:00', 'model_version': 'qwen2.5:14b', 'prompt_hash': 'a6af280e'}",qwen2.5_14b__N120
8,real_mixed_89,qwen2.5:14b_baseline,8.611273288726807,23.78,0,direct_json,0.7142857142857143,0.3571428571428571,0.4761904761904762,0.0,0,20.2,34.2,6.7,109.2,112.1,24621.3,83.0,11555.5,8571.7,"{'timestamp': '2026-09-08T22:38:41.439352+00:00', 'model_version': 'qwen2.5:14b', 'prompt_hash': 'a6af280e'}",qwen2.5_14b__N120
8,real_mixed_90,qwen2.5:14b_baseline,12.165374040603638,23.15,0,direct_json,0.9333333333333332,0.6363636363636364,0.7567567567567568,0.0,0,20.2,36.0,5.0,106.8,112.5,24419.5,83.3,11555.5,8571.7,"{'timestamp': '2026-09-08T22:38:48.560104+00:00', 'model_version': 'qwen2.5:14b', 'prompt_hash': 'a6af280e'}",qwen2.5_14b__N120
9,real_mixed_91,qwen2.5:14b_baseline,7.117578029632568,23.07,0,direct_json,1.0,0.7058823529411765,0.8275862068965517,0.0,0,21.5,38.6,13.7,113.5,113.5,24285.5,83.4,11555.5,8571.7,"{'timestamp': '2026-09-08T22:38:55.726558+00:00', 'model_version': 'qwen2.5:14b', 'prompt_hash': 'a6af280e'}",qwen2.5_14b__N120
9,real_mixed_92,qwen2.5:14b_baseline,13.19310426712036,23.51,0,direct_json,0.9230769230769232,0.5714285714285714,0.7058823529411765,0.0,0,19.9,38.6,4.8,113.3,113.5,24214.9,83.6,11555.5,8571.7,"{'timestamp': '2026-09-08T22:39:01.809837+00:00', 'model_version': 'qwen2.5:14b', 'prompt_hash': 'a6af280e'}",qwen2.5_14b__N120
9,real_mixed_93,qwen2.5:14b_baseline,12.177544355392456,23.45,0,direct_json,1.0,0.8,0.888888888888889,0.0,0,19.1,44.8,4.9,112.2,113.4,24145.7,83.8,11555.5,8571.7,"{'timestamp': '2026-09-08T22:39:07.935523+00:00', 'model_version': 'qwen2.5:14b', 'prompt_hash': 'a6af280e'}",qwen2.5_14b__N120
9,real_mixed_94,qwen2.5:14b_baseline,12.18861198425293,23.75,0,direct_json,0.7857142857142857,0.5,0.6111111111111112,0.0,0,17.8,44.5,4.8,111.2,113.2,24104.0,83.7,11555.5,8571.7,"{'timestamp': '2026-09-08T22:39:14.032370+00:00', 'model_version': 'qwen2.5:14b', 'prompt_hash': 'a6af280e'}",qwen2.5_14b__N120
9,real_mixed_95,qwen2.5:14b_baseline,10.154016971588137,24.02,0,direct_json,0.8571428571428571,0.75,0.7999999999999999,0.0,0,15.3,27.5,5.7,109.5,111.2,24101.9,83.7,11555.5,8571.7,"{'timestamp': '2026-09-08T22:39:18.110317+00:00', 'model_version': 'qwen2.5:14b', 'prompt_hash': 'a6af280e'}",qwen2.5_14b__N120
9,real_mixed_96,qwen2.5:14b_baseline,10.14347791671753,23.64,0,direct_json,0.6666666666666666,0.7142857142857143,0.689655172413793,0.0,0,19.2,30.4,5.8,106.8,111.2,24168.8,83.6,11555.5,8571.7,"{'timestamp': '2026-09-08T22:39:24.201800+00:00', 'model_version': 'qwen2.5:14b', 'prompt_hash': 'a6af280e'}",qwen2.5_14b__N120
9,real_mixed_97,qwen2.5:14b_baseline,10.636259078979492,23.87,0,direct_json,1.0,0.8461538461538461,0.9166666666666666,0.0,0,18.9,30.9,5.5,106.9,107.5,24151.1,83.6,11555.5,8571.7,"{'timestamp': '2026-09-08T22:39:28.774430+00:00', 'model_version': 'qwen2.5:14b', 'prompt_hash': 'a6af280e'}",qwen2.5_14b__N120
9,real_mixed_98,qwen2.5:14b_baseline,14.729834079742432,23.09,0,direct_json,0.85,0.5,0.6296296296296295,0.0,0,16.4,44.9,4.0,107.6,108.1,24166.8,83.8,11555.5,8571.7,"{'timestamp': '2026-09-08T22:39:38.984143+00:00', 'model_version': 'qwen2.5:14b', 'prompt_hash': 'a6af280e'}",qwen2.5_14b__N120
9,real_mixed_99,qwen2.5:14b_baseline,14.225967645645142,24.0,0,direct_json,0.75,1.0,0.8571428571428571,0.0,0,16.6,44.8,4.3,107.6,108.1,24224.5,83.8,11555.5,8571.7,"{'timestamp': '2026-09-08T22:39:43.013222+00:00', 'model_version': 'qwen2.5:14b', 'prompt_hash': 'a6af280e'}",qwen2.5_14b__N120
9,real_mixed_100,qwen2.5:14b_baseline,10.667664051055908,23.52,0,direct_json,0.8235294117647058,0.6666666666666666,0.7368421052631577,0.0,0,19.1,33.4,5.4,106.1,107.5,24115.5,83.9,11555.5,8571.7,"{'timestamp': '2026-09-08T22:39:49.683783+00:00', 'model_version': 'qwen2.5:14b', 'prompt_hash': 'a6af280e'}",qwen2.5_14b__N120
10,real_mixed_102,qwen2.5:14b_baseline,2.0321528911590576,24.59,0,direct_json,1.0,1.0,1.0,0.0,0,16.5,25.6,28.4,113.5,113.5,23927.6,84.2,11555.5,8571.7,"{'timestamp': '2026-09-08T22:39:51.747617+00:00', 'model_version': 'qwen2.5:14b', 'prompt_hash': 'a6af280e'}",qwen2.5_14b__N120
10,real_mixed_103,qwen2.5:14b_baseline,7.116887807846069,24.2,0,direct_json,1.0,1.0,1.0,0.0,0,18.0,28.1,8.3,113.5,113.5,23913.8,84.1,11555.5,8571.7,"{'timestamp': '2026-09-08T22:39:58.875854+00:00', 'model_version': 'qwen2.5:14b', 'prompt_hash': 'a6af280e'}",qwen2.5_14b__N120
10,real_mixed_104,qwen2.5:14b_baseline,8.123208999633789,23.53,0,direct_json,0.9285714285714286,0.6190476190476191,0.742857142857143,0.0,0,18.8,28.8,6.9,113.4,113.7,23894.9,84.1,11555.5,8571.7,"{'timestamp': '2026-09-08T22:40:04.487898+00:00', 'model_version': 'qwen2.5:14b', 'prompt_hash': 'a6af280e'}",qwen2.5_14b__N120
10,real_mixed_105,qwen2.5:14b_baseline,12.186964988708496,23.34,0,direct_json,0.7692307692307693,0.6666666666666666,0.7142857142857142,0.0,0,18.8,31.6,4.8,110.4,113.7,23905.8,84.2,11555.5,8571.7,"{'timestamp': '2026-09-08T22:40:11.095610+00:00', 'model_version': 'qwen2.5:14b', 'prompt_hash': 'a6af280e'}",qwen2.5_14b__N120
10,real_mixed_106,qwen2.5:14b_baseline,9.63248085975647,24.11,0,direct_json,0.3333333333333333,0.6666666666666666,0.4444444444444444,0.0,0,18.9,29.8,6.2,107.4,113.1,23853.3,84.2,11555.5,8571.7,"{'timestamp': '2026-09-08T22:40:14.131271+00:00', 'model_version': 'qwen2.5:14b', 'prompt_hash': 'a6af280e'}",qwen2.5_14b__N120
10,real_mixed_107,qwen2.5:14b_baseline,12.68529200553894,22.85,0,direct_json,0.8571428571428571,0.8571428571428571,0.8571428571428571,0.0,0,25.1,43.7,4.5,106.2,106.5,23885.4,84.0,11555.5,8571.7,"{'timestamp': '2026-09-08T22:40:23.799394+00:00', 'model_version': 'qwen2.5:14b', 'prompt_hash': 'a6af280e'}",qwen2.5_14b__N120
10,real_mixed_108,qwen2.5:14b_baseline,15.202950954437256,23.36,0,direct_json,0.5555555555555556,0.625,0.5882352941176471,0.0,0,31.3,47.3,3.8,106.5,107.2,23962.4,84.0,11555.5,8571.7,"{'timestamp': '2026-09-08T22:40:29.354023+00:00', 'model_version': 'qwen2.5:14b', 'prompt_hash': 'a6af280e'}",qwen2.5_14b__N120
10,real_mixed_109,qwen2.5:14b_baseline,14.714080095291138,23.18,0,direct_json,0.8636363636363636,0.6551724137931034,0.7450980392156864,0.0,0,25.5,50.3,4.0,106.6,107.2,23897.1,84.3,11555.5,8571.7,"{'timestamp': '2026-09-08T22:40:38.560622+00:00', 'model_version': 'qwen2.5:14b', 'prompt_hash': 'a6af280e'}",qwen2.5_14b__N120
10,real_mixed_110,qwen2.5:14b_baseline,18.26774287223816,23.07,0,direct_json,0.7142857142857143,0.4166666666666667,0.5263157894736842,0.0,0,22.8,37.5,3.3,105.9,107.1,23794.5,84.4,11555.5,8571.7,"{'timestamp': '2026-09-08T22:40:47.653096+00:00', 'model_version': 'qwen2.5:14b', 'prompt_hash': 'a6af280e'}",qwen2.5_14b__N120
11,real_mixed_111,qwen2.5:14b_baseline,9.644613265991213,23.88,0,direct_json,0.8888888888888888,0.2352941176470588,0.3720930232558139,0.0,0,19.8,36.7,6.3,113.8,114.0,23635.8,85.0,11555.5,8571.7,"{'timestamp': '2026-09-08T22:40:57.360452+00:00', 'model_version': 'qwen2.5:14b', 'prompt_hash': 'a6af280e'}",qwen2.5_14b__N120
11,real_mixed_112,qwen2.5:14b_baseline,13.682178735733032,23.98,0,direct_json,0.5454545454545454,0.75,0.631578947368421,0.0909090909090909,1,18.2,36.5,4.9,113.8,114.0,23612.6,85.0,11555.5,8571.7,"{'timestamp': '2026-09-08T22:41:01.372209+00:00', 'model_version': 'qwen2.5:14b', 'prompt_hash': 'a6af280e'}",qwen2.5_14b__N120
11,real_mixed_113,qwen2.5:14b_baseline,5.094352960586548,23.57,0,direct_json,0.75,0.6,0.6666666666666665,0.0,0,19.1,36.1,13.9,113.8,114.0,23653.1,84.9,11555.5,8571.7,"{'timestamp': '2026-09-08T22:40:52.796507+00:00', 'model_version': 'qwen2.5:14b', 'prompt_hash': 'a6af280e'}",qwen2.5_14b__N120
11,real_mixed_114,qwen2.5:14b_baseline,13.683669090270996,23.65,0,direct_json,0.8181818181818182,0.6,0.6923076923076923,0.0,0,17.5,34.6,4.6,112.9,114.0,23589.9,85.1,11555.5,8571.7,"{'timestamp': '2026-09-08T22:41:06.501382+00:00', 'model_version': 'qwen2.5:14b', 'prompt_hash': 'a6af280e'}",qwen2.5_14b__N120
11,real_mixed_115,qwen2.5:14b_baseline,12.663755893707275,24.3,0,direct_json,0.6666666666666666,1.0,0.8,0.0,0,17.0,32.1,4.7,110.7,113.7,23571.9,85.2,11555.5,8571.7,"{'timestamp': '2026-09-08T22:41:10.031146+00:00', 'model_version': 'qwen2.5:14b', 'prompt_hash': 'a6af280e'}",qwen2.5_14b__N120
11,real_mixed_116,qwen2.5:14b_baseline,12.6892671585083,24.07,0,direct_json,0.8,1.0,0.888888888888889,0.0,0,16.3,31.9,4.7,108.5,113.7,23562.8,85.3,11555.5,8571.7,"{'timestamp': '2026-09-08T22:41:14.070510+00:00', 'model_version': 'qwen2.5:14b', 'prompt_hash': 'a6af280e'}",qwen2.5_14b__N120
11,real_mixed_117,qwen2.5:14b_baseline,16.699165105819702,23.52,0,direct_json,0.5,0.5,0.5,0.0,0,13.2,24.4,3.4,107.0,107.8,23553.6,85.3,11555.5,8571.7,"{'timestamp': '2026-09-08T22:41:23.220863+00:00', 'model_version': 'qwen2.5:14b', 'prompt_hash': 'a6af280e'}",qwen2.5_14b__N120
11,real_mixed_118,qwen2.5:14b_baseline,17.223535776138306,23.88,0,direct_json,1.0,0.875,0.9333333333333332,0.0,0,15.8,26.5,3.5,107.2,107.9,23580.3,85.2,11555.5,8571.7,"{'timestamp': '2026-09-08T22:41:27.277039+00:00', 'model_version': 'qwen2.5:14b', 'prompt_hash': 'a6af280e'}",qwen2.5_14b__N120
11,real_mixed_119,qwen2.5:14b_baseline,17.749680042266846,23.88,0,direct_json,0.8571428571428571,0.75,0.7999999999999999,0.0,0,16.8,26.2,3.4,107.3,107.9,23609.2,85.2,11555.5,8571.7,"{'timestamp': '2026-09-08T22:41:31.842531+00:00', 'model_version': 'qwen2.5:14b', 'prompt_hash': 'a6af280e'}",qwen2.5_14b__N120
11,real_mixed_120,qwen2.5:14b_baseline,13.227143049240112,23.26,0,direct_json,0.7,0.5833333333333334,0.6363636363636365,0.0,0,17.4,35.1,4.5,104.5,107.9,23625.6,85.2,11555.5,8571.7,"{'timestamp': '2026-09-08T22:41:36.476002+00:00', 'model_version': 'qwen2.5:14b', 'prompt_hash': 'a6af280e'}",qwen2.5_14b__N120
1,real_mixed_11,qwen2.5:14b_kb_rag,73.50120091438293,22.2,0,direct_json,0.9473684210526316,0.6666666666666666,0.782608695652174,0.0,0,17.6,100.0,6.3,262.6,540.3,22897.8,86.6,11555.5,8571.7,"{'timestamp': '2026-09-08T22:42:51.064325+00:00', 'model_version': 'qwen2.5:14b', 'prompt_hash': 'a6af280e'}",qwen2.5_14b__N120
1,real_mixed_12,qwen2.5:14b_kb_rag,7.616316318511963,23.29,0,direct_json,0.9166666666666666,0.9166666666666666,0.9166666666666666,0.0,0,10.7,25.0,9.0,414.3,540.3,22861.6,86.6,11555.5,8571.7,"{'timestamp': '2026-09-08T22:41:45.181131+00:00', 'model_version': 'qwen2.5:14b', 'prompt_hash': 'a6af280e'}",qwen2.5_14b__N120
1,real_mixed_13,qwen2.5:14b_kb_rag,42.602946043014526,23.03,0,direct_json,0.782608695652174,0.6666666666666666,0.72,0.0,0,13.5,39.3,9.8,263.8,540.3,22899.5,86.6,11555.5,8571.7,"{'timestamp': '2026-09-08T22:42:20.169092+00:00', 'model_version': 'qwen2.5:14b', 'prompt_hash': 'a6af280e'}",qwen2.5_14b__N120
1,real_mixed_14,qwen2.5:14b_kb_rag,75.45376682281494,22.7,0,direct_json,0.7272727272727273,0.5333333333333333,0.6153846153846153,0.0,0,14.1,42.4,4.9,246.2,405.0,22921.2,86.6,11555.5,8571.7,"{'timestamp': '2026-09-08T22:43:00.786828+00:00', 'model_version': 'qwen2.5:14b', 'prompt_hash': 'a6af280e'}",qwen2.5_14b__N120
1,real_mixed_15,qwen2.5:14b_kb_rag,73.4592399597168,23.29,0,direct_json,0.8125,0.6190476190476191,0.7027027027027026,0.0,0,12.5,43.5,4.9,247.0,368.8,23035.1,86.3,11555.5,8571.7,"{'timestamp': '2026-09-08T22:43:33.832238+00:00', 'model_version': 'qwen2.5:14b', 'prompt_hash': 'a6af280e'}",qwen2.5_14b__N120
1,real_mixed_16,qwen2.5:14b_kb_rag,73.47767400741577,20.24,0,direct_json,1.0,0.75,0.8571428571428571,0.0,0,17.1,82.7,5.0,261.5,373.8,23291.9,85.8,11555.5,8571.7,"{'timestamp': '2026-09-08T22:44:04.695527+00:00', 'model_version': 'qwen2.5:14b', 'prompt_hash': 'a6af280e'}",qwen2.5_14b__N120
1,real_mixed_17,qwen2.5:14b_kb_rag,65.91934299468994,23.85,0,direct_json,1.0,0.8,0.888888888888889,0.0,0,14.6,83.6,5.7,274.3,373.8,23344.5,85.6,11555.5,8571.7,"{'timestamp': '2026-09-08T22:44:06.887261+00:00', 'model_version': 'qwen2.5:14b', 'prompt_hash': 'a6af280e'}",qwen2.5_14b__N120
1,real_mixed_18,qwen2.5:14b_kb_rag,58.836458921432495,22.83,0,direct_json,0.9090909090909092,0.7142857142857143,0.8,0.0,0,17.3,100.0,5.1,261.6,373.8,23351.9,85.6,11555.5,8571.7,"{'timestamp': '2026-09-08T22:44:32.816249+00:00', 'model_version': 'qwen2.5:14b', 'prompt_hash': 'a6af280e'}",qwen2.5_14b__N120
1,real_mixed_19,qwen2.5:14b_kb_rag,64.8736219406128,23.66,0,direct_json,1.0,0.8636363636363636,0.9268292682926828,0.0,0,15.7,52.2,3.2,200.7,370.9,23378.1,85.4,11555.5,8571.7,"{'timestamp': '2026-09-08T22:45:09.748133+00:00', 'model_version': 'qwen2.5:14b', 'prompt_hash': 'a6af280e'}",qwen2.5_14b__N120
1,real_mixed_20,qwen2.5:14b_kb_rag,69.99370217323303,23.06,0,direct_json,0.8,0.4210526315789473,0.5517241379310345,0.0,0,15.2,45.6,2.5,194.9,367.7,23393.9,85.4,11555.5,8571.7,"{'timestamp': '2026-09-08T22:45:17.027123+00:00', 'model_version': 'qwen2.5:14b', 'prompt_hash': 'a6af280e'}",qwen2.5_14b__N120
0,real_mixed_2,qwen2.5:14b_kb_rag,22.33409428596497,23.43,0,direct_json,0.8,0.4705882352941176,0.5925925925925927,0.0,0,14.2,50.0,11.8,316.4,540.3,22896.5,86.6,11555.5,8571.7,"{'timestamp': '2026-09-08T22:41:59.893653+00:00', 'model_version': 'qwen2.5:14b', 'prompt_hash': 'a6af280e'}",qwen2.5_14b__N120
0,real_mixed_3,qwen2.5:14b_kb_rag,30.942458868026733,22.86,0,direct_json,0.7272727272727273,0.4705882352941176,0.5714285714285714,0.0,0,17.5,50.0,9.8,286.8,540.3,22907.7,86.6,11555.5,8571.7,"{'timestamp': '2026-09-08T22:42:08.502877+00:00', 'model_version': 'qwen2.5:14b', 'prompt_hash': 'a6af280e'}",qwen2.5_14b__N120
0,real_mixed_4,qwen2.5:14b_kb_rag,75.94762587547302,22.69,0,direct_json,0.8461538461538461,0.7333333333333333,0.7857142857142856,0.0,0,15.1,50.0,4.9,239.1,376.4,22950.9,86.5,11555.5,8571.7,"{'timestamp': '2026-09-08T22:43:09.927992+00:00', 'model_version': 'qwen2.5:14b', 'prompt_hash': 'a6af280e'}",qwen2.5_14b__N120
0,real_mixed_5,qwen2.5:14b_kb_rag,77.58382201194763,23.01,0,direct_json,0.8666666666666667,0.6190476190476191,0.7222222222222222,0.0,0,13.6,44.8,4.7,237.8,368.8,22983.9,86.4,11555.5,8571.7,"{'timestamp': '2026-09-08T22:43:17.639856+00:00', 'model_version': 'qwen2.5:14b', 'prompt_hash': 'a6af280e'}",qwen2.5_14b__N120
0,real_mixed_6,qwen2.5:14b_kb_rag,78.08144521713257,23.07,0,direct_json,0.8421052631578947,0.8,0.8205128205128205,0.0,0,13.9,68.2,4.7,240.3,368.8,22991.8,86.4,11555.5,8571.7,"{'timestamp': '2026-09-08T22:43:26.744823+00:00', 'model_version': 'qwen2.5:14b', 'prompt_hash': 'a6af280e'}",qwen2.5_14b__N120
0,real_mixed_7,qwen2.5:14b_kb_rag,65.43464279174805,22.8,0,direct_json,0.8666666666666667,0.65,0.7428571428571429,0.0666666666666666,1,16.0,85.0,5.7,272.3,373.8,23372.8,85.6,11555.5,8571.7,"{'timestamp': '2026-09-08T22:44:15.523670+00:00', 'model_version': 'qwen2.5:14b', 'prompt_hash': 'a6af280e'}",qwen2.5_14b__N120
0,real_mixed_8,qwen2.5:14b_kb_rag,63.916107177734375,22.97,0,direct_json,1.0,0.4666666666666667,0.6363636363636364,0.0,0,12.9,76.8,5.8,276.9,373.8,23351.1,85.6,11555.5,8571.7,"{'timestamp': '2026-09-08T22:44:21.707444+00:00', 'model_version': 'qwen2.5:14b', 'prompt_hash': 'a6af280e'}",qwen2.5_14b__N120
0,real_mixed_9,qwen2.5:14b_kb_rag,60.372819900512695,23.22,0,direct_json,0.8,0.5,0.6153846153846154,0.0,0,14.8,76.8,5.6,273.0,373.8,23371.9,85.6,11555.5,8571.7,"{'timestamp': '2026-09-08T22:44:27.261809+00:00', 'model_version': 'qwen2.5:14b', 'prompt_hash': 'a6af280e'}",qwen2.5_14b__N120
0,real_mixed_10,qwen2.5:14b_kb_rag,67.98521900177002,23.07,0,direct_json,0.9166666666666666,0.7857142857142857,0.8461538461538461,0.0,0,16.8,83.3,4.6,218.9,695.2,23379.1,85.4,11555.5,8571.7,"{'timestamp': '2026-09-08T22:45:23.655815+00:00', 'model_version': 'qwen2.5:14b', 'prompt_hash': 'a6af280e'}",qwen2.5_14b__N120
2,real_mixed_22,qwen2.5:14b_kb_rag,53.1595401763916,23.87,0,direct_json,0.5,0.6666666666666666,0.5714285714285715,0.0,0,18.2,42.9,9.9,265.7,540.3,22894.8,86.6,11555.5,8571.7,"{'timestamp': '2026-09-08T22:42:30.701996+00:00', 'model_version': 'qwen2.5:14b', 'prompt_hash': 'a6af280e'}",qwen2.5_14b__N120
2,real_mixed_23,qwen2.5:14b_kb_rag,59.78862190246582,23.22,0,direct_json,0.9166666666666666,0.6470588235294118,0.7586206896551724,0.0,0,15.1,50.0,5.7,269.7,540.3,22899.7,86.6,11555.5,8571.7,"{'timestamp': '2026-09-08T22:42:37.345191+00:00', 'model_version': 'qwen2.5:14b', 'prompt_hash': 'a6af280e'}",qwen2.5_14b__N120
2,real_mixed_24,qwen2.5:14b_kb_rag,72.07141518592834,23.49,0,direct_json,1.0,0.7272727272727273,0.8421052631578948,0.0,0,15.1,43.5,5.0,250.9,368.8,23081.5,86.2,11555.5,8571.7,"{'timestamp': '2026-09-08T22:43:40.437020+00:00', 'model_version': 'qwen2.5:14b', 'prompt_hash': 'a6af280e'}",qwen2.5_14b__N120
2,real_mixed_25,qwen2.5:14b_kb_rag,74.87798309326172,23.3,0,direct_json,0.8,0.4705882352941176,0.5925925925925927,0.0,0,19.6,47.8,4.9,257.0,369.0,23107.7,86.2,11555.5,8571.7,"{'timestamp': '2026-09-08T22:43:45.727080+00:00', 'model_version': 'qwen2.5:14b', 'prompt_hash': 'a6af280e'}",qwen2.5_14b__N120
2,real_mixed_26,qwen2.5:14b_kb_rag,80.55238103866577,23.08,0,direct_json,0.6774193548387096,0.5,0.5753424657534247,0.0,0,18.5,50.0,4.6,252.3,369.0,23188.4,86.0,11555.5,8571.7,"{'timestamp': '2026-09-08T22:43:58.053574+00:00', 'model_version': 'qwen2.5:14b', 'prompt_hash': 'a6af280e'}",qwen2.5_14b__N120
2,real_mixed_28,qwen2.5:14b_kb_rag,69.41147708892822,23.21,0,direct_json,0.8333333333333334,0.5555555555555556,0.6666666666666667,0.0,0,20.2,82.2,4.0,221.2,373.8,23368.1,85.5,11555.5,8571.7,"{'timestamp': '2026-09-08T22:44:55.279075+00:00', 'model_version': 'qwen2.5:14b', 'prompt_hash': 'a6af280e'}",qwen2.5_14b__N120
2,real_mixed_29,qwen2.5:14b_kb_rag,65.40950608253479,23.07,0,direct_json,0.9047619047619048,0.76,0.8260869565217391,0.0,0,19.1,87.2,3.8,213.1,373.8,23369.6,85.5,11555.5,8571.7,"{'timestamp': '2026-09-08T22:45:03.624386+00:00', 'model_version': 'qwen2.5:14b', 'prompt_hash': 'a6af280e'}",qwen2.5_14b__N120
2,real_mixed_30,qwen2.5:14b_kb_rag,39.10183310508728,23.13,0,direct_json,0.875,0.5384615384615384,0.6666666666666667,0.0,0,16.3,56.7,11.3,293.0,636.5,23520.2,85.2,11555.5,8571.7,"{'timestamp': '2026-09-08T22:45:27.842296+00:00', 'model_version': 'qwen2.5:14b', 'prompt_hash': 'a6af280e'}",qwen2.5_14b__N120
3,real_mixed_31,qwen2.5:14b_kb_rag,13.732129096984863,24.01,0,direct_json,0.8,0.8,0.8000000000000002,0.0,0,23.5,57.1,35.0,509.4,726.0,23180.5,85.9,11555.5,8571.7,"{'timestamp': '2026-09-08T22:45:31.290570+00:00', 'model_version': 'qwen2.5:14b', 'prompt_hash': 'a6af280e'}",qwen2.5_14b__N120
3,real_mixed_32,qwen2.5:14b_kb_rag,33.03533411026001,22.8,0,direct_json,0.6666666666666666,0.5,0.5714285714285715,0.0,0,15.2,57.1,15.8,412.3,726.0,23253.4,85.7,11555.5,8571.7,"{'timestamp': '2026-09-08T22:45:50.609572+00:00', 'model_version': 'qwen2.5:14b', 'prompt_hash': 'a6af280e'}",qwen2.5_14b__N120
3,real_mixed_33,qwen2.5:14b_kb_rag,26.423309803009033,23.15,0,direct_json,0.9090909090909092,0.6666666666666666,0.7692307692307692,0.0,0,16.1,57.1,18.7,438.3,726.0,23243.9,85.7,11555.5,8571.7,"{'timestamp': '2026-09-08T22:45:43.990308+00:00', 'model_version': 'qwen2.5:14b', 'prompt_hash': 'a6af280e'}",qwen2.5_14b__N120
3,real_mixed_34,qwen2.5:14b_kb_rag,19.754904747009277,23.33,0,direct_json,0.7,0.5,0.5833333333333334,0.1,1,21.8,59.4,23.0,475.1,726.0,23223.5,85.8,11555.5,8571.7,"{'timestamp': '2026-09-08T22:45:37.322501+00:00', 'model_version': 'qwen2.5:14b', 'prompt_hash': 'a6af280e'}",qwen2.5_14b__N120
3,real_mixed_35,qwen2.5:14b_kb_rag,89.75363111495972,22.98,0,direct_json,0.7692307692307693,0.8333333333333334,0.8,0.0,0,9.3,33.0,5.4,285.7,495.1,23045.4,86.1,11555.5,8571.7,"{'timestamp': '2026-09-08T22:47:01.173516+00:00', 'model_version': 'qwen2.5:14b', 'prompt_hash': 'a6af280e'}",qwen2.5_14b__N120
3,real_mixed_36,qwen2.5:14b_kb_rag,87.68264698982239,23.32,0,direct_json,1.0,0.2727272727272727,0.4285714285714285,0.0,0,12.5,45.8,5.5,278.4,428.9,23042.6,86.1,11555.5,8571.7,"{'timestamp': '2026-09-08T22:47:05.133940+00:00', 'model_version': 'qwen2.5:14b', 'prompt_hash': 'a6af280e'}",qwen2.5_14b__N120
3,real_mixed_37,qwen2.5:14b_kb_rag,87.66504001617432,23.1,0,direct_json,0.8461538461538461,0.7333333333333333,0.7857142857142856,0.0,0,9.6,36.6,5.5,274.4,430.2,23040.7,86.1,11555.5,8571.7,"{'timestamp': '2026-09-08T22:47:11.798091+00:00', 'model_version': 'qwen2.5:14b', 'prompt_hash': 'a6af280e'}",qwen2.5_14b__N120
3,real_mixed_38,qwen2.5:14b_kb_rag,87.59300303459167,23.08,0,direct_json,0.9166666666666666,0.6111111111111112,0.7333333333333334,0.0,0,9.8,46.4,5.1,264.4,375.2,23040.8,86.1,11555.5,8571.7,"{'timestamp': '2026-09-08T22:47:18.369428+00:00', 'model_version': 'qwen2.5:14b', 'prompt_hash': 'a6af280e'}",qwen2.5_14b__N120
3,real_mixed_39,qwen2.5:14b_kb_rag,78.56387901306152,23.35,0,direct_json,1.0,0.875,0.9333333333333332,0.0,0,12.7,52.5,3.7,225.5,375.2,23324.2,85.4,11555.5,8571.7,"{'timestamp': '2026-09-08T22:48:19.857249+00:00', 'model_version': 'qwen2.5:14b', 'prompt_hash': 'a6af280e'}",qwen2.5_14b__N120
3,real_mixed_40,qwen2.5:14b_kb_rag,78.59486317634583,22.97,0,direct_json,0.8333333333333334,0.3333333333333333,0.4761904761904761,0.0,0,14.2,46.1,3.2,219.4,362.6,23348.7,85.4,11555.5,8571.7,"{'timestamp': '2026-09-08T22:48:23.881862+00:00', 'model_version': 'qwen2.5:14b', 'prompt_hash': 'a6af280e'}",qwen2.5_14b__N120
4,real_mixed_42,qwen2.5:14b_kb_rag,42.61970019340515,23.03,0,direct_json,0.9473684210526316,0.6206896551724138,0.75,0.0,0,12.2,56.7,11.9,348.1,676.5,23180.1,85.9,11555.5,8571.7,"{'timestamp': '2026-09-08T22:46:06.807569+00:00', 'model_version': 'qwen2.5:14b', 'prompt_hash': 'a6af280e'}",qwen2.5_14b__N120
4,real_mixed_43,qwen2.5:14b_kb_rag,70.41109299659729,21.57,0,direct_json,0.7727272727272727,0.7727272727272727,0.7727272727272727,0.0,0,16.1,56.7,8.3,295.5,676.5,23083.3,86.1,11555.5,8571.7,"{'timestamp': '2026-09-08T22:46:34.594180+00:00', 'model_version': 'qwen2.5:14b', 'prompt_hash': 'a6af280e'}",qwen2.5_14b__N120
4,real_mixed_44,qwen2.5:14b_kb_rag,52.66636610031128,23.19,0,direct_json,0.6111111111111112,0.55,0.5789473684210527,0.0,0,16.3,56.7,8.9,335.3,676.5,23159.4,85.9,11555.5,8571.7,"{'timestamp': '2026-09-08T22:46:16.862434+00:00', 'model_version': 'qwen2.5:14b', 'prompt_hash': 'a6af280e'}",qwen2.5_14b__N120
4,real_mixed_45,qwen2.5:14b_kb_rag,87.14796090126038,23.07,0,direct_json,0.8333333333333334,0.625,0.7142857142857143,0.0,0,10.2,46.4,4.8,252.3,375.2,23064.9,86.0,11555.5,8571.7,"{'timestamp': '2026-09-08T22:47:24.956253+00:00', 'model_version': 'qwen2.5:14b', 'prompt_hash': 'a6af280e'}",qwen2.5_14b__N120
4,real_mixed_46,qwen2.5:14b_kb_rag,82.03485894203186,23.23,0,direct_json,0.7142857142857143,0.3333333333333333,0.4545454545454545,0.0,0,11.5,44.7,5.1,253.4,375.2,23064.0,86.1,11555.5,8571.7,"{'timestamp': '2026-09-08T22:47:28.987876+00:00', 'model_version': 'qwen2.5:14b', 'prompt_hash': 'a6af280e'}",qwen2.5_14b__N120
4,real_mixed_47,qwen2.5:14b_kb_rag,84.1023461818695,22.75,0,direct_json,0.6857142857142857,0.8571428571428571,0.7619047619047619,0.0285714285714285,1,16.1,62.5,4.9,245.8,375.2,23064.4,86.1,11555.5,8571.7,"{'timestamp': '2026-09-08T22:47:41.150144+00:00', 'model_version': 'qwen2.5:14b', 'prompt_hash': 'a6af280e'}",qwen2.5_14b__N120
4,real_mixed_48,qwen2.5:14b_kb_rag,72.46471309661865,23.41,0,direct_json,0.875,0.7,0.7777777777777777,0.0,0,14.2,46.9,5.1,255.8,375.2,23124.5,85.9,11555.5,8571.7,"{'timestamp': '2026-09-08T22:47:47.240981+00:00', 'model_version': 'qwen2.5:14b', 'prompt_hash': 'a6af280e'}",qwen2.5_14b__N120
4,real_mixed_49,qwen2.5:14b_kb_rag,66.37898230552673,22.92,0,direct_json,0.9166666666666666,0.6111111111111112,0.7333333333333334,0.0,0,13.1,45.2,6.6,249.1,732.9,23382.1,85.3,11555.5,8571.7,"{'timestamp': '2026-09-08T22:48:31.569054+00:00', 'model_version': 'qwen2.5:14b', 'prompt_hash': 'a6af280e'}",qwen2.5_14b__N120
4,real_mixed_50,qwen2.5:14b_kb_rag,67.9090518951416,23.13,0,direct_json,0.9166666666666666,0.5789473684210527,0.7096774193548387,0.0,0,15.8,52.3,6.0,247.3,732.2,23400.6,85.3,11555.5,8571.7,"{'timestamp': '2026-09-08T22:48:37.060506+00:00', 'model_version': 'qwen2.5:14b', 'prompt_hash': 'a6af280e'}",qwen2.5_14b__N120
5,real_mixed_51,qwen2.5:14b_kb_rag,71.93284606933594,23.21,0,direct_json,0.9,0.6,0.7200000000000001,0.0,0,14.8,100.0,5.3,280.1,677.8,23058.2,86.1,11555.5,8571.7,"{'timestamp': '2026-09-08T22:46:40.192553+00:00', 'model_version': 'qwen2.5:14b', 'prompt_hash': 'a6af280e'}",qwen2.5_14b__N120
5,real_mixed_52,qwen2.5:14b_kb_rag,78.47635769844055,23.17,0,direct_json,0.75,0.5714285714285714,0.6486486486486486,0.0,0,16.8,43.0,9.8,282.3,676.9,23042.6,86.1,11555.5,8571.7,"{'timestamp': '2026-09-08T22:46:46.739933+00:00', 'model_version': 'qwen2.5:14b', 'prompt_hash': 'a6af280e'}",qwen2.5_14b__N120
5,real_mixed_53,qwen2.5:14b_kb_rag,86.08878016471863,23.34,0,direct_json,1.0,0.625,0.7692307692307693,0.0,0,13.7,45.5,5.6,283.3,676.0,23025.0,86.2,11555.5,8571.7,"{'timestamp': '2026-09-08T22:46:54.354295+00:00', 'model_version': 'qwen2.5:14b', 'prompt_hash': 'a6af280e'}",qwen2.5_14b__N120
5,real_mixed_54,qwen2.5:14b_kb_rag,81.13077712059021,23.59,0,direct_json,1.0,0.75,0.8571428571428571,0.0,0,13.7,38.3,5.8,284.6,678.4,23038.9,86.2,11555.5,8571.7,"{'timestamp': '2026-09-08T22:46:49.380203+00:00', 'model_version': 'qwen2.5:14b', 'prompt_hash': 'a6af280e'}",qwen2.5_14b__N120
5,real_mixed_55,qwen2.5:14b_kb_rag,75.52226305007935,22.95,0,direct_json,0.7222222222222222,0.65,0.6842105263157895,0.0,0,16.1,43.2,4.6,243.5,375.2,23179.2,85.8,11555.5,8571.7,"{'timestamp': '2026-09-08T22:47:55.878270+00:00', 'model_version': 'qwen2.5:14b', 'prompt_hash': 'a6af280e'}",qwen2.5_14b__N120
5,real_mixed_56,qwen2.5:14b_kb_rag,75.99031090736389,23.04,0,direct_json,0.8823529411764706,0.5769230769230769,0.6976744186046512,0.0,0,18.5,47.5,4.6,239.2,375.2,23224.5,85.7,11555.5,8571.7,"{'timestamp': '2026-09-08T22:48:02.883087+00:00', 'model_version': 'qwen2.5:14b', 'prompt_hash': 'a6af280e'}",qwen2.5_14b__N120
5,real_mixed_57,qwen2.5:14b_kb_rag,79.68476104736328,23.41,0,direct_json,0.9411764705882352,0.7619047619047619,0.8421052631578947,0.0,0,13.1,46.1,4.4,241.4,375.2,23247.6,85.6,11555.5,8571.7,"{'timestamp': '2026-09-08T22:48:09.201796+00:00', 'model_version': 'qwen2.5:14b', 'prompt_hash': 'a6af280e'}",qwen2.5_14b__N120
5,real_mixed_58,qwen2.5:14b_kb_rag,80.13293719291687,23.43,0,direct_json,0.9166666666666666,0.6111111111111112,0.7333333333333334,0.0,0,17.6,44.3,4.0,236.3,375.2,23292.0,85.5,11555.5,8571.7,"{'timestamp': '2026-09-08T22:48:14.631690+00:00', 'model_version': 'qwen2.5:14b', 'prompt_hash': 'a6af280e'}",qwen2.5_14b__N120
5,real_mixed_60,qwen2.5:14b_kb_rag,52.22581720352173,23.1,0,direct_json,1.0,0.6428571428571429,0.782608695652174,0.0,0,18.5,52.3,10.3,271.9,733.8,23453.5,85.1,11555.5,8571.7,"{'timestamp': '2026-09-08T22:48:55.256114+00:00', 'model_version': 'qwen2.5:14b', 'prompt_hash': 'a6af280e'}",qwen2.5_14b__N120
6,real_mixed_61,qwen2.5:14b_kb_rag,61.88995814323425,21.68,0,direct_json,0.8214285714285714,0.6388888888888888,0.7187499999999999,0.0,0,11.4,100.0,11.2,332.2,735.8,23404.6,85.3,11555.5,8571.7,"{'timestamp': '2026-09-08T22:49:26.426340+00:00', 'model_version': 'qwen2.5:14b', 'prompt_hash': 'a6af280e'}",qwen2.5_14b__N120
6,real_mixed_62,qwen2.5:14b_kb_rag,38.07908892631531,23.22,0,direct_json,0.7857142857142857,0.6111111111111112,0.6875000000000001,0.0,0,10.7,30.9,14.8,333.3,736.7,23310.1,85.5,11555.5,8571.7,"{'timestamp': '2026-09-08T22:49:02.584781+00:00', 'model_version': 'qwen2.5:14b', 'prompt_hash': 'a6af280e'}",qwen2.5_14b__N120
6,real_mixed_63,qwen2.5:14b_kb_rag,67.58564305305481,23.39,0,direct_json,0.7,0.4666666666666667,0.56,0.0,0,9.7,33.3,26.3,331.8,736.8,23371.2,85.4,11555.5,8571.7,"{'timestamp': '2026-09-08T22:49:32.097072+00:00', 'model_version': 'qwen2.5:14b', 'prompt_hash': 'a6af280e'}",qwen2.5_14b__N120
6,real_mixed_64,qwen2.5:14b_kb_rag,71.50293827056885,23.45,0,direct_json,0.75,0.75,0.75,0.0,0,10.2,33.3,9.6,328.8,632.2,23349.2,85.4,11555.5,8571.7,"{'timestamp': '2026-09-08T22:49:36.016249+00:00', 'model_version': 'qwen2.5:14b', 'prompt_hash': 'a6af280e'}",qwen2.5_14b__N120
6,real_mixed_65,qwen2.5:14b_kb_rag,43.73811984062195,23.41,0,direct_json,0.6666666666666666,0.3636363636363636,0.4705882352941177,0.0,0,10.1,30.9,12.7,347.0,735.8,23328.4,85.5,11555.5,8571.7,"{'timestamp': '2026-09-08T22:49:08.239441+00:00', 'model_version': 'qwen2.5:14b', 'prompt_hash': 'a6af280e'}",qwen2.5_14b__N120
6,real_mixed_66,qwen2.5:14b_kb_rag,95.24721503257751,22.8,0,direct_json,0.7058823529411765,0.4615384615384615,0.558139534883721,0.0,0,9.4,33.3,6.3,304.9,490.7,23415.8,85.2,11555.5,8571.7,"{'timestamp': '2026-09-08T22:50:37.973073+00:00', 'model_version': 'qwen2.5:14b', 'prompt_hash': 'a6af280e'}",qwen2.5_14b__N120
6,real_mixed_67,qwen2.5:14b_kb_rag,97.29472470283508,23.02,0,direct_json,0.9473684210526316,0.8181818181818182,0.8780487804878049,0.0,0,10.0,34.2,5.9,288.8,490.7,23420.8,85.2,11555.5,8571.7,"{'timestamp': '2026-09-08T22:50:45.671285+00:00', 'model_version': 'qwen2.5:14b', 'prompt_hash': 'a6af280e'}",qwen2.5_14b__N120
6,real_mixed_68,qwen2.5:14b_kb_rag,85.63359379768372,23.13,0,direct_json,0.9333333333333332,0.7368421052631579,0.8235294117647058,0.0,0,16.5,48.8,6.2,275.0,379.7,23392.3,85.3,11555.5,8571.7,"{'timestamp': '2026-09-08T22:50:52.243284+00:00', 'model_version': 'qwen2.5:14b', 'prompt_hash': 'a6af280e'}",qwen2.5_14b__N120
6,real_mixed_69,qwen2.5:14b_kb_rag,88.10542106628418,23.15,0,direct_json,0.9523809523809524,0.7142857142857143,0.8163265306122449,0.0,0,18.3,84.8,5.7,258.5,379.7,23433.7,85.2,11555.5,8571.7,"{'timestamp': '2026-09-08T22:51:00.340204+00:00', 'model_version': 'qwen2.5:14b', 'prompt_hash': 'a6af280e'}",qwen2.5_14b__N120
6,real_mixed_70,qwen2.5:14b_kb_rag,90.6652820110321,22.81,0,direct_json,0.8666666666666667,0.52,0.65,0.0,0,10.3,59.2,5.2,247.7,375.0,23475.3,85.2,11555.5,8571.7,"{'timestamp': '2026-09-08T22:51:06.831784+00:00', 'model_version': 'qwen2.5:14b', 'prompt_hash': 'a6af280e'}",qwen2.5_14b__N120
7,real_mixed_71,qwen2.5:14b_kb_rag,70.7221908569336,23.05,0,direct_json,0.7,0.5,0.5833333333333334,0.0,0,10.5,41.0,7.9,326.2,632.2,23295.2,85.4,11555.5,8571.7,"{'timestamp': '2026-09-08T22:49:48.342891+00:00', 'model_version': 'qwen2.5:14b', 'prompt_hash': 'a6af280e'}",qwen2.5_14b__N120
7,real_mixed_72,qwen2.5:14b_kb_rag,76.97342491149902,22.95,0,direct_json,0.8,0.4705882352941176,0.5925925925925927,0.0,0,16.3,50.0,7.6,317.5,632.2,23318.4,85.4,11555.5,8571.7,"{'timestamp': '2026-09-08T22:49:54.584607+00:00', 'model_version': 'qwen2.5:14b', 'prompt_hash': 'a6af280e'}",qwen2.5_14b__N120
7,real_mixed_73,qwen2.5:14b_kb_rag,64.35734581947327,23.26,0,direct_json,0.9,0.5625,0.6923076923076923,0.0,0,13.0,100.0,9.9,319.5,632.2,23298.4,85.5,11555.5,8571.7,"{'timestamp': '2026-09-08T22:49:41.969152+00:00', 'model_version': 'qwen2.5:14b', 'prompt_hash': 'a6af280e'}",qwen2.5_14b__N120
7,real_mixed_74,qwen2.5:14b_kb_rag,83.08961200714111,23.29,0,direct_json,1.0,0.6666666666666666,0.8,0.0,0,12.0,50.0,7.6,314.6,632.2,23329.2,85.4,11555.5,8571.7,"{'timestamp': '2026-09-08T22:50:00.701835+00:00', 'model_version': 'qwen2.5:14b', 'prompt_hash': 'a6af280e'}",qwen2.5_14b__N120
7,real_mixed_75,qwen2.5:14b_kb_rag,88.20781111717224,23.43,0,direct_json,0.75,0.6,0.6666666666666665,0.0,0,11.2,47.9,7.3,312.3,632.2,23340.4,85.4,11555.5,8571.7,"{'timestamp': '2026-09-08T22:50:05.814226+00:00', 'model_version': 'qwen2.5:14b', 'prompt_hash': 'a6af280e'}",qwen2.5_14b__N120
7,real_mixed_76,qwen2.5:14b_kb_rag,87.72303605079651,24.11,0,direct_json,0.0,0.0,0.0,0.0,0,12.0,100.0,7.9,257.2,675.7,23502.6,85.1,11555.5,8571.7,"{'timestamp': '2026-09-08T22:51:09.799597+00:00', 'model_version': 'qwen2.5:14b', 'prompt_hash': 'a6af280e'}",qwen2.5_14b__N120
7,real_mixed_77,qwen2.5:14b_kb_rag,91.18403935432434,22.93,0,direct_json,0.7619047619047619,0.6956521739130435,0.7272727272727272,0.0,0,19.8,81.2,7.3,248.9,675.6,23489.3,85.3,11555.5,8571.7,"{'timestamp': '2026-09-08T22:51:19.670777+00:00', 'model_version': 'qwen2.5:14b', 'prompt_hash': 'a6af280e'}",qwen2.5_14b__N120
7,real_mixed_78,qwen2.5:14b_kb_rag,94.3238799571991,22.51,0,direct_json,0.4545454545454545,0.7142857142857143,0.5555555555555556,0.0,0,13.2,100.0,6.6,250.7,675.7,23458.1,85.3,11555.5,8571.7,"{'timestamp': '2026-09-08T22:51:29.058169+00:00', 'model_version': 'qwen2.5:14b', 'prompt_hash': 'a6af280e'}",qwen2.5_14b__N120
7,real_mixed_80,qwen2.5:14b_kb_rag,111.40886211395264,22.38,0,direct_json,0.6333333333333333,0.6785714285714286,0.6551724137931035,0.0333333333333333,1,10.8,59.2,5.1,217.8,675.7,23390.1,85.5,11555.5,8571.7,"{'timestamp': '2026-09-08T22:51:57.403983+00:00', 'model_version': 'qwen2.5:14b', 'prompt_hash': 'a6af280e'}",qwen2.5_14b__N120
8,real_mixed_81,qwen2.5:14b_kb_rag,88.58739924430847,23.52,0,direct_json,1.0,0.6428571428571429,0.782608695652174,0.0,0,15.8,47.0,7.6,322.6,626.1,23388.7,85.3,11555.5,8571.7,"{'timestamp': '2026-09-08T22:50:24.455451+00:00', 'model_version': 'qwen2.5:14b', 'prompt_hash': 'a6af280e'}",qwen2.5_14b__N120
8,real_mixed_82,qwen2.5:14b_kb_rag,95.26492810249329,23.2,0,direct_json,0.7857142857142857,0.6470588235294118,0.7096774193548386,0.0,0,12.2,50.0,6.4,319.8,626.1,23399.7,85.3,11555.5,8571.7,"{'timestamp': '2026-09-08T22:50:31.140089+00:00', 'model_version': 'qwen2.5:14b', 'prompt_hash': 'a6af280e'}",qwen2.5_14b__N120
8,real_mixed_83,qwen2.5:14b_kb_rag,80.06016421318054,23.37,0,direct_json,0.9166666666666666,0.8461538461538461,0.8799999999999999,0.0,0,11.6,47.0,6.9,322.0,626.1,23378.2,85.3,11555.5,8571.7,"{'timestamp': '2026-09-08T22:50:15.924978+00:00', 'model_version': 'qwen2.5:14b', 'prompt_hash': 'a6af280e'}",qwen2.5_14b__N120
8,real_mixed_84,qwen2.5:14b_kb_rag,84.05289316177368,23.44,0,direct_json,1.0,0.6363636363636364,0.7777777777777778,0.0,0,14.6,48.6,7.8,322.9,626.1,23381.2,85.3,11555.5,8571.7,"{'timestamp': '2026-09-08T22:50:19.918375+00:00', 'model_version': 'qwen2.5:14b', 'prompt_hash': 'a6af280e'}",qwen2.5_14b__N120
8,real_mixed_85,qwen2.5:14b_kb_rag,74.9713442325592,23.34,0,direct_json,0.875,0.7777777777777778,0.823529411764706,0.0,0,15.6,100.0,6.4,325.6,626.1,23375.2,85.3,11555.5,8571.7,"{'timestamp': '2026-09-08T22:50:10.835398+00:00', 'model_version': 'qwen2.5:14b', 'prompt_hash': 'a6af280e'}",qwen2.5_14b__N120
8,real_mixed_86,qwen2.5:14b_kb_rag,111.98755884170532,23.19,0,direct_json,0.9,0.6428571428571429,0.75,0.0,0,11.3,87.0,7.0,230.8,737.0,23368.1,85.6,11555.5,8571.7,"{'timestamp': '2026-09-08T22:52:02.978224+00:00', 'model_version': 'qwen2.5:14b', 'prompt_hash': 'a6af280e'}",qwen2.5_14b__N120
8,real_mixed_87,qwen2.5:14b_kb_rag,110.45994424819946,23.9,0,direct_json,1.0,0.3636363636363636,0.5333333333333333,0.0,0,11.7,100.0,6.8,232.9,744.4,23360.6,85.6,11555.5,8571.7,"{'timestamp': '2026-09-08T22:52:06.527623+00:00', 'model_version': 'qwen2.5:14b', 'prompt_hash': 'a6af280e'}",qwen2.5_14b__N120
8,real_mixed_88,qwen2.5:14b_kb_rag,110.50727796554564,23.32,0,direct_json,0.7,0.875,0.7777777777777777,0.0,0,14.2,79.6,6.5,230.0,741.3,23358.8,85.6,11555.5,8571.7,"{'timestamp': '2026-09-08T22:52:10.550153+00:00', 'model_version': 'qwen2.5:14b', 'prompt_hash': 'a6af280e'}",qwen2.5_14b__N120
8,real_mixed_89,qwen2.5:14b_kb_rag,110.92284512519836,23.32,0,direct_json,1.0,0.4285714285714285,0.6,0.0,0,15.8,100.0,6.1,226.3,712.6,23357.9,85.6,11555.5,8571.7,"{'timestamp': '2026-09-08T22:52:15.520370+00:00', 'model_version': 'qwen2.5:14b', 'prompt_hash': 'a6af280e'}",qwen2.5_14b__N120
8,real_mixed_90,qwen2.5:14b_kb_rag,114.56940126419067,22.9,0,direct_json,0.7142857142857143,0.6818181818181818,0.6976744186046512,0.0,0,11.8,80.0,5.6,214.6,745.6,23377.4,85.5,11555.5,8571.7,"{'timestamp': '2026-09-08T22:52:25.842051+00:00', 'model_version': 'qwen2.5:14b', 'prompt_hash': 'a6af280e'}",qwen2.5_14b__N120
9,real_mixed_91,qwen2.5:14b_kb_rag,98.73440623283386,22.67,0,direct_json,1.0,0.7647058823529411,0.8666666666666666,0.0,0,15.9,42.8,8.9,264.0,687.8,23284.7,85.8,11555.5,8571.7,"{'timestamp': '2026-09-08T22:52:46.348228+00:00', 'model_version': 'qwen2.5:14b', 'prompt_hash': 'a6af280e'}",qwen2.5_14b__N120
9,real_mixed_92,qwen2.5:14b_kb_rag,92.2804627418518,23.07,0,direct_json,0.9166666666666666,0.5238095238095238,0.6666666666666667,0.0,0,17.5,60.6,14.3,260.0,687.8,23282.2,85.8,11555.5,8571.7,"{'timestamp': '2026-09-08T22:52:39.830086+00:00', 'model_version': 'qwen2.5:14b', 'prompt_hash': 'a6af280e'}",qwen2.5_14b__N120
9,real_mixed_93,qwen2.5:14b_kb_rag,110.35703897476196,23.0,0,direct_json,1.0,0.8,0.888888888888889,0.0,0,15.5,80.0,7.6,268.1,687.8,23262.0,85.8,11555.5,8571.7,"{'timestamp': '2026-09-08T22:52:57.971769+00:00', 'model_version': 'qwen2.5:14b', 'prompt_hash': 'a6af280e'}",qwen2.5_14b__N120
9,real_mixed_94,qwen2.5:14b_kb_rag,84.66857504844666,23.05,0,direct_json,0.7692307692307693,0.4545454545454545,0.5714285714285714,0.0,0,18.5,58.4,8.0,254.5,687.8,23283.6,85.8,11555.5,8571.7,"{'timestamp': '2026-09-08T22:52:32.189286+00:00', 'model_version': 'qwen2.5:14b', 'prompt_hash': 'a6af280e'}",qwen2.5_14b__N120
9,real_mixed_95,qwen2.5:14b_kb_rag,115.5608561038971,23.28,0,direct_json,0.3,0.375,0.3333333333333332,0.0,0,14.4,50.0,6.9,266.4,712.7,23255.5,85.8,11555.5,8571.7,"{'timestamp': '2026-09-08T22:53:03.174709+00:00', 'model_version': 'qwen2.5:14b', 'prompt_hash': 'a6af280e'}",qwen2.5_14b__N120
9,real_mixed_96,qwen2.5:14b_kb_rag,104.8555510044098,23.15,0,direct_json,0.6428571428571429,0.6428571428571429,0.6428571428571429,0.0,0,13.2,42.8,7.9,267.8,705.1,23275.1,85.8,11555.5,8571.7,"{'timestamp': '2026-09-08T22:52:52.465746+00:00', 'model_version': 'qwen2.5:14b', 'prompt_hash': 'a6af280e'}",qwen2.5_14b__N120
9,real_mixed_97,qwen2.5:14b_kb_rag,92.22137117385864,20.75,0,direct_json,1.0,0.9230769230769232,0.96,0.0,0,11.0,73.4,5.6,284.6,464.7,23313.6,85.7,11555.5,8571.7,"{'timestamp': '2026-09-08T22:54:04.556776+00:00', 'model_version': 'qwen2.5:14b', 'prompt_hash': 'a6af280e'}",qwen2.5_14b__N120
9,real_mixed_98,qwen2.5:14b_kb_rag,94.69335293769836,22.83,0,direct_json,0.8421052631578947,0.4705882352941176,0.6037735849056604,0.0,0,10.7,73.4,5.1,264.8,392.8,23294.5,85.8,11555.5,8571.7,"{'timestamp': '2026-09-08T22:54:14.700615+00:00', 'model_version': 'qwen2.5:14b', 'prompt_hash': 'a6af280e'}",qwen2.5_14b__N120
9,real_mixed_99,qwen2.5:14b_kb_rag,90.6954700946808,23.75,0,direct_json,1.0,1.0,1.0,0.0,0,10.9,73.4,4.9,257.1,383.3,23287.6,85.8,11555.5,8571.7,"{'timestamp': '2026-09-08T22:54:17.192220+00:00', 'model_version': 'qwen2.5:14b', 'prompt_hash': 'a6af280e'}",qwen2.5_14b__N120
9,real_mixed_100,qwen2.5:14b_kb_rag,91.18867373466492,22.96,0,direct_json,1.0,0.7619047619047619,0.8648648648648648,0.0,0,10.8,73.4,4.5,242.6,383.9,23281.3,85.8,11555.5,8571.7,"{'timestamp': '2026-09-08T22:54:23.825582+00:00', 'model_version': 'qwen2.5:14b', 'prompt_hash': 'a6af280e'}",qwen2.5_14b__N120
10,real_mixed_102,qwen2.5:14b_kb_rag,67.33852410316467,24.26,0,direct_json,0.0,0.0,0.0,0.0,0,10.4,42.8,8.7,306.2,730.0,23292.1,85.7,11555.5,8571.7,"{'timestamp': '2026-09-08T22:53:05.396213+00:00', 'model_version': 'qwen2.5:14b', 'prompt_hash': 'a6af280e'}",qwen2.5_14b__N120
10,real_mixed_103,qwen2.5:14b_kb_rag,69.88500881195068,24.31,0,direct_json,1.0,1.0,1.0,0.0,0,10.3,42.8,8.7,305.5,731.1,23291.2,85.7,11555.5,8571.7,"{'timestamp': '2026-09-08T22:53:07.940190+00:00', 'model_version': 'qwen2.5:14b', 'prompt_hash': 'a6af280e'}",qwen2.5_14b__N120
10,real_mixed_104,qwen2.5:14b_kb_rag,84.13576197624207,23.27,0,direct_json,0.875,0.6666666666666666,0.7567567567567567,0.0625,1,10.5,42.8,8.9,309.8,745.1,23290.8,85.7,11555.5,8571.7,"{'timestamp': '2026-09-08T22:53:22.216781+00:00', 'model_version': 'qwen2.5:14b', 'prompt_hash': 'a6af280e'}",qwen2.5_14b__N120
10,real_mixed_105,qwen2.5:14b_kb_rag,90.63175892829896,23.17,0,direct_json,0.8333333333333334,0.6666666666666666,0.7407407407407408,0.0,0,10.5,75.0,8.5,303.9,731.1,23312.2,85.7,11555.5,8571.7,"{'timestamp': '2026-09-08T22:53:28.709118+00:00', 'model_version': 'qwen2.5:14b', 'prompt_hash': 'a6af280e'}",qwen2.5_14b__N120
10,real_mixed_106,qwen2.5:14b_kb_rag,77.5530481338501,23.82,0,direct_json,0.6,1.0,0.7499999999999999,0.0,0,10.0,42.8,8.1,309.8,739.7,23284.9,85.7,11555.5,8571.7,"{'timestamp': '2026-09-08T22:53:15.612513+00:00', 'model_version': 'qwen2.5:14b', 'prompt_hash': 'a6af280e'}",qwen2.5_14b__N120
10,real_mixed_107,qwen2.5:14b_kb_rag,87.80300307273865,22.86,0,direct_json,0.8571428571428571,0.8571428571428571,0.8571428571428571,0.0,0,13.6,100.0,4.2,233.5,376.5,23299.0,85.8,11555.5,8571.7,"{'timestamp': '2026-09-08T22:54:33.383821+00:00', 'model_version': 'qwen2.5:14b', 'prompt_hash': 'a6af280e'}",qwen2.5_14b__N120
10,real_mixed_108,qwen2.5:14b_kb_rag,91.19480013847352,23.51,0,direct_json,0.75,0.75,0.75,0.0,0,17.9,75.3,3.7,224.5,376.2,23298.0,85.8,11555.5,8571.7,"{'timestamp': '2026-09-08T22:54:39.257864+00:00', 'model_version': 'qwen2.5:14b', 'prompt_hash': 'a6af280e'}",qwen2.5_14b__N120
10,real_mixed_109,qwen2.5:14b_kb_rag,96.22904920578004,22.81,0,direct_json,1.0,0.6551724137931034,0.7916666666666666,0.0,0,18.2,100.0,3.2,211.0,374.7,23316.2,85.7,11555.5,8571.7,"{'timestamp': '2026-09-08T22:54:48.883980+00:00', 'model_version': 'qwen2.5:14b', 'prompt_hash': 'a6af280e'}",qwen2.5_14b__N120
10,real_mixed_110,qwen2.5:14b_kb_rag,101.45251703262328,23.07,0,direct_json,0.7692307692307693,0.4166666666666667,0.5405405405405406,0.0,0,14.6,100.0,2.7,202.2,377.2,23341.2,85.7,11555.5,8571.7,"{'timestamp': '2026-09-08T22:54:57.213294+00:00', 'model_version': 'qwen2.5:14b', 'prompt_hash': 'a6af280e'}",qwen2.5_14b__N120
11,real_mixed_111,qwen2.5:14b_kb_rag,83.55138492584229,23.05,0,direct_json,0.9666666666666668,0.8529411764705882,0.90625,0.0,0,18.2,100.0,7.1,307.2,662.0,23326.3,85.7,11555.5,8571.7,"{'timestamp': '2026-09-08T22:53:50.131693+00:00', 'model_version': 'qwen2.5:14b', 'prompt_hash': 'a6af280e'}",qwen2.5_14b__N120
11,real_mixed_112,qwen2.5:14b_kb_rag,73.42873072624207,23.57,0,direct_json,0.5714285714285714,0.5,0.5333333333333333,0.0,0,17.7,85.7,7.5,316.2,747.6,23309.7,85.8,11555.5,8571.7,"{'timestamp': '2026-09-08T22:53:39.973220+00:00', 'model_version': 'qwen2.5:14b', 'prompt_hash': 'a6af280e'}",qwen2.5_14b__N120
11,real_mixed_113,qwen2.5:14b_kb_rag,68.8979799747467,23.43,0,direct_json,0.8571428571428571,0.6,0.7058823529411764,0.0,0,14.5,42.8,6.3,317.4,746.7,23290.7,85.8,11555.5,8571.7,"{'timestamp': '2026-09-08T22:53:35.448755+00:00', 'model_version': 'qwen2.5:14b', 'prompt_hash': 'a6af280e'}",qwen2.5_14b__N120
11,real_mixed_114,qwen2.5:14b_kb_rag,88.82246589660645,23.05,0,direct_json,0.8333333333333334,0.6666666666666666,0.7407407407407408,0.0,0,14.4,85.7,7.0,308.8,747.7,23323.5,85.8,11555.5,8571.7,"{'timestamp': '2026-09-08T22:53:55.378258+00:00', 'model_version': 'qwen2.5:14b', 'prompt_hash': 'a6af280e'}",qwen2.5_14b__N120
11,real_mixed_115,qwen2.5:14b_kb_rag,64.82734823226929,23.87,0,direct_json,0.6666666666666666,0.5,0.5714285714285715,0.0,0,15.2,38.7,6.2,314.2,662.0,23272.6,85.9,11555.5,8571.7,"{'timestamp': '2026-09-08T22:53:31.376333+00:00', 'model_version': 'qwen2.5:14b', 'prompt_hash': 'a6af280e'}",qwen2.5_14b__N120
11,real_mixed_116,qwen2.5:14b_kb_rag,92.6834511756897,23.81,0,direct_json,0.75,0.75,0.75,0.0,0,15.2,50.0,5.9,303.1,662.0,23311.8,85.8,11555.5,8571.7,"{'timestamp': '2026-09-08T22:53:59.240352+00:00', 'model_version': 'qwen2.5:14b', 'prompt_hash': 'a6af280e'}",qwen2.5_14b__N120
11,real_mixed_117,qwen2.5:14b_kb_rag,98.3435080051422,22.68,0,direct_json,0.3684210526315789,0.5,0.4242424242424242,0.0,0,15.0,73.4,2.4,181.2,375.7,23327.6,85.7,11555.5,8571.7,"{'timestamp': '2026-09-08T22:55:09.860848+00:00', 'model_version': 'qwen2.5:14b', 'prompt_hash': 'a6af280e'}",qwen2.5_14b__N120
11,real_mixed_118,qwen2.5:14b_kb_rag,98.3708107471466,23.15,0,direct_json,0.875,0.875,0.875,0.0,0,13.3,73.4,2.1,170.9,376.2,23308.1,85.7,11555.5,8571.7,"{'timestamp': '2026-09-08T22:55:13.935705+00:00', 'model_version': 'qwen2.5:14b', 'prompt_hash': 'a6af280e'}",qwen2.5_14b__N120
11,real_mixed_119,qwen2.5:14b_kb_rag,98.82851099967957,23.06,0,direct_json,0.8571428571428571,0.75,0.7999999999999999,0.0,0,17.7,100.0,1.7,162.8,368.3,23280.5,85.8,11555.5,8571.7,"{'timestamp': '2026-09-08T22:55:18.947931+00:00', 'model_version': 'qwen2.5:14b', 'prompt_hash': 'a6af280e'}",qwen2.5_14b__N120
11,real_mixed_120,qwen2.5:14b_kb_rag,93.73044204711914,23.2,0,direct_json,0.6666666666666666,0.5,0.5714285714285715,0.0,0,14.2,73.4,1.4,151.5,344.0,23245.2,85.8,11555.5,8571.7,"{'timestamp': '2026-09-08T22:55:24.123750+00:00', 'model_version': 'qwen2.5:14b', 'prompt_hash': 'a6af280e'}",qwen2.5_14b__N120
0,real_mixed_2,qwen3:8b_baseline,5.070785760879517,39.95,0,direct_json,0.8461538461538461,0.6470588235294118,0.7333333333333334,0.0,0,17.2,32.6,10.7,246.8,246.8,25377.6,64.1,7681.7,4983.3,"{'timestamp': '2026-09-08T23:26:22.231243+00:00', 'model_version': 'qwen3:8b', 'prompt_hash': 'a6af280e'}",qwen3_8b__N120
0,real_mixed_3,qwen3:8b_baseline,4.570034980773926,39.86,0,direct_json,0.8181818181818182,0.5294117647058824,0.6428571428571428,0.0,0,20.0,34.0,11.6,247.6,247.6,25414.3,64.1,7681.7,4983.3,"{'timestamp': '2026-09-08T23:26:26.833872+00:00', 'model_version': 'qwen3:8b', 'prompt_hash': 'a6af280e'}",qwen3_8b__N120
0,real_mixed_4,qwen3:8b_baseline,5.597711801528931,39.65,0,direct_json,0.7692307692307693,0.6666666666666666,0.7142857142857142,0.0,0,18.9,32.4,9.8,248.3,248.3,25596.0,64.5,7681.7,4983.3,"{'timestamp': '2026-09-08T23:26:32.460053+00:00', 'model_version': 'qwen3:8b', 'prompt_hash': 'a6af280e'}",qwen3_8b__N120
0,real_mixed_5,qwen3:8b_baseline,6.080315828323364,39.81,0,direct_json,0.6666666666666666,0.6666666666666666,0.6666666666666666,0.0,0,17.9,32.4,8.8,249.0,249.0,25715.2,64.8,7681.7,4983.3,"{'timestamp': '2026-09-08T23:26:38.562696+00:00', 'model_version': 'qwen3:8b', 'prompt_hash': 'a6af280e'}",qwen3_8b__N120
0,real_mixed_6,qwen3:8b_baseline,5.590642929077148,40.14,0,direct_json,0.6818181818181818,0.75,0.7142857142857143,0.0454545454545454,1,19.7,37.0,9.3,249.7,249.7,25716.9,64.7,7681.7,4983.3,"{'timestamp': '2026-09-08T23:26:44.186664+00:00', 'model_version': 'qwen3:8b', 'prompt_hash': 'a6af280e'}",qwen3_8b__N120
0,real_mixed_7,qwen3:8b_baseline,5.592725038528442,39.68,0,direct_json,0.7647058823529411,0.65,0.7027027027027027,0.0,0,20.2,32.8,9.8,250.4,250.4,26135.3,65.4,7681.7,4983.3,"{'timestamp': '2026-09-08T23:26:49.806452+00:00', 'model_version': 'qwen3:8b', 'prompt_hash': 'a6af280e'}",qwen3_8b__N120
0,real_mixed_8,qwen3:8b_baseline,4.5577967166900635,39.86,0,direct_json,0.6923076923076923,0.6,0.6428571428571429,0.0,0,18.6,28.6,11.8,251.1,251.1,26324.8,65.6,7681.7,4983.3,"{'timestamp': '2026-09-08T23:26:54.386049+00:00', 'model_version': 'qwen3:8b', 'prompt_hash': 'a6af280e'}",qwen3_8b__N120
0,real_mixed_9,qwen3:8b_baseline,4.079378843307495,40.68,0,direct_json,0.75,0.5625,0.6428571428571429,0.0,0,16.4,32.3,13.2,251.8,251.8,26333.9,65.6,7681.7,4983.3,"{'timestamp': '2026-09-08T23:26:58.497988+00:00', 'model_version': 'qwen3:8b', 'prompt_hash': 'a6af280e'}",qwen3_8b__N120
0,real_mixed_10,qwen3:8b_baseline,4.059804916381836,40.65,0,direct_json,0.9333333333333332,1.0,0.9655172413793104,0.0,0,14.9,32.6,13.5,252.5,252.5,26263.7,65.5,7681.7,4983.3,"{'timestamp': '2026-09-08T23:27:02.584496+00:00', 'model_version': 'qwen3:8b', 'prompt_hash': 'a6af280e'}",qwen3_8b__N120
1,real_mixed_11,qwen3:8b_baseline,9.140270948410034,39.12,0,direct_json,0.7,0.7777777777777778,0.7368421052631577,0.0,0,15.1,25.1,6.0,253.3,253.3,26573.6,66.1,7681.7,4983.3,"{'timestamp': '2026-09-08T23:27:11.763691+00:00', 'model_version': 'qwen3:8b', 'prompt_hash': 'a6af280e'}",qwen3_8b__N120
1,real_mixed_12,qwen3:8b_baseline,3.5767321586608887,40.57,0,direct_json,0.8461538461538461,0.9166666666666666,0.8799999999999999,0.0,0,13.1,14.9,15.3,254.0,254.0,26508.0,65.9,7681.7,4983.3,"{'timestamp': '2026-09-08T23:27:15.359738+00:00', 'model_version': 'qwen3:8b', 'prompt_hash': 'a6af280e'}",qwen3_8b__N120
1,real_mixed_13,qwen3:8b_baseline,7.10929012298584,39.89,0,direct_json,0.782608695652174,0.6666666666666666,0.72,0.0,0,14.8,27.1,7.7,254.1,254.1,26652.4,66.2,7681.7,4983.3,"{'timestamp': '2026-09-08T23:27:22.504590+00:00', 'model_version': 'qwen3:8b', 'prompt_hash': 'a6af280e'}",qwen3_8b__N120
1,real_mixed_14,qwen3:8b_baseline,6.618116140365601,39.34,0,fallback,0.3666666666666666,0.7333333333333333,0.4888888888888889,0.0,0,14.3,26.6,8.2,254.1,254.1,26717.7,66.3,7681.7,4983.3,"{'timestamp': '2026-09-08T23:27:29.152228+00:00', 'model_version': 'qwen3:8b', 'prompt_hash': 'a6af280e'}",qwen3_8b__N120
1,real_mixed_15,qwen3:8b_baseline,5.598074197769165,39.64,0,direct_json,0.7727272727272727,0.8095238095238095,0.7906976744186046,0.0,0,18.7,26.7,9.8,254.1,254.1,26830.0,66.5,7681.7,4983.3,"{'timestamp': '2026-09-08T23:27:34.782606+00:00', 'model_version': 'qwen3:8b', 'prompt_hash': 'a6af280e'}",qwen3_8b__N120
1,real_mixed_16,qwen3:8b_baseline,4.586976766586304,40.09,0,direct_json,1.0,0.9166666666666666,0.9565217391304348,0.0,0,17.1,26.2,11.8,254.1,254.1,26967.9,66.8,7681.7,4983.3,"{'timestamp': '2026-09-08T23:27:39.397807+00:00', 'model_version': 'qwen3:8b', 'prompt_hash': 'a6af280e'}",qwen3_8b__N120
1,real_mixed_17,qwen3:8b_baseline,2.0532400608062744,41.21,0,direct_json,0.6666666666666666,0.8,0.7272727272727272,0.0,0,23.3,29.6,26.3,254.1,254.1,27026.1,66.9,7681.7,4983.3,"{'timestamp': '2026-09-08T23:27:41.465051+00:00', 'model_version': 'qwen3:8b', 'prompt_hash': 'a6af280e'}",qwen3_8b__N120
1,real_mixed_18,qwen3:8b_baseline,4.079721927642822,39.81,0,direct_json,0.9090909090909092,0.7142857142857143,0.8,0.0,0,17.4,26.1,13.4,254.1,254.1,27103.6,67.0,7681.7,4983.3,"{'timestamp': '2026-09-08T23:27:45.577470+00:00', 'model_version': 'qwen3:8b', 'prompt_hash': 'a6af280e'}",qwen3_8b__N120
1,real_mixed_19,qwen3:8b_baseline,4.064835071563721,40.77,0,direct_json,1.0,0.8636363636363636,0.9268292682926828,0.0,0,15.4,21.8,13.4,254.1,254.1,27231.2,67.3,7681.7,4983.3,"{'timestamp': '2026-09-08T23:27:49.675801+00:00', 'model_version': 'qwen3:8b', 'prompt_hash': 'a6af280e'}",qwen3_8b__N120
1,real_mixed_20,qwen3:8b_baseline,5.086856842041016,40.11,0,direct_json,0.9,0.4736842105263157,0.6206896551724138,0.0,0,17.1,23.3,10.7,254.1,254.1,27264.4,67.4,7681.7,4983.3,"{'timestamp': '2026-09-08T23:27:54.802283+00:00', 'model_version': 'qwen3:8b', 'prompt_hash': 'a6af280e'}",qwen3_8b__N120
2,real_mixed_22,qwen3:8b_baseline,3.067960262298584,40.35,0,direct_json,0.375,1.0,0.5454545454545454,0.0,0,19.2,30.9,17.8,254.3,254.3,27441.8,67.7,7681.7,4983.3,"{'timestamp': '2026-09-08T23:28:02.489954+00:00', 'model_version': 'qwen3:8b', 'prompt_hash': 'a6af280e'}",qwen3_8b__N120
2,real_mixed_23,qwen3:8b_baseline,4.055517196655273,39.95,0,direct_json,0.75,0.5294117647058824,0.6206896551724139,0.0,0,20.4,31.0,13.4,254.3,254.3,27584.9,67.8,7681.7,4983.3,"{'timestamp': '2026-09-08T23:28:06.575937+00:00', 'model_version': 'qwen3:8b', 'prompt_hash': 'a6af280e'}",qwen3_8b__N120
2,real_mixed_24,qwen3:8b_baseline,3.061194896697998,40.81,0,direct_json,1.0,0.6363636363636364,0.7777777777777778,0.0,0,15.3,24.2,18.6,254.3,254.3,27742.7,68.1,7681.7,4983.3,"{'timestamp': '2026-09-08T23:28:09.664273+00:00', 'model_version': 'qwen3:8b', 'prompt_hash': 'a6af280e'}",qwen3_8b__N120
2,real_mixed_25,qwen3:8b_baseline,3.575968027114868,40.41,0,direct_json,0.8181818181818182,0.5294117647058824,0.6428571428571428,0.0,0,14.8,23.9,17.2,255.0,255.0,27740.6,68.1,7681.7,4983.3,"{'timestamp': '2026-09-08T23:28:13.277057+00:00', 'model_version': 'qwen3:8b', 'prompt_hash': 'a6af280e'}",qwen3_8b__N120
2,real_mixed_26,qwen3:8b_baseline,8.625768899917603,39.82,0,direct_json,0.7142857142857143,0.5952380952380952,0.6493506493506493,0.0,0,15.4,23.7,6.4,255.7,255.7,27842.5,68.2,7681.7,4983.3,"{'timestamp': '2026-09-08T23:28:21.958436+00:00', 'model_version': 'qwen3:8b', 'prompt_hash': 'a6af280e'}",qwen3_8b__N120
2,real_mixed_28,qwen3:8b_baseline,4.084490060806274,40.47,0,direct_json,0.8888888888888888,0.4444444444444444,0.5925925925925926,0.0,0,13.9,24.7,13.2,257.2,257.2,27839.0,68.2,7681.7,4983.3,"{'timestamp': '2026-09-08T23:28:35.759979+00:00', 'model_version': 'qwen3:8b', 'prompt_hash': 'a6af280e'}",qwen3_8b__N120
2,real_mixed_29,qwen3:8b_baseline,6.111411809921265,40.35,0,direct_json,0.8095238095238095,0.68,0.7391304347826089,0.0,0,14.6,24.3,8.7,257.9,257.9,27884.6,68.3,7681.7,4983.3,"{'timestamp': '2026-09-08T23:28:41.899636+00:00', 'model_version': 'qwen3:8b', 'prompt_hash': 'a6af280e'}",qwen3_8b__N120
2,real_mixed_30,qwen3:8b_baseline,3.0559139251708984,41.01,0,direct_json,0.6666666666666666,0.4615384615384615,0.5454545454545455,0.0,0,15.0,25.7,17.9,257.9,257.9,27908.5,68.3,7681.7,4983.3,"{'timestamp': '2026-09-08T23:28:44.975708+00:00', 'model_version': 'qwen3:8b', 'prompt_hash': 'a6af280e'}",qwen3_8b__N120
3,real_mixed_31,qwen3:8b_baseline,3.0624849796295166,41.22,0,direct_json,0.5,1.0,0.6666666666666666,0.0,0,16.9,28.8,18.0,258.0,258.0,27943.5,68.4,7681.7,4983.3,"{'timestamp': '2026-09-08T23:28:48.056678+00:00', 'model_version': 'qwen3:8b', 'prompt_hash': 'a6af280e'}",qwen3_8b__N120
3,real_mixed_32,qwen3:8b_baseline,3.5757641792297363,40.75,0,direct_json,0.7692307692307693,0.625,0.6896551724137931,0.0,0,12.1,15.0,15.2,258.0,258.0,27871.1,68.2,7681.7,4983.3,"{'timestamp': '2026-09-08T23:28:51.664893+00:00', 'model_version': 'qwen3:8b', 'prompt_hash': 'a6af280e'}",qwen3_8b__N120
3,real_mixed_33,qwen3:8b_baseline,4.078318119049072,40.34,0,direct_json,0.9,0.6,0.7200000000000001,0.0,0,17.3,31.2,13.2,258.0,258.0,27852.1,68.2,7681.7,4983.3,"{'timestamp': '2026-09-08T23:28:55.778621+00:00', 'model_version': 'qwen3:8b', 'prompt_hash': 'a6af280e'}",qwen3_8b__N120
3,real_mixed_34,qwen3:8b_baseline,4.590254068374634,40.07,0,direct_json,0.7272727272727273,0.5714285714285714,0.64,0.0,0,17.4,33.9,11.9,258.0,258.0,27897.8,68.2,7681.7,4983.3,"{'timestamp': '2026-09-08T23:29:00.397619+00:00', 'model_version': 'qwen3:8b', 'prompt_hash': 'a6af280e'}",qwen3_8b__N120
3,real_mixed_35,qwen3:8b_baseline,4.0652971267700195,39.54,0,direct_json,0.7857142857142857,0.9166666666666666,0.8461538461538461,0.0714285714285714,1,21.8,36.4,13.4,258.0,258.0,27877.8,68.2,7681.7,4983.3,"{'timestamp': '2026-09-08T23:29:04.488706+00:00', 'model_version': 'qwen3:8b', 'prompt_hash': 'a6af280e'}",qwen3_8b__N120
3,real_mixed_36,qwen3:8b_baseline,5.079838991165161,40.08,0,direct_json,0.6666666666666666,0.6363636363636364,0.6511627906976744,0.0,0,19.8,36.9,10.8,258.0,258.0,27884.6,68.2,7681.7,4983.3,"{'timestamp': '2026-09-08T23:29:09.603856+00:00', 'model_version': 'qwen3:8b', 'prompt_hash': 'a6af280e'}",qwen3_8b__N120
3,real_mixed_37,qwen3:8b_baseline,5.086029052734375,39.72,0,direct_json,0.7857142857142857,0.7333333333333333,0.7586206896551724,0.0,0,17.5,37.0,10.7,258.0,258.0,27800.3,68.0,7681.7,4983.3,"{'timestamp': '2026-09-08T23:29:14.726426+00:00', 'model_version': 'qwen3:8b', 'prompt_hash': 'a6af280e'}",qwen3_8b__N120
3,real_mixed_38,qwen3:8b_baseline,4.571247100830078,39.81,0,direct_json,0.8,0.4444444444444444,0.5714285714285714,0.0,0,17.9,30.0,11.9,258.0,258.0,27888.3,68.2,7681.7,4983.3,"{'timestamp': '2026-09-08T23:29:19.334102+00:00', 'model_version': 'qwen3:8b', 'prompt_hash': 'a6af280e'}",qwen3_8b__N120
3,real_mixed_39,qwen3:8b_baseline,3.55655288696289,39.97,0,direct_json,0.7777777777777778,0.875,0.823529411764706,0.0,0,22.3,31.3,15.1,258.0,258.0,27894.7,68.2,7681.7,4983.3,"{'timestamp': '2026-09-08T23:29:22.912735+00:00', 'model_version': 'qwen3:8b', 'prompt_hash': 'a6af280e'}",qwen3_8b__N120
3,real_mixed_40,qwen3:8b_baseline,3.557645082473755,40.41,0,direct_json,0.6428571428571429,0.6,0.6206896551724138,0.0,0,22.0,41.4,15.1,258.0,258.0,27934.6,68.3,7681.7,4983.3,"{'timestamp': '2026-09-08T23:29:26.507112+00:00', 'model_version': 'qwen3:8b', 'prompt_hash': 'a6af280e'}",qwen3_8b__N120
4,real_mixed_42,qwen3:8b_baseline,7.0929741859436035,39.7,0,direct_json,0.9166666666666666,0.7586206896551724,0.830188679245283,0.0,0,14.6,26.1,7.6,258.2,258.2,27860.2,68.2,7681.7,4983.3,"{'timestamp': '2026-09-08T23:29:38.259828+00:00', 'model_version': 'qwen3:8b', 'prompt_hash': 'a6af280e'}",qwen3_8b__N120
4,real_mixed_43,qwen3:8b_baseline,10.662894248962402,37.63,0,direct_json,0.7916666666666666,0.8636363636363636,0.8260869565217391,0.0,0,13.6,22.6,5.1,258.2,258.2,27883.3,68.2,7681.7,4983.3,"{'timestamp': '2026-09-08T23:29:48.957316+00:00', 'model_version': 'qwen3:8b', 'prompt_hash': 'a6af280e'}",qwen3_8b__N120
4,real_mixed_44,qwen3:8b_baseline,6.597052812576294,39.84,0,direct_json,0.65,0.65,0.65,0.0,0,13.4,23.9,8.5,258.2,258.2,27852.5,68.1,7681.7,4983.3,"{'timestamp': '2026-09-08T23:29:55.586562+00:00', 'model_version': 'qwen3:8b', 'prompt_hash': 'a6af280e'}",qwen3_8b__N120
4,real_mixed_45,qwen3:8b_baseline,5.097409248352051,40.42,0,direct_json,0.8125,0.8125,0.8125,0.0625,1,13.4,23.9,10.6,258.2,258.2,27880.2,68.2,7681.7,4983.3,"{'timestamp': '2026-09-08T23:30:00.717563+00:00', 'model_version': 'qwen3:8b', 'prompt_hash': 'a6af280e'}",qwen3_8b__N120
4,real_mixed_46,qwen3:8b_baseline,3.0582871437072754,40.51,0,direct_json,0.4285714285714285,0.2,0.2727272727272727,0.1428571428571428,1,20.0,30.9,17.9,258.2,258.2,27836.7,68.1,7681.7,4983.3,"{'timestamp': '2026-09-08T23:30:03.808385+00:00', 'model_version': 'qwen3:8b', 'prompt_hash': 'a6af280e'}",qwen3_8b__N120
4,real_mixed_47,qwen3:8b_baseline,6.617011785507202,39.86,0,direct_json,0.7419354838709677,0.8214285714285714,0.7796610169491526,0.064516129032258,2,19.2,26.7,7.6,258.2,258.2,27959.0,68.3,7681.7,4983.3,"{'timestamp': '2026-09-08T23:30:10.456010+00:00', 'model_version': 'qwen3:8b', 'prompt_hash': 'a6af280e'}",qwen3_8b__N120
4,real_mixed_48,qwen3:8b_baseline,3.5668559074401855,40.35,0,direct_json,0.7777777777777778,0.7,0.7368421052631577,0.0,0,18.1,28.6,15.0,258.2,258.2,27879.9,68.1,7681.7,4983.3,"{'timestamp': '2026-09-08T23:30:14.041300+00:00', 'model_version': 'qwen3:8b', 'prompt_hash': 'a6af280e'}",qwen3_8b__N120
4,real_mixed_49,qwen3:8b_baseline,5.595885753631592,39.89,0,direct_json,0.8333333333333334,0.5555555555555556,0.6666666666666667,0.0,0,18.1,28.5,9.6,258.2,258.2,27866.8,68.1,7681.7,4983.3,"{'timestamp': '2026-09-08T23:30:19.670282+00:00', 'model_version': 'qwen3:8b', 'prompt_hash': 'a6af280e'}",qwen3_8b__N120
4,real_mixed_50,qwen3:8b_baseline,3.060554027557373,40.83,0,direct_json,1.0,0.5263157894736842,0.6896551724137931,0.0,0,21.0,26.5,20.1,258.2,258.2,27815.1,68.0,7681.7,4983.3,"{'timestamp': '2026-09-08T23:30:22.771080+00:00', 'model_version': 'qwen3:8b', 'prompt_hash': 'a6af280e'}",qwen3_8b__N120
5,real_mixed_51,qwen3:8b_baseline,4.063982725143433,39.88,0,direct_json,0.7272727272727273,0.5333333333333333,0.6153846153846153,0.0,0,20.1,26.8,13.3,258.4,258.4,27963.4,68.3,7681.7,4983.3,"{'timestamp': '2026-09-08T23:30:26.872339+00:00', 'model_version': 'qwen3:8b', 'prompt_hash': 'a6af280e'}",qwen3_8b__N120
5,real_mixed_52,qwen3:8b_baseline,6.594411134719849,39.75,0,direct_json,0.6538461538461539,0.8095238095238095,0.7234042553191489,0.0,0,17.2,29.1,8.2,258.4,258.4,27779.9,67.9,7681.7,4983.3,"{'timestamp': '2026-09-08T23:30:33.508240+00:00', 'model_version': 'qwen3:8b', 'prompt_hash': 'a6af280e'}",qwen3_8b__N120
5,real_mixed_53,qwen3:8b_baseline,3.5668389797210693,40.48,0,direct_json,0.9090909090909092,0.625,0.7407407407407406,0.0,0,19.1,33.1,15.3,258.4,258.4,27771.8,67.9,7681.7,4983.3,"{'timestamp': '2026-09-08T23:30:37.097431+00:00', 'model_version': 'qwen3:8b', 'prompt_hash': 'a6af280e'}",qwen3_8b__N120
5,real_mixed_54,qwen3:8b_baseline,2.033250093460083,41.65,0,direct_json,1.0,0.875,0.9333333333333332,0.0,0,17.5,22.1,29.6,258.4,258.4,27776.5,67.9,7681.7,4983.3,"{'timestamp': '2026-09-08T23:30:39.144154+00:00', 'model_version': 'qwen3:8b', 'prompt_hash': 'a6af280e'}",qwen3_8b__N120
5,real_mixed_55,qwen3:8b_baseline,5.5828962326049805,39.71,0,direct_json,0.75,0.75,0.75,0.0,0,17.6,29.0,9.7,258.4,258.4,27727.0,67.8,7681.7,4983.3,"{'timestamp': '2026-09-08T23:30:44.766202+00:00', 'model_version': 'qwen3:8b', 'prompt_hash': 'a6af280e'}",qwen3_8b__N120
5,real_mixed_56,qwen3:8b_baseline,6.082239151000977,39.87,0,direct_json,0.6206896551724138,0.6923076923076923,0.6545454545454545,0.0,0,20.4,27.7,8.8,258.4,258.4,27894.0,68.1,7681.7,4983.3,"{'timestamp': '2026-09-08T23:30:50.878322+00:00', 'model_version': 'qwen3:8b', 'prompt_hash': 'a6af280e'}",qwen3_8b__N120
5,real_mixed_57,qwen3:8b_baseline,4.061754941940308,40.49,0,direct_json,0.9,0.8571428571428571,0.8780487804878048,0.0,0,20.9,29.3,13.2,258.4,258.4,27918.6,68.2,7681.7,4983.3,"{'timestamp': '2026-09-08T23:30:54.979237+00:00', 'model_version': 'qwen3:8b', 'prompt_hash': 'a6af280e'}",qwen3_8b__N120
5,real_mixed_58,qwen3:8b_baseline,4.059629917144775,40.54,0,direct_json,0.9230769230769232,0.6666666666666666,0.7741935483870968,0.0,0,12.3,15.5,13.2,258.4,258.4,27953.6,68.3,7681.7,4983.3,"{'timestamp': '2026-09-08T23:30:59.076688+00:00', 'model_version': 'qwen3:8b', 'prompt_hash': 'a6af280e'}",qwen3_8b__N120
5,real_mixed_60,qwen3:8b_baseline,4.068422079086304,40.07,0,direct_json,1.0,0.6428571428571429,0.782608695652174,0.0,0,19.0,41.1,13.2,258.4,258.4,27957.9,68.3,7681.7,4983.3,"{'timestamp': '2026-09-08T23:31:11.838930+00:00', 'model_version': 'qwen3:8b', 'prompt_hash': 'a6af280e'}",qwen3_8b__N120
6,real_mixed_61,qwen3:8b_baseline,13.67650318145752,37.57,0,direct_json,0.6842105263157895,0.7222222222222222,0.7027027027027027,0.0263157894736842,1,16.1,33.1,4.0,258.6,258.6,27895.2,68.1,7681.7,4983.3,"{'timestamp': '2026-09-08T23:31:25.572969+00:00', 'model_version': 'qwen3:8b', 'prompt_hash': 'a6af280e'}",qwen3_8b__N120
6,real_mixed_62,qwen3:8b_baseline,6.0926220417022705,39.92,0,direct_json,0.7333333333333333,0.6111111111111112,0.6666666666666666,0.0,0,17.6,31.1,8.9,258.6,258.6,27907.4,68.1,7681.7,4983.3,"{'timestamp': '2026-09-08T23:31:31.703109+00:00', 'model_version': 'qwen3:8b', 'prompt_hash': 'a6af280e'}",qwen3_8b__N120
6,real_mixed_63,qwen3:8b_baseline,3.584167242050171,40.68,0,direct_json,0.6923076923076923,0.6,0.6428571428571429,0.0,0,13.0,19.7,15.1,258.6,258.6,27862.4,68.0,7681.7,4983.3,"{'timestamp': '2026-09-08T23:31:35.315221+00:00', 'model_version': 'qwen3:8b', 'prompt_hash': 'a6af280e'}",qwen3_8b__N120
6,real_mixed_64,qwen3:8b_baseline,3.0611801147460938,40.53,0,direct_json,0.6,0.75,0.6666666666666665,0.0,0,17.5,25.4,17.6,258.6,258.6,28015.8,68.3,7681.7,4983.3,"{'timestamp': '2026-09-08T23:31:38.387350+00:00', 'model_version': 'qwen3:8b', 'prompt_hash': 'a6af280e'}",qwen3_8b__N120
6,real_mixed_65,qwen3:8b_baseline,4.564769983291626,39.91,0,direct_json,0.4444444444444444,0.3636363636363636,0.3999999999999999,0.0,0,17.5,24.0,12.0,258.6,258.6,27933.1,68.2,7681.7,4983.3,"{'timestamp': '2026-09-08T23:31:42.981469+00:00', 'model_version': 'qwen3:8b', 'prompt_hash': 'a6af280e'}",qwen3_8b__N120
6,real_mixed_66,qwen3:8b_baseline,5.589658737182617,39.76,0,direct_json,0.55,0.4230769230769231,0.4782608695652173,0.0,0,20.3,32.6,9.8,258.6,258.6,27968.6,68.2,7681.7,4983.3,"{'timestamp': '2026-09-08T23:31:48.617832+00:00', 'model_version': 'qwen3:8b', 'prompt_hash': 'a6af280e'}",qwen3_8b__N120
6,real_mixed_67,qwen3:8b_baseline,6.106191873550415,39.69,0,direct_json,0.8571428571428571,0.8181818181818182,0.8372093023255814,0.0476190476190476,1,17.7,24.4,9.4,258.6,258.6,27900.5,68.1,7681.7,4983.3,"{'timestamp': '2026-09-08T23:31:54.757555+00:00', 'model_version': 'qwen3:8b', 'prompt_hash': 'a6af280e'}",qwen3_8b__N120
6,real_mixed_68,qwen3:8b_baseline,4.564279079437256,40.18,0,direct_json,0.9411764705882352,0.8421052631578947,0.8888888888888888,0.0,0,23.9,31.0,11.6,258.6,258.6,27972.9,68.3,7681.7,4983.3,"{'timestamp': '2026-09-08T23:31:59.354371+00:00', 'model_version': 'qwen3:8b', 'prompt_hash': 'a6af280e'}",qwen3_8b__N120
6,real_mixed_69,qwen3:8b_baseline,5.601047992706299,39.67,0,direct_json,1.0,0.6785714285714286,0.8085106382978724,0.0,0,19.1,30.2,10.9,258.6,258.6,28011.4,68.3,7681.7,4983.3,"{'timestamp': '2026-09-08T23:32:05.003742+00:00', 'model_version': 'qwen3:8b', 'prompt_hash': 'a6af280e'}",qwen3_8b__N120
6,real_mixed_70,qwen3:8b_baseline,5.091807842254639,40.04,0,direct_json,0.875,0.56,0.6829268292682927,0.0,0,18.0,27.4,10.5,258.6,258.6,27999.5,68.3,7681.7,4983.3,"{'timestamp': '2026-09-08T23:32:10.132060+00:00', 'model_version': 'qwen3:8b', 'prompt_hash': 'a6af280e'}",qwen3_8b__N120
7,real_mixed_71,qwen3:8b_baseline,4.570717096328735,39.99,0,direct_json,0.75,0.4285714285714285,0.5454545454545454,0.0,0,16.2,26.4,11.5,258.8,258.8,27950.8,68.2,7681.7,4983.3,"{'timestamp': '2026-09-08T23:32:14.739726+00:00', 'model_version': 'qwen3:8b', 'prompt_hash': 'a6af280e'}",qwen3_8b__N120
7,real_mixed_72,qwen3:8b_baseline,4.5897040367126465,40.17,0,direct_json,0.8181818181818182,0.5294117647058824,0.6428571428571428,0.0,0,17.4,25.5,11.8,258.8,258.8,27950.0,68.2,7681.7,4983.3,"{'timestamp': '2026-09-08T23:32:19.360434+00:00', 'model_version': 'qwen3:8b', 'prompt_hash': 'a6af280e'}",qwen3_8b__N120
7,real_mixed_73,qwen3:8b_baseline,4.0606560707092285,40.21,0,direct_json,0.9090909090909092,0.625,0.7407407407407406,0.0,0,11.1,14.8,13.4,258.8,258.8,27874.2,68.0,7681.7,4983.3,"{'timestamp': '2026-09-08T23:32:23.449975+00:00', 'model_version': 'qwen3:8b', 'prompt_hash': 'a6af280e'}",qwen3_8b__N120
7,real_mixed_74,qwen3:8b_baseline,4.584465980529785,40.1,0,direct_json,1.0,0.8333333333333334,0.9090909090909092,0.0,0,17.7,25.3,11.7,258.8,258.8,27946.1,68.2,7681.7,4983.3,"{'timestamp': '2026-09-08T23:32:28.059356+00:00', 'model_version': 'qwen3:8b', 'prompt_hash': 'a6af280e'}",qwen3_8b__N120
7,real_mixed_75,qwen3:8b_baseline,2.5411648750305176,41.18,0,direct_json,0.75,0.6,0.6666666666666665,0.25,1,18.2,24.0,21.0,258.8,258.8,27862.1,68.0,7681.7,4983.3,"{'timestamp': '2026-09-08T23:32:30.613676+00:00', 'model_version': 'qwen3:8b', 'prompt_hash': 'a6af280e'}",qwen3_8b__N120
7,real_mixed_76,qwen3:8b_baseline,2.050373077392578,41.94,0,direct_json,0.0,0.0,0.0,0.0,0,16.6,20.5,26.4,258.8,258.8,27857.0,68.0,7681.7,4983.3,"{'timestamp': '2026-09-08T23:32:32.669541+00:00', 'model_version': 'qwen3:8b', 'prompt_hash': 'a6af280e'}",qwen3_8b__N120
7,real_mixed_77,qwen3:8b_baseline,6.107186794281006,39.62,0,direct_json,0.75,0.5217391304347826,0.6153846153846153,0.0,0,21.4,38.5,8.9,258.8,258.8,27991.9,68.3,7681.7,4983.3,"{'timestamp': '2026-09-08T23:32:38.817379+00:00', 'model_version': 'qwen3:8b', 'prompt_hash': 'a6af280e'}",qwen3_8b__N120
7,real_mixed_78,qwen3:8b_baseline,7.083452939987183,38.92,0,direct_json,0.3333333333333333,0.8571428571428571,0.48,0.1666666666666666,3,17.8,32.6,7.6,258.8,258.8,27949.0,68.2,7681.7,4983.3,"{'timestamp': '2026-09-08T23:32:45.919579+00:00', 'model_version': 'qwen3:8b', 'prompt_hash': 'a6af280e'}",qwen3_8b__N120
7,real_mixed_80,qwen3:8b_baseline,8.624106168746948,39.04,0,direct_json,0.6071428571428571,0.6071428571428571,0.6071428571428571,0.0,0,20.0,33.3,6.2,258.9,258.9,27924.6,68.2,7681.7,4983.3,"{'timestamp': '2026-09-08T23:33:01.701692+00:00', 'model_version': 'qwen3:8b', 'prompt_hash': 'a6af280e'}",qwen3_8b__N120
8,real_mixed_81,qwen3:8b_baseline,3.5547311305999756,40.65,0,direct_json,0.6666666666666666,0.4285714285714285,0.5217391304347826,0.0,0,15.3,21.8,15.0,259.1,259.1,27877.1,68.1,7681.7,4983.3,"{'timestamp': '2026-09-08T23:33:05.306347+00:00', 'model_version': 'qwen3:8b', 'prompt_hash': 'a6af280e'}",qwen3_8b__N120
8,real_mixed_82,qwen3:8b_baseline,5.587622880935669,40.05,0,direct_json,0.75,0.7058823529411765,0.7272727272727272,0.0,0,18.4,35.8,9.8,200.3,259.1,27952.9,68.5,7681.7,4983.3,"{'timestamp': '2026-09-08T23:33:10.929573+00:00', 'model_version': 'qwen3:8b', 'prompt_hash': 'a6af280e'}",qwen3_8b__N120
8,real_mixed_83,qwen3:8b_baseline,3.569612979888916,40.84,0,direct_json,0.6875,0.8461538461538461,0.7586206896551724,0.0,0,17.2,32.6,14.7,194.5,194.5,27811.1,68.2,7681.7,4983.3,"{'timestamp': '2026-09-08T23:33:14.521661+00:00', 'model_version': 'qwen3:8b', 'prompt_hash': 'a6af280e'}",qwen3_8b__N120
8,real_mixed_84,qwen3:8b_baseline,3.0612478256225586,40.33,0,direct_json,0.875,0.6363636363636364,0.7368421052631579,0.125,1,20.9,31.3,17.8,194.5,194.5,27904.5,68.5,7681.7,4983.3,"{'timestamp': '2026-09-08T23:33:17.608132+00:00', 'model_version': 'qwen3:8b', 'prompt_hash': 'a6af280e'}",qwen3_8b__N120
8,real_mixed_85,qwen3:8b_baseline,3.5631890296936035,40.83,0,direct_json,0.7777777777777778,0.7777777777777778,0.7777777777777778,0.0,0,12.3,28.3,15.3,194.5,194.5,27788.5,68.2,7681.7,4983.3,"{'timestamp': '2026-09-08T23:33:21.190620+00:00', 'model_version': 'qwen3:8b', 'prompt_hash': 'a6af280e'}",qwen3_8b__N120
8,real_mixed_86,qwen3:8b_baseline,4.081645965576172,40.22,0,direct_json,0.9,0.6428571428571429,0.75,0.0,0,20.4,37.9,13.0,194.5,194.5,27757.3,68.2,7681.7,4983.3,"{'timestamp': '2026-09-08T23:33:25.301397+00:00', 'model_version': 'qwen3:8b', 'prompt_hash': 'a6af280e'}",qwen3_8b__N120
8,real_mixed_87,qwen3:8b_baseline,2.5568647384643555,40.58,0,direct_json,0.8333333333333334,0.4545454545454545,0.5882352941176471,0.0,0,18.3,24.0,21.5,194.5,194.5,27917.5,68.5,7681.7,4983.3,"{'timestamp': '2026-09-08T23:33:27.883288+00:00', 'model_version': 'qwen3:8b', 'prompt_hash': 'a6af280e'}",qwen3_8b__N120
8,real_mixed_88,qwen3:8b_baseline,2.0499000549316406,41.68,0,direct_json,1.0,0.625,0.7692307692307693,0.0,0,16.5,32.6,27.0,194.5,194.5,27777.5,68.2,7681.7,4983.3,"{'timestamp': '2026-09-08T23:33:29.956932+00:00', 'model_version': 'qwen3:8b', 'prompt_hash': 'a6af280e'}",qwen3_8b__N120
8,real_mixed_89,qwen3:8b_baseline,3.568351984024048,40.65,0,direct_json,0.5555555555555556,0.3571428571428571,0.4347826086956521,0.0,0,13.2,17.7,15.4,194.5,194.5,27768.1,68.2,7681.7,4983.3,"{'timestamp': '2026-09-08T23:33:33.559595+00:00', 'model_version': 'qwen3:8b', 'prompt_hash': 'a6af280e'}",qwen3_8b__N120
8,real_mixed_90,qwen3:8b_baseline,5.603938817977905,39.89,0,direct_json,0.8888888888888888,0.7272727272727273,0.7999999999999999,0.0,0,19.7,30.1,9.8,193.6,194.5,27504.1,69.1,7681.7,4983.3,"{'timestamp': '2026-09-08T23:33:39.208359+00:00', 'model_version': 'qwen3:8b', 'prompt_hash': 'a6af280e'}",qwen3_8b__N120
9,real_mixed_91,qwen3:8b_baseline,4.570827007293701,40.07,0,direct_json,0.9230769230769232,0.7058823529411765,0.8000000000000002,0.0,0,17.3,28.4,11.9,193.4,193.4,27282.8,69.3,7681.7,4983.3,"{'timestamp': '2026-09-08T23:33:43.831488+00:00', 'model_version': 'qwen3:8b', 'prompt_hash': 'a6af280e'}",qwen3_8b__N120
9,real_mixed_92,qwen3:8b_baseline,4.576656818389893,39.7,0,direct_json,0.9333333333333332,0.6666666666666666,0.7777777777777778,0.0,0,17.9,28.5,11.8,193.5,193.5,27325.1,69.5,7681.7,4983.3,"{'timestamp': '2026-09-08T23:33:48.434827+00:00', 'model_version': 'qwen3:8b', 'prompt_hash': 'a6af280e'}",qwen3_8b__N120
9,real_mixed_93,qwen3:8b_baseline,4.059851884841919,40.34,0,direct_json,1.0,0.8,0.888888888888889,0.0,0,15.8,26.8,13.6,193.4,193.4,27059.7,70.1,7681.7,4983.3,"{'timestamp': '2026-09-08T23:33:52.516065+00:00', 'model_version': 'qwen3:8b', 'prompt_hash': 'a6af280e'}",qwen3_8b__N120
9,real_mixed_94,qwen3:8b_baseline,4.065202951431274,39.71,0,direct_json,0.75,0.4090909090909091,0.5294117647058824,0.0,0,17.2,28.6,13.2,191.7,193.4,26671.0,70.8,7681.7,4983.3,"{'timestamp': '2026-09-08T23:33:56.608881+00:00', 'model_version': 'qwen3:8b', 'prompt_hash': 'a6af280e'}",qwen3_8b__N120
9,real_mixed_95,qwen3:8b_baseline,3.0486159324645996,40.93,0,direct_json,0.5,0.625,0.5555555555555556,0.0,0,14.1,18.7,17.9,187.8,187.8,26127.1,71.8,7681.7,4983.3,"{'timestamp': '2026-09-08T23:33:59.668901+00:00', 'model_version': 'qwen3:8b', 'prompt_hash': 'a6af280e'}",qwen3_8b__N120
9,real_mixed_96,qwen3:8b_baseline,4.582214832305908,35.6,0,direct_json,0.7692307692307693,0.7142857142857143,0.7407407407407408,0.0,0,44.3,70.6,11.8,187.8,187.8,26013.6,71.7,7681.7,4983.3,"{'timestamp': '2026-09-08T23:34:04.280176+00:00', 'model_version': 'qwen3:8b', 'prompt_hash': 'a6af280e'}",qwen3_8b__N120
9,real_mixed_97,qwen3:8b_baseline,3.0547609329223633,40.43,0,direct_json,1.0,0.9230769230769232,0.96,0.0,0,22.9,32.0,18.2,187.8,187.8,26104.0,71.9,7681.7,4983.3,"{'timestamp': '2026-09-08T23:34:07.360635+00:00', 'model_version': 'qwen3:8b', 'prompt_hash': 'a6af280e'}",qwen3_8b__N120
9,real_mixed_98,qwen3:8b_baseline,7.09778904914856,39.67,0,direct_json,0.6842105263157895,0.3823529411764705,0.490566037735849,0.0,0,15.8,28.7,7.8,187.8,187.8,26053.1,71.7,7681.7,4983.3,"{'timestamp': '2026-09-08T23:34:14.510103+00:00', 'model_version': 'qwen3:8b', 'prompt_hash': 'a6af280e'}",qwen3_8b__N120
9,real_mixed_99,qwen3:8b_baseline,2.5416359901428223,41.0,0,direct_json,0.4285714285714285,0.5,0.4615384615384615,0.0,0,20.6,27.0,21.6,187.8,187.8,26123.7,71.9,7681.7,4983.3,"{'timestamp': '2026-09-08T23:34:17.067223+00:00', 'model_version': 'qwen3:8b', 'prompt_hash': 'a6af280e'}",qwen3_8b__N120
9,real_mixed_100,qwen3:8b_baseline,6.603250980377197,39.74,0,direct_json,0.375,0.4285714285714285,0.3999999999999999,0.0,0,22.3,37.5,8.3,187.8,187.8,26068.5,71.8,7681.7,4983.3,"{'timestamp': '2026-09-08T23:34:23.710760+00:00', 'model_version': 'qwen3:8b', 'prompt_hash': 'a6af280e'}",qwen3_8b__N120
10,real_mixed_102,qwen3:8b_baseline,1.0344412326812744,43.9,0,direct_json,1.0,1.0,1.0,0.0,0,21.0,28.1,53.7,188.0,188.0,26039.0,72.2,7681.7,4983.3,"{'timestamp': '2026-09-08T23:34:27.334519+00:00', 'model_version': 'qwen3:8b', 'prompt_hash': 'a6af280e'}",qwen3_8b__N120
10,real_mixed_103,qwen3:8b_baseline,1.5350277423858645,41.2,0,direct_json,1.0,1.0,1.0,0.0,0,20.1,25.6,35.7,188.0,188.0,26024.6,72.2,7681.7,4983.3,"{'timestamp': '2026-09-08T23:34:28.885005+00:00', 'model_version': 'qwen3:8b', 'prompt_hash': 'a6af280e'}",qwen3_8b__N120
10,real_mixed_104,qwen3:8b_baseline,4.547028064727783,40.26,0,direct_json,0.6363636363636364,0.6666666666666666,0.6511627906976744,0.0,0,17.9,22.9,12.0,188.0,188.0,25991.9,72.2,7681.7,4983.3,"{'timestamp': '2026-09-08T23:34:33.459827+00:00', 'model_version': 'qwen3:8b', 'prompt_hash': 'a6af280e'}",qwen3_8b__N120
10,real_mixed_105,qwen3:8b_baseline,4.5864269733428955,40.1,0,direct_json,0.6153846153846154,0.5333333333333333,0.5714285714285715,0.0,0,18.4,22.6,11.8,188.0,188.0,26039.2,72.2,7681.7,4983.3,"{'timestamp': '2026-09-08T23:34:38.071975+00:00', 'model_version': 'qwen3:8b', 'prompt_hash': 'a6af280e'}",qwen3_8b__N120
10,real_mixed_106,qwen3:8b_baseline,2.032320022583008,40.81,0,direct_json,0.3333333333333333,0.6666666666666666,0.4444444444444444,0.0,0,18.1,21.8,26.7,188.0,188.0,26016.9,72.1,7681.7,4983.3,"{'timestamp': '2026-09-08T23:34:40.112561+00:00', 'model_version': 'qwen3:8b', 'prompt_hash': 'a6af280e'}",qwen3_8b__N120
10,real_mixed_107,qwen3:8b_baseline,6.597641944885254,38.86,0,direct_json,0.7692307692307693,0.7142857142857143,0.7407407407407408,0.0,0,22.1,31.2,8.2,188.0,188.0,25896.7,72.4,7681.7,4983.3,"{'timestamp': '2026-09-08T23:34:46.732903+00:00', 'model_version': 'qwen3:8b', 'prompt_hash': 'a6af280e'}",qwen3_8b__N120
10,real_mixed_108,qwen3:8b_baseline,4.086552858352661,39.56,0,direct_json,0.4615384615384615,0.75,0.5714285714285714,0.0,0,26.5,39.2,13.4,188.0,188.0,25584.5,73.2,7681.7,4983.3,"{'timestamp': '2026-09-08T23:34:50.844102+00:00', 'model_version': 'qwen3:8b', 'prompt_hash': 'a6af280e'}",qwen3_8b__N120
10,real_mixed_109,qwen3:8b_baseline,7.107893228530884,39.83,0,direct_json,0.8,0.6896551724137931,0.7407407407407408,0.0,0,15.3,25.1,7.6,188.0,188.0,25400.1,73.2,7681.7,4983.3,"{'timestamp': '2026-09-08T23:34:57.989198+00:00', 'model_version': 'qwen3:8b', 'prompt_hash': 'a6af280e'}",qwen3_8b__N120
10,real_mixed_110,qwen3:8b_baseline,6.086573123931885,39.9,0,direct_json,0.6,0.375,0.4615384615384615,0.0,0,15.3,28.2,9.0,188.0,188.0,25443.9,73.1,7681.7,4983.3,"{'timestamp': '2026-09-08T23:35:04.114716+00:00', 'model_version': 'qwen3:8b', 'prompt_hash': 'a6af280e'}",qwen3_8b__N120
11,real_mixed_111,qwen3:8b_baseline,2.532309055328369,40.63,0,direct_json,0.8888888888888888,0.2352941176470588,0.3720930232558139,0.0,0,20.6,27.1,21.0,188.2,188.2,25524.6,73.2,7681.7,4983.3,"{'timestamp': '2026-09-08T23:35:06.710657+00:00', 'model_version': 'qwen3:8b', 'prompt_hash': 'a6af280e'}",qwen3_8b__N120
11,real_mixed_112,qwen3:8b_baseline,2.5579051971435547,40.94,0,direct_json,0.5555555555555556,0.625,0.5882352941176471,0.0,0,17.4,24.3,20.8,188.2,188.2,25527.3,73.1,7681.7,4983.3,"{'timestamp': '2026-09-08T23:35:09.285193+00:00', 'model_version': 'qwen3:8b', 'prompt_hash': 'a6af280e'}",qwen3_8b__N120
11,real_mixed_113,qwen3:8b_baseline,3.572690963745117,40.29,0,direct_json,0.7272727272727273,0.8,0.761904761904762,0.0,0,16.5,20.2,15.6,188.2,188.2,25518.2,73.1,7681.7,4983.3,"{'timestamp': '2026-09-08T23:35:12.882871+00:00', 'model_version': 'qwen3:8b', 'prompt_hash': 'a6af280e'}",qwen3_8b__N120
11,real_mixed_114,qwen3:8b_baseline,4.597043037414551,40.27,0,direct_json,0.6666666666666666,0.6666666666666666,0.6666666666666666,0.0,0,18.1,31.8,11.8,188.2,188.2,25524.9,73.2,7681.7,4983.3,"{'timestamp': '2026-09-08T23:35:17.513229+00:00', 'model_version': 'qwen3:8b', 'prompt_hash': 'a6af280e'}",qwen3_8b__N120
11,real_mixed_115,qwen3:8b_baseline,2.5410330295562744,40.67,0,direct_json,0.5714285714285714,1.0,0.7272727272727273,0.0,0,17.5,33.9,21.4,188.2,188.2,25480.8,73.3,7681.7,4983.3,"{'timestamp': '2026-09-08T23:35:20.063533+00:00', 'model_version': 'qwen3:8b', 'prompt_hash': 'a6af280e'}",qwen3_8b__N120
11,real_mixed_116,qwen3:8b_baseline,2.5506911277770996,40.91,0,direct_json,0.75,0.75,0.75,0.0,0,17.1,25.3,21.3,188.2,188.2,25488.1,73.3,7681.7,4983.3,"{'timestamp': '2026-09-08T23:35:22.628188+00:00', 'model_version': 'qwen3:8b', 'prompt_hash': 'a6af280e'}",qwen3_8b__N120
11,real_mixed_117,qwen3:8b_baseline,8.629914045333862,39.68,0,direct_json,0.3809523809523809,0.5714285714285714,0.4571428571428571,0.0,0,18.5,30.8,6.2,188.2,188.2,25383.4,73.4,7681.7,4983.3,"{'timestamp': '2026-09-08T23:35:31.284205+00:00', 'model_version': 'qwen3:8b', 'prompt_hash': 'a6af280e'}",qwen3_8b__N120
11,real_mixed_118,qwen3:8b_baseline,3.0500340461730957,40.7,0,direct_json,0.8888888888888888,1.0,0.9411764705882352,0.0,0,13.0,14.9,17.7,188.2,188.2,25356.5,73.3,7681.7,4983.3,"{'timestamp': '2026-09-08T23:35:34.345191+00:00', 'model_version': 'qwen3:8b', 'prompt_hash': 'a6af280e'}",qwen3_8b__N120
11,real_mixed_119,qwen3:8b_baseline,3.045640230178833,40.75,0,direct_json,1.0,0.75,0.8571428571428571,0.0,0,21.5,32.1,17.5,188.2,188.2,25447.3,73.3,7681.7,4983.3,"{'timestamp': '2026-09-08T23:35:37.405152+00:00', 'model_version': 'qwen3:8b', 'prompt_hash': 'a6af280e'}",qwen3_8b__N120
11,real_mixed_120,qwen3:8b_baseline,3.042196989059448,40.61,0,direct_json,0.9230769230769232,1.0,0.96,0.0,0,14.2,21.0,17.6,188.2,188.2,25417.8,73.2,7681.7,4983.3,"{'timestamp': '2026-09-08T23:35:40.465216+00:00', 'model_version': 'qwen3:8b', 'prompt_hash': 'a6af280e'}",qwen3_8b__N120
0,real_mixed_2,qwen3:8b_kb_rag,5.0885608196258545,39.18,0,direct_json,0.9166666666666666,0.6470588235294118,0.7586206896551724,0.0,0,20.7,36.4,11.8,432.0,436.4,25109.0,74.2,7681.7,4983.3,"{'timestamp': '2026-09-08T23:35:51.035939+00:00', 'model_version': 'qwen3:8b', 'prompt_hash': 'a6af280e'}",qwen3_8b__N120
0,real_mixed_3,qwen3:8b_kb_rag,5.097279787063599,39.29,0,direct_json,0.8,0.4705882352941176,0.5925925925925927,0.0,0,24.1,42.8,11.0,443.8,444.0,25012.2,74.0,7681.7,4983.3,"{'timestamp': '2026-09-08T23:35:56.246361+00:00', 'model_version': 'qwen3:8b', 'prompt_hash': 'a6af280e'}",qwen3_8b__N120
0,real_mixed_4,qwen3:8b_kb_rag,5.05790376663208,39.05,0,direct_json,0.5882352941176471,0.6666666666666666,0.625,0.0,0,18.7,33.2,10.8,444.4,444.4,25062.7,74.1,7681.7,4983.3,"{'timestamp': '2026-09-08T23:36:01.419687+00:00', 'model_version': 'qwen3:8b', 'prompt_hash': 'a6af280e'}",qwen3_8b__N120
0,real_mixed_5,qwen3:8b_kb_rag,4.586700916290283,39.32,0,direct_json,0.75,0.5714285714285714,0.6486486486486486,0.0625,1,18.2,31.9,12.0,444.6,444.7,24984.1,73.9,7681.7,4983.3,"{'timestamp': '2026-09-08T23:36:06.132293+00:00', 'model_version': 'qwen3:8b', 'prompt_hash': 'a6af280e'}",qwen3_8b__N120
0,real_mixed_6,qwen3:8b_kb_rag,4.580917119979858,39.5,0,direct_json,0.7142857142857143,0.75,0.7317073170731706,0.0476190476190476,1,14.9,23.5,12.1,444.8,444.8,24982.3,74.2,7681.7,4983.3,"{'timestamp': '2026-09-08T23:36:10.841722+00:00', 'model_version': 'qwen3:8b', 'prompt_hash': 'a6af280e'}",qwen3_8b__N120
0,real_mixed_7,qwen3:8b_kb_rag,5.08786416053772,39.37,0,direct_json,0.8125,0.65,0.7222222222222223,0.0,0,17.1,25.4,11.0,445.4,445.5,24920.0,74.0,7681.7,4983.3,"{'timestamp': '2026-09-08T23:36:16.050257+00:00', 'model_version': 'qwen3:8b', 'prompt_hash': 'a6af280e'}",qwen3_8b__N120
0,real_mixed_8,qwen3:8b_kb_rag,3.5690431594848633,39.61,0,direct_json,0.8,0.5333333333333333,0.64,0.0,0,15.9,27.4,15.5,445.7,445.7,24961.6,74.1,7681.7,4983.3,"{'timestamp': '2026-09-08T23:36:19.733903+00:00', 'model_version': 'qwen3:8b', 'prompt_hash': 'a6af280e'}",qwen3_8b__N120
0,real_mixed_9,qwen3:8b_kb_rag,4.0589330196380615,39.95,0,direct_json,0.8181818181818182,0.5625,0.6666666666666666,0.0,0,14.5,26.2,13.8,446.1,446.2,24986.9,74.3,7681.7,4983.3,"{'timestamp': '2026-09-08T23:36:23.914573+00:00', 'model_version': 'qwen3:8b', 'prompt_hash': 'a6af280e'}",qwen3_8b__N120
0,real_mixed_10,qwen3:8b_kb_rag,4.077141046524048,39.99,0,direct_json,0.9230769230769232,0.8571428571428571,0.888888888888889,0.0,0,14.2,18.4,13.6,447.0,447.0,24958.3,74.4,7681.7,4983.3,"{'timestamp': '2026-09-08T23:36:28.112888+00:00', 'model_version': 'qwen3:8b', 'prompt_hash': 'a6af280e'}",qwen3_8b__N120
1,real_mixed_11,qwen3:8b_kb_rag,12.14303994178772,38.74,0,direct_json,0.7142857142857143,0.7407407407407407,0.7272727272727273,0.0,0,12.5,25.3,6.9,557.8,557.8,24878.7,74.5,7681.7,4983.3,"{'timestamp': '2026-09-08T23:36:40.491825+00:00', 'model_version': 'qwen3:8b', 'prompt_hash': 'a6af280e'}",qwen3_8b__N120
1,real_mixed_12,qwen3:8b_kb_rag,3.5553441047668457,39.77,0,direct_json,0.7857142857142857,0.9166666666666666,0.8461538461538461,0.0,0,10.5,18.0,18.7,557.8,557.8,24968.2,74.6,7681.7,4983.3,"{'timestamp': '2026-09-08T23:36:31.898586+00:00', 'model_version': 'qwen3:8b', 'prompt_hash': 'a6af280e'}",qwen3_8b__N120
1,real_mixed_13,qwen3:8b_kb_rag,15.709904193878174,39.1,0,direct_json,0.6923076923076923,0.6666666666666666,0.6792452830188679,0.0,0,14.1,30.8,5.8,557.8,557.8,24824.5,74.4,7681.7,4983.3,"{'timestamp': '2026-09-08T23:36:47.740763+00:00', 'model_version': 'qwen3:8b', 'prompt_hash': 'a6af280e'}",qwen3_8b__N120
1,real_mixed_14,qwen3:8b_kb_rag,14.714056968688965,38.58,0,direct_json,0.6666666666666666,0.9333333333333332,0.7777777777777778,0.238095238095238,5,14.1,27.8,6.0,557.8,557.9,24707.8,74.7,7681.7,4983.3,"{'timestamp': '2026-09-08T23:36:55.334565+00:00', 'model_version': 'qwen3:8b', 'prompt_hash': 'a6af280e'}",qwen3_8b__N120
1,real_mixed_15,qwen3:8b_kb_rag,13.202470302581789,39.3,0,direct_json,0.5806451612903226,0.8571428571428571,0.6923076923076923,0.032258064516129,1,14.9,28.2,6.9,556.5,557.9,24554.7,75.0,7681.7,4983.3,"{'timestamp': '2026-09-08T23:37:01.061640+00:00', 'model_version': 'qwen3:8b', 'prompt_hash': 'a6af280e'}",qwen3_8b__N120
1,real_mixed_16,qwen3:8b_kb_rag,9.643142938613892,39.34,0,direct_json,0.7692307692307693,0.8333333333333334,0.8,0.0,0,19.9,31.0,9.2,555.1,555.3,24483.8,75.2,7681.7,4983.3,"{'timestamp': '2026-09-08T23:37:05.091027+00:00', 'model_version': 'qwen3:8b', 'prompt_hash': 'a6af280e'}",qwen3_8b__N120
1,real_mixed_17,qwen3:8b_kb_rag,5.569793701171875,40.56,0,direct_json,0.8,0.8,0.8000000000000002,0.0,0,14.1,24.3,15.8,549.2,555.3,24495.0,75.2,7681.7,4983.3,"{'timestamp': '2026-09-08T23:37:06.735024+00:00', 'model_version': 'qwen3:8b', 'prompt_hash': 'a6af280e'}",qwen3_8b__N120
1,real_mixed_18,qwen3:8b_kb_rag,5.06629204750061,39.34,0,direct_json,0.9090909090909092,0.7142857142857143,0.8,0.0,0,18.3,26.8,17.5,501.9,555.3,24459.8,75.4,7681.7,4983.3,"{'timestamp': '2026-09-08T23:37:10.278986+00:00', 'model_version': 'qwen3:8b', 'prompt_hash': 'a6af280e'}",qwen3_8b__N120
1,real_mixed_19,qwen3:8b_kb_rag,7.103834867477417,39.96,0,direct_json,1.0,0.6363636363636364,0.7777777777777778,0.0,0,17.5,25.8,12.5,488.4,488.5,24426.1,75.4,7681.7,4983.3,"{'timestamp': '2026-09-08T23:37:13.975208+00:00', 'model_version': 'qwen3:8b', 'prompt_hash': 'a6af280e'}",qwen3_8b__N120
1,real_mixed_20,qwen3:8b_kb_rag,8.12604308128357,39.69,0,direct_json,0.8,0.4210526315789473,0.5517241379310345,0.0,0,16.8,26.9,7.3,488.5,488.5,24397.9,75.3,7681.7,4983.3,"{'timestamp': '2026-09-08T23:37:18.527075+00:00', 'model_version': 'qwen3:8b', 'prompt_hash': 'a6af280e'}",qwen3_8b__N120
2,real_mixed_22,qwen3:8b_kb_rag,3.056763172149658,39.94,0,direct_json,0.2727272727272727,1.0,0.4285714285714285,0.0,0,19.9,26.5,42.1,493.7,493.8,24394.8,75.3,7681.7,4983.3,"{'timestamp': '2026-09-08T23:37:21.774920+00:00', 'model_version': 'qwen3:8b', 'prompt_hash': 'a6af280e'}",qwen3_8b__N120
2,real_mixed_23,qwen3:8b_kb_rag,9.126451969146729,39.14,0,direct_json,0.6666666666666666,0.7058823529411765,0.6857142857142857,0.0555555555555555,1,21.6,47.1,9.6,493.7,495.6,24150.9,76.0,7681.7,4983.3,"{'timestamp': '2026-09-08T23:37:31.021989+00:00', 'model_version': 'qwen3:8b', 'prompt_hash': 'a6af280e'}",qwen3_8b__N120
2,real_mixed_24,qwen3:8b_kb_rag,8.605178117752075,39.9,0,direct_json,0.875,0.6363636363636364,0.7368421052631579,0.0,0,17.7,28.5,10.7,492.5,495.1,23865.6,76.6,7681.7,4983.3,"{'timestamp': '2026-09-08T23:37:34.548660+00:00', 'model_version': 'qwen3:8b', 'prompt_hash': 'a6af280e'}",qwen3_8b__N120
2,real_mixed_25,qwen3:8b_kb_rag,6.5750861167907715,39.51,0,direct_json,0.7777777777777778,0.4117647058823529,0.5384615384615384,0.0,0,16.9,29.7,12.7,492.8,492.9,23769.4,76.7,7681.7,4983.3,"{'timestamp': '2026-09-08T23:37:37.730505+00:00', 'model_version': 'qwen3:8b', 'prompt_hash': 'a6af280e'}",qwen3_8b__N120
2,real_mixed_26,qwen3:8b_kb_rag,11.661351203918455,39.01,0,direct_json,0.8571428571428571,0.8571428571428571,0.8571428571428571,0.0,0,14.7,25.7,7.8,492.8,492.9,23802.5,76.7,7681.7,4983.3,"{'timestamp': '2026-09-08T23:37:46.357762+00:00', 'model_version': 'qwen3:8b', 'prompt_hash': 'a6af280e'}",qwen3_8b__N120
2,real_mixed_28,qwen3:8b_kb_rag,13.182395219802856,39.42,0,direct_json,0.7692307692307693,0.5555555555555556,0.6451612903225806,0.0,0,14.3,29.9,6.6,487.7,487.7,23599.4,76.9,7681.7,4983.3,"{'timestamp': '2026-09-08T23:37:59.672796+00:00', 'model_version': 'qwen3:8b', 'prompt_hash': 'a6af280e'}",qwen3_8b__N120
2,real_mixed_29,qwen3:8b_kb_rag,10.138346195220947,38.97,0,direct_json,0.7916666666666666,0.76,0.7755102040816326,0.0,0,17.7,40.2,8.9,487.7,487.7,23633.1,76.9,7681.7,4983.3,"{'timestamp': '2026-09-08T23:38:05.342597+00:00', 'model_version': 'qwen3:8b', 'prompt_hash': 'a6af280e'}",qwen3_8b__N120
2,real_mixed_30,qwen3:8b_kb_rag,8.65599513053894,39.75,0,direct_json,0.6923076923076923,0.6923076923076923,0.6923076923076923,0.1538461538461538,2,19.2,41.0,7.0,487.6,487.7,23619.6,76.9,7681.7,4983.3,"{'timestamp': '2026-09-08T23:38:08.452545+00:00', 'model_version': 'qwen3:8b', 'prompt_hash': 'a6af280e'}",qwen3_8b__N120
3,real_mixed_31,qwen3:8b_kb_rag,3.0488991737365723,40.15,0,direct_json,0.7142857142857143,1.0,0.8333333333333333,0.0,0,26.4,66.7,38.6,497.1,497.1,23484.4,77.0,7681.7,4983.3,"{'timestamp': '2026-09-08T23:38:11.703262+00:00', 'model_version': 'qwen3:8b', 'prompt_hash': 'a6af280e'}",qwen3_8b__N120
3,real_mixed_32,qwen3:8b_kb_rag,6.600300073623657,39.48,0,direct_json,0.6875,0.6875,0.6875,0.0,0,15.6,28.2,13.2,497.1,497.1,23510.6,77.0,7681.7,4983.3,"{'timestamp': '2026-09-08T23:38:15.265242+00:00', 'model_version': 'qwen3:8b', 'prompt_hash': 'a6af280e'}",qwen3_8b__N120
3,real_mixed_33,qwen3:8b_kb_rag,7.078581094741821,39.67,0,direct_json,0.8333333333333334,0.6666666666666666,0.7407407407407408,0.0,0,19.0,63.6,12.2,493.5,497.1,23474.2,77.3,7681.7,4983.3,"{'timestamp': '2026-09-08T23:38:18.913494+00:00', 'model_version': 'qwen3:8b', 'prompt_hash': 'a6af280e'}",qwen3_8b__N120
3,real_mixed_34,qwen3:8b_kb_rag,7.615565061569214,39.51,0,direct_json,0.6666666666666666,0.5714285714285714,0.6153846153846153,0.0,0,12.2,30.0,11.6,490.0,490.0,23334.2,77.4,7681.7,4983.3,"{'timestamp': '2026-09-08T23:38:22.997866+00:00', 'model_version': 'qwen3:8b', 'prompt_hash': 'a6af280e'}",qwen3_8b__N120
3,real_mixed_35,qwen3:8b_kb_rag,7.637676000595093,39.06,0,direct_json,0.7692307692307693,0.8333333333333334,0.8,0.0,0,15.3,34.2,11.6,490.0,490.1,23287.4,77.4,7681.7,4983.3,"{'timestamp': '2026-09-08T23:38:26.665331+00:00', 'model_version': 'qwen3:8b', 'prompt_hash': 'a6af280e'}",qwen3_8b__N120
3,real_mixed_36,qwen3:8b_kb_rag,7.622611999511719,39.54,0,direct_json,0.65,0.5909090909090909,0.6190476190476191,0.0,0,17.3,37.6,11.6,489.5,490.0,23294.4,77.6,7681.7,4983.3,"{'timestamp': '2026-09-08T23:38:30.733318+00:00', 'model_version': 'qwen3:8b', 'prompt_hash': 'a6af280e'}",qwen3_8b__N120
3,real_mixed_37,qwen3:8b_kb_rag,9.13956904411316,39.19,0,direct_json,0.7058823529411765,0.8,0.7500000000000001,0.0,0,12.7,25.6,9.4,488.9,489.0,23287.8,77.7,7681.7,4983.3,"{'timestamp': '2026-09-08T23:38:35.930031+00:00', 'model_version': 'qwen3:8b', 'prompt_hash': 'a6af280e'}",qwen3_8b__N120
3,real_mixed_38,qwen3:8b_kb_rag,10.152256965637209,39.35,0,direct_json,0.8666666666666667,0.7222222222222222,0.7878787878787877,0.0,0,16.1,37.4,9.0,488.9,489.1,23228.1,77.8,7681.7,4983.3,"{'timestamp': '2026-09-08T23:38:41.004841+00:00', 'model_version': 'qwen3:8b', 'prompt_hash': 'a6af280e'}",qwen3_8b__N120
3,real_mixed_39,qwen3:8b_kb_rag,8.624572277069092,39.29,0,direct_json,0.8,1.0,0.888888888888889,0.0,0,18.3,35.9,10.3,488.2,489.1,23112.5,77.9,7681.7,4983.3,"{'timestamp': '2026-09-08T23:38:44.665749+00:00', 'model_version': 'qwen3:8b', 'prompt_hash': 'a6af280e'}",qwen3_8b__N120
3,real_mixed_40,qwen3:8b_kb_rag,6.582671880722046,39.49,0,direct_json,0.8888888888888888,0.5333333333333333,0.6666666666666667,0.0,0,19.8,35.7,8.7,486.2,488.9,23036.2,78.2,7681.7,4983.3,"{'timestamp': '2026-09-08T23:38:47.710266+00:00', 'model_version': 'qwen3:8b', 'prompt_hash': 'a6af280e'}",qwen3_8b__N120
4,real_mixed_42,qwen3:8b_kb_rag,10.635410070419312,39.21,0,direct_json,0.9090909090909092,0.6896551724137931,0.7843137254901961,0.0,0,16.1,36.6,12.7,598.0,599.0,22620.3,79.1,7681.7,4983.3,"{'timestamp': '2026-09-08T23:38:58.683661+00:00', 'model_version': 'qwen3:8b', 'prompt_hash': 'a6af280e'}",qwen3_8b__N120
4,real_mixed_43,qwen3:8b_kb_rag,20.75451374053955,36.85,0,direct_json,0.76,0.8636363636363636,0.8085106382978724,0.0,0,17.4,54.3,6.1,598.0,599.0,22644.1,78.9,7681.7,4983.3,"{'timestamp': '2026-09-08T23:39:08.797137+00:00', 'model_version': 'qwen3:8b', 'prompt_hash': 'a6af280e'}",qwen3_8b__N120
4,real_mixed_44,qwen3:8b_kb_rag,22.30970788002014,38.97,0,direct_json,0.4615384615384615,0.6,0.5217391304347826,0.0,0,15.2,34.0,5.7,598.0,598.3,22679.4,78.8,7681.7,4983.3,"{'timestamp': '2026-09-08T23:39:15.051823+00:00', 'model_version': 'qwen3:8b', 'prompt_hash': 'a6af280e'}",qwen3_8b__N120
4,real_mixed_45,qwen3:8b_kb_rag,20.281630039215088,39.19,0,direct_json,0.8571428571428571,0.75,0.7999999999999999,0.0,0,17.4,34.7,6.1,598.2,598.7,22737.2,78.7,7681.7,4983.3,"{'timestamp': '2026-09-08T23:39:19.084196+00:00', 'model_version': 'qwen3:8b', 'prompt_hash': 'a6af280e'}",qwen3_8b__N120
4,real_mixed_46,qwen3:8b_kb_rag,13.660399913787842,38.89,0,direct_json,0.6153846153846154,0.5333333333333333,0.5714285714285715,0.0,0,21.7,34.8,9.0,598.5,598.7,22804.1,78.5,7681.7,4983.3,"{'timestamp': '2026-09-08T23:39:22.588272+00:00', 'model_version': 'qwen3:8b', 'prompt_hash': 'a6af280e'}",qwen3_8b__N120
4,real_mixed_47,qwen3:8b_kb_rag,13.674637079238892,39.43,0,direct_json,0.696969696969697,0.8214285714285714,0.7540983606557378,0.0606060606060606,2,18.4,33.1,8.9,598.7,598.7,22870.1,78.5,7681.7,4983.3,"{'timestamp': '2026-09-08T23:39:28.863150+00:00', 'model_version': 'qwen3:8b', 'prompt_hash': 'a6af280e'}",qwen3_8b__N120
4,real_mixed_48,qwen3:8b_kb_rag,12.692126989364624,40.09,0,direct_json,0.6666666666666666,0.6,0.631578947368421,0.0,0,17.9,33.1,9.7,598.7,598.8,22876.8,78.4,7681.7,4983.3,"{'timestamp': '2026-09-08T23:39:31.892125+00:00', 'model_version': 'qwen3:8b', 'prompt_hash': 'a6af280e'}",qwen3_8b__N120
4,real_mixed_49,qwen3:8b_kb_rag,13.702510118484495,39.12,0,direct_json,0.75,0.5,0.6,0.0,0,14.8,32.0,6.9,596.9,598.8,22887.0,78.4,7681.7,4983.3,"{'timestamp': '2026-09-08T23:39:36.420731+00:00', 'model_version': 'qwen3:8b', 'prompt_hash': 'a6af280e'}",qwen3_8b__N120
4,real_mixed_50,qwen3:8b_kb_rag,10.691594123840332,39.71,0,direct_json,0.8461538461538461,0.5789473684210527,0.6875,0.0,0,13.7,23.1,5.9,594.4,598.8,22860.5,78.5,7681.7,4983.3,"{'timestamp': '2026-09-08T23:39:39.672370+00:00', 'model_version': 'qwen3:8b', 'prompt_hash': 'a6af280e'}",qwen3_8b__N120
5,real_mixed_51,qwen3:8b_kb_rag,4.066821098327637,39.52,0,direct_json,0.8,0.5333333333333333,0.64,0.0,0,11.3,19.9,30.8,600.3,600.4,22810.0,78.5,7681.7,4983.3,"{'timestamp': '2026-09-08T23:39:44.061084+00:00', 'model_version': 'qwen3:8b', 'prompt_hash': 'a6af280e'}",qwen3_8b__N120
5,real_mixed_52,qwen3:8b_kb_rag,9.14726996421814,39.27,0,direct_json,0.8181818181818182,0.8571428571428571,0.8372093023255814,0.0,0,16.6,50.0,37.8,599.8,600.5,22731.0,78.7,7681.7,4983.3,"{'timestamp': '2026-09-08T23:39:49.138766+00:00', 'model_version': 'qwen3:8b', 'prompt_hash': 'a6af280e'}",qwen3_8b__N120
5,real_mixed_53,qwen3:8b_kb_rag,12.667176008224487,39.43,0,direct_json,0.625,0.625,0.625,0.0,0,15.0,30.3,9.6,599.6,600.5,22677.0,78.7,7681.7,4983.3,"{'timestamp': '2026-09-08T23:39:52.659863+00:00', 'model_version': 'qwen3:8b', 'prompt_hash': 'a6af280e'}",qwen3_8b__N120
5,real_mixed_54,qwen3:8b_kb_rag,10.629626989364624,40.2,0,direct_json,1.0,0.875,0.9333333333333332,0.0,0,14.0,23.6,11.4,599.3,600.5,22593.5,78.8,7681.7,4983.3,"{'timestamp': '2026-09-08T23:39:54.810428+00:00', 'model_version': 'qwen3:8b', 'prompt_hash': 'a6af280e'}",qwen3_8b__N120
5,real_mixed_55,qwen3:8b_kb_rag,10.144858837127686,39.36,0,direct_json,0.8,0.8,0.8000000000000002,0.0,0,16.1,32.1,12.0,579.8,599.3,22608.8,78.9,7681.7,4983.3,"{'timestamp': '2026-09-08T23:39:59.410954+00:00', 'model_version': 'qwen3:8b', 'prompt_hash': 'a6af280e'}",qwen3_8b__N120
5,real_mixed_56,qwen3:8b_kb_rag,11.668179988861084,39.07,0,direct_json,0.6,0.5769230769230769,0.5882352941176471,0.0,0,17.0,33.2,10.6,557.0,599.3,22630.9,78.8,7681.7,4983.3,"{'timestamp': '2026-09-08T23:40:04.460151+00:00', 'model_version': 'qwen3:8b', 'prompt_hash': 'a6af280e'}",qwen3_8b__N120
5,real_mixed_57,qwen3:8b_kb_rag,13.721215963363647,39.54,0,direct_json,0.9,0.8571428571428571,0.8780487804878048,0.0,0,18.2,35.9,8.9,541.7,599.3,22672.0,78.8,7681.7,4983.3,"{'timestamp': '2026-09-08T23:40:08.660512+00:00', 'model_version': 'qwen3:8b', 'prompt_hash': 'a6af280e'}",qwen3_8b__N120
5,real_mixed_58,qwen3:8b_kb_rag,12.166367053985596,39.61,0,direct_json,0.9285714285714286,0.7222222222222222,0.8125000000000001,0.0,0,17.0,36.1,10.1,534.5,534.6,22690.8,78.8,7681.7,4983.3,"{'timestamp': '2026-09-08T23:40:11.703057+00:00', 'model_version': 'qwen3:8b', 'prompt_hash': 'a6af280e'}",qwen3_8b__N120
5,real_mixed_60,qwen3:8b_kb_rag,14.223322868347168,39.35,0,direct_json,1.0,0.7857142857142857,0.88,0.0,0,15.5,33.6,4.4,476.2,534.6,22659.4,78.9,7681.7,4983.3,"{'timestamp': '2026-09-08T23:40:23.006573+00:00', 'model_version': 'qwen3:8b', 'prompt_hash': 'a6af280e'}",qwen3_8b__N120
6,real_mixed_61,qwen3:8b_kb_rag,20.788896083831787,37.13,0,direct_json,0.6944444444444444,0.6944444444444444,0.6944444444444444,0.0277777777777777,1,15.2,34.8,9.3,586.3,593.2,22501.5,79.1,7681.7,4983.3,"{'timestamp': '2026-09-08T23:40:44.127923+00:00', 'model_version': 'qwen3:8b', 'prompt_hash': 'a6af280e'}",qwen3_8b__N120
6,real_mixed_62,qwen3:8b_kb_rag,9.126378059387209,39.5,0,direct_json,0.7857142857142857,0.6111111111111112,0.6875000000000001,0.0,0,16.6,34.4,21.0,586.7,593.4,22586.4,79.1,7681.7,4983.3,"{'timestamp': '2026-09-08T23:40:32.457162+00:00', 'model_version': 'qwen3:8b', 'prompt_hash': 'a6af280e'}",qwen3_8b__N120
6,real_mixed_63,qwen3:8b_kb_rag,4.060307025909424,39.72,0,direct_json,0.6666666666666666,0.5333333333333333,0.5925925925925926,0.0,0,19.2,34.0,13.7,587.8,593.4,22657.7,79.1,7681.7,4983.3,"{'timestamp': '2026-09-08T23:40:27.389439+00:00', 'model_version': 'qwen3:8b', 'prompt_hash': 'a6af280e'}",qwen3_8b__N120
6,real_mixed_64,qwen3:8b_kb_rag,18.742467880249023,40.27,0,direct_json,0.6,0.75,0.6666666666666665,0.0,0,12.3,29.7,6.6,585.9,586.0,22459.3,79.2,7681.7,4983.3,"{'timestamp': '2026-09-08T23:40:46.239587+00:00', 'model_version': 'qwen3:8b', 'prompt_hash': 'a6af280e'}",qwen3_8b__N120
6,real_mixed_65,qwen3:8b_kb_rag,17.265038013458252,39.53,0,direct_json,0.5555555555555556,0.4545454545454545,0.5,0.0,0,15.4,38.8,7.0,586.1,586.7,22404.6,79.3,7681.7,4983.3,"{'timestamp': '2026-09-08T23:40:49.834347+00:00', 'model_version': 'qwen3:8b', 'prompt_hash': 'a6af280e'}",qwen3_8b__N120
6,real_mixed_66,qwen3:8b_kb_rag,10.13595199584961,39.18,0,direct_json,0.625,0.3846153846153846,0.4761904761904762,0.0,0,25.8,50.3,12.2,586.6,586.9,22303.7,79.7,7681.7,4983.3,"{'timestamp': '2026-09-08T23:40:54.394196+00:00', 'model_version': 'qwen3:8b', 'prompt_hash': 'a6af280e'}",qwen3_8b__N120
6,real_mixed_67,qwen3:8b_kb_rag,13.193434953689575,39.04,0,direct_json,0.782608695652174,0.8181818181818182,0.8,0.1304347826086956,3,30.2,66.7,9.1,578.7,586.9,22257.3,79.9,7681.7,4983.3,"{'timestamp': '2026-09-08T23:40:59.553658+00:00', 'model_version': 'qwen3:8b', 'prompt_hash': 'a6af280e'}",qwen3_8b__N120
6,real_mixed_68,qwen3:8b_kb_rag,13.686047077178957,39.77,0,direct_json,0.9,0.9473684210526316,0.9230769230769232,0.0,0,25.1,61.2,8.8,572.1,587.1,22213.9,79.9,7681.7,4983.3,"{'timestamp': '2026-09-08T23:41:03.641398+00:00', 'model_version': 'qwen3:8b', 'prompt_hash': 'a6af280e'}",qwen3_8b__N120
6,real_mixed_69,qwen3:8b_kb_rag,14.20516300201416,39.27,0,direct_json,0.72,0.6428571428571429,0.6792452830188679,0.12,3,22.3,60.6,6.4,563.2,587.5,22189.9,80.0,7681.7,4983.3,"{'timestamp': '2026-09-08T23:41:08.736832+00:00', 'model_version': 'qwen3:8b', 'prompt_hash': 'a6af280e'}",qwen3_8b__N120
6,real_mixed_70,qwen3:8b_kb_rag,13.69331979751587,38.66,0,direct_json,0.75,0.6,0.6666666666666665,0.0,0,15.9,39.4,5.4,560.8,563.5,22191.5,79.9,7681.7,4983.3,"{'timestamp': '2026-09-08T23:41:13.364387+00:00', 'model_version': 'qwen3:8b', 'prompt_hash': 'a6af280e'}",qwen3_8b__N120
7,real_mixed_71,qwen3:8b_kb_rag,11.701448917388916,38.9,0,direct_json,0.6428571428571429,0.6428571428571429,0.6428571428571429,0.0714285714285714,1,18.0,50.0,16.0,632.9,633.2,22304.3,79.7,7681.7,4983.3,"{'timestamp': '2026-09-08T23:41:25.479480+00:00', 'model_version': 'qwen3:8b', 'prompt_hash': 'a6af280e'}",qwen3_8b__N120
7,real_mixed_72,qwen3:8b_kb_rag,15.752508163452148,39.08,0,direct_json,0.9166666666666666,0.6470588235294118,0.7586206896551724,0.0,0,17.4,33.3,10.7,633.0,633.2,22322.8,79.7,7681.7,4983.3,"{'timestamp': '2026-09-08T23:41:29.534370+00:00', 'model_version': 'qwen3:8b', 'prompt_hash': 'a6af280e'}",qwen3_8b__N120
7,real_mixed_73,qwen3:8b_kb_rag,7.63383412361145,39.64,0,direct_json,1.0,0.625,0.7692307692307693,0.0,0,19.1,100.0,16.2,632.8,633.0,22318.6,79.7,7681.7,4983.3,"{'timestamp': '2026-09-08T23:41:21.418590+00:00', 'model_version': 'qwen3:8b', 'prompt_hash': 'a6af280e'}",qwen3_8b__N120
7,real_mixed_74,qwen3:8b_kb_rag,4.076537847518921,39.5,0,direct_json,1.0,0.8333333333333334,0.9090909090909092,0.0,0,29.6,100.0,33.8,632.7,632.8,22341.7,79.8,7681.7,4983.3,"{'timestamp': '2026-09-08T23:41:17.855300+00:00', 'model_version': 'qwen3:8b', 'prompt_hash': 'a6af280e'}",qwen3_8b__N120
7,real_mixed_75,qwen3:8b_kb_rag,13.686691999435425,39.98,0,direct_json,0.75,0.6,0.6666666666666665,0.25,1,17.5,28.4,11.4,633.1,633.3,22323.5,79.7,7681.7,4983.3,"{'timestamp': '2026-09-08T23:41:31.648071+00:00', 'model_version': 'qwen3:8b', 'prompt_hash': 'a6af280e'}",qwen3_8b__N120
7,real_mixed_76,qwen3:8b_kb_rag,11.690923929214478,40.66,0,direct_json,0.0,0.0,0.0,0.0,0,18.4,29.3,13.1,633.2,633.3,22335.7,79.7,7681.7,4983.3,"{'timestamp': '2026-09-08T23:41:33.205279+00:00', 'model_version': 'qwen3:8b', 'prompt_hash': 'a6af280e'}",qwen3_8b__N120
7,real_mixed_77,qwen3:8b_kb_rag,13.70300793647766,39.17,0,direct_json,0.5,0.5217391304347826,0.5106382978723404,0.2083333333333333,5,17.6,35.2,11.1,634.0,636.5,22374.8,79.6,7681.7,4983.3,"{'timestamp': '2026-09-08T23:41:39.324390+00:00', 'model_version': 'qwen3:8b', 'prompt_hash': 'a6af280e'}",qwen3_8b__N120
7,real_mixed_78,qwen3:8b_kb_rag,15.756911277770996,38.04,0,direct_json,0.3,0.8571428571428571,0.4444444444444444,0.2,4,17.7,36.6,7.9,625.5,636.5,22418.6,79.5,7681.7,4983.3,"{'timestamp': '2026-09-08T23:41:45.401865+00:00', 'model_version': 'qwen3:8b', 'prompt_hash': 'a6af280e'}",qwen3_8b__N120
7,real_mixed_80,qwen3:8b_kb_rag,27.84921193122864,38.77,0,direct_json,0.5588235294117647,0.6785714285714286,0.6129032258064516,0.0,0,14.8,24.9,2.4,609.6,636.5,22396.9,79.6,7681.7,4983.3,"{'timestamp': '2026-09-08T23:42:01.201375+00:00', 'model_version': 'qwen3:8b', 'prompt_hash': 'a6af280e'}",qwen3_8b__N120
8,real_mixed_81,qwen3:8b_kb_rag,3.54941987991333,39.69,0,direct_json,0.8,0.5714285714285714,0.6666666666666666,0.0,0,16.1,21.7,16.9,632.2,632.2,22328.8,79.7,7681.7,4983.3,"{'timestamp': '2026-09-08T23:42:05.153152+00:00', 'model_version': 'qwen3:8b', 'prompt_hash': 'a6af280e'}",qwen3_8b__N120
8,real_mixed_82,qwen3:8b_kb_rag,13.193346977233888,39.19,0,direct_json,0.7857142857142857,0.6470588235294118,0.7096774193548386,0.0,0,16.3,30.9,13.5,632.4,633.1,22304.6,79.8,7681.7,4983.3,"{'timestamp': '2026-09-08T23:42:14.795076+00:00', 'model_version': 'qwen3:8b', 'prompt_hash': 'a6af280e'}",qwen3_8b__N120
8,real_mixed_83,qwen3:8b_kb_rag,9.64298391342163,39.69,0,direct_json,0.9090909090909092,0.7692307692307693,0.8333333333333333,0.0,0,16.5,30.9,15.1,632.1,633.1,22346.6,79.8,7681.7,4983.3,"{'timestamp': '2026-09-08T23:42:11.242670+00:00', 'model_version': 'qwen3:8b', 'prompt_hash': 'a6af280e'}",qwen3_8b__N120
8,real_mixed_84,qwen3:8b_kb_rag,6.084226131439209,39.57,0,direct_json,0.7777777777777778,0.6363636363636364,0.7000000000000001,0.0,0,16.1,30.9,14.8,631.9,632.2,22359.7,79.8,7681.7,4983.3,"{'timestamp': '2026-09-08T23:42:07.682204+00:00', 'model_version': 'qwen3:8b', 'prompt_hash': 'a6af280e'}",qwen3_8b__N120
8,real_mixed_85,qwen3:8b_kb_rag,12.687544107437134,39.91,0,direct_json,0.6,0.6666666666666666,0.631578947368421,0.0,0,15.9,35.6,12.9,632.7,633.2,22339.4,79.8,7681.7,4983.3,"{'timestamp': '2026-09-08T23:42:17.954727+00:00', 'model_version': 'qwen3:8b', 'prompt_hash': 'a6af280e'}",qwen3_8b__N120
8,real_mixed_86,qwen3:8b_kb_rag,13.704260110855104,38.99,0,direct_json,1.0,0.7142857142857143,0.8333333333333333,0.0,0,17.6,41.5,11.6,632.9,633.2,22323.4,79.8,7681.7,4983.3,"{'timestamp': '2026-09-08T23:42:21.511479+00:00', 'model_version': 'qwen3:8b', 'prompt_hash': 'a6af280e'}",qwen3_8b__N120
8,real_mixed_87,qwen3:8b_kb_rag,12.207266092300417,40.21,0,direct_json,0.625,0.4545454545454545,0.5263157894736842,0.0,0,16.6,40.7,13.0,632.6,633.1,22285.4,79.7,7681.7,4983.3,"{'timestamp': '2026-09-08T23:42:23.563698+00:00', 'model_version': 'qwen3:8b', 'prompt_hash': 'a6af280e'}",qwen3_8b__N120
8,real_mixed_88,qwen3:8b_kb_rag,11.18207573890686,39.48,0,direct_json,0.6666666666666666,0.75,0.7058823529411765,0.0,0,18.6,40.8,11.3,631.9,633.1,22298.8,79.8,7681.7,4983.3,"{'timestamp': '2026-09-08T23:42:26.097653+00:00', 'model_version': 'qwen3:8b', 'prompt_hash': 'a6af280e'}",qwen3_8b__N120
8,real_mixed_89,qwen3:8b_kb_rag,11.144873857498167,39.92,0,direct_json,0.7142857142857143,0.3571428571428571,0.4761904761904762,0.0,0,16.2,40.3,8.4,630.8,633.1,22234.3,79.8,7681.7,4983.3,"{'timestamp': '2026-09-08T23:42:29.226060+00:00', 'model_version': 'qwen3:8b', 'prompt_hash': 'a6af280e'}",qwen3_8b__N120
8,real_mixed_90,qwen3:8b_kb_rag,14.185378074645996,39.0,0,direct_json,0.5517241379310345,0.7272727272727273,0.6274509803921569,0.0,0,16.7,36.4,4.5,629.6,631.2,22227.5,79.8,7681.7,4983.3,"{'timestamp': '2026-09-08T23:42:35.828430+00:00', 'model_version': 'qwen3:8b', 'prompt_hash': 'a6af280e'}",qwen3_8b__N120
9,real_mixed_91,qwen3:8b_kb_rag,11.658682107925417,38.56,0,direct_json,0.8125,0.7647058823529411,0.787878787878788,0.0,0,23.7,46.6,17.9,641.8,753.0,22129.3,80.3,7681.7,4983.3,"{'timestamp': '2026-09-08T23:42:47.949583+00:00', 'model_version': 'qwen3:8b', 'prompt_hash': 'a6af280e'}",qwen3_8b__N120
9,real_mixed_92,qwen3:8b_kb_rag,7.106142997741699,38.69,0,direct_json,0.7857142857142857,0.5238095238095238,0.6285714285714286,0.0,0,18.9,39.9,13.2,637.8,652.2,22155.9,80.2,7681.7,4983.3,"{'timestamp': '2026-09-08T23:42:43.404306+00:00', 'model_version': 'qwen3:8b', 'prompt_hash': 'a6af280e'}",qwen3_8b__N120
9,real_mixed_93,qwen3:8b_kb_rag,3.5637481212615967,39.72,0,direct_json,1.0,0.8,0.888888888888889,0.0,0,16.2,39.9,41.7,638.7,652.2,22122.4,80.2,7681.7,4983.3,"{'timestamp': '2026-09-08T23:42:39.858050+00:00', 'model_version': 'qwen3:8b', 'prompt_hash': 'a6af280e'}",qwen3_8b__N120
9,real_mixed_94,qwen3:8b_kb_rag,16.23047184944153,39.55,0,direct_json,0.9333333333333332,0.6363636363636364,0.7567567567567568,0.0,0,20.8,45.8,10.2,637.3,652.2,22099.4,80.3,7681.7,4983.3,"{'timestamp': '2026-09-08T23:42:52.534439+00:00', 'model_version': 'qwen3:8b', 'prompt_hash': 'a6af280e'}",qwen3_8b__N120
9,real_mixed_95,qwen3:8b_kb_rag,15.229465007781982,39.99,0,direct_json,0.4444444444444444,0.5,0.4705882352941176,0.0,0,17.7,45.2,10.2,637.0,637.3,22066.4,80.2,7681.7,4983.3,"{'timestamp': '2026-09-08T23:42:55.193282+00:00', 'model_version': 'qwen3:8b', 'prompt_hash': 'a6af280e'}",qwen3_8b__N120
9,real_mixed_96,qwen3:8b_kb_rag,14.700809001922607,39.78,0,direct_json,0.7692307692307693,0.7142857142857143,0.7407407407407408,0.0,0,16.5,45.1,10.6,634.9,638.0,22056.3,80.2,7681.7,4983.3,"{'timestamp': '2026-09-08T23:42:58.212584+00:00', 'model_version': 'qwen3:8b', 'prompt_hash': 'a6af280e'}",qwen3_8b__N120
9,real_mixed_97,qwen3:8b_kb_rag,13.196619033813477,40.05,0,direct_json,0.9230769230769232,0.9230769230769232,0.9230769230769232,0.0,0,15.3,37.5,11.4,630.8,638.0,22039.1,80.2,7681.7,4983.3,"{'timestamp': '2026-09-08T23:43:01.256714+00:00', 'model_version': 'qwen3:8b', 'prompt_hash': 'a6af280e'}",qwen3_8b__N120
9,real_mixed_98,qwen3:8b_kb_rag,14.672286987304688,39.07,0,direct_json,0.782608695652174,0.5294117647058824,0.631578947368421,0.0,0,14.2,33.5,8.0,621.4,638.0,22003.8,80.3,7681.7,4983.3,"{'timestamp': '2026-09-08T23:43:07.348482+00:00', 'model_version': 'qwen3:8b', 'prompt_hash': 'a6af280e'}",qwen3_8b__N120
9,real_mixed_99,qwen3:8b_kb_rag,14.185893058776855,39.91,0,direct_json,0.3333333333333333,0.5,0.4,0.0,0,13.7,32.6,3.6,616.7,638.0,22017.5,80.4,7681.7,4983.3,"{'timestamp': '2026-09-08T23:43:09.486935+00:00', 'model_version': 'qwen3:8b', 'prompt_hash': 'a6af280e'}",qwen3_8b__N120
9,real_mixed_100,qwen3:8b_kb_rag,17.763890981674194,39.16,0,direct_json,0.3928571428571428,0.5238095238095238,0.4489795918367347,0.0357142857142857,1,13.9,23.8,3.5,612.1,620.5,21974.2,80.4,7681.7,4983.3,"{'timestamp': '2026-09-08T23:43:16.097359+00:00', 'model_version': 'qwen3:8b', 'prompt_hash': 'a6af280e'}",qwen3_8b__N120
10,real_mixed_102,qwen3:8b_kb_rag,5.588251113891602,41.5,0,direct_json,1.0,1.0,1.0,0.0,0,25.5,88.9,33.6,706.6,765.6,21986.9,80.4,7681.7,4983.3,"{'timestamp': '2026-09-08T23:43:22.163604+00:00', 'model_version': 'qwen3:8b', 'prompt_hash': 'a6af280e'}",qwen3_8b__N120
10,real_mixed_103,qwen3:8b_kb_rag,4.066806077957153,41.16,0,direct_json,1.0,1.0,1.0,0.0,0,15.6,34.0,36.3,700.6,700.9,21955.6,80.4,7681.7,4983.3,"{'timestamp': '2026-09-08T23:43:20.646800+00:00', 'model_version': 'qwen3:8b', 'prompt_hash': 'a6af280e'}",qwen3_8b__N120
10,real_mixed_104,qwen3:8b_kb_rag,10.646569967269896,39.09,0,direct_json,0.52,0.6190476190476191,0.5652173913043478,0.24,6,18.9,34.3,15.5,700.7,701.0,22026.5,80.3,7681.7,4983.3,"{'timestamp': '2026-09-08T23:43:27.253036+00:00', 'model_version': 'qwen3:8b', 'prompt_hash': 'a6af280e'}",qwen3_8b__N120
10,real_mixed_105,qwen3:8b_kb_rag,14.68790078163147,39.51,0,direct_json,0.7142857142857143,0.6666666666666666,0.689655172413793,0.0,0,18.9,37.9,12.3,700.4,701.0,22062.8,80.2,7681.7,4983.3,"{'timestamp': '2026-09-08T23:43:31.297548+00:00', 'model_version': 'qwen3:8b', 'prompt_hash': 'a6af280e'}",qwen3_8b__N120
10,real_mixed_106,qwen3:8b_kb_rag,13.719058990478516,40.37,0,direct_json,0.4285714285714285,1.0,0.6,0.0,0,13.8,27.5,13.5,700.2,701.0,22102.8,80.1,7681.7,4983.3,"{'timestamp': '2026-09-08T23:43:33.434810+00:00', 'model_version': 'qwen3:8b', 'prompt_hash': 'a6af280e'}",qwen3_8b__N120
10,real_mixed_107,qwen3:8b_kb_rag,18.257219791412354,38.25,0,direct_json,0.7692307692307693,0.7142857142857143,0.7407407407407408,0.0,0,15.8,32.2,8.6,696.8,701.0,22171.6,80.0,7681.7,4983.3,"{'timestamp': '2026-09-08T23:43:39.007097+00:00', 'model_version': 'qwen3:8b', 'prompt_hash': 'a6af280e'}",qwen3_8b__N120
10,real_mixed_108,qwen3:8b_kb_rag,20.792831897735596,39.24,0,direct_json,0.4,0.75,0.5217391304347827,0.0,0,15.6,32.2,6.0,676.8,701.0,22180.0,80.0,7681.7,4983.3,"{'timestamp': '2026-09-08T23:43:43.071316+00:00', 'model_version': 'qwen3:8b', 'prompt_hash': 'a6af280e'}",qwen3_8b__N120
10,real_mixed_109,qwen3:8b_kb_rag,22.290712118148804,38.15,0,direct_json,0.7,0.7241379310344828,0.711864406779661,0.0,0,19.6,36.2,4.2,642.8,700.4,22159.2,80.1,7681.7,4983.3,"{'timestamp': '2026-09-08T23:43:49.675875+00:00', 'model_version': 'qwen3:8b', 'prompt_hash': 'a6af280e'}",qwen3_8b__N120
10,real_mixed_110,qwen3:8b_kb_rag,23.27833318710327,39.1,0,direct_json,0.6666666666666666,0.4166666666666667,0.5128205128205129,0.0,0,20.5,37.4,2.8,614.2,699.5,22087.9,80.2,7681.7,4983.3,"{'timestamp': '2026-09-08T23:43:54.710333+00:00', 'model_version': 'qwen3:8b', 'prompt_hash': 'a6af280e'}",qwen3_8b__N120
11,real_mixed_111,qwen3:8b_kb_rag,11.18069577217102,40.18,0,direct_json,0.9,0.2647058823529412,0.409090909090909,0.0,0,23.8,75.2,23.2,653.7,654.7,22111.4,80.0,7681.7,4983.3,"{'timestamp': '2026-09-08T23:44:06.453796+00:00', 'model_version': 'qwen3:8b', 'prompt_hash': 'a6af280e'}",qwen3_8b__N120
11,real_mixed_112,qwen3:8b_kb_rag,13.696435928344728,39.85,0,direct_json,0.5555555555555556,0.625,0.5882352941176471,0.0,0,23.6,75.9,14.6,652.8,654.7,22129.2,80.1,7681.7,4983.3,"{'timestamp': '2026-09-08T23:44:08.942245+00:00', 'model_version': 'qwen3:8b', 'prompt_hash': 'a6af280e'}",qwen3_8b__N120
11,real_mixed_113,qwen3:8b_kb_rag,5.066923141479492,39.33,0,direct_json,0.7,0.7,0.7,0.0,0,22.4,100.0,175.4,660.8,716.0,22016.6,80.3,7681.7,4983.3,"{'timestamp': '2026-09-08T23:44:00.313271+00:00', 'model_version': 'qwen3:8b', 'prompt_hash': 'a6af280e'}",qwen3_8b__N120
11,real_mixed_114,qwen3:8b_kb_rag,8.114210844039917,34.39,0,direct_json,0.7272727272727273,0.5333333333333333,0.6153846153846153,0.0,0,29.3,100.0,23.5,657.9,716.0,22064.7,80.2,7681.7,4983.3,"{'timestamp': '2026-09-08T23:44:03.359990+00:00', 'model_version': 'qwen3:8b', 'prompt_hash': 'a6af280e'}",qwen3_8b__N120
11,real_mixed_115,qwen3:8b_kb_rag,2.030669927597046,40.69,0,direct_json,0.8,1.0,0.888888888888889,0.0,0,7.7,30.7,41.4,654.7,654.7,21986.2,80.3,7681.7,4983.3,"{'timestamp': '2026-09-08T23:43:57.266193+00:00', 'model_version': 'qwen3:8b', 'prompt_hash': 'a6af280e'}",qwen3_8b__N120
11,real_mixed_116,qwen3:8b_kb_rag,13.686761856079102,40.16,0,direct_json,0.75,0.75,0.75,0.25,1,20.9,67.1,14.6,651.5,654.7,22158.5,80.1,7681.7,4983.3,"{'timestamp': '2026-09-08T23:44:11.059552+00:00', 'model_version': 'qwen3:8b', 'prompt_hash': 'a6af280e'}",qwen3_8b__N120
11,real_mixed_117,qwen3:8b_kb_rag,17.721718072891235,39.06,0,direct_json,0.35,0.5,0.4117647058823529,0.0,0,21.0,67.1,9.9,648.4,654.0,22197.3,80.0,7681.7,4983.3,"{'timestamp': '2026-09-08T23:44:18.157214+00:00', 'model_version': 'qwen3:8b', 'prompt_hash': 'a6af280e'}",qwen3_8b__N120
11,real_mixed_118,qwen3:8b_kb_rag,16.741191387176514,40.06,0,direct_json,1.0,1.0,1.0,0.0,0,16.3,28.4,7.8,647.1,653.7,22203.5,80.0,7681.7,4983.3,"{'timestamp': '2026-09-08T23:44:20.248373+00:00', 'model_version': 'qwen3:8b', 'prompt_hash': 'a6af280e'}",qwen3_8b__N120
11,real_mixed_119,qwen3:8b_kb_rag,17.21950101852417,39.88,0,direct_json,0.7777777777777778,0.875,0.823529411764706,0.0,0,15.1,35.4,5.6,645.6,653.2,22204.5,80.0,7681.7,4983.3,"{'timestamp': '2026-09-08T23:44:23.795550+00:00', 'model_version': 'qwen3:8b', 'prompt_hash': 'a6af280e'}",qwen3_8b__N120
11,real_mixed_120,qwen3:8b_kb_rag,19.28626585006714,39.66,0,direct_json,0.3333333333333333,0.5,0.4,0.3333333333333333,6,16.8,35.1,3.4,645.1,645.2,22225.4,79.9,7681.7,4983.3,"{'timestamp': '2026-09-08T23:44:28.357597+00:00', 'model_version': 'qwen3:8b', 'prompt_hash': 'a6af280e'}",qwen3_8b__N120
