batch_idx,record_id,model,latency_sec,tokens_per_sec,retries,retry_count,raw_response,parse_method,precision,recall,f1,hallucination_rate,hallucinated_count,cpu_avg_pct,cpu_peak_pct,proc_cpu_avg_pct,mem_avg_mb,mem_peak_mb,sys_mem_avg_mb,sys_mem_avg_pct,vram_mb,model_disk_mb,data_provenance
1,real_mixed_6,zs-en,5.586212158203125,53.03,0,0,"{""Persons"": [""Faustine Merret"", ""Michal Hein"", ""M. del Carmen Vaz"", ""Belén Hernández"", ""Magdalena Martínez"", ""María Muñoz"", ""Carlo María Martini"", ""Edward Malefakis"", ""Alain Touraine"", ""Juergen Donges"", ""Ernst Gombrich"", ""Anthony Giddens""], ""Organizations"": [""Fundación Príncipe de Asturias""], ""Locations"": [""Oviedo"", ""Milán""]}",direct_json,1.0,0.75,0.8571428571428571,0.0,0,17.7,95.0,13.7,235.1,235.1,20372.6,60.4,9051.5,9163.2,"{'timestamp': '2026-09-15T05:50:01.277223+00:00', 'model_version': 'gemma4:latest', 'prompt_hash': 'a6af280e'}"
1,real_mixed_7,zs-en,343.2353529930115,52.28,0,0,"{
""Persons"": [
""Yvon Desjardins"",
""E. I. C."",
""M. W. W."",
""P. B. H."",
""Pedro Corbella Canturri""
],
""Organizations"": [
""ONU"",
""Fuerzas de Estabilización (SFOR)"",
""Gobierno de Noruega"",
""Audiencia de Barcelona"",
""EFE"",
""La vie en rose""
],
""Locations"": [
""Bosnia"",
""Noruega"",
""Barcelona"",
""Castelldefels"",
""Maresme""
]
}",direct_json,0.875,0.7,0.7777777777777777,0.0,0,10.9,100.0,0.6,64.2,237.2,29225.2,74.8,9051.5,9163.2,"{'timestamp': '2026-09-15T05:55:38.928183+00:00', 'model_version': 'gemma4:latest', 'prompt_hash': 'a6af280e'}"
1,real_mixed_8,zs-en,158.46087288856506,51.69,0,0,"{
""Persons"": [
""Jesús De la Gándara"",
""Clemente Serna"",
""Segundo Escolar""
],
""Organizations"": [
""EFE"",
""Galería de Arte \"" Lourdes Carcedo \"""",
""comunidad Benedictina""
],
""Locations"": [
""Plasencia"",
""Plaza Mayor"",
""Burgos"",
""Silos""
]
}",direct_json,0.9,0.6,0.7200000000000001,0.0,0,14.5,100.0,0.7,82.2,237.2,30523.6,77.2,9051.5,9163.2,"{'timestamp': '2026-09-15T05:52:34.145208+00:00', 'model_version': 'gemma4:latest', 'prompt_hash': 'a6af280e'}"
1,real_mixed_9,zs-en,8.112812042236328,53.22,0,0,"{""Persons"": [""Juan Carlos Rodríguez Ibarra"", ""Leopoldo Torrado""], ""Organizations"": [""IBARRA - INFRAESTRUCTURAS R."", ""Junta de Extremadura"", ""PP"", ""Gobierno extremeño"", ""Asamblea de Extremadura""], ""Locations"": [""Aldehuela"", ""Cáceres"", ""Las Hurdes"", ""Extremadura"", ""Mérida""]}",direct_json,0.8333333333333334,0.625,0.7142857142857143,0.0,0,15.8,95.0,10.7,235.4,236.4,21744.4,61.4,9051.5,9163.2,"{'timestamp': '2026-09-15T05:50:03.796512+00:00', 'model_version': 'gemma4:latest', 'prompt_hash': 'a6af280e'}"
1,real_mixed_10,zs-en,340.05800104141235,54.37,0,0,"{""Persons"": [""Cristina Almeida"", ""Manuel de la Calva"", ""Ramón Arcusa"", ""Francisco Javier Sánchez Bocanegra""], ""Organizations"": [""Dúo Dinámico""], ""Locations"": [""Barcelona"", ""España"", ""Sudamérica"", ""Suecia"", ""Australia"", ""Francia"", ""Japón"", ""Málaga""]}",direct_json,0.9230769230769231,0.8571428571428571,0.888888888888889,0.0,0,15.1,100.0,0.5,61.3,237.2,29347.5,75.1,9051.5,9163.2,"{'timestamp': '2026-09-15T05:55:41.362665+00:00', 'model_version': 'gemma4:latest', 'prompt_hash': 'a6af280e'}"
0,real_mixed_1,zs-en,10.648214101791382,53.18,0,0,"{""Persons"": [""Emiliano García-Page"", ""Conde"", ""José Bono"", ""Francisco Antonio Guerra"", ""Mariano Ortega"", ""Enrique Valiente""], ""Organizations"": [""PSOE"", ""PP"", ""Ayuntamiento"", ""Riánsares"", ""Educación""], ""Locations"": [""Tarancón"", ""Cuenca"", ""Córdoba""]}",direct_json,0.8571428571428571,0.7058823529411765,0.7741935483870968,0.0,0,22.1,100.0,43.3,235.5,236.4,22390.0,61.7,9051.5,9163.2,"{'timestamp': '2026-09-15T05:50:06.326830+00:00', 'model_version': 'gemma4:latest', 'prompt_hash': 'a6af280e'}"
0,real_mixed_2,zs-en,216.5897181034088,52.62,0,0,"{
""Persons"": [
""Severino do Ramo ' Maia '"",
""Francesc Biosca"",
""Rolf Breuer""
],
""Organizations"": [
""Lleida"",
""Ypiranga"",
""Deutsche Boerse AG"",
""London Stock Exchange""
],
""Locations"": [
""Nigeria"",
""Africa"",
""Lérida"",
""Fráncfort""
]
}",direct_json,0.9090909090909091,0.5882352941176471,0.7142857142857143,0.0,0,17.3,100.0,0.8,72.9,237.2,29916.4,75.6,9051.5,9163.2,"{'timestamp': '2026-09-15T05:53:32.269781+00:00', 'model_version': 'gemma4:latest', 'prompt_hash': 'a6af280e'}"
0,real_mixed_3,zs-en,138.2422890663147,10.4,0,0,"{""Persons"": [""Joan Mayol"", ""Luis Muro""], ""Organizations"": [""Diputación foral de Alava"", ""Centro de Cálculo de Alava"", ""Pcweek"", ""Pricewaterhouse Coopers"", ""Centro de Profesores. Recursos (CPR)""], ""Locations"": [""Vitoria"", ""Euskadi"", ""Alava"", ""Fuenlabrada""]}",direct_json,0.9090909090909091,0.5882352941176471,0.7142857142857143,0.0,0,13.2,100.0,1.8,88.1,237.2,30778.2,77.8,9051.5,9163.2,"{'timestamp': '2026-09-15T05:52:13.921473+00:00', 'model_version': 'gemma4:latest', 'prompt_hash': 'a6af280e'}"
0,real_mixed_4,zs-en,33.25883603096008,51.84,0,0,"{
""Persons"": [
""Angel Carlos Bernáldez"",
""José María Aznar"",
""Rosa María Fernández Pacheco"",
""José Manuel García Ballesteros""
],
""Organizations"": [
""EFE"",
""PP"",
""Oficina Parlamentaria"",
""Comisión de Medio Ambiente"",
""Plan Hidrológico Nacional"",
""Plan Nacional de Riegos"",
""Comisión de Agricultura"",
""Comisión Permanente del Senado"",
""Comisión de la Sociedad de la Información, el Conocimiento"",
""Comisión de Trabajo y Política Social"",
""Comisión de Presupuestos"",
""Comisión de Infraestructuras""
],
""Locations"": [
""Cáceres""
]
}",direct_json,0.7058823529411765,0.8,0.7500000000000001,0.0,0,12.7,95.0,3.0,236.6,237.2,23833.3,62.5,9051.5,9163.2,"{'timestamp': '2026-09-15T05:50:28.969076+00:00', 'model_version': 'gemma4:latest', 'prompt_hash': 'a6af280e'}"
0,real_mixed_5,zs-en,337.533353805542,53.58,0,0,"{""Persons"": [""Llibert Cuatrecasas"", ""Herwig Van Staa""], ""Organizations"": [""ACNUR"", ""Generalitat"", ""Consejo de Europa"", ""CPLRE""], ""Locations"": [""Angola"", ""Francia"", ""Cataluña"", ""Europa"", ""República Checa"", ""Macedonia"", ""Estonia"", ""Moldavia"", ""Polonia""]}",direct_json,1.0,0.7142857142857143,0.8333333333333333,0.0,0,11.9,100.0,0.5,58.6,237.2,29387.1,75.3,9051.5,9163.2,"{'timestamp': '2026-09-15T05:55:43.901321+00:00', 'model_version': 'gemma4:latest', 'prompt_hash': 'a6af280e'}"
2,real_mixed_11,zs-en,238.457909822464,52.25,0,0,"{
""Persons"": [
""Isabel dos Santos"",
""Helder Pitta Gros"",
""Gabriela Figueredo"",
""Nuno Ribeiro da Cunha"",
""Carlos Saturnino"",
""Mario Leite da Silva"",
""Paula Oliveira"",
""Sarju Raikundalia""
],
""Organizations"": [
""International Consortium of Investigative Journalists"",
""Sonangol"",
""Lusa news agency"",
""Portuguese Securities Market Commission"",
""Galp Energia"",
""NOS"",
""Eurobic"",
""Expresso"",
""Banco de Fomento Angola"",
""BBC News"",
""ICIJ""
],
""Locations"": [
""Angola"",
""Luanda"",
""London"",
""Portugal"",
""Lisbon"",
""Dubai"",
""U.S."",
""U.K."",
""Switzerland"",
""Brazil""
]
}",direct_json,0.896551724137931,0.9629629629629629,0.9285714285714286,0.0,0,13.9,100.0,0.7,70.7,237.2,29801.5,75.3,9051.5,9163.2,"{'timestamp': '2026-09-15T05:53:54.150313+00:00', 'model_version': 'gemma4:latest', 'prompt_hash': 'a6af280e'}"
2,real_mixed_12,zs-en,33.25556421279907,37.71,0,0,"{""Persons"": [], ""Organizations"": [""AENA"", ""Real Madrid"", ""Valencia"", ""Fuerzas de Seguridad del Estado"", ""Guardia Civil"", ""Policía Nacional""], ""Locations"": [""Madrid"", ""Barajas"", ""Manises"", ""París"", ""Santiago de Chile""]}",direct_json,1.0,0.9166666666666666,0.9565217391304348,0.0,0,15.1,100.0,2.6,234.4,237.2,24031.9,62.9,9051.5,9163.2,"{'timestamp': '2026-09-15T05:50:28.939414+00:00', 'model_version': 'gemma4:latest', 'prompt_hash': 'a6af280e'}"
2,real_mixed_13,zs-en,283.5425317287445,52.46,0,0,"{
""Persons"": [
""José Félix de las Cuevas"",
""Amador Fernández Quesada"",
""José Miguel Silió"",
""Corín Tellado"",
""Miguel de Cervantes"",
""Luis Sepúlveda"",
""Rosa Regás"",
""Mario Delgado"",
""Vicente Alvarez Areces"",
""Paz Fernández Felgueroso""
],
""Organizations"": [
""PSOE-Progresistas"",
""Ayuntamiento de Bárcena de Pie de Concha"",
""PP"",
""Renfe"",
""EFE-Cantabria"",
""Salón del Libro Iberoamericano""
],
""Locations"": [
""Bárcena de Pie de Concha"",
""Santander"",
""Palencia"",
""Pié de Concha"",
""Pujayo"",
""Gijón"",
""España"",
""Uruguay""
}",direct_json,0.4375,0.5185185185185185,0.47457627118644063,0.0,0,13.0,100.0,0.7,67.2,237.2,29672.1,74.7,9051.5,9163.2,"{'timestamp': '2026-09-15T05:54:39.250681+00:00', 'model_version': 'gemma4:latest', 'prompt_hash': 'a6af280e'}"
2,real_mixed_14,zs-en,312.4708321094513,51.9,0,0,"{
""Persons"": [
""Joseph Kabila""
],
""Organizations"": [
""China Railway Group"",
""Sinohydro"",
""Platform to Protect Whistleblowers in Africa (PPLAAF)"",
""Mediapart"",
""The Sentry"",
""European Investigative Collaborations (EIC)"",
""BGFIBank DRC"",
""Sicomines"",
""Congo Construction Company (CCC)"",
""Citibank"",
""Commerzbank""
],
""Locations"": [
""Democratic Republic of Congo"",
""DRC""
]
}",direct_json,0.8571428571428571,0.8,0.8275862068965518,0.0,0,12.8,100.0,0.6,65.6,237.2,29544.5,74.6,9051.5,9163.2,"{'timestamp': '2026-09-15T05:55:08.165030+00:00', 'model_version': 'gemma4:latest', 'prompt_hash': 'a6af280e'}"
2,real_mixed_15,zs-en,340.2452380657196,52.45,0,0,"{
""Persons"": [
""Samani"",
""Horst Koehler"",
""Michel Camdessus""
],
""Organizations"": [
""Gipsies"",
""Tusker"",
""Castel"",
""San Miguel"",
""Viva"",
""Kas"",
""Nutrexpa"",
""Fondo Monetario Internacional (FMI)""
],
""Locations"": [
""Lérida"",
""Kenia"",
""España"",
""Nairobi"",
""Reino Unido"",
""India"",
""Londres"",
""Gandia"",
""Washington"",
""Asia"",
""Latinoamérica""
]
}",direct_json,0.7727272727272727,0.8095238095238095,0.7906976744186046,0.0,0,11.8,52.2,0.5,47.3,58.2,29331.7,76.5,9051.5,9163.2,"{'timestamp': '2026-09-15T05:56:09.251478+00:00', 'model_version': 'gemma4:latest', 'prompt_hash': 'a6af280e'}"
3,real_mixed_16,zs-en,196.4537250995636,51.7,0,0,"{
""Persons"": [
""Antonio Augusto Fonseca"",
""Javier Irureta"",
""Augusto César Lendoiro""
],
""Organizations"": [
""Banco Central"",
""Deportivo""
],
""Locations"": [
""Chile"",
""La Coruña"",
""Irún""
]
}",direct_json,1.0,0.6666666666666666,0.8,0.0,0,14.9,100.0,0.9,75.5,237.2,30078.4,76.1,9051.5,9163.2,"{'timestamp': '2026-09-15T05:53:12.136796+00:00', 'model_version': 'gemma4:latest', 'prompt_hash': 'a6af280e'}"
3,real_mixed_17,zs-en,159.47637605667114,53.76,0,0,"{""Persons"": [""Isabel dos Santos"", ""Hélder Pitta Grós""], ""Organizations"": [""Angola's state oil company""], ""Locations"": [""Angola"", ""Luanda""]}",direct_json,0.8,0.8,0.8000000000000002,0.0,0,16.2,100.0,1.1,81.9,237.2,30506.8,77.2,9051.5,9163.2,"{'timestamp': '2026-09-15T05:52:35.145022+00:00', 'model_version': 'gemma4:latest', 'prompt_hash': 'a6af280e'}"
3,real_mixed_18,zs-en,178.6133041381836,51.78,0,0,"{
""Persons"": [
""Ramon Camp"",
""Joan Boada""
],
""Organizations"": [
""Parlamento catalán"",
""IC-V"",
""CiU"",
""PSC"",
""PP"",
""Generalitat"",
""Congreso"",
""Ejército español""
],
""Locations"": [
""Cataluña"",
""Barcelona""
]
}",direct_json,0.8333333333333334,0.7142857142857143,0.7692307692307692,0.0,0,17.7,100.0,0.8,78.2,237.2,30248.1,76.5,9051.5,9163.2,"{'timestamp': '2026-09-15T05:52:54.292656+00:00', 'model_version': 'gemma4:latest', 'prompt_hash': 'a6af280e'}"
3,real_mixed_19,zs-en,255.7093369960785,52.97,0,0,"{
""Persons"": [
""Roig"",
""Camacho"",
""Michel Salgado"",
""Helguera"",
""Hierro"",
""Raúl"",
""Morientes"",
""Cañizares"",
""Mendieta"",
""Farinós"",
""Gerard"",
""Angulo"",
""Antonio Castillo""
],
""Organizations"": [
""Real Madrid"",
""Valencia"",
""Comisión para la Promoción de Exportaciones (Prompex)"",
""Confederación de Instituciones Empresariales Privadas (Confiep)""
],
""Locations"": [
""Saint Denis"",
""Lima""
]
}",direct_json,1.0,0.8636363636363636,0.9268292682926829,0.0,0,11.6,100.0,0.7,69.2,237.2,29739.7,75.1,9051.5,9163.2,"{'timestamp': '2026-09-15T05:54:11.404241+00:00', 'model_version': 'gemma4:latest', 'prompt_hash': 'a6af280e'}"
3,real_mixed_20,zs-en,236.9011528491974,52.58,0,0,"{
""Persons"": [
""Angel Padrino"",
""Luis Rodríguez Motiño""
],
""Organizations"": [
""EFE"",
""La Junta de Comunidades de Castilla-La Mancha"",
""Patronato Rector"",
""Universidad Nacional de Educación a Distancia (UNED)"",
""Gobierno regional"",
""Centro Asociado de la UNED"",
""Delegación Provincial de Educación"",
""Programa de Recuperación Utilización Educativa de Pueblos Abandonados (PRUEPA)"",
""Ministerio de Medio Ambiente"",
""EFECOM""
],
""Locations"": [
""Guadalajara"",
""Castilla-La Mancha"",
""Umbralejo"",
""Madrid""
]
}",direct_json,0.75,0.631578947368421,0.6857142857142857,0.0,0,10.9,100.0,0.7,51.0,61.2,27351.4,74.6,9051.5,9163.2,"{'timestamp': '2026-09-15T05:56:32.077533+00:00', 'model_version': 'gemma4:latest', 'prompt_hash': 'a6af280e'}"
4,real_mixed_21,zs-en,100.2179970741272,52.3,0,0,"{
""Persons"": [
""SANCHEZ POLO""
],
""Organizations"": [
""Paribas"",
""BNP"",
""Société Générale"",
""SG"",
""BNP-Paribas"",
""Comité de Entidades de Crédito. Inversiones (CECEI)"",
""BankWest"",
""BNPI-SFOM"",
""Paribas Capital""
],
""Locations"": [
""Francia"",
""Salvatierra de los Barros""
]
}",direct_json,0.9166666666666666,0.6875,0.7857142857142857,0.0,0,11.5,100.0,1.1,65.1,72.3,24541.1,80.8,9051.5,9163.2,"{'timestamp': '2026-09-15T05:57:21.620296+00:00', 'model_version': 'gemma4:latest', 'prompt_hash': 'a6af280e'}"
4,real_mixed_22,zs-en,129.6329209804535,53.31,0,0,"{""Persons"": [], ""Organizations"": [], ""Locations"": [""Galicia"", ""comunidades del cantábrico"", ""Levante"", ""Canarias"", ""Asturias""]}",direct_json,0.6,1.0,0.7499999999999999,0.0,0,8.1,100.0,1.3,66.3,72.3,24502.4,80.8,9051.5,9163.2,"{'timestamp': '2026-09-15T05:57:51.018094+00:00', 'model_version': 'gemma4:latest', 'prompt_hash': 'a6af280e'}"
4,real_mixed_23,zs-en,75.47343397140503,51.05,0,0,"{
""Persons"": [
""José A. Delgado"",
""James Moran"",
""Bill Clinton"",
""Bill Gates"",
""Eric Koening""
],
""Organizations"": [
""EFECOM"",
""Cámara de Representantes de EEUU"",
""Casa Blanca"",
""Microsoft"",
""Rolex"",
""Omega"",
""Breitling"",
""Ferrari"",
""Armani""
],
""Locations"": [
""Washington"",
""China"",
""EEUU""
]
}",direct_json,0.6470588235294118,0.6470588235294118,0.6470588235294118,0.0,0,11.1,100.0,1.1,63.4,72.3,24607.6,80.8,9051.5,9163.2,"{'timestamp': '2026-09-15T05:56:56.870854+00:00', 'model_version': 'gemma4:latest', 'prompt_hash': 'a6af280e'}"
4,real_mixed_24,zs-en,118.53598499298096,52.53,0,0,"{
""Persons"": [
""Barbara Vidman"",
""Alejandro Aguirre""
],
""Organizations"": [
""Las Américas""
],
""Locations"": [
""Japón"",
""Estados Unidos"",
""Colorado"",
""Miami""
]
}",direct_json,1.0,0.6363636363636364,0.7777777777777778,0.0,0,7.5,100.0,1.0,65.9,72.3,24512.2,80.8,9051.5,9163.2,"{'timestamp': '2026-09-15T05:57:39.932190+00:00', 'model_version': 'gemma4:latest', 'prompt_hash': 'a6af280e'}"
4,real_mixed_25,zs-en,289.5668179988861,36.19,0,0,"{
""Persons"": [
""Méndez López"",
""Olga Reguilón""
],
""Organizations"": [
""Caixa Galicia"",
""Gobierno municipal de Pinto"",
""PSOE"",
""IU"",
""Corporaciones Locales""
],
""Locations"": [
""Galicia"",
""España"",
""Pinto"",
""Comunidad de Madrid""
]
}",direct_json,0.8181818181818182,0.5294117647058824,0.6428571428571428,0.0,0,9.2,100.0,0.6,53.0,72.2,25808.6,82.0,9051.5,9163.2,"{'timestamp': '2026-09-15T06:01:46.472432+00:00', 'model_version': 'gemma4:latest', 'prompt_hash': 'a6af280e'}"
5,real_mixed_26,zs-en,156.97586011886597,52.38,0,0,"{
""Persons"": [
""Anna Smashnova"",
""Dominique Van Roost"",
""Daniela Hantuchova"",
""Iroda Tulyaganova"",
""Rita Kuti Kis"",
""Sophie Erre"",
""Tathiana Garbin"",
""Stéphanie Foretz"",
""Lilia Osterloh"",
""Elena Lijovtseva"",
""Corina Morariu"",
""Sarah Pitkowski"",
""Nadejda Petrova"",
""Anne Kremer"",
""Alexandra Stevenson"",
""Amelie Cocheteux""
],
""Organizations"": [
""Eurobank"",
""Banco Central de Rusia (BCR)"",
""Tribunal de Gran Instancia"",
""Tribunal Arbitral de Estocolmo"",
""Noga"",
""Gobierno ruso""
],
""Locations"": [
""ISR"",
""BEL"",
""SVK"",
""UZB"",
""Hun"",
""FRA"",
""ITA"",
""USA"",
""RUS"",
""París"",
""suiza"",
""Estocolmo"",
""Francia"",
""Suiza"",
""Luxemburgo"",
""Rusia""
]
}",direct_json,0.7105263157894737,0.6428571428571429,0.6749999999999999,0.0,0,9.3,100.0,0.9,66.6,72.3,24453.4,80.8,9051.5,9163.2,"{'timestamp': '2026-09-15T05:58:20.929212+00:00', 'model_version': 'gemma4:latest', 'prompt_hash': 'a6af280e'}"
5,real_mixed_27,zs-en,222.85869026184082,51.32,0,0,"{
""Persons"": [
""Chaka Fattah Sr."",
""Herbert Vederman"",
""Bonnie Bowser"",
""Robert Brand"",
""Karen Nicholas"",
""Leslie R. Caldwell"",
""Zane David Memeger"",
""Edward J. Hanko"",
""Akeia Conner"",
""Eric L. Gibson"",
""T. Patrick Martin"",
""Jonathan Kravis"",
""Paul L. Gray"",
""Bob Dalton""
],
""Organizations"": [
""Justice Department"",
""Criminal Division"",
""FBI"",
""Internal Revenue Service-Criminal Investigation (IRS-CI)"",
""IRS"",
""Educational Advancement Alliance (EAA)"",
""U.S. Trade Commission"",
""NASA"",
""Department of Commerce"",
""Office of the Inspector General"",
""Department of Justice""
],
""Locations"": [
""Philadelphia"",
""Palm Beach"",
""Florida"",
""Williamstown"",
""New Jersey"",
""Eastern District of Pennsylvania""
]
}",direct_json,0.7419354838709677,0.71875,0.7301587301587302,0.0,0,10.0,100.0,1.0,64.4,72.3,24402.3,80.9,9051.5,9163.2,"{'timestamp': '2026-09-15T05:59:26.809842+00:00', 'model_version': 'gemma4:latest', 'prompt_hash': 'a6af280e'}"
5,real_mixed_28,zs-en,176.22239184379578,52.71,0,0,"{
""Persons"": [
""Juan Carlos Aparicio"",
""Xabier Kalparsoro"",
""Günter Grass"",
""Antonio Ballester""
],
""Organizations"": [
""Ministerio de Trabajo. Asuntos Sociales"",
""Gobierno"",
""Seguridad Social"",
""Audiencia Provincial de Vizcaya"",
""ETA"",
""Jefatura Superior de Policía"",
""Fundación Círculo de Lectores"",
""IVAM"",
""Instituto Valenciano de Arte Moderno""
],
""Locations"": [
""Bilbao"",
""Barcelona"",
""Valencia""
]
}",direct_json,0.8125,0.7222222222222222,0.7647058823529411,0.0,0,10.3,100.0,0.9,66.5,72.3,24448.7,80.8,9051.5,9163.2,"{'timestamp': '2026-09-15T05:58:40.165333+00:00', 'model_version': 'gemma4:latest', 'prompt_hash': 'a6af280e'}"
5,real_mixed_29,zs-en,179.23150300979614,53.73,0,0,"{""Persons"": [""Natividad Pérez"", ""Miguel Angel Revilla"", ""Gregorio Gil Ruedas""], ""Organizations"": [""Vattenfall"", ""Santander"", ""Ayuntamiento de Escalante"", ""Consejería de Obras Públicas"", ""PP"", ""Ayuntamiento de Villanueva de la Serena"", ""Consejería de Cultura de la Junta de Extremadura""], ""Locations"": [""Bolivia"", ""Brasil"", ""Chile"", ""Alemania"", ""Austria"", ""Holanda"", ""Polonia"", ""República Checa"", ""Badajoz"", ""Cantabria"", ""Villanueva de la Serena""]}",direct_json,0.9523809523809523,0.8,0.8695652173913043,0.0,0,12.3,100.0,0.7,66.5,72.3,24449.6,80.9,9051.5,9163.2,"{'timestamp': '2026-09-15T05:58:43.183375+00:00', 'model_version': 'gemma4:latest', 'prompt_hash': 'a6af280e'}"
5,real_mixed_30,zs-en,206.48933792114258,53.24,0,0,"{""Persons"": [""Mario Monti""], ""Organizations"": [""Comisión Europea"", ""UE""], ""Locations"": [""España"", ""Bruselas""]}",direct_json,1.0,0.38461538461538464,0.5555555555555556,0.0,0,11.0,66.7,0.7,46.3,66.1,26414.6,82.4,9051.5,9163.2,"{'timestamp': '2026-09-15T06:01:47.443467+00:00', 'model_version': 'gemma4:latest', 'prompt_hash': 'a6af280e'}"
6,real_mixed_31,zs-en,198.99205613136292,53.91,0,0,"{""Persons"": [], ""Organizations"": [""Comisión Ejecutiva del Consorcio Gran Teatro de Cáceres"", ""Junta"", ""Comercio""], ""Locations"": [""Cáceres"", ""Mérida"", ""Zafra"", ""Extremadura""]}",direct_json,0.7142857142857143,1.0,0.8333333333333333,0.0,0,8.5,58.7,0.8,65.2,72.3,24371.0,81.0,9051.5,9163.2,"{'timestamp': '2026-09-15T05:59:28.262521+00:00', 'model_version': 'gemma4:latest', 'prompt_hash': 'a6af280e'}"
6,real_mixed_32,zs-en,201.4034550189972,53.89,0,0,"{""Persons"": [""Vujanovic""], ""Organizations"": [""Meta"", ""Lonja de Bellpuig""], ""Locations"": [""Montenegro"", ""Albania"", ""Shkodra"", ""Bellpuig"", ""Lleida"", ""Murriqan"", ""Hani"", ""Hotit"", ""Arganda del Rey""]}",direct_json,0.75,0.5625,0.6428571428571429,0.0,0,11.3,58.7,0.8,65.0,72.3,24368.3,81.0,9051.5,9163.2,"{'timestamp': '2026-09-15T05:59:30.686749+00:00', 'model_version': 'gemma4:latest', 'prompt_hash': 'a6af280e'}"
6,real_mixed_33,zs-en,203.58066201210022,53.85,0,0,"{""Persons"": [""Jesús Miguel Franco"", ""María Luisa Alejos-Pita"", ""Mesías Gimeno"", ""Marta Calvo""], ""Organizations"": [""PSOE"", ""PP"", ""Cortes de Aragón"", ""Gobierno del PSOE-PAR"", ""Departamento de Educación"", ""Consejería de Educación""], ""Locations"": [""Aragón"", ""Comunidad aragonesa""]}",direct_json,0.8333333333333334,0.6666666666666666,0.7407407407407408,0.0,0,6.9,58.7,0.9,64.8,72.3,24368.8,81.0,9051.5,9163.2,"{'timestamp': '2026-09-15T05:59:32.864663+00:00', 'model_version': 'gemma4:latest', 'prompt_hash': 'a6af280e'}"
6,real_mixed_34,zs-en,229.96898794174194,52.38,0,0,"{
""Persons"": [],
""Organizations"": [
""Israel"",
""Ejército del Sur de Líbano (ESL)"",
""ONU"",
""Naciones Unidas"",
""resistencia chií"",
""Gobierno de Beirut""
],
""Locations"": [
""Líbano"",
""Beirut"",
""Jiam"",
""Mayayun""
]
}",direct_json,0.8,0.5714285714285714,0.6666666666666666,0.0,0,6.3,58.7,1.0,63.2,72.3,24352.3,81.0,9051.5,9163.2,"{'timestamp': '2026-09-15T05:59:59.247155+00:00', 'model_version': 'gemma4:latest', 'prompt_hash': 'a6af280e'}"
6,real_mixed_35,zs-en,159.42372608184814,51.43,0,0,"{
""Persons"": [
""Esperanza Martí"",
""Juan Rodríguez Yuste"",
""Víctor Tello""
],
""Organizations"": [
""Medical Forum Expo"",
""Xunta""
],
""Locations"": [
""España"",
""Europa"",
""Santiago de Compostela"",
""Portugal"",
""Guimaraes""
]
}",direct_json,1.0,0.8333333333333334,0.9090909090909091,0.0,0,11.7,69.2,0.8,41.5,53.7,27009.5,82.9,9051.5,9163.2,"{'timestamp': '2026-09-15T06:02:07.707743+00:00', 'model_version': 'gemma4:latest', 'prompt_hash': 'a6af280e'}"
7,real_mixed_36,zs-en,254.61575508117676,26.99,0,0,"{""Persons"": [""Alexei Shirov"", ""Gari Kasparov"", ""Alexander Morozevich"", ""Michail Gurevich"", ""Etienne Bacrot"", ""Ivan Sokolov"", ""Kiril Georgiev"", ""Nigel Short"", ""Gary Kasparov"", ""Veselin Topalov"", ""Sergei Movsesian"", ""Evgeny Bareev"", ""Michael Adams""], ""Organizations"": [], ""Locations"": [""Sarajevo"", ""BIH"", ""BUL"", ""ING"", ""RUS"", ""ESP"", ""BEL"", ""FRA"", ""RCH""]}",direct_json,0.6363636363636364,0.6363636363636364,0.6363636363636364,0.0,0,10.5,100.0,1.1,60.0,72.3,24777.8,81.4,9051.5,9163.2,"{'timestamp': '2026-09-15T06:00:46.733079+00:00', 'model_version': 'gemma4:latest', 'prompt_hash': 'a6af280e'}"
7,real_mixed_37,zs-en,288.5031387805939,31.26,0,0,"{
""Persons"": [
""Rodrigo Rato"",
""Elvira Rodríguez"",
""José Benedicto"",
""Pedro Canals Palou""
],
""Organizations"": [
""Gobierno"",
""Cosultores de las Administraciones Públicas"",
""Caja Avila"",
""CCOO""
],
""Locations"": [
""Palma"",
""magrebíes"",
""Mallorca"",
""Marruecos""
]
}",direct_json,0.9166666666666666,0.7333333333333333,0.8148148148148148,0.0,0,8.5,100.0,0.7,57.3,72.3,25488.2,81.6,9051.5,9163.2,"{'timestamp': '2026-09-15T06:01:20.609761+00:00', 'model_version': 'gemma4:latest', 'prompt_hash': 'a6af280e'}"
7,real_mixed_38,zs-en,232.36816000938416,52.3,0,0,"{
""Persons"": [
""Claudio Suárez"",
""Osvaldo Sánchez"",
""Ricardo Peláez"",
""Rafael Puyó""
],
""Organizations"": [
""Guadalajara"",
""Toluca"",
""Chivas"",
""Atlas"",
""Asociación Empresarial de Operadores de Vinos de Mesa (AVIMES)"",
""Interprofesional de los Vinos de Mesa (IVIM)""
],
""Locations"": [
""Guadalajara"",
""Jalisco"",
""Madrid"",
""Barcelona""
]
}",direct_json,0.8571428571428571,0.6666666666666666,0.75,0.0,0,8.1,100.0,0.9,61.9,72.3,24262.4,81.2,9051.5,9163.2,"{'timestamp': '2026-09-15T06:00:24.480097+00:00', 'model_version': 'gemma4:latest', 'prompt_hash': 'a6af280e'}"
7,real_mixed_39,zs-en,249.14225792884827,30.48,0,0,"{
""Persons"": [
""Pedro Canals"",
""Benedicto"",
""Viruca Atanes Madrid""
],
""Organizations"": [
""juzgado de lo Social"",
""CCOO"",
""Fiscalía de Baleares""
],
""Locations"": []
}",direct_json,0.6666666666666666,0.5,0.5714285714285715,0.0,0,6.8,58.7,1.2,60.5,72.3,24637.3,81.3,9051.5,9163.2,"{'timestamp': '2026-09-15T06:00:41.240113+00:00', 'model_version': 'gemma4:latest', 'prompt_hash': 'a6af280e'}"
7,real_mixed_40,zs-en,105.2609601020813,53.68,0,0,"{""Persons"": [""Dennis Oswald"", ""Carlos Mayor Oreja""], ""Organizations"": [""ACNO"", ""COI"", ""ODEPA"", ""Comisión Ejecutiva del COI"", ""Consejería de Medio Ambiente"", ""Efe""], ""Locations"": [""Sydney""]}",direct_json,0.8888888888888888,0.5333333333333333,0.6666666666666667,0.0,0,12.4,100.0,1.0,37.3,60.8,28510.7,83.7,9051.5,9163.2,"{'timestamp': '2026-09-15T06:02:09.768042+00:00', 'model_version': 'gemma4:latest', 'prompt_hash': 'a6af280e'}"
8,real_mixed_41,zs-en,81.00153088569641,52.3,0,0,"{
""Persons"": [
""Adolfo Piñedo"",
""Franco González"",
""Paz González""
],
""Organizations"": [
""Ayuntamiento de Camargo"",
""Junta Vecinal de Maliaño"",
""EFE"",
""PSOE-Progresistas"",
""IU"",
""PP"",
""Asamblea"",
""Comisión de Presupuestos. Hacienda"",
""Gobierno"",
""Mesa de la Asamblea"",
""PSOE""
],
""Locations"": [
""Cantabria"",
""Madrid""
]
}",direct_json,1.0,0.8,0.888888888888889,0.0,0,10.4,50.0,1.7,53.0,62.2,22644.5,85.1,9051.5,9163.2,"{'timestamp': '2026-09-15T06:03:07.521028+00:00', 'model_version': 'gemma4:latest', 'prompt_hash': 'a6af280e'}"
8,real_mixed_42,zs-en,50.12942409515381,52.28,0,0,"{
""Persons"": [
""Pedro Martínez de la Rosa"",
""H. Frentzen"",
""E. Bernoldi"",
""G. Fisichella"",
""L. Burti"",
""J. Vesrtappen"",
""Pantano"",
""marqués de Griñón"",
""Carlos Falcó"",
""Luis Arroyo"",
""Alejandro Alonso""
],
""Organizations"": [
""Arrows"",
""Jordan"",
""Sauber"",
""Benetton"",
""Jaguar"",
""Universidad de Castilla-La Mancha"",
""Universidad regional""
],
""Locations"": [
""Mónaco"",
""Valencia"",
""Ciudad Real"",
""España"",
""Castilla-La Mancha""
]
}",direct_json,0.9565217391304348,0.7586206896551724,0.8461538461538461,0.0,0,8.0,45.1,2.0,56.5,61.9,23009.4,84.5,9051.5,9163.2,"{'timestamp': '2026-09-15T06:02:36.656131+00:00', 'model_version': 'gemma4:latest', 'prompt_hash': 'a6af280e'}"
8,real_mixed_43,zs-en,122.5123860836029,50.91,0,0,"{
""Persons"": [
""Bill Twehway"",
""Peter Twehway"",
""Christian D. Brownell"",
""Sidiki Fofana"",
""Zarylee M. Gbala"",
""Kanio Bai-Gbala"",
""Malcom Scott""
],
""Organizations"": [
""FrontPageAfrica"",
""Creative Developers Inc."",
""CDI"",
""National Port Authority"",
""NPA"",
""Global Tracking Management Service"",
""Liberia Anti-Corruption Commission"",
""Flaton"",
""ICC"",
""WAFDI"",
""BRILLIANT MAJU"",
""Booming Green"",
""Alpha Logging""
],
""Locations"": [
""MONROVIA"",
""Port of Buchanan"",
""Grand Bassa County""
]
}",direct_json,0.782608695652174,0.8181818181818182,0.8,0.0,0,9.8,50.0,1.3,48.1,62.2,22493.5,85.4,9051.5,9163.2,"{'timestamp': '2026-09-15T06:03:49.036002+00:00', 'model_version': 'gemma4:latest', 'prompt_hash': 'a6af280e'}"
8,real_mixed_44,zs-en,151.41899609565735,52.19,0,0,"{
""Persons"": [
""Joseph Kabila"",
""Francis Selemani""
],
""Organizations"": [
""Democratic Republic of Congo (DRC)"",
""BGFIBank DRC"",
""BGFIBank Group"",
""Sud Oil"",
""Platform to Protect Whistleblowers in Africa (PPLAAF)"",
""Mediapart"",
""The Sentry"",
""European Investigative Collaborations (EIC)"",
""Congo Research Group"",
""Congo Hold-up consortium"",
""Central Bank of Congo"",
""United Nations"",
""Gécamines""
],
""Locations"": [
""Kinshasa"",
""United States"",
""South Africa"",
""Gabon"",
""New York"",
""Washington, DC"",
""Johannesburg""
]
}",direct_json,0.7727272727272727,0.85,0.8095238095238095,0.0,0,8.7,45.1,1.4,47.1,62.2,22433.8,85.5,9051.5,9163.2,"{'timestamp': '2026-09-15T06:04:17.938887+00:00', 'model_version': 'gemma4:latest', 'prompt_hash': 'a6af280e'}"
8,real_mixed_45,zs-en,83.06186604499817,53.78,0,0,"{""Persons"": [""Francisco García Ramos"", ""Juan Manzano"", ""Julio Carmona"", ""Raúl Borrasca""], ""Organizations"": [""Banco Central"", ""Ministerio de Finanzas"", ""PSOE"", ""Ayuntamientos"", ""Junta de Extremadura"", ""Gobierno central""], ""Locations"": [""Don Benito"", ""Badajoz"", ""Villanueva de la Serena""]}",direct_json,0.9230769230769231,0.75,0.8275862068965517,0.0,0,9.3,45.1,1.8,52.7,62.2,22632.6,85.2,9051.5,9163.2,"{'timestamp': '2026-09-15T06:03:09.580670+00:00', 'model_version': 'gemma4:latest', 'prompt_hash': 'a6af280e'}"
9,real_mixed_46,zs-en,181.34812211990356,54.39,0,0,"{""Persons"": [], ""Organizations"": [""EFE"", ""FUERZAS ARMADAS"", ""PARLAMENTO catalán"", ""Gobierno"", ""CDC-UDC""], ""Locations"": [""Barcelona""]}",direct_json,0.8333333333333334,0.3333333333333333,0.47619047619047616,0.0,0,8.6,44.2,2.2,46.0,62.2,22372.5,85.6,9051.5,9163.2,"{'timestamp': '2026-09-15T06:04:48.828350+00:00', 'model_version': 'gemma4:latest', 'prompt_hash': 'a6af280e'}"
9,real_mixed_47,zs-en,179.7863428592682,52.41,0,0,"{
""Persons"": [
""Roberto Zambrano"",
""Boi Rodríguez"",
""José Luis Sandoval"",
""Powell"",
""Cory Powell"",
""Pedro Castellano"",
""Miguel Rubio"",
""Will Flyn"",
""Pete Harthman"",
""José Núñez"",
""Santos Hernández"",
""José Solarte"",
""Francisco Campos"",
""Will Flynt"",
""Ravelo Manzanillo""
],
""Organizations"": [
""Cancún"",
""Diablos"",
""Diablos Rojos"",
""Tigres"",
""Piratas de Campeche""
],
""Locations"": [
""Saltillo"",
""Laredos"",
""Yucatán"",
""Tabasco"",
""Monclova"",
""Madrid""
]
}",direct_json,0.7692307692307693,0.7142857142857143,0.7407407407407408,0.0,0,10.8,69.2,1.1,45.9,62.2,22375.3,85.6,9051.5,9163.2,"{'timestamp': '2026-09-15T06:04:47.281126+00:00', 'model_version': 'gemma4:latest', 'prompt_hash': 'a6af280e'}"
9,real_mixed_48,zs-en,221.18389081954956,52.85,0,0,"{
""Persons"": [
""Pablo Morales"",
""Casimiro Bellido""
],
""Organizations"": [
""Nuestra Señora del Romero"",
""Bavaria""
],
""Locations"": [
""Cascante"",
""Pamplona"",
""Tudela"",
""Bogotá""
]
}",direct_json,1.0,0.8,0.888888888888889,0.0,0,14.8,100.0,1.1,44.9,62.2,22343.7,85.7,9051.5,9163.2,"{'timestamp': '2026-09-15T06:05:28.659265+00:00', 'model_version': 'gemma4:latest', 'prompt_hash': 'a6af280e'}"
9,real_mixed_49,zs-en,204.47942399978638,52.22,0,0,"{
""Persons"": [
""Xabier Kalparsoro"",
""Manuel Alvarez"",
""Mauricio Pastor""
],
""Organizations"": [
""Audiencia Provincial de Vizcaya"",
""ETA"",
""Jefatura Superior de Policía de Bilbao"",
""Asociación Contra la Tortura"",
""ayuntamiento de Zumaia""
],
""Locations"": [
""Vizcaya"",
""Bilbao"",
""Durango"",
""Zumaia"",
""Guipúzcoa""
]
}",direct_json,0.8461538461538461,0.6111111111111112,0.7096774193548387,0.0,0,14.4,100.0,1.2,45.4,62.2,22350.1,85.7,9051.5,9163.2,"{'timestamp': '2026-09-15T06:05:11.962699+00:00', 'model_version': 'gemma4:latest', 'prompt_hash': 'a6af280e'}"
9,real_mixed_50,zs-en,223.26011514663696,53.73,0,0,"{""Persons"": [""José María Aznar"", ""Manuel Chaves"", ""Rafa Larreina""], ""Organizations"": [""EA"", ""PSE-EE"", ""Gobierno""], ""Locations"": [""Palacio de la Moncloa"", ""Palacio de la Magdalena de Santander"", ""Madrid"", ""París"", ""San Sebastián""]}",direct_json,0.9090909090909091,0.5263157894736842,0.6666666666666666,0.0,0,11.7,100.0,0.9,44.9,62.2,22341.2,85.7,9051.5,9163.2,"{'timestamp': '2026-09-15T06:05:30.746920+00:00', 'model_version': 'gemma4:latest', 'prompt_hash': 'a6af280e'}"
10,real_mixed_51,zs-en,223.67863488197327,52.58,0,0,"{
""Persons"": [
""Antonio de la Rosa"",
""José Pérez Cequera"",
""Andrés Hiniesta"",
""J. S. A.""
],
""Organizations"": [
""EFE"",
""Hospital Virgen del Rocío""
],
""Locations"": [
""Castilla. León"",
""Matacán"",
""Barajas"",
""Ecija"",
""Sevilla"",
""Vía de la Plata""
]
}",direct_json,0.8333333333333334,0.6666666666666666,0.7407407407407408,0.0,0,12.0,100.0,0.9,44.8,62.2,22177.5,86.0,9051.5,9163.2,"{'timestamp': '2026-09-15T06:05:51.428197+00:00', 'model_version': 'gemma4:latest', 'prompt_hash': 'a6af280e'}"
10,real_mixed_52,zs-en,260.6908791065216,52.63,0,0,"{
""Persons"": [
""Oviedo"",
""Stephen McFarland"",
""Walter Bower"",
""Teresa Castanedo"",
""Antonio Mérida"",
""Manolo Lama"",
""Roberto Brasero""
],
""Organizations"": [
""I División de Caballería"",
""Estados Unidos"",
""EFE"",
""Telemadrid"",
""Real Madrid"",
""Valencia""
],
""Locations"": [
""Paraguay"",
""Asunción"",
""Madrid"",
""París"",
""Cibeles"",
""Barajas"",
""Saint Denis""
}",direct_json,0.5,0.6190476190476191,0.5531914893617021,0.0,0,11.0,57.7,1.0,44.0,62.2,22192.0,86.0,9051.5,9163.2,"{'timestamp': '2026-09-15T06:06:28.447350+00:00', 'model_version': 'gemma4:latest', 'prompt_hash': 'a6af280e'}"
10,real_mixed_53,zs-en,225.80138897895813,54.18,0,0,"{""Persons"": [""Rato"", ""Summers""], ""Organizations"": [""Diputación Foral de Alava"", ""EFE""], ""Locations"": [""España"", ""Estados Unidos"", ""Vitoria"", ""Alava"", ""Lumbrier"", ""Navarra"", ""Valladolid""]}",direct_json,0.8181818181818182,0.5625,0.6666666666666666,0.0,0,8.4,50.0,1.0,44.9,62.2,22177.8,86.0,9051.5,9163.2,"{'timestamp': '2026-09-15T06:05:53.554896+00:00', 'model_version': 'gemma4:latest', 'prompt_hash': 'a6af280e'}"
10,real_mixed_54,zs-en,237.23795008659363,53.22,0,0,"{""Persons"": [""Carlos Sánchez Polo""], ""Organizations"": [""Agencia EFE"", ""EFE"", ""Junta""], ""Locations"": [""Mérida"", ""Extremadura"", ""Salvatierra de los Barros"", ""Badajoz""]}",direct_json,1.0,1.0,1.0,0.0,0,16.1,46.8,0.9,44.6,62.2,22178.5,86.1,9051.5,9163.2,"{'timestamp': '2026-09-15T06:06:04.976905+00:00', 'model_version': 'gemma4:latest', 'prompt_hash': 'a6af280e'}"
10,real_mixed_55,zs-en,262.74588322639465,53.98,0,0,"{""Persons"": [""Alfredo Sánchez Monteseirín""], ""Organizations"": [""Comité Olímpico Internacional"", ""COI""], ""Locations"": [""Sevilla"", ""Bizkaia"", ""Baleares"", ""Cádiz"", ""Córdoba"", ""Málaga"", ""Granada""]}",direct_json,0.8,0.4,0.5333333333333333,0.0,0,8.1,41.4,0.9,44.0,62.2,22194.0,86.0,9051.5,9163.2,"{'timestamp': '2026-09-15T06:06:30.501788+00:00', 'model_version': 'gemma4:latest', 'prompt_hash': 'a6af280e'}"
11,real_mixed_56,zs-en,310.32647824287415,52.3,0,0,"{
""Persons"": [
""Chirac"",
""Aznar"",
""José María Aznar""
],
""Organizations"": [
""Ayuntamiento de Toledo"",
""Escuela Taller de Restauración de Toledo""
],
""Locations"": [
""Lisboa"",
""Austria"",
""Portugal"",
""Toledo"",
""Reino Unido"",
""Dinamarca"",
""Suecia"",
""Francia"",
""Italia"",
""Finlandia"",
""América Latina"",
""Oriente Medio""
]
}",direct_json,0.8235294117647058,0.5384615384615384,0.6511627906976744,0.0,0,9.1,100.0,1.1,43.8,62.2,22213.3,86.0,9051.5,9163.2,"{'timestamp': '2026-09-15T06:07:20.142948+00:00', 'model_version': 'gemma4:latest', 'prompt_hash': 'a6af280e'}"
11,real_mixed_57,zs-en,281.9223680496216,50.61,0,0,"{
""Persons"": [
""Vicente del Bosque"",
""Fernando Hierro"",
""Iván Campo"",
""Karanka"",
""Iván Helguera"",
""Raúl"",
""Anelka"",
""Morientes"",
""Héctor Cúper"",
""Farinós"",
""Gerardo"",
""Piojo López"",
""Carlos Gardel""
],
""Organizations"": [
""Valencia"",
""Madrid"",
""Racing de Avellaneda"",
""Lazio""
],
""Locations"": [
""Roma"",
""Italia""
]
}",direct_json,1.0,0.9047619047619048,0.9500000000000001,0.0,0,12.2,100.0,0.9,43.9,62.2,22208.3,86.0,9051.5,9163.2,"{'timestamp': '2026-09-15T06:06:51.740201+00:00', 'model_version': 'gemma4:latest', 'prompt_hash': 'a6af280e'}"
11,real_mixed_58,zs-en,283.9879050254822,53.77,0,0,"{""Persons"": [""Juan Antonio Gómez Angulo"", ""Vicente del Bosque"", ""Emilio Butragueño"", ""Eduardo Zaplana""], ""Organizations"": [""EFE"", ""Real Madrid"", ""Valencia"", ""Consejo Superior de Deportes""], ""Locations"": [""París"", ""Saint Denis"", ""Versalles"", ""Chantilly"", ""Amsterdam"", ""Madrid""]}",direct_json,0.9285714285714286,0.7222222222222222,0.8125000000000001,0.0,0,8.5,76.0,0.9,44.0,62.2,22208.3,86.0,9051.5,9163.2,"{'timestamp': '2026-09-15T06:06:53.793077+00:00', 'model_version': 'gemma4:latest', 'prompt_hash': 'a6af280e'}"
11,real_mixed_59,zs-en,355.36479210853577,51.48,0,0,"{
""Persons"": [
""John C. Demers"",
""Matthew Schneider"",
""Vance R. Callender"",
""Dan Clutch"",
""Arash Yousefi Jam"",
""Amin Yousefi Jam"",
""Abdollah Momeni Roustani"",
""Arash Jam"",
""Amin Jam"",
""Abdollah Momeni"",
""Hank Moon"",
""Adam Barry""
],
""Organizations"": [
""Justice Department"",
""Homeland Security Investigations (HSI)"",
""U.S. Immigration and Customs Enforcement"",
""Department of Commerce"",
""Office of Export Enforcement (OEE)"",
""Eastern District of Michigan"",
""Office of International Affairs"",
""Commerce Department"",
""Counterintelligence and Export Control Section of the National Security Division""
],
""Locations"": [
""Iran"",
""United States"",
""U.S."",
""UAE"",
""Ontario"",
""Canada"",
""Michigan"",
""Ohio"",
""Chicago""
]
}",direct_json,0.7666666666666667,0.8846153846153846,0.8214285714285715,0.0,0,10.0,76.0,0.9,43.1,62.2,22207.9,86.0,9051.5,9163.2,"{'timestamp': '2026-09-15T06:08:05.164044+00:00', 'model_version': 'gemma4:latest', 'prompt_hash': 'a6af280e'}"
11,real_mixed_60,zs-en,286.0304892063141,54.01,0,0,"{""Persons"": [""Juan Luis Font""], ""Organizations"": [""El Periódico"", ""Siglo Veintiuno"", ""Nuestro Diario"", ""Guatemala Flash"", ""Relaciones Públicas de la Presidencia"", ""Secretaría de Comunicación Social de la Presidencia"", ""Ministerio Público"", ""Estado Mayor Presidencial ( EMP)""], ""Locations"": [""Santiago de Compostela""]}",direct_json,1.0,0.7142857142857143,0.8333333333333333,0.0,0,8.6,76.0,1.1,44.1,62.2,22207.9,86.0,9051.5,9163.2,"{'timestamp': '2026-09-15T06:06:55.829545+00:00', 'model_version': 'gemma4:latest', 'prompt_hash': 'a6af280e'}"
12,real_mixed_61,zs-en,333.0654649734497,50.91,0,0,"{
""Persons"": [
""Merrick B. Garland"",
""Artie McConnell"",
""Scott A. Claffee"",
""Yury Orekhov"",
""Artem Uss"",
""Svetlana Kuzurgasheva"",
""Lana Neumann"",
""Timofey Telegin"",
""Sergey Tulyakov"",
""Juan Fernando Serrano Ponce"",
""Juan Carlos Soto"",
""Breon Peace""
],
""Organizations"": [
""Justice Department"",
""Task Force KleptoCapture"",
""U.S. Attorneys’ Offices for the Eastern District of New York"",
""U.S. District Court for the District of Connecticut"",
""FBI"",
""Petroleos de Venezuela S.A. (PDVSA)"",
""Nord-Deutsche Industrieanlagenbau GmbH (NDA GmbH)"",
""Office of International Affairs"",
""U.S. Department of Commerce""
],
""Locations"": [
""Russia"",
""Ukraine"",
""United States"",
""Venezuela"",
""Germany"",
""Italy"",
""Latvia"",
""Estonia"",
""Europe"",
""Hamburg"",
""Krasnoyarsk Krai"",
""Beijing"",
""China""
]
}",direct_json,0.6470588235294118,0.6111111111111112,0.6285714285714287,0.029411764705882353,1,7.0,76.0,1.2,42.8,54.4,22236.3,86.0,9051.5,9163.2,"{'timestamp': '2026-09-15T06:09:51.063553+00:00', 'model_version': 'gemma4:latest', 'prompt_hash': 'a6af280e'}"
12,real_mixed_62,zs-en,269.2017858028412,52.36,0,0,"{
""Persons"": [
""Cristina Narbona"",
""Emanuele Leone"",
""Paloma Aguirre""
],
""Organizations"": [
""PSOE-Progresistas"",
""Comisión de Medio Ambiente"",
""Ayuntamiento de Madrid"",
""Museo Extremeño. Iberoamericano de Arte Contemporáneo ( MEIAC )"",
""Unión Temporal de Empresas ( UTE )"",
""4. L""
],
""Locations"": [
""Madrid"",
""Badajoz"",
""Lisboa"",
""Barcelona"",
""Extremadura""
]
}",direct_json,0.7857142857142857,0.6111111111111112,0.6875000000000001,0.0,0,9.0,100.0,1.0,42.9,51.8,22244.0,86.0,9051.5,9163.2,"{'timestamp': '2026-09-15T06:08:47.185700+00:00', 'model_version': 'gemma4:latest', 'prompt_hash': 'a6af280e'}"
12,real_mixed_63,zs-en,244.9053111076355,52.74,0,0,"{
""Persons"": [
""PUTIN""
],
""Organizations"": [
""El Ejército de Sri Lanka"",
""Tigres de Liberación de la Patria Tamil"",
""Comunidad postsoviética"",
""EFE"",
""CEI"",
""Sociedad de Oncología Clínica"",
""EFECOM""
],
""Locations"": [
""Jafna"",
""Sri Lanka"",
""Minsk"",
""SRI LANKA"",
""Rusia"",
""Nueva Orleáns"",
""EEUU"",
""Barcelona""
]
}",direct_json,0.6875,0.7333333333333333,0.7096774193548386,0.0,0,7.5,100.0,1.2,42.1,51.8,22244.7,86.0,9051.5,9163.2,"{'timestamp': '2026-09-15T06:08:22.886131+00:00', 'model_version': 'gemma4:latest', 'prompt_hash': 'a6af280e'}"
12,real_mixed_64,zs-en,290.957377910614,54.71,0,0,"{""Persons"": [], ""Organizations"": [""ayuntamiento de Mollet del Vallés"", ""EFE""], ""Locations"": [""Mollet del Vallés"", ""Barcelona""]}",direct_json,0.75,0.75,0.75,0.0,0,9.2,100.0,1.0,43.3,54.4,22244.4,86.0,9051.5,9163.2,"{'timestamp': '2026-09-15T06:09:08.927877+00:00', 'model_version': 'gemma4:latest', 'prompt_hash': 'a6af280e'}"
12,real_mixed_65,zs-en,289.42051005363464,52.17,0,0,"{
""Persons"": [],
""Organizations"": [
""Caixa Catalunya"",
""AIAF"",
""Universidad del País Vasco"",
""Vicerrectorado del Campus de Guipúzcoa"",
""departamento vasco de Interior"",
""Efe"",
""ETA""
],
""Locations"": [
""San Sebastián"",
""Guipúzcoa""
]
}",direct_json,0.6666666666666666,0.5454545454545454,0.6,0.0,0,9.2,100.0,1.3,43.3,54.4,22244.1,86.0,9051.5,9163.2,"{'timestamp': '2026-09-15T06:09:07.393545+00:00', 'model_version': 'gemma4:latest', 'prompt_hash': 'a6af280e'}"
13,real_mixed_66,zs-en,263.3099539279938,53.44,0,0,"{""Persons"": [""Juan Pereiro"", ""Wolfgang Schuessel"", ""Antonio Guterres""], ""Organizations"": [""Ayuntamiento de San Martín del Rey Aurelio"", ""Administración Regional"", ""Partido Popular (OEVP)"", ""Consejo de la UE"", ""Unión Europea (UE)""], ""Locations"": [""Fradera"", ""El Entrego"", ""Viena"", ""Las Azores"", ""Portugal"", ""Austria"", ""Italia"", ""Irlanda"", ""Francia"", ""Alemania""]}",direct_json,0.6111111111111112,0.4230769230769231,0.5,0.0,0,8.6,100.0,0.9,43.5,54.8,22242.1,86.0,9051.5,9163.2,"{'timestamp': '2026-09-15T06:09:54.107169+00:00', 'model_version': 'gemma4:latest', 'prompt_hash': 'a6af280e'}"
13,real_mixed_67,zs-en,381.182728767395,28.87,0,0,"{
""Persons"": [
""Cuevas"",
""Iñaqui Ordóñez"",
""Ordóñez Mañas"",
""Manolo Cadenas"",
""Hernández"",
""Canca"",
""Bartok"",
""Iker Romero""
],
""Organizations"": [
""CEOE"",
""Radio León"",
""Caja España Ademar"",
""Elgorriaga Bidasoa"",
""EFE""
],
""Locations"": [
""Francia"",
""Italia"",
""Alemania"",
""Europa"",
""España"",
""León"",
""UE""
]
}",direct_json,0.9,0.8181818181818182,0.8571428571428572,0.0,0,10.4,100.0,0.9,40.2,55.2,23710.4,86.6,9051.5,9163.2,"{'timestamp': '2026-09-15T06:11:51.977720+00:00', 'model_version': 'gemma4:latest', 'prompt_hash': 'a6af280e'}"
13,real_mixed_68,zs-en,333.63650274276733,23.78,0,0,"{""Persons"": [""Arash Yousefi Jam"", ""Abdollah Momeni Roustani"", ""Stephen J. Murphy"", ""Hank Moon"", ""Adam Barry""], ""Organizations"": [""U.S."", ""International Emergency Economic Powers Act"", ""Iranian Transactions and Sanctions Regulations"", ""U.S. companies"", ""Homeland Security Investigations"", ""Commerce Department’s Office of Export Enforcement"", ""Justice Department’s National Security Division"", ""Criminal Division’s Office of International Affairs""], ""Locations"": [""Iran"", ""Canada"", ""Ontario"", ""Michigan"", ""United States"", ""United Arab Emirates"", ""Eastern District of Michigan""]}",direct_json,0.85,0.8947368421052632,0.8717948717948718,0.0,0,10.4,76.0,0.9,43.2,55.2,22979.5,86.2,9051.5,9163.2,"{'timestamp': '2026-09-15T06:11:04.424099+00:00', 'model_version': 'gemma4:latest', 'prompt_hash': 'a6af280e'}"
13,real_mixed_69,zs-en,290.0388488769531,52.32,0,0,"{
""Persons"": [
""Fernando Zambrano"",
""Solari"",
""Kiko"",
""Anna Kournikova"",
""Lorenzo Sanz"",
""Vicente Del Bosque"",
""Guardiola"",
""Figo"",
""Rivaldo"",
""Víctor Fernández""
],
""Organizations"": [
""EFE"",
""Real Madrid"",
""Valencia"",
""Marca"",
""Espanyol"",
""Atlético de Madrid"",
""As"",
""Barcelona"",
""Juventus"",
""Mundo Deportivo"",
""Celta""
],
""Locations"": [
""Madrid"",
""París"",
""Mallorca""
}",direct_json,0.5238095238095238,0.7857142857142857,0.6285714285714286,0.0,0,9.6,76.0,0.9,44.5,55.2,22226.2,86.0,9051.5,9163.2,"{'timestamp': '2026-09-15T06:10:20.845129+00:00', 'model_version': 'gemma4:latest', 'prompt_hash': 'a6af280e'}"
13,real_mixed_70,zs-en,327.05030488967896,31.79,0,0,"{
""Persons"": [
""Alberto Fernández"",
""Luis de Grandes"",
""Jorge Fernández"",
""Mariano Rajoy"",
""Javier Arenas"",
""Eduardo Zaplana"",
""José A. Delgado"",
""Miguel Sanz"",
""Mario Monti"",
""Garzain""
],
""Organizations"": [
""PP"",
""Parlament"",
""Congreso"",
""Generalitat valenciana"",
""Gobierno de Navarra""
],
""Locations"": [
""Madrid"",
""Cataluña"",
""Bruselas"",
""Navarra"",
""Pamplona""
]
}",direct_json,0.9,0.72,0.7999999999999999,0.0,0,10.8,100.0,0.9,43.2,55.2,22856.2,86.2,9051.5,9163.2,"{'timestamp': '2026-09-15T06:10:57.851480+00:00', 'model_version': 'gemma4:latest', 'prompt_hash': 'a6af280e'}"
14,real_mixed_71,zs-en,422.69346499443054,52.37,0,0,"{
""Persons"": [
""Alberto Flamarique"",
""Luis Vázquez Villamor"",
""Silvio Ferreyra Fernández""
],
""Organizations"": [
""Mercosur"",
""Organización Internacional del Trabajo (OIT)""
],
""Locations"": [
""Bolivia"",
""Chile"",
""Ginebra"",
""Paraguay""
]
}",direct_json,0.6666666666666666,0.42857142857142855,0.5217391304347826,0.0,0,8.4,76.0,1.0,40.4,55.2,23593.3,86.4,9051.5,9163.2,"{'timestamp': '2026-09-15T06:13:33.239712+00:00', 'model_version': 'gemma4:latest', 'prompt_hash': 'a6af280e'}"
14,real_mixed_72,zs-en,380.6262230873108,52.46,0,0,"{
""Persons"": [
""Corín Tellado"",
""Miguel de Cervantes"",
""Luis Sepúlveda"",
""Rosa Regás"",
""Mario Delgado"",
""Vicente Alvarez Areces"",
""Paz Fernández Felgueroso""
],
""Organizations"": [
""EFE"",
""Salón del Libro Iberoamericano"",
""Principado de Asturias""
],
""Locations"": [
""Gijón"",
""España"",
""Uruguay""
]
}",direct_json,0.9230769230769231,0.7058823529411765,0.8000000000000002,0.0,0,11.7,100.0,0.8,40.5,55.2,23760.5,86.5,9051.5,9163.2,"{'timestamp': '2026-09-15T06:12:51.178672+00:00', 'model_version': 'gemma4:latest', 'prompt_hash': 'a6af280e'}"
14,real_mixed_73,zs-en,401.5176148414612,52.43,0,0,"{
""Persons"": [
""Mariano Rajoy"",
""Diego López Garrido"",
""Cardenal""
],
""Organizations"": [
""EFE"",
""Consejo de RTVE"",
""Junta Electoral Central"",
""Consejo de Universidades"",
""PNV""
],
""Locations"": [
""Madrid""
]
}",direct_json,1.0,0.5625,0.72,0.0,0,7.1,76.0,0.9,40.5,55.2,23675.6,86.4,9051.5,9163.2,"{'timestamp': '2026-09-15T06:13:12.067767+00:00', 'model_version': 'gemma4:latest', 'prompt_hash': 'a6af280e'}"
14,real_mixed_74,zs-en,343.18859004974365,51.06,0,0,"{
""Persons"": [
""Manceñido"",
""José Alfonso Martos"",
""Celia Villalobos""
],
""Organizations"": [
""Consejo General del Colegio de Farmacéuticos"",
""EFE"",
""Satse"",
""Insalud"",
""CCAA"",
""Organización Mundial de la Salud (OMS)""
],
""Locations"": [
""España"",
""Madrid""
]
}",direct_json,1.0,0.9166666666666666,0.9565217391304348,0.0,0,10.8,87.5,0.9,40.5,55.2,23948.1,86.5,9051.5,9163.2,"{'timestamp': '2026-09-15T06:12:13.735931+00:00', 'model_version': 'gemma4:latest', 'prompt_hash': 'a6af280e'}"
14,real_mixed_75,zs-en,359.5211458206177,52.76,0,0,"{
""Persons"": [],
""Organizations"": [
""EFE"",
""Kwoon Saholin""
],
""Locations"": [
""Sestao"",
""Vizcaya"",
""Las Llanas""
]
}",direct_json,0.8,0.8,0.8000000000000002,0.0,0,7.3,76.0,1.0,40.7,55.2,23863.8,86.5,9051.5,9163.2,"{'timestamp': '2026-09-15T06:12:30.062555+00:00', 'model_version': 'gemma4:latest', 'prompt_hash': 'a6af280e'}"
15,real_mixed_76,zs-en,458.1172070503235,53.17,0,0,"{
""Persons"": [],
""Organizations"": [
""TELEDIARIO-4"",
""LEONELA"",
""GENTE"",
""UEFA CHAMPIONS LEAGUE"",
""EURONEWS"",
""TRAVESIA DE LAPONIA"",
""KOLA""
],
""Locations"": []
}",direct_json,0.0,0.0,0.0,0.0,0,7.3,66.7,0.8,40.5,55.2,23443.4,86.4,9051.5,9163.2,"{'timestamp': '2026-09-15T06:15:43.305973+00:00', 'model_version': 'gemma4:latest', 'prompt_hash': 'a6af280e'}"
15,real_mixed_77,zs-en,356.49606132507324,52.29,0,0,"{
""Persons"": [
""Wieczorek-Zeul"",
""Carlos Lage"",
""Felipe Pérez Roque"",
""Marta Lomas"",
""Carlos Dotres"",
""Luis Gómez Echeverri"",
""Elizardo Sánchez"",
""Marcelino Iglesias"",
""José Angel Biel"",
""Javier Callizo"",
""Javier Lambán""
],
""Organizations"": [
""Gobierno cubano"",
""plan nacional de Cuba"",
""Escuela Latinoamericana de Medicina"",
""gobierno alemán"",
""Programa de Naciones Unidas para el Desarrollo (PNUD)"",
""Comisión Cubana de Derechos Humanos. Reconciliación Nacional (CCDHRN)"",
""EFE"",
""Casas. Centros Aragoneses de España"",
""Gobierno de Aragón"",
""Diputación de Zaragoza""
],
""Locations"": [
""Cuba"",
""Alemania"",
""Fuentes de Ebro"",
""Zaragoza"",
""España"",
""Aragón""
]
}",direct_json,0.7037037037037037,0.8260869565217391,0.76,0.0,0,7.1,50.0,0.8,40.7,55.2,23830.7,86.5,9051.5,9163.2,"{'timestamp': '2026-09-15T06:14:01.711748+00:00', 'model_version': 'gemma4:latest', 'prompt_hash': 'a6af280e'}"
15,real_mixed_78,zs-en,445.95881819725037,51.87,0,0,"{
""Persons"": [
""Joseph Kabila"",
""Kabila""
],
""Organizations"": [
""Kwanza Capital"",
""The Sentry"",
""Financial Action Task Force (FATF)"",
""Congolese government""
],
""Locations"": [
""Kinshasa"",
""Democratic Republic of Congo"",
""Congo"",
""U.S."",
""France""
]
}",direct_json,0.5454545454545454,0.8571428571428571,0.6666666666666665,0.0,0,8.6,100.0,0.8,40.5,55.2,23477.6,86.4,9051.5,9163.2,"{'timestamp': '2026-09-15T06:15:31.162110+00:00', 'model_version': 'gemma4:latest', 'prompt_hash': 'a6af280e'}"
15,real_mixed_79,zs-en,419.59985995292664,51.63,0,0,"{
""Persons"": [
""Nathaniel McGill"",
""Sayma Syrenius Cephus"",
""Bill Twehway"",
""Brian E. Nelson"",
""George Weah""
],
""Organizations"": [
""U.S. Department of the Treasury"",
""Office of Foreign Assets Control (OFAC)"",
""Global Magnitsky Human Rights Accountability Act"",
""National Port Authority (NPA)""
],
""Locations"": [
""WASHINGTON"",
""Liberia"",
""United States""
]
}",direct_json,0.6666666666666666,0.6666666666666666,0.6666666666666666,0.0,0,9.9,100.0,0.8,40.5,55.2,23562.3,86.5,9051.5,9163.2,"{'timestamp': '2026-09-15T06:15:04.806648+00:00', 'model_version': 'gemma4:latest', 'prompt_hash': 'a6af280e'}"
15,real_mixed_80,zs-en,394.4893090724945,51.76,0,0,"{
""Persons"": [
""Eriks Mamonovs"",
""Vadims Ananics"",
""Stanislav Romanyuk"",
""Janis Uzbalis"",
""Vanessa Roberts Avery"",
""Rahul Kale"",
""Konstantin Lantsman"",
""Matthew Anzaldi""
],
""Organizations"": [
""CNC Weld"",
""BY Trade OU"",
""HSI"",
""Department of Commerce"",
""FBI"",
""U.S. Department of Commerce"",
""Office of Export Enforcement"",
""Prosecutor-General’s Offices of the Republic of Latvia"",
""Estonian Tax and Customs Board"",
""Latvian State Revenue Service"",
""Latvian State Police"",
""Justice Department’s Office of International Affairs"",
""Justice Department’s Task Force KleptoCapture"",
""Office of the Deputy Attorney General""
],
""Locations"": [
""United States"",
""District of Connecticut"",
""Latvia"",
""Ukraine"",
""Estonia"",
""Russia"",
""Connecticut"",
""European Union"",
""New Haven"",
""Portland (Ore.)"",
""The Hague"",
""Netherlands"",
""Boston""
]
}",direct_json,0.6571428571428571,0.8214285714285714,0.73015873015873,0.0,0,7.2,43.3,0.8,41.1,55.2,23660.0,86.5,9051.5,9163.2,"{'timestamp': '2026-09-15T06:14:39.720340+00:00', 'model_version': 'gemma4:latest', 'prompt_hash': 'a6af280e'}"
16,real_mixed_81,zs-en,380.14007210731506,53.71,0,0,"{""Persons"": [""José Zamarriego"", ""Juliana Fariñas"", ""José Luis Vega"", ""Inés Fernández""], ""Organizations"": [""Junta Electoral del Ilustre Colegio de Oficial de Médicos de Madrid"", ""ICOMEM"", ""Colegio de Médicos de Madrid""], ""Locations"": [""Madrid"", ""Castilla-La Mancha"", ""España""]}",direct_json,0.9,0.6428571428571429,0.75,0.0,0,7.0,43.3,0.9,39.9,55.2,23676.9,86.5,9051.5,9163.2,"{'timestamp': '2026-09-15T06:16:11.253485+00:00', 'model_version': 'gemma4:latest', 'prompt_hash': 'a6af280e'}"
16,real_mixed_82,zs-en,378.00534987449646,52.42,0,0,"{
""Persons"": [
""Milosevic"",
""Máximo Cajal"",
""Guillermo Ruiz Polanco"",
""Rigoberta Menchú"",
""Gregorio Yujá""
],
""Organizations"": [
""Gobierno yugoslavo"",
""Audiencia Nacional"",
""España""
],
""Locations"": [
""Belgrado"",
""Madrid"",
""Guatemala"",
""Quiché"",
""PIRINEO"",
""La Seu d'Urgell"",
""Lleida""
]
}",direct_json,0.8,0.7058823529411765,0.7500000000000001,0.0,0,7.0,50.0,0.9,39.9,55.2,23684.7,86.5,9051.5,9163.2,"{'timestamp': '2026-09-15T06:16:09.110596+00:00', 'model_version': 'gemma4:latest', 'prompt_hash': 'a6af280e'}"
16,real_mixed_83,zs-en,354.29051518440247,54.1,0,0,"{""Persons"": [""Antonio Varriale"", ""Iván Parra"", ""Karsten Kroon"", ""Angel Vicioso"", ""Davor Suker""], ""Organizations"": [""Panaria"", ""Real Madrid"", ""Valencia""], ""Locations"": [""Padua"", ""Zagreb"", ""París""]}",direct_json,1.0,0.8461538461538461,0.9166666666666666,0.0,0,6.9,43.3,0.8,39.0,55.2,23796.6,86.6,9051.5,9163.2,"{'timestamp': '2026-09-15T06:15:45.396270+00:00', 'model_version': 'gemma4:latest', 'prompt_hash': 'a6af280e'}"
16,real_mixed_84,zs-en,356.23754501342773,53.4,0,0,"{""Persons"": [""Thomas Middelhoff"", ""Miguel García-Durán""], ""Organizations"": [""Bertelsmann"", ""Telefónica"", ""Antena-3 Televisión"", ""Grupo Telefónica""], ""Locations"": [""Madrid"", ""Albacete""]}",direct_json,1.0,0.7272727272727273,0.8421052631578948,0.0,0,8.5,100.0,0.8,39.0,55.2,23786.7,86.6,9051.5,9163.2,"{'timestamp': '2026-09-15T06:15:47.345455+00:00', 'model_version': 'gemma4:latest', 'prompt_hash': 'a6af280e'}"
16,real_mixed_85,zs-en,382.0393297672272,53.85,0,0,"{""Persons"": [""Joaquín Almería"", ""Miki Tzavella"", ""Costas Simitis"", ""Dimitris Reppas"", ""Theodore Pangalos""], ""Organizations"": [""Nueva Democracia""], ""Locations"": [""Atenas"", ""Grecia""]}",direct_json,0.875,0.7777777777777778,0.823529411764706,0.125,1,10.0,100.0,0.9,40.0,55.2,23668.9,86.5,9051.5,9163.2,"{'timestamp': '2026-09-15T06:16:13.139507+00:00', 'model_version': 'gemma4:latest', 'prompt_hash': 'a6af280e'}"
17,real_mixed_86,zs-en,338.57746291160583,52.29,0,0,"{
""Persons"": [
""Francesc Salvatella"",
""Pol Amat"",
""Joaquín Calvo"",
""Xavi Arnau""
],
""Organizations"": [
""Egara"",
""Real Club de Polo"",
""Federación Española"",
""Federación Catalana"",
""Atlétic Terrassa""
],
""Locations"": [
""Barcelona"",
""San Sebastián""
]
}",direct_json,0.8181818181818182,0.6428571428571429,0.7200000000000001,0.0,0,9.8,66.7,0.8,43.6,58.7,22171.1,86.0,9051.5,9163.2,"{'timestamp': '2026-09-15T06:17:30.596257+00:00', 'model_version': 'gemma4:latest', 'prompt_hash': 'a6af280e'}"
17,real_mixed_87,zs-en,291.01873207092285,52.59,0,0,"{
""Persons"": [
""Zambrano"",
""Emilio Oliva Calahorra""
],
""Organizations"": [
""Rayo Vallecano"",
""Atlético de Madrid"",
""EFE""
],
""Locations"": [
""España"",
""LA RIOJA"",
""La Rioja""
]
}",direct_json,0.875,0.6363636363636364,0.7368421052631579,0.0,0,9.5,100.0,1.1,44.3,58.7,22173.7,86.0,9051.5,9163.2,"{'timestamp': '2026-09-15T06:16:43.045027+00:00', 'model_version': 'gemma4:latest', 'prompt_hash': 'a6af280e'}"
17,real_mixed_88,zs-en,273.78217697143555,53.22,0,0,"{
""Persons"": [],
""Organizations"": [
""PP"",
""Diputación"",
""Junta"",
""UEX"",
""Asociación para el Desarrollo Rural Jerez-Sierra Suroeste""
],
""Locations"": [
""Badajoz"",
""Mérida"",
""Casar de Palomero""
]
}",direct_json,0.875,0.875,0.875,0.0,0,6.9,43.3,1.1,43.6,58.7,22181.9,86.0,9051.5,9163.2,"{'timestamp': '2026-09-15T06:16:25.804159+00:00', 'model_version': 'gemma4:latest', 'prompt_hash': 'a6af280e'}"
17,real_mixed_89,zs-en,293.02512192726135,51.6,0,0,"{""Persons"": [""Sabin Intxaurraga"", ""Fernando Maura""], ""Organizations"": [""Partido Popular"", ""Gobierno vasco"", ""Consejo Económico. Social ( CES )"", ""Parlamento Vasco"", ""PP"", ""Administración""], ""Locations"": [""Bilbao"", ""vasco""]}",direct_json,0.8,0.5714285714285714,0.6666666666666666,0.0,0,10.5,100.0,1.1,44.3,58.7,22172.9,86.0,9051.5,9163.2,"{'timestamp': '2026-09-15T06:16:45.048569+00:00', 'model_version': 'gemma4:latest', 'prompt_hash': 'a6af280e'}"
17,real_mixed_90,zs-en,315.7420508861542,51.61,0,0,"{
""Persons"": [
""Miguel Angel Vives"",
""Augusto Méndez de Lugo"",
""Pedro Pacheco""
],
""Organizations"": [
""asociación"",
""Liga de Campeones"",
""Real Madrid"",
""Valencia"",
""Tribunal Superior de Justicia de Andalucía"",
""cofradía de San Vicente Mártir""
],
""Locations"": [
""Villafranca"",
""Extremadura"",
""Valencia"",
""Saint Denis"",
""París"",
""Comunidad Valenciana"",
""Navarrés"",
""Onteniente"",
""Alicante"",
""Granada"",
""Los Garciagos"",
""Jerez"",
""Andalucía""
]
}",direct_json,0.7727272727272727,0.7727272727272727,0.7727272727272727,0.0,0,12.1,100.0,0.9,44.2,58.7,22171.5,86.0,9051.5,9163.2,"{'timestamp': '2026-09-15T06:17:07.789610+00:00', 'model_version': 'gemma4:latest', 'prompt_hash': 'a6af280e'}"
18,real_mixed_91,zs-en,287.9252710342407,52.47,0,0,"{
""Persons"": [
""Paca Sauquillo"",
""Manuel Carmena"",
""Carmen Alborch"",
""Carmen Romero"",
""Eduardo Corchero"",
""Guillermo Fernández Vara""
],
""Organizations"": [
""ORT"",
""PSOE"",
""Hospital \"" Infanta Cristina \""""
],
""Locations"": [
""Madrid"",
""Badajoz"",
""Extremadura""
]
}",direct_json,1.0,0.7058823529411765,0.8275862068965517,0.0,0,8.2,100.0,1.3,45.6,58.7,22084.1,86.1,9051.5,9163.2,"{'timestamp': '2026-09-15T06:18:21.216649+00:00', 'model_version': 'gemma4:latest', 'prompt_hash': 'a6af280e'}"
18,real_mixed_92,zs-en,325.51586985588074,52.33,0,0,"{
""Persons"": [
""Freeh"",
""Serrano"",
""Pedro Albizu Campos"",
""Cecil Snyder"",
""Edgar Hoover"",
""Albizu"",
""Luis Muñoz Marín""
],
""Organizations"": [
""Partido Nacionalista de Puerto Rico"",
""FBI"",
""Daily News""
],
""Locations"": [
""El Bronx"",
""Nueva York"",
""Washington"",
""Puerto Rico"",
""EEUU"",
""Atlanta"",
""San Juan""
]
}",direct_json,0.8823529411764706,0.7142857142857143,0.7894736842105262,0.0,0,6.7,59.2,1.0,44.9,58.7,22081.3,86.1,9051.5,9163.2,"{'timestamp': '2026-09-15T06:18:58.811863+00:00', 'model_version': 'gemma4:latest', 'prompt_hash': 'a6af280e'}"
18,real_mixed_93,zs-en,300.08061122894287,52.79,0,0,"{
""Persons"": [
""Antonio Gana"",
""Ricardo Puno"",
""Joseph Estrada""
],
""Organizations"": [
""Philippine Airlines"",
""PAL"",
""DZMM"",
""Oficina de Aviación Civil"",
""DZRB""
],
""Locations"": [
""Manila"",
""Antipolo"",
""Davao"",
""Mindanao"",
""Jerusalén""
]
}",direct_json,1.0,0.8666666666666667,0.9285714285714286,0.0,0,8.9,81.8,1.2,45.3,58.7,22086.5,86.1,9051.5,9163.2,"{'timestamp': '2026-09-15T06:18:33.362435+00:00', 'model_version': 'gemma4:latest', 'prompt_hash': 'a6af280e'}"
18,real_mixed_94,zs-en,266.7619969844818,52.19,0,0,"{""Persons"": [""Charles Taylor"", ""Redondo"", ""McManaman"", ""Raul"", ""Di Stefano"", ""Kopa"", ""Cuper"", ""Moriente""], ""Organizations"": [""Naciones Unidas"", ""EFE"", ""Real Madrid"", ""Valencia"", ""Barcelona"", ""Lazio"", ""la Gazzetta dello Sport"", ""Corriere dellos Sport"", ""Corriere dello Sport""], ""Locations"": [""Roma"", ""España""]}",direct_json,1.0,0.8636363636363636,0.9268292682926829,0.0,0,7.8,59.4,1.2,45.1,58.7,22082.4,86.1,9051.5,9163.2,"{'timestamp': '2026-09-15T06:18:00.050307+00:00', 'model_version': 'gemma4:latest', 'prompt_hash': 'a6af280e'}"
18,real_mixed_95,zs-en,238.86209201812744,53.79,0,0,"{""Persons"": [], ""Organizations"": [""EFECOM"", ""institución ferial bilbaína""], ""Locations"": [""Bilbao"", ""Castilla. León"", ""Benissa"", ""Torremolinos"", ""Málaga"", ""Madrid""]}",direct_json,0.875,0.875,0.875,0.0,0,7.6,100.0,1.3,44.0,58.7,22089.0,86.1,9051.5,9163.2,"{'timestamp': '2026-09-15T06:17:32.149304+00:00', 'model_version': 'gemma4:latest', 'prompt_hash': 'a6af280e'}"
19,real_mixed_96,zs-en,271.17111897468567,52.51,0,0,"{
""Persons"": [
""Kily González"",
""Jorge Candel"",
""Héctor Cúper""
],
""Organizations"": [
""Eurobank"",
""BCR"",
""Valencia"",
""Real Madrid""
],
""Locations"": [
""París"",
""Estocolmo"",
""Suiza"",
""Luxemburgo"",
""Francia"",
""Argentina"",
""Madrid""
]
}",direct_json,0.6428571428571429,0.6428571428571429,0.6428571428571429,0.0,0,10.2,73.0,1.2,47.0,58.7,22101.2,86.1,9051.5,9163.2,"{'timestamp': '2026-09-15T06:20:14.535126+00:00', 'model_version': 'gemma4:latest', 'prompt_hash': 'a6af280e'}"
19,real_mixed_97,zs-en,251.53229212760925,53.78,0,0,"{""Persons"": [""Zambrano"", ""Del Bosque""], ""Organizations"": [""Real Madrid"", ""Agencia Efe"", ""Atlético"", ""Ayuntamiento""], ""Locations"": [""Madrid""]}",direct_json,1.0,0.5384615384615384,0.7000000000000001,0.0,0,8.3,100.0,1.1,47.6,58.7,22094.7,86.1,9051.5,9163.2,"{'timestamp': '2026-09-15T06:19:54.893461+00:00', 'model_version': 'gemma4:latest', 'prompt_hash': 'a6af280e'}"
19,real_mixed_98,zs-en,225.32870507240295,52.19,0,0,"{
""Persons"": [
""Anne Gazeau-Secret"",
""Antoine Lahad"",
""Jacques Chirac"",
""Emile Lahoud"",
""Ehud Barak"",
""Hafed El Asad"",
""Kofi Annan""
],
""Organizations"": [
""Ministerio francés de Asuntos Exteriores"",
""Ejército del Sur del Líbano (ESL)"",
""Hizbulá"",
""Palacio del Elíseo"",
""ONU"",
""Consejo de Seguridad"",
""Fuerza Interina de Naciones Unidas en el Líbano (FINUL)"",
""Le Figaro""
],
""Locations"": [
""Francia"",
""París"",
""Israel"",
""Líbano"",
""Tel Aviv"",
""Oriente Medio"",
""Siria""
}",direct_json,0.43333333333333335,0.38235294117647056,0.40625,0.0,0,6.9,59.2,1.0,48.2,58.7,22085.1,86.1,9051.5,9163.2,"{'timestamp': '2026-09-15T06:19:28.713198+00:00', 'model_version': 'gemma4:latest', 'prompt_hash': 'a6af280e'}"
19,real_mixed_99,zs-en,250.1239230632782,54.18,0,0,"{""Persons"": [""José Luis Díez"", ""Francisco Muñoz""], ""Organizations"": [""Asamblea de Extremadura"", ""FECSUR""], ""Locations"": [""Mérida"", ""Montijo"", ""Badajoz"", ""Azuaga""]}",direct_json,0.75,1.0,0.8571428571428571,0.0,0,6.8,59.2,1.1,47.6,58.7,22094.4,86.1,9051.5,9163.2,"{'timestamp': '2026-09-15T06:19:53.473740+00:00', 'model_version': 'gemma4:latest', 'prompt_hash': 'a6af280e'}"
19,real_mixed_100,zs-en,249.08388710021973,52.49,0,0,"{
""Persons"": [],
""Organizations"": [
""Hizbulá"",
""Amal"",
""ESL""
],
""Locations"": [
""Beaufort"",
""Líbano"",
""La Bekaa"",
""Maryayun"",
""Hasbaya"",
""Chebaa"",
""Golán"",
""Bent Jebel"",
""Ain Ebel"",
""Debel"",
""Rmeich"",
""Aalma Achab"",
""Al Kuazah"",
""Israel""
]
}",direct_json,1.0,0.8095238095238095,0.8947368421052632,0.0,0,6.8,59.2,1.1,47.6,58.7,22094.0,86.1,9051.5,9163.2,"{'timestamp': '2026-09-15T06:19:52.455284+00:00', 'model_version': 'gemma4:latest', 'prompt_hash': 'a6af280e'}"
20,real_mixed_101,zs-en,294.0523250102997,53.56,0,0,"{""Persons"": [""Margarita Robles""], ""Organizations"": [""Audiencia Nacional"", ""Forum Deusto"", ""Universidad de Deusto"", ""Iglesia católica""], ""Locations"": [""Bilbao"", ""España"", ""Buenos Aires""]}",direct_json,0.625,0.4166666666666667,0.5,0.0,0,11.2,100.0,1.1,46.7,58.7,22957.4,86.0,9051.5,9163.2,"{'timestamp': '2026-09-15T06:21:07.235770+00:00', 'model_version': 'gemma4:latest', 'prompt_hash': 'a6af280e'}"
20,real_mixed_102,zs-en,310.9531900882721,53.3,0,0,"{""Persons"": [], ""Organizations"": [], ""Locations"": [""Cantabria""]}",direct_json,1.0,1.0,1.0,0.0,0,7.0,59.2,0.9,46.7,58.7,22955.3,85.9,9051.5,9163.2,"{'timestamp': '2026-09-15T06:21:24.130298+00:00', 'model_version': 'gemma4:latest', 'prompt_hash': 'a6af280e'}"
20,real_mixed_103,zs-en,303.63023710250854,51.53,0,0,"{
""Persons"": [],
""Organizations"": [],
""Locations"": [
""Mallorca"",
""Andalucía"",
""Canarias""]
}",direct_json,1.0,1.0,1.0,0.0,0,10.9,100.0,1.0,46.7,58.7,22973.0,85.9,9051.5,9163.2,"{'timestamp': '2026-09-15T06:21:16.807147+00:00', 'model_version': 'gemma4:latest', 'prompt_hash': 'a6af280e'}"
20,real_mixed_104,zs-en,292.4783139228821,38.09,0,0,"{
""Persons"": [
""José Antonio Camacho"",
""Francisco Roig""
],
""Organizations"": [
""radio estatal de Jerusalén"",
""Hizbulá"",
""Amal"",
""Ejército"",
""EFE"",
""Real Madrid"",
""Valencia"",
""selección española""
],
""Locations"": [
""Jerusalén"",
""Karkum"",
""Israel"",
""Galilea"",
""París"",
""Vigo"",
""Saint Denis"",
""La Toja"",
""Holanda"",
""Bélgica""
]
}",direct_json,0.85,0.8095238095238095,0.8292682926829269,0.0,0,10.4,100.0,1.0,46.8,58.7,22929.3,86.0,9051.5,9163.2,"{'timestamp': '2026-09-15T06:21:05.679567+00:00', 'model_version': 'gemma4:latest', 'prompt_hash': 'a6af280e'}"
20,real_mixed_105,zs-en,265.8395848274231,44.65,0,0,"{
""Persons"": [
""M. A."",
""K. B."",
""O. S."",
""J. L. C. C."",
""Ramón Rabanera""
],
""Organizations"": [
""Policía Municipal"",
""Efe"",
""fundación de la catedral de Santa María"",
""Diputación alavesa"",
""Consejo de Diputados""
],
""Locations"": [
""Tetuán"",
""Vitoria"",
""Plaza de las Ventas""
]
}",direct_json,0.8461538461538461,0.7333333333333333,0.7857142857142856,0.0,0,7.0,59.2,1.1,46.9,58.7,22340.0,86.0,9051.5,9163.2,"{'timestamp': '2026-09-15T06:20:39.034668+00:00', 'model_version': 'gemma4:latest', 'prompt_hash': 'a6af280e'}"
21,real_mixed_106,zs-en,247.15365386009216,52.83,0,0,"{
""Persons"": [],
""Organizations"": [
""Lico Corporación"",
""EFECOM""
],
""Locations"": [
""Madrid""
]
}",direct_json,1.0,1.0,1.0,0.0,0,7.0,100.0,1.1,47.3,56.7,23173.3,85.9,9051.5,9163.2,"{'timestamp': '2026-09-15T06:21:37.790144+00:00', 'model_version': 'gemma4:latest', 'prompt_hash': 'a6af280e'}"
21,real_mixed_107,zs-en,350.6223659515381,52.22,0,0,"{
""Persons"": [
""Mr. Bill Twehway"",
""Mr. Charles MacArthur D. Gull"",
""Peter Twehway"",
""Mr. Christian D. Brownell"",
""Sidiki Fofana"",
""Cllr. Kanio Bai Gbala"",
""Zarylee Gbala""
],
""Organizations"": [
""Liberia Anti-Corruption Commission (LACC)"",
""National Port Authority (NPA)"",
""Facebook"",
""FrontPageAfrica"",
""Creative Developers Inc."",
""Global Tracking Management Service""
],
""Locations"": [
""MONROVIA"",
""Port of Buchanan""
]
}",direct_json,0.7333333333333333,0.7857142857142857,0.7586206896551724,0.0,0,10.6,80.0,1.1,45.3,53.9,22880.0,86.0,9051.5,9163.2,"{'timestamp': '2026-09-15T06:23:21.264917+00:00', 'model_version': 'gemma4:latest', 'prompt_hash': 'a6af280e'}"
21,real_mixed_108,zs-en,270.20797395706177,52.34,0,0,"{""Persons"": [""Valledor""], ""Organizations"": [""Gobierno de la comunidad"", ""EFE"", ""Agencia de Desarrollo Rural"", ""Dow Jones de Industriales"", ""Nasdaq"", ""SS&P500"", ""New York Stock Exchange"", ""Reserva Federal""], ""Locations"": [""Nueva York"", ""Principado"", ""Wall Street"", ""Estados Unidos""]}",direct_json,0.46153846153846156,0.75,0.5714285714285714,0.0,0,7.7,100.0,1.0,47.5,53.9,23086.1,85.9,9051.5,9163.2,"{'timestamp': '2026-09-15T06:22:00.847122+00:00', 'model_version': 'gemma4:latest', 'prompt_hash': 'a6af280e'}"
21,real_mixed_109,zs-en,331.9637041091919,52.31,0,0,"{
""Persons"": [
""Joaquín Almunia"",
""Amparo Rubiales"",
""José Antonio Labordeta"",
""Carmen Alborch"",
""Esteban González Pons"",
""Alfonso Guerra"",
""José Borrell"",
""José María Aznar"",
""Jacques Chirac"",
""Lionel Jospin""
],
""Organizations"": [
""PSOE"",
""Congreso"",
""Chunta Aragonesista"",
""PP"",
""Senado""
],
""Locations"": [
""Bilbao"",
""Valencia"",
""París"",
""Santander"",
""España"",
""Francia"",
""Pirineo""
]
}",direct_json,0.9090909090909091,0.6896551724137931,0.7843137254901961,0.0,0,7.4,40.0,1.0,45.7,53.9,22918.8,86.0,9051.5,9163.2,"{'timestamp': '2026-09-15T06:23:02.621748+00:00', 'model_version': 'gemma4:latest', 'prompt_hash': 'a6af280e'}"
21,real_mixed_110,zs-en,308.0658459663391,52.12,0,0,"{
""Persons"": [
""Feliciano Echarte Azcárate"",
""Manuel Ariztia Cestona"",
""Matías Echarte Azcárate"",
""Nieves Daguerre Goñi"",
""Juan José Mayora Apeceche"",
""Nieves Daguerre"",
""José Mayora"",
""Feliciano Echarte"",
""Manuel Ariztia""
],
""Organizations"": [
""EFE"",
""Audiencia Provincial de Navarra"",
""Sección segunda de la Audiencia"",
""Juzgado de Paz de Elizondo"",
""Guardia Civil"",
""Ministerio Público""
],
""Locations"": [
""Pamplona"",
""Garzain"",
""Elizondo"",
""Navarra""
]
}",direct_json,0.7894736842105263,0.625,0.6976744186046512,0.0,0,11.6,59.7,1.0,46.2,53.9,22976.3,85.9,9051.5,9163.2,"{'timestamp': '2026-09-15T06:22:38.730672+00:00', 'model_version': 'gemma4:latest', 'prompt_hash': 'a6af280e'}"
22,real_mixed_111,zs-en,282.4826579093933,52.74,0,0,"{
""Persons"": [
""Iker Casillas"",
""Michel Salgado"",
""Karanka"",
""Iván Campo"",
""Helguera"",
""Roberto Carlos"",
""McManaman"",
""Redondo"",
""Raúl"",
""Anelka"",
""Morientes"",
""Cañizares"",
""Angloma"",
""Pellegrino"",
""Djukic"",
""Gerardo"",
""Mendieta"",
""Farinós"",
""Gerard"",
""Kily González"",
""Ángulo"",
""Piojo López"",
""Stefano Braschi"",
""Esteban Murillo Zubiri"",
""Benk Korthals""
],
""Organizations"": [
""Real Madrid"",
""Valencia CF"",
""EFE"",
""ETA"",
""Tribunal del Distrito de La Haya""
],
""Locations"": [
""Italia"",
""Saint Denis"",
""La Haya"",
""España""
]
}",direct_json,0.9411764705882353,0.9411764705882353,0.9411764705882353,0.0,0,7.2,33.9,1.0,44.9,56.7,23088.7,85.9,9051.5,9163.2,"{'timestamp': '2026-09-15T06:23:41.360901+00:00', 'model_version': 'gemma4:latest', 'prompt_hash': 'a6af280e'}"
22,real_mixed_112,zs-en,284.20436811447144,53.88,0,0,"{""Persons"": [""Isabel dos Santos"", ""Jose Eduardo dos Santos""], ""Organizations"": [""Exem Energy BV"", ""Chamber of Companies""], ""Locations"": [""Angola"", ""Dutch"", ""Amsterdam""]}",direct_json,0.5714285714285714,0.5,0.5333333333333333,0.0,0,6.8,33.9,1.0,44.9,56.6,23085.1,85.9,9051.5,9163.2,"{'timestamp': '2026-09-15T06:23:43.061366+00:00', 'model_version': 'gemma4:latest', 'prompt_hash': 'a6af280e'}"
22,real_mixed_113,zs-en,295.67587518692017,54.83,0,0,"{""Persons"": [""José Ramón Alvarez Redondo"", ""Ignacio Pérez"", ""Javier Puente""], ""Organizations"": [""UGT"", ""CCOO"", ""Gobierno regional"", ""Consejería""], ""Locations"": [""Cantabria"", ""París""]}",direct_json,0.7777777777777778,0.7,0.7368421052631577,0.0,0,7.1,35.7,1.0,45.0,56.7,23046.8,85.9,9051.5,9163.2,"{'timestamp': '2026-09-15T06:23:54.535318+00:00', 'model_version': 'gemma4:latest', 'prompt_hash': 'a6af280e'}"
22,real_mixed_114,zs-en,316.0921280384064,52.55,0,0,"{
""Persons"": [
""Alvarez Areces"",
""Paz Fernandez Felgueroso"",
""Corín Tellado""
],
""Organizations"": [
""OTAN"",
""UE""
],
""Locations"": [
""Gijón"",
""Cuba"",
""España"",
""Iberoamerica"",
""Viavelez"",
""Florencia"",
""Italia""
]
}",direct_json,0.9166666666666666,0.7333333333333333,0.8148148148148148,0.0,0,7.2,47.0,0.9,44.5,56.6,22988.2,85.9,9051.5,9163.2,"{'timestamp': '2026-09-15T06:24:14.956909+00:00', 'model_version': 'gemma4:latest', 'prompt_hash': 'a6af280e'}"
22,real_mixed_115,zs-en,294.3332941532135,53.2,0,0,"{""Persons"": [""Bill Twehway""], ""Organizations"": [""National Port Authority"", ""Creative Developers Inc""], ""Locations"": [""River Cess Town"", ""Liberia""]}",direct_json,0.8,1.0,0.888888888888889,0.0,0,6.8,33.9,1.0,45.0,56.7,23052.2,85.9,9051.5,9163.2,"{'timestamp': '2026-09-15T06:23:53.180324+00:00', 'model_version': 'gemma4:latest', 'prompt_hash': 'a6af280e'}"
23,real_mixed_116,zs-en,260.7503499984741,52.54,0,0,"{
""Persons"": [
""Rulfo"",
""Clara""
],
""Organizations"": [],
""Locations"": [
""Guadalajara"",
""la capital mexicana"",
""Finlandia""
]
}",direct_json,0.8,1.0,0.888888888888889,0.0,0,10.9,100.0,0.8,44.5,53.4,23158.3,86.0,9051.5,9163.2,"{'timestamp': '2026-09-15T06:24:35.323512+00:00', 'model_version': 'gemma4:latest', 'prompt_hash': 'a6af280e'}"
23,real_mixed_117,zs-en,289.5895781517029,52.34,0,0,"{
""Persons"": [
""Alfonso Zamora""
],
""Organizations"": [
""Subdelegación del Gobierno"",
""Estación de Clasificación Descontaminación (ECD)"",
""Protección Civil"",
""Plan de Emergencia Nuclear de Burgos (PENBU)"",
""EFE"",
""Diputación Provincial"",
""Patronato de Promoción Económica. Turismo de la Diputación de Cuenca"",
""Asociación \"" Pro Denominación de Origen de Vinos de La Manchuela \"""",
""Caja Rural de Cuenca""
],
""Locations"": [
""Burgos"",
""Miranda de Ebro"",
""Polideportivo Municipal de Anduva"",
""Cuenca"",
""Tarancón"",
""La Mancha""
]
}",direct_json,0.6875,0.7857142857142857,0.7333333333333334,0.0,0,10.9,100.0,1.0,44.8,53.4,23054.8,86.0,9051.5,9163.2,"{'timestamp': '2026-09-15T06:25:04.181288+00:00', 'model_version': 'gemma4:latest', 'prompt_hash': 'a6af280e'}"
23,real_mixed_118,zs-en,307.3345091342926,54.29,0,0,"{""Persons"": [""Mulet""], ""Organizations"": [""UGT"", ""UFP"", ""PP"", ""Guardia Civil""], ""Locations"": [""Ciutadella"", ""Menorca"", ""Baleares""]}",direct_json,1.0,1.0,1.0,0.0,0,11.2,100.0,0.8,44.4,53.4,23001.3,86.0,9051.5,9163.2,"{'timestamp': '2026-09-15T06:25:21.917636+00:00', 'model_version': 'gemma4:latest', 'prompt_hash': 'a6af280e'}"
23,real_mixed_119,zs-en,241.98973107337952,54.61,0,0,"{""Persons"": [""Rafael de Valenzuela Teresa"", ""Al Sayed Abulnaga Al Saftawi""], ""Organizations"": [""Región Militar Pirenaica"", ""EFE"", ""Policía""], ""Locations"": [""Barcelona"", ""El Cairo""]}",direct_json,1.0,0.875,0.9333333333333333,0.0,0,11.1,100.0,1.0,44.3,53.4,23241.4,85.9,9051.5,9163.2,"{'timestamp': '2026-09-15T06:24:16.573423+00:00', 'model_version': 'gemma4:latest', 'prompt_hash': 'a6af280e'}"
23,real_mixed_120,zs-en,306.2916052341461,52.97,0,0,"{
""Persons"": [
""Borrini"",
""Ferdinand Piech""
],
""Organizations"": [
""Volkswagen"",
""Bugatti"",
""Canal Sur Televisión""
],
""Locations"": [
""La Rioja"",
""Fráncfort"",
""Wolfsburg"",
""Molsheim"",
""Alsacia"",
""Sevilla""
]
}",direct_json,0.9090909090909091,0.8333333333333334,0.8695652173913043,0.0,0,11.0,100.0,0.7,44.4,53.4,23003.5,86.0,9051.5,9163.2,"{'timestamp': '2026-09-15T06:25:20.871572+00:00', 'model_version': 'gemma4:latest', 'prompt_hash': 'a6af280e'}"
6,real_mixed_31,zs-es,148.8004310131073,52.98,0,0,"{
""Persons"": [],
""Organizations"": [
""Comisión Ejecutiva del Consorcio Gran Teatro de Cáceres"",
""Junta""
],
""Locations"": [
""Cáceres"",
""Mérida"",
""Zafra"",
""Extremadura""
]
}",direct_json,0.8333333333333334,1.0,0.9090909090909091,0.0,0,9.0,86.2,3.4,42.7,85.3,22194.7,85.9,9051.5,9163.2,"{'timestamp': '2026-09-15T06:27:50.799220+00:00', 'model_version': 'gemma4:latest', 'prompt_hash': 'fb427b98'}"
6,real_mixed_32,zs-es,208.98572397232056,52.45,0,0,"{
""Persons"": [
""Vujanovic""
],
""Organizations"": [
""Meta"",
""Junta de precios de la Lonja de Bellpuig"",
""Lonja de Bellpuig"",
""EFE""
],
""Locations"": [
""Montenegro"",
""Albania"",
""Shkodra"",
""Murriqan"",
""Lleida"",
""España"",
""Arganda del Rey""
]
}",direct_json,0.75,0.5625,0.6428571428571429,0.0,0,7.1,86.2,2.0,44.4,85.3,22248.6,85.8,9051.5,9163.2,"{'timestamp': '2026-09-15T06:28:51.062651+00:00', 'model_version': 'gemma4:latest', 'prompt_hash': 'fb427b98'}"
6,real_mixed_33,zs-es,228.8473720550537,52.42,0,0,"{
""Persons"": [
""Jesús Miguel Franco"",
""María Luisa Alejos-Pita"",
""Mesías Gimeno"",
""Marta Calvo""
],
""Organizations"": [
""PSOE"",
""Cortes de Aragón"",
""PP"",
""PSOE-PAR"",
""Gobierno de Aragón"",
""Consejería de Educación""
],
""Locations"": [
""Aragón"",
""Comunidad aragonesa""
]
}",direct_json,0.9166666666666666,0.7333333333333333,0.8148148148148148,0.0,0,7.0,86.2,1.1,45.0,85.3,22242.0,85.8,9051.5,9163.2,"{'timestamp': '2026-09-15T06:29:10.929580+00:00', 'model_version': 'gemma4:latest', 'prompt_hash': 'fb427b98'}"
6,real_mixed_34,zs-es,626.0689930915833,52.16,0,0,"{
""Persons"": [],
""Organizations"": [
""EFE"",
""ONU"",
""Naciones Unidas"",
""Ejército del Sur de Líbano (ESL)"",
""Gobierno de Beirut"",
""resistencia chií"",
""Ejército israelí""
],
""Locations"": [
""Líbano"",
""Israel"",
""sur del Líbano"",
""Jiam"",
""Mayayun""
]
}",direct_json,0.75,0.6428571428571429,0.6923076923076924,0.0,0,6.7,86.2,1.1,46.2,85.3,22682.8,85.9,9051.5,9163.2,"{'timestamp': '2026-09-15T06:35:48.159662+00:00', 'model_version': 'gemma4:latest', 'prompt_hash': 'fb427b98'}"
6,real_mixed_35,zs-es,514.4142189025879,52.18,0,0,"{
""Persons"": [
""Esperanza Martí"",
""Juan Rodríguez Yuste"",
""Víctor Tello""
],
""Organizations"": [
""Medical Forum Expo"",
""Xunta"",
""Consellería""
],
""Locations"": [
""España"",
""Santiago de Compostela"",
""Portugal"",
""Guimaraes""
]
}",direct_json,1.0,0.8333333333333334,0.9090909090909091,0.0,0,6.9,86.2,1.1,46.4,85.3,22782.9,85.9,9051.5,9163.2,"{'timestamp': '2026-09-15T06:33:56.521869+00:00', 'model_version': 'gemma4:latest', 'prompt_hash': 'fb427b98'}"
8,real_mixed_41,zs-es,79.47609996795654,52.17,0,0,"{
""Persons"": [
""Adolfo Piñedo"",
""Franco González"",
""Paz González""
],
""Organizations"": [
""Ayuntamiento de Camargo"",
""Junta Vecinal de Maliaño"",
""EFE"",
""PSOE-Progresistas"",
""IU"",
""PP"",
""Asamblea"",
""Comisión de Presupuestos"",
""Mesa de la Asamblea"",
""PSOE""
],
""Locations"": [
""Cantabria"",
""Madrid""
]
}",direct_json,0.9333333333333333,0.7,0.8,0.0,0,10.1,100.0,4.3,44.5,85.3,22094.3,86.2,9051.5,9163.2,"{'timestamp': '2026-09-15T06:26:41.482268+00:00', 'model_version': 'gemma4:latest', 'prompt_hash': 'fb427b98'}"
8,real_mixed_42,zs-es,256.612832069397,52.07,0,0,"{
""Persons"": [
""Pedro Martínez de la Rosa"",
""H. Frentzen"",
""E. Bernoldi"",
""G. Fisichella"",
""L. Burti"",
""J. Vesrtappen"",
""Pantano"",
""El marqués de Griñón"",
""Carlos Falcó"",
""Luis Arroyo"",
""Alejandro Alonso""
],
""Organizations"": [
""Arrows"",
""Jordan"",
""Sauber"",
""Benetton"",
""Jaguar"",
""Universidad de Castilla-La Mancha""
],
""Locations"": [
""Mónaco"",
""Valencia"",
""Ciudad Real"",
""España"",
""Comunidad Autónoma"",
""Castilla-La Mancha""
]
}",direct_json,0.9130434782608695,0.7241379310344828,0.8076923076923076,0.0,0,7.2,86.2,2.1,45.6,85.3,22232.6,85.8,9051.5,9163.2,"{'timestamp': '2026-09-15T06:29:38.632379+00:00', 'model_version': 'gemma4:latest', 'prompt_hash': 'fb427b98'}"
8,real_mixed_43,zs-es,756.6894299983978,50.76,0,0,"{
""Persons"": [
""Bill Twehway"",
""Peter Twehway"",
""Christian D. Brownell"",
""Sidiki Fofana"",
""Zarylee M. Gbala"",
""Kanio Bai-Gbala"",
""Malcom Scott""
],
""Organizations"": [
""FrontPageAfrica"",
""Creative Developers Inc."",
""National Port Authority (NPA)"",
""Global Tracking Management Service"",
""Liberia Anti-Corruption Commission"",
""SINOTRANS"",
""Flaton""
],
""Locations"": [
""MONROVIA"",
""Port of Buchanan"",
""Grand Bassa County""
]
}",direct_json,0.8235294117647058,0.6363636363636364,0.717948717948718,0.0,0,6.8,86.2,1.4,46.4,85.3,22594.5,85.9,9051.5,9163.2,"{'timestamp': '2026-09-15T06:37:58.767260+00:00', 'model_version': 'gemma4:latest', 'prompt_hash': 'fb427b98'}"
8,real_mixed_44,zs-es,362.31872630119324,42.99,0,0,"{
""Persons"": [
""Joseph Kabila"",
""Francis Selemani""
],
""Organizations"": [
""Democratic Republic of Congo"",
""DRC"",
""BGFIBank DRC"",
""BGFIBank Group"",
""Sud Oil"",
""Platform to Protect Whistleblowers in Africa (PPLAAF)"",
""Mediapart"",
""The Sentry"",
""European Investigative Collaborations (EIC)"",
""Congo Research Group"",
""Central Bank of Congo"",
""United Nations"",
""Gécamines""
],
""Locations"": [
""Kinshasa"",
""United States"",
""South Africa"",
""Gabon"",
""New York"",
""Washington, DC"",
""Johannesburg""
]
}",direct_json,0.7272727272727273,0.8,0.761904761904762,0.0,0,7.6,86.2,1.2,44.6,85.3,23026.1,85.9,9051.5,9163.2,"{'timestamp': '2026-09-15T06:31:24.409489+00:00', 'model_version': 'gemma4:latest', 'prompt_hash': 'fb427b98'}"
8,real_mixed_45,zs-es,489.36059498786926,52.51,0,0,"{
""Persons"": [
""Francisco García Ramos"",
""Juan Manzano"",
""Julio Carmona"",
""Raúl Borrasca""
],
""Organizations"": [
""Banco Central"",
""Ministerio de Finanzas"",
""EFE"",
""PSOE"",
""Junta de Extremadura"",
""Gobierno central""
],
""Locations"": [
""Rusia"",
""Don Benito"",
""Badajoz"",
""Villanueva de la Serena""
]
}",direct_json,0.9285714285714286,0.8125,0.8666666666666666,0.0,0,8.0,100.0,1.2,45.8,85.3,22809.8,85.9,9051.5,9163.2,"{'timestamp': '2026-09-15T06:33:31.472815+00:00', 'model_version': 'gemma4:latest', 'prompt_hash': 'fb427b98'}"
3,real_mixed_16,zs-es,271.8074541091919,52.37,0,0,"{
""Persons"": [
""Antonio Augusto Fonseca"",
""Javier Irureta"",
""Augusto César Lendoiro""
],
""Organizations"": [
""Banco Central"",
""Fisco"",
""Deportivo"",
""EFE""
],
""Locations"": [
""Chile"",
""La Coruña"",
""Irún""
]
}",direct_json,1.0,0.8333333333333334,0.9090909090909091,0.0,0,9.7,100.0,1.9,45.9,85.3,22226.6,85.8,9051.5,9163.2,"{'timestamp': '2026-09-15T06:29:53.804138+00:00', 'model_version': 'gemma4:latest', 'prompt_hash': 'fb427b98'}"
3,real_mixed_17,zs-es,93.10845994949341,50.26,0,0,"{
""Persons"": [
""Isabel dos Santos"",
""Hélder Pitta Grós""
],
""Organizations"": [],
""Locations"": [
""Africa"",
""Angola"",
""Luanda""
]
}",direct_json,1.0,1.0,1.0,0.0,0,7.7,86.2,1.6,44.4,85.3,22108.8,86.1,9051.5,9163.2,"{'timestamp': '2026-09-15T06:26:55.181587+00:00', 'model_version': 'gemma4:latest', 'prompt_hash': 'fb427b98'}"
3,real_mixed_18,zs-es,795.4405062198639,52.24,0,0,"{
""Persons"": [
""Ramon Camp"",
""Joan Boada""
],
""Organizations"": [
""Parlamento catalán"",
""IC-V"",
""CiU"",
""PSC"",
""PP"",
""Generalitat"",
""Congreso""
],
""Locations"": [
""Cataluña"",
""Barcelona""
]
}",direct_json,0.9090909090909091,0.7142857142857143,0.8,0.0,0,8.0,100.0,1.0,47.1,85.3,22576.9,85.9,9051.5,9163.2,"{'timestamp': '2026-09-15T06:38:37.539025+00:00', 'model_version': 'gemma4:latest', 'prompt_hash': 'fb427b98'}"
3,real_mixed_19,zs-es,445.50576305389404,52.55,0,0,"{
""Persons"": [
""Roig"",
""Camacho"",
""Michel Salgado"",
""Helguera"",
""Hierro"",
""Raúl"",
""Morientes"",
""Cañizares"",
""Mendieta"",
""Farinós"",
""Gerard"",
""Angulo"",
""Antonio Castillo""
],
""Organizations"": [
""Real Madrid"",
""Valencia"",
""Comisión para la Promoción de Exportaciones (Prompex)"",
""Confederación de Instituciones Empresariales Privadas (Confiep)""
],
""Locations"": [
""Saint Denis"",
""Lima""
]
}",direct_json,1.0,0.8636363636363636,0.9268292682926829,0.0,0,6.9,86.2,1.2,45.1,85.3,22874.6,85.9,9051.5,9163.2,"{'timestamp': '2026-09-15T06:32:47.612472+00:00', 'model_version': 'gemma4:latest', 'prompt_hash': 'fb427b98'}"
3,real_mixed_20,zs-es,673.665274143219,52.31,0,0,"{
""Persons"": [
""Angel Padrino"",
""Luis Rodríguez Motiño""
],
""Organizations"": [
""Junta de Comunidades de Castilla-La Mancha"",
""Patronato Rector"",
""Universidad Nacional de Educación a Distancia (UNED)"",
""Gobierno regional"",
""Centro Asociado de la UNED"",
""Delegación Provincial de Educación de Guadalajara"",
""Programa de Recuperación. Utilización Educativa de Pueblos Abandonados (PRUEPA)"",
""Ministerio de Medio Ambiente""
],
""Locations"": [
""Guadalajara"",
""Umbralejo"",
""Madrid""
]
}",direct_json,0.8461538461538461,0.5789473684210527,0.6875,0.0,0,6.8,86.2,1.1,47.0,85.3,22648.2,85.9,9051.5,9163.2,"{'timestamp': '2026-09-15T06:36:35.788757+00:00', 'model_version': 'gemma4:latest', 'prompt_hash': 'fb427b98'}"
1,real_mixed_6,zs-es,52.14136290550232,52.49,0,0,"{
""Persons"": [
""Faustine Merret"",
""Michal Hein"",
""M. del Carmen Vaz"",
""Belén Hernández"",
""Magdalena Martínez"",
""María Muñoz"",
""Carlo María Martini"",
""Edward Malefakis"",
""Alain Touraine"",
""Juergen Donges"",
""Ernst Gombrich"",
""Anthony Giddens""
],
""Organizations"": [
""EFE"",
""Fundación Príncipe de Asturias"",
""Premio Príncipe de Asturias de Ciencias Sociales""
],
""Locations"": [
""Oviedo"",
""Milán""
]
}",direct_json,0.9411764705882353,0.8,0.8648648648648648,0.0,0,14.3,100.0,3.9,46.8,85.3,22105.3,86.1,9051.5,9163.2,"{'timestamp': '2026-09-15T06:26:14.130811+00:00', 'model_version': 'gemma4:latest', 'prompt_hash': 'fb427b98'}"
1,real_mixed_7,zs-es,821.9906799793243,52.03,0,0,"{
""Persons"": [
""Yvon Desjardins"",
""Pedro Corbella Canturri"",
""E. I. C."",
""M. W. W."",
""P. B. H.""
],
""Organizations"": [
""ONU"",
""SFOR"",
""Gobierno de Noruega"",
""EFE"",
""Audiencia de Barcelona"",
""Mare de Déu de Núria"",
""La vie en rose"",
""La cama""
],
""Locations"": [
""Bosnia"",
""Barcelona"",
""Castelldefels"",
""Maresme""
]
}",direct_json,0.8823529411764706,0.75,0.8108108108108107,0.0,0,8.7,100.0,1.4,47.6,85.3,22564.3,85.9,9051.5,9163.2,"{'timestamp': '2026-09-15T06:39:04.006824+00:00', 'model_version': 'gemma4:latest', 'prompt_hash': 'fb427b98'}"
1,real_mixed_8,zs-es,426.7466208934784,52.28,0,0,"{
""Persons"": [
""Jesús De la Gándara"",
""Clemente Serna"",
""Segundo Escolar""
],
""Organizations"": [
""EFE"",
""Galería de Arte \""Lourdes Carcedo\"""",
""comunidad Benedictina""
],
""Locations"": [
""Plasencia"",
""Plaza Mayor"",
""Burgos"",
""Silos""
]
}",direct_json,0.9,0.6,0.7200000000000001,0.0,0,7.0,86.2,1.5,45.1,85.3,22900.8,85.9,9051.5,9163.2,"{'timestamp': '2026-09-15T06:32:28.818407+00:00', 'model_version': 'gemma4:latest', 'prompt_hash': 'fb427b98'}"
1,real_mixed_9,zs-es,884.2248618602753,52.49,0,0,"{
""Persons"": [
""Juan Carlos Rodríguez Ibarra"",
""Leopoldo Torrado""
],
""Organizations"": [
""INFRAESTRUCTURAS R. IBARRA"",
""Junta de Extremadura"",
""Plan Infoex"",
""PP"",
""Gobierno extremeño"",
""Asamblea de Extremadura""
],
""Locations"": [
""HURDES"",
""Aldehuela"",
""Cáceres"",
""Las Hurdes"",
""Extremadura"",
""Mérida""
]
}",direct_json,0.7857142857142857,0.6875,0.7333333333333334,0.0,0,7.1,100.0,1.1,48.1,85.3,22537.4,85.9,9051.5,9163.2,"{'timestamp': '2026-09-15T06:40:06.316156+00:00', 'model_version': 'gemma4:latest', 'prompt_hash': 'fb427b98'}"
1,real_mixed_10,zs-es,403.1945071220398,52.42,0,0,"{
""Persons"": [
""Cristina Almeida"",
""Manuel de la Calva"",
""Ramón Arcusa"",
""Francisco Javier Sánchez Bocanegra""
],
""Organizations"": [
""Dúo Dinámico""
],
""Locations"": [
""España"",
""Barcelona"",
""Sudamérica"",
""Suecia"",
""Australia"",
""Francia"",
""Japón"",
""Málaga""
]
}",direct_json,0.9230769230769231,0.8571428571428571,0.888888888888889,0.0,0,10.6,100.0,1.2,45.0,85.3,22938.3,85.9,9051.5,9163.2,"{'timestamp': '2026-09-15T06:32:05.288550+00:00', 'model_version': 'gemma4:latest', 'prompt_hash': 'fb427b98'}"
7,real_mixed_36,zs-es,910.5428621768951,52.44,0,0,"{
""Persons"": [
""Alexei Shirov"",
""Gari Kasparov"",
""Alexander Morozevich"",
""Michail Gurevich"",
""Etienne Bacrot"",
""Ivan Sokolov"",
""Kiril Georgiev"",
""Nigel Short"",
""Veselin Topalov"",
""Sergei Movsesian"",
""Evgeny Bareev"",
""Michael Adams""
],
""Organizations"": [],
""Locations"": [
""Sarajevo"",
""BIH"",
""BUL"",
""ING"",
""ESP"",
""RUS"",
""BEL"",
""FRA"",
""RCH""
]
}",direct_json,0.6190476190476191,0.5909090909090909,0.6046511627906977,0.0,0,7.6,100.0,1.1,48.6,85.3,22527.4,85.9,9051.5,9163.2,"{'timestamp': '2026-09-15T06:40:32.575139+00:00', 'model_version': 'gemma4:latest', 'prompt_hash': 'fb427b98'}"
7,real_mixed_37,zs-es,574.037978887558,52.25,0,0,"{
""Persons"": [
""Rodrigo Rato"",
""Elvira Rodríguez"",
""José Benedicto"",
""Pedro Canals Palou""
],
""Organizations"": [
""Cosultores de las Administraciones Públicas"",
""Caja Avila"",
""CCOO""
],
""Locations"": [
""Palma"",
""Mallorca"",
""Marruecos""
}",direct_json,0.5,0.4666666666666667,0.4827586206896552,0.0,0,7.1,100.0,1.1,46.1,85.3,22718.9,85.9,9051.5,9163.2,"{'timestamp': '2026-09-15T06:34:56.105301+00:00', 'model_version': 'gemma4:latest', 'prompt_hash': 'fb427b98'}"
7,real_mixed_38,zs-es,551.7613198757172,52.19,0,0,"{
""Persons"": [
""Claudio Suárez"",
""Osvaldo Sánchez"",
""Ricardo Peláez"",
""Rafael Puyó""
],
""Organizations"": [
""Guadalajara"",
""Toluca"",
""Chivas"",
""Atlas"",
""Asociación Empresarial de Operadores de Vinos de Mesa (AVIMES)"",
""Interprofesional de los Vinos de Mesa (IVIM)""
],
""Locations"": [
""Guadalajara"",
""Madrid"",
""Barcelona""
]
}",direct_json,0.9230769230769231,0.6666666666666666,0.7741935483870968,0.0,0,6.8,86.2,1.1,46.3,85.3,22743.3,85.9,9051.5,9163.2,"{'timestamp': '2026-09-15T06:34:33.872555+00:00', 'model_version': 'gemma4:latest', 'prompt_hash': 'fb427b98'}"
7,real_mixed_39,zs-es,596.7612500190735,52.18,0,0,"{
""Persons"": [
""Pedro Canals"",
""Benedicto"",
""Viruca Atanes Madrid""
],
""Organizations"": [
""juzgado de lo Social"",
""Inspección de Trabajo"",
""CCOO"",
""Fiscalía de Baleares""
],
""Locations"": []
}",direct_json,0.7142857142857143,0.625,0.6666666666666666,0.0,0,6.8,86.2,1.0,46.1,85.3,22701.8,85.9,9051.5,9163.2,"{'timestamp': '2026-09-15T06:35:18.863900+00:00', 'model_version': 'gemma4:latest', 'prompt_hash': 'fb427b98'}"
7,real_mixed_40,zs-es,842.008603811264,52.43,0,0,"{
""Persons"": [
""Vázquez Raña"",
""Dennis Oswald"",
""Carlos Mayor Oreja""
],
""Organizations"": [
""ACNO"",
""COI"",
""ODEPA"",
""Consejería de Medio Ambiente"",
""Comunidad""
],
""Locations"": [
""Sydney"",
""Remo. Valdetorres del Jarama""
]
}",direct_json,0.8,0.5333333333333333,0.64,0.0,0,9.1,86.2,1.0,48.0,85.3,22557.3,85.9,9051.5,9163.2,"{'timestamp': '2026-09-15T06:39:24.118828+00:00', 'model_version': 'gemma4:latest', 'prompt_hash': 'fb427b98'}"
2,real_mixed_11,zs-es,135.6200189590454,51.33,0,0,"{
""Persons"": [
""Isabel dos Santos"",
""Helder Pitta Gros"",
""Gabriela Figueredo"",
""Nuno Ribeiro da Cunha"",
""Carlos Saturnino"",
""Mario Leite da Silva"",
""Paula Oliveira"",
""Sarju Raikundalia""
],
""Organizations"": [
""International Consortium of Investigative Journalists"",
""Luanda Leaks"",
""Sonangol"",
""Lusa"",
""Portuguese Securities Market Commission"",
""Galp Energia"",
""NOS"",
""Eurobic"",
""Expresso"",
""BBC News"",
""Banco de Fomento Angola""
],
""Locations"": [
""Luanda"",
""Angola"",
""London"",
""Portugal"",
""Lisbon"",
""Dubai"",
""U.S."",
""U.K."",
""Switzerland"",
""Brazil""
]
}",direct_json,0.8620689655172413,0.9259259259259259,0.8928571428571429,0.0,0,11.2,100.0,3.6,42.6,85.3,22172.5,86.0,9051.5,9163.2,"{'timestamp': '2026-09-15T06:27:37.621481+00:00', 'model_version': 'gemma4:latest', 'prompt_hash': 'fb427b98'}"
2,real_mixed_12,zs-es,384.6634578704834,52.34,0,0,"{
  ""Persons"": [],
  ""Organizations"": [
    ""AENA"",
    ""EFE"",
    ""Real Madrid"",
    ""Valencia"",
    ""Fuerzas de Seguridad del Estado"",
    ""Guardia Civil"",
    ""Policía Nacional""
  ],
  ""Locations"": [
    ""Madrid"",
    ""Barajas"",
    ""Manises"",
    ""París"",
    ""Santiago"",
    ""Chile""
  ]
}",direct_json,0.8461538461538461,0.9166666666666666,0.8799999999999999,0.0,0,7.3,100.0,1.5,45.0,85.3,22973.9,85.9,9051.5,9163.2,"{'timestamp': '2026-09-15T06:31:46.697624+00:00', 'model_version': 'gemma4:latest', 'prompt_hash': 'fb427b98'}"
2,real_mixed_13,zs-es,864.9583039283752,52.1,0,0,"{
""Persons"": [
""José Félix de las Cuevas"",
""Amador Fernández Quesada"",
""José Miguel Silió"",
""Corín Tellado"",
""Miguel de Cervantes"",
""Luis Sepúlveda"",
""Rosa Regás"",
""Mario Delgado"",
""Vicente Alvarez Areces"",
""Paz Fernández Felgueroso""
],
""Organizations"": [
""PSOE-Progresistas"",
""Ayuntamiento de Bárcena de Pie de Concha"",
""PP"",
""EFE-Cantabria"",
""EFE"",
""Salón del Libro Iberoamericano"",
""Principado de Asturias""
],
""Locations"": [
""Bárcena de Pie de Concha"",
""Santander"",
""Palencia"",
""Pié de Concha"",
""Cantabria"",
""Gijón"",
""España"",
""Uruguay"",
""Asturias""
]
}",direct_json,0.8076923076923077,0.7777777777777778,0.7924528301886792,0.0,0,10.3,100.0,1.2,48.2,85.3,22547.3,85.9,9051.5,9163.2,"{'timestamp': '2026-09-15T06:39:47.049826+00:00', 'model_version': 'gemma4:latest', 'prompt_hash': 'fb427b98'}"
2,real_mixed_14,zs-es,700.0280680656433,50.34,0,0,"{
""Persons"": [
""Joseph Kabila"",
""Kabilas""
],
""Organizations"": [
""China Railway Group"",
""Sinohydro"",
""Platform to Protect Whistleblowers in Africa (PPLAAF)"",
""Mediapart"",
""The Sentry"",
""European Investigative Collaborations (EIC)"",
""BGFIBank DRC"",
""Congo Construction Company (CCC)"",
""Citibank"",
""Commerzbank""
],
""Locations"": [
""Democratic Republic of Congo (DRC)"",
""China""
]
}",direct_json,0.8571428571428571,0.8,0.8275862068965518,0.0,0,6.8,86.2,1.0,47.0,85.3,22632.3,85.9,9051.5,9163.2,"{'timestamp': '2026-09-15T06:37:02.130948+00:00', 'model_version': 'gemma4:latest', 'prompt_hash': 'fb427b98'}"
2,real_mixed_15,zs-es,1016.268884897232,39.22,0,0,"{
""Persons"": [
""Samani"",
""Horst Koehler"",
""Michel Camdessus""
],
""Organizations"": [
""Gipsies"",
""Tusker"",
""Castel"",
""Viva"",
""Kas"",
""Nutrexpa"",
""Fondo Monetario Internacional (FMI)""
],
""Locations"": [
""Lérida"",
""Kenia"",
""España"",
""Nairobi"",
""Reino Unido"",
""India"",
""Londres"",
""Gandia"",
""Washington"",
""Asia"",
""Latinoamérica""
]
}",direct_json,0.8095238095238095,0.8095238095238095,0.8095238095238095,0.0,0,9.0,100.0,1.1,47.0,85.3,23122.8,86.2,9051.5,9163.2,"{'timestamp': '2026-09-15T06:42:18.385285+00:00', 'model_version': 'gemma4:latest', 'prompt_hash': 'fb427b98'}"
4,real_mixed_21,zs-es,298.633975982666,52.09,0,0,"{
""Persons"": [
""SANCHEZ POLO""
],
""Organizations"": [
""Paribas"",
""BNP"",
""Société Générale"",
""SG"",
""BNP-Paribas"",
""BankWest"",
""BNPI-SFOM"",
""CECEI"",
""Paribas Capital""
],
""Locations"": [
""Francia"",
""SALVATIERRA DE LOS BARROS""
]
}",direct_json,0.9166666666666666,0.6875,0.7857142857142857,0.0,0,8.1,100.0,1.8,46.1,85.3,22215.0,85.9,9051.5,9163.2,"{'timestamp': '2026-09-15T06:30:20.635760+00:00', 'model_version': 'gemma4:latest', 'prompt_hash': 'fb427b98'}"
4,real_mixed_22,zs-es,527.3300392627716,52.96,0,0,"{
""Persons"": [],
""Organizations"": [],
""Locations"": [
""Galicia"",
""comunidades del cantábrico"",
""Levante"",
""noroeste peninsular"",
""Canarias"",
""Asturias""
]
}",direct_json,0.5,1.0,0.6666666666666666,0.0,0,11.5,86.2,1.2,46.3,85.3,22769.2,85.9,9051.5,9163.2,"{'timestamp': '2026-09-15T06:34:09.348607+00:00', 'model_version': 'gemma4:latest', 'prompt_hash': 'fb427b98'}"
4,real_mixed_23,zs-es,171.06074714660645,52.21,0,0,"{
""Persons"": [
""José A. Delgado"",
""James Moran"",
""Bill Clinton"",
""Bill Gates"",
""Eric Koening""
],
""Organizations"": [
""EFECOM"",
""Cámara de Representantes de EEUU"",
""Congreso"",
""Casa Blanca"",
""Microsoft""
],
""Locations"": [
""Washington"",
""China"",
""EEUU""
]
}",direct_json,0.9230769230769231,0.7058823529411765,0.8000000000000002,0.0,0,7.1,86.2,2.3,43.1,85.3,22216.3,85.9,9051.5,9163.2,"{'timestamp': '2026-09-15T06:28:13.136576+00:00', 'model_version': 'gemma4:latest', 'prompt_hash': 'fb427b98'}"
4,real_mixed_24,zs-es,1037.6934218406677,45.65,0,0,"{
""Persons"": [
""Barbara Vidman"",
""Alejandro Aguirre""
],
""Organizations"": [
""Las Américas""
],
""Locations"": [
""Japón"",
""Estados Unidos"",
""Colorado"",
""Miami""
]
}",direct_json,1.0,0.6363636363636364,0.7777777777777778,0.0,0,7.0,86.2,1.0,47.3,85.3,23202.9,86.1,9051.5,9163.2,"{'timestamp': '2026-09-15T06:42:39.792926+00:00', 'model_version': 'gemma4:latest', 'prompt_hash': 'fb427b98'}"
4,real_mixed_25,zs-es,189.29936504364014,52.55,0,0,"{
""Persons"": [
""Méndez López"",
""Olga Reguilón""
],
""Organizations"": [
""Caixa Galicia"",
""PSOE"",
""IU"",
""Gobierno municipal de Pinto"",
""Comunidad de Madrid""
],
""Locations"": [
""Galicia"",
""España"",
""Pinto""
]
}",direct_json,0.8,0.47058823529411764,0.5925925925925927,0.0,0,7.1,86.2,1.4,43.6,85.3,22238.4,85.8,9051.5,9163.2,"{'timestamp': '2026-09-15T06:28:31.413015+00:00', 'model_version': 'gemma4:latest', 'prompt_hash': 'fb427b98'}"
5,real_mixed_26,zs-es,32.919060945510864,52.17,0,0,"{
""Persons"": [
""Anna Smashnova"",
""Dominique Van Roost"",
""Daniela Hantuchova"",
""Iroda Tulyaganova"",
""Rita Kuti Kis"",
""Sophie Erre"",
""Tathiana Garbin"",
""Stéphanie Foretz"",
""Lilia Osterloh"",
""Elena Lijovtseva"",
""Corina Morariu"",
""Sarah Pitkowski"",
""Nadejda Petrova"",
""Anne Kremer"",
""Alexandra Stevenson"",
""Amelie Cocheteux""
],
""Organizations"": [
""Eurobank"",
""Banco Central de Rusia (BCR)"",
""justicia francesa"",
""Tribunal de Gran Instancia"",
""Tribunal Arbitral de Estocolmo"",
""Noga"",
""Gobierno ruso""
],
""Locations"": [
""París"",
""Francia"",
""Israel"",
""Bélgica"",
""Eslovaquia"",
""Uzbekistán"",
""Hungría"",
""Italia"",
""Estados Unidos"",
""Rusia"",
""Luxemburgo"",
""Suiza"",
""Estocolmo""
]
}",direct_json,0.75,0.6428571428571429,0.6923076923076924,0.1388888888888889,5,13.5,100.0,6.1,50.4,85.3,22095.6,86.2,9051.5,9163.2,"{'timestamp': '2026-09-15T06:25:54.933677+00:00', 'model_version': 'gemma4:latest', 'prompt_hash': 'fb427b98'}"
5,real_mixed_27,zs-es,647.9682989120483,51.73,0,0,"{
""Persons"": [
""Chaka Fattah Sr."",
""Herbert Vederman"",
""Bonnie Bowser"",
""Robert Brand"",
""Karen Nicholas"",
""Leslie R. Caldwell"",
""Zane David Memeger"",
""Edward J. Hanko"",
""Akeia Conner"",
""Eric L. Gibson"",
""T. Patrick Martin"",
""Jonathan Kravis"",
""Paul L. Gray"",
""Bob Dalton""
],
""Organizations"": [
""Justice Department’s Criminal Division"",
""U.S. Attorney of the Eastern District of Pennsylvania"",
""FBI"",
""Internal Revenue Service-Criminal Investigation (IRS-CI)"",
""Educational Advancement Alliance (EAA)"",
""Department of Justice’s Office of the Inspector General"",
""NASA Office of Inspector General"",
""Department of Commerce’s Office of Inspector General"",
""U.S. Trade Commission"",
""Criminal Division’s Public Integrity Section"",
""Organized Crime and Gang Section""
],
""Locations"": [
""Philadelphia"",
""Palm Beach, Florida"",
""Williamstown, New Jersey"",
""Florida"",
""New Jersey"",
""Eastern District of Pennsylvania""
]
}",direct_json,0.7741935483870968,0.75,0.7619047619047619,0.0,0,6.8,86.2,1.5,46.9,85.3,22669.0,85.9,9051.5,9163.2,"{'timestamp': '2026-09-15T06:36:09.986690+00:00', 'model_version': 'gemma4:latest', 'prompt_hash': 'fb427b98'}"
5,real_mixed_28,zs-es,324.94290828704834,38.14,0,0,"{
""Persons"": [
""Juan Carlos Aparicio"",
""Xabier Kalparsoro"",
""Günter Grass"",
""Antonio Ballester""
],
""Organizations"": [
""Ministerio de Trabajo. Asuntos Sociales"",
""Audiencia Provincial de Vizcaya"",
""ETA"",
""Fundación Círculo de Lectores"",
""Instituto Valenciano de Arte Moderno (IVAM)""
],
""Locations"": [
""Bilbao"",
""Barcelona"",
""Valencia""
]
}",direct_json,0.9166666666666666,0.6111111111111112,0.7333333333333334,0.0,0,6.9,86.2,1.6,45.6,85.3,22535.7,85.9,9051.5,9163.2,"{'timestamp': '2026-09-15T06:30:47.031715+00:00', 'model_version': 'gemma4:latest', 'prompt_hash': 'fb427b98'}"
5,real_mixed_29,zs-es,1058.765811920166,52.46,0,0,"{
""Persons"": [
""Natividad Pérez"",
""Miguel Angel Revilla"",
""Gregorio Gil Ruedas""
],
""Organizations"": [
""Vattenfall"",
""grupo popular"",
""Ayuntamiento de Escalante"",
""Consejería de Obras Públicas"",
""PP"",
""Ayuntamiento de Villanueva de la Serena"",
""Consejería de Cultura"",
""Junta de Extremadura""
],
""Locations"": [
""Bolivia"",
""Brasil"",
""Chile"",
""Alemania"",
""Austria"",
""Holanda"",
""Polonia"",
""República Checa"",
""sudeste asiático"",
""Santander"",
""Cantabria"",
""Villanueva de la Serena"",
""Badajoz""
]
}",direct_json,0.8333333333333334,0.8,0.816326530612245,0.0,0,8.0,100.0,1.0,47.7,85.3,23180.9,86.1,9051.5,9163.2,"{'timestamp': '2026-09-15T06:43:00.861618+00:00', 'model_version': 'gemma4:latest', 'prompt_hash': 'fb427b98'}"
5,real_mixed_30,zs-es,979.9550580978394,28.03,0,0,"{
""Persons"": [
""Marimon"",
""Mario Monti""
],
""Organizations"": [
""grupo parlamentario catalán"",
""Senado"",
""Gobierno"",
""UE"",
""Comisión Europea""
],
""Locations"": [
""BRUSELAS"",
""España"",
""Bruselas"",
""Fráncfort""
]
}",direct_json,0.8181818181818182,0.6923076923076923,0.7500000000000001,0.0,0,7.0,86.2,1.1,47.5,85.3,22980.2,86.1,9051.5,9163.2,"{'timestamp': '2026-09-15T06:41:42.061282+00:00', 'model_version': 'gemma4:latest', 'prompt_hash': 'fb427b98'}"
0,real_mixed_1,zs-es,777.3551380634308,52.25,0,0,"{
""Persons"": [
""Emiliano García-Page"",
""Conde"",
""José Bono"",
""Francisco Antonio Guerra"",
""Mariano Ortega"",
""Enrique Valiente""
],
""Organizations"": [
""PSOE"",
""PP"",
""Secretaría General socialista"",
""instituto de enseñanza secundaria Riánsares"",
""Ayuntamiento"",
""Educación"",
""delegado diocesano""
],
""Locations"": [
""Tarancón"",
""Cuenca"",
""Córdoba""
]
}",direct_json,0.75,0.7058823529411765,0.7272727272727272,0.0,0,12.9,86.2,1.3,47.0,85.3,22586.6,85.9,9051.5,9163.2,"{'timestamp': '2026-09-15T06:38:19.361646+00:00', 'model_version': 'gemma4:latest', 'prompt_hash': 'fb427b98'}"
0,real_mixed_2,zs-es,723.6664969921112,52.36,0,0,"{
""Persons"": [
""Severino do Ramo ' Maia '"",
""Francesc Biosca"",
""Rolf Breuer""
],
""Organizations"": [
""Lleida"",
""Ypiranga"",
""Deutsche Boerse AG"",
""London Stock Exchange""
],
""Locations"": [
""Nigeria"",
""Africa"",
""Lérida"",
""Fráncfort""
]
}",direct_json,0.9090909090909091,0.5882352941176471,0.7142857142857143,0.0,0,9.0,100.0,1.0,47.0,85.3,22615.8,85.9,9051.5,9163.2,"{'timestamp': '2026-09-15T06:37:25.699762+00:00', 'model_version': 'gemma4:latest', 'prompt_hash': 'fb427b98'}"
0,real_mixed_3,zs-es,946.244218826294,28.85,0,0,"{
""Persons"": [
""Joan Mayol"",
""Luis Muro""
],
""Organizations"": [
""Conseller de Agricultura"",
""Ejecutivo"",
""Diputación foral de Alava"",
""Centro de Cálculo de Alava"",
""Pcweek"",
""Pricewaterhouse Coopers"",
""Diputación alavesa"",
""Centro de Profesores Recursos (CPR)""
],
""Locations"": [
""Vitoria"",
""Euskadi"",
""Fuenlabrada""
]
}",direct_json,0.7692307692307693,0.5882352941176471,0.6666666666666667,0.0,0,6.9,86.2,1.0,48.3,85.3,22766.5,86.0,9051.5,9163.2,"{'timestamp': '2026-09-15T06:41:08.324684+00:00', 'model_version': 'gemma4:latest', 'prompt_hash': 'fb427b98'}"
0,real_mixed_4,zs-es,1080.6258652210236,52.38,0,0,"{
""Persons"": [
""Angel Carlos Bernáldez"",
""José María Aznar"",
""Rosa María Fernández Pacheco"",
""José Manuel García Ballesteros""
],
""Organizations"": [
""EFE"",
""PP"",
""Comisión de Medio Ambiente"",
""Plan Hidrológico Nacional"",
""Plan Nacional de Riegos"",
""Senado"",
""Comisión de la Sociedad de la Información. el Conocimiento"",
""Trabajo y Política Social"",
""Comisión de Presupuestos"",
""Infraestructuras""
],
""Locations"": [
""Cáceres""
]
}",direct_json,0.6666666666666666,0.6666666666666666,0.6666666666666666,0.0,0,7.6,100.0,1.0,48.1,85.3,23161.5,86.1,9051.5,9163.2,"{'timestamp': '2026-09-15T06:43:22.728630+00:00', 'model_version': 'gemma4:latest', 'prompt_hash': 'fb427b98'}"
0,real_mixed_5,zs-es,468.3586411476135,52.26,0,0,"{
""Persons"": [
""Llibert Cuatrecasas"",
""Herwig Van Staa""
],
""Organizations"": [
""ACNUR"",
""Generalitat"",
""Congreso de Poderes Locales Regionales de Europa (CPLRE)"",
""Consejo de Europa""
],
""Locations"": [
""Angola"",
""Estrasburgo"",
""Francia"",
""Cataluña"",
""Europa"",
""Sudeste de Europa"",
""República Checa"",
""Macedonia"",
""Estonia"",
""Moldavia"",
""Polonia"",
""Europa Central""
]
}",direct_json,0.9444444444444444,0.8095238095238095,0.8717948717948718,0.0,0,6.9,86.2,1.1,45.1,85.3,22840.7,85.9,9051.5,9163.2,"{'timestamp': '2026-09-15T06:33:10.480532+00:00', 'model_version': 'gemma4:latest', 'prompt_hash': 'fb427b98'}"
9,real_mixed_46,zs-es,510.1168260574341,52.54,0,0,"{
""Persons"": [],
""Organizations"": [
""Las Américas"",
""Estados Unidos"",
""Congreso"",
""EFE"",
""FUERZAS ARMADAS"",
""Parlamento catalán"",
""CDC-UDC""
],
""Locations"": [
""Barcelona""
]
}",direct_json,0.875,0.4666666666666667,0.608695652173913,0.0,0,9.3,100.0,1.1,51.5,71.8,23644.9,86.4,9051.5,9163.2,"{'timestamp': '2026-09-15T06:44:18.331728+00:00', 'model_version': 'gemma4:latest', 'prompt_hash': 'fb427b98'}"
9,real_mixed_47,zs-es,537.5039210319519,52.26,0,0,"{
""Persons"": [
""Roberto Zambrano"",
""Boi Rodríguez"",
""José Luis Sandoval"",
""Cory Powell"",
""Pedro Castellano"",
""Miguel Rubio"",
""Will Flyn"",
""Pete Harthman"",
""José Núñez"",
""Santos Hernández"",
""José Solarte"",
""Francisco Campos"",
""Will Flynt"",
""Ravelo Manzanillo""
],
""Organizations"": [
""Cancún"",
""Monclova"",
""Diablos"",
""Diablos Rojos"",
""Tigres"",
""Piratas de Campeche""
],
""Locations"": [
""Saltillo"",
""Laredos"",
""Yucatán"",
""Tabasco"",
""Madrid""
]
}",direct_json,0.8,0.7142857142857143,0.7547169811320756,0.0,0,7.6,100.0,1.3,51.4,71.8,23571.2,86.4,9051.5,9163.2,"{'timestamp': '2026-09-15T06:44:45.736595+00:00', 'model_version': 'gemma4:latest', 'prompt_hash': 'fb427b98'}"
9,real_mixed_48,zs-es,472.7355680465698,52.42,0,0,"{
""Persons"": [
""Pablo Morales"",
""Casimiro Bellido""
],
""Organizations"": [
""Nuestra Señora del Romero"",
""Bolsa de Bogotá"",
""Bavaria""
],
""Locations"": [
""Cascante"",
""Pamplona"",
""Tudela"",
""Bogotá""
]
}",direct_json,0.8888888888888888,0.8,0.8421052631578948,0.0,0,7.3,63.4,1.3,51.3,71.8,23759.0,86.4,9051.5,9163.2,"{'timestamp': '2026-09-15T06:43:40.944365+00:00', 'model_version': 'gemma4:latest', 'prompt_hash': 'fb427b98'}"
9,real_mixed_49,zs-es,563.3707420825958,52.11,0,0,"{
""Persons"": [
""Xabier Kalparsoro"",
""Manuel Alvarez"",
""Mauricio Pastor""
],
""Organizations"": [
""Audiencia Provincial de Vizcaya"",
""ETA"",
""Jefatura Superior de Policía"",
""Asociación Contra la Tortura"",
""ayuntamiento de Zumaia"",
""Brigada de Información""
],
""Locations"": [
""Vizcaya"",
""Bilbao"",
""Durango"",
""Guipúzcoa"",
""Zumaia""
]
}",direct_json,0.7857142857142857,0.6111111111111112,0.6875000000000001,0.0,0,7.1,63.4,1.3,51.4,72.1,23507.3,86.3,9051.5,9163.2,"{'timestamp': '2026-09-15T06:45:11.594771+00:00', 'model_version': 'gemma4:latest', 'prompt_hash': 'fb427b98'}"
9,real_mixed_50,zs-es,492.01346611976624,52.45,0,0,"{
""Persons"": [
""José María Aznar"",
""Manuel Chaves"",
""Rafa Larreina""
],
""Organizations"": [
""Gobierno"",
""Palacio de la Moncloa"",
""XIII Cumbre Hispano-francesa"",
""EA"",
""PSE-EE""
],
""Locations"": [
""Palacio de la Magdalena de Santander"",
""La Moncloa"",
""Madrid"",
""París"",
""Vitoria"",
""San Sebastián""
]
}",direct_json,0.7857142857142857,0.5789473684210527,0.6666666666666667,0.0,0,7.2,63.4,1.2,51.5,72.1,23699.0,86.4,9051.5,9163.2,"{'timestamp': '2026-09-15T06:44:00.237602+00:00', 'model_version': 'gemma4:latest', 'prompt_hash': 'fb427b98'}"
10,real_mixed_51,zs-es,454.52925205230713,52.4,0,0,"{
""Persons"": [
""Antonio de la Rosa"",
""J. S. A."",
""José Pérez Cequera"",
""Andrés Hiniesta""
],
""Organizations"": [
""EFE"",
""Policía Local"",
""Hospital Virgen del Rocío""
],
""Locations"": [
""Matacán"",
""Castilla. León"",
""Barajas"",
""Ecija"",
""Sevilla""
]
}",direct_json,0.9166666666666666,0.7333333333333333,0.8148148148148148,0.0,0,7.2,50.0,1.3,53.1,71.1,23821.9,86.4,9051.5,9163.2,"{'timestamp': '2026-09-15T06:45:33.358977+00:00', 'model_version': 'gemma4:latest', 'prompt_hash': 'fb427b98'}"
10,real_mixed_52,zs-es,504.22502398490906,52.2,0,0,"{
""Persons"": [
""Oviedo"",
""Stephen McFarland"",
""Walter Bower"",
""Teresa Castanedo"",
""Antonio Mérida"",
""Manolo Lama"",
""Roberto Brasero""
],
""Organizations"": [
""I División de Caballería"",
""Estados Unidos"",
""EFE"",
""Telemadrid"",
""Real Madrid"",
""Valencia""
],
""Locations"": [
""Paraguay"",
""Asunción"",
""Madrid"",
""París"",
""Barajas"",
""Saint Denis""
]
}",direct_json,0.9473684210526315,0.8571428571428571,0.9,0.0,0,7.0,39.0,1.4,53.5,71.1,23664.3,86.4,9051.5,9163.2,"{'timestamp': '2026-09-15T06:46:23.061544+00:00', 'model_version': 'gemma4:latest', 'prompt_hash': 'fb427b98'}"
10,real_mixed_53,zs-es,537.986576795578,50.46,0,0,"{
""Persons"": [
""Rato"",
""Summers""
],
""Organizations"": [
""Gobierno"",
""Diputación Foral de Alava"",
""EFE""
],
""Locations"": [
""España"",
""Estados Unidos"",
""Vitoria"",
""Alava"",
""Elorriaga"",
""Navarra"",
""Lumbier"",
""Valladolid""
]
}",direct_json,0.8461538461538461,0.6875,0.7586206896551724,0.0,0,7.5,66.7,1.4,53.2,71.1,23567.9,86.4,9051.5,9163.2,"{'timestamp': '2026-09-15T06:46:56.816638+00:00', 'model_version': 'gemma4:latest', 'prompt_hash': 'fb427b98'}"
10,real_mixed_54,zs-es,517.4394729137421,52.92,0,0,"{
""Persons"": [
""Carlos Sánchez Polo""
],
""Organizations"": [
""Agencia EFE"",
""Junta""
],
""Locations"": [
""Mérida"",
""Extremadura"",
""Salvatierra de los Barros"",
""Badajoz"",
""Portugal""
]
}",direct_json,0.875,0.875,0.875,0.125,1,7.0,39.0,1.4,53.5,71.1,23625.2,86.4,9051.5,9163.2,"{'timestamp': '2026-09-15T06:46:36.260408+00:00', 'model_version': 'gemma4:latest', 'prompt_hash': 'fb427b98'}"
10,real_mixed_55,zs-es,479.91120982170105,52.17,0,0,"{
""Persons"": [
""Alfredo Sánchez Monteseirín""
],
""Organizations"": [
""Ararteko"",
""Juntas Generales de Bizkaia"",
""Mesa de Baleares"",
""EFE"",
""La Cartuja"",
""Universidad Pablo de Olavide"",
""Comité Olímpico Internacional (COI)""
],
""Locations"": [
""Sevilla"",
""Dos Hermanas"",
""Cádiz"",
""Córdoba"",
""Málaga"",
""Granada""
]
}",direct_json,0.8571428571428571,0.6,0.7058823529411764,0.0,0,7.1,39.0,1.3,53.4,71.1,23732.3,86.4,9051.5,9163.2,"{'timestamp': '2026-09-15T06:45:58.750562+00:00', 'model_version': 'gemma4:latest', 'prompt_hash': 'fb427b98'}"
11,real_mixed_56,zs-es,584.1190509796143,52.17,0,0,"{
""Persons"": [
""Chirac"",
""Aznar"",
""José María Aznar""
],
""Organizations"": [
""Consejo Europeo"",
""UE"",
""Escuela Taller de Restauración de Toledo""
],
""Locations"": [
""Castillo de Rambouillet"",
""Lisboa"",
""Austria"",
""Portugal"",
""América Latina"",
""Oriente Medio"",
""España"",
""Francia"",
""Toledo"",
""Reino Unido"",
""Dinamarca"",
""Suecia"",
""Italia"",
""Finlandia""
]
}",direct_json,0.75,0.5769230769230769,0.6521739130434783,0.0,0,9.5,100.0,1.6,58.5,164.4,23447.8,86.4,9051.5,9163.2,"{'timestamp': '2026-09-15T06:48:21.748587+00:00', 'model_version': 'gemma4:latest', 'prompt_hash': 'fb427b98'}"
11,real_mixed_57,zs-es,518.4465997219086,52.52,0,0,"{
""Persons"": [
""Vicente del Bosque"",
""Fernando Hierro"",
""Iván Campo"",
""Karanka"",
""Iván Helguera"",
""Raúl"",
""Anelka"",
""Morientes"",
""Héctor Cúper"",
""Farinós"",
""Gerardo"",
""Carlos Gardel"",
""López""
],
""Organizations"": [
""Valencia"",
""Madrid"",
""Racing de Avellaneda"",
""Lazio""
],
""Locations"": [
""Europa"",
""Roma"",
""Italia""
]
}",direct_json,1.0,0.9523809523809523,0.975609756097561,0.0,0,11.8,100.0,1.5,53.1,71.1,23615.2,86.4,9051.5,9163.2,"{'timestamp': '2026-09-15T06:47:16.066113+00:00', 'model_version': 'gemma4:latest', 'prompt_hash': 'fb427b98'}"
11,real_mixed_58,zs-es,539.203222990036,52.37,0,0,"{
""Persons"": [
""Juan Antonio Gómez Angulo"",
""Vicente del Bosque"",
""Emilio Butragueño"",
""Eduardo Zaplana""
],
""Organizations"": [
""EFE"",
""Real Madrid"",
""Consejo Superior de Deportes"",
""Valencia""
],
""Locations"": [
""París"",
""Saint Denis"",
""Versalles"",
""Chantilly"",
""Amsterdam"",
""Comunidad Valenciana"",
""Madrid""
]
}",direct_json,0.8666666666666667,0.7222222222222222,0.7878787878787877,0.0,0,9.7,100.0,1.4,53.5,71.1,23556.8,86.4,9051.5,9163.2,"{'timestamp': '2026-09-15T06:47:36.809397+00:00', 'model_version': 'gemma4:latest', 'prompt_hash': 'fb427b98'}"
11,real_mixed_59,zs-es,608.4240391254425,52.01,0,0,"{
""Persons"": [
""John C. Demers"",
""Matthew Schneider"",
""Vance R. Callender"",
""Dan Clutch"",
""Arash Yousefi Jam"",
""Arash Yousefijam"",
""Amin Yousefi Jam"",
""Amin Yousefijam"",
""Abdollah Momeni Roustani"",
""Abdollah Momeni"",
""Ab Momeni"",
""Amir Amiri"",
""Hank Moon"",
""Adam Barry""
],
""Organizations"": [
""Justice Department"",
""International Emergency Economic Powers Act (IEEPA)"",
""Iranian Transactions and Sanctions Regulations (ITSR)"",
""Homeland Security Investigations (HSI)"",
""U.S. Immigration and Customs Enforcement's Homeland Security Investigations (HSI)"",
""Department of Commerce"",
""Office of Export Enforcement (OEE) Chicago Field Office"",
""Counterintelligence and Export Control Section of the National Security Division"",
""Justice Department’s Office of International Affairs""
],
""Locations"": [
""Iran"",
""UAE"",
""United States"",
""Michigan"",
""Ohio"",
""Ontario"",
""Canada"",
""Eastern District of Michigan""
}",direct_json,0.32608695652173914,0.5769230769230769,0.41666666666666663,0.0,0,10.8,65.9,1.4,58.4,164.4,23394.5,86.4,9051.5,9163.2,"{'timestamp': '2026-09-15T06:48:46.026753+00:00', 'model_version': 'gemma4:latest', 'prompt_hash': 'fb427b98'}"
11,real_mixed_60,zs-es,559.3474359512329,52.44,0,0,"{
""Persons"": [
""Juan Luis Font""
],
""Organizations"": [
""El Periódico"",
""Siglo Veintiuno"",
""Nuestro Diario"",
""Guatemala Flash"",
""Relaciones Públicas de la Presidencia"",
""Secretaría de Comunicación Social de la Presidencia"",
""El Gobierno"",
""Ministerio Público"",
""Estado Mayor Presidencial (EMP)"",
""EFE""
],
""Locations"": [
""Santiago de Compostela""
]
}",direct_json,0.9166666666666666,0.7857142857142857,0.8461538461538461,0.0,0,12.9,100.0,1.4,54.4,164.2,23503.3,86.4,9051.5,9163.2,"{'timestamp': '2026-09-15T06:47:56.964208+00:00', 'model_version': 'gemma4:latest', 'prompt_hash': 'fb427b98'}"
12,real_mixed_61,zs-es,631.6342680454254,50.57,0,0,"{
""Persons"": [
""Merrick B. Garland"",
""Christopher Wray"",
""Yury Orekhov"",
""Artem Uss"",
""Svetlana Kuzurgasheva aka Lana Neumann"",
""Timofey Telegin"",
""Sergey Tulyakov"",
""Juan Fernando Serrano Ponce aka Juanfe Serrano"",
""Juan Carlos Soto"",
""Artie McConnell"",
""Scott A. Claffee""
],
""Organizations"": [
""Justice Department"",
""U.S. Attorneys’ Offices for the Eastern District of New York"",
""Department’s Task Force KleptoCapture"",
""U.S. District Court for the District of Connecticut"",
""Petroleos de Venezuela S.A. (PDVSA)"",
""Nord-Deutsche Industrieanlagenbau GmbH (NDA GmbH)"",
""FBI"",
""U.S. Department of Commerce""
],
""Locations"": [
""New York"",
""Connecticut"",
""Russia"",
""Ukraine"",
""Germany"",
""Italy"",
""U.S."",
""Venezuela"",
""Latvia"",
""Estonia"",
""Europe"",
""Latin America"",
""China"",
""Beijing"",
""Emirates""
]
}",direct_json,0.6470588235294118,0.6111111111111112,0.6285714285714287,0.029411764705882353,1,7.1,62.5,1.4,58.6,164.4,23361.9,86.4,9051.5,9163.2,"{'timestamp': '2026-09-15T06:50:38.034806+00:00', 'model_version': 'gemma4:latest', 'prompt_hash': 'fb427b98'}"
12,real_mixed_62,zs-es,561.1399400234222,52.14,0,0,"{
""Persons"": [
""Cristina Narbona"",
""Emanuele Leone"",
""Paloma Aguirre""
],
""Organizations"": [
""PSOE-Progresistas"",
""Ayuntamiento de Madrid"",
""Comisión de Medio Ambiente"",
""Unión Temporal de Empresas (UTE)"",
""Museo Extremeño. Iberoamericano de Arte Contemporáneo (MEIAC)"",
""4. L""
],
""Locations"": [
""Madrid"",
""Badajoz"",
""Lisboa"",
""Barcelona"",
""Extremadura""
]
}",direct_json,0.7857142857142857,0.6111111111111112,0.6875000000000001,0.0,0,7.1,62.5,1.5,58.9,164.4,23492.7,86.4,9051.5,9163.2,"{'timestamp': '2026-09-15T06:49:27.537147+00:00', 'model_version': 'gemma4:latest', 'prompt_hash': 'fb427b98'}"
12,real_mixed_63,zs-es,537.8616979122162,52.53,0,0,"{
""Persons"": [
""PUTIN""
],
""Organizations"": [
""Ejército de Sri Lanka"",
""guerrilla tamil"",
""Tigres de Liberación de la Patria Tamil"",
""Sociedad de Oncología Clínica"",
""CEI""
],
""Locations"": [
""Jafna"",
""SRI LANKA"",
""Minsk"",
""Rusia"",
""EEUU"",
""Nueva Orleáns"",
""Barcelona""
]
}",direct_json,0.6153846153846154,0.5333333333333333,0.5714285714285715,0.0,0,7.1,62.5,1.4,58.8,164.4,23553.7,86.4,9051.5,9163.2,"{'timestamp': '2026-09-15T06:49:04.247104+00:00', 'model_version': 'gemma4:latest', 'prompt_hash': 'fb427b98'}"
12,real_mixed_64,zs-es,598.6603651046753,52.3,0,0,"{
""Persons"": [],
""Organizations"": [
""ayuntamiento de Mollet del Vallés"",
""EFE""
],
""Locations"": [
""Mollet del Vallés"",
""Barcelona"",
""Ramón Casas""
]
}",direct_json,0.6,0.75,0.6666666666666665,0.0,0,7.0,62.5,1.4,58.8,164.4,23404.3,86.4,9051.5,9163.2,"{'timestamp': '2026-09-15T06:50:05.031079+00:00', 'model_version': 'gemma4:latest', 'prompt_hash': 'fb427b98'}"
12,real_mixed_65,zs-es,579.3492081165314,52.25,0,0,"{
""Persons"": [],
""Organizations"": [
""Caixa Catalunya"",
""AIAF"",
""Universidad del País Vasco"",
""Vicerrectorado del Campus de Guipúzcoa"",
""departamento vasco de Interior"",
""ETA""
],
""Locations"": [
""San Sebastián"",
""Guipúzcoa""
]
}",direct_json,0.625,0.45454545454545453,0.5263157894736842,0.0,0,7.2,100.0,1.4,58.9,164.4,23448.1,86.4,9051.5,9163.2,"{'timestamp': '2026-09-15T06:49:45.724205+00:00', 'model_version': 'gemma4:latest', 'prompt_hash': 'fb427b98'}"
13,real_mixed_66,zs-es,667.4969890117645,52.02,0,0,"{
""Persons"": [
""Juan Pereiro"",
""Wolfgang Schuessel"",
""Antonio Guterres""
],
""Organizations"": [
""Partido Popular (OEVP)"",
""Administración Regional"",
""Ayuntamiento de San Martín del Rey Aurelio"",
""Consejo de la UE"",
""Unión Europea (UE)""
],
""Locations"": [
""Viena"",
""Fradera"",
""El Entrego"",
""San Martín del Rey Aurelio"",
""Austria"",
""Portugal"",
""Italia"",
""Irlanda"",
""Las Azores"",
""Francia"",
""Alemania""
]
}",direct_json,0.5789473684210527,0.4230769230769231,0.4888888888888889,0.0,0,7.1,62.5,1.5,57.8,164.4,23750.6,86.2,9051.5,9163.2,"{'timestamp': '2026-09-15T06:51:40.164351+00:00', 'model_version': 'gemma4:latest', 'prompt_hash': 'fb427b98'}"
13,real_mixed_67,zs-es,745.0401740074158,52.11,0,0,"{
""Persons"": [
""Cuevas"",
""Iñaqui Ordóñez"",
""Ordóñez Mañas"",
""Manolo Cadenas""
],
""Organizations"": [
""UE"",
""CEOE"",
""Radio León"",
""Caja España Ademar"",
""Hameln"",
""Elgorriaga Bidasoa""
],
""Locations"": [
""Francia"",
""Italia"",
""Alemania"",
""Europa"",
""España"",
""León""
]
}",direct_json,0.9375,0.6818181818181818,0.7894736842105263,0.0,0,8.0,62.5,1.4,57.5,164.4,23575.8,86.2,9051.5,9163.2,"{'timestamp': '2026-09-15T06:52:57.692799+00:00', 'model_version': 'gemma4:latest', 'prompt_hash': 'fb427b98'}"
13,real_mixed_68,zs-es,640.6863660812378,32.71,0,0,"{""Persons"": [""Arash Yousefi Jam"", ""Abdollah Momeni Roustani"", ""Stephen J. Murphy"", ""Hank Moon"", ""Adam Barry""], ""Organizations"": [""Homeland Security Investigations"", ""Commerce Department’s Office of Export Enforcement"", ""Justice Department’s National Security Division"", ""Criminal Division’s Office of International Affairs""], ""Locations"": [""Iran"", ""Canada"", ""U.S."", ""Ontario"", ""Michigan"", ""United States"", ""United Arab Emirates""]}",direct_json,0.9375,0.7894736842105263,0.8571428571428572,0.0,0,7.1,62.5,1.4,58.2,164.4,23738.7,86.4,9051.5,9163.2,"{'timestamp': '2026-09-15T06:51:13.335784+00:00', 'model_version': 'gemma4:latest', 'prompt_hash': 'fb427b98'}"
13,real_mixed_69,zs-es,694.3662977218628,52.23,0,0,"{
""Persons"": [
""Fernando Zambrano"",
""Solari"",
""Kiko"",
""Anna Kournikova"",
""Lorenzo Sanz"",
""Vicente Del Bosque"",
""Guardiola"",
""Figo"",
""Rivaldo"",
""Víctor Fernández""
],
""Organizations"": [
""EFE"",
""Real Madrid"",
""Valencia"",
""Marca"",
""Espanyol"",
""Atlético de Madrid"",
""As"",
""Barcelona"",
""Juventus"",
""Mundo Deportivo"",
""Celta""
],
""Locations"": [
""Madrid"",
""París"",
""Mallorca"",
""Barcelona""
}",direct_json,0.5238095238095238,0.7857142857142857,0.6285714285714286,0.0,0,7.1,62.5,1.5,57.6,164.4,23684.9,86.2,9051.5,9163.2,"{'timestamp': '2026-09-15T06:52:07.032157+00:00', 'model_version': 'gemma4:latest', 'prompt_hash': 'fb427b98'}"
13,real_mixed_70,zs-es,718.2059819698334,52.27,0,0,"{
""Persons"": [
""Alberto Fernández"",
""Luis de Grandes"",
""Jorge Fernández"",
""Mariano Rajoy"",
""Javier Arenas"",
""Eduardo Zaplana"",
""José A. Delgado"",
""Miguel Sanz"",
""Mario Monti"",
""Garzain""
],
""Organizations"": [
""PP"",
""Parlament"",
""Congreso"",
""Generalitat valenciana"",
""Gobierno de Navarra"",
""comisario europeo de Competencia"",
""Ejecutivo comunitario""
],
""Locations"": [
""Madrid"",
""Cataluña"",
""Bruselas"",
""Navarra"",
""Pamplona""
}",direct_json,0.4117647058823529,0.56,0.4745762711864407,0.0,0,7.3,66.7,1.4,57.6,164.4,23630.2,86.2,9051.5,9163.2,"{'timestamp': '2026-09-15T06:52:30.862135+00:00', 'model_version': 'gemma4:latest', 'prompt_hash': 'fb427b98'}"
14,real_mixed_71,zs-es,709.0481541156769,52.15,0,0,"{
""Persons"": [
""Alberto Flamarique"",
""Luis Vázquez Villamor"",
""Silvio Ferreyra Fernández""
],
""Organizations"": [
""Mercosur"",
""Organización Internacional del Trabajo (OIT)""
],
""Locations"": [
""Bolivia"",
""Chile"",
""Ginebra"",
""Paraguay""
]
}",direct_json,0.6666666666666666,0.42857142857142855,0.5217391304347826,0.0,0,7.1,100.0,1.5,61.8,164.4,22733.7,85.9,9051.5,9163.2,"{'timestamp': '2026-09-15T06:54:07.495963+00:00', 'model_version': 'gemma4:latest', 'prompt_hash': 'fb427b98'}"
14,real_mixed_72,zs-es,685.7552421092987,52.21,0,0,"{
""Persons"": [
""Corín Tellado"",
""Miguel de Cervantes"",
""Luis Sepúlveda"",
""Rosa Regás"",
""Mario Delgado"",
""Vicente Alvarez Areces"",
""Paz Fernández Felgueroso""
],
""Organizations"": [
""Salón del Libro Iberoamericano"",
""Principado de Asturias""
],
""Locations"": [
""Gijón"",
""España"",
""Uruguay""
]
}",direct_json,0.9166666666666666,0.6470588235294118,0.7586206896551724,0.0,0,7.0,100.0,1.5,61.7,164.4,22754.2,85.9,9051.5,9163.2,"{'timestamp': '2026-09-15T06:53:44.209937+00:00', 'model_version': 'gemma4:latest', 'prompt_hash': 'fb427b98'}"
14,real_mixed_73,zs-es,661.8056671619415,52.16,0,0,"{
""Persons"": [
""Mariano Rajoy"",
""Diego López Garrido"",
""Cardenal""
],
""Organizations"": [
""Gobierno"",
""Consejo de RTVE"",
""Junta Electoral Central"",
""Consejo de Universidades"",
""Comisión Constitucional del Congreso"",
""PNV"",
""Consejo audiovisual de contenidos"",
""fiscal general del Estado""
],
""Locations"": [
""Madrid""
]
}",direct_json,0.8333333333333334,0.625,0.7142857142857143,0.0,0,9.2,75.0,1.5,61.8,164.4,22778.3,85.9,9051.5,9163.2,"{'timestamp': '2026-09-15T06:53:20.253405+00:00', 'model_version': 'gemma4:latest', 'prompt_hash': 'fb427b98'}"
14,real_mixed_74,zs-es,744.9377009868622,52.29,0,0,"{
""Persons"": [
""Manceñido"",
""José Alfonso Martos"",
""Celia Villalobos""
],
""Organizations"": [
""Consejo General del Colegio de Farmacéuticos"",
""Satse"",
""Insalud"",
""CCAA"",
""Organización Mundial de la Salud (OMS)""
],
""Locations"": [
""Madrid"",
""española"",
""España""
]
}",direct_json,0.9090909090909091,0.8333333333333334,0.8695652173913043,0.0,0,8.5,62.5,1.5,61.8,164.4,22701.7,85.9,9051.5,9163.2,"{'timestamp': '2026-09-15T06:54:43.383756+00:00', 'model_version': 'gemma4:latest', 'prompt_hash': 'fb427b98'}"
14,real_mixed_75,zs-es,724.1949889659882,52.47,0,0,"{""Persons"": [], ""Organizations"": [""EFE"", ""Kwoon Saholin"", ""Karate Kyukushinkai""], ""Locations"": [""Sestao"", ""Vizcaya""]}",direct_json,0.8,0.8,0.8000000000000002,0.0,0,7.9,100.0,1.5,61.8,164.4,22719.5,85.9,9051.5,9163.2,"{'timestamp': '2026-09-15T06:54:22.628853+00:00', 'model_version': 'gemma4:latest', 'prompt_hash': 'fb427b98'}"
15,real_mixed_76,zs-es,735.5875160694122,53.12,0,0,"{
""Persons"": [],
""Organizations"": [
""TELEDIARIO-4"",
""UEFA CHAMPIONS LEAGUE"",
""EURONEWS""
],
""Locations"": [
""LAPONIA""
]
}",direct_json,0.0,0.0,0.0,0.0,0,7.4,100.0,1.5,61.9,164.4,22565.2,86.0,9051.5,9163.2,"{'timestamp': '2026-09-15T06:54:55.426793+00:00', 'model_version': 'gemma4:latest', 'prompt_hash': 'fb427b98'}"
15,real_mixed_77,zs-es,763.4923548698425,52.21,0,0,"{
""Persons"": [
""Wieczorek-Zeul"",
""Carlos Lage"",
""Felipe Pérez Roque"",
""Marta Lomas"",
""Carlos Dotres"",
""Luis Gómez Echeverri"",
""Elizardo Sánchez"",
""Marcelino Iglesias"",
""José Angel Biel"",
""Javier Callizo"",
""Javier Lambán""
],
""Organizations"": [
""Gobierno cubano"",
""plan nacional de Cuba"",
""Escuela Latinoamericana de Medicina"",
""gobierno alemán"",
""Programa de Naciones Unidas para el Desarrollo (PNUD)"",
""Comisión Cubana de Derechos Humanos. Reconciliación Nacional (CCDHRN)"",
""Gobierno de Aragón"",
""Diputación de Zaragoza""
],
""Locations"": [
""Alemania"",
""Cuba"",
""Fuentes de Ebro"",
""Zaragoza"",
""España"",
""Aragón""
]
}",direct_json,0.72,0.782608695652174,0.7499999999999999,0.0,0,6.8,62.5,1.5,62.6,164.4,22548.7,86.0,9051.5,9163.2,"{'timestamp': '2026-09-15T06:55:23.363456+00:00', 'model_version': 'gemma4:latest', 'prompt_hash': 'fb427b98'}"
15,real_mixed_78,zs-es,826.2124638557434,51.56,0,0,"{
""Persons"": [
""Joseph Kabila""
],
""Organizations"": [
""Kwanza Capital"",
""The Sentry"",
""Financial Action Task Force (FATF)""
],
""Locations"": [
""Kinshasa"",
""Democratic Republic of Congo"",
""Congo"",
""Swiss"",
""Angolan"",
""Chinese"",
""French"",
""U.S."",
""Congolese"",
""sub-Saharan Africa""
]
}",direct_json,0.42857142857142855,0.8571428571428571,0.5714285714285714,0.0,0,7.0,100.0,1.5,62.5,164.4,22515.5,86.0,9051.5,9163.2,"{'timestamp': '2026-09-15T06:56:26.060944+00:00', 'model_version': 'gemma4:latest', 'prompt_hash': 'fb427b98'}"
15,real_mixed_79,zs-es,846.4668920040131,50.58,0,0,"{
""Persons"": [
""Nathaniel McGill"",
""Sayma Syrenius Cephus"",
""Bill Twehway"",
""Brian E. Nelson"",
""George Weah""
],
""Organizations"": [
""U.S. Department of the Treasury’s Office of Foreign Assets Control (OFAC)"",
""United States"",
""National Port Authority (NPA)""
],
""Locations"": [
""WASHINGTON"",
""Liberia"",
""Buchanan""
]
}",direct_json,0.8181818181818182,0.75,0.7826086956521738,0.0,0,7.4,100.0,1.5,62.5,164.4,22507.7,86.0,9051.5,9163.2,"{'timestamp': '2026-09-15T06:56:46.311330+00:00', 'model_version': 'gemma4:latest', 'prompt_hash': 'fb427b98'}"
15,real_mixed_80,zs-es,797.5056068897247,51.73,0,0,"{
  ""Persons"": [
    ""Eriks Mamonovs"",
    ""Vadims Ananics"",
    ""Stanislav Romanyuk"",
    ""Janis Uzbalis"",
    ""Vanessa Roberts Avery"",
    ""Rahul Kale"",
    ""Konstantin Lantsman"",
    ""Matthew Anzaldi""
  ],
  ""Organizations"": [
    ""United States"",
    ""District of Connecticut"",
    ""CNC Weld"",
    ""BY Trade OU"",
    ""HSI"",
    ""Department of Commerce"",
    ""FBI"",
    ""U.S. Attorney"",
    ""Justice Department"",
    ""Office of Export Enforcement"",
    ""Prosecutor-General’s Offices of the Republic of Latvia"",
    ""Latvian State Revenue Service"",
    ""Estonian Tax and Customs Board"",
    ""Latvian State Police"",
    ""Task Force KleptoCapture""
  ],
  ""Locations"": [
    ""Connecticut"",
    ""Latvia"",
    ""Ukraine"",
    ""Estonia"",
    ""Russia"",
    ""Riga"",
    ""Tallinn"",
    ""New Haven"",
    ""Portland (Ore.)"",
    ""The Hague"",
    ""Netherlands"",
    ""Boston""
  ]
}",direct_json,0.6285714285714286,0.7857142857142857,0.6984126984126985,0.0,0,6.7,62.5,1.5,62.8,164.4,22528.4,86.0,9051.5,9163.2,"{'timestamp': '2026-09-15T06:55:57.374712+00:00', 'model_version': 'gemma4:latest', 'prompt_hash': 'fb427b98'}"
16,real_mixed_81,zs-es,842.1060931682587,51.82,0,0,"{
""Persons"": [
""José Zamarriego"",
""Juliana Fariñas"",
""José Luis Vega"",
""Inés Fernández""
],
""Organizations"": [
""La Junta Electoral del Ilustre Colegio de Oficial de Médicos de Madrid (ICOMEM)"",
""Colegio de Médicos de Madrid"",
""EFE""
],
""Locations"": [
""Castilla-La Mancha"",
""Madrid"",
""España""
]
}",direct_json,0.9,0.6428571428571429,0.75,0.0,0,8.4,100.0,1.4,62.5,164.4,22512.8,86.0,9051.5,9163.2,"{'timestamp': '2026-09-15T06:57:03.025105+00:00', 'model_version': 'gemma4:latest', 'prompt_hash': 'fb427b98'}"
16,real_mixed_82,zs-es,915.965245962143,52.18,0,0,"{
""Persons"": [
""Milosevic"",
""Máximo Cajal"",
""Guillermo Ruiz Polanco"",
""Rigoberta Menchú"",
""Gregorio Yujá""
],
""Organizations"": [
""Gobierno yugoslavo"",
""Audiencia Nacional"",
""España"",
""misión española""
],
""Locations"": [
""Belgrado"",
""Madrid"",
""Guatemala"",
""Quiché"",
""La Seu d'Urgell"",
""Lleida""
]
}",direct_json,0.7333333333333333,0.6470588235294118,0.6875,0.0,0,8.1,100.0,1.4,62.2,164.4,22479.2,86.0,9051.5,9163.2,"{'timestamp': '2026-09-15T06:58:16.891089+00:00', 'model_version': 'gemma4:latest', 'prompt_hash': 'fb427b98'}"
16,real_mixed_83,zs-es,893.7486379146576,52.48,0,0,"{
""Persons"": [
""Antonio Varriale"",
""Iván Parra"",
""Karsten Kroon"",
""Angel Vicioso"",
""Davor Suker""
],
""Organizations"": [
""Panaria"",
""Real Madrid"",
""Valencia""
],
""Locations"": [
""Padua"",
""Zagreb"",
""París""
]
}",direct_json,1.0,0.8461538461538461,0.9166666666666666,0.0,0,7.2,100.0,1.4,62.3,164.4,22489.3,86.0,9051.5,9163.2,"{'timestamp': '2026-09-15T06:57:54.657802+00:00', 'model_version': 'gemma4:latest', 'prompt_hash': 'fb427b98'}"
16,real_mixed_84,zs-es,876.0369930267334,52.6,0,0,"{
""Persons"": [
""Thomas Middelhoff"",
""Miguel García-Durán""
],
""Organizations"": [
""Bertelsmann"",
""Telefónica"",
""Antena-3 Televisión"",
""Grupo Telefónica""
],
""Locations"": [
""Madrid"",
""Albacete""
]
}",direct_json,1.0,0.7272727272727273,0.8421052631578948,0.0,0,7.8,75.0,1.5,62.5,164.4,22495.8,86.0,9051.5,9163.2,"{'timestamp': '2026-09-15T06:57:36.954249+00:00', 'model_version': 'gemma4:latest', 'prompt_hash': 'fb427b98'}"
16,real_mixed_85,zs-es,859.3361039161682,52.45,0,0,"{
""Persons"": [
""Joaquín Almería"",
""Miki Tzavella"",
""Costas Simitis"",
""Dimitris Reppas"",
""Theodore Pangalos""
],
""Organizations"": [
""EFE"",
""Comité organizador de los juego olímpicos de Atenas 2004"",
""Nueva Democracia"",
""gobierno heleno""
],
""Locations"": [
""Atenas""
]
}",direct_json,0.8,0.8888888888888888,0.8421052631578948,0.0,0,8.8,100.0,1.5,62.5,164.4,22504.6,86.0,9051.5,9163.2,"{'timestamp': '2026-09-15T06:57:20.244605+00:00', 'model_version': 'gemma4:latest', 'prompt_hash': 'fb427b98'}"
17,real_mixed_86,zs-es,940.2856369018555,52.33,0,0,"{
""Persons"": [
""Francesc Salvatella"",
""Pol Amat"",
""Joaquín Calvo"",
""Xavi Arnau""
],
""Organizations"": [
""Egara"",
""Real Club de Polo de Barcelona"",
""Federación Española"",
""Federación Catalana"",
""Atlétic Terrassa""
],
""Locations"": [
""Barcelona"",
""San Sebastián""
}",direct_json,0.4444444444444444,0.5714285714285714,0.5,0.0,0,7.8,100.0,1.5,62.1,164.4,22468.1,86.0,9051.5,9163.2,"{'timestamp': '2026-09-15T06:59:03.079935+00:00', 'model_version': 'gemma4:latest', 'prompt_hash': 'fb427b98'}"
17,real_mixed_87,zs-es,975.7385880947113,52.45,0,0,"{
""Persons"": [
""Zambrano"",
""Emilio Oliva Calahorra""
],
""Organizations"": [
""Rayo Vallecano"",
""Atlético de Madrid"",
""B"",
""EFE""
],
""Locations"": [
""España"",
""LA RIOJA""
]
}",direct_json,0.75,0.5454545454545454,0.631578947368421,0.0,0,6.7,62.5,1.4,61.8,164.4,22456.3,86.0,9051.5,9163.2,"{'timestamp': '2026-09-15T06:59:38.518882+00:00', 'model_version': 'gemma4:latest', 'prompt_hash': 'fb427b98'}"
17,real_mixed_88,zs-es,990.791345834732,52.84,0,0,"{
""Persons"": [],
""Organizations"": [
""PP"",
""Diputación"",
""UEX"",
""Asociación para el Desarrollo Rural Jerez-Sierra Suroeste""
],
""Locations"": [
""Badajoz"",
""Mérida"",
""Casar de Palomero""
]
}",direct_json,0.8571428571428571,0.75,0.7999999999999999,0.0,0,8.0,62.5,1.4,61.7,164.4,22450.8,86.0,9051.5,9163.2,"{'timestamp': '2026-09-15T06:59:53.567387+00:00', 'model_version': 'gemma4:latest', 'prompt_hash': 'fb427b98'}"
17,real_mixed_89,zs-es,959.9894161224365,52.39,0,0,"{
""Persons"": [
""Sabin Intxaurraga"",
""Fernando Maura""
],
""Organizations"": [
""Partido Popular"",
""Gobierno vasco"",
""Consejo Económico. Social (CES)"",
""Parlamento Vasco""
],
""Locations"": [
""Bilbao""
]
}",direct_json,0.8571428571428571,0.42857142857142855,0.5714285714285714,0.0,0,8.4,62.5,1.4,62.0,164.4,22461.9,86.0,9051.5,9163.2,"{'timestamp': '2026-09-15T06:59:22.774026+00:00', 'model_version': 'gemma4:latest', 'prompt_hash': 'fb427b98'}"
17,real_mixed_90,zs-es,918.9099009037018,52.32,0,0,"{
""Persons"": [
""Miguel Angel Vives"",
""Augusto Méndez de Lugo"",
""Pedro Pacheco""
],
""Organizations"": [
""Liga de Campeones"",
""Real Madrid"",
""Catedral de Valencia"",
""cofradía de San Vicente Mártir"",
""Tribunal Superior de Justicia de Andalucía""
],
""Locations"": [
""Villafranca"",
""Extremadura"",
""Valencia"",
""Saint Denis"",
""París"",
""Comunidad Valenciana"",
""Navarrés"",
""Onteniente"",
""Alicante"",
""Granada"",
""Andalucía"",
""Los Garciagos"",
""Jerez""
]
}",direct_json,0.7619047619047619,0.7272727272727273,0.7441860465116279,0.0,0,7.0,100.0,1.5,62.1,164.4,22474.8,86.0,9051.5,9163.2,"{'timestamp': '2026-09-15T06:58:41.712773+00:00', 'model_version': 'gemma4:latest', 'prompt_hash': 'fb427b98'}"
18,real_mixed_91,zs-es,1000.3641767501831,52.33,0,0,"{
""Persons"": [
""Paca Sauquillo"",
""Manuel Carmena"",
""Carmen Alborch"",
""Carmen Romero"",
""Eduardo Corchero"",
""Guillermo Fernández Vara""
],
""Organizations"": [
""ORT"",
""PSOE"",
""Hospital \"" Infanta Cristina \""""
],
""Locations"": [
""Madrid"",
""Badajoz"",
""España"",
""Extremadura""
]
}",direct_json,1.0,0.7647058823529411,0.8666666666666666,0.0,0,7.9,62.5,1.4,61.8,164.4,22717.1,86.0,9051.5,9163.2,"{'timestamp': '2026-09-15T07:01:52.020614+00:00', 'model_version': 'gemma4:latest', 'prompt_hash': 'fb427b98'}"
18,real_mixed_92,zs-es,952.5304179191589,33.66,0,0,"{
""Persons"": [
""Freeh"",
""Serrano"",
""Pedro Albizu Campos"",
""Cecil Snyder"",
""Edgar Hoover"",
""Luis Muñoz Marín""
],
""Organizations"": [
""Partido Nacionalista de Puerto Rico"",
""FBI"",
""Daily News""
],
""Locations"": [
""El Bronx"",
""Nueva York"",
""Washington"",
""Puerto Rico"",
""EEUU"",
""Atlanta"",
""San Juan""
]
}",direct_json,0.875,0.6666666666666666,0.7567567567567567,0.0,0,6.8,62.5,1.4,62.0,164.4,22661.3,86.0,9051.5,9163.2,"{'timestamp': '2026-09-15T07:01:04.192854+00:00', 'model_version': 'gemma4:latest', 'prompt_hash': 'fb427b98'}"
18,real_mixed_93,zs-es,918.3288819789886,52.52,0,0,"{
""Persons"": [
""Antonio Gana"",
""Ricardo Puno"",
""Joseph Estrada""
],
""Organizations"": [
""EFE"",
""Philippine Airlines (PAL)"",
""DZMM"",
""Oficina de Aviación Civil"",
""DZRB""
],
""Locations"": [
""Manila"",
""Antipolo"",
""Davao"",
""Mindanao"",
""Jerusalén""
]
}",direct_json,1.0,0.8666666666666667,0.9285714285714286,0.0,0,8.5,100.0,1.4,62.7,164.4,22467.5,86.0,9051.5,9163.2,"{'timestamp': '2026-09-15T07:00:29.979327+00:00', 'model_version': 'gemma4:latest', 'prompt_hash': 'fb427b98'}"
18,real_mixed_94,zs-es,978.0689060688019,49.16,0,0,"{""Persons"": [""Charles Taylor"", ""Redondo"", ""McManaman"", ""Raul"", ""Di Stefano"", ""Kopa"", ""Cuper"", ""Moriente""], ""Organizations"": [""Naciones Unidas"", ""FRU"", ""Real Madrid"", ""Valencia"", ""Barcelona"", ""Lazio"", ""la Gazzetta dello Sport"", ""Corriere dellos Sport""], ""Locations"": [""Roma"", ""España""]}",direct_json,1.0,0.8181818181818182,0.9,0.0,0,10.2,62.5,1.4,62.0,164.4,22732.5,86.0,9051.5,9163.2,"{'timestamp': '2026-09-15T07:01:29.738305+00:00', 'model_version': 'gemma4:latest', 'prompt_hash': 'fb427b98'}"
18,real_mixed_95,zs-es,900.1486048698425,52.31,0,0,"{
""Persons"": [],
""Organizations"": [
""EFECOM"",
""institución ferial bilbaína"",
""Expovacaciones"",
""Expoconsumo"",
""Mundo Maya""
],
""Locations"": [
""Bilbao"",
""Castilla. León"",
""Benissa"",
""Torremolinos"",
""Málaga"",
""Madrid""
]
}",direct_json,0.6363636363636364,0.875,0.7368421052631579,0.0,0,7.9,100.0,1.5,62.6,164.4,22474.4,86.0,9051.5,9163.2,"{'timestamp': '2026-09-15T07:00:11.795246+00:00', 'model_version': 'gemma4:latest', 'prompt_hash': 'fb427b98'}"
19,real_mixed_96,zs-es,957.0347893238068,52.42,0,0,"{
""Persons"": [
""Kily González"",
""Jorge Candel"",
""Héctor Cúper""
],
""Organizations"": [
""Eurobank"",
""Tribunal de Estocolmo"",
""BCR"",
""Valencia"",
""Liga de Campeones"",
""Real Madrid""
],
""Locations"": [
""París"",
""Suiza"",
""Luxemburgo"",
""Francia"",
""Madrid""
]
}",direct_json,0.7142857142857143,0.7142857142857143,0.7142857142857143,0.0,0,6.7,59.0,1.4,62.5,164.4,22736.8,86.0,9051.5,9163.2,"{'timestamp': '2026-09-15T07:02:53.926362+00:00', 'model_version': 'gemma4:latest', 'prompt_hash': 'fb427b98'}"
19,real_mixed_97,zs-es,998.5194630622864,52.48,0,0,"{
""Persons"": [
""Del Bosque"",
""Zambrano"",
""Irureta"",
""Rojo""
],
""Organizations"": [
""Real Madrid"",
""Agencia Efe"",
""Atlético"",
""Copa del Rey"",
""Ayuntamiento""
],
""Locations"": [
""Madrid"",
""Chamartín"",
""Hortaleza"",
""Barajas""
]
}",direct_json,0.9230769230769231,0.9230769230769231,0.9230769230769231,0.0,0,6.7,59.0,1.3,62.1,164.4,22712.8,86.0,9051.5,9163.2,"{'timestamp': '2026-09-15T07:03:35.402323+00:00', 'model_version': 'gemma4:latest', 'prompt_hash': 'fb427b98'}"
19,real_mixed_98,zs-es,936.6241147518158,52.07,0,0,"{
""Persons"": [
""Anne Gazeau-Secret"",
""Antoine Lahad"",
""Jacques Chirac"",
""Emile Lahoud"",
""Ehud Barak"",
""Hafed El Asad"",
""Kofi Annan""
],
""Organizations"": [
""Ministerio francés de Asuntos Exteriores"",
""Ejército del Sur del Líbano (ESL)"",
""Ejército israelí"",
""Palacio del Elíseo"",
""ONU"",
""Consejo de Seguridad"",
""Fuerza Interina de Naciones Unidas en el Líbano (FINUL)"",
""Le Figaro""
],
""Locations"": [
""Francia"",
""Israel"",
""Líbano"",
""París"",
""Tel Aviv"",
""Siria"",
""Oriente Medio""
]
}",direct_json,0.8181818181818182,0.5294117647058824,0.6428571428571428,0.0,0,7.1,100.0,1.4,62.6,164.4,22751.5,86.0,9051.5,9163.2,"{'timestamp': '2026-09-15T07:02:33.528098+00:00', 'model_version': 'gemma4:latest', 'prompt_hash': 'fb427b98'}"
19,real_mixed_99,zs-es,909.5402522087097,52.86,0,0,"{
""Persons"": [
""José Luis Díez"",
""Francisco Muñoz""
],
""Organizations"": [
""Pleno de la Asamblea de Extremadura"",
""Feria de Muestras de la Campiña Sur de Extremadura (FECSUR)""
],
""Locations"": [
""Mérida"",
""Extremadura"",
""Montijo"",
""Badajoz"",
""Azuaga""
]
}",direct_json,0.6666666666666666,1.0,0.8,0.0,0,6.7,59.0,1.4,62.6,164.4,22772.0,86.0,9051.5,9163.2,"{'timestamp': '2026-09-15T07:02:06.413437+00:00', 'model_version': 'gemma4:latest', 'prompt_hash': 'fb427b98'}"
19,real_mixed_100,zs-es,980.3164260387421,52.22,0,0,"{
""Persons"": [],
""Organizations"": [
""Hizbulá"",
""Amal"",
""ESL""
],
""Locations"": [
""Beaufort"",
""Líbano"",
""La Bekaa"",
""Maryayun"",
""Hasbaya"",
""Chebaa"",
""Golán"",
""Bent Jebel"",
""Ain Ebel"",
""Debel"",
""Rmeich"",
""Aalma Achab"",
""Al Kuazah"",
""Israel""
]
}",direct_json,1.0,0.8095238095238095,0.8947368421052632,0.0,0,6.7,60.0,1.3,62.3,164.4,22722.3,86.0,9051.5,9163.2,"{'timestamp': '2026-09-15T07:03:17.208340+00:00', 'model_version': 'gemma4:latest', 'prompt_hash': 'fb427b98'}"
20,real_mixed_101,zs-es,971.8608610630035,52.45,0,0,"{
""Persons"": [
""Margarita Robles""
],
""Organizations"": [
""Audiencia Nacional"",
""Forum Deusto"",
""Universidad de Deusto"",
""EFE"",
""Iglesia católica""
],
""Locations"": [
""Bilbao"",
""España"",
""Buenos Aires"",
""Argentina""
]
}",direct_json,0.6,0.5,0.5454545454545454,0.0,0,6.9,61.5,1.3,59.3,80.1,22728.4,85.9,9051.5,9163.2,"{'timestamp': '2026-09-15T07:04:57.937166+00:00', 'model_version': 'gemma4:latest', 'prompt_hash': 'fb427b98'}"
20,real_mixed_102,zs-es,951.6536860466003,53.29,0,0,"{""Persons"": [], ""Organizations"": [], ""Locations"": [""Cantabria""]}",direct_json,1.0,1.0,1.0,0.0,0,6.8,59.0,1.3,59.4,80.1,22743.9,85.9,9051.5,9163.2,"{'timestamp': '2026-09-15T07:04:37.719862+00:00', 'model_version': 'gemma4:latest', 'prompt_hash': 'fb427b98'}"
20,real_mixed_103,zs-es,944.6590528488159,53.26,0,0,"{
""Persons"": [],
""Organizations"": [],
""Locations"": [
""Mallorca"",
""Andalucía"",
""Canarias""]
}",direct_json,1.0,1.0,1.0,0.0,0,7.4,100.0,1.3,59.5,80.1,22745.3,85.9,9051.5,9163.2,"{'timestamp': '2026-09-15T07:04:30.728010+00:00', 'model_version': 'gemma4:latest', 'prompt_hash': 'fb427b98'}"
20,real_mixed_104,zs-es,910.6669030189514,52.32,0,0,"{
""Persons"": [
""José Antonio Camacho"",
""Francisco Roig""
],
""Organizations"": [
""Hizbulá"",
""Amal"",
""EFE"",
""Real Madrid"",
""Valencia""
],
""Locations"": [
""Jerusalén"",
""Karkum"",
""Galilea"",
""Israel"",
""París"",
""Vigo"",
""Saint Denis"",
""La Toja"",
""Holanda"",
""Bélgica""
]
}",direct_json,0.9411764705882353,0.7619047619047619,0.8421052631578947,0.0,0,7.5,100.0,1.3,59.5,80.1,22766.2,85.9,9051.5,9163.2,"{'timestamp': '2026-09-15T07:03:56.755124+00:00', 'model_version': 'gemma4:latest', 'prompt_hash': 'fb427b98'}"
20,real_mixed_105,zs-es,935.2495379447937,52.24,0,0,"{
""Persons"": [
""M. A."",
""K. B."",
""O. S."",
""J. L. C. C."",
""Ramón Rabanera""
],
""Organizations"": [
""Policía Municipal"",
""Efe"",
""Diputación alavesa"",
""Consejo de Diputados""
],
""Locations"": [
""Tetuán"",
""Cicerón"",
""Raimundo Fernández Villaverde"",
""Plaza de las Ventas"",
""Vitoria""
]
}",direct_json,0.7857142857142857,0.7333333333333333,0.7586206896551724,0.0,0,7.5,100.0,1.3,59.5,80.1,22755.7,85.9,9051.5,9163.2,"{'timestamp': '2026-09-15T07:04:21.332756+00:00', 'model_version': 'gemma4:latest', 'prompt_hash': 'fb427b98'}"
21,real_mixed_106,zs-es,980.1525256633759,53.1,0,0,"{""Persons"": [], ""Organizations"": [""Lico Corporación""], ""Locations"": [""Madrid""]}",direct_json,1.0,0.6666666666666666,0.8,0.0,0,7.3,100.0,1.2,58.6,80.1,22711.5,85.9,9051.5,9163.2,"{'timestamp': '2026-09-15T07:06:58.237364+00:00', 'model_version': 'gemma4:latest', 'prompt_hash': 'fb427b98'}"
21,real_mixed_107,zs-es,971.6315207481384,50.34,0,0,"{
""Persons"": [
""Bill Twehway"",
""Charles MacArthur D. Gull"",
""Peter Twehway"",
""Christian D. Brownell"",
""Sidiki Fofana"",
""Kanio Bai Gbala"",
""Zarylee Gbala""
],
""Organizations"": [
""Liberia Anti-Corruption Commission (LACC)"",
""National Port Authority (NPA)"",
""Facebook"",
""iCloud"",
""FrontPageAfrica"",
""Creative Developers Inc. (CDI)"",
""Global Tracking Management Service""
],
""Locations"": [
""MONROVIA""
]
}",direct_json,0.8,0.8571428571428571,0.8275862068965518,0.0,0,6.7,60.0,1.2,58.6,80.1,22715.7,85.9,9051.5,9163.2,"{'timestamp': '2026-09-15T07:06:49.729643+00:00', 'model_version': 'gemma4:latest', 'prompt_hash': 'fb427b98'}"
21,real_mixed_108,zs-es,935.7879967689514,52.35,0,0,"{
""Persons"": [
""Valledor""
],
""Organizations"": [
""Agencia de Desarrollo Rural"",
""EFE"",
""Dow Jones de Industriales"",
""Nasdaq"",
""SS&P500"",
""New York Stock Exchange"",
""Reserva Federal""
],
""Locations"": [
""Nueva York"",
""Wall Street"",
""Estados Unidos""
]
}",direct_json,0.45454545454545453,0.625,0.5263157894736842,0.0,0,8.4,100.0,1.2,58.9,80.1,22737.2,85.9,9051.5,9163.2,"{'timestamp': '2026-09-15T07:06:13.889371+00:00', 'model_version': 'gemma4:latest', 'prompt_hash': 'fb427b98'}"
21,real_mixed_109,zs-es,887.8536550998688,52.08,0,0,"{
""Persons"": [
""Joaquín Almunia"",
""Amparo Rubiales"",
""José Antonio Labordeta"",
""Carmen Alborch"",
""Esteban González Pons"",
""Alfonso Guerra"",
""José Borrell"",
""José María Aznar"",
""Jacques Chirac"",
""Lionel Jospin""
],
""Organizations"": [
""PSOE"",
""Congreso"",
""Chunta Aragonesista"",
""PP"",
""Senado"",
""Gobiernos de España"",
""Gobiernos de Francia""
],
""Locations"": [
""Bilbao"",
""Valencia"",
""Zaragoza"",
""París"",
""Santander"",
""España"",
""Francia"",
""Pirineo""
]
}",direct_json,0.8,0.6896551724137931,0.7407407407407408,0.0,0,8.3,59.0,1.2,59.2,80.1,22769.2,85.9,9051.5,9163.2,"{'timestamp': '2026-09-15T07:05:25.974638+00:00', 'model_version': 'gemma4:latest', 'prompt_hash': 'fb427b98'}"
21,real_mixed_110,zs-es,919.0469026565552,52.03,0,0,"{
""Persons"": [
""Feliciano Echarte Azcárate"",
""Manuel Ariztia Cestona"",
""Matías Echarte Azcárate"",
""Nieves Daguerre Goñi"",
""Juan José Mayora Apeceche"",
""Feliciano Echarte"",
""Manuel Ariztia"",
""Nieves Daguerre"",
""José Mayora""
],
""Organizations"": [
""Audiencia Provincial de Navarra"",
""Juzgado de Paz de Elizondo"",
""Guardia Civil"",
""Juzgado de Instrucción"",
""Ministerio Público""
],
""Locations"": [
""Pamplona"",
""Navarra"",
""Garzain"",
""Elizondo""
]
}",direct_json,0.7777777777777778,0.5833333333333334,0.6666666666666666,0.0,0,7.9,100.0,1.2,59.0,80.1,22742.6,85.9,9051.5,9163.2,"{'timestamp': '2026-09-15T07:05:57.159269+00:00', 'model_version': 'gemma4:latest', 'prompt_hash': 'fb427b98'}"
22,real_mixed_111,zs-es,922.6613910198212,52.57,0,0,"{
""Persons"": [
""Iker Casillas"",
""Michel Salgado"",
""Karanka"",
""Iván Campo"",
""Helguera"",
""Roberto Carlos"",
""McManaman"",
""Redondo"",
""Raúl"",
""Anelka"",
""Morientes"",
""Cañizares"",
""Angloma"",
""Pellegrino"",
""Djukic"",
""Gerardo"",
""Mendieta"",
""Farinós"",
""Gerard"",
""Kily González"",
""Angulo"",
""Piojo López"",
""Stefano Braschi"",
""Esteban Murillo Zubiri"",
""Benk Korthals""
],
""Organizations"": [
""Real Madrid"",
""Valencia CF"",
""ETA"",
""Tribunal del Distrito de La Haya""
],
""Locations"": [
""Italia"",
""Saint Denis"",
""La Haya"",
""España""
]
}",direct_json,0.9696969696969697,0.9411764705882353,0.955223880597015,0.0,0,8.2,100.0,1.1,59.1,80.1,22421.0,86.0,9051.5,9163.2,"{'timestamp': '2026-09-15T07:08:20.431701+00:00', 'model_version': 'gemma4:latest', 'prompt_hash': 'fb427b98'}"
22,real_mixed_112,zs-es,866.5357050895691,52.59,0,0,"{
""Persons"": [
""Isabel dos Santos"",
""Jose Eduardo dos Santos""
],
""Organizations"": [
""Exem Energy BV"",
""The Chamber of Companies""
],
""Locations"": [
""Angola"",
""Dutch"",
""Amsterdam""
]
}",direct_json,0.5714285714285714,0.5,0.5333333333333333,0.0,0,7.2,100.0,1.1,59.5,80.1,22438.1,86.0,9051.5,9163.2,"{'timestamp': '2026-09-15T07:07:24.285054+00:00', 'model_version': 'gemma4:latest', 'prompt_hash': 'fb427b98'}"
22,real_mixed_113,zs-es,879.8018841743469,52.59,0,0,"{
""Persons"": [
""José Ramón Alvarez Redondo"",
""Ignacio Pérez"",
""Javier Puente""
],
""Organizations"": [
""UGT"",
""CCOO"",
""Gobierno regional"",
""Consejería""
],
""Locations"": [
""Cantabria"",
""París""
]
}",direct_json,0.7777777777777778,0.7,0.7368421052631577,0.0,0,7.7,60.0,1.1,59.5,80.1,22435.4,86.0,9051.5,9163.2,"{'timestamp': '2026-09-15T07:07:37.558112+00:00', 'model_version': 'gemma4:latest', 'prompt_hash': 'fb427b98'}"
22,real_mixed_114,zs-es,900.0266990661621,52.41,0,0,"{
""Persons"": [
""Alvarez Areces"",
""Paz Fernandez Felgueroso"",
""Corín Tellado""
],
""Organizations"": [
""OTAN"",
""UE""
],
""Locations"": [
""Gijón"",
""Cuba"",
""España"",
""Iberoamerica"",
""Viavelez"",
""Florencia"",
""Italia""
]
}",direct_json,0.9166666666666666,0.7333333333333333,0.8148148148148148,0.0,0,7.3,100.0,1.1,59.3,80.1,22427.4,86.0,9051.5,9163.2,"{'timestamp': '2026-09-15T07:07:57.785968+00:00', 'model_version': 'gemma4:latest', 'prompt_hash': 'fb427b98'}"
22,real_mixed_115,zs-es,851.3117139339447,52.84,0,0,"{""Persons"": [""Bill Twehway"", ""Bill Teah TWEHWAY""], ""Organizations"": [""National Port Authority"", ""Creative Developers Inc""], ""Locations"": [""River Cess Town"", ""Liberia""]}",direct_json,0.6666666666666666,1.0,0.8,0.0,0,7.8,100.0,1.1,59.4,80.1,22442.9,86.0,9051.5,9163.2,"{'timestamp': '2026-09-15T07:07:09.054413+00:00', 'model_version': 'gemma4:latest', 'prompt_hash': 'fb427b98'}"
23,real_mixed_116,zs-es,922.7548990249634,52.35,0,0,"{
""Persons"": [
""Clara"",
""Rulfo""
],
""Organizations"": [],
""Locations"": [
""Guadalajara"",
""México"",
""Finlandia""
]
}",direct_json,0.8,1.0,0.888888888888889,0.2,1,7.2,60.0,1.0,58.3,80.1,22431.2,86.0,9051.5,9163.2,"{'timestamp': '2026-09-15T07:10:06.198524+00:00', 'model_version': 'gemma4:latest', 'prompt_hash': 'fb427b98'}"
23,real_mixed_117,zs-es,884.7592527866364,52.11,0,0,"{
""Persons"": [
""Alfonso Zamora""
],
""Organizations"": [
""Subdelegación del Gobierno"",
""Estación de Clasificación Descontaminación (ECD)"",
""Protección Civil"",
""Plan de Emergencia Nuclear de Burgos (PENBU)"",
""Polideportivo Municipal de Anduva"",
""Feria Provincial de Cooperativas del Campo de Cuenca"",
""Diputación Provincial"",
""Patronato de Promoción Económica. Turismo de la Diputación de Cuenca"",
""Asociación \"" Pro Denominación de Origen de Vinos de La Manchuela \"""",
""Caja Rural de Cuenca""
],
""Locations"": [
""Burgos"",
""Miranda de Ebro"",
""Cuenca"",
""Tarancón"",
""La Mancha""
]
}",direct_json,0.5625,0.6428571428571429,0.6000000000000001,0.0,0,8.2,75.0,1.0,58.6,80.1,22440.7,86.0,9051.5,9163.2,"{'timestamp': '2026-09-15T07:09:28.216367+00:00', 'model_version': 'gemma4:latest', 'prompt_hash': 'fb427b98'}"
23,real_mixed_118,zs-es,853.841071844101,52.43,0,0,"{
""Persons"": [
""Mulet""
],
""Organizations"": [
""UGT"",
""UFP"",
""PP"",
""Guardia Civil""
],
""Locations"": [
""Ciutadella"",
""Menorca"",
""Baleares""
]
}",direct_json,1.0,1.0,1.0,0.0,0,8.2,100.0,1.0,58.8,80.1,22450.7,86.0,9051.5,9163.2,"{'timestamp': '2026-09-15T07:08:57.285021+00:00', 'model_version': 'gemma4:latest', 'prompt_hash': 'fb427b98'}"
23,real_mixed_119,zs-es,901.9992160797119,52.42,0,0,"{
""Persons"": [
""Rafael de Valenzuela Teresa"",
""Al Sayed Abulnaga Al Saftawi""
],
""Organizations"": [
""Región Militar Pirenaica"",
""Policía""
],
""Locations"": [
""Barcelona"",
""El Cairo""
]
}",direct_json,1.0,0.75,0.8571428571428571,0.0,0,8.1,100.0,1.0,58.5,80.1,22435.8,86.0,9051.5,9163.2,"{'timestamp': '2026-09-15T07:09:45.452943+00:00', 'model_version': 'gemma4:latest', 'prompt_hash': 'fb427b98'}"
23,real_mixed_120,zs-es,836.6929709911346,52.52,0,0,"{
""Persons"": [
""Borrini"",
""Ferdinand Piech""
],
""Organizations"": [
""Volkswagen"",
""Canal Sur Televisión""
],
""Locations"": [
""La Rioja"",
""Fráncfort"",
""Wolfsburg"",
""Molsheim"",
""Alsacia"",
""Sevilla"",
""Condor Huasi""
]
}",direct_json,0.9090909090909091,0.8333333333333334,0.8695652173913043,0.0,0,8.7,66.7,1.1,58.7,80.1,22454.9,86.0,9051.5,9163.2,"{'timestamp': '2026-09-15T07:08:40.147303+00:00', 'model_version': 'gemma4:latest', 'prompt_hash': 'fb427b98'}"
4,real_mixed_21,fs-es,123.09483098983765,51.83,0,0,"```json
{
  ""Persons"": [
    ""SANCHEZ POLO""
  ],
  ""Organizations"": [
    ""Paribas"",
    ""BNP"",
    ""Société Générale"",
    ""Comité de Entidades de Crédito. Inversiones (CECEI)"",
    ""BankWest"",
    ""BNPI-SFOM"",
    ""Paribas Capital""
  ],
  ""Locations"": [
    ""Francia"",
    ""Salvatierra de los Barros""
  ]
}
```",codeblock,0.9,0.5625,0.6923076923076923,0.0,0,7.8,81.5,4.2,51.9,99.1,25459.7,84.6,9051.5,9163.2,"{'timestamp': '2026-09-15T07:12:09.388451+00:00', 'model_version': 'gemma4:latest', 'prompt_hash': 'aa83fa9c'}"
4,real_mixed_22,fs-es,152.96556901931763,53.04,0,0,"```json
{
  ""Persons"": [],
  ""Organizations"": [],
  ""Locations"": [
    ""Galicia"",
    ""Comunidades del cantábrico"",
    ""Levante"",
    ""Canarias"",
    ""Asturias""
  ]
}
```",codeblock,0.6,1.0,0.7499999999999999,0.0,0,7.3,81.5,3.4,51.6,99.1,24835.0,84.8,9051.5,9163.2,"{'timestamp': '2026-09-15T07:12:39.247844+00:00', 'model_version': 'gemma4:latest', 'prompt_hash': 'aa83fa9c'}"
4,real_mixed_23,fs-es,355.80264806747437,52.27,0,0,"```json
{
  ""Persons"": [
    ""José A. Delgado"",
    ""James Moran"",
    ""Bill Clinton"",
    ""Bill Gates"",
    ""Eric Koening""
  ],
  ""Organizations"": [
    ""Cámara de Representantes"",
    ""Congreso"",
    ""EFECOM"",
    ""Casa Blanca"",
    ""Microsoft""
  ],
  ""Locations"": [
    ""Washington"",
    ""EEUU"",
    ""China""
  ]
}
```",codeblock,0.9230769230769231,0.7058823529411765,0.8000000000000002,0.0,0,9.2,100.0,2.2,51.8,99.1,23302.1,85.6,9051.5,9163.2,"{'timestamp': '2026-09-15T07:16:02.103884+00:00', 'model_version': 'gemma4:latest', 'prompt_hash': 'aa83fa9c'}"
4,real_mixed_24,fs-es,241.0072958469391,52.33,0,0,"```json
{
  ""Persons"": [
    ""Barbara Vidman"",
    ""Alejandro Aguirre""
  ],
  ""Organizations"": [
    ""Las Américas""
  ],
  ""Locations"": [
    ""Japón"",
    ""Estados Unidos"",
    ""Colorado"",
    ""Miami""
  ]
}
```",codeblock,1.0,0.6363636363636364,0.7777777777777778,0.0,0,7.7,82.2,2.6,51.4,99.1,23872.6,85.3,9051.5,9163.2,"{'timestamp': '2026-09-15T07:14:07.308520+00:00', 'model_version': 'gemma4:latest', 'prompt_hash': 'aa83fa9c'}"
4,real_mixed_25,fs-es,374.21073603630066,52.56,0,0,"```json
{
  ""Persons"": [
    ""Méndez López"",
    ""Olga Reguilón""
  ],
  ""Organizations"": [
    ""Caixa Galicia"",
    ""Gobierno municipal de Pinto"",
    ""PSOE"",
    ""IU""
  ],
  ""Locations"": [
    ""Galicia"",
    ""España"",
    ""Comunidad de Madrid"",
    ""Pinto""
  ]
}
```",codeblock,0.9,0.5294117647058824,0.6666666666666667,0.0,0,7.3,100.0,2.1,51.5,99.1,23246.0,85.6,9051.5,9163.2,"{'timestamp': '2026-09-15T07:16:20.522652+00:00', 'model_version': 'gemma4:latest', 'prompt_hash': 'aa83fa9c'}"
0,real_mixed_1,fs-es,142.17993092536926,52.57,0,0,"```json
{
  ""Persons"": [
    ""Emiliano García-Page"",
    ""José Bono"",
    ""Francisco Antonio Guerra"",
    ""Mariano Ortega"",
    ""Enrique Valiente""
  ],
  ""Organizations"": [
    ""PSOE"",
    ""PP"",
    ""Secretaría General socialista"",
    ""instituto de enseñanza secundaria Riánsares"",
    ""Ayuntamiento"",
    ""Educación""
  ],
  ""Locations"": [
    ""Tarancón"",
    ""Cuenca"",
    ""Córdoba""
  ]
}
```",codeblock,0.7857142857142857,0.6470588235294118,0.7096774193548386,0.0,0,14.5,100.0,4.1,51.6,99.1,25031.9,84.8,9051.5,9163.2,"{'timestamp': '2026-09-15T07:12:28.474225+00:00', 'model_version': 'gemma4:latest', 'prompt_hash': 'aa83fa9c'}"
0,real_mixed_2,fs-es,260.26064682006836,52.46,0,0,"```json
{
  ""Persons"": [
    ""Severino do Ramo 'Maia'"",
    ""Francesc Biosca"",
    ""Rolf Breuer""
  ],
  ""Organizations"": [
    ""Lleida"",
    ""Ypiranga"",
    ""Deutsche Boerse AG"",
    ""London Stock Exchange""
  ],
  ""Locations"": [
    ""Nigeria"",
    ""Africa"",
    ""Lérida"",
    ""Fráncfort""
  ]
}
```",codeblock,0.9090909090909091,0.5882352941176471,0.7142857142857143,0.0,0,7.4,100.0,1.7,51.6,99.1,23749.7,85.3,9051.5,9163.2,"{'timestamp': '2026-09-15T07:14:26.563163+00:00', 'model_version': 'gemma4:latest', 'prompt_hash': 'aa83fa9c'}"
0,real_mixed_3,fs-es,471.39223194122314,52.42,0,0,"```json
{
  ""Persons"": [
    ""Joan Mayol"",
    ""Luis Muro""
  ],
  ""Organizations"": [
    ""Conseller de Agricultura"",
    ""Diputación foral de Alava"",
    ""Centro de Cálculo de Alava"",
    ""Pcweek"",
    ""Pricewaterhouse Coopers"",
    ""Centro de Profesores. Recursos (CPR)""
  ],
  ""Locations"": [
    ""Vitoria"",
    ""Euskadi"",
    ""Fuenlabrada""
  ]
}
```",codeblock,0.8181818181818182,0.5294117647058824,0.6428571428571428,0.0,0,7.0,100.0,1.6,52.3,99.1,22994.5,85.7,9051.5,9163.2,"{'timestamp': '2026-09-15T07:17:57.697911+00:00', 'model_version': 'gemma4:latest', 'prompt_hash': 'aa83fa9c'}"
0,real_mixed_4,fs-es,226.342355966568,52.38,0,0,"```json
{
  ""Persons"": [
    ""Angel Carlos Bernáldez"",
    ""José María Aznar"",
    ""Rosa María Fernández Pacheco"",
    ""José Manuel García Ballesteros""
  ],
  ""Organizations"": [
    ""PP"",
    ""Cortes""
  ],
  ""Locations"": [
    ""Cáceres""
  ]
}
```",codeblock,1.0,0.4666666666666667,0.6363636363636364,0.0,0,9.6,100.0,2.4,51.0,99.1,23981.7,85.2,9051.5,9163.2,"{'timestamp': '2026-09-15T07:13:52.634826+00:00', 'model_version': 'gemma4:latest', 'prompt_hash': 'aa83fa9c'}"
0,real_mixed_5,fs-es,177.21636605262756,52.3,0,0,"```json
{
  ""Persons"": [
    ""Llibert Cuatrecasas"",
    ""Herwig Van Staa""
  ],
  ""Organizations"": [
    ""ACNUR"",
    ""Generalitat de Cataluña"",
    ""Congreso de Poderes Locales Regionales de Europa (CPLRE)"",
    ""Consejo de Europa""
  ],
  ""Locations"": [
    ""Angola"",
    ""Estrasburgo"",
    ""Francia"",
    ""Cataluña"",
    ""República Checa"",
    ""Macedonia"",
    ""Estonia"",
    ""Moldavia"",
    ""Polonia""
  ]
}
```",codeblock,0.9333333333333333,0.6666666666666666,0.7777777777777778,0.06666666666666667,1,8.4,81.5,2.6,51.1,99.1,24481.8,85.0,9051.5,9163.2,"{'timestamp': '2026-09-15T07:13:03.520055+00:00', 'model_version': 'gemma4:latest', 'prompt_hash': 'aa83fa9c'}"
5,real_mixed_26,fs-es,314.29260206222534,52.28,0,0,"```json
{
  ""Persons"": [
    ""Anna Smashnova"",
    ""Dominique Van Roost"",
    ""Daniela Hantuchova"",
    ""Iroda Tulyaganova"",
    ""Rita Kuti Kis"",
    ""Sophie Erre"",
    ""Tathiana Garbin"",
    ""Stéphanie Foretz"",
    ""Lilia Osterloh"",
    ""Elena Lijovtseva"",
    ""Corina Morariu"",
    ""Sarah Pitkowski"",
    ""Nadejda Petrova"",
    ""Anne Kremer"",
    ""Alexandra Stevenson"",
    ""Amelie Cocheteux""
  ],
  ""Organizations"": [
    ""Eurobank"",
    ""Banco Central de Rusia (BCR)"",
    ""Justicia francesa"",
    ""Tribunal de Gran Instancia de París"",
    ""Tribunal Arbitral de Estocolmo"",
    ""Noga""
  ],
  ""Locations"": [
    ""París"",
    ""Francia"",
    ""Israel"",
    ""Bélgica"",
    ""Eslovaquia"",
    ""Uzbekistán"",
    ""Hungría"",
    ""Italia"",
    ""Estados Unidos"",
    ""Rusia"",
    ""Suiza"",
    ""Luxemburgo"",
    ""Estocolmo""
  ]
}
```",codeblock,0.7714285714285715,0.6428571428571429,0.7012987012987013,0.14285714285714285,5,10.7,81.5,1.9,51.6,99.1,23462.1,85.5,9051.5,9163.2,"{'timestamp': '2026-09-15T07:15:20.630114+00:00', 'model_version': 'gemma4:latest', 'prompt_hash': 'aa83fa9c'}"
5,real_mixed_27,fs-es,28.869307041168213,51.79,0,0,"```json
{
  ""Persons"": [
    ""Chaka Fattah Sr."",
    ""Herbert Vederman"",
    ""Bonnie Bowser"",
    ""Robert Brand"",
    ""Karen Nicholas"",
    ""Leslie R. Caldwell"",
    ""Zane David Memeger"",
    ""Edward J. Hanko"",
    ""Akeia Conner"",
    ""Eric L. Gibson"",
    ""T. Patrick Martin"",
    ""Jonathan Kravis"",
    ""Paul L. Gray"",
    ""Bob Dalton""
  ],
  ""Organizations"": [
    ""Justice Department’s Criminal Division"",
    ""FBI"",
    ""Internal Revenue Service-Criminal Investigation (IRS-CI)"",
    ""Educational Advancement Alliance (EAA)"",
    ""Department of Justice’s Office of the Inspector General"",
    ""NASA Office of Inspector General"",
    ""Department of Commerce’s Office of Inspector General"",
    ""Criminal Division’s Public Integrity Section"",
    ""Criminal Division’s Organized Crime and Gang Section""
  ],
  ""Locations"": [
    ""Philadelphia"",
    ""Palm Beach"",
    ""Florida"",
    ""Williamstown"",
    ""New Jersey"",
    ""Eastern District of Pennsylvania""
  ]
}
```",codeblock,0.896551724137931,0.8125,0.8524590163934426,0.0,0,8.6,81.5,12.8,77.3,99.1,22149.8,85.9,9051.5,9163.2,"{'timestamp': '2026-09-15T07:10:35.199061+00:00', 'model_version': 'gemma4:latest', 'prompt_hash': 'aa83fa9c'}"
5,real_mixed_28,fs-es,496.4877347946167,52.41,0,0,"```json
{
  ""Persons"": [
    ""Juan Carlos Aparicio"",
    ""Xabier Kalparsoro"",
    ""Günter Grass"",
    ""Antonio Ballester""
  ],
  ""Organizations"": [
    ""Ministerio de Trabajo. Asuntos Sociales"",
    ""Audiencia Provincial de Vizcaya"",
    ""ETA"",
    ""Jefatura Superior de Policía"",
    ""Fundación Círculo de Lectores"",
    ""IVAM""
  ],
  ""Locations"": [
    ""Bilbao"",
    ""Barcelona"",
    ""Valencia"",
    ""Vizcaya""
  ]
}
```",codeblock,0.7857142857142857,0.6111111111111112,0.6875000000000001,0.0,0,8.5,100.0,1.1,53.5,99.1,22954.8,85.7,9051.5,9163.2,"{'timestamp': '2026-09-15T07:18:22.820978+00:00', 'model_version': 'gemma4:latest', 'prompt_hash': 'aa83fa9c'}"
5,real_mixed_29,fs-es,395.3806221485138,52.57,0,0,"```json
{
  ""Persons"": [
    ""Natividad Pérez"",
    ""Miguel Angel Revilla"",
    ""Gregorio Gil Ruedas""
  ],
  ""Organizations"": [
    ""Vattenfall"",
    ""Grupo Popular"",
    ""Ayuntamiento de Escalante"",
    ""Consejería de Obras Públicas"",
    ""PP"",
    ""Ayuntamiento de Villanueva de la Serena"",
    ""Consejería de Cultura"",
    ""Junta de Extremadura""
  ],
  ""Locations"": [
    ""Bolivia"",
    ""Brasil"",
    ""Chile"",
    ""Alemania"",
    ""Austria"",
    ""Holanda"",
    ""Polonia"",
    ""República Checa"",
    ""sudeste asiático"",
    ""Santander"",
    ""Escalante"",
    ""Cantabria"",
    ""Villanueva de la Serena"",
    ""Badajoz"",
    ""Extremadura""
  ]
}
```",codeblock,0.7692307692307693,0.8,0.7843137254901961,0.0,0,6.8,81.5,1.1,52.7,99.1,23177.4,85.6,9051.5,9163.2,"{'timestamp': '2026-09-15T07:16:41.736803+00:00', 'model_version': 'gemma4:latest', 'prompt_hash': 'aa83fa9c'}"
5,real_mixed_30,fs-es,194.35986828804016,52.35,0,0,"```json
{
  ""Persons"": [
    ""Mario Monti""
  ],
  ""Organizations"": [
    ""Comisión Europea"",
    ""grupo parlamentario catalán""
  ],
  ""Locations"": [
    ""Catalán"",
    ""BRUSELAS"",
    ""ESPAÑA"",
    ""Fráncfort""
  ]
}
```",codeblock,0.7142857142857143,0.38461538461538464,0.5,0.0,0,7.1,81.5,1.2,51.0,99.1,24276.8,85.1,9051.5,9163.2,"{'timestamp': '2026-09-15T07:13:20.695996+00:00', 'model_version': 'gemma4:latest', 'prompt_hash': 'aa83fa9c'}"
7,real_mixed_36,fs-es,731.7600049972534,52.06,0,0,"```json
{
  ""Persons"": [
    ""Alexei Shirov"",
    ""Gari Kasparov"",
    ""Alexander Morozevich"",
    ""Michail Gurevich"",
    ""Etienne Bacrot"",
    ""Ivan Sokolov"",
    ""Kiril Georgiev"",
    ""Nigel Short"",
    ""Veselin Topalov"",
    ""Sergei Movsesian"",
    ""Evgeny Bareev"",
    ""Michael Adams""
  ],
  ""Organizations"": [],
  ""Locations"": [
    ""Sarajevo"",
    ""España"",
    ""Rusia"",
    ""Bélgica"",
    ""Francia"",
    ""BIH"",
    ""BUL"",
    ""ING"",
    ""ESP"",
    ""RCH"",
    ""FRA""
  ]
}
```",codeblock,0.5652173913043478,0.5909090909090909,0.5777777777777778,0.043478260869565216,1,6.9,81.5,1.1,52.3,99.1,23301.0,85.7,9051.5,9163.2,"{'timestamp': '2026-09-15T07:22:18.099588+00:00', 'model_version': 'gemma4:latest', 'prompt_hash': 'aa83fa9c'}"
7,real_mixed_37,fs-es,704.4722323417664,34.74,0,0,"```json
{
  ""Persons"": [
    ""Rodrigo Rato"",
    ""Elvira Rodríguez"",
    ""José Benedicto"",
    ""Pedro Canals Palou""
  ],
  ""Organizations"": [
    ""Comisión de Políticas de Gastos"",
    ""Cosultores de las Administraciones Públicas"",
    ""Caja Avila"",
    ""CCOO"",
    ""Seguridad Social (SS)""
  ],
  ""Locations"": [
    ""Palma"",
    ""Mallorca"",
    ""Marruecos""
  ]
}
```",codeblock,0.9166666666666666,0.7333333333333333,0.8148148148148148,0.0,0,11.0,100.0,1.1,52.5,99.1,23291.7,85.8,9051.5,9163.2,"{'timestamp': '2026-09-15T07:21:50.821938+00:00', 'model_version': 'gemma4:latest', 'prompt_hash': 'aa83fa9c'}"
7,real_mixed_38,fs-es,531.3876941204071,52.11,0,0,"```json
{
  ""Persons"": [
    ""Claudio Suárez"",
    ""Osvaldo Sánchez"",
    ""Ricardo Peláez"",
    ""Rafael Puyó""
  ],
  ""Organizations"": [
    ""Guadalajara"",
    ""Toluca"",
    ""Atlas"",
    ""Asociación Empresarial de Operadores de Vinos de Mesa (AVIMES)"",
    ""Interprofesional de los Vinos de Mesa (IVIM)""
  ],
  ""Locations"": [
    ""Guadalajara"",
    ""Barcelona"",
    ""España""
  ]
}
```",codeblock,0.8333333333333334,0.5555555555555556,0.6666666666666667,0.08333333333333333,1,10.3,100.0,1.1,54.8,99.1,22893.8,85.7,9051.5,9163.2,"{'timestamp': '2026-09-15T07:18:57.746028+00:00', 'model_version': 'gemma4:latest', 'prompt_hash': 'aa83fa9c'}"
7,real_mixed_39,fs-es,814.2772331237793,52.33,0,0,"```json
{
  ""Persons"": [
    ""Pedro Canals"",
    ""Benedicto"",
    ""Viruca Atanes Madrid""
  ],
  ""Organizations"": [
    ""Juzgado de lo Social"",
    ""Inspección de Trabajo"",
    ""CCOO"",
    ""Fiscalía de Baleares""
  ],
  ""Locations"": []
}
```",codeblock,0.7142857142857143,0.625,0.6666666666666666,0.0,0,7.1,81.5,1.1,52.0,99.1,23183.3,85.8,9051.5,9163.2,"{'timestamp': '2026-09-15T07:23:40.627328+00:00', 'model_version': 'gemma4:latest', 'prompt_hash': 'aa83fa9c'}"
7,real_mixed_40,fs-es,673.7103278636932,40.04,0,0,"```json
{
  ""Persons"": [
    ""Vázquez Raña"",
    ""Dennis Oswald"",
    ""Carlos Mayor Oreja""
  ],
  ""Organizations"": [
    ""ACNO"",
    ""COI"",
    ""ODEPA"",
    ""Consejería de Medio Ambiente""
  ],
  ""Locations"": [
    ""Sydney"",
    ""Remo. Valdetorres del Jarama""
  ]
}
```",codeblock,0.8888888888888888,0.5333333333333333,0.6666666666666667,0.0,0,9.4,100.0,1.2,53.5,99.1,23075.9,85.8,9051.5,9163.2,"{'timestamp': '2026-09-15T07:21:20.059923+00:00', 'model_version': 'gemma4:latest', 'prompt_hash': 'aa83fa9c'}"
2,real_mixed_11,fs-es,773.8893020153046,51.38,0,0,"```json
{
  ""Persons"": [
    ""Isabel dos Santos"",
    ""Helder Pitta Gros"",
    ""Gabriela Figueredo"",
    ""Nuno Ribeiro da Cunha"",
    ""Carlos Saturnino"",
    ""Mario Leite da Silva"",
    ""Paula Oliveira"",
    ""Sarju Raikundalia""
  ],
  ""Organizations"": [
    ""International Consortium of Investigative Journalists (ICIJ)"",
    ""Sonangol"",
    ""Lusa"",
    ""Portuguese Securities Market Commission"",
    ""Galp Energia"",
    ""NOS"",
    ""Eurobic"",
    ""Expresso"",
    ""BBC News"",
    ""Banco de Fomento Angola"",
    ""Luanda Leaks""
  ],
  ""Locations"": [
    ""Luanda"",
    ""Angola"",
    ""London"",
    ""Portugal"",
    ""Lisbon"",
    ""Dubai"",
    ""U.S."",
    ""U.K."",
    ""Switzerland"",
    ""Brazil""
  ]
}
```",codeblock,0.8620689655172413,0.9259259259259259,0.8928571428571429,0.0,0,9.2,100.0,1.3,51.6,99.1,23237.0,85.7,9051.5,9163.2,"{'timestamp': '2026-09-15T07:23:00.205601+00:00', 'model_version': 'gemma4:latest', 'prompt_hash': 'aa83fa9c'}"
2,real_mixed_12,fs-es,833.0378291606903,52.44,0,0,"```json
{
  ""Persons"": [],
  ""Organizations"": [
    ""AENA"",
    ""Real Madrid"",
    ""Valencia"",
    ""Guardia Civil"",
    ""Policía Nacional""
  ],
  ""Locations"": [
    ""Madrid"",
    ""Barajas"",
    ""Manises"",
    ""París"",
    ""Santiago"",
    ""Chile""
  ]
}
```",codeblock,0.8181818181818182,0.75,0.7826086956521738,0.0,0,7.2,81.5,1.6,52.5,99.1,23158.3,85.8,9051.5,9163.2,"{'timestamp': '2026-09-15T07:23:59.345730+00:00', 'model_version': 'gemma4:latest', 'prompt_hash': 'aa83fa9c'}"
2,real_mixed_13,fs-es,648.5864398479462,40.89,0,0,"```json
{
  ""Persons"": [
    ""José Félix de las Cuevas"",
    ""Amador Fernández Quesada"",
    ""José Miguel Silió"",
    ""Corín Tellado"",
    ""Luis Sepúlveda"",
    ""Rosa Regás"",
    ""Mario Delgado"",
    ""Vicente Alvarez Areces"",
    ""Paz Fernández Felgueroso""
  ],
  ""Organizations"": [
    ""PSOE-Progresistas"",
    ""Ayuntamiento de Bárcena de Pie de Concha"",
    ""PP"",
    ""EFE"",
    ""Salón del Libro Iberoamericano"",
    ""Principado de Asturias""
  ],
  ""Locations"": [
    ""Bárcena de Pie de Concha"",
    ""Santander"",
    ""Palencia"",
    ""Pié de Concha"",
    ""Gijón"",
    ""España"",
    ""Uruguay"",
    ""Asturias""
  ]
}
```",codeblock,0.8260869565217391,0.7037037037037037,0.76,0.0,0,6.8,81.5,1.1,53.7,99.1,22906.7,85.8,9051.5,9163.2,"{'timestamp': '2026-09-15T07:20:54.923120+00:00', 'model_version': 'gemma4:latest', 'prompt_hash': 'aa83fa9c'}"
2,real_mixed_14,fs-es,603.7389948368073,51.82,0,0,"```json
{
  ""Persons"": [
    ""Joseph Kabila""
  ],
  ""Organizations"": [
    ""China Railway Group"",
    ""Sinohydro"",
    ""Platform to Protect Whistleblowers in Africa (PPLAAF)"",
    ""Mediapart"",
    ""The Sentry"",
    ""European Investigative Collaborations (EIC)"",
    ""BGFIBank DRC"",
    ""Congo Construction Company (CCC)"",
    ""Citibank"",
    ""Commerzbank"",
    ""Sicomines""
  ],
  ""Locations"": [
    ""Democratic Republic of Congo"",
    ""DRC"",
    ""China"",
    ""Africa""
  ]
}
```",codeblock,0.875,0.9333333333333333,0.9032258064516129,0.0,0,8.7,100.0,1.1,54.5,99.1,22797.7,85.8,9051.5,9163.2,"{'timestamp': '2026-09-15T07:20:10.088438+00:00', 'model_version': 'gemma4:latest', 'prompt_hash': 'aa83fa9c'}"
2,real_mixed_15,fs-es,450.91583585739136,52.37,0,0,"```json
{
  ""Persons"": [
    ""Samani"",
    ""Horst Koehler"",
    ""Michel Camdessus""
  ],
  ""Organizations"": [
    ""EFE"",
    ""Fondo Monetario Internacional (FMI)"",
    ""Tusker""
  ],
  ""Locations"": [
    ""Lérida"",
    ""Kenia"",
    ""España"",
    ""Nairobi"",
    ""Reino Unido"",
    ""India"",
    ""Londres"",
    ""Washington"",
    ""Asia"",
    ""Latinoamérica""
  ]
}
```",codeblock,0.9375,0.7142857142857143,0.8108108108108109,0.0,0,8.2,100.0,1.2,52.5,99.1,23033.2,85.7,9051.5,9163.2,"{'timestamp': '2026-09-15T07:17:37.284947+00:00', 'model_version': 'gemma4:latest', 'prompt_hash': 'aa83fa9c'}"
1,real_mixed_6,fs-es,333.79293489456177,52.7,0,0,"```json
{
  ""Persons"": [
    ""Faustine Merret"",
    ""Michal Hein"",
    ""M. del Carmen Vaz"",
    ""Belén Hernández"",
    ""Magdalena Martínez"",
    ""María Muñoz"",
    ""Carlo María Martini"",
    ""Edward Malefakis"",
    ""Alain Touraine"",
    ""Juergen Donges"",
    ""Ernst Gombrich"",
    ""Anthony Giddens""
  ],
  ""Organizations"": [
    ""EFE"",
    ""Fundación Príncipe de Asturias""
  ],
  ""Locations"": [
    ""Oviedo"",
    ""Milán""
  ]
}
```",codeblock,1.0,0.8,0.888888888888889,0.0,0,6.9,81.5,2.0,51.7,99.1,23380.4,85.5,9051.5,9163.2,"{'timestamp': '2026-09-15T07:15:40.097318+00:00', 'model_version': 'gemma4:latest', 'prompt_hash': 'aa83fa9c'}"
1,real_mixed_7,fs-es,905.8453421592712,52.13,0,0,"```json
{
  ""Persons"": [
    ""Yvon Desjardins"",
    ""E. I. C."",
    ""M. W. W."",
    ""P. B. H."",
    ""Pedro Corbella Canturri""
  ],
  ""Organizations"": [
    ""ONU"",
    ""Fuerzas de Estabilización (SFOR)"",
    ""Gobierno de Noruega"",
    ""Audiencia de Barcelona"",
    ""Mare de Déu de Núria""
  ],
  ""Locations"": [
    ""Bosnia"",
    ""Noruega"",
    ""Barcelona"",
    ""Castelldefels"",
    ""Maresme""
  ]
}
```",codeblock,0.9333333333333333,0.7,0.8,0.0,0,8.1,100.0,1.5,53.0,99.1,23077.6,85.8,9051.5,9163.2,"{'timestamp': '2026-09-15T07:25:12.155749+00:00', 'model_version': 'gemma4:latest', 'prompt_hash': 'aa83fa9c'}"
1,real_mixed_8,fs-es,98.71916890144348,52.29,0,0,"```json
{
  ""Persons"": [
    ""Jesús De la Gándara"",
    ""Clemente Serna"",
    ""Segundo Escolar""
  ],
  ""Organizations"": [
    ""EFE"",
    ""Galería de Arte \""Lourdes Carcedo\""""
  ],
  ""Locations"": [
    ""Plasencia"",
    ""Plaza Mayor"",
    ""Burgos"",
    ""Silos""
  ]
}
```",codeblock,0.8888888888888888,0.5333333333333333,0.6666666666666667,0.0,0,7.8,81.5,2.4,56.0,99.1,26168.8,84.4,9051.5,9163.2,"{'timestamp': '2026-09-15T07:11:45.027038+00:00', 'model_version': 'gemma4:latest', 'prompt_hash': 'aa83fa9c'}"
1,real_mixed_9,fs-es,426.116571187973,52.55,0,0,"```json
{
  ""Persons"": [
    ""Juan Carlos Rodríguez Ibarra"",
    ""Leopoldo Torrado""
  ],
  ""Organizations"": [
    ""INFRAESTRUCTURAS R. IBARRA"",
    ""Junta de Extremadura"",
    ""Plan Infoex"",
    ""PP"",
    ""Asamblea de Extremadura""
  ],
  ""Locations"": [
    ""Aldehuela"",
    ""Cáceres"",
    ""Las Hurdes"",
    ""Extremadura"",
    ""Mérida""
  ]
}
```",codeblock,0.8333333333333334,0.625,0.7142857142857143,0.0,0,8.5,100.0,1.6,52.8,99.1,23096.8,85.7,9051.5,9163.2,"{'timestamp': '2026-09-15T07:17:12.423608+00:00', 'model_version': 'gemma4:latest', 'prompt_hash': 'aa83fa9c'}"
1,real_mixed_10,fs-es,514.387552022934,52.54,0,0,"```json
{
  ""Persons"": [
    ""Cristina Almeida"",
    ""Manuel de la Calva"",
    ""Ramón Arcusa"",
    ""Francisco Javier Sánchez Bocanegra""
  ],
  ""Organizations"": [
    ""Dúo Dinámico"",
    ""SEPTIMO"",
    ""EFE""
  ],
  ""Locations"": [
    ""España"",
    ""Barcelona"",
    ""Sudamérica"",
    ""Málaga"",
    ""Suecia"",
    ""Australia"",
    ""Francia"",
    ""Japón""
  ]
}
```",codeblock,0.8666666666666667,0.9285714285714286,0.896551724137931,0.0,0,7.4,81.5,1.8,54.3,99.1,22922.5,85.7,9051.5,9163.2,"{'timestamp': '2026-09-15T07:18:40.697186+00:00', 'model_version': 'gemma4:latest', 'prompt_hash': 'aa83fa9c'}"
8,real_mixed_41,fs-es,554.4641118049622,52.3,0,0,"```json
{
  ""Persons"": [
    ""Adolfo Piñedo"",
    ""Franco González"",
    ""Paz González""
  ],
  ""Organizations"": [
    ""Ayuntamiento de Camargo"",
    ""Junta Vecinal de Maliaño"",
    ""EFE"",
    ""PSOE-Progresistas"",
    ""IU"",
    ""PP"",
    ""Asamblea"",
    ""Comisión de Presupuestos. Hacienda"",
    ""Mesa de la Asamblea"",
    ""PSOE""
  ],
  ""Locations"": [
    ""Cantabria"",
    ""Madrid""
  ]
}
```",codeblock,1.0,0.75,0.8571428571428571,0.0,0,6.8,81.5,1.6,54.8,99.1,22864.0,85.8,9051.5,9163.2,"{'timestamp': '2026-09-15T07:19:20.784097+00:00', 'model_version': 'gemma4:latest', 'prompt_hash': 'aa83fa9c'}"
8,real_mixed_42,fs-es,964.6617131233215,52.2,0,0,"```json
{
  ""Persons"": [
    ""Pedro Martínez de la Rosa"",
    ""Carlos Falcó"",
    ""H. Frentzen"",
    ""E. Bernoldi"",
    ""G. Fisichella"",
    ""L. Burti"",
    ""J. Vesrtappen"",
    ""Pantano"",
    ""Luis Arroyo"",
    ""Alejandro Alonso""
  ],
  ""Organizations"": [
    ""Arrows"",
    ""Jordan"",
    ""Sauber"",
    ""Benetton"",
    ""Jaguar"",
    ""Universidad de Castilla-La Mancha"",
    ""Universidad regional""
  ],
  ""Locations"": [
    ""Mónaco"",
    ""Valencia"",
    ""Ciudad Real"",
    ""España""
  ]
}
```",codeblock,0.9523809523809523,0.6896551724137931,0.7999999999999999,0.0,0,8.9,100.0,1.1,53.6,99.1,23013.0,85.8,9051.5,9163.2,"{'timestamp': '2026-09-15T07:26:11.018406+00:00', 'model_version': 'gemma4:latest', 'prompt_hash': 'aa83fa9c'}"
8,real_mixed_43,fs-es,939.8032257556915,50.73,0,0,"```json
{
  ""Persons"": [
    ""Bill Twehway"",
    ""Peter Twehway"",
    ""Christian D. Brownell"",
    ""Sidiki Fofana"",
    ""Zarylee M. Gbala"",
    ""Kanio Bai-Gbala"",
    ""Malcom Scott""
  ],
  ""Organizations"": [
    ""FrontPageAfrica"",
    ""Creative Developers Inc."",
    ""National Port Authority (NPA)"",
    ""Global Tracking Management Service"",
    ""Liberia Anti-Corruption Commission"",
    ""Flaton"",
    ""SINOTRANS"",
    ""ICC"",
    ""WAFDI"",
    ""BRILLIANT MAJU"",
    ""Booming Green"",
    ""Alpha Logging""
  ],
  ""Locations"": [
    ""MONROVIA"",
    ""Port of Buchanan"",
    ""Liberia""
  ]
}
```",codeblock,0.9090909090909091,0.9090909090909091,0.9090909090909091,0.0,0,8.8,100.0,1.2,53.6,99.1,23038.9,85.8,9051.5,9163.2,"{'timestamp': '2026-09-15T07:25:46.162344+00:00', 'model_version': 'gemma4:latest', 'prompt_hash': 'aa83fa9c'}"
8,real_mixed_44,fs-es,860.9634230136871,52.2,0,0,"```json
{
  ""Persons"": [
    ""Joseph Kabila"",
    ""Francis Selemani""
  ],
  ""Organizations"": [
    ""BGFIBank DRC"",
    ""BGFIBank Group"",
    ""Sud Oil"",
    ""Platform to Protect Whistleblowers in Africa (PPLAAF)"",
    ""Mediapart"",
    ""The Sentry"",
    ""European Investigative Collaborations (EIC)"",
    ""Congo Research Group"",
    ""Central Bank of Congo"",
    ""United Nations"",
    ""Gécamines""
  ],
  ""Locations"": [
    ""Democratic Republic of Congo (DRC)"",
    ""Kinshasa"",
    ""United States"",
    ""South Africa"",
    ""Gabon"",
    ""Washington, DC"",
    ""Johannesburg""
  ]
}
```",codeblock,0.75,0.75,0.75,0.0,0,6.8,81.5,1.1,53.1,99.1,23125.2,85.8,9051.5,9163.2,"{'timestamp': '2026-09-15T07:24:27.341747+00:00', 'model_version': 'gemma4:latest', 'prompt_hash': 'aa83fa9c'}"
8,real_mixed_45,fs-es,879.5446569919586,52.47,0,0,"```json
{
  ""Persons"": [
    ""Francisco García Ramos"",
    ""Juan Manzano"",
    ""Julio Carmona"",
    ""Raúl Borrasca""
  ],
  ""Organizations"": [
    ""Banco Central"",
    ""Ministerio de Finanzas"",
    ""Junta de Extremadura"",
    ""PSOE""
  ],
  ""Locations"": [
    ""Rusia"",
    ""Don Benito"",
    ""Badajoz"",
    ""Villanueva de la Serena""
  ]
}
```",codeblock,1.0,0.75,0.8571428571428571,0.0,0,6.9,81.5,1.1,53.4,99.1,23106.7,85.8,9051.5,9163.2,"{'timestamp': '2026-09-15T07:24:45.914857+00:00', 'model_version': 'gemma4:latest', 'prompt_hash': 'aa83fa9c'}"
3,real_mixed_16,fs-es,408.58118081092834,49.18,0,0,"```json
{
  ""Persons"": [
    ""Antonio Augusto Fonseca"",
    ""Javier Irureta"",
    ""Augusto César Lendoiro""
  ],
  ""Organizations"": [
    ""Banco Central"",
    ""Deportivo""
  ],
  ""Locations"": [
    ""Chile"",
    ""La Coruña"",
    ""Irún""
  ]
}
```",codeblock,1.0,0.6666666666666666,0.8,0.0,0,7.3,81.5,2.1,53.1,99.1,23142.0,85.6,9051.5,9163.2,"{'timestamp': '2026-09-15T07:16:54.886985+00:00', 'model_version': 'gemma4:latest', 'prompt_hash': 'aa83fa9c'}"
3,real_mixed_17,fs-es,77.50090599060059,44.9,0,0,"```json
{
  ""Persons"": [
    ""Isabel dos Santos"",
    ""Hélder Pitta Grós""
  ],
  ""Organizations"": [],
  ""Locations"": [
    ""Angola"",
    ""Luanda""
  ]
}
```",codeblock,1.0,0.8,0.888888888888889,0.0,0,8.2,81.5,1.3,58.5,99.1,26161.2,85.5,9051.5,9163.2,"{'timestamp': '2026-09-15T07:11:23.803602+00:00', 'model_version': 'gemma4:latest', 'prompt_hash': 'aa83fa9c'}"
3,real_mixed_18,fs-es,985.907007932663,52.34,0,0,"```json
{
  ""Persons"": [
    ""Ramon Camp"",
    ""Joan Boada""
  ],
  ""Organizations"": [
    ""Parlamento catalán"",
    ""IC-V"",
    ""CiU"",
    ""PSC"",
    ""PP"",
    ""Generalitat"",
    ""Congreso""
  ],
  ""Locations"": [
    ""Cataluña"",
    ""Barcelona""
  ]
}
```",codeblock,0.9090909090909091,0.7142857142857143,0.8,0.0,0,6.8,81.5,1.2,54.0,99.1,22991.6,85.8,9051.5,9163.2,"{'timestamp': '2026-09-15T07:26:32.233787+00:00', 'model_version': 'gemma4:latest', 'prompt_hash': 'aa83fa9c'}"
3,real_mixed_19,fs-es,795.0121128559113,52.59,0,0,"```json
{
  ""Persons"": [
    ""Roig"",
    ""Camacho"",
    ""Michel Salgado"",
    ""Helguera"",
    ""Hierro"",
    ""Raúl"",
    ""Morientes"",
    ""Cañizares"",
    ""Mendieta"",
    ""Farinós"",
    ""Gerard"",
    ""Angulo"",
    ""Antonio Castillo""
  ],
  ""Organizations"": [
    ""Real Madrid"",
    ""Valencia"",
    ""Comisión para la Promoción de Exportaciones (Prompex)"",
    ""Confederación de Instituciones Empresariales Privadas (Confiep)""
  ],
  ""Locations"": [
    ""Saint Denis"",
    ""Lima""
  ]
}
```",codeblock,1.0,0.8636363636363636,0.9268292682926829,0.0,0,7.2,81.5,1.1,51.8,99.1,23207.4,85.7,9051.5,9163.2,"{'timestamp': '2026-09-15T07:23:21.387329+00:00', 'model_version': 'gemma4:latest', 'prompt_hash': 'aa83fa9c'}"
3,real_mixed_20,fs-es,61.82513999938965,33.58,0,0,"```json
{
  ""Persons"": [
    ""Angel Padrino"",
    ""Luis Rodríguez Motiño""
  ],
  ""Organizations"": [
    ""Junta de Comunidades de Castilla-La Mancha"",
    ""Universidad Nacional de Educación a Distancia (UNED)"",
    ""Delegación Provincial de Educación de Guadalajara"",
    ""Ministerio de Medio Ambiente""
  ],
  ""Locations"": [
    ""Guadalajara"",
    ""Castilla-La Mancha"",
    ""Umbralejo"",
    ""Madrid""
  ]
}
```",codeblock,0.9,0.47368421052631576,0.6206896551724138,0.0,0,8.4,81.5,1.9,62.2,99.1,25720.7,86.2,9051.5,9163.2,"{'timestamp': '2026-09-15T07:11:08.186394+00:00', 'model_version': 'gemma4:latest', 'prompt_hash': 'aa83fa9c'}"
6,real_mixed_31,fs-es,618.5744593143463,52.97,0,0,"```json
{
  ""Persons"": [],
  ""Organizations"": [
    ""Comisión Ejecutiva del Consorcio Gran Teatro de Cáceres"",
    ""Consorcio Gran Teatro de Cáceres""
  ],
  ""Locations"": [
    ""Cáceres"",
    ""Mérida"",
    ""Zafra"",
    ""Extremadura""
  ]
}
```",codeblock,0.6666666666666666,0.8,0.7272727272727272,0.0,0,6.8,81.5,1.7,54.5,99.1,22782.3,85.8,9051.5,9163.2,"{'timestamp': '2026-09-15T07:20:24.875099+00:00', 'model_version': 'gemma4:latest', 'prompt_hash': 'aa83fa9c'}"
6,real_mixed_32,fs-es,1007.0683128833771,50.78,0,0,"```json
{
  ""Persons"": [
    ""Vujanovic""
  ],
  ""Organizations"": [
    ""Meta"",
    ""Lonja de Bellpuig""
  ],
  ""Locations"": [
    ""Montenegro"",
    ""Albania"",
    ""Shkodra"",
    ""Murriqan"",
    ""Hani"",
    ""Hotit"",
    ""Bellpuig"",
    ""Lleida"",
    ""España"",
    ""Arganda del Rey""
  ]
}
```",codeblock,0.7692307692307693,0.625,0.6896551724137931,0.0,0,7.4,81.5,1.4,56.3,179.0,22971.3,85.8,9051.5,9163.2,"{'timestamp': '2026-09-15T07:26:53.378836+00:00', 'model_version': 'gemma4:latest', 'prompt_hash': 'aa83fa9c'}"
6,real_mixed_33,fs-es,575.7101302146912,52.42,0,0,"```json
{
  ""Persons"": [
    ""Jesús Miguel Franco"",
    ""María Luisa Alejos-Pita"",
    ""Mesías Gimeno"",
    ""Marta Calvo""
  ],
  ""Organizations"": [
    ""PSOE"",
    ""Cortes de Aragón"",
    ""PP"",
    ""PSOE-PAR"",
    ""Gobierno de Aragón"",
    ""Consejería de Educación""
  ],
  ""Locations"": [
    ""Aragón""
  ]
}
```",codeblock,0.9090909090909091,0.6666666666666666,0.7692307692307692,0.0,0,6.8,81.5,1.3,54.4,99.1,22834.6,85.8,9051.5,9163.2,"{'timestamp': '2026-09-15T07:19:42.051509+00:00', 'model_version': 'gemma4:latest', 'prompt_hash': 'aa83fa9c'}"
6,real_mixed_34,fs-es,286.0671880245209,52.24,0,0,"```json
{
  ""Persons"": [],
  ""Organizations"": [
    ""EFE"",
    ""resistencia chií"",
    ""Ejército del Sur de Líbano (ESL)"",
    ""Gobierno de Beirut"",
    ""ONU""
  ],
  ""Locations"": [
    ""Líbano"",
    ""Beirut"",
    ""Jiam"",
    ""Mayayun""
  ]
}
```",codeblock,0.7777777777777778,0.5,0.6086956521739131,0.0,0,6.9,81.5,1.1,51.8,99.1,23606.2,85.4,9051.5,9163.2,"{'timestamp': '2026-09-15T07:14:52.417263+00:00', 'model_version': 'gemma4:latest', 'prompt_hash': 'aa83fa9c'}"
6,real_mixed_35,fs-es,212.6026749610901,52.28,0,0,"```json
{
  ""Persons"": [
    ""Esperanza Martí"",
    ""Juan Rodríguez Yuste"",
    ""Víctor Tello""
  ],
  ""Organizations"": [
    ""Medical Forum Expo"",
    ""administración gallega"",
    ""Xunta"",
    ""Consellería""
  ],
  ""Locations"": [
    ""España"",
    ""Santiago de Compostela"",
    ""Portugal"",
    ""Guimaraes""
  ]
}
```",codeblock,0.9090909090909091,0.8333333333333334,0.8695652173913043,0.0,0,7.1,81.5,1.2,51.1,99.1,24097.9,85.2,9051.5,9163.2,"{'timestamp': '2026-09-15T07:13:38.969304+00:00', 'model_version': 'gemma4:latest', 'prompt_hash': 'aa83fa9c'}"
9,real_mixed_46,fs-es,692.5652191638947,52.44,0,0,"```json
{
  ""Persons"": [
    ""CASAS""
  ],
  ""Organizations"": [
    ""Las Américas"",
    ""Congreso"",
    ""EFE"",
    ""FUERZAS ARMADAS"",
    ""Parlamento catalán"",
    ""Gobierno"",
    ""CDC-UDC""
  ],
  ""Locations"": [
    ""Barcelona"",
    ""Estados Unidos""
  ]
}
```",codeblock,0.8,0.5333333333333333,0.64,0.0,0,7.4,100.0,1.3,59.4,179.0,22741.5,86.0,9051.5,9163.2,"{'timestamp': '2026-09-15T07:27:53.161654+00:00', 'model_version': 'gemma4:latest', 'prompt_hash': 'aa83fa9c'}"
9,real_mixed_47,fs-es,718.8717081546783,52.34,0,0,"```json
{
  ""Persons"": [
    ""Roberto Zambrano"",
    ""Boi Rodríguez"",
    ""José Luis Sandoval"",
    ""Powell"",
    ""Cory Powell"",
    ""Pedro Castellano"",
    ""Miguel Rubio"",
    ""Will Flyn"",
    ""Pete Harthman"",
    ""José Núñez"",
    ""Santos Hernández"",
    ""José Solarte"",
    ""Francisco Campos"",
    ""Will Flynt"",
    ""Ravelo Manzanillo""
  ],
  ""Organizations"": [
    ""Club de Cancún"",
    ""Diablos"",
    ""Diablos Rojos"",
    ""Tigres"",
    ""Piratas de Campeche""
  ],
  ""Locations"": [
    ""Monclova"",
    ""Saltillo"",
    ""Laredos"",
    ""Yucatán"",
    ""Tabasco"",
    ""Madrid""
  ]
}
```",codeblock,0.7692307692307693,0.7142857142857143,0.7407407407407408,0.0,0,7.7,60.8,1.3,58.6,179.0,22716.5,86.0,9051.5,9163.2,"{'timestamp': '2026-09-15T07:28:19.497198+00:00', 'model_version': 'gemma4:latest', 'prompt_hash': 'aa83fa9c'}"
9,real_mixed_48,fs-es,650.6413209438324,52.42,0,0,"```json
{
  ""Persons"": [
    ""Pablo Morales"",
    ""Casimiro Bellido""
  ],
  ""Organizations"": [
    ""Nuestra Señora del Romero de Cascante"",
    ""EFEME"",
    ""EFECOM"",
    ""Bavaria""
  ],
  ""Locations"": [
    ""Cascante"",
    ""Pamplona"",
    ""Tudela"",
    ""Bogotá""
  ]
}
```",codeblock,0.8,0.8,0.8000000000000002,0.0,0,7.5,100.0,1.3,59.5,179.0,22787.7,86.0,9051.5,9163.2,"{'timestamp': '2026-09-15T07:27:11.239985+00:00', 'model_version': 'gemma4:latest', 'prompt_hash': 'aa83fa9c'}"
9,real_mixed_49,fs-es,745.2110140323639,52.15,0,0,"```json
{
  ""Persons"": [
    ""Xabier Kalparsoro"",
    ""Manuel Alvarez"",
    ""Mauricio Pastor""
  ],
  ""Organizations"": [
    ""Audiencia Provincial de Vizcaya"",
    ""ETA"",
    ""Jefatura Superior de Policía"",
    ""Asociación Contra la Tortura"",
    ""ayuntamiento de Zumaia""
  ],
  ""Locations"": [
    ""Vizcaya"",
    ""Bilbao"",
    ""Durango"",
    ""Zumaia"",
    ""Guipúzcoa""
  ]
}
```",codeblock,0.7692307692307693,0.5555555555555556,0.6451612903225806,0.0,0,7.9,100.0,1.3,58.5,179.0,22694.5,86.0,9051.5,9163.2,"{'timestamp': '2026-09-15T07:28:45.810457+00:00', 'model_version': 'gemma4:latest', 'prompt_hash': 'aa83fa9c'}"
9,real_mixed_50,fs-es,672.3063249588013,52.47,0,0,"```json
{
  ""Persons"": [
    ""José María Aznar"",
    ""Manuel Chaves"",
    ""Rafa Larreina""
  ],
  ""Organizations"": [
    ""Gobierno"",
    ""Palacio de la Moncloa"",
    ""EA"",
    ""PSE-EE"",
    ""XIII Cumbre Hispano-francesa""
  ],
  ""Locations"": [
    ""Andalucía"",
    ""Palacio de la Magdalena de Santander"",
    ""Madrid"",
    ""París"",
    ""Vitoria"",
    ""San Sebastián""
  ]
}
```",codeblock,0.7142857142857143,0.5263157894736842,0.6060606060606061,0.0,0,8.6,100.0,1.3,59.4,179.0,22761.4,86.0,9051.5,9163.2,"{'timestamp': '2026-09-15T07:27:32.911699+00:00', 'model_version': 'gemma4:latest', 'prompt_hash': 'aa83fa9c'}"
10,real_mixed_51,fs-es,756.5080938339233,52.45,0,0,"```json
{
  ""Persons"": [
    ""Antonio de la Rosa"",
    ""José Pérez Cequera"",
    ""Andrés Hiniesta"",
    ""J. S. A.""
  ],
  ""Organizations"": [
    ""EFE"",
    ""Policía Local"",
    ""Hospital Virgen del Rocío""
  ],
  ""Locations"": [
    ""Ecija"",
    ""Sevilla"",
    ""Castilla. León"",
    ""Matacán"",
    ""Barajas""
  ]
}
```",codeblock,0.9166666666666666,0.7333333333333333,0.8148148148148148,0.0,0,6.9,100.0,1.3,59.1,179.0,22683.6,86.0,9051.5,9163.2,"{'timestamp': '2026-09-15T07:30:34.295079+00:00', 'model_version': 'gemma4:latest', 'prompt_hash': 'aa83fa9c'}"
10,real_mixed_52,fs-es,688.1637020111084,52.11,0,0,"```json
{
  ""Persons"": [
    ""Oviedo"",
    ""Stephen McFarland"",
    ""Walter Bower"",
    ""Teresa Castanedo"",
    ""Antonio Mérida"",
    ""Manolo Lama"",
    ""Roberto Brasero""
  ],
  ""Organizations"": [
    ""I División de Caballería"",
    ""Telemadrid"",
    ""Real Madrid"",
    ""Liga de Campeones""
  ],
  ""Locations"": [
    ""Paraguay"",
    ""Asunción"",
    ""Madrid"",
    ""París"",
    ""Cibeles"",
    ""Barajas"",
    ""Saint Denis""
  ]
}
```",codeblock,0.8888888888888888,0.7619047619047619,0.8205128205128205,0.0,0,8.4,100.0,1.4,59.6,179.0,22750.4,86.0,9051.5,9163.2,"{'timestamp': '2026-09-15T07:29:25.950488+00:00', 'model_version': 'gemma4:latest', 'prompt_hash': 'aa83fa9c'}"
10,real_mixed_53,fs-es,733.1790771484375,52.38,0,0,"```json
{
  ""Persons"": [
    ""Rato"",
    ""Summers""
  ],
  ""Organizations"": [
    ""Gobierno"",
    ""Diputación Foral de Alava""
  ],
  ""Locations"": [
    ""España"",
    ""Estados Unidos"",
    ""Vitoria"",
    ""Alava"",
    ""Navarra"",
    ""Valladolid"",
    ""Elorriaga"",
    ""Lumbier"",
    ""Llanada"",
    ""Montaña alavesa"",
    ""Arraia-Maeztu"",
    ""Campezo""
  ]
}
```",codeblock,0.8125,0.8125,0.8125,0.0,0,7.4,100.0,1.3,59.3,179.0,22704.5,86.0,9051.5,9163.2,"{'timestamp': '2026-09-15T07:30:10.956624+00:00', 'model_version': 'gemma4:latest', 'prompt_hash': 'aa83fa9c'}"
10,real_mixed_54,fs-es,660.1644251346588,52.96,0,0,"```json
{
  ""Persons"": [
    ""Carlos Sánchez Polo""
  ],
  ""Organizations"": [
    ""Agencia EFE""
  ],
  ""Locations"": [
    ""Mérida"",
    ""Extremadura"",
    ""Salvatierra de los Barros"",
    ""Badajoz""
  ]
}
```",codeblock,1.0,0.75,0.8571428571428571,0.0,0,8.5,100.0,1.3,59.3,179.0,22780.9,86.0,9051.5,9163.2,"{'timestamp': '2026-09-15T07:28:57.935865+00:00', 'model_version': 'gemma4:latest', 'prompt_hash': 'aa83fa9c'}"
10,real_mixed_55,fs-es,710.3601801395416,52.3,0,0,"```json
{
  ""Persons"": [
    ""Alfredo Sánchez Monteseirín""
  ],
  ""Organizations"": [
    ""Ararteko"",
    ""Juntas Generales de Bizkaia"",
    ""Mesa de Baleares"",
    ""EFE"",
    ""Universidad Pablo de Olavide"",
    ""Comité Olímpico Internacional (COI)""
  ],
  ""Locations"": [
    ""Sevilla"",
    ""Bizkaia"",
    ""Baleares"",
    ""Dos Hermanas"",
    ""Cádiz"",
    ""Córdoba"",
    ""Málaga"",
    ""Granada""
  ]
}
```",codeblock,0.8,0.6,0.6857142857142857,0.0,0,6.9,60.8,1.5,59.3,179.0,22725.4,86.0,9051.5,9163.2,"{'timestamp': '2026-09-15T07:29:48.140452+00:00', 'model_version': 'gemma4:latest', 'prompt_hash': 'aa83fa9c'}"
11,real_mixed_56,fs-es,858.4590866565704,52.21,0,0,"```json
{
  ""Persons"": [
    ""Chirac"",
    ""Aznar"",
    ""José María Aznar""
  ],
  ""Organizations"": [
    ""Consejo Europeo"",
    ""Comisión"",
    ""Ayuntamiento de Toledo"",
    ""EFE""
  ],
  ""Locations"": [
    ""Francia"",
    ""España"",
    ""Lisboa"",
    ""Austria"",
    ""Portugal"",
    ""América Latina"",
    ""Oriente Medio"",
    ""Toledo"",
    ""Castilla-manchega"",
    ""Reino Unido"",
    ""Dinamarca"",
    ""Suecia"",
    ""Italia"",
    ""Finlandia""
  ]
}
```",codeblock,0.7619047619047619,0.6153846153846154,0.6808510638297872,0.0,0,7.2,100.0,1.3,58.0,179.0,22911.7,86.0,9051.5,9163.2,"{'timestamp': '2026-09-15T07:32:41.360358+00:00', 'model_version': 'gemma4:latest', 'prompt_hash': 'aa83fa9c'}"
11,real_mixed_57,fs-es,804.1210799217224,52.67,0,0,"```json
{
  ""Persons"": [
    ""Vicente del Bosque"",
    ""Fernando Hierro"",
    ""Iván Campo"",
    ""Karanka"",
    ""Iván Helguera"",
    ""Raúl"",
    ""Anelka"",
    ""Morientes"",
    ""Héctor Cúper"",
    ""Farinós"",
    ""Gerardo"",
    ""Piojo López"",
    ""Carlos Gardel""
  ],
  ""Organizations"": [
    ""Valencia"",
    ""Madrid"",
    ""Racing de Avellaneda"",
    ""Lazio""
  ],
  ""Locations"": [
    ""Europa"",
    ""Roma"",
    ""Italia""
  ]
}
```",codeblock,1.0,0.9523809523809523,0.975609756097561,0.0,0,8.7,100.0,1.4,58.2,179.0,22973.4,86.0,9051.5,9163.2,"{'timestamp': '2026-09-15T07:31:47.017405+00:00', 'model_version': 'gemma4:latest', 'prompt_hash': 'aa83fa9c'}"
11,real_mixed_58,fs-es,761.6301579475403,35.68,0,0,"```json
{
  ""Persons"": [
    ""Juan Antonio Gómez Angulo"",
    ""Vicente del Bosque"",
    ""Emilio Butragueño"",
    ""Eduardo Zaplana""
  ],
  ""Organizations"": [
    ""EFE"",
    ""Real Madrid"",
    ""Consejo Superior de Deportes"",
    ""Valencia""
  ],
  ""Locations"": [
    ""París"",
    ""Saint Denis"",
    ""Versalles"",
    ""Chantilly"",
    ""Amsterdam"",
    ""Comunidad Valenciana"",
    ""Madrid""
  ]
}
```",codeblock,0.8666666666666667,0.7222222222222222,0.7878787878787877,0.0,0,7.1,84.0,1.3,58.5,179.0,22889.4,86.1,9051.5,9163.2,"{'timestamp': '2026-09-15T07:31:04.532799+00:00', 'model_version': 'gemma4:latest', 'prompt_hash': 'aa83fa9c'}"
11,real_mixed_59,fs-es,832.4344658851624,51.9,0,0,"```json
{
  ""Persons"": [
    ""John C. Demers"",
    ""Matthew Schneider"",
    ""Vance R. Callender"",
    ""Dan Clutch"",
    ""Arash Yousefi Jam"",
    ""Amin Yousefi Jam"",
    ""Abdollah Momeni Roustani"",
    ""Hank Moon"",
    ""Adam Barry""
  ],
  ""Organizations"": [
    ""Justice Department"",
    ""U.S. Immigration and Customs Enforcement"",
    ""Homeland Security Investigations (HSI)"",
    ""Office of Export Enforcement (OEE)"",
    ""Commerce Department"",
    ""Eastern District of Michigan""
  ],
  ""Locations"": [
    ""Iran"",
    ""UAE"",
    ""United States"",
    ""Ontario"",
    ""Canada"",
    ""Michigan"",
    ""Ohio"",
    ""Chicago""
  ]
}
```",codeblock,0.8695652173913043,0.7692307692307693,0.8163265306122449,0.0,0,7.1,100.0,1.3,58.0,179.0,22939.6,86.0,9051.5,9163.2,"{'timestamp': '2026-09-15T07:32:15.326736+00:00', 'model_version': 'gemma4:latest', 'prompt_hash': 'aa83fa9c'}"
11,real_mixed_60,fs-es,784.3261549472809,46.91,0,0,"```json
{
  ""Persons"": [
    ""Juan Luis Font""
  ],
  ""Organizations"": [
    ""El Periódico"",
    ""Siglo Veintiuno"",
    ""Nuestro Diario"",
    ""Guatemala Flash"",
    ""Relaciones Públicas de la Presidencia"",
    ""Secretaría de Comunicación Social de la Presidencia"",
    ""Ministerio Público"",
    ""Estado Mayor Presidencial (EMP)"",
    ""EFE""
  ],
  ""Locations"": [
    ""Santiago de Compostela""
  ]
}
```",codeblock,1.0,0.7857142857142857,0.88,0.0,0,8.0,100.0,1.3,58.3,179.0,22999.9,86.0,9051.5,9163.2,"{'timestamp': '2026-09-15T07:31:27.226301+00:00', 'model_version': 'gemma4:latest', 'prompt_hash': 'aa83fa9c'}"
12,real_mixed_61,fs-es,651.0271480083466,51.1,0,0,"```json
{
  ""Persons"": [
    ""Yury Orekhov"",
    ""Artem Uss"",
    ""Svetlana Kuzurgasheva"",
    ""Lana Neumann"",
    ""Timofey Telegin"",
    ""Sergey Tulyakov"",
    ""Juan Fernando Serrano Ponce"",
    ""Juan Carlos Soto"",
    ""Merrick B. Garland"",
    ""Christopher Wray"",
    ""Breon Peace"",
    ""Artie McConnell"",
    ""Scott A. Claffee""
  ],
  ""Organizations"": [
    ""Justice Department"",
    ""U.S. Attorneys’ Offices for the Eastern District of New York"",
    ""Task Force KleptoCapture"",
    ""PDVSA (Petroleos de Venezuela S.A.)"",
    ""Nord-Deutsche Industrieanlagenbau GmbH (NDA GmbH)"",
    ""FBI"",
    ""U.S. Department of Commerce"",
    ""U.S. District Court for the District of Connecticut""
  ],
  ""Locations"": [
    ""Russia"",
    ""Ukraine"",
    ""United States"",
    ""Germany"",
    ""Italy"",
    ""Venezuela"",
    ""Latvia"",
    ""Estonia"",
    ""Hamburg"",
    ""China"",
    ""Beijing"",
    ""Latin America"",
    ""Emirates""
  ]
}
```",codeblock,0.6470588235294118,0.6111111111111112,0.6285714285714287,0.029411764705882353,1,6.8,60.8,1.5,62.1,179.0,22455.6,86.1,9051.5,9163.2,"{'timestamp': '2026-09-15T07:34:31.793032+00:00', 'model_version': 'gemma4:latest', 'prompt_hash': 'aa83fa9c'}"
12,real_mixed_62,fs-es,580.3378300666809,52.27,0,0,"```json
{
  ""Persons"": [
    ""Cristina Narbona"",
    ""Emanuele Leone"",
    ""Paloma Aguirre""
  ],
  ""Organizations"": [
    ""PSOE-Progresistas"",
    ""Ayuntamiento de Madrid"",
    ""Comisión de Medio Ambiente"",
    ""Unión Temporal de Empresas (UTE)"",
    ""Museo Extremeño. Iberoamericano de Arte Contemporáneo (MEIAC)"",
    ""4. L""
  ],
  ""Locations"": [
    ""Madrid"",
    ""Badajoz"",
    ""Lisboa"",
    ""Barcelona"",
    ""Extremadura""
  ]
}
```",codeblock,0.7857142857142857,0.6111111111111112,0.6875000000000001,0.0,0,8.6,100.0,1.5,63.5,179.0,22502.5,86.1,9051.5,9163.2,"{'timestamp': '2026-09-15T07:33:21.080802+00:00', 'model_version': 'gemma4:latest', 'prompt_hash': 'aa83fa9c'}"
12,real_mixed_63,fs-es,558.3552150726318,52.63,0,0,"```json
{
  ""Persons"": [
    ""Putin""
  ],
  ""Organizations"": [
    ""Ejército de Sri Lanka"",
    ""Tigres de Liberación de la Patria Tamil"",
    ""Sociedad de Oncología Clínica""
  ],
  ""Locations"": [
    ""Sri Lanka"",
    ""Jafna"",
    ""Minsk"",
    ""Rusia"",
    ""EEUU"",
    ""Nueva Orleáns"",
    ""Barcelona""
  ]
}
```",codeblock,0.7272727272727273,0.5333333333333333,0.6153846153846153,0.0,0,6.8,60.8,1.5,63.2,179.0,22521.9,86.1,9051.5,9163.2,"{'timestamp': '2026-09-15T07:32:59.096020+00:00', 'model_version': 'gemma4:latest', 'prompt_hash': 'aa83fa9c'}"
12,real_mixed_64,fs-es,598.7007780075073,52.55,0,0,"```json
{
  ""Persons"": [],
  ""Organizations"": [
    ""ayuntamiento de Mollet del Vallés"",
    ""EFE""
  ],
  ""Locations"": [
    ""Mollet del Vallés"",
    ""Barcelona""
  ]
}
```",codeblock,0.75,0.75,0.75,0.0,0,7.4,100.0,1.5,63.4,179.0,22485.6,86.1,9051.5,9163.2,"{'timestamp': '2026-09-15T07:33:39.429099+00:00', 'model_version': 'gemma4:latest', 'prompt_hash': 'aa83fa9c'}"
12,real_mixed_65,fs-es,617.5294699668884,52.39,0,0,"```json
{
  ""Persons"": [],
  ""Organizations"": [
    ""Caixa Catalunya"",
    ""AIAF"",
    ""EFE"",
    ""Universidad del País Vasco"",
    ""Vicerrectorado del Campus de Guipúzcoa"",
    ""departamento vasco de Interior""
  ],
  ""Locations"": [
    ""San Sebastián"",
    ""Guipúzcoa""
  ]
}
```",codeblock,0.625,0.45454545454545453,0.5263157894736842,0.0,0,6.8,60.8,1.5,63.3,179.0,22472.1,86.1,9051.5,9163.2,"{'timestamp': '2026-09-15T07:33:58.261478+00:00', 'model_version': 'gemma4:latest', 'prompt_hash': 'aa83fa9c'}"
13,real_mixed_66,fs-es,698.8970608711243,52.3,0,0,"```json
{
  ""Persons"": [
    ""Juan Pereiro"",
    ""Wolfgang Schuessel"",
    ""Antonio Guterres""
  ],
  ""Organizations"": [
    ""Ayuntamiento de San Martín del Rey Aurelio"",
    ""Administración Regional"",
    ""Partido Popular (OEVP)"",
    ""Consejo de la UE""
  ],
  ""Locations"": [
    ""Viena"",
    ""Fradera"",
    ""El Entrego"",
    ""Italia"",
    ""Irlanda"",
    ""Las Azores"",
    ""Portugal"",
    ""Francia"",
    ""Alemania"",
    ""Austria""
  ]
}
```",codeblock,0.6470588235294118,0.4230769230769231,0.5116279069767442,0.0,0,7.5,85.7,1.5,62.0,179.0,22423.3,86.1,9051.5,9163.2,"{'timestamp': '2026-09-15T07:35:38.334719+00:00', 'model_version': 'gemma4:latest', 'prompt_hash': 'aa83fa9c'}"
13,real_mixed_67,fs-es,747.3038489818573,52.25,0,0,"```json
{
  ""Persons"": [
    ""Cuevas"",
    ""Iñaqui Ordóñez"",
    ""Ordóñez Mañas"",
    ""Manolo Cadenas"",
    ""Hernández"",
    ""Canca"",
    ""Bartok"",
    ""Iker Romero""
  ],
  ""Organizations"": [
    ""CEOE"",
    ""Radio León"",
    ""Caja España Ademar"",
    ""EFE"",
    ""Elgorriaga Bidasoa"",
    ""UE""
  ],
  ""Locations"": [
    ""Francia"",
    ""Italia"",
    ""Alemania"",
    ""España"",
    ""León"",
    ""Hameln""
  ]
}
```",codeblock,0.95,0.8636363636363636,0.9047619047619048,0.0,0,6.8,60.8,1.5,61.8,179.0,22399.1,86.1,9051.5,9163.2,"{'timestamp': '2026-09-15T07:36:26.727099+00:00', 'model_version': 'gemma4:latest', 'prompt_hash': 'aa83fa9c'}"
13,real_mixed_68,fs-es,656.0146231651306,52.4,0,0,"```json
{
  ""Persons"": [
    ""Arash Yousefi Jam"",
    ""Abdollah Momeni Roustani"",
    ""Stephen J. Murphy"",
    ""Hank Moon"",
    ""Adam Barry""
  ],
  ""Organizations"": [
    ""International Emergency Economic Powers Act (IEEPA)"",
    ""Iranian Transactions and Sanctions Regulations (ITSR)"",
    ""Homeland Security Investigations"",
    ""Commerce Department's Office of Export Enforcement"",
    ""Eastern District of Michigan"",
    ""Justice Department’s National Security Division"",
    ""Criminal Division’s Office of International Affairs""
  ],
  ""Locations"": [
    ""Iran"",
    ""Canada"",
    ""U.S."",
    ""Ontario"",
    ""Michigan"",
    ""United Arab Emirates""
  ]
}
```",codeblock,0.9444444444444444,0.8947368421052632,0.918918918918919,0.0,0,6.8,60.8,1.5,62.1,179.0,22451.9,86.1,9051.5,9163.2,"{'timestamp': '2026-09-15T07:34:55.431007+00:00', 'model_version': 'gemma4:latest', 'prompt_hash': 'aa83fa9c'}"
13,real_mixed_69,fs-es,724.9316101074219,52.16,0,0,"```json
{
  ""Persons"": [
    ""Fernando Zambrano"",
    ""Solari"",
    ""Kiko"",
    ""Anna Kournikova"",
    ""Lorenzo Sanz"",
    ""Vicente Del Bosque"",
    ""Guardiola"",
    ""Figo"",
    ""Rivaldo"",
    ""Víctor Fernández""
  ],
  ""Organizations"": [
    ""EFE"",
    ""Real Madrid"",
    ""Valencia"",
    ""Marca"",
    ""Espanyol"",
    ""Atlético de Madrid"",
    ""As"",
    ""Barcelona"",
    ""Juventus"",
    ""Mundo Deportivo"",
    ""Celta""
  ],
  ""Locations"": [
    ""Madrid"",
    ""París"",
    ""Mallorca"",
    ""Barcelona""
  ]
}
```",codeblock,1.0,0.8928571428571429,0.9433962264150945,0.0,0,6.7,60.8,1.5,61.9,179.0,22407.3,86.1,9051.5,9163.2,"{'timestamp': '2026-09-15T07:36:04.366701+00:00', 'model_version': 'gemma4:latest', 'prompt_hash': 'aa83fa9c'}"
13,real_mixed_70,fs-es,675.1522700786591,52.45,0,0,"```json
{
  ""Persons"": [
    ""Alberto Fernández"",
    ""Luis de Grandes"",
    ""Jorge Fernández"",
    ""Mariano Rajoy"",
    ""Javier Arenas"",
    ""Eduardo Zaplana"",
    ""José A. Delgado"",
    ""Miguel Sanz"",
    ""Mario Monti""
  ],
  ""Organizations"": [
    ""PP"",
    ""Parlament"",
    ""Congreso"",
    ""Generalitat valenciana"",
    ""Ejecutivo comunitario""
  ],
  ""Locations"": [
    ""Madrid"",
    ""Cataluña"",
    ""Bruselas"",
    ""Navarra"",
    ""Pamplona""
  ]
}
```",codeblock,0.8421052631578947,0.64,0.7272727272727272,0.0,0,6.9,100.0,1.5,62.3,179.0,22439.7,86.1,9051.5,9163.2,"{'timestamp': '2026-09-15T07:35:14.582716+00:00', 'model_version': 'gemma4:latest', 'prompt_hash': 'aa83fa9c'}"
14,real_mixed_71,fs-es,772.8171300888062,52.22,0,0,"```json
{
  ""Persons"": [
    ""Alberto Flamarique"",
    ""Luis Vázquez Villamor"",
    ""Silvio Ferreyra Fernández""
  ],
  ""Organizations"": [
    ""Mercosur"",
    ""Organización Internacional del Trabajo (OIT)""
  ],
  ""Locations"": [
    ""Bolivia"",
    ""Chile"",
    ""Ginebra"",
    ""Paraguay""
  ]
}
```",codeblock,0.6666666666666666,0.42857142857142855,0.5217391304347826,0.0,0,7.7,79.2,1.5,61.2,179.0,22382.7,86.1,9051.5,9163.2,"{'timestamp': '2026-09-15T07:38:05.064251+00:00', 'model_version': 'gemma4:latest', 'prompt_hash': 'aa83fa9c'}"
14,real_mixed_72,fs-es,715.349612236023,52.46,0,0,"```json
{
  ""Persons"": [
    ""Corín Tellado"",
    ""Miguel de Cervantes"",
    ""Luis Sepúlveda"",
    ""Rosa Regás"",
    ""Mario Delgado"",
    ""Vicente Alvarez Areces"",
    ""Paz Fernández Felgueroso""
  ],
  ""Organizations"": [
    ""EFE"",
    ""Salón del Libro Iberoamericano""
  ],
  ""Locations"": [
    ""Gijón"",
    ""España"",
    ""Uruguay"",
    ""Principado de Asturias""
  ]
}
```",codeblock,0.8461538461538461,0.6470588235294118,0.7333333333333334,0.0,0,6.8,60.8,1.5,62.1,179.0,22408.4,86.1,9051.5,9163.2,"{'timestamp': '2026-09-15T07:37:07.596344+00:00', 'model_version': 'gemma4:latest', 'prompt_hash': 'aa83fa9c'}"
14,real_mixed_73,fs-es,697.6228811740875,50.73,0,0,"```json
{
  ""Persons"": [
    ""Mariano Rajoy"",
    ""Diego López Garrido"",
    ""Cardenal""
  ],
  ""Organizations"": [
    ""EFE"",
    ""Consejo de RTVE"",
    ""Junta Electoral Central"",
    ""Consejo de Universidades"",
    ""Comisión Constitucional del Congreso"",
    ""PNV""
  ],
  ""Locations"": [
    ""Madrid""
  ]
}
```",codeblock,1.0,0.625,0.7692307692307693,0.0,0,6.8,60.8,1.6,62.3,179.0,22413.7,86.1,9051.5,9163.2,"{'timestamp': '2026-09-15T07:36:49.866723+00:00', 'model_version': 'gemma4:latest', 'prompt_hash': 'aa83fa9c'}"
14,real_mixed_74,fs-es,733.5571689605713,52.37,0,0,"```json
{
  ""Persons"": [
    ""Manceñido"",
    ""José Alfonso Martos"",
    ""Celia Villalobos""
  ],
  ""Organizations"": [
    ""Consejo General del Colegio de Farmacéuticos"",
    ""Satse"",
    ""Insalud"",
    ""Organización Mundial de la Salud (OMS)""
  ],
  ""Locations"": [
    ""España"",
    ""Madrid""
  ]
}
```",codeblock,1.0,0.75,0.8571428571428571,0.0,0,6.8,60.8,1.5,61.9,179.0,22403.0,86.1,9051.5,9163.2,"{'timestamp': '2026-09-15T07:37:25.793550+00:00', 'model_version': 'gemma4:latest', 'prompt_hash': 'aa83fa9c'}"
14,real_mixed_75,fs-es,751.775337934494,52.42,0,0,"```json
{
  ""Persons"": [],
  ""Organizations"": [
    ""EFE afa-c"",
    ""Kwoon Saholin"",
    ""Karate Kyukushinkai""
  ],
  ""Locations"": [
    ""Sestao"",
    ""Vizcaya""
  ]
}
```",codeblock,0.6,0.6,0.6,0.0,0,6.8,60.8,1.5,61.5,179.0,22393.1,86.1,9051.5,9163.2,"{'timestamp': '2026-09-15T07:37:44.006185+00:00', 'model_version': 'gemma4:latest', 'prompt_hash': 'aa83fa9c'}"
15,real_mixed_76,fs-es,723.0840091705322,53.3,0,0,"```json
{
  ""Persons"": [],
  ""Organizations"": [
    ""UEFA Champions League"",
    ""EURONEWS""
  ],
  ""Locations"": []
}
```",codeblock,0.0,0.0,0.0,0.0,0,7.9,100.0,1.5,61.3,179.0,22408.9,86.1,9051.5,9163.2,"{'timestamp': '2026-09-15T07:38:14.163547+00:00', 'model_version': 'gemma4:latest', 'prompt_hash': 'aa83fa9c'}"
15,real_mixed_77,fs-es,754.0665900707245,52.23,0,0,"```json
{
  ""Persons"": [
    ""Wieczorek-Zeul"",
    ""Carlos Lage"",
    ""Felipe Pérez Roque"",
    ""Marta Lomas"",
    ""Carlos Dotres"",
    ""Luis Gómez Echeverri"",
    ""Elizardo Sánchez"",
    ""Marcelino Iglesias"",
    ""José Angel Biel"",
    ""Javier Callizo"",
    ""Javier Lambán""
  ],
  ""Organizations"": [
    ""Gobierno cubano"",
    ""Escuela Latinoamericana de Medicina"",
    ""gobierno alemán"",
    ""Programa de Naciones Unidas para el Desarrollo (PNUD)"",
    ""Comisión Cubana de Derechos Humanos. Reconciliación Nacional (CCDHRN)"",
    ""Diputación de Zaragoza""
  ],
  ""Locations"": [
    ""Cuba"",
    ""Alemania"",
    ""Fuentes de Ebro"",
    ""Zaragoza"",
    ""Aragón""
  ]
}
```",codeblock,0.7727272727272727,0.7391304347826086,0.7555555555555555,0.0,0,9.6,100.0,1.6,61.7,179.0,22393.7,86.1,9051.5,9163.2,"{'timestamp': '2026-09-15T07:38:45.179811+00:00', 'model_version': 'gemma4:latest', 'prompt_hash': 'aa83fa9c'}"
15,real_mixed_78,fs-es,836.4770367145538,51.7,0,0,"```json
{
  ""Persons"": [
    ""Joseph Kabila""
  ],
  ""Organizations"": [
    ""Kwanza Capital"",
    ""The Sentry"",
    ""Financial Action Task Force (FATF)"",
    ""Congolese government""
  ],
  ""Locations"": [
    ""Kinshasa"",
    ""Democratic Republic of Congo"",
    ""Congo""
  ]
}
```",codeblock,0.75,0.8571428571428571,0.7999999999999999,0.0,0,10.3,100.0,1.5,61.4,179.0,22356.1,86.1,9051.5,9163.2,"{'timestamp': '2026-09-15T07:40:07.566578+00:00', 'model_version': 'gemma4:latest', 'prompt_hash': 'aa83fa9c'}"
15,real_mixed_79,fs-es,808.1790089607239,51.68,0,0,"```json
{
  ""Persons"": [
    ""Nathaniel McGill"",
    ""Sayma Syrenius Cephus"",
    ""Bill Twehway"",
    ""Brian E. Nelson"",
    ""George Weah""
  ],
  ""Organizations"": [
    ""U.S. Department of the Treasury’s Office of Foreign Assets Control (OFAC)"",
    ""Global Magnitsky Human Rights Accountability Act"",
    ""National Port Authority (NPA)""
  ],
  ""Locations"": [
    ""WASHINGTON"",
    ""Liberia"",
    ""United States""
  ]
}
```",codeblock,0.8181818181818182,0.75,0.7826086956521738,0.0,0,7.0,100.0,1.5,61.5,179.0,22367.1,86.1,9051.5,9163.2,"{'timestamp': '2026-09-15T07:39:39.270388+00:00', 'model_version': 'gemma4:latest', 'prompt_hash': 'aa83fa9c'}"
15,real_mixed_80,fs-es,786.3162279129028,51.85,0,0,"```json
{
  ""Persons"": [
    ""Eriks Mamonovs"",
    ""Vadims Ananics"",
    ""Stanislav Romanyuk"",
    ""Janis Uzbalis"",
    ""Vanessa Roberts Avery"",
    ""Rahul Kale"",
    ""Konstantin Lantsman"",
    ""Matthew Anzaldi""
  ],
  ""Organizations"": [
    ""CNC Weld"",
    ""BY Trade OU"",
    ""United States Department of Commerce"",
    ""FBI"",
    ""HSI"",
    ""District of Connecticut"",
    ""Office of Export Enforcement"",
    ""Prosecutor-General’s Offices of the Republic of Latvia"",
    ""Latvian State Revenue Service"",
    ""Estonian Tax and Customs Board"",
    ""Justice Department’s Task Force KleptoCapture""
  ],
  ""Locations"": [
    ""United States"",
    ""Latvia"",
    ""Ukraine"",
    ""Estonia"",
    ""Russia"",
    ""Riga"",
    ""New Haven"",
    ""Portland (Ore.)"",
    ""The Hague"",
    ""Netherlands"",
    ""Boston"",
    ""Connecticut""
  ]
}
```",codeblock,0.6451612903225806,0.7142857142857143,0.6779661016949152,0.0,0,10.2,100.0,1.5,61.5,179.0,22378.9,86.1,9051.5,9163.2,"{'timestamp': '2026-09-15T07:39:17.428484+00:00', 'model_version': 'gemma4:latest', 'prompt_hash': 'aa83fa9c'}"
16,real_mixed_81,fs-es,930.5791461467743,41.95,0,0,"```json
{
  ""Persons"": [
    ""José Zamarriego"",
    ""Juliana Fariñas"",
    ""José Luis Vega"",
    ""Inés Fernández""
  ],
  ""Organizations"": [
    ""Junta Electoral del Ilustre Colegio de Oficial de Médicos de Madrid (ICOMEM)"",
    ""Ilustre Colegio de Oficial de Médicos de Madrid""
  ],
  ""Locations"": [
    ""Madrid"",
    ""España""
  ]
}
```",codeblock,0.875,0.5,0.6363636363636364,0.0,0,7.0,60.8,1.5,60.4,179.0,22914.8,86.2,9051.5,9163.2,"{'timestamp': '2026-09-15T07:42:03.187279+00:00', 'model_version': 'gemma4:latest', 'prompt_hash': 'aa83fa9c'}"
16,real_mixed_82,fs-es,913.1510100364685,31.33,0,0,"```json
{
  ""Persons"": [
    ""Milosevic"",
    ""Máximo Cajal"",
    ""Guillermo Ruiz Polanco"",
    ""Rigoberta Menchú"",
    ""Gregorio Yujá""
  ],
  ""Organizations"": [
    ""Gobierno yugoslavo"",
    ""Audiencia Nacional""
  ],
  ""Locations"": [
    ""Madrid"",
    ""Guatemala"",
    ""Belgrado"",
    ""Quiché""
  ]
}
```",codeblock,0.8181818181818182,0.5294117647058824,0.6428571428571428,0.0,0,8.6,100.0,1.5,60.6,179.0,22823.9,86.2,9051.5,9163.2,"{'timestamp': '2026-09-15T07:41:45.753105+00:00', 'model_version': 'gemma4:latest', 'prompt_hash': 'aa83fa9c'}"
16,real_mixed_83,fs-es,876.8347430229187,30.66,0,0,"```json
{
  ""Persons"": [
    ""Antonio Varriale"",
    ""Iván Parra"",
    ""Karsten Kroon"",
    ""Angel Vicioso"",
    ""Davor Suker""
  ],
  ""Organizations"": [
    ""Panaria"",
    ""Real Madrid"",
    ""Valencia""
  ],
  ""Locations"": [
    ""Padua"",
    ""Colombia"",
    ""Zagreb"",
    ""París""
  ]
}
```",codeblock,0.9166666666666666,0.8461538461538461,0.8799999999999999,0.0,0,7.8,100.0,1.5,61.0,179.0,22565.6,86.2,9051.5,9163.2,"{'timestamp': '2026-09-15T07:41:09.435322+00:00', 'model_version': 'gemma4:latest', 'prompt_hash': 'aa83fa9c'}"
16,real_mixed_84,fs-es,833.1060779094696,52.6,0,0,"```json
{
  ""Persons"": [
    ""Thomas Middelhoff"",
    ""Miguel García-Durán""
  ],
  ""Organizations"": [
    ""Bertelsmann"",
    ""Telefónica"",
    ""Antena-3 Televisión"",
    ""EFE""
  ],
  ""Locations"": [
    ""Madrid"",
    ""Albacete""
  ]
}
```",codeblock,1.0,0.7272727272727273,0.8421052631578948,0.0,0,7.0,60.8,1.5,61.3,179.0,22358.7,86.1,9051.5,9163.2,"{'timestamp': '2026-09-15T07:40:25.712965+00:00', 'model_version': 'gemma4:latest', 'prompt_hash': 'aa83fa9c'}"
16,real_mixed_85,fs-es,848.4530789852142,52.63,0,0,"```json
{
  ""Persons"": [
    ""Joaquín Almería"",
    ""Miki Tzavella"",
    ""Costas Simitis"",
    ""Dimitris Reppas"",
    ""Theodore Pangalos""
  ],
  ""Organizations"": [
    ""Nueva Democracia""
  ],
  ""Locations"": [
    ""Atenas"",
    ""Grecia""
  ]
}
```",codeblock,0.875,0.7777777777777778,0.823529411764706,0.125,1,8.7,100.0,1.5,61.4,179.0,22353.8,86.1,9051.5,9163.2,"{'timestamp': '2026-09-15T07:40:41.053504+00:00', 'model_version': 'gemma4:latest', 'prompt_hash': 'aa83fa9c'}"
17,real_mixed_86,fs-es,1000.7979280948639,52.38,0,0,"```json
{
  ""Persons"": [
    ""Francesc Salvatella"",
    ""Pol Amat"",
    ""Joaquín Calvo"",
    ""Xavi Arnau""
  ],
  ""Organizations"": [
    ""Egara"",
    ""Real Club de Polo de Barcelona"",
    ""Federación Española"",
    ""Federación Catalana"",
    ""Atlétic Terrasa""
  ],
  ""Locations"": [
    ""Barcelona"",
    ""San Sebastián""
  ]
}
```",codeblock,0.8181818181818182,0.6428571428571429,0.7200000000000001,0.0,0,6.9,57.9,1.5,58.2,173.6,22857.6,86.2,9051.5,9163.2,"{'timestamp': '2026-09-15T07:43:34.261275+00:00', 'model_version': 'gemma4:latest', 'prompt_hash': 'aa83fa9c'}"
17,real_mixed_87,fs-es,980.949921131134,52.49,0,0,"```json
{
  ""Persons"": [
    ""Zambrano"",
    ""Emilio Oliva Calahorra""
  ],
  ""Organizations"": [
    ""Rayo Vallecano"",
    ""Atlético de Madrid"",
    ""EFE""
  ],
  ""Locations"": [
    ""La Rioja""
  ]
}
```",codeblock,0.8333333333333334,0.45454545454545453,0.5882352941176471,0.0,0,7.3,100.0,1.5,58.3,173.5,22874.4,86.2,9051.5,9163.2,"{'timestamp': '2026-09-15T07:43:14.402360+00:00', 'model_version': 'gemma4:latest', 'prompt_hash': 'aa83fa9c'}"
17,real_mixed_88,fs-es,922.8914909362793,52.92,0,0,"```json
{
  ""Persons"": [],
  ""Organizations"": [
    ""PP"",
    ""Diputación"",
    ""UEX"",
    ""Asociación para el Desarrollo Rural Jerez-Sierra Suroeste""
  ],
  ""Locations"": [
    ""Badajoz"",
    ""Mérida"",
    ""Casar de Palomero""
  ]
}
```",codeblock,0.8571428571428571,0.75,0.7999999999999999,0.0,0,7.0,66.7,1.5,58.2,172.2,22922.5,86.2,9051.5,9163.2,"{'timestamp': '2026-09-15T07:42:16.343519+00:00', 'model_version': 'gemma4:latest', 'prompt_hash': 'aa83fa9c'}"
17,real_mixed_89,fs-es,963.7099089622498,52.39,0,0,"```json
{
  ""Persons"": [
    ""Sabin Intxaurraga"",
    ""Fernando Maura""
  ],
  ""Organizations"": [
    ""Partido Popular"",
    ""Gobierno vasco"",
    ""Consejo Económico. Social (CES)"",
    ""Parlamento Vasco""
  ],
  ""Locations"": [
    ""Bilbao""
  ]
}
```",codeblock,0.8571428571428571,0.42857142857142855,0.5714285714285714,0.0,0,7.5,57.9,1.5,58.3,173.4,22887.3,86.2,9051.5,9163.2,"{'timestamp': '2026-09-15T07:42:57.157739+00:00', 'model_version': 'gemma4:latest', 'prompt_hash': 'aa83fa9c'}"
17,real_mixed_90,fs-es,944.6591086387634,52.4,0,0,"```json
{
  ""Persons"": [
    ""Miguel Angel Vives"",
    ""Augusto Méndez de Lugo"",
    ""Pedro Pacheco""
  ],
  ""Organizations"": [
    ""Liga de Campeones"",
    ""Valencia"",
    ""Real Madrid"",
    ""Catedral de Valencia"",
    ""Tribunal Superior de Justicia de Andalucía""
  ],
  ""Locations"": [
    ""Villafranca"",
    ""Extremadura"",
    ""Valencia"",
    ""París"",
    ""Comunidad Valenciana"",
    ""Navarrés"",
    ""Onteniente"",
    ""Alicante"",
    ""Granada"",
    ""Andalucía"",
    ""Los Garciagos"",
    ""Jerez""
  ]
}
```",codeblock,0.8,0.7272727272727273,0.761904761904762,0.0,0,7.1,100.0,1.5,58.4,173.6,22902.4,86.2,9051.5,9163.2,"{'timestamp': '2026-09-15T07:42:38.133051+00:00', 'model_version': 'gemma4:latest', 'prompt_hash': 'aa83fa9c'}"
18,real_mixed_91,fs-es,993.2140662670135,52.23,0,0,"```json
{
  ""Persons"": [
    ""Paca Sauquillo"",
    ""Manuel Carmena"",
    ""Carmen Alborch"",
    ""Carmen Romero"",
    ""Eduardo Corchero"",
    ""Guillermo Fernández Vara""
  ],
  ""Organizations"": [
    ""ORT"",
    ""PSOE"",
    ""Hospital \""Infanta Cristina\"""",
    ""EFE""
  ],
  ""Locations"": [
    ""Madrid"",
    ""España"",
    ""Badajoz"",
    ""Extremadura""
  ]
}
```",codeblock,1.0,0.8235294117647058,0.9032258064516129,0.0,0,7.0,66.7,1.5,58.4,77.0,22873.0,86.2,9051.5,9163.2,"{'timestamp': '2026-09-15T07:45:19.119093+00:00', 'model_version': 'gemma4:latest', 'prompt_hash': 'aa83fa9c'}"
18,real_mixed_92,fs-es,974.278361082077,52.28,0,0,"```json
{
  ""Persons"": [
    ""Freeh"",
    ""Serrano"",
    ""Pedro Albizu Campos"",
    ""Cecil Snyder"",
    ""Edgar Hoover"",
    ""Luis Muñoz Marín""
  ],
  ""Organizations"": [
    ""Partido Nacionalista de Puerto Rico"",
    ""FBI""
  ],
  ""Locations"": [
    ""El Bronx"",
    ""Nueva York"",
    ""Washington"",
    ""Puerto Rico"",
    ""EEUU"",
    ""San Juan"",
    ""Atlanta""
  ]
}
```",codeblock,0.9333333333333333,0.6666666666666666,0.7777777777777778,0.0,0,7.2,100.0,1.5,58.5,77.0,22885.7,86.2,9051.5,9163.2,"{'timestamp': '2026-09-15T07:45:00.186693+00:00', 'model_version': 'gemma4:latest', 'prompt_hash': 'aa83fa9c'}"
18,real_mixed_93,fs-es,924.2991790771484,52.41,0,0,"```json
{
  ""Persons"": [
    ""Antonio Gana"",
    ""Ricardo Puno"",
    ""Joseph Estrada""
  ],
  ""Organizations"": [
    ""EFE"",
    ""Philippine Airlines (PAL)"",
    ""DZMM"",
    ""Oficina de Aviación Civil"",
    ""DZRB""
  ],
  ""Locations"": [
    ""Manila"",
    ""Antipolo"",
    ""Davao"",
    ""Mindanao"",
    ""Jerusalén""
  ]
}
```",codeblock,1.0,0.8666666666666667,0.9285714285714286,0.0,0,7.1,100.0,1.5,58.9,77.0,22927.6,86.2,9051.5,9163.2,"{'timestamp': '2026-09-15T07:44:10.204578+00:00', 'model_version': 'gemma4:latest', 'prompt_hash': 'aa83fa9c'}"
18,real_mixed_94,fs-es,948.78835105896,52.32,0,0,"```json
{
  ""Persons"": [
    ""Charles Taylor"",
    ""Redondo"",
    ""McManaman"",
    ""Raul"",
    ""Cuper"",
    ""Moriente""
  ],
  ""Organizations"": [
    ""FRU"",
    ""Naciones Unidas"",
    ""Real Madrid"",
    ""Valencia"",
    ""Barcelona"",
    ""Lazio"",
    ""la Gazzetta dello Sport"",
    ""Corriere dellos Sport"",
    ""Corriere dello Sport""
  ],
  ""Locations"": [
    ""Roma"",
    ""España"",
    ""Sierra Leona""
  ]
}
```",codeblock,0.9444444444444444,0.7727272727272727,0.85,0.0,0,7.6,100.0,1.5,58.7,77.0,22907.4,86.2,9051.5,9163.2,"{'timestamp': '2026-09-15T07:44:34.698082+00:00', 'model_version': 'gemma4:latest', 'prompt_hash': 'aa83fa9c'}"
18,real_mixed_95,fs-es,905.9066109657288,52.57,0,0,"```json
{
  ""Persons"": [],
  ""Organizations"": [
    ""EFECOM"",
    ""Expovacaciones"",
    ""Expoconsumo""
  ],
  ""Locations"": [
    ""Bilbao"",
    ""Castilla León"",
    ""Benissa"",
    ""Torremolinos"",
    ""Málaga"",
    ""Madrid""
  ]
}
```",codeblock,0.7777777777777778,0.875,0.823529411764706,0.0,0,8.3,100.0,1.5,58.7,77.0,22943.1,86.2,9051.5,9163.2,"{'timestamp': '2026-09-15T07:43:51.796603+00:00', 'model_version': 'gemma4:latest', 'prompt_hash': 'aa83fa9c'}"
19,real_mixed_96,fs-es,981.0398893356323,49.9,0,0,"```json
{
  ""Persons"": [
    ""Kily González"",
    ""Jorge Candel"",
    ""Héctor Cúper""
  ],
  ""Organizations"": [
    ""Eurobank"",
    ""Tribunal de Estocolmo"",
    ""BCR"",
    ""Valencia"",
    ""Real Madrid""
  ],
  ""Locations"": [
    ""París"",
    ""Suiza"",
    ""Luxemburgo"",
    ""Francia"",
    ""Argentina"",
    ""Madrid""
  ]
}
```",codeblock,0.7142857142857143,0.7142857142857143,0.7142857142857143,0.0,0,7.8,64.5,1.4,58.4,77.0,22889.9,86.2,9051.5,9163.2,"{'timestamp': '2026-09-15T07:46:55.422606+00:00', 'model_version': 'gemma4:latest', 'prompt_hash': 'aa83fa9c'}"
19,real_mixed_97,fs-es,951.775484085083,52.64,0,0,"```json
{
  ""Persons"": [
    ""Del Bosque"",
    ""Zambrano"",
    ""Irureta"",
    ""Rojo""
  ],
  ""Organizations"": [
    ""Agencia Efe"",
    ""Atlético"",
    ""Ayuntamiento""
  ],
  ""Locations"": [
    ""Madrid"",
    ""Chamartín"",
    ""Hortaleza"",
    ""Barajas""
  ]
}
```",codeblock,1.0,0.8461538461538461,0.9166666666666666,0.0,0,8.2,100.0,1.5,58.5,77.0,22913.7,86.2,9051.5,9163.2,"{'timestamp': '2026-09-15T07:46:26.155737+00:00', 'model_version': 'gemma4:latest', 'prompt_hash': 'aa83fa9c'}"
19,real_mixed_98,fs-es,910.9894299507141,52.04,0,0,"```json
{
  ""Persons"": [
    ""Anne Gazeau-Secret"",
    ""Antoine Lahad"",
    ""Jacques Chirac"",
    ""Emile Lahoud"",
    ""Ehud Barak"",
    ""Hafed El Asad"",
    ""Kofi Annan""
  ],
  ""Organizations"": [
    ""Ministerio francés de Asuntos Exteriores"",
    ""Ejército del Sur del Líbano (ESL)"",
    ""Hizbulá"",
    ""Palacio del Elíseo"",
    ""ONU"",
    ""Consejo de Seguridad"",
    ""Fuerza Interina de Naciones Unidas en el Líbano (FINUL)""
  ],
  ""Locations"": [
    ""Francia"",
    ""Israel"",
    ""Líbano"",
    ""París"",
    ""Tel Aviv"",
    ""Oriente Medio""
  ]
}
```",codeblock,0.9,0.5294117647058824,0.6666666666666667,0.0,0,7.3,100.0,1.5,58.5,77.0,22950.2,86.2,9051.5,9163.2,"{'timestamp': '2026-09-15T07:45:45.394780+00:00', 'model_version': 'gemma4:latest', 'prompt_hash': 'aa83fa9c'}"
19,real_mixed_99,fs-es,963.2085907459259,53.07,0,0,"```json
{
  ""Persons"": [
    ""José Luis Díez"",
    ""Francisco Muñoz""
  ],
  ""Organizations"": [
    ""Asamblea de Extremadura"",
    ""FECSUR""
  ],
  ""Locations"": [
    ""Mérida"",
    ""Extremadura"",
    ""Montijo"",
    ""Badajoz"",
    ""Azuaga""
  ]
}
```",codeblock,0.6666666666666666,1.0,0.8,0.0,0,7.6,75.0,1.4,58.5,77.0,22904.5,86.2,9051.5,9163.2,"{'timestamp': '2026-09-15T07:46:37.573311+00:00', 'model_version': 'gemma4:latest', 'prompt_hash': 'aa83fa9c'}"
19,real_mixed_100,fs-es,934.7433557510376,52.35,0,0,"```json
{
  ""Persons"": [],
  ""Organizations"": [
    ""Hizbulá"",
    ""Amal"",
    ""ESL"",
    ""Ejército libanés""
  ],
  ""Locations"": [
    ""Beaufort"",
    ""Líbano"",
    ""La Bekaa"",
    ""Maryayun"",
    ""Hasbaya"",
    ""Chebaa"",
    ""Golán"",
    ""Bent Jebel"",
    ""Ain Ebel"",
    ""Debel"",
    ""Rmeich"",
    ""Aalma Achab"",
    ""Al Kuazah"",
    ""Israel""
  ]
}
```",codeblock,0.9444444444444444,0.8095238095238095,0.8717948717948718,0.0,0,6.8,100.0,1.5,58.6,77.0,22926.6,86.2,9051.5,9163.2,"{'timestamp': '2026-09-15T07:46:09.124006+00:00', 'model_version': 'gemma4:latest', 'prompt_hash': 'aa83fa9c'}"
20,real_mixed_101,fs-es,877.4961049556732,52.43,0,0,"```json
{
  ""Persons"": [
    ""Margarita Robles""
  ],
  ""Organizations"": [
    ""Audiencia Nacional"",
    ""Forum Deusto"",
    ""Universidad de Deusto"",
    ""EFE"",
    ""Iglesia católica""
  ],
  ""Locations"": [
    ""Bilbao"",
    ""España"",
    ""Buenos Aires""
  ]
}
```",codeblock,0.6666666666666666,0.5,0.5714285714285715,0.0,0,7.5,100.0,1.5,59.1,77.0,22689.7,86.2,9051.5,9163.2,"{'timestamp': '2026-09-15T07:47:18.946015+00:00', 'model_version': 'gemma4:latest', 'prompt_hash': 'aa83fa9c'}"
20,real_mixed_102,fs-es,859.903804063797,53.47,0,0,"```json
{
  ""Persons"": [],
  ""Organizations"": [],
  ""Locations"": [
    ""Cantabria""
  ]
}
```",codeblock,1.0,1.0,1.0,0.0,0,8.2,67.9,1.4,58.9,77.0,22701.5,86.2,9051.5,9163.2,"{'timestamp': '2026-09-15T07:47:01.334917+00:00', 'model_version': 'gemma4:latest', 'prompt_hash': 'aa83fa9c'}"
20,real_mixed_103,fs-es,932.0669357776642,53.4,0,0,"```json
{
  ""Persons"": [],
  ""Organizations"": [],
  ""Locations"": [
    ""Mallorca"",
    ""Andalucía"",
    ""Canarias""
  ]
}
```",codeblock,1.0,1.0,1.0,0.0,0,8.1,58.0,1.4,58.7,77.0,22647.7,86.2,9051.5,9163.2,"{'timestamp': '2026-09-15T07:48:13.507263+00:00', 'model_version': 'gemma4:latest', 'prompt_hash': 'aa83fa9c'}"
20,real_mixed_104,fs-es,923.0989000797272,52.39,0,0,"```json
{
  ""Persons"": [
    ""José Antonio Camacho"",
    ""Francisco Roig""
  ],
  ""Organizations"": [
    ""Hizbulá"",
    ""Amal"",
    ""EFE"",
    ""Real Madrid"",
    ""Valencia"",
    ""selección española""
  ],
  ""Locations"": [
    ""Jerusalén"",
    ""Karkum"",
    ""Galilea"",
    ""Israel"",
    ""París"",
    ""Vigo"",
    ""La Toja"",
    ""Holanda"",
    ""Bélgica""
  ]
}
```",codeblock,0.9411764705882353,0.7619047619047619,0.8421052631578947,0.0,0,7.3,57.9,1.4,58.8,77.0,22654.1,86.2,9051.5,9163.2,"{'timestamp': '2026-09-15T07:48:04.559887+00:00', 'model_version': 'gemma4:latest', 'prompt_hash': 'aa83fa9c'}"
20,real_mixed_105,fs-es,901.600124835968,52.36,0,0,"```json
{
  ""Persons"": [
    ""M. A."",
    ""K. B."",
    ""O. S."",
    ""J. L. C. C."",
    ""Ramón Rabanera""
  ],
  ""Organizations"": [
    ""Policía Municipal"",
    ""Efe"",
    ""Fundación de la catedral de Santa María"",
    ""Diputación alavesa"",
    ""Consejo de Diputados""
  ],
  ""Locations"": [
    ""Tetuán"",
    ""Vitoria"",
    ""Cicerón"",
    ""Raimundo Fernández Villaverde"",
    ""Plaza de las Ventas""
  ]
}
```",codeblock,0.7333333333333333,0.7333333333333333,0.7333333333333333,0.0,0,7.7,100.0,1.4,58.9,77.0,22670.9,86.2,9051.5,9163.2,"{'timestamp': '2026-09-15T07:47:43.053329+00:00', 'model_version': 'gemma4:latest', 'prompt_hash': 'aa83fa9c'}"
21,real_mixed_106,fs-es,834.6447811126709,52.71,0,0,"```json
{
  ""Persons"": [],
  ""Organizations"": [
    ""Lico Corporación""
  ],
  ""Locations"": [
    ""Madrid""
  ]
}
```",codeblock,1.0,0.6666666666666666,0.8,0.0,0,8.1,57.9,1.4,58.9,77.0,22717.8,86.3,9051.5,9163.2,"{'timestamp': '2026-09-15T07:48:26.515368+00:00', 'model_version': 'gemma4:latest', 'prompt_hash': 'aa83fa9c'}"
21,real_mixed_107,fs-es,945.5593190193176,52.13,0,0,"```json
{
  ""Persons"": [
    ""Bill Twehway"",
    ""Charles MacArthur D. Gull"",
    ""Peter Twehway"",
    ""Christian D. Brownell"",
    ""Sidiki Fofana"",
    ""Kanio Bai Gbala"",
    ""Zarylee Gbala""
  ],
  ""Organizations"": [
    ""Liberia Anti-Corruption Commission (LACC)"",
    ""National Port Authority (NPA)"",
    ""FrontPageAfrica"",
    ""Creative Developers Inc. (CDI)"",
    ""Global Tracking Management Service""
  ],
  ""Locations"": [
    ""MONROVIA"",
    ""Buchanan""
  ]
}
```",codeblock,0.8571428571428571,0.8571428571428571,0.8571428571428571,0.0,0,8.9,100.0,1.4,58.3,77.0,22642.8,86.3,9051.5,9163.2,"{'timestamp': '2026-09-15T07:50:17.434787+00:00', 'model_version': 'gemma4:latest', 'prompt_hash': 'aa83fa9c'}"
21,real_mixed_108,fs-es,857.4576110839844,52.54,0,0,"```json
{
  ""Persons"": [
    ""Valledor""
  ],
  ""Organizations"": [
    ""Gobierno de la comunidad"",
    ""Agencia de Desarrollo Rural"",
    ""EFE"",
    ""Dow Jones de Industriales"",
    ""Nasdaq"",
    ""SS&P500"",
    ""New York Stock Exchange"",
    ""Tesoro estadounidense"",
    ""Reserva Federal""
  ],
  ""Locations"": [
    ""Principado"",
    ""Nueva York"",
    ""Wall Street"",
    ""Estados Unidos""
  ]
}
```",codeblock,0.42857142857142855,0.75,0.5454545454545454,0.0,0,8.2,100.0,1.4,58.9,77.0,22698.1,86.3,9051.5,9163.2,"{'timestamp': '2026-09-15T07:48:49.341607+00:00', 'model_version': 'gemma4:latest', 'prompt_hash': 'aa83fa9c'}"
21,real_mixed_109,fs-es,882.7757878303528,52.41,0,0,"```json
{
  ""Persons"": [
    ""Joaquín Almunia"",
    ""Amparo Rubiales"",
    ""José Antonio Labordeta"",
    ""Carmen Alborch"",
    ""Esteban González Pons"",
    ""Alfonso Guerra"",
    ""José Borrell"",
    ""José María Aznar"",
    ""Jacques Chirac"",
    ""Lionel Jospin""
  ],
  ""Organizations"": [
    ""PSOE"",
    ""Congreso"",
    ""Chunta Aragonesista"",
    ""PP"",
    ""Senado"",
    ""Cumbre Hispano-francesa""
  ],
  ""Locations"": [
    ""Bilbao"",
    ""Valencia"",
    ""París"",
    ""Santander"",
    ""España"",
    ""Francia"",
    ""Pirineo""
  ]
}
```",codeblock,0.8695652173913043,0.6896551724137931,0.7692307692307693,0.0,0,8.4,100.0,1.4,58.7,77.0,22679.0,86.3,9051.5,9163.2,"{'timestamp': '2026-09-15T07:49:14.679747+00:00', 'model_version': 'gemma4:latest', 'prompt_hash': 'aa83fa9c'}"
21,real_mixed_110,fs-es,911.4187359809875,52.29,0,0,"```json
{
  ""Persons"": [
    ""Feliciano Echarte Azcárate"",
    ""Manuel Ariztia Cestona"",
    ""Matías Echarte Azcárate"",
    ""Nieves Daguerre Goñi"",
    ""Juan José Mayora Apeceche""
  ],
  ""Organizations"": [
    ""Audiencia Provincial de Navarra"",
    ""EFE"",
    ""Juzgado de Paz de Elizondo"",
    ""Cuartel de la Guardia Civil"",
    ""Juzgado de Instrucción de Pamplona"",
    ""Ministerio Público""
  ],
  ""Locations"": [
    ""Pamplona"",
    ""Navarra"",
    ""Garzain"",
    ""Elizondo""
  ]
}
```",codeblock,0.7333333333333333,0.4583333333333333,0.5641025641025641,0.0,0,10.3,77.3,1.3,58.5,77.0,22660.8,86.3,9051.5,9163.2,"{'timestamp': '2026-09-15T07:49:43.322550+00:00', 'model_version': 'gemma4:latest', 'prompt_hash': 'aa83fa9c'}"
22,real_mixed_111,fs-es,858.443284034729,52.76,0,0,"```json
{
  ""Persons"": [
    ""Iker Casillas"",
    ""Michel Salgado"",
    ""Iván Campo"",
    ""Roberto Carlos"",
    ""Redondo"",
    ""Raúl"",
    ""Anelka"",
    ""Morientes"",
    ""Stefano Braschi"",
    ""Esteban Murillo Zubiri"",
    ""Benk Korthals""
  ],
  ""Organizations"": [
    ""Real Madrid"",
    ""Valencia CF"",
    ""ETA"",
    ""Tribunal del Distrito de La Haya""
  ],
  ""Locations"": [
    ""Italia"",
    ""Saint Denis"",
    ""La Haya"",
    ""España""
  ]
}
```",codeblock,0.9473684210526315,0.5294117647058824,0.679245283018868,0.0,0,8.6,57.9,1.3,58.1,77.0,22719.6,86.3,9051.5,9163.2,"{'timestamp': '2026-09-15T07:50:45.284175+00:00', 'model_version': 'gemma4:latest', 'prompt_hash': 'aa83fa9c'}"
22,real_mixed_112,fs-es,935.197242975235,47.51,0,0,"```json
{
  ""Persons"": [
    ""Isabel dos Santos"",
    ""Jose Eduardo dos Santos""
  ],
  ""Organizations"": [
    ""Exem Energy BV"",
    ""Chamber of Companies"",
    ""Amsterdam Court of Appeal""
  ],
  ""Locations"": [
    ""Angola"",
    ""Dutch"",
    ""Amsterdam""
  ]
}
```",codeblock,0.625,0.625,0.625,0.0,0,10.6,100.0,1.2,56.9,77.0,23161.6,86.3,9051.5,9163.2,"{'timestamp': '2026-09-15T07:52:02.010078+00:00', 'model_version': 'gemma4:latest', 'prompt_hash': 'aa83fa9c'}"
22,real_mixed_113,fs-es,917.7551376819611,29.28,0,0,"```json
{
  ""Persons"": [
    ""José Ramón Alvarez Redondo"",
    ""Ignacio Pérez"",
    ""Javier Puente""
  ],
  ""Organizations"": [
    ""UGT"",
    ""CCOO"",
    ""Gobierno regional"",
    ""Consejería"",
    ""EFE""
  ],
  ""Locations"": [
    ""Cantabria"",
    ""París""
  ]
}
```",codeblock,0.8,0.8,0.8000000000000002,0.0,0,8.6,57.9,1.2,57.0,77.0,23082.4,86.3,9051.5,9163.2,"{'timestamp': '2026-09-15T07:51:44.579600+00:00', 'model_version': 'gemma4:latest', 'prompt_hash': 'aa83fa9c'}"
22,real_mixed_114,fs-es,889.23291182518,35.43,0,0,"```json
{
  ""Persons"": [
    ""Alvarez Areces"",
    ""Corín Tellado"",
    ""Paz Fernandez Felgueroso""
  ],
  ""Organizations"": [
    ""OTAN"",
    ""UE""
  ],
  ""Locations"": [
    ""Gijón"",
    ""Cuba"",
    ""España"",
    ""Iberoamerica"",
    ""Viavelez"",
    ""Florencia"",
    ""Italia""
  ]
}
```",codeblock,0.9166666666666666,0.7333333333333333,0.8148148148148148,0.0,0,9.7,100.0,1.3,57.7,77.0,22940.7,86.2,9051.5,9163.2,"{'timestamp': '2026-09-15T07:51:16.056211+00:00', 'model_version': 'gemma4:latest', 'prompt_hash': 'aa83fa9c'}"
22,real_mixed_115,fs-es,841.0529429912567,53.17,0,0,"```json
{
  ""Persons"": [
    ""Bill Twehway"",
    ""Bill Teah TWEHWAY""
  ],
  ""Organizations"": [
    ""National Port Authority"",
    ""Creative Developers Inc""
  ],
  ""Locations"": [
    ""River Cess Town"",
    ""Liberia""
  ]
}
```",codeblock,0.6666666666666666,1.0,0.8,0.0,0,10.0,66.7,1.3,57.9,77.0,22724.7,86.3,9051.5,9163.2,"{'timestamp': '2026-09-15T07:50:27.864822+00:00', 'model_version': 'gemma4:latest', 'prompt_hash': 'aa83fa9c'}"
23,real_mixed_116,fs-es,907.5361657142639,52.22,0,0,"```json
{
  ""Persons"": [
    ""Clara"",
    ""Rulfo""
  ],
  ""Organizations"": [],
  ""Locations"": [
    ""Guadalajara"",
    ""capital mexicana"",
    ""Finlandia""
  ]
}
```",codeblock,0.8,1.0,0.888888888888889,0.0,0,9.3,100.0,1.1,56.9,77.0,23202.7,86.3,9051.5,9163.2,"{'timestamp': '2026-09-15T07:53:12.677687+00:00', 'model_version': 'gemma4:latest', 'prompt_hash': 'aa83fa9c'}"
23,real_mixed_117,fs-es,936.9979662895203,52.23,0,0,"```json
{
  ""Persons"": [
    ""Alfonso Zamora""
  ],
  ""Organizations"": [
    ""Subdelegación del Gobierno en Burgos"",
    ""Estación de Clasificación Descontaminación (ECD)"",
    ""Protección Civil"",
    ""Plan de Emergencia Nuclear de Burgos (PENBU)"",
    ""Diputación Provincial"",
    ""Patronato de Promoción Económica. Turismo de la Diputación de Cuenca"",
    ""Asociación \""Pro Denominación de Origen de Vinos de La Manchuela\"""",
    ""Caja Rural de Cuenca""
  ],
  ""Locations"": [
    ""Burgos"",
    ""Miranda de Ebro"",
    ""Cuenca"",
    ""La Hípica"",
    ""Tarancón"",
    ""La Mancha""
  ]
}
```",codeblock,0.6,0.6428571428571429,0.6206896551724138,0.0,0,8.8,59.3,1.1,56.4,77.0,23168.1,86.3,9051.5,9163.2,"{'timestamp': '2026-09-15T07:53:42.153014+00:00', 'model_version': 'gemma4:latest', 'prompt_hash': 'aa83fa9c'}"
23,real_mixed_118,fs-es,853.5857698917389,52.21,0,0,"```json
{
  ""Persons"": [
    ""Mulet""
  ],
  ""Organizations"": [
    ""UGT"",
    ""UFP"",
    ""PP"",
    ""Guardia Civil""
  ],
  ""Locations"": [
    ""Ciutadella"",
    ""Menorca"",
    ""Baleares""
  ]
}
```",codeblock,1.0,1.0,1.0,0.0,0,11.1,68.0,1.1,57.1,77.0,23271.2,86.3,9051.5,9163.2,"{'timestamp': '2026-09-15T07:52:18.736257+00:00', 'model_version': 'gemma4:latest', 'prompt_hash': 'aa83fa9c'}"
23,real_mixed_119,fs-es,869.5659809112549,52.59,0,0,"```json
{
  ""Persons"": [
    ""Rafael de Valenzuela Teresa"",
    ""Al Sayed Abulnaga Al Saftawi""
  ],
  ""Organizations"": [
    ""Región Militar Pirenaica"",
    ""Policía""
  ],
  ""Locations"": [
    ""Barcelona"",
    ""El Cairo""
  ]
}
```",codeblock,1.0,0.75,0.8571428571428571,0.0,0,8.1,100.0,1.1,57.2,77.0,23248.5,86.3,9051.5,9163.2,"{'timestamp': '2026-09-15T07:52:34.712216+00:00', 'model_version': 'gemma4:latest', 'prompt_hash': 'aa83fa9c'}"
23,real_mixed_120,fs-es,886.3000168800354,52.69,0,0,"```json
{
  ""Persons"": [
    ""Borrini"",
    ""Ferdinand Piech""
  ],
  ""Organizations"": [
    ""Volkswagen"",
    ""Bugatti"",
    ""Canal Sur Televisión""
  ],
  ""Locations"": [
    ""La Rioja"",
    ""Fráncfort"",
    ""Wolfsburg"",
    ""Molsheim"",
    ""Alsacia""
  ]
}
```",codeblock,0.9,0.75,0.8181818181818182,0.0,0,8.6,56.3,1.1,57.1,77.0,23226.4,86.3,9051.5,9163.2,"{'timestamp': '2026-09-15T07:52:51.453694+00:00', 'model_version': 'gemma4:latest', 'prompt_hash': 'aa83fa9c'}"
6,real_mixed_31,fs-en,264.8162930011749,53.1,0,0,"```json
{
  ""Persons"": [],
  ""Organizations"": [
    ""Comisión Ejecutiva del Consorcio Gran Teatro de Cáceres"",
    ""WOMAD""
  ],
  ""Locations"": [
    ""Cáceres"",
    ""Mérida"",
    ""Zafra"",
    ""Extremadura""
  ]
}
```",codeblock,0.6666666666666666,0.8,0.7272727272727272,0.0,0,7.6,75.8,2.8,53.0,202.4,22140.2,86.3,9051.5,9163.2,"{'timestamp': '2026-09-15T07:58:07.408067+00:00', 'model_version': 'gemma4:latest', 'prompt_hash': '39903a23'}"
6,real_mixed_32,fs-en,382.24582600593567,52.59,0,0,"```json
{
  ""Persons"": [
    ""Vujanovic""
  ],
  ""Organizations"": [
    ""Meta"",
    ""Lonja de Bellpuig"",
    ""Junta de precios de la Lonja de Bellpuig""
  ],
  ""Locations"": [
    ""Montenegro"",
    ""Albania"",
    ""Shkodra"",
    ""Murriqan"",
    ""Hani"",
    ""Hotit"",
    ""Bellpuig"",
    ""Lleida"",
    ""España"",
    ""Arganda del Rey""
  ]
}
```",codeblock,0.7142857142857143,0.625,0.6666666666666666,0.0,0,7.1,75.8,1.8,52.2,202.4,22132.8,86.3,9051.5,9163.2,"{'timestamp': '2026-09-15T08:00:04.849341+00:00', 'model_version': 'gemma4:latest', 'prompt_hash': '39903a23'}"
6,real_mixed_33,fs-en,507.3306260108948,52.56,0,0,"```json
{
  ""Persons"": [
    ""Jesús Miguel Franco"",
    ""María Luisa Alejos-Pita"",
    ""Mesías Gimeno"",
    ""Marta Calvo""
  ],
  ""Organizations"": [
    ""PSOE"",
    ""PP"",
    ""Cortes de Aragón"",
    ""Gobierno de Aragón"",
    ""Consejería de Educación""
  ],
  ""Locations"": [
    ""Aragón""
  ]
}
```",codeblock,0.9,0.6,0.7200000000000001,0.0,0,7.1,75.8,1.3,51.0,202.4,22734.6,86.2,9051.5,9163.2,"{'timestamp': '2026-09-15T08:02:09.934643+00:00', 'model_version': 'gemma4:latest', 'prompt_hash': '39903a23'}"
6,real_mixed_34,fs-en,582.9816191196442,52.38,0,0,"```json
{
  ""Persons"": [],
  ""Organizations"": [
    ""Israel"",
    ""EFE"",
    ""ONU"",
    ""Ejército del Sur de Líbano (ESL)"",
    ""Gobierno de Beirut"",
    ""Resistencia chií""
  ],
  ""Locations"": [
    ""Líbano"",
    ""Beirut"",
    ""Mayayun"",
    ""Jiam""
  ]
}
```",codeblock,0.8,0.5714285714285714,0.6666666666666666,0.0,0,11.5,100.0,1.2,50.3,202.4,22657.5,86.2,9051.5,9163.2,"{'timestamp': '2026-09-15T08:03:25.577905+00:00', 'model_version': 'gemma4:latest', 'prompt_hash': '39903a23'}"
6,real_mixed_35,fs-en,361.5331621170044,52.28,0,0,"```json
{
  ""Persons"": [
    ""Esperanza Martí"",
    ""Juan Rodríguez Yuste"",
    ""Víctor Tello""
  ],
  ""Organizations"": [
    ""Medical Forum Expo"",
    ""Xunta"",
    ""Consellería""
  ],
  ""Locations"": [
    ""España"",
    ""Europa"",
    ""Santiago de Compostela"",
    ""Portugal"",
    ""Guimaraes""
  ]
}
```",codeblock,1.0,0.9166666666666666,0.9565217391304348,0.0,0,7.2,75.8,1.3,52.2,202.4,22137.2,86.3,9051.5,9163.2,"{'timestamp': '2026-09-15T07:59:44.137359+00:00', 'model_version': 'gemma4:latest', 'prompt_hash': '39903a23'}"
0,real_mixed_1,fs-en,673.5788371562958,52.61,0,0,"```json
{
  ""Persons"": [
    ""Emiliano García-Page"",
    ""Conde"",
    ""José Bono"",
    ""Francisco Antonio Guerra"",
    ""Mariano Ortega"",
    ""Enrique Valiente""
  ],
  ""Organizations"": [
    ""PSOE"",
    ""PP"",
    ""instituto de enseñanza secundaria Riánsares"",
    ""Ayuntamiento""
  ],
  ""Locations"": [
    ""Tarancón"",
    ""Cuenca"",
    ""Córdoba""
  ]
}
```",codeblock,0.9230769230769231,0.7058823529411765,0.8000000000000002,0.0,0,10.7,100.0,1.6,51.0,202.4,22582.7,86.2,9051.5,9163.2,"{'timestamp': '2026-09-15T08:04:56.186368+00:00', 'model_version': 'gemma4:latest', 'prompt_hash': '39903a23'}"
0,real_mixed_2,fs-en,421.7182071208954,52.48,0,0,"```json
{
  ""Persons"": [
    ""Severino do Ramo 'Maia'"",
    ""Francesc Biosca"",
    ""Rolf Breuer""
  ],
  ""Organizations"": [
    ""Lleida"",
    ""Ypiranga"",
    ""Deutsche Boerse AG"",
    ""London Stock Exchange""
  ],
  ""Locations"": [
    ""Nigeria"",
    ""Africa"",
    ""Lérida"",
    ""Fráncfort""
  ]
}
```",codeblock,0.9090909090909091,0.5882352941176471,0.7142857142857143,0.0,0,8.0,75.8,1.1,52.2,202.4,22133.3,86.3,9051.5,9163.2,"{'timestamp': '2026-09-15T08:00:44.319201+00:00', 'model_version': 'gemma4:latest', 'prompt_hash': '39903a23'}"
0,real_mixed_3,fs-en,211.59841513633728,52.62,0,0,"```json
{
  ""Persons"": [
    ""Joan Mayol"",
    ""Luis Muro""
  ],
  ""Organizations"": [
    ""conseller de Agricultura"",
    ""Diputación foral de Alava"",
    ""Centro de Cálculo de Alava"",
    ""Pcweek"",
    ""Pricewaterhouse Coopers"",
    ""Centro de Profesores. Recursos (CPR)""
  ],
  ""Locations"": [
    ""Vitoria"",
    ""Euskadi"",
    ""Fuenlabrada""
  ]
}
```",codeblock,0.8181818181818182,0.5294117647058824,0.6428571428571428,0.0,0,7.7,75.8,1.4,53.9,202.4,22151.9,86.2,9051.5,9163.2,"{'timestamp': '2026-09-15T07:57:14.220967+00:00', 'model_version': 'gemma4:latest', 'prompt_hash': '39903a23'}"
0,real_mixed_4,fs-en,189.4028778076172,50.77,0,0,"```json
{
  ""Persons"": [
    ""Angel Carlos Bernáldez"",
    ""José María Aznar"",
    ""Rosa María Fernández Pacheco"",
    ""José Manuel García Ballesteros""
  ],
  ""Organizations"": [
    ""EFE"",
    ""PP"",
    ""Comisión de Medio Ambiente"",
    ""Plan Hidrológico Nacional"",
    ""Plan Nacional de Riegos"",
    ""Comisión Permanente del Senado"",
    ""Comisión de la Sociedad de la Información. el Conocimiento"",
    ""Comisión de Presupuestos""
  ],
  ""Locations"": [
    ""Cáceres""
  ]
}
```",codeblock,0.8461538461538461,0.7333333333333333,0.7857142857142856,0.0,0,7.7,75.8,1.7,54.3,202.4,22134.9,86.3,9051.5,9163.2,"{'timestamp': '2026-09-15T07:56:52.031729+00:00', 'model_version': 'gemma4:latest', 'prompt_hash': '39903a23'}"
0,real_mixed_5,fs-en,337.7155570983887,52.43,0,0,"```json
{
  ""Persons"": [
    ""Llibert Cuatrecasas"",
    ""Herwig Van Staa""
  ],
  ""Organizations"": [
    ""ACNUR"",
    ""EFE"",
    ""Generalitat"",
    ""Congreso de Poderes Locales Regionales de Europa (CPLRE)"",
    ""Consejo de Europa""
  ],
  ""Locations"": [
    ""Angola"",
    ""Estrasburgo"",
    ""Francia"",
    ""Cataluña"",
    ""Europa"",
    ""Sudeste de Europa"",
    ""República Checa"",
    ""Macedonia"",
    ""Estonia"",
    ""Moldavia"",
    ""Polonia"",
    ""Europa Central""
  ]
}
```",codeblock,0.9473684210526315,0.8571428571428571,0.9,0.0,0,7.3,75.8,1.3,52.1,202.4,22142.3,86.3,9051.5,9163.2,"{'timestamp': '2026-09-15T07:59:20.351825+00:00', 'model_version': 'gemma4:latest', 'prompt_hash': '39903a23'}"
5,real_mixed_26,fs-en,556.8020870685577,52.29,0,0,"```json
{
  ""Persons"": [
    ""Anna Smashnova"",
    ""Dominique Van Roost"",
    ""Daniela Hantuchova"",
    ""Iroda Tulyaganova"",
    ""Rita Kuti Kis"",
    ""Sophie Erre"",
    ""Tathiana Garbin"",
    ""Stéphanie Foretz"",
    ""Lilia Osterloh"",
    ""Elena Lijovtseva"",
    ""Corina Morariu"",
    ""Sarah Pitkowski"",
    ""Nadejda Petrova"",
    ""Anne Kremer"",
    ""Alexandra Stevenson"",
    ""Amelie Cocheteux""
  ],
  ""Organizations"": [
    ""Eurobank"",
    ""Banco Central de Rusia (BCR)"",
    ""Tribunal de Gran Instancia de París"",
    ""Tribunal Arbitral de Estocolmo"",
    ""Noga""
  ],
  ""Locations"": [
    ""París"",
    ""Francia"",
    ""Suiza"",
    ""Luxemburgo"",
    ""Estocolmo"",
    ""Serbia"",
    ""Bélgica"",
    ""Eslovaquia"",
    ""Uzbekistán"",
    ""Hungría"",
    ""Italia"",
    ""Estados Unidos"",
    ""Rusia""
  }
}
```",codeblock,0.5,0.5,0.5,0.0,0,7.0,75.8,1.2,50.5,202.4,22683.8,86.2,9051.5,9163.2,"{'timestamp': '2026-09-15T08:02:59.436568+00:00', 'model_version': 'gemma4:latest', 'prompt_hash': '39903a23'}"
5,real_mixed_27,fs-en,99.83190393447876,51.66,0,0,"```json
{
  ""Persons"": [
    ""Chaka Fattah Sr."",
    ""Herbert Vederman"",
    ""Bonnie Bowser"",
    ""Robert Brand"",
    ""Karen Nicholas"",
    ""Leslie R. Caldwell"",
    ""Zane David Memeger"",
    ""Edward J. Hanko"",
    ""Akeia Conner"",
    ""Eric L. Gibson"",
    ""T. Patrick Martin"",
    ""Jonathan Kravis"",
    ""Paul L. Gray"",
    ""Bob Dalton""
  ],
  ""Organizations"": [
    ""Justice Department"",
    ""Criminal Division"",
    ""Eastern District of Pennsylvania"",
    ""FBI"",
    ""Internal Revenue Service-Criminal Investigation (IRS-CI)"",
    ""Philadelphia Field Office"",
    ""Educational Advancement Alliance (EAA)"",
    ""NASA"",
    ""Department of Commerce"",
    ""Public Integrity Section"",
    ""Organized Crime and Gang Section""
  ],
  ""Locations"": [
    ""Philadelphia"",
    ""Palm Beach"",
    ""Florida"",
    ""Williamstown"",
    ""New Jersey"",
    ""Pennsylvania""
  ]
}
```",codeblock,0.7419354838709677,0.71875,0.7301587301587302,0.0,0,7.6,75.8,1.3,57.5,202.4,22108.1,86.4,9051.5,9163.2,"{'timestamp': '2026-09-15T07:55:22.447148+00:00', 'model_version': 'gemma4:latest', 'prompt_hash': '39903a23'}"
5,real_mixed_28,fs-en,133.07400488853455,52.46,0,0,"```json
{
  ""Persons"": [
    ""Juan Carlos Aparicio"",
    ""Xabier Kalparsoro"",
    ""Günter Grass"",
    ""Antonio Ballester""
  ],
  ""Organizations"": [
    ""Ministerio de Trabajo y Asuntos Sociales"",
    ""Audiencia Provincial de Vizcaya"",
    ""ETA"",
    ""Jefatura Superior de Policía de Bilbao"",
    ""Fundación Círculo de Lectores"",
    ""Instituto Valenciano de Arte Moderno (IVAM)""
  ],
  ""Locations"": [
    ""Bilbao"",
    ""Vizcaya""
  ]
}
```",codeblock,0.8333333333333334,0.5555555555555556,0.6666666666666667,0.0,0,8.0,75.8,1.4,55.7,202.4,22121.8,86.3,9051.5,9163.2,"{'timestamp': '2026-09-15T07:55:55.699000+00:00', 'model_version': 'gemma4:latest', 'prompt_hash': '39903a23'}"
5,real_mixed_29,fs-en,454.29076981544495,37.97,0,0,"```json
{
  ""Persons"": [
    ""Natividad Pérez"",
    ""Miguel Angel Revilla"",
    ""Gregorio Gil Ruedas""
  ],
  ""Organizations"": [
    ""Vattenfall"",
    ""Ayuntamiento de Escalante"",
    ""Consejería de Obras Públicas"",
    ""Obras Públicas"",
    ""PP"",
    ""EFE"",
    ""Ayuntamiento de Villanueva de la Serena"",
    ""Consejería de Cultura"",
    ""Junta de Extremadura""
  ],
  ""Locations"": [
    ""Bolivia"",
    ""Brasil"",
    ""Chile"",
    ""Alemania"",
    ""Austria"",
    ""Holanda"",
    ""Polonia"",
    ""República Checa"",
    ""sudeste asiático"",
    ""Santander"",
    ""Cantabria"",
    ""Villanueva de la Serena"",
    ""Badajoz""
  ]
}
```",codeblock,0.88,0.88,0.88,0.0,0,7.1,75.8,1.2,51.2,202.4,22582.8,86.3,9051.5,9163.2,"{'timestamp': '2026-09-15T08:01:16.916464+00:00', 'model_version': 'gemma4:latest', 'prompt_hash': '39903a23'}"
5,real_mixed_30,fs-en,695.1107170581818,52.48,0,0,"```json
{
  ""Persons"": [
    ""Marimon"",
    ""Mario Monti""
  ],
  ""Organizations"": [
    ""grupo parlamentario catalán"",
    ""Senado"",
    ""Gobierno"",
    ""UE"",
    ""Comisión Europea""
  ],
  ""Locations"": [
    ""Bruselas"",
    ""España"",
    ""Fráncfort""
  ]
}
```",codeblock,0.9,0.6923076923076923,0.7826086956521738,0.0,0,6.9,75.8,1.1,51.3,202.4,22566.3,86.2,9051.5,9163.2,"{'timestamp': '2026-09-15T08:05:17.730828+00:00', 'model_version': 'gemma4:latest', 'prompt_hash': '39903a23'}"
1,real_mixed_6,fs-en,151.9024200439453,52.68,0,0,"```json
{
  ""Persons"": [
    ""Faustine Merret"",
    ""Michal Hein"",
    ""M. del Carmen Vaz"",
    ""Belén Hernández"",
    ""Magdalena Martínez"",
    ""María Muñoz"",
    ""Carlo María Martini"",
    ""Edward Malefakis"",
    ""Alain Touraine"",
    ""Juergen Donges"",
    ""Ernst Gombrich"",
    ""Anthony Giddens""
  ],
  ""Organizations"": [
    ""EFE"",
    ""Fundación Príncipe de Asturias""
  ],
  ""Locations"": [
    ""Oviedo"",
    ""Milán""
  ]
}
```",codeblock,1.0,0.8,0.888888888888889,0.0,0,7.5,100.0,2.1,55.1,202.4,22128.9,86.3,9051.5,9163.2,"{'timestamp': '2026-09-15T07:56:14.504880+00:00', 'model_version': 'gemma4:latest', 'prompt_hash': '39903a23'}"
1,real_mixed_7,fs-en,722.7483990192413,52.18,0,0,"```json
{
  ""Persons"": [
    ""Yvon Desjardins"",
    ""E. I. C."",
    ""M. W. W."",
    ""P. B. H."",
    ""Pedro Corbella Canturri""
  ],
  ""Organizations"": [
    ""ONU"",
    ""Fuerzas de Estabilización (SFOR)"",
    ""Gobierno de Noruega"",
    ""Audiencia de Barcelona"",
    ""EFE""
  ],
  ""Locations"": [
    ""Bosnia"",
    ""Noruega"",
    ""Barcelona"",
    ""Castelldefels"",
    ""Maresme""
  ]
}
```",codeblock,0.9333333333333333,0.7,0.8,0.0,0,8.9,100.0,1.6,52.2,202.4,22546.6,86.2,9051.5,9163.2,"{'timestamp': '2026-09-15T08:05:45.348837+00:00', 'model_version': 'gemma4:latest', 'prompt_hash': '39903a23'}"
1,real_mixed_8,fs-en,630.0752339363098,52.34,0,0,"```json
{
  ""Persons"": [
    ""Jesús De la Gándara"",
    ""Clemente Serna"",
    ""Segundo Escolar""
  ],
  ""Organizations"": [
    ""EFE"",
    ""Comunidad Benedictina"",
    ""Galería de Arte \""Lourdes Carcedo\""""
  ],
  ""Locations"": [
    ""Plasencia"",
    ""Plaza Mayor"",
    ""Burgos"",
    ""Silos""
  ]
}
```",codeblock,0.9,0.6,0.7200000000000001,0.0,0,10.9,100.0,1.6,51.7,202.4,22620.2,86.2,9051.5,9163.2,"{'timestamp': '2026-09-15T08:04:12.673905+00:00', 'model_version': 'gemma4:latest', 'prompt_hash': '39903a23'}"
1,real_mixed_9,fs-en,70.8429229259491,52.59,0,0,"```json
{
  ""Persons"": [
    ""Juan Carlos Rodríguez Ibarra"",
    ""Leopoldo Torrado""
  ],
  ""Organizations"": [
    ""INFRAESTRUCTURAS R. IBARRA"",
    ""Junta de Extremadura"",
    ""Plan Infoex"",
    ""PP"",
    ""Asamblea de Extremadura""
  ],
  ""Locations"": [
    ""Aldehuela"",
    ""Cáceres"",
    ""HURDES"",
    ""Las Hurdes"",
    ""Mérida"",
    ""Extremadura""
  ]
}
```",codeblock,0.8461538461538461,0.6875,0.7586206896551724,0.0,0,10.8,100.0,2.7,66.1,202.4,22107.7,86.4,9051.5,9163.2,"{'timestamp': '2026-09-15T07:54:53.444014+00:00', 'model_version': 'gemma4:latest', 'prompt_hash': '39903a23'}"
1,real_mixed_10,fs-en,525.8006510734558,52.59,0,0,"```json
{
  ""Persons"": [
    ""Cristina Almeida"",
    ""Manuel de la Calva"",
    ""Ramón Arcusa"",
    ""Francisco Javier Sánchez Bocanegra""
  ],
  ""Organizations"": [
    ""Dúo Dinámico"",
    ""Séptimo"",
    ""La 2"",
    ""EFE""
  ],
  ""Locations"": [
    ""España"",
    ""Barcelona"",
    ""Sudamérica"",
    ""Suecia"",
    ""Australia"",
    ""Francia"",
    ""Japón"",
    ""Málaga""
  ]
}
```",codeblock,0.875,1.0,0.9333333333333333,0.0,0,10.6,100.0,1.4,51.0,202.4,22711.4,86.2,9051.5,9163.2,"{'timestamp': '2026-09-15T08:02:28.400650+00:00', 'model_version': 'gemma4:latest', 'prompt_hash': '39903a23'}"
3,real_mixed_16,fs-en,169.52893495559692,52.53,0,0,"```json
{
  ""Persons"": [
    ""Antonio Augusto Fonseca"",
    ""Javier Irureta"",
    ""Augusto César Lendoiro""
  ],
  ""Organizations"": [
    ""Banco Central"",
    ""EFE"",
    ""Deportivo""
  ],
  ""Locations"": [
    ""Chile"",
    ""La Coruña"",
    ""Irún""
  ]
}
```",codeblock,1.0,0.75,0.8571428571428571,0.0,0,12.5,100.0,3.5,54.4,202.4,22136.6,86.3,9051.5,9163.2,"{'timestamp': '2026-09-15T07:56:32.119071+00:00', 'model_version': 'gemma4:latest', 'prompt_hash': '39903a23'}"
3,real_mixed_17,fs-en,110.93857789039612,53.3,0,0,"```json
{
  ""Persons"": [
    ""Isabel dos Santos"",
    ""Hélder Pitta Grós""
  ],
  ""Organizations"": [],
  ""Locations"": [
    ""Angola"",
    ""Luanda""
  ]
}
```",codeblock,1.0,0.8,0.888888888888889,0.0,0,7.4,75.8,1.7,56.5,202.4,22103.8,86.4,9051.5,9163.2,"{'timestamp': '2026-09-15T07:55:33.537795+00:00', 'model_version': 'gemma4:latest', 'prompt_hash': '39903a23'}"
3,real_mixed_18,fs-en,233.37819004058838,52.35,0,0,"```json
{
  ""Persons"": [
    ""Ramon Camp"",
    ""Joan Boada""
  ],
  ""Organizations"": [
    ""Parlamento catalán"",
    ""IC-V"",
    ""CiU"",
    ""PSC"",
    ""PP"",
    ""Generalitat"",
    ""Congreso""
  ],
  ""Locations"": [
    ""Cataluña"",
    ""Barcelona""
  ]
}
```",codeblock,0.9090909090909091,0.7142857142857143,0.8,0.0,0,7.6,75.8,1.5,53.2,202.4,22145.3,86.2,9051.5,9163.2,"{'timestamp': '2026-09-15T07:57:35.996606+00:00', 'model_version': 'gemma4:latest', 'prompt_hash': '39903a23'}"
3,real_mixed_19,fs-en,768.4090738296509,52.72,0,0,"```json
{
  ""Persons"": [
    ""Roig"",
    ""Camacho"",
    ""Michel Salgado"",
    ""Helguera"",
    ""Hierro"",
    ""Raúl"",
    ""Morientes"",
    ""Cañizares"",
    ""Mendieta"",
    ""Farinós"",
    ""Gerard"",
    ""Angulo"",
    ""Antonio Castillo""
  ],
  ""Organizations"": [
    ""Real Madrid"",
    ""Valencia"",
    ""Comisión para la Promoción de Exportaciones (Prompex)"",
    ""Confederación de Instituciones Empresariales Privadas (Confiep)""
  ],
  ""Locations"": [
    ""Saint Denis"",
    ""Lima""
  ]
}
```",codeblock,1.0,0.8636363636363636,0.9268292682926829,0.0,0,6.9,75.8,1.1,52.6,202.4,22515.9,86.2,9051.5,9163.2,"{'timestamp': '2026-09-15T08:06:31.043206+00:00', 'model_version': 'gemma4:latest', 'prompt_hash': '39903a23'}"
3,real_mixed_20,fs-en,808.7738687992096,52.31,0,0,"```json
{
  ""Persons"": [
    ""Angel Padrino"",
    ""Luis Rodríguez Motiño""
  ],
  ""Organizations"": [
    ""EFE"",
    ""Junta de Comunidades de Castilla-La Mancha"",
    ""Patronato Rector"",
    ""Universidad Nacional de Educación a Distancia (UNED)"",
    ""Gobierno regional"",
    ""Ministerio de Medio Ambiente"",
    ""Programa de Recuperación. Utilización Educativa de Pueblos Abandonados (PRUEPA)""
  ],
  ""Locations"": [
    ""Guadalajara"",
    ""Castilla-La Mancha"",
    ""Umbralejo"",
    ""Madrid""
  ]
}
```",codeblock,0.7692307692307693,0.5263157894736842,0.625,0.0,0,9.6,100.0,1.1,52.3,202.4,22498.7,86.2,9051.5,9163.2,"{'timestamp': '2026-09-15T08:07:11.402346+00:00', 'model_version': 'gemma4:latest', 'prompt_hash': '39903a23'}"
7,real_mixed_36,fs-en,26.385843992233276,52.48,0,0,"```json
{
  ""Persons"": [
    ""Alexei Shirov"",
    ""Gari Kasparov"",
    ""Alexander Morozevich"",
    ""Michail Gurevich"",
    ""Etienne Bacrot"",
    ""Ivan Sokolov"",
    ""Kiril Georgiev"",
    ""Nigel Short"",
    ""Veselin Topalov"",
    ""Sergei Movsesian"",
    ""Evgeny Bareev"",
    ""Michael Adams""
  ],
  ""Organizations"": [],
  ""Locations"": [
    ""Sarajevo"",
    ""Spain"",
    ""Russia"",
    ""Belgium"",
    ""France"",
    ""Bosnia and Herzegovina"",
    ""Bulgaria"",
    ""England"",
    ""Czech Republic""
  ]
}
```",codeblock,0.6190476190476191,0.5909090909090909,0.6046511627906977,0.3333333333333333,7,11.7,100.0,9.5,101.6,202.4,22111.7,86.4,9051.5,9163.2,"{'timestamp': '2026-09-15T07:54:08.983447+00:00', 'model_version': 'gemma4:latest', 'prompt_hash': '39903a23'}"
7,real_mixed_37,fs-en,314.3551321029663,52.44,0,0,"```json
{
  ""Persons"": [
    ""Rodrigo Rato"",
    ""Elvira Rodríguez"",
    ""José Benedicto"",
    ""Pedro Canals Palou""
  ],
  ""Organizations"": [
    ""Cosultores de las Administraciones Públicas"",
    ""Caja Avila"",
    ""CCOO"",
    ""Seguridad Social""
  ],
  ""Locations"": [
    ""Palma"",
    ""Mallorca"",
    ""Marruecos""
  ]
}
```",codeblock,0.9090909090909091,0.6666666666666666,0.7692307692307692,0.0,0,10.4,100.0,2.7,52.6,202.4,22139.8,86.3,9051.5,9163.2,"{'timestamp': '2026-09-15T07:58:56.964139+00:00', 'model_version': 'gemma4:latest', 'prompt_hash': '39903a23'}"
7,real_mixed_38,fs-en,485.7893121242523,48.74,0,0,"{
  ""Persons"": [
    ""Claudio Suárez"",
    ""Osvaldo Sánchez"",
    ""Ricardo Peláez"",
    ""Rafael Puyó""
  ],
  ""Organizations"": [
    ""Guadalajara"",
    ""Toluca"",
    ""Chivas"",
    ""Atlas"",
    ""EFECOM"",
    ""Asociación Empresarial de Operadores de Vinos de Mesa (AVIMES)"",
    ""Interprofesional de los Vinos de Mesa (IVIM)"",
    ""EFE""
  ],
  ""Locations"": [
    ""Jalisco"",
    ""Madrid"",
    ""Guadalajara"",
    ""Barcelona""
  ]
}",direct_json,0.875,0.7777777777777778,0.823529411764706,0.0,0,9.5,75.8,1.8,50.8,202.4,22761.9,86.2,9051.5,9163.2,"{'timestamp': '2026-09-15T08:01:48.399244+00:00', 'model_version': 'gemma4:latest', 'prompt_hash': '39903a23'}"
7,real_mixed_39,fs-en,830.1548500061035,52.38,0,0,"```json
{
  ""Persons"": [
    ""Pedro Canals"",
    ""Benedicto"",
    ""Viruca Atanes Madrid""
  ],
  ""Organizations"": [
    ""Juzgado de lo Social"",
    ""Inspección de Trabajo"",
    ""CCOO"",
    ""Fiscalía de Baleares""
  ],
  ""Locations"": [
    ""Madrid""
  ]
}
```",codeblock,0.75,0.75,0.75,0.0,0,6.9,75.8,1.2,52.9,202.4,22485.7,86.2,9051.5,9163.2,"{'timestamp': '2026-09-15T08:07:32.756155+00:00', 'model_version': 'gemma4:latest', 'prompt_hash': '39903a23'}"
7,real_mixed_40,fs-en,787.3810269832611,50.61,0,0,"```json
{
  ""Persons"": [
    ""Vázquez Raña"",
    ""Dennis Oswald"",
    ""Carlos Mayor Oreja""
  ],
  ""Organizations"": [
    ""ACNO"",
    ""COI"",
    ""ODEPA"",
    ""Consejería de Medio Ambiente"",
    ""Efe""
  ],
  ""Locations"": [
    ""Sydney"",
    ""Remo. Valdetorres del Jarama""
  ]
}
```",codeblock,0.9,0.6,0.7200000000000001,0.0,0,6.9,75.8,1.1,52.5,202.4,22505.9,86.2,9051.5,9163.2,"{'timestamp': '2026-09-15T08:06:50.001977+00:00', 'model_version': 'gemma4:latest', 'prompt_hash': '39903a23'}"
8,real_mixed_41,fs-en,751.2117369174957,52.27,0,0,"```json
{
  ""Persons"": [
    ""Adolfo Piñedo"",
    ""Franco González"",
    ""Paz González""
  ],
  ""Organizations"": [
    ""Ayuntamiento de Camargo"",
    ""Junta Vecinal de Maliaño"",
    ""EFE"",
    ""PSOE-Progresistas"",
    ""IU"",
    ""PP"",
    ""Asamblea"",
    ""PSOE""
  ],
  ""Locations"": [
    ""Cantabria"",
    ""Madrid""
  ]
}
```",codeblock,1.0,0.65,0.787878787878788,0.0,0,6.9,75.8,1.2,52.6,202.4,22527.8,86.2,9051.5,9163.2,"{'timestamp': '2026-09-15T08:06:13.845736+00:00', 'model_version': 'gemma4:latest', 'prompt_hash': '39903a23'}"
8,real_mixed_42,fs-en,931.4877777099609,52.18,0,0,"```json
{
  ""Persons"": [
    ""Pedro Martínez de la Rosa"",
    ""H. Frentzen"",
    ""E. Bernoldi"",
    ""G. Fisichella"",
    ""L. Burti"",
    ""J. Vesrtappen"",
    ""Pantano"",
    ""Carlos Falcó"",
    ""Luis Arroyo"",
    ""Alejandro Alonso""
  ],
  ""Organizations"": [
    ""Arrows"",
    ""Jordan"",
    ""Sauber"",
    ""Benetton"",
    ""Jaguar"",
    ""Universidad de Castilla-La Mancha"",
    ""Rectorado de la Universidad de Castilla-La Mancha""
  ],
  ""Locations"": [
    ""Valencia"",
    ""Mónaco"",
    ""Ciudad Real"",
    ""España"",
    ""Castilla-La Mancha""
  ]
}
```",codeblock,0.9545454545454546,0.7241379310344828,0.823529411764706,0.0,0,6.9,75.8,1.2,52.5,202.4,22433.5,86.2,9051.5,9163.2,"{'timestamp': '2026-09-15T08:09:14.132839+00:00', 'model_version': 'gemma4:latest', 'prompt_hash': '39903a23'}"
8,real_mixed_43,fs-en,996.7167580127716,50.92,0,0,"{
  ""Persons"": [
    ""Bill Twehway"",
    ""Peter Twehway"",
    ""Christian Deah Brownell"",
    ""Sidiki Fofana"",
    ""Zarylee M. Gbala"",
    ""Kanio Bai-Gbala"",
    ""Malcom Scott""
  ],
  ""Organizations"": [
    ""FrontPageAfrica"",
    ""Creative Developers Inc."",
    ""National Port Authority"",
    ""Global Tracking Management Service"",
    ""Liberia Anti-Corruption Commission"",
    ""Flaton"",
    ""SINOTRANS""
  ],
  ""Locations"": [
    ""MONROVIA"",
    ""Buchanan"",
    ""Grand Bassa County""
  ]
}",direct_json,0.8235294117647058,0.6363636363636364,0.717948717948718,0.0,0,7.7,100.0,1.2,52.4,202.4,22405.6,86.2,9051.5,9163.2,"{'timestamp': '2026-09-15T08:10:19.344179+00:00', 'model_version': 'gemma4:latest', 'prompt_hash': '39903a23'}"
8,real_mixed_44,fs-en,655.6357529163361,52.17,0,0,"```json
{
  ""Persons"": [
    ""Joseph Kabila"",
    ""Francis Selemani""
  ],
  ""Organizations"": [
    ""Democratic Republic of Congo (DRC)"",
    ""BGFIBank DRC"",
    ""BGFIBank Group"",
    ""Sud Oil"",
    ""Platform to Protect Whistleblowers in Africa (PPLAAF)"",
    ""Mediapart"",
    ""The Sentry"",
    ""European Investigative Collaborations (EIC)"",
    ""Congo Research Group"",
    ""Central Bank of Congo"",
    ""United Nations"",
    ""Gécamines""
  ],
  ""Locations"": [
    ""Kinshasa"",
    ""United States"",
    ""South Africa"",
    ""Gabon"",
    ""New York"",
    ""Washington, DC"",
    ""Johannesburg""
  ]
}
```",codeblock,0.7619047619047619,0.8,0.7804878048780488,0.0,0,7.0,75.8,1.2,51.2,202.4,22598.0,86.2,9051.5,9163.2,"{'timestamp': '2026-09-15T08:04:38.267944+00:00', 'model_version': 'gemma4:latest', 'prompt_hash': '39903a23'}"
8,real_mixed_45,fs-en,293.67958903312683,52.6,0,0,"```json
{
  ""Persons"": [
    ""Francisco García Ramos"",
    ""Juan Manzano"",
    ""Julio Carmona"",
    ""Raúl Borrasca""
  ],
  ""Organizations"": [
    ""Banco Central"",
    ""Ministerio de Finanzas"",
    ""EFE"",
    ""PSOE"",
    ""Junta de Extremadura"",
    ""Gobierno central""
  ],
  ""Locations"": [
    ""Rusia"",
    ""Don Benito"",
    ""Badajoz"",
    ""Villanueva de la Serena""
  ]
}
```",codeblock,0.9285714285714286,0.8125,0.8666666666666666,0.0,0,7.4,75.8,1.4,52.5,202.4,22139.6,86.3,9051.5,9163.2,"{'timestamp': '2026-09-15T07:58:36.307395+00:00', 'model_version': 'gemma4:latest', 'prompt_hash': '39903a23'}"
2,real_mixed_11,fs-en,876.7126231193542,51.24,0,0,"```json
{
  ""Persons"": [
    ""Isabel dos Santos"",
    ""Helder Pitta Gros"",
    ""Gabriela Figueredo"",
    ""Nuno Ribeiro da Cunha"",
    ""Carlos Saturnino"",
    ""Mario Leite da Silva"",
    ""Paula Oliveira"",
    ""Sarju Raikundalia""
  ],
  ""Organizations"": [
    ""International Consortium of Investigative Journalists (ICIJ)"",
    ""Luanda Leaks"",
    ""Sonangol"",
    ""Lusa"",
    ""Portuguese Securities Market Commission"",
    ""Galp Energia"",
    ""NOS"",
    ""Eurobic"",
    ""Expresso"",
    ""BBC News"",
    ""Banco de Fomento Angola""
  ],
  ""Locations"": [
    ""Angola"",
    ""Luanda"",
    ""London"",
    ""Portugal"",
    ""Lisbon"",
    ""Dubai"",
    ""United States"",
    ""United Kingdom"",
    ""Switzerland"",
    ""Brazil""
  ]
}
```",codeblock,0.8620689655172413,0.9259259259259259,0.8928571428571429,0.034482758620689655,1,6.9,75.8,1.2,53.2,202.4,22459.8,86.2,9051.5,9163.2,"{'timestamp': '2026-09-15T08:08:19.329982+00:00', 'model_version': 'gemma4:latest', 'prompt_hash': '39903a23'}"
2,real_mixed_12,fs-en,401.8427438735962,52.56,0,0,"```json
{
  ""Persons"": [],
  ""Organizations"": [
    ""EFE"",
    ""AENA"",
    ""Real Madrid"",
    ""Valencia"",
    ""Fuerzas de Seguridad del Estado"",
    ""Guardia Civil"",
    ""Policía Nacional""
  ],
  ""Locations"": [
    ""Madrid"",
    ""Barajas"",
    ""Manises"",
    ""París"",
    ""Santiago de Chile"",
    ""Chile""
  ]
}
```",codeblock,0.9230769230769231,1.0,0.9600000000000001,0.0,0,7.7,75.8,1.2,51.9,202.4,22136.3,86.3,9051.5,9163.2,"{'timestamp': '2026-09-15T08:00:24.459957+00:00', 'model_version': 'gemma4:latest', 'prompt_hash': '39903a23'}"
2,real_mixed_13,fs-en,1021.8992240428925,52.24,0,0,"```json
{
  ""Persons"": [
    ""José Félix de las Cuevas"",
    ""Amador Fernández Quesada"",
    ""José Miguel Silió"",
    ""Corín Tellado"",
    ""Miguel de Cervantes"",
    ""Luis Sepúlveda"",
    ""Rosa Regás"",
    ""Mario Delgado"",
    ""Vicente Alvarez Areces"",
    ""Paz Fernández Felgueroso""
  ],
  ""Organizations"": [
    ""PSOE-Progresistas"",
    ""Ayuntamiento de Bárcena de Pie de Concha"",
    ""PP"",
    ""EFE-Cantabria""
  ],
  ""Locations"": [
    ""Bárcena de Pie de Concha"",
    ""Santander"",
    ""Palencia"",
    ""Pujayo"",
    ""Gijón"",
    ""España"",
    ""Uruguay"",
    ""Principado de Asturias""
  ]
}
```",codeblock,0.9545454545454546,0.7777777777777778,0.8571428571428572,0.0,0,9.4,100.0,1.2,52.9,202.4,22395.9,86.2,9051.5,9163.2,"{'timestamp': '2026-09-15T08:10:44.535719+00:00', 'model_version': 'gemma4:latest', 'prompt_hash': '39903a23'}"
2,real_mixed_14,fs-en,960.7704770565033,51.89,0,0,"```json
{
  ""Persons"": [
    ""Joseph Kabila""
  ],
  ""Organizations"": [
    ""China Railway Group"",
    ""Sinohydro"",
    ""Platform to Protect Whistleblowers in Africa (PPLAAF)"",
    ""Mediapart"",
    ""The Sentry"",
    ""European Investigative Collaborations (EIC)"",
    ""BGFIBank DRC"",
    ""Sicomines"",
    ""Congo Construction Company (CCC)"",
    ""Citibank"",
    ""Commerzbank""
  ],
  ""Locations"": [
    ""Democratic Republic of Congo (DRC)"",
    ""Gabon"",
    ""China""
  ]
}
```",codeblock,0.8666666666666667,0.8666666666666667,0.8666666666666667,0.0,0,7.0,100.0,1.2,52.6,202.4,22420.4,86.2,9051.5,9163.2,"{'timestamp': '2026-09-15T08:09:43.397955+00:00', 'model_version': 'gemma4:latest', 'prompt_hash': '39903a23'}"
2,real_mixed_15,fs-en,608.0290060043335,52.33,0,0,"{
  ""Persons"": [
    ""Samani"",
    ""Horst Koehler"",
    ""Michel Camdessus""
  ],
  ""Organizations"": [
    ""Fondo Monetario Internacional (FMI)"",
    ""Viva"",
    ""Nutrexpa"",
    ""Tusker"",
    ""Castel""
  ],
  ""Locations"": [
    ""Lérida"",
    ""Kenia"",
    ""España"",
    ""Nairobi"",
    ""Reino Unido"",
    ""India"",
    ""Londres"",
    ""Gandia"",
    ""Washington"",
    ""Asia"",
    ""Latinoamérica""
  ]
}",direct_json,0.8947368421052632,0.8095238095238095,0.8500000000000001,0.0,0,7.0,75.8,1.2,51.5,202.4,22636.5,86.2,9051.5,9163.2,"{'timestamp': '2026-09-15T08:03:50.659006+00:00', 'model_version': 'gemma4:latest', 'prompt_hash': '39903a23'}"
4,real_mixed_21,fs-en,51.20041012763977,52.22,0,0,"```json
{
  ""Persons"": [
    ""SANCHEZ POLO""
  ],
  ""Organizations"": [
    ""Paribas"",
    ""BNP"",
    ""Société Générale"",
    ""SG"",
    ""BNP-Paribas"",
    ""Comité de Entidades de Crédito. Inversiones (CECEI)"",
    ""BankWest"",
    ""BNPI-SFOM"",
    ""Paribas Capital""
  ],
  ""Locations"": [
    ""Francia"",
    ""Salvatierra de los Barros""
  ]
}
```",codeblock,0.9166666666666666,0.6875,0.7857142857142857,0.0,0,12.8,97.4,10.5,73.6,202.2,22108.8,86.4,9051.5,9163.2,"{'timestamp': '2026-09-15T07:54:33.779846+00:00', 'model_version': 'gemma4:latest', 'prompt_hash': '39903a23'}"
4,real_mixed_22,fs-en,274.7756757736206,52.69,0,0,"```json
{
  ""Persons"": [],
  ""Organizations"": [],
  ""Locations"": [
    ""Galicia"",
    ""comunidades del cantábrico"",
    ""Levante"",
    ""Canarias"",
    ""Asturias""
  ]
}
```",codeblock,0.6,1.0,0.7499999999999999,0.0,0,13.9,100.0,2.6,52.8,202.4,22141.7,86.3,9051.5,9163.2,"{'timestamp': '2026-09-15T07:58:17.343696+00:00', 'model_version': 'gemma4:latest', 'prompt_hash': '39903a23'}"
4,real_mixed_23,fs-en,901.5296063423157,52.47,0,0,"{
  ""Persons"": [
    ""José A. Delgado"",
    ""James Moran"",
    ""Bill Clinton"",
    ""Bill Gates"",
    ""Eric Koening""
  ],
  ""Organizations"": [
    ""EFECOM"",
    ""Cámara de Representantes"",
    ""Congreso"",
    ""Casa Blanca"",
    ""Microsoft""
  ],
  ""Locations"": [
    ""Washington"",
    ""EEUU"",
    ""China""
  ]
}",direct_json,0.9230769230769231,0.7058823529411765,0.8000000000000002,0.0,0,8.9,100.0,1.2,53.0,202.4,22446.0,86.2,9051.5,9163.2,"{'timestamp': '2026-09-15T08:08:44.132419+00:00', 'model_version': 'gemma4:latest', 'prompt_hash': '39903a23'}"
4,real_mixed_24,fs-en,252.2208127975464,52.44,0,0,"```json
{
  ""Persons"": [
    ""Barbara Vidman"",
    ""Alejandro Aguirre""
  ],
  ""Organizations"": [
    ""Las Américas""
  ],
  ""Locations"": [
    ""Japón"",
    ""Estados Unidos"",
    ""Colorado"",
    ""Miami""
  ]
}
```",codeblock,1.0,0.6363636363636364,0.7777777777777778,0.0,0,8.0,100.0,2.6,53.1,202.4,22141.6,86.3,9051.5,9163.2,"{'timestamp': '2026-09-15T07:57:54.808319+00:00', 'model_version': 'gemma4:latest', 'prompt_hash': '39903a23'}"
4,real_mixed_25,fs-en,1048.278678894043,40.09,0,0,"```json
{
  ""Persons"": [
    ""Méndez López"",
    ""Olga Reguilón""
  ],
  ""Organizations"": [
    ""Caixa Galicia"",
    ""EFE"",
    ""PSOE"",
    ""Gobierno municipal de Pinto"",
    ""Comunidad de Madrid"",
    ""IU""
  ],
  ""Locations"": [
    ""Galicia"",
    ""España"",
    ""Pinto""
  ]
}
```",codeblock,0.8181818181818182,0.5294117647058824,0.6428571428571428,0.0,0,7.0,100.0,1.3,53.4,202.4,22532.8,86.2,9051.5,9163.2,"{'timestamp': '2026-09-15T08:11:10.937194+00:00', 'model_version': 'gemma4:latest', 'prompt_hash': '39903a23'}"
9,real_mixed_46,fs-en,489.9707660675049,40.24,0,0,"```json
{
  ""Persons"": [],
  ""Organizations"": [
    ""Las Américas"",
    ""EFE"",
    ""FUERZAS ARMADAS"",
    ""Parlamento catalán"",
    ""Gobierno"",
    ""CDC-UDC""
  ],
  ""Locations"": [
    ""Estados Unidos"",
    ""Barcelona""
  ]
}
```",codeblock,0.75,0.4,0.5217391304347827,0.0,0,7.4,100.0,1.4,56.4,84.8,22649.1,86.2,9051.5,9163.2,"{'timestamp': '2026-09-15T08:11:35.664087+00:00', 'model_version': 'gemma4:latest', 'prompt_hash': '39903a23'}"
9,real_mixed_47,fs-en,580.1284232139587,52.52,0,0,"```json
{
  ""Persons"": [
    ""Roberto Zambrano"",
    ""Boi Rodríguez"",
    ""José Luis Sandoval"",
    ""Cory Powell"",
    ""Pedro Castellano"",
    ""Miguel Rubio"",
    ""Will Flyn"",
    ""Pete Harthman"",
    ""José Núñez"",
    ""Santos Hernández"",
    ""José Solarte"",
    ""Francisco Campos"",
    ""Will Flynt"",
    ""Ravelo Manzanillo""
  ],
  ""Organizations"": [
    ""Cancún"",
    ""Diablos Rojos"",
    ""Tigres"",
    ""Piratas de Campeche""
  ],
  ""Locations"": [
    ""Monclova"",
    ""Saltillo"",
    ""Laredos"",
    ""Yucatán"",
    ""Tabasco"",
    ""Madrid""
  ]
}
```",codeblock,0.75,0.6428571428571429,0.6923076923076924,0.0,0,9.3,67.7,1.4,55.9,84.8,22604.9,86.1,9051.5,9163.2,"{'timestamp': '2026-09-15T08:13:05.835048+00:00', 'model_version': 'gemma4:latest', 'prompt_hash': '39903a23'}"
9,real_mixed_48,fs-en,527.1975378990173,52.61,0,0,"```json
{
  ""Persons"": [
    ""Pablo Morales"",
    ""Casimiro Bellido""
  ],
  ""Organizations"": [
    ""Nuestra Señora del Romero"",
    ""Bolsa de Bogotá""
  ],
  ""Locations"": [
    ""Cascante"",
    ""Pamplona"",
    ""Tudela"",
    ""Bogotá""
  ]
}
```",codeblock,0.875,0.7,0.7777777777777777,0.0,0,10.3,61.1,1.4,56.0,84.8,22654.3,86.1,9051.5,9163.2,"{'timestamp': '2026-09-15T08:12:12.887522+00:00', 'model_version': 'gemma4:latest', 'prompt_hash': '39903a23'}"
9,real_mixed_49,fs-en,553.4022498130798,52.08,0,0,"```json
{
  ""Persons"": [
    ""Xabier Kalparsoro"",
    ""Manuel Alvarez"",
    ""Mauricio Pastor""
  ],
  ""Organizations"": [
    ""Audiencia Provincial de Vizcaya"",
    ""ETA"",
    ""Jefatura Superior de Policía"",
    ""Brigada de Información"",
    ""Asociación Contra la Tortura"",
    ""ayuntamiento de Zumaia""
  ],
  ""Locations"": [
    ""Vizcaya"",
    ""Bilbao"",
    ""Durango"",
    ""Guipúzcoa"",
    ""Zumaia""
  ]
}
```",codeblock,0.7857142857142857,0.6111111111111112,0.6875000000000001,0.0,0,7.0,60.0,1.4,55.9,84.8,22630.7,86.1,9051.5,9163.2,"{'timestamp': '2026-09-15T08:12:39.108179+00:00', 'model_version': 'gemma4:latest', 'prompt_hash': '39903a23'}"
9,real_mixed_50,fs-en,511.34163093566895,52.31,0,0,"```json
{
  ""Persons"": [
    ""José María Aznar"",
    ""Manuel Chaves"",
    ""Rafa Larreina""
  ],
  ""Organizations"": [
    ""Gobierno"",
    ""EA"",
    ""PSE-EE""
  ],
  ""Locations"": [
    ""Palacio de la Moncloa"",
    ""Santander"",
    ""Madrid"",
    ""París"",
    ""Vitoria"",
    ""San Sebastián""
  ]
}
```",codeblock,1.0,0.631578947368421,0.7741935483870968,0.0,0,7.8,100.0,1.4,56.1,84.8,22669.8,86.1,9051.5,9163.2,"{'timestamp': '2026-09-15T08:11:57.035343+00:00', 'model_version': 'gemma4:latest', 'prompt_hash': '39903a23'}"
10,real_mixed_51,fs-en,549.8292942047119,52.53,0,0,"```json
{
  ""Persons"": [
    ""Antonio de la Rosa"",
    ""José Pérez Cequera"",
    ""Andrés Hiniesta"",
    ""J. S. A.""
  ],
  ""Organizations"": [
    ""EFE"",
    ""Hospital Virgen del Rocío""
  ],
  ""Locations"": [
    ""Castilla. León"",
    ""Matacán"",
    ""Ecija"",
    ""Sevilla"",
    ""Barajas""
  ]
}
```",codeblock,0.9090909090909091,0.6666666666666666,0.7692307692307692,0.0,0,7.5,100.0,1.5,56.4,84.8,22628.2,86.1,9051.5,9163.2,"{'timestamp': '2026-09-15T08:14:06.114193+00:00', 'model_version': 'gemma4:latest', 'prompt_hash': '39903a23'}"
10,real_mixed_52,fs-en,569.961122751236,52.55,0,0,"```json
{
  ""Persons"": [
    ""Oviedo"",
    ""Stephen McFarland"",
    ""Walter Bower"",
    ""Teresa Castanedo"",
    ""Antonio Mérida"",
    ""Manolo Lama"",
    ""Roberto Brasero""
  ],
  ""Organizations"": [
    ""I División de Caballería"",
    ""embajada de Estados Unidos"",
    ""EFE"",
    ""Telemadrid"",
    ""Real Madrid"",
    ""Valencia""
  ],
  ""Locations"": [
    ""Paraguay"",
    ""Asunción"",
    ""Madrid"",
    ""París"",
    ""Cibeles"",
    ""Barajas"",
    ""Saint Denis""
  ]
}
```",codeblock,0.9,0.8571428571428571,0.8780487804878048,0.0,0,7.7,100.0,1.5,56.0,84.8,22607.3,86.1,9051.5,9163.2,"{'timestamp': '2026-09-15T08:14:26.242821+00:00', 'model_version': 'gemma4:latest', 'prompt_hash': '39903a23'}"
10,real_mixed_53,fs-en,525.9562199115753,52.41,0,0,"{
  ""Persons"": [
    ""Rato"",
    ""Summers""
  ],
  ""Organizations"": [
    ""Gobierno"",
    ""Diputación Foral de Alava"",
    ""EFE""
  ],
  ""Locations"": [
    ""España"",
    ""Estados Unidos"",
    ""Vitoria"",
    ""Alava"",
    ""Elorriaga"",
    ""Navarra"",
    ""Valladolid"",
    ""Llanada"",
    ""Montaña alavesa"",
    ""Arraia-Maeztu"",
    ""Campezo""
  ]
}",direct_json,0.8125,0.8125,0.8125,0.0,0,9.0,100.0,1.5,56.7,84.8,22654.2,86.1,9051.5,9163.2,"{'timestamp': '2026-09-15T08:13:42.233446+00:00', 'model_version': 'gemma4:latest', 'prompt_hash': '39903a23'}"
10,real_mixed_54,fs-en,502.1985590457916,53.12,0,0,"```json
{
  ""Persons"": [
    ""Carlos Sánchez Polo""
  ],
  ""Organizations"": [
    ""EFE"",
    ""Agencia EFE"",
    ""Junta""
  ],
  ""Locations"": [
    ""Mérida"",
    ""Extremadura"",
    ""Salvatierra de los Barros"",
    ""Badajoz""
  ]
}
```",codeblock,1.0,1.0,1.0,0.0,0,8.5,63.8,1.5,56.1,84.8,22682.1,86.1,9051.5,9163.2,"{'timestamp': '2026-09-15T08:13:18.472053+00:00', 'model_version': 'gemma4:latest', 'prompt_hash': '39903a23'}"
10,real_mixed_55,fs-en,592.967199087143,52.34,0,0,"```json
{
  ""Persons"": [
    ""Alfredo Sánchez Monteseirín""
  ],
  ""Organizations"": [
    ""La Mesa"",
    ""Ararteko"",
    ""Juntas Generales de Bizkaia"",
    ""Mesa de Baleares"",
    ""Comité Olímpico Internacional (COI)"",
    ""Universidad Pablo de Olavide""
  ],
  ""Locations"": [
    ""Sevilla"",
    ""Bizkaia"",
    ""Baleares"",
    ""Dos Hermanas"",
    ""Cádiz"",
    ""Córdoba"",
    ""Málaga"",
    ""Granada"",
    ""La Cartuja""
  ]
}
```",codeblock,0.75,0.6,0.6666666666666665,0.0,0,7.5,100.0,1.5,55.9,84.8,22585.5,86.1,9051.5,9163.2,"{'timestamp': '2026-09-15T08:14:49.245792+00:00', 'model_version': 'gemma4:latest', 'prompt_hash': '39903a23'}"
11,real_mixed_56,fs-en,620.6632647514343,52.28,0,0,"```json
{
  ""Persons"": [
    ""Chirac"",
    ""José María Aznar""
  ],
  ""Organizations"": [
    ""Consejo Europeo"",
    ""Comisión"",
    ""Ayuntamiento de Toledo""
  ],
  ""Locations"": [
    ""Rambouillet"",
    ""España"",
    ""Lisboa"",
    ""Austria"",
    ""Portugal"",
    ""América Latina"",
    ""Oriente Medio"",
    ""Francia"",
    ""Toledo"",
    ""Reino Unido"",
    ""Dinamarca"",
    ""Suecia"",
    ""Italia"",
    ""Finlandia""
  ]
}
```",codeblock,0.7368421052631579,0.5384615384615384,0.6222222222222222,0.0,0,6.9,60.0,1.4,56.1,84.8,22555.4,86.1,9051.5,9163.2,"{'timestamp': '2026-09-15T08:15:38.497454+00:00', 'model_version': 'gemma4:latest', 'prompt_hash': '39903a23'}"
11,real_mixed_57,fs-en,669.6281311511993,52.63,0,0,"```json
{
  ""Persons"": [
    ""Vicente del Bosque"",
    ""Fernando Hierro"",
    ""Iván Campo"",
    ""Karanka"",
    ""Iván Helguera"",
    ""Raúl"",
    ""Anelka"",
    ""Morientes"",
    ""Héctor Cúper"",
    ""Farinós"",
    ""Gerardo"",
    ""Piojo López"",
    ""Carlos Gardel""
  ],
  ""Organizations"": [
    ""Valencia"",
    ""Madrid"",
    ""Racing de Avellaneda"",
    ""Lazio""
  ],
  ""Locations"": [
    ""Europa"",
    ""Roma"",
    ""Italia""
  ]
}
```",codeblock,1.0,0.9523809523809523,0.975609756097561,0.0,0,7.0,100.0,1.5,56.2,84.8,22521.1,86.1,9051.5,9163.2,"{'timestamp': '2026-09-15T08:16:27.456376+00:00', 'model_version': 'gemma4:latest', 'prompt_hash': '39903a23'}"
11,real_mixed_58,fs-en,593.6206800937653,52.44,0,0,"```json
{
  ""Persons"": [
    ""Juan Antonio Gómez Angulo"",
    ""Vicente del Bosque"",
    ""Emilio Butragueño"",
    ""Eduardo Zaplana""
  ],
  ""Organizations"": [
    ""EFE"",
    ""Real Madrid"",
    ""Consejo Superior de Deportes"",
    ""Valencia""
  ],
  ""Locations"": [
    ""París"",
    ""Saint Denis"",
    ""Versalles"",
    ""Chantilly"",
    ""Amsterdam"",
    ""Comunidad Valenciana"",
    ""Madrid""
  ]
}
```",codeblock,0.8666666666666667,0.7222222222222222,0.7878787878787877,0.0,0,6.8,60.0,1.5,56.6,84.8,22584.3,86.1,9051.5,9163.2,"{'timestamp': '2026-09-15T08:15:11.437068+00:00', 'model_version': 'gemma4:latest', 'prompt_hash': '39903a23'}"
11,real_mixed_59,fs-en,649.5289108753204,52.0,0,0,"```json
{
  ""Persons"": [
    ""John C. Demers"",
    ""Matthew Schneider"",
    ""Dan Clutch"",
    ""Arash Yousefi Jam"",
    ""Amin Yousefi Jam"",
    ""Abdollah Momeni Roustani"",
    ""Hank Moon"",
    ""Adam Barry""
  ],
  ""Organizations"": [
    ""Justice Department"",
    ""Homeland Security Investigations (HSI)"",
    ""Office of Export Enforcement (OEE)"",
    ""Commerce Department"",
    ""Office of International Affairs""
  ],
  ""Locations"": [
    ""Iran"",
    ""United States"",
    ""UAE"",
    ""Michigan"",
    ""Ohio"",
    ""Ontario"",
    ""Canada"",
    ""Chicago""
  ]
}
```",codeblock,0.8571428571428571,0.6923076923076923,0.7659574468085107,0.0,0,7.0,60.0,1.5,56.1,84.8,22536.8,86.1,9051.5,9163.2,"{'timestamp': '2026-09-15T08:16:07.353387+00:00', 'model_version': 'gemma4:latest', 'prompt_hash': '39903a23'}"
11,real_mixed_60,fs-en,688.9178249835968,50.99,0,0,"```json
{
  ""Persons"": [
    ""Juan Luis Font""
  ],
  ""Organizations"": [
    ""El Periódico"",
    ""Siglo Veintiuno"",
    ""Nuestro Diario"",
    ""Guatemala Flash"",
    ""Relaciones Públicas de la Presidencia"",
    ""Secretaría de Comunicación Social de la Presidencia"",
    ""Ministerio Público"",
    ""Estado Mayor Presidencial (EMP)"",
    ""EFE""
  ],
  ""Locations"": [
    ""Santiago de Compostela""
  ]
}
```",codeblock,1.0,0.7857142857142857,0.88,0.0,0,6.8,60.4,1.4,56.1,84.8,22504.9,86.1,9051.5,9163.2,"{'timestamp': '2026-09-15T08:16:46.744313+00:00', 'model_version': 'gemma4:latest', 'prompt_hash': '39903a23'}"
12,real_mixed_61,fs-en,760.887946844101,51.45,0,0,"```json
{
  ""Persons"": [
    ""Merrick B. Garland"",
    ""Christopher Wray"",
    ""Yury Orekhov"",
    ""Artem Uss"",
    ""Svetlana Kuzurgasheva"",
    ""Lana Neumann"",
    ""Timofey Telegin"",
    ""Sergey Tulyakov"",
    ""Juan Fernando Serrano Ponce"",
    ""Juanfe Serrano"",
    ""Juan Carlos Soto"",
    ""Breon Peace"",
    ""Artie McConnell"",
    ""Scott A. Claffee""
  ],
  ""Organizations"": [
    ""Justice Department"",
    ""U.S. Attorneys’ Offices for the Eastern District of New York"",
    ""Task Force KleptoCapture"",
    ""Petroleos de Venezuela S.A. (PDVSA)"",
    ""Nord-Deutsche Industrieanlagenbau GmbH (NDA GmbH)"",
    ""FBI"",
    ""U.S. Department of Commerce""
  ],
  ""Locations"": [
    ""United States"",
    ""Eastern District of New York"",
    ""District of Connecticut"",
    ""Russia"",
    ""Ukraine"",
    ""Venezuela"",
    ""Germany"",
    ""Italy"",
    ""Moscow"",
    ""Hamburg"",
    ""Beijing"",
    ""China"",
    ""Latin America""
  ]
}
```",codeblock,0.6764705882352942,0.6388888888888888,0.6571428571428571,0.029411764705882353,1,7.8,100.0,1.4,62.3,181.0,22468.1,86.1,9051.5,9163.2,"{'timestamp': '2026-09-15T08:18:26.361421+00:00', 'model_version': 'gemma4:latest', 'prompt_hash': '39903a23'}"
12,real_mixed_62,fs-en,734.6373469829559,52.22,0,0,"```json
{
  ""Persons"": [
    ""Cristina Narbona"",
    ""Emanuele Leone"",
    ""Paloma Aguirre""
  ],
  ""Organizations"": [
    ""PSOE-Progresistas"",
    ""Comisión de Medio Ambiente"",
    ""Ayuntamiento de Madrid"",
    ""Plan de Saneamiento Integral de Madrid II (PSIM-II)"",
    ""Unión Temporal de Empresas (UTE)"",
    ""Museo Extremeño. Iberoamericano de Arte Contemporáneo (MEIAC)"",
    ""Compañía \""4. L\""""
  ],
  ""Locations"": [
    ""Madrid"",
    ""Badajoz"",
    ""Lisboa"",
    ""Barcelona"",
    ""Extremadura"",
    ""Manzanares""
  ]
}
```",codeblock,0.6875,0.6111111111111112,0.6470588235294118,0.0,0,7.0,100.0,1.5,62.5,181.0,22478.5,86.1,9051.5,9163.2,"{'timestamp': '2026-09-15T08:18:00.091570+00:00', 'model_version': 'gemma4:latest', 'prompt_hash': '39903a23'}"
12,real_mixed_63,fs-en,709.737368106842,52.77,0,0,"```json
{
  ""Persons"": [
    ""PUTIN""
  ],
  ""Organizations"": [
    ""El Ejército de Sri Lanka"",
    ""Tigres de Liberación de la Patria Tamil"",
    ""Sociedad de Oncología Clínica""
  ],
  ""Locations"": [
    ""Jafna"",
    ""Sri Lanka"",
    ""Minsk"",
    ""Rusia"",
    ""EEUU"",
    ""Nueva Orleáns"",
    ""Barcelona""
  ]
}
```",codeblock,0.7272727272727273,0.5333333333333333,0.6153846153846153,0.0,0,7.3,100.0,1.5,61.0,181.0,22497.5,86.1,9051.5,9163.2,"{'timestamp': '2026-09-15T08:17:35.177162+00:00', 'model_version': 'gemma4:latest', 'prompt_hash': '39903a23'}"
12,real_mixed_64,fs-en,694.0419368743896,52.43,0,0,"```json
{
  ""Persons"": [],
  ""Organizations"": [
    ""ayuntamiento de Mollet del Vallés"",
    ""EFE""
  ],
  ""Locations"": [
    ""Mollet del Vallés"",
    ""Barcelona""
  ]
}
```",codeblock,0.75,0.75,0.75,0.0,0,8.5,100.0,1.5,58.7,181.0,22509.4,86.1,9051.5,9163.2,"{'timestamp': '2026-09-15T08:17:19.469804+00:00', 'model_version': 'gemma4:latest', 'prompt_hash': '39903a23'}"
12,real_mixed_65,fs-en,676.845470905304,52.38,0,0,"```json
{
  ""Persons"": [],
  ""Organizations"": [
    ""Caixa Catalunya"",
    ""Universidad del País Vasco"",
    ""Vicerrectorado del Campus de Guipúzcoa"",
    ""departamento vasco de Interior"",
    ""EFE""
  ],
  ""Locations"": [
    ""San Sebastián"",
    ""Guipúzcoa""
  ]
}
```",codeblock,0.7142857142857143,0.45454545454545453,0.5555555555555556,0.0,0,7.1,66.1,1.5,55.9,180.8,22521.3,86.1,9051.5,9163.2,"{'timestamp': '2026-09-15T08:17:02.280279+00:00', 'model_version': 'gemma4:latest', 'prompt_hash': '39903a23'}"
13,real_mixed_66,fs-en,745.2438499927521,52.43,0,0,"```json
{
  ""Persons"": [
    ""Juan Pereiro"",
    ""Wolfgang Schuessel"",
    ""Antonio Guterres""
  ],
  ""Organizations"": [
    ""Partido Popular (OEVP)"",
    ""Consejo de la UE"",
    ""Unión Europea (UE)"",
    ""Ayuntamiento de San Martín del Rey Aurelio"",
    ""Administración Regional""
  ],
  ""Locations"": [
    ""Viena"",
    ""Fradera"",
    ""El Entrego"",
    ""Portugal"",
    ""Austria"",
    ""Italia"",
    ""Irlanda"",
    ""Las Azores"",
    ""Francia"",
    ""Alemania""
  ]
}
```",codeblock,0.6111111111111112,0.4230769230769231,0.5,0.0,0,7.7,100.0,1.6,63.7,181.0,22468.2,86.1,9051.5,9163.2,"{'timestamp': '2026-09-15T08:19:36.768955+00:00', 'model_version': 'gemma4:latest', 'prompt_hash': '39903a23'}"
13,real_mixed_67,fs-en,770.5351581573486,52.19,0,0,"{
  ""Persons"": [
    ""Cuevas"",
    ""Iñaqui Ordóñez"",
    ""Ordóñez Mañas"",
    ""Manolo Cadenas"",
    ""Bartok"",
    ""Iker Romero""
  ],
  ""Organizations"": [
    ""CEOE"",
    ""Radio León"",
    ""Caja España Ademar"",
    ""Elgorriaga Bidasoa""
  ],
  ""Locations"": [
    ""Francia"",
    ""Italia"",
    ""Alemania"",
    ""Europa"",
    ""España"",
    ""León"",
    ""Hameln""
  ]
}",direct_json,0.8823529411764706,0.6818181818181818,0.7692307692307693,0.0,0,6.8,66.1,1.5,63.6,181.0,22447.7,86.1,9051.5,9163.2,"{'timestamp': '2026-09-15T08:20:02.057301+00:00', 'model_version': 'gemma4:latest', 'prompt_hash': '39903a23'}"
13,real_mixed_68,fs-en,697.5124921798706,52.48,0,0,"```json
{
  ""Persons"": [
    ""Arash Yousefi Jam"",
    ""Abdollah Momeni Roustani"",
    ""Stephen J. Murphy"",
    ""Hank Moon"",
    ""Adam Barry""
  ],
  ""Organizations"": [
    ""Homeland Security Investigations"",
    ""Commerce Department's Office of Export Enforcement"",
    ""Eastern District of Michigan"",
    ""Justice Department's National Security Division"",
    ""Criminal Division’s Office of International Affairs""
  ],
  ""Locations"": [
    ""Canada"",
    ""Iran"",
    ""Ontario"",
    ""Michigan"",
    ""United States"",
    ""United Arab Emirates""
  ]
}
```",codeblock,1.0,0.8421052631578947,0.9142857142857143,0.0,0,8.7,100.0,1.5,64.0,181.0,22499.4,86.1,9051.5,9163.2,"{'timestamp': '2026-09-15T08:18:49.019693+00:00', 'model_version': 'gemma4:latest', 'prompt_hash': '39903a23'}"
13,real_mixed_69,fs-en,798.8341929912567,52.25,0,0,"{
  ""Persons"": [
    ""Fernando Zambrano"",
    ""Solari"",
    ""Kiko"",
    ""Anna Kournikova"",
    ""Lorenzo Sanz"",
    ""Vicente Del Bosque"",
    ""Guardiola"",
    ""Figo"",
    ""Rivaldo"",
    ""Víctor Fernández""
  ],
  ""Organizations"": [
    ""EFE"",
    ""Real Madrid"",
    ""Valencia"",
    ""Marca"",
    ""Espanyol"",
    ""Atlético de Madrid"",
    ""As"",
    ""Liga ACB"",
    ""Barcelona"",
    ""Juventus"",
    ""Mundo Deportivo"",
    ""Celta""
  ],
  ""Locations"": [
    ""Madrid"",
    ""París"",
    ""Mallorca"",
    ""Barcelona""
  ]
}",direct_json,0.9615384615384616,0.8928571428571429,0.9259259259259259,0.0,0,8.2,100.0,1.5,63.1,181.0,22435.2,86.2,9051.5,9163.2,"{'timestamp': '2026-09-15T08:20:30.363471+00:00', 'model_version': 'gemma4:latest', 'prompt_hash': '39903a23'}"
13,real_mixed_70,fs-en,721.4068109989166,52.32,0,0,"```json
{
  ""Persons"": [
    ""Alberto Fernández"",
    ""Luis de Grandes"",
    ""Jorge Fernández"",
    ""Mariano Rajoy"",
    ""Javier Arenas"",
    ""Eduardo Zaplana"",
    ""José A. Delgado"",
    ""Miguel Sanz"",
    ""Mario Monti""
  ],
  ""Organizations"": [
    ""PP"",
    ""Parlament"",
    ""Congreso"",
    ""Generalitat valenciana"",
    ""Gobierno de Navarra"",
    ""comisario europeo de Competencia"",
    ""Ejecutivo comunitario""
  ],
  ""Locations"": [
    ""Madrid"",
    ""Cataluña"",
    ""Bruselas"",
    ""Navarra"",
    ""Pamplona""
  ]
}
```",codeblock,0.8095238095238095,0.68,0.7391304347826089,0.0,0,6.9,66.1,1.7,63.8,181.0,22484.1,86.1,9051.5,9163.2,"{'timestamp': '2026-09-15T08:19:12.928831+00:00', 'model_version': 'gemma4:latest', 'prompt_hash': '39903a23'}"
14,real_mixed_71,fs-en,884.2899250984192,52.18,0,0,"```json
{
  ""Persons"": [
    ""Alberto Flamarique"",
    ""Luis Vázquez Villamor"",
    ""Silvio Ferreyra Fernández""
  ],
  ""Organizations"": [
    ""Mercosur"",
    ""Organización Internacional del Trabajo (OIT)""
  ],
  ""Locations"": [
    ""Bolivia"",
    ""Chile"",
    ""Ginebra"",
    ""Paraguay""
  ]
}
```",codeblock,0.6666666666666666,0.42857142857142855,0.5217391304347826,0.0,0,7.3,100.0,1.4,61.7,181.0,22840.4,86.2,9051.5,9163.2,"{'timestamp': '2026-09-15T08:22:17.140663+00:00', 'model_version': 'gemma4:latest', 'prompt_hash': '39903a23'}"
14,real_mixed_72,fs-en,861.5941009521484,42.15,0,0,"```json
{
  ""Persons"": [
    ""Corín Tellado"",
    ""Miguel de Cervantes"",
    ""Luis Sepúlveda"",
    ""Rosa Regás"",
    ""Mario Delgado"",
    ""Vicente Alvarez Areces"",
    ""Paz Fernández Felgueroso""
  ],
  ""Organizations"": [
    ""EFE"",
    ""Salón del Libro Iberoamericano"",
    ""Principado de Asturias""
  ],
  ""Locations"": [
    ""Gijón"",
    ""España"",
    ""Uruguay""
  ]
}
```",codeblock,0.9230769230769231,0.7058823529411765,0.8000000000000002,0.0,0,8.3,100.0,1.5,61.7,181.0,22867.6,86.2,9051.5,9163.2,"{'timestamp': '2026-09-15T08:21:54.450191+00:00', 'model_version': 'gemma4:latest', 'prompt_hash': '39903a23'}"
14,real_mixed_73,fs-en,833.7903461456299,30.73,0,0,"```json
{
  ""Persons"": [
    ""Mariano Rajoy"",
    ""Diego López Garrido"",
    ""Cardenal""
  ],
  ""Organizations"": [
    ""EFE"",
    ""Gobierno"",
    ""Consejo de RTVE"",
    ""Junta Electoral Central"",
    ""Consejo de Universidades"",
    ""Comisión Constitucional del Congreso"",
    ""PNV"",
    ""Consejo audiovisual de contenidos""
  ],
  ""Locations"": [
    ""Madrid""
  ]
}
```",codeblock,0.9166666666666666,0.6875,0.7857142857142857,0.0,0,7.0,66.1,1.5,62.0,181.0,22737.5,86.2,9051.5,9163.2,"{'timestamp': '2026-09-15T08:21:26.647659+00:00', 'model_version': 'gemma4:latest', 'prompt_hash': '39903a23'}"
14,real_mixed_74,fs-en,903.9848790168762,52.51,0,0,"```json
{
  ""Persons"": [
    ""Manceñido"",
    ""José Alfonso Martos"",
    ""Celia Villalobos""
  ],
  ""Organizations"": [
    ""Consejo General del Colegio de Farmacéuticos"",
    ""Satse"",
    ""Insalud"",
    ""Organización Mundial de la Salud (OMS)""
  ],
  ""Locations"": [
    ""Madrid"",
    ""España""
  ]
}
```",codeblock,1.0,0.75,0.8571428571428571,0.0,0,7.6,100.0,1.5,61.4,181.0,22825.6,86.2,9051.5,9163.2,"{'timestamp': '2026-09-15T08:22:36.828430+00:00', 'model_version': 'gemma4:latest', 'prompt_hash': '39903a23'}"
14,real_mixed_75,fs-en,795.3411371707916,52.47,0,0,"```json
{
  ""Persons"": [],
  ""Organizations"": [
    ""EFE afa-c"",
    ""Kwoon Saholin"",
    ""Karate Kyukushinkai""
  ],
  ""Locations"": [
    ""Sestao"",
    ""Vizcaya""
  ]
}
```",codeblock,0.6,0.6,0.6,0.0,0,7.1,100.0,1.5,63.1,181.0,22433.7,86.1,9051.5,9163.2,"{'timestamp': '2026-09-15T08:20:48.183559+00:00', 'model_version': 'gemma4:latest', 'prompt_hash': '39903a23'}"
15,real_mixed_76,fs-en,744.9905798435211,53.41,0,0,"```json
{
  ""Persons"": [],
  ""Organizations"": [
    ""UEFA CHAMPIONS LEAGUE"",
    ""EURONEWS""
  ],
  ""Locations"": [
    ""LAPONIA""
  ]
}
```",codeblock,0.0,0.0,0.0,0.0,0,7.3,100.0,1.6,64.2,181.0,22995.0,86.2,9051.5,9163.2,"{'timestamp': '2026-09-15T08:22:44.417468+00:00', 'model_version': 'gemma4:latest', 'prompt_hash': '39903a23'}"
15,real_mixed_77,fs-en,773.9893319606781,52.32,0,0,"```json
{
  ""Persons"": [
    ""Wieczorek-Zeul"",
    ""Carlos Lage"",
    ""Felipe Pérez Roque"",
    ""Marta Lomas"",
    ""Carlos Dotres"",
    ""Luis Gómez Echeverri"",
    ""Elizardo Sánchez"",
    ""Marcelino Iglesias"",
    ""José Angel Biel"",
    ""Javier Callizo"",
    ""Javier Lambán""
  ],
  ""Organizations"": [
    ""Gobierno cubano"",
    ""plan nacional de Cuba"",
    ""Escuela Latinoamericana de Medicina"",
    ""gobierno alemán"",
    ""Programa de Naciones Unidas para el Desarrollo (PNUD)"",
    ""Comisión Cubana de Derechos Humanos"",
    ""Reconciliación Nacional (CCDHRN)"",
    ""Gobierno de Aragón"",
    ""Diputación de Zaragoza""
  ],
  ""Locations"": [
    ""Alemania"",
    ""Cuba"",
    ""regiones de la isla"",
    ""Fuentes de Ebro"",
    ""Zaragoza"",
    ""España"",
    ""Aragón""
  ]
}
```",codeblock,0.6296296296296297,0.7391304347826086,0.68,0.0,0,7.3,66.1,1.8,64.4,181.0,22957.5,86.2,9051.5,9163.2,"{'timestamp': '2026-09-15T08:23:13.447570+00:00', 'model_version': 'gemma4:latest', 'prompt_hash': '39903a23'}"
15,real_mixed_78,fs-en,840.0433070659637,51.55,0,0,"```json
{
  ""Persons"": [
    ""Joseph Kabila""
  ],
  ""Organizations"": [
    ""Kwanza Capital"",
    ""The Sentry"",
    ""Financial Action Task Force"",
    ""Congolese government""
  ],
  ""Locations"": [
    ""Kinshasa"",
    ""Democratic Republic of Congo"",
    ""sub-Saharan Africa""
  ]
}
```",codeblock,0.625,0.7142857142857143,0.6666666666666666,0.0,0,9.9,66.7,1.5,63.9,181.0,22892.5,86.2,9051.5,9163.2,"{'timestamp': '2026-09-15T08:24:19.485867+00:00', 'model_version': 'gemma4:latest', 'prompt_hash': '39903a23'}"
15,real_mixed_79,fs-en,865.0306439399719,51.55,0,0,"```json
{
  ""Persons"": [
    ""Nathaniel McGill"",
    ""Sayma Syrenius Cephus"",
    ""Bill Twehway"",
    ""Brian E. Nelson"",
    ""George Weah""
  ],
  ""Organizations"": [
    ""U.S. Department of the Treasury’s Office of Foreign Assets Control (OFAC)"",
    ""Global Magnitsky Human Rights Accountability Act"",
    ""National Port Authority (NPA)"",
    ""United States""
  ],
  ""Locations"": [
    ""WASHINGTON"",
    ""Liberia""
  ]
}
```",codeblock,0.8181818181818182,0.75,0.7826086956521738,0.0,0,7.2,77.8,1.6,63.8,181.0,22865.5,86.2,9051.5,9163.2,"{'timestamp': '2026-09-15T08:24:44.475274+00:00', 'model_version': 'gemma4:latest', 'prompt_hash': '39903a23'}"
15,real_mixed_80,fs-en,807.0248930454254,51.87,0,0,"```json
{
  ""Persons"": [
    ""Eriks Mamonovs"",
    ""Vadims Ananics"",
    ""Stanislav Romanyuk"",
    ""Janis Uzbalis"",
    ""Vanessa Roberts Avery"",
    ""Rahul Kale"",
    ""Konstantin Lantsman"",
    ""Matthew Anzaldi""
  ],
  ""Organizations"": [
    ""United States"",
    ""District of Connecticut"",
    ""CNC Weld"",
    ""BY Trade OU"",
    ""HSI"",
    ""Department of Commerce"",
    ""FBI"",
    ""Office of Export Enforcement"",
    ""Prosecutor-General’s Offices of the Republic of Latvia"",
    ""Latvian State Revenue Service"",
    ""Estonian Tax and Customs Board"",
    ""Latvian State Police"",
    ""Justice Department’s Office of International Affairs"",
    ""Task Force KleptoCapture"",
    ""National Security Division’s Counterintelligence and Export Control Section""
  ],
  ""Locations"": [
    ""Latvia"",
    ""Ukraine"",
    ""Estonia"",
    ""Russia"",
    ""Connecticut"",
    ""Riga"",
    ""Tallinn"",
    ""New Haven"",
    ""Portland"",
    ""Ore."",
    ""The Hague"",
    ""Netherlands"",
    ""Boston""
  ]
}
```",codeblock,0.6388888888888888,0.8214285714285714,0.7187499999999999,0.0,0,7.3,100.0,1.6,64.1,181.0,22923.0,86.2,9051.5,9163.2,"{'timestamp': '2026-09-15T08:23:46.487321+00:00', 'model_version': 'gemma4:latest', 'prompt_hash': '39903a23'}"
16,real_mixed_81,fs-en,855.4356160163879,52.8,0,0,"```json
{
  ""Persons"": [
    ""José Zamarriego"",
    ""Juliana Fariñas"",
    ""José Luis Vega"",
    ""Inés Fernández""
  ],
  ""Organizations"": [
    ""Junta Electoral del Ilustre Colegio de Oficial de Médicos de Madrid (ICOMEM)"",
    ""Colegio de Médicos de Madrid"",
    ""EFE""
  ],
  ""Locations"": [
    ""Madrid"",
    ""Castilla-La Mancha"",
    ""España""
  ]
}
```",codeblock,0.9,0.6428571428571429,0.75,0.0,0,7.6,100.0,1.7,63.6,181.0,22878.8,86.2,9051.5,9163.2,"{'timestamp': '2026-09-15T08:25:00.069980+00:00', 'model_version': 'gemma4:latest', 'prompt_hash': '39903a23'}"
16,real_mixed_82,fs-en,876.2902269363403,52.48,0,0,"```json
{
  ""Persons"": [
    ""Milosevic"",
    ""Máximo Cajal"",
    ""Guillermo Ruiz Polanco"",
    ""Rigoberta Menchú"",
    ""Gregorio Yujá""
  ],
  ""Organizations"": [
    ""Gobierno yugoslavo"",
    ""Audiencia Nacional"",
    ""EFE""
  ],
  ""Locations"": [
    ""Madrid"",
    ""Guatemala"",
    ""Belgrado"",
    ""Quiché"",
    ""La Seu d'Urgell"",
    ""Lleida""
  ]
}
```",codeblock,0.8571428571428571,0.7058823529411765,0.7741935483870968,0.0,0,8.4,100.0,1.5,63.6,181.0,22858.6,86.2,9051.5,9163.2,"{'timestamp': '2026-09-15T08:25:20.922104+00:00', 'model_version': 'gemma4:latest', 'prompt_hash': '39903a23'}"
16,real_mixed_83,fs-en,896.1821420192719,52.53,0,0,"```json
{
  ""Persons"": [
    ""Antonio Varriale"",
    ""Iván Parra"",
    ""Karsten Kroon"",
    ""Angel Vicioso"",
    ""Davor Suker""
  ],
  ""Organizations"": [
    ""Panaria"",
    ""Real Madrid"",
    ""Valencia"",
    ""Liga de Campeones""
  ],
  ""Locations"": [
    ""Padua"",
    ""Zagreb"",
    ""París""
  ]
}
```",codeblock,0.9166666666666666,0.8461538461538461,0.8799999999999999,0.0,0,7.3,66.1,1.7,63.4,181.0,22838.7,86.2,9051.5,9163.2,"{'timestamp': '2026-09-15T08:25:40.802864+00:00', 'model_version': 'gemma4:latest', 'prompt_hash': '39903a23'}"
16,real_mixed_84,fs-en,929.4025971889496,52.58,0,0,"```json
{
  ""Persons"": [
    ""Thomas Middelhoff"",
    ""Miguel García-Durán""
  ],
  ""Organizations"": [
    ""Bertelsmann"",
    ""Telefónica"",
    ""Antena-3 Televisión""
  ],
  ""Locations"": [
    ""Madrid"",
    ""Albacete""
  ]
}
```",codeblock,1.0,0.6363636363636364,0.7777777777777778,0.0,0,8.8,100.0,1.6,63.1,181.0,22809.6,86.2,9051.5,9163.2,"{'timestamp': '2026-09-15T08:26:14.028213+00:00', 'model_version': 'gemma4:latest', 'prompt_hash': '39903a23'}"
16,real_mixed_85,fs-en,912.8214178085327,52.71,0,0,"```json
{
  ""Persons"": [
    ""Joaquín Almería"",
    ""Miki Tzavella"",
    ""Costas Simitis"",
    ""Dimitris Reppas"",
    ""Theodore Pangalos""
  ],
  ""Organizations"": [
    ""Nueva Democracia""
  ],
  ""Locations"": [
    ""Atenas""
  ]
}
```",codeblock,1.0,0.7777777777777778,0.8750000000000001,0.0,0,7.4,100.0,1.5,63.3,181.0,22822.4,86.2,9051.5,9163.2,"{'timestamp': '2026-09-15T08:25:57.451386+00:00', 'model_version': 'gemma4:latest', 'prompt_hash': '39903a23'}"
17,real_mixed_86,fs-en,997.7772319316864,52.37,0,0,"```json
{
  ""Persons"": [
    ""Francesc Salvatella"",
    ""Pol Amat"",
    ""Joaquín Calvo"",
    ""Xavi Arnau""
  ],
  ""Organizations"": [
    ""Egara"",
    ""Real Club de Polo"",
    ""Federación Española"",
    ""Federación Catalana"",
    ""Atlétic Terrassa""
  ],
  ""Locations"": [
    ""Barcelona"",
    ""San Sebastián""
  ]
}
```",codeblock,0.8181818181818182,0.6428571428571429,0.7200000000000001,0.0,0,6.9,66.1,1.5,62.5,181.0,22602.8,86.2,9051.5,9163.2,"{'timestamp': '2026-09-15T08:27:48.897475+00:00', 'model_version': 'gemma4:latest', 'prompt_hash': '39903a23'}"
17,real_mixed_87,fs-en,959.6103167533875,52.48,0,0,"```json
{
  ""Persons"": [
    ""Zambrano"",
    ""Emilio Oliva Calahorra""
  ],
  ""Organizations"": [
    ""Rayo Vallecano"",
    ""Atlético de Madrid"",
    ""EFE""
  ],
  ""Locations"": [
    ""España"",
    ""La Rioja""
  ]
}
```",codeblock,0.8571428571428571,0.5454545454545454,0.6666666666666665,0.0,0,7.0,66.1,1.5,62.8,181.0,22621.0,86.2,9051.5,9163.2,"{'timestamp': '2026-09-15T08:27:10.724200+00:00', 'model_version': 'gemma4:latest', 'prompt_hash': '39903a23'}"
17,real_mixed_88,fs-en,916.6603050231934,53.04,0,0,"```json
{
  ""Persons"": [],
  ""Organizations"": [
    ""PP"",
    ""Diputación"",
    ""UEX"",
    ""Asociación para el Desarrollo Rural Jerez-Sierra Suroeste""
  ],
  ""Locations"": [
    ""Badajoz"",
    ""Mérida"",
    ""Casar de Palomero"",
    ""Jerez-Sierra Suroeste""
  ]
}
```",codeblock,0.75,0.75,0.75,0.0,0,6.9,66.1,1.5,62.9,181.0,22647.2,86.2,9051.5,9163.2,"{'timestamp': '2026-09-15T08:26:27.769228+00:00', 'model_version': 'gemma4:latest', 'prompt_hash': '39903a23'}"
17,real_mixed_89,fs-en,977.7752132415771,52.44,0,0,"```json
{
  ""Persons"": [
    ""Sabin Intxaurraga"",
    ""Fernando Maura""
  ],
  ""Organizations"": [
    ""Partido Popular"",
    ""Gobierno vasco"",
    ""Consejo Económico Social (CES)"",
    ""Parlamento Vasco"",
    ""Cámara vasca"",
    ""EFE""
  ],
  ""Locations"": [
    ""Bilbao""
  ]
}
```",codeblock,0.7777777777777778,0.5,0.6086956521739131,0.0,0,8.2,100.0,1.5,62.6,181.0,22615.1,86.2,9051.5,9163.2,"{'timestamp': '2026-09-15T08:27:28.893211+00:00', 'model_version': 'gemma4:latest', 'prompt_hash': '39903a23'}"
17,real_mixed_90,fs-en,943.5086863040924,50.8,0,0,"```json
{
  ""Persons"": [
    ""Miguel Angel Vives"",
    ""Augusto Méndez de Lugo"",
    ""Pedro Pacheco""
  ],
  ""Organizations"": [
    ""Real Madrid"",
    ""Valencia"",
    ""Liga de Campeones"",
    ""Tribunal Superior de Justicia de Andalucía"",
    ""cofradía de San Vicente Mártir""
  ],
  ""Locations"": [
    ""Villafranca"",
    ""Extremadura"",
    ""Valencia"",
    ""Saint Denis"",
    ""París"",
    ""Comunidad Valenciana"",
    ""Navarrés"",
    ""Onteniente"",
    ""Alicante"",
    ""Granada"",
    ""Andalucía"",
    ""Los Garciagos"",
    ""Jerez""
  ]
}
```",codeblock,0.8095238095238095,0.7727272727272727,0.7906976744186046,0.0,0,7.0,66.1,1.5,62.9,181.0,22631.2,86.2,9051.5,9163.2,"{'timestamp': '2026-09-15T08:26:54.631640+00:00', 'model_version': 'gemma4:latest', 'prompt_hash': '39903a23'}"
18,real_mixed_91,fs-en,993.1440081596375,52.36,0,0,"```json
{
  ""Persons"": [
    ""Paca Sauquillo"",
    ""Manuel Carmena"",
    ""Carmen Alborch"",
    ""Carmen Romero"",
    ""Eduardo Corchero"",
    ""Guillermo Fernández Vara""
  ],
  ""Organizations"": [
    ""ORT"",
    ""PSOE"",
    ""Hospital \""Infanta Cristina\""""
  ],
  ""Locations"": [
    ""España"",
    ""Madrid"",
    ""Badajoz"",
    ""Extremadura""
  ]
}
```",codeblock,1.0,0.7647058823529411,0.8666666666666666,0.0,0,7.3,100.0,1.4,63.0,181.0,22435.9,86.3,9051.5,9163.2,"{'timestamp': '2026-09-15T08:29:39.075663+00:00', 'model_version': 'gemma4:latest', 'prompt_hash': '39903a23'}"
18,real_mixed_92,fs-en,970.9314630031586,52.43,0,0,"```json
{
  ""Persons"": [
    ""Freeh"",
    ""Serrano"",
    ""Pedro Albizu Campos"",
    ""Cecil Snyder"",
    ""Edgar Hoover"",
    ""Luis Muñoz Marín""
  ],
  ""Organizations"": [
    ""Partido Nacionalista de Puerto Rico"",
    ""FBI""
  ],
  ""Locations"": [
    ""El Bronx"",
    ""Nueva York"",
    ""Washington"",
    ""Puerto Rico"",
    ""EEUU"",
    ""Atlanta"",
    ""San Juan""
  ]
}
```",codeblock,0.9333333333333333,0.6666666666666666,0.7777777777777778,0.0,0,7.7,71.6,1.4,63.2,181.0,22445.7,86.3,9051.5,9163.2,"{'timestamp': '2026-09-15T08:29:16.877134+00:00', 'model_version': 'gemma4:latest', 'prompt_hash': '39903a23'}"
18,real_mixed_93,fs-en,900.6261970996857,52.49,0,0,"```json
{
  ""Persons"": [
    ""Antonio Gana"",
    ""Ricardo Puno"",
    ""Joseph Estrada""
  ],
  ""Organizations"": [
    ""EFE"",
    ""Philippine Airlines (PAL)"",
    ""DZMM"",
    ""Oficina de Aviación Civil"",
    ""DZRB""
  ],
  ""Locations"": [
    ""Manila"",
    ""Antipolo"",
    ""Davao"",
    ""Mindanao"",
    ""Jerusalén""
  ]
}
```",codeblock,1.0,0.8666666666666667,0.9285714285714286,0.0,0,6.9,66.1,1.5,64.2,181.0,22479.1,86.3,9051.5,9163.2,"{'timestamp': '2026-09-15T08:28:06.561900+00:00', 'model_version': 'gemma4:latest', 'prompt_hash': '39903a23'}"
18,real_mixed_94,fs-en,945.6119077205658,52.12,0,0,"```json
{
  ""Persons"": [
    ""Charles Taylor"",
    ""Redondo"",
    ""McManaman"",
    ""Raul"",
    ""Di Stefano"",
    ""Kopa"",
    ""Cuper"",
    ""Moriente""
  ],
  ""Organizations"": [
    ""FRU"",
    ""Naciones Unidas"",
    ""Real Madrid"",
    ""Valencia"",
    ""Barcelona"",
    ""Lazio"",
    ""la Gazzetta dello Sport"",
    ""Corriere dellos Sport"",
    ""Corriere dello Sport""
  ],
  ""Locations"": [
    ""Liberia"",
    ""Roma"",
    ""España""
  ]
}
```",codeblock,0.95,0.8636363636363636,0.9047619047619048,0.0,0,6.9,66.1,1.4,63.5,181.0,22457.2,86.3,9051.5,9163.2,"{'timestamp': '2026-09-15T08:28:51.561593+00:00', 'model_version': 'gemma4:latest', 'prompt_hash': '39903a23'}"
18,real_mixed_95,fs-en,918.6153149604797,52.58,0,0,"{
  ""Persons"": [],
  ""Organizations"": [
    ""EFECOM"",
    ""institución ferial bilbaína"",
    ""Expovacaciones"",
    ""Expoconsumo"",
    ""Mundo Maya""
  ],
  ""Locations"": [
    ""Bilbao"",
    ""Castilla. León"",
    ""Benissa"",
    ""Torremolinos"",
    ""Málaga"",
    ""Madrid""
  ]
}",direct_json,0.6363636363636364,0.875,0.7368421052631579,0.0,0,11.2,66.1,1.5,64.1,181.0,22470.3,86.3,9051.5,9163.2,"{'timestamp': '2026-09-15T08:28:24.544973+00:00', 'model_version': 'gemma4:latest', 'prompt_hash': '39903a23'}"
19,real_mixed_96,fs-en,990.4171769618988,22.62,0,0,"```json
{
  ""Persons"": [
    ""Kily González"",
    ""Jorge Candel"",
    ""Héctor Cúper""
  ],
  ""Organizations"": [
    ""Eurobank"",
    ""BCR"",
    ""Tribunal de Estocolmo"",
    ""Valencia"",
    ""Real Madrid""
  ],
  ""Locations"": [
    ""París"",
    ""Suiza"",
    ""Luxemburgo"",
    ""Francia"",
    ""Argentina"",
    ""Madrid""
  ]
}
```",codeblock,0.7142857142857143,0.7142857142857143,0.7142857142857143,0.0,0,10.3,100.0,1.4,62.0,181.0,22648.4,86.4,9051.5,9163.2,"{'timestamp': '2026-09-15T08:31:19.762868+00:00', 'model_version': 'gemma4:latest', 'prompt_hash': '39903a23'}"
19,real_mixed_97,fs-en,946.5355021953583,52.63,0,0,"```json
{
  ""Persons"": [
    ""Del Bosque"",
    ""Zambrano"",
    ""Irureta"",
    ""Rojo""
  ],
  ""Organizations"": [
    ""Agencia Efe"",
    ""Atlético"",
    ""Ayuntamiento"",
    ""Copa del Rey"",
    ""La Liga""
  ],
  ""Locations"": [
    ""Madrid"",
    ""Chamartín"",
    ""Hortaleza"",
    ""Barajas""
  ]
}
```",codeblock,0.8461538461538461,0.8461538461538461,0.8461538461538461,0.0,0,7.2,100.0,1.4,63.7,181.0,22456.6,86.3,9051.5,9163.2,"{'timestamp': '2026-09-15T08:30:35.891786+00:00', 'model_version': 'gemma4:latest', 'prompt_hash': '39903a23'}"
19,real_mixed_98,fs-en,1067.250503063202,19.07,0,0,"```json
{
  ""Persons"": [
    ""Anne Gazeau-Secret"",
    ""Antoine Lahad"",
    ""Jacques Chirac"",
    ""Emile Lahoud"",
    ""Ehud Barak"",
    ""Hafed El Asad"",
    ""Kofi Annan""
  ],
  ""Organizations"": [
    ""Ministerio francés de Asuntos Exteriores"",
    ""Ejército del Sur del Líbano (ESL)"",
    ""Hizbulá"",
    ""Palacio del Elíseo"",
    ""ONU"",
    ""Fuerza Interina de Naciones Unidas en el Líbano (FINUL)""
  ],
  ""Locations"": [
    ""Francia"",
    ""Israel"",
    ""Líbano"",
    ""París"",
    ""Tel Aviv"",
    ""Oriente Medio""
  }
}
```",codeblock,0.4230769230769231,0.3235294117647059,0.3666666666666667,0.0,0,10.6,100.0,1.3,59.4,181.0,23126.7,86.5,9051.5,9163.2,"{'timestamp': '2026-09-15T08:32:36.627020+00:00', 'model_version': 'gemma4:latest', 'prompt_hash': '39903a23'}"
19,real_mixed_99,fs-en,901.3747270107269,53.31,0,0,"```json
{
  ""Persons"": [
    ""José Luis Díez"",
    ""Francisco Muñoz""
  ],
  ""Organizations"": [
    ""Asamblea de Extremadura"",
    ""FECSUR""
  ],
  ""Locations"": [
    ""Mérida"",
    ""Extremadura"",
    ""Montijo"",
    ""Badajoz"",
    ""Azuaga"",
    ""Campiña Sur de Extremadura""
  ]
}
```",codeblock,0.6,1.0,0.7499999999999999,0.0,0,8.2,100.0,1.4,63.9,181.0,22474.8,86.3,9051.5,9163.2,"{'timestamp': '2026-09-15T08:29:50.711972+00:00', 'model_version': 'gemma4:latest', 'prompt_hash': '39903a23'}"
19,real_mixed_100,fs-en,927.229544878006,52.38,0,0,"{
  ""Persons"": [],
  ""Organizations"": [
    ""Hizbulá"",
    ""Amal"",
    ""ESL"",
    ""Ejército libanés""
  ],
  ""Locations"": [
    ""Beaufort"",
    ""Líbano"",
    ""La Bekaa"",
    ""Maryayun"",
    ""Hasbaya"",
    ""Chebaa"",
    ""Israel"",
    ""Siria"",
    ""Bent Jebel"",
    ""Ain Ebel"",
    ""Debel"",
    ""Rmeich"",
    ""Aalma Achab"",
    ""Al Kuazah""
  ]
}",direct_json,0.8888888888888888,0.7619047619047619,0.8205128205128205,0.0,0,7.8,100.0,1.5,64.0,181.0,22465.5,86.3,9051.5,9163.2,"{'timestamp': '2026-09-15T08:30:16.586631+00:00', 'model_version': 'gemma4:latest', 'prompt_hash': '39903a23'}"
20,real_mixed_101,fs-en,1027.3460507392883,52.62,0,0,"```json
{
  ""Persons"": [
    ""Margarita Robles""
  ],
  ""Organizations"": [
    ""Audiencia Nacional"",
    ""EFE"",
    ""Forum Deusto"",
    ""Universidad de Deusto"",
    ""Iglesia católica""
  ],
  ""Locations"": [
    ""Bilbao"",
    ""España"",
    ""Buenos Aires""
  ]
}
```",codeblock,0.6666666666666666,0.5,0.5714285714285715,0.0,0,8.4,100.0,1.3,59.3,181.0,23334.8,86.5,9051.5,9163.2,"{'timestamp': '2026-09-15T08:33:54.225393+00:00', 'model_version': 'gemma4:latest', 'prompt_hash': '39903a23'}"
20,real_mixed_102,fs-en,1033.4546887874603,53.16,0,0,"```json
{
  ""Persons"": [],
  ""Organizations"": [],
  ""Locations"": [
    ""Cantabria""
  ]
}
```",codeblock,1.0,1.0,1.0,0.0,0,7.3,63.2,1.3,59.3,181.0,23328.1,86.5,9051.5,9163.2,"{'timestamp': '2026-09-15T08:34:00.319039+00:00', 'model_version': 'gemma4:latest', 'prompt_hash': '39903a23'}"
20,real_mixed_103,fs-en,967.5634188652039,23.69,0,0,"```json
{
  ""Persons"": [],
  ""Organizations"": [],
  ""Locations"": [
    ""Mallorca"",
    ""Andalucía"",
    ""Canarias""
  ]
}
```",codeblock,1.0,1.0,1.0,0.0,0,8.0,100.0,1.3,59.6,181.0,23375.4,86.6,9051.5,9163.2,"{'timestamp': '2026-09-15T08:32:54.436414+00:00', 'model_version': 'gemma4:latest', 'prompt_hash': '39903a23'}"
20,real_mixed_104,fs-en,1012.803493976593,52.49,0,0,"```json
{
  ""Persons"": [
    ""José Antonio Camacho"",
    ""Francisco Roig""
  ],
  ""Organizations"": [
    ""Hizbulá"",
    ""Amal"",
    ""EFE"",
    ""Real Madrid"",
    ""Valencia""
  ],
  ""Locations"": [
    ""Jerusalén"",
    ""Karkum"",
    ""Israel"",
    ""Galilea"",
    ""París"",
    ""Vigo"",
    ""Saint Denis"",
    ""La Toja"",
    ""Holanda"",
    ""Bélgica""
  ]
}
```",codeblock,0.9411764705882353,0.7619047619047619,0.8421052631578947,0.0,0,7.4,100.0,1.3,59.3,181.0,23351.4,86.5,9051.5,9163.2,"{'timestamp': '2026-09-15T08:33:39.695274+00:00', 'model_version': 'gemma4:latest', 'prompt_hash': '39903a23'}"
20,real_mixed_105,fs-en,991.2701799869537,51.92,0,0,"```json
{
  ""Persons"": [
    ""M. A."",
    ""K. B."",
    ""O. S."",
    ""J. L. C. C."",
    ""Ramón Rabanera""
  ],
  ""Organizations"": [
    ""Policía Municipal"",
    ""Efe"",
    ""Diputación alavesa"",
    ""Consejo de Diputados""
  ],
  ""Locations"": [
    ""Tetuán"",
    ""Cicerón"",
    ""Raimundo Fernández Villaverde"",
    ""Plaza de las Ventas"",
    ""Vitoria""
  ]
}
```",codeblock,0.7857142857142857,0.7333333333333333,0.7586206896551724,0.0,0,11.8,100.0,1.3,59.5,181.0,23379.1,86.6,9051.5,9163.2,"{'timestamp': '2026-09-15T08:33:18.155426+00:00', 'model_version': 'gemma4:latest', 'prompt_hash': '39903a23'}"
21,real_mixed_106,fs-en,1023.2543907165527,52.77,0,0,"```json
{
  ""Persons"": [],
  ""Organizations"": [
    ""Lico Corporación"",
    ""EFECOM""
  ],
  ""Locations"": [
    ""Madrid""
  ]
}
```",codeblock,1.0,1.0,1.0,0.0,0,8.2,100.0,1.3,53.8,79.2,23343.8,86.5,9051.5,9163.2,"{'timestamp': '2026-09-15T08:35:29.724591+00:00', 'model_version': 'gemma4:latest', 'prompt_hash': '39903a23'}"
21,real_mixed_107,fs-en,1057.5895488262177,51.86,0,0,"{
  ""Persons"": [
    ""Bill Twehway"",
    ""Charles MacArthur D. Gull"",
    ""Peter Twehway"",
    ""Christian D. Brownell"",
    ""Sidiki Fofana"",
    ""Kanio Bai Gbala"",
    ""Zarylee Gbala""
  ],
  ""Organizations"": [
    ""Liberia Anti-Corruption Commission (LACC)"",
    ""National Port Authority (NPA)"",
    ""FrontPageAfrica"",
    ""Creative Developers Inc. (CDI)"",
    ""Global Tracking Management Service"",
    ""Facebook""
  ],
  ""Locations"": [
    ""MONROVIA"",
    ""Liberia""
  ]
}",direct_json,0.8666666666666667,0.9285714285714286,0.896551724137931,0.0,0,7.9,63.2,1.2,53.2,79.2,23303.6,86.5,9051.5,9163.2,"{'timestamp': '2026-09-15T08:36:04.066772+00:00', 'model_version': 'gemma4:latest', 'prompt_hash': '39903a23'}"
21,real_mixed_108,fs-en,985.834874868393,52.34,0,0,"```json
{
  ""Persons"": [
    ""Valledor""
  ],
  ""Organizations"": [
    ""Gobierno de la comunidad"",
    ""Agencia de Desarrollo Rural"",
    ""EFE"",
    ""Dow Jones de Industriales"",
    ""Nasdaq"",
    ""SS&P500"",
    ""New York Stock Exchange"",
    ""Tesoro estadounidense"",
    ""Reserva Federal""
  ],
  ""Locations"": [
    ""Nueva York"",
    ""Wall Street"",
    ""Estados Unidos"",
    ""El Principado""
  ]
}
```",codeblock,0.42857142857142855,0.75,0.5454545454545454,0.0,0,9.6,100.0,1.3,54.3,79.2,23392.6,86.6,9051.5,9163.2,"{'timestamp': '2026-09-15T08:34:52.317146+00:00', 'model_version': 'gemma4:latest', 'prompt_hash': '39903a23'}"
21,real_mixed_109,fs-en,1009.7207088470459,52.2,0,0,"```json
{
  ""Persons"": [
    ""Joaquín Almunia"",
    ""Amparo Rubiales"",
    ""José Antonio Labordeta"",
    ""Carmen Alborch"",
    ""Esteban González Pons"",
    ""Alfonso Guerra"",
    ""José Borrell"",
    ""José María Aznar"",
    ""Jacques Chirac"",
    ""Lionel Jospin""
  ],
  ""Organizations"": [
    ""PSOE"",
    ""Congreso"",
    ""Chunta Aragonesista"",
    ""PP"",
    ""Senado""
  ],
  ""Locations"": [
    ""Bilbao"",
    ""Valencia"",
    ""París"",
    ""Santander"",
    ""España"",
    ""Francia"",
    ""Pirineo""
  ]
}
```",codeblock,0.9090909090909091,0.6896551724137931,0.7843137254901961,0.0,0,7.3,100.0,1.3,53.8,79.2,23361.5,86.6,9051.5,9163.2,"{'timestamp': '2026-09-15T08:35:16.215838+00:00', 'model_version': 'gemma4:latest', 'prompt_hash': '39903a23'}"
21,real_mixed_110,fs-en,962.7952117919922,52.13,0,0,"{
  ""Persons"": [
    ""Feliciano Echarte Azcárate"",
    ""Manuel Ariztia Cestona"",
    ""Matías Echarte Azcárate"",
    ""Nieves Daguerre Goñi"",
    ""Juan José Mayora Apeceche""
  ],
  ""Organizations"": [
    ""Audiencia Provincial de Navarra"",
    ""Juzgado de Paz de Elizondo"",
    ""Guardia Civil"",
    ""Ministerio Público""
  ],
  ""Locations"": [
    ""Pamplona"",
    ""Garzain"",
    ""Navarra"",
    ""Elizondo""
  ]
}",direct_json,0.7692307692307693,0.4166666666666667,0.5405405405405406,0.0,0,7.2,63.2,1.3,54.2,79.2,23424.7,86.6,9051.5,9163.2,"{'timestamp': '2026-09-15T08:34:29.296146+00:00', 'model_version': 'gemma4:latest', 'prompt_hash': '39903a23'}"
22,real_mixed_111,fs-en,982.5601999759674,50.27,0,0,"```json
{
  ""Persons"": [
    ""Iker Casillas"",
    ""Michel Salgado"",
    ""Iván Campo"",
    ""Roberto Carlos"",
    ""Raúl"",
    ""Anelka"",
    ""Morientes"",
    ""Stefano Braschi"",
    ""Esteban Murillo Zubiri"",
    ""Benk Korthals""
  ],
  ""Organizations"": [
    ""Real Madrid"",
    ""Valencia CF"",
    ""ETA"",
    ""EFE""
  ],
  ""Locations"": [
    ""Italia"",
    ""Saint Denis"",
    ""La Haya"",
    ""España""
  ]
}
```",codeblock,1.0,0.5294117647058824,0.6923076923076924,0.0,0,7.3,69.5,1.3,52.6,79.2,23409.0,86.6,9051.5,9163.2,"{'timestamp': '2026-09-15T08:36:53.053266+00:00', 'model_version': 'gemma4:latest', 'prompt_hash': '39903a23'}"
22,real_mixed_112,fs-en,948.6876332759857,52.68,0,0,"```json
{
  ""Persons"": [
    ""Isabel dos Santos"",
    ""Jose Eduardo dos Santos""
  ],
  ""Organizations"": [
    ""Exem Energy BV"",
    ""Chamber of Companies"",
    ""Amsterdam Court of Appeal""
  ],
  ""Locations"": [
    ""Angola"",
    ""Dutch"",
    ""Amsterdam""
  ]
}
```",codeblock,0.625,0.625,0.625,0.0,0,7.5,63.2,1.3,52.6,79.2,23455.9,86.6,9051.5,9163.2,"{'timestamp': '2026-09-15T08:36:19.140453+00:00', 'model_version': 'gemma4:latest', 'prompt_hash': '39903a23'}"
22,real_mixed_113,fs-en,965.515508890152,52.47,0,0,"```json
{
  ""Persons"": [
    ""José Ramón Alvarez Redondo"",
    ""Ignacio Pérez"",
    ""Javier Puente""
  ],
  ""Organizations"": [
    ""UGT"",
    ""CCOO"",
    ""Gobierno regional"",
    ""Consejería""
  ],
  ""Locations"": [
    ""Cantabria"",
    ""París""
  ]
}
```",codeblock,0.7777777777777778,0.7,0.7368421052631577,0.0,0,9.0,63.2,1.2,52.6,79.2,23432.0,86.6,9051.5,9163.2,"{'timestamp': '2026-09-15T08:36:35.977113+00:00', 'model_version': 'gemma4:latest', 'prompt_hash': '39903a23'}"
22,real_mixed_114,fs-en,1013.8250021934509,52.46,0,0,"```json
{
  ""Persons"": [
    ""Alvarez Areces"",
    ""Corín Tellado"",
    ""Paz Fernandez Felgueroso""
  ],
  ""Organizations"": [
    ""OTAN"",
    ""UE"",
    ""EFE""
  ],
  ""Locations"": [
    ""Gijón"",
    ""Cuba"",
    ""España"",
    ""Iberoamerica"",
    ""Viavelez"",
    ""Florencia"",
    ""Italia""
  ]
}
```",codeblock,0.9230769230769231,0.8,0.8571428571428571,0.0,0,7.6,100.0,1.2,52.5,79.2,23367.9,86.5,9051.5,9163.2,"{'timestamp': '2026-09-15T08:37:24.287573+00:00', 'model_version': 'gemma4:latest', 'prompt_hash': '39903a23'}"
22,real_mixed_115,fs-en,995.4791538715363,52.83,0,0,"{
  ""Persons"": [
    ""Bill Twehway"",
    ""Bill Teah TWEHWAY""
  ],
  ""Organizations"": [
    ""National Port Authority"",
    ""Creative Developers Inc""
  ],
  ""Locations"": [
    ""River Cess Town"",
    ""Liberia""
  ]
}",direct_json,0.6666666666666666,1.0,0.8,0.0,0,8.7,66.7,1.2,52.4,79.2,23392.2,86.6,9051.5,9163.2,"{'timestamp': '2026-09-15T08:37:05.934192+00:00', 'model_version': 'gemma4:latest', 'prompt_hash': '39903a23'}"
23,real_mixed_116,fs-en,940.203145980835,52.42,0,0,"```json
{
  ""Persons"": [
    ""Rulfo"",
    ""Clara""
  ],
  ""Organizations"": [],
  ""Locations"": [
    ""Guadalajara"",
    ""capital mexicana"",
    ""Finlandia""
  ]
}
```",codeblock,0.8,1.0,0.888888888888889,0.0,0,8.0,73.8,1.0,53.2,77.3,23053.5,86.5,9051.5,9163.2,"{'timestamp': '2026-09-15T08:38:17.129845+00:00', 'model_version': 'gemma4:latest', 'prompt_hash': '39903a23'}"
23,real_mixed_117,fs-en,969.496523141861,52.3,0,0,"```json
{
  ""Persons"": [
    ""Alfonso Zamora""
  ],
  ""Organizations"": [
    ""Subdelegación del Gobierno"",
    ""Estación de Clasificación. Descontaminación (ECD)"",
    ""Protección Civil"",
    ""Plan de Emergencia Nuclear de Burgos (PENBU)"",
    ""Feria Provincial de Cooperativas del Campo de Cuenca"",
    ""Diputación Provincial"",
    ""Patronato de Promoción Económica. Turismo de la Diputación de Cuenca"",
    ""Consejo reguladores de denominación de origen de vinos \""La Mancha\"""",
    ""Asociación \""Pro Denominación de Origen de Vinos de La Manchuela\"""",
    ""Caja Rural de Cuenca""
  ],
  ""Locations"": [
    ""Burgos"",
    ""Miranda de Ebro"",
    ""Cuenca"",
    ""Polideportivo Municipal de Anduva"",
    ""Tarancón""
  ]
}
```",codeblock,0.625,0.7142857142857143,0.6666666666666666,0.0,0,9.8,73.0,1.1,53.1,77.3,23017.8,86.5,9051.5,9163.2,"{'timestamp': '2026-09-15T08:38:46.439430+00:00', 'model_version': 'gemma4:latest', 'prompt_hash': '39903a23'}"
23,real_mixed_118,fs-en,922.5122351646423,52.5,0,0,"```json
{
  ""Persons"": [
    ""Mulet""
  ],
  ""Organizations"": [
    ""UGT"",
    ""UFP"",
    ""PP""
  ],
  ""Locations"": [
    ""Ciutadella"",
    ""Menorca"",
    ""Baleares""
  ]
}
```",codeblock,1.0,0.875,0.9333333333333333,0.0,0,7.8,78.3,1.1,53.0,77.3,23071.4,86.5,9051.5,9163.2,"{'timestamp': '2026-09-15T08:37:59.444644+00:00', 'model_version': 'gemma4:latest', 'prompt_hash': '39903a23'}"
23,real_mixed_119,fs-en,987.1642880439758,52.45,0,0,"{
  ""Persons"": [
    ""Rafael de Valenzuela Teresa"",
    ""Al Sayed Abulnaga Al Saftawi""
  ],
  ""Organizations"": [
    ""EFE"",
    ""Región Militar Pirenaica"",
    ""Policía""
  ],
  ""Locations"": [
    ""Barcelona"",
    ""El Cairo""
  ]
}",direct_json,1.0,0.875,0.9333333333333333,0.0,0,7.9,65.4,1.1,53.1,77.3,23003.2,86.5,9051.5,9163.2,"{'timestamp': '2026-09-15T08:39:04.099926+00:00', 'model_version': 'gemma4:latest', 'prompt_hash': '39903a23'}"
23,real_mixed_120,fs-en,905.8173160552979,52.6,0,0,"```json
{
  ""Persons"": [
    ""Borrini"",
    ""Ferdinand Piech""
  ],
  ""Organizations"": [
    ""Volkswagen"",
    ""Bugatti"",
    ""Canal Sur Televisión"",
    ""Premio Nacional de Seguridad en la Construcción""
  ],
  ""Locations"": [
    ""La Rioja"",
    ""Fráncfort"",
    ""Wolfsburg"",
    ""Molsheim"",
    ""Alsacia"",
    ""Sevilla""
  ]
}
```",codeblock,0.8333333333333334,0.8333333333333334,0.8333333333333334,0.0,0,9.7,100.0,1.1,52.7,77.3,23092.6,86.5,9051.5,9163.2,"{'timestamp': '2026-09-15T08:37:42.754571+00:00', 'model_version': 'gemma4:latest', 'prompt_hash': '39903a23'}"
