batch_idx,record_id,model,latency_sec,tokens_per_sec,retries,parse_method,precision,recall,f1,hallucination_rate,hallucinated_count,cpu_avg_pct,cpu_peak_pct,proc_cpu_avg_pct,mem_avg_mb,mem_peak_mb,sys_mem_avg_mb,sys_mem_avg_pct,vram_mb,model_disk_mb,data_provenance
0,real_mixed_1,gemma4:12b-mlx_baseline,49.21319103240967,46.82,0,fallback,1.0,0.0,0.0,0.0,0,14.0,52.9,12.5,222.6,273.8,19359.8,59.9,7783.6,7296.8,"{'timestamp': '2026-09-06T05:19:50.980232+00:00', 'model_version': 'gemma4:12b-mlx', 'prompt_hash': 'a6af280e'}"
0,real_mixed_2,gemma4:12b-mlx_baseline,95.30610013008118,46.43,0,fallback,1.0,0.0,0.0,0.0,0,13.5,100.0,6.3,181.1,273.8,22659.1,59.2,8397.5,7296.8,"{'timestamp': '2026-09-06T05:20:37.072330+00:00', 'model_version': 'gemma4:12b-mlx', 'prompt_hash': 'a6af280e'}"
0,real_mixed_3,gemma4:12b-mlx_baseline,371.05467891693115,46.52,0,fallback,1.0,0.0,0.0,0.0,0,15.3,100.0,2.1,123.8,273.8,22707.6,66.5,11813.3,7296.8,"{'timestamp': '2026-09-06T05:25:12.824450+00:00', 'model_version': 'gemma4:12b-mlx', 'prompt_hash': 'a6af280e'}"
1,real_mixed_4,gemma4:12b-mlx_baseline,284.16811895370483,48.4,0,fallback,1.0,0.0,0.0,0.0,0,14.3,100.0,2.1,127.4,273.8,22987.3,66.5,11155.1,7296.8,"{'timestamp': '2026-09-06T05:23:45.940678+00:00', 'model_version': 'gemma4:12b-mlx', 'prompt_hash': 'a6af280e'}"
1,real_mixed_5,gemma4:12b-mlx_baseline,560.9012563228607,53.34,0,direct_json,0.3684210526315789,0.7,0.48275862068965514,0.0,0,11.8,100.0,1.2,120.2,273.8,23055.2,64.4,16042.8,7296.8,"{'timestamp': '2026-09-06T05:28:22.663346+00:00', 'model_version': 'gemma4:12b-mlx', 'prompt_hash': 'a6af280e'}"
1,real_mixed_6,gemma4:12b-mlx_baseline,412.59711813926697,49.93,0,direct_json,0.631578947368421,0.6666666666666666,0.6486486486486486,0.0,0,12.3,78.9,1.8,123.2,273.8,22539.7,66.1,12418.8,7296.8,"{'timestamp': '2026-09-06T05:25:54.372831+00:00', 'model_version': 'gemma4:12b-mlx', 'prompt_hash': 'a6af280e'}"
2,real_mixed_7,gemma4:12b-mlx_baseline,325.09744119644165,53.46,0,fallback,1.0,0.0,0.0,0.0,0,19.2,100.0,2.9,125.7,273.8,22892.7,64.5,11813.3,7296.8,"{'timestamp': '2026-09-06T05:24:26.874404+00:00', 'model_version': 'gemma4:12b-mlx', 'prompt_hash': 'a6af280e'}"
2,real_mixed_8,gemma4:12b-mlx_baseline,605.5490489006042,48.93,0,fallback,1.0,0.0,0.0,0.0,0,11.1,100.0,1.0,120.1,273.8,23024.4,64.1,15836.0,7296.8,"{'timestamp': '2026-09-06T05:29:07.316546+00:00', 'model_version': 'gemma4:12b-mlx', 'prompt_hash': 'a6af280e'}"
2,real_mixed_9,gemma4:12b-mlx_baseline,477.2106091976166,46.76,0,direct_json,0.5,0.6,0.5454545454545454,0.0,0,11.1,100.0,1.1,122.6,273.8,22905.4,65.3,14135.0,7296.8,"{'timestamp': '2026-09-06T05:26:58.984702+00:00', 'model_version': 'gemma4:12b-mlx', 'prompt_hash': 'a6af280e'}"
5,real_mixed_16,gemma4:12b-mlx_baseline,646.4497330188751,43.65,0,direct_json,0.6666666666666666,0.6666666666666666,0.6666666666666666,0.1111111111111111,1,12.9,75.0,1.1,118.1,273.8,22901.0,64.5,15946.2,7296.8,"{'timestamp': '2026-09-06T05:29:48.219615+00:00', 'model_version': 'gemma4:12b-mlx', 'prompt_hash': 'a6af280e'}"
5,real_mixed_17,gemma4:12b-mlx_baseline,239.83569502830505,41.3,0,direct_json,0.4,1.0,0.5714285714285715,0.0,0,12.4,66.2,1.1,131.0,273.8,22674.2,68.7,10562.6,7296.8,"{'timestamp': '2026-09-06T05:23:01.601547+00:00', 'model_version': 'gemma4:12b-mlx', 'prompt_hash': 'a6af280e'}"
5,real_mixed_18,gemma4:12b-mlx_baseline,538.4384529590607,55.4,0,direct_json,0.6923076923076923,0.75,0.7199999999999999,0.0,0,12.6,100.0,0.8,120.8,273.8,23046.0,64.3,15439.8,7296.8,"{'timestamp': '2026-09-06T05:28:00.219615+00:00', 'model_version': 'gemma4:12b-mlx', 'prompt_hash': 'a6af280e'}"
6,real_mixed_19,gemma4:12b-mlx_baseline,214.32961177825928,46.5,0,direct_json,0.9,0.9,0.9,0.0,0,13.0,66.7,1.6,133.6,273.8,22749.0,70.4,10081.3,7296.8,"{'timestamp': '2026-09-06T05:22:36.110733+00:00', 'model_version': 'gemma4:12b-mlx', 'prompt_hash': 'a6af280e'}"
6,real_mixed_20,gemma4:12b-mlx_baseline,451.55859994888306,52.9,0,direct_json,0.6153846153846154,0.5,0.5517241379310345,0.0,0,14.0,66.3,1.2,123.2,273.8,22943.6,65.6,13578.0,7296.8,"{'timestamp': '2026-09-06T05:26:33.341267+00:00', 'model_version': 'gemma4:12b-mlx', 'prompt_hash': 'a6af280e'}"
6,real_mixed_21,gemma4:12b-mlx_baseline,845.212161064148,52.66,0,direct_json,0.7272727272727273,0.5714285714285714,0.64,0.0,0,12.0,69.3,0.8,115.9,273.8,23852.3,67.2,16021.0,7296.8,"{'timestamp': '2026-09-06T05:33:06.988741+00:00', 'model_version': 'gemma4:12b-mlx', 'prompt_hash': 'a6af280e'}"
3,real_mixed_10,gemma4:12b-mlx_baseline,893.5682430267334,44.73,0,fallback,1.0,0.0,0.0,0.0,0,17.8,100.0,0.9,114.3,273.8,23654.4,68.2,16086.5,7296.8,"{'timestamp': '2026-09-06T05:33:55.331341+00:00', 'model_version': 'gemma4:12b-mlx', 'prompt_hash': 'a6af280e'}"
3,real_mixed_11,gemma4:12b-mlx_baseline,809.1309068202972,45.73,0,fallback,1.0,0.0,0.0,0.0,0,17.4,100.0,0.9,116.6,273.8,24019.1,66.4,16021.0,7296.8,"{'timestamp': '2026-09-06T05:32:30.901536+00:00', 'model_version': 'gemma4:12b-mlx', 'prompt_hash': 'a6af280e'}"
3,real_mixed_12,gemma4:12b-mlx_baseline,184.91037321090698,48.03,0,direct_json,0.5833333333333334,1.0,0.7368421052631579,0.0,0,12.2,66.2,2.6,136.3,273.8,22904.9,69.3,8976.8,7296.8,"{'timestamp': '2026-09-06T05:22:06.675226+00:00', 'model_version': 'gemma4:12b-mlx', 'prompt_hash': 'a6af280e'}"
4,real_mixed_13,gemma4:12b-mlx_baseline,519.9695708751678,50.82,0,fallback,1.0,0.0,0.0,0.0,0,12.1,100.0,1.2,121.3,273.8,22955.7,64.4,14775.8,7296.8,"{'timestamp': '2026-09-06T05:27:41.751309+00:00', 'model_version': 'gemma4:12b-mlx', 'prompt_hash': 'a6af280e'}"
4,real_mixed_14,gemma4:12b-mlx_baseline,758.3461799621582,30.74,0,fallback,1.0,0.0,0.0,0.0,0,13.5,100.0,1.2,118.7,273.8,23915.5,65.6,15806.0,7296.8,"{'timestamp': '2026-09-06T05:31:40.119310+00:00', 'model_version': 'gemma4:12b-mlx', 'prompt_hash': 'a6af280e'}"
4,real_mixed_15,gemma4:12b-mlx_baseline,938.863655090332,49.31,0,fallback,1.0,0.0,0.0,0.0,0,12.2,100.0,0.9,114.6,273.8,23635.5,67.5,16098.5,7296.8,"{'timestamp': '2026-09-06T05:34:40.624983+00:00', 'model_version': 'gemma4:12b-mlx', 'prompt_hash': 'a6af280e'}"
7,real_mixed_22,gemma4:12b-mlx_baseline,156.10847425460815,34.83,0,fallback,1.0,1.0,1.0,0.0,0,12.2,66.2,2.6,144.9,273.8,23377.2,69.1,8397.5,7296.8,"{'timestamp': '2026-09-06T05:21:37.873975+00:00', 'model_version': 'gemma4:12b-mlx', 'prompt_hash': 'a6af280e'}"
7,real_mixed_23,gemma4:12b-mlx_baseline,687.5395112037659,52.68,0,fallback,1.0,0.0,0.0,0.0,0,11.8,69.3,1.2,118.4,273.8,23120.3,64.5,15980.0,7296.8,"{'timestamp': '2026-09-06T05:30:29.312282+00:00', 'model_version': 'gemma4:12b-mlx', 'prompt_hash': 'a6af280e'}"
7,real_mixed_24,gemma4:12b-mlx_baseline,965.9501359462738,46.2,0,direct_json,0.5,0.5714285714285714,0.5333333333333333,0.0,0,17.2,100.0,0.9,114.9,273.8,23782.0,67.4,15932.0,7296.8,"{'timestamp': '2026-09-06T05:35:07.715274+00:00', 'model_version': 'gemma4:12b-mlx', 'prompt_hash': 'a6af280e'}"
8,real_mixed_25,gemma4:12b-mlx_baseline,683.0584077835083,47.65,0,fallback,1.0,0.0,0.0,0.0,0,15.5,100.0,0.8,109.4,131.6,24173.8,66.3,16018.8,7296.8,"{'timestamp': '2026-09-06T05:36:35.950303+00:00', 'model_version': 'gemma4:12b-mlx', 'prompt_hash': 'a6af280e'}"
8,real_mixed_26,gemma4:12b-mlx_baseline,724.6169030666351,53.34,0,fallback,1.0,0.0,0.0,0.0,0,15.1,100.0,0.8,109.6,131.6,24259.9,66.7,16018.8,7296.8,"{'timestamp': '2026-09-06T05:37:17.532251+00:00', 'model_version': 'gemma4:12b-mlx', 'prompt_hash': 'a6af280e'}"
8,real_mixed_27,gemma4:12b-mlx_baseline,637.8134150505066,54.19,0,fallback,1.0,0.0,0.0,0.0,0,18.4,80.7,0.8,110.7,131.1,24387.5,66.9,16046.8,7296.8,"{'timestamp': '2026-09-06T05:35:50.712503+00:00', 'model_version': 'gemma4:12b-mlx', 'prompt_hash': 'a6af280e'}"
9,real_mixed_28,gemma4:12b-mlx_baseline,655.4356210231781,47.69,0,direct_json,0.75,0.8,0.7741935483870969,0.0,0,13.0,100.0,0.9,108.0,131.6,23991.2,67.2,15866.8,7296.8,"{'timestamp': '2026-09-06T05:39:18.143421+00:00', 'model_version': 'gemma4:12b-mlx', 'prompt_hash': 'a6af280e'}"
9,real_mixed_29,gemma4:12b-mlx_baseline,625.6662697792053,47.51,0,fallback,1.0,0.0,0.0,0.0,0,11.9,69.3,1.0,107.9,131.6,24088.1,67.6,15888.8,7296.8,"{'timestamp': '2026-09-06T05:38:48.374307+00:00', 'model_version': 'gemma4:12b-mlx', 'prompt_hash': 'a6af280e'}"
9,real_mixed_30,gemma4:12b-mlx_baseline,580.8753657341003,47.1,0,fallback,1.0,0.0,0.0,0.0,0,11.8,70.7,0.9,109.3,131.6,24324.4,68.2,15972.3,7296.8,"{'timestamp': '2026-09-06T05:38:03.571163+00:00', 'model_version': 'gemma4:12b-mlx', 'prompt_hash': 'a6af280e'}"
10,real_mixed_31,gemma4:12b-mlx_baseline,659.5488631725311,44.44,0,fallback,1.0,0.0,0.0,0.0,0,11.9,80.0,0.9,107.8,131.6,23935.4,66.9,15725.6,7296.8,"{'timestamp': '2026-09-06T05:40:06.877837+00:00', 'model_version': 'gemma4:12b-mlx', 'prompt_hash': 'a6af280e'}"
10,real_mixed_32,gemma4:12b-mlx_baseline,760.7973048686981,44.68,0,fallback,1.0,0.0,0.0,0.0,0,11.7,70.6,0.9,106.8,131.6,24129.1,67.1,15849.9,7296.8,"{'timestamp': '2026-09-06T05:41:48.130787+00:00', 'model_version': 'gemma4:12b-mlx', 'prompt_hash': 'a6af280e'}"
10,real_mixed_33,gemma4:12b-mlx_baseline,713.4740591049194,39.35,0,fallback,1.0,0.0,0.0,0.0,0,13.4,83.2,0.9,108.1,131.6,24196.2,67.0,15972.8,7296.8,"{'timestamp': '2026-09-06T05:41:00.825852+00:00', 'model_version': 'gemma4:12b-mlx', 'prompt_hash': 'a6af280e'}"
11,real_mixed_34,gemma4:12b-mlx_baseline,816.8796598911285,43.64,0,fallback,1.0,0.0,0.0,0.0,0,12.9,100.0,0.9,108.4,131.6,23938.7,68.0,15796.9,7296.8,"{'timestamp': '2026-09-06T05:43:25.121687+00:00', 'model_version': 'gemma4:12b-mlx', 'prompt_hash': 'a6af280e'}"
11,real_mixed_35,gemma4:12b-mlx_baseline,767.4538731575012,45.79,0,fallback,1.0,0.0,0.0,0.0,0,13.5,100.0,1.0,108.7,131.6,24160.4,67.0,15796.9,7296.8,"{'timestamp': '2026-09-06T05:42:35.702437+00:00', 'model_version': 'gemma4:12b-mlx', 'prompt_hash': 'a6af280e'}"
11,real_mixed_36,gemma4:12b-mlx_baseline,849.4219179153442,50.65,0,direct_json,0.6,0.5714285714285714,0.5853658536585366,0.0,0,12.9,100.0,0.9,108.7,131.6,23920.2,68.1,15760.2,7296.8,"{'timestamp': '2026-09-06T05:43:57.671001+00:00', 'model_version': 'gemma4:12b-mlx', 'prompt_hash': 'a6af280e'}"
12,real_mixed_37,gemma4:12b-mlx_baseline,697.1629478931427,46.31,0,fallback,1.0,0.0,0.0,0.0,0,13.2,100.0,1.0,108.5,131.6,22857.6,65.8,15995.2,7296.8,"{'timestamp': '2026-09-06T05:44:44.189207+00:00', 'model_version': 'gemma4:12b-mlx', 'prompt_hash': 'a6af280e'}"
12,real_mixed_38,gemma4:12b-mlx_baseline,739.6970670223236,51.01,0,fallback,1.0,0.0,0.0,0.0,0,15.3,91.9,1.0,109.5,131.6,22843.6,65.6,16037.9,7296.8,"{'timestamp': '2026-09-06T05:45:26.723813+00:00', 'model_version': 'gemma4:12b-mlx', 'prompt_hash': 'a6af280e'}"
12,real_mixed_39,gemma4:12b-mlx_baseline,772.4128501415253,49.44,0,direct_json,0.6666666666666666,0.8571428571428571,0.75,0.0,0,15.0,100.0,1.0,110.1,131.6,22811.6,65.8,16010.1,7296.8,"{'timestamp': '2026-09-06T05:45:59.431776+00:00', 'model_version': 'gemma4:12b-mlx', 'prompt_hash': 'a6af280e'}"
13,real_mixed_40,gemma4:12b-mlx_baseline,829.8753190040588,42.17,0,fallback,1.0,0.0,0.0,0.0,0,13.2,100.0,1.0,111.9,131.6,22967.4,65.2,15798.1,7296.8,"{'timestamp': '2026-09-06T05:47:45.237725+00:00', 'model_version': 'gemma4:12b-mlx', 'prompt_hash': 'a6af280e'}"
13,real_mixed_41,gemma4:12b-mlx_baseline,779.141028881073,47.96,0,direct_json,0.75,0.6666666666666666,0.7058823529411765,0.0,0,13.2,68.9,1.1,112.2,131.6,22914.8,65.1,16147.6,7296.8,"{'timestamp': '2026-09-06T05:46:54.513933+00:00', 'model_version': 'gemma4:12b-mlx', 'prompt_hash': 'a6af280e'}"
13,real_mixed_42,gemma4:12b-mlx_baseline,753.3252670764923,56.01,0,direct_json,0.6521739130434783,0.625,0.6382978723404256,0.0,0,13.6,92.0,1.0,112.2,131.6,22973.6,64.5,16147.6,7296.8,"{'timestamp': '2026-09-06T05:46:28.697487+00:00', 'model_version': 'gemma4:12b-mlx', 'prompt_hash': 'a6af280e'}"
14,real_mixed_43,gemma4:12b-mlx_baseline,918.3641920089722,48.95,0,fallback,1.0,0.0,0.0,0.0,0,12.7,80.0,1.0,111.0,131.6,23007.9,64.8,15904.9,7296.8,"{'timestamp': '2026-09-06T05:49:59.017914+00:00', 'model_version': 'gemma4:12b-mlx', 'prompt_hash': 'a6af280e'}"
14,real_mixed_44,gemma4:12b-mlx_baseline,869.1160440444946,55.74,0,fallback,1.0,0.0,0.0,0.0,0,14.7,87.5,1.0,110.7,131.6,22971.4,65.5,15951.1,7296.8,"{'timestamp': '2026-09-06T05:49:09.771486+00:00', 'model_version': 'gemma4:12b-mlx', 'prompt_hash': 'a6af280e'}"
14,real_mixed_45,gemma4:12b-mlx_baseline,829.7696170806885,47.73,0,fallback,1.0,0.5,0.6666666666666666,0.0,0,13.1,100.0,1.0,110.5,131.6,22849.7,65.9,15889.4,7296.8,"{'timestamp': '2026-09-06T05:48:30.426469+00:00', 'model_version': 'gemma4:12b-mlx', 'prompt_hash': 'a6af280e'}"
15,real_mixed_46,gemma4:12b-mlx_baseline,943.4103548526764,40.54,0,fallback,1.0,0.0,0.0,0.0,0,15.5,100.0,1.0,111.5,131.6,23140.2,65.1,16016.7,7296.8,"{'timestamp': '2026-09-06T05:50:51.153687+00:00', 'model_version': 'gemma4:12b-mlx', 'prompt_hash': 'a6af280e'}"
15,real_mixed_47,gemma4:12b-mlx_baseline,1043.649041891098,47.88,0,fallback,1.0,0.0,0.0,0.0,0,15.6,100.0,1.0,109.2,131.6,23254.9,66.4,15896.6,7296.8,"{'timestamp': '2026-09-06T05:52:31.408200+00:00', 'model_version': 'gemma4:12b-mlx', 'prompt_hash': 'a6af280e'}"
15,real_mixed_48,gemma4:12b-mlx_baseline,998.9186289310455,35.88,0,direct_json,0.4,0.6666666666666666,0.5,0.0,0,13.5,89.1,1.0,110.2,131.6,23320.4,65.8,15949.4,7296.8,"{'timestamp': '2026-09-06T05:51:46.654360+00:00', 'model_version': 'gemma4:12b-mlx', 'prompt_hash': 'a6af280e'}"
16,real_mixed_49,gemma4:12b-mlx_baseline,1030.4665989875793,53.91,0,direct_json,0.6,0.6428571428571429,0.6206896551724138,0.0,0,13.1,100.0,1.0,109.0,129.2,23113.2,66.0,15943.1,7296.8,"{'timestamp': '2026-09-06T05:54:28.028524+00:00', 'model_version': 'gemma4:12b-mlx', 'prompt_hash': 'a6af280e'}"
16,real_mixed_50,gemma4:12b-mlx_baseline,960.6709420681,45.76,0,fallback,1.0,0.0,0.0,0.0,0,13.5,100.0,1.0,108.8,129.2,23131.1,67.1,15928.1,7296.8,"{'timestamp': '2026-09-06T05:53:18.226264+00:00', 'model_version': 'gemma4:12b-mlx', 'prompt_hash': 'a6af280e'}"
16,real_mixed_51,gemma4:12b-mlx_baseline,1005.3601729869843,47.97,0,fallback,1.0,0.0,0.0,0.0,0,15.4,85.7,1.0,108.8,129.2,23119.7,66.4,15920.4,7296.8,"{'timestamp': '2026-09-06T05:54:02.912581+00:00', 'model_version': 'gemma4:12b-mlx', 'prompt_hash': 'a6af280e'}"
17,real_mixed_52,gemma4:12b-mlx_baseline,1000.960371017456,51.51,0,fallback,1.0,0.0,0.0,0.0,0,14.3,85.6,1.0,108.9,129.2,23245.6,66.0,15834.7,7296.8,"{'timestamp': '2026-09-06T05:55:59.166233+00:00', 'model_version': 'gemma4:12b-mlx', 'prompt_hash': 'a6af280e'}"
17,real_mixed_53,gemma4:12b-mlx_baseline,935.9458770751953,48.61,0,direct_json,0.3125,0.8333333333333334,0.45454545454545453,0.0,0,13.0,100.0,1.0,109.0,129.2,23244.6,66.7,15871.1,7296.8,"{'timestamp': '2026-09-06T05:54:54.133700+00:00', 'model_version': 'gemma4:12b-mlx', 'prompt_hash': 'a6af280e'}"
17,real_mixed_54,gemma4:12b-mlx_baseline,959.0365259647369,44.41,0,direct_json,0.3333333333333333,0.5,0.4,0.0,0,12.1,85.6,1.0,109.0,129.2,23274.4,66.6,15908.4,7296.8,"{'timestamp': '2026-09-06T05:55:17.223261+00:00', 'model_version': 'gemma4:12b-mlx', 'prompt_hash': 'a6af280e'}"
18,real_mixed_55,gemma4:12b-mlx_baseline,934.217365026474,52.52,0,direct_json,0.2631578947368421,0.5555555555555556,0.35714285714285715,0.0,0,12.2,85.6,1.0,111.1,130.3,23144.0,65.3,16035.9,7296.8,"{'timestamp': '2026-09-06T05:57:22.393416+00:00', 'model_version': 'gemma4:12b-mlx', 'prompt_hash': 'a6af280e'}"
18,real_mixed_56,gemma4:12b-mlx_baseline,898.3441889286041,46.52,0,fallback,1.0,0.0,0.0,0.0,0,12.5,85.6,1.0,110.3,130.0,23083.8,65.7,15885.9,7296.8,"{'timestamp': '2026-09-06T05:56:46.518291+00:00', 'model_version': 'gemma4:12b-mlx', 'prompt_hash': 'a6af280e'}"
18,real_mixed_57,gemma4:12b-mlx_baseline,977.6676380634308,48.68,0,fallback,1.0,0.0,0.0,0.0,0,11.9,85.6,1.0,111.3,130.4,23151.9,65.2,15991.4,7296.8,"{'timestamp': '2026-09-06T05:58:05.842243+00:00', 'model_version': 'gemma4:12b-mlx', 'prompt_hash': 'a6af280e'}"
19,real_mixed_58,gemma4:12b-mlx_baseline,894.342226266861,45.89,0,fallback,1.0,0.0,0.0,0.0,0,17.2,100.0,1.1,110.0,130.4,23234.3,64.7,15991.4,7296.8,"{'timestamp': '2026-09-06T05:58:52.038666+00:00', 'model_version': 'gemma4:12b-mlx', 'prompt_hash': 'a6af280e'}"
19,real_mixed_59,gemma4:12b-mlx_baseline,954.1106441020966,53.89,0,fallback,1.0,0.0,0.0,0.0,0,17.9,100.0,1.0,110.0,130.4,23239.9,64.0,15909.6,7296.8,"{'timestamp': '2026-09-06T05:59:51.814439+00:00', 'model_version': 'gemma4:12b-mlx', 'prompt_hash': 'a6af280e'}"
19,real_mixed_60,gemma4:12b-mlx_baseline,912.0367820262909,54.68,0,direct_json,0.8181818181818182,0.6923076923076923,0.7500000000000001,0.0,0,12.7,86.4,1.0,110.0,130.4,23244.5,64.5,15928.9,7296.8,"{'timestamp': '2026-09-06T05:59:09.741604+00:00', 'model_version': 'gemma4:12b-mlx', 'prompt_hash': 'a6af280e'}"
20,real_mixed_61,gemma4:12b-mlx_baseline,877.9039740562439,53.19,0,fallback,1.0,0.0,0.0,0.0,0,13.5,86.4,1.0,109.6,130.4,23624.8,63.3,16030.6,7296.8,"{'timestamp': '2026-09-06T06:00:37.386960+00:00', 'model_version': 'gemma4:12b-mlx', 'prompt_hash': 'a6af280e'}"
20,real_mixed_62,gemma4:12b-mlx_baseline,983.7107048034668,49.5,0,fallback,1.0,0.0,0.0,0.0,0,11.3,86.4,1.0,108.5,130.4,23834.0,64.1,16069.1,7296.8,"{'timestamp': '2026-09-06T06:02:23.175624+00:00', 'model_version': 'gemma4:12b-mlx', 'prompt_hash': 'a6af280e'}"
20,real_mixed_63,gemma4:12b-mlx_baseline,939.7959082126617,33.9,0,fallback,1.0,0.0,0.0,0.0,0,16.9,100.0,1.0,108.2,130.4,23914.0,63.7,16010.1,7296.8,"{'timestamp': '2026-09-06T06:01:39.257941+00:00', 'model_version': 'gemma4:12b-mlx', 'prompt_hash': 'a6af280e'}"
21,real_mixed_64,gemma4:12b-mlx_baseline,901.0573329925537,43.28,0,direct_json,0.2,1.0,0.33333333333333337,0.0,0,11.4,86.4,0.9,107.7,130.4,23879.5,63.7,16051.3,7296.8,"{'timestamp': '2026-09-06T06:02:46.310844+00:00', 'model_version': 'gemma4:12b-mlx', 'prompt_hash': 'a6af280e'}"
21,real_mixed_65,gemma4:12b-mlx_baseline,987.6626901626587,48.68,0,direct_json,0.4444444444444444,0.5,0.47058823529411764,0.0,0,16.4,100.0,0.9,108.1,130.4,23925.3,63.4,15952.3,7296.8,"{'timestamp': '2026-09-06T06:04:12.931841+00:00', 'model_version': 'gemma4:12b-mlx', 'prompt_hash': 'a6af280e'}"
21,real_mixed_66,gemma4:12b-mlx_baseline,945.8785879611969,48.08,0,fallback,1.0,0.0,0.0,0.0,0,11.4,86.4,0.9,107.7,130.4,23795.6,63.5,15958.6,7296.8,"{'timestamp': '2026-09-06T06:03:31.148277+00:00', 'model_version': 'gemma4:12b-mlx', 'prompt_hash': 'a6af280e'}"
22,real_mixed_67,gemma4:12b-mlx_baseline,972.184889793396,47.39,0,fallback,1.0,0.0,0.0,0.0,0,11.1,86.4,0.9,109.9,130.4,24075.8,63.6,16038.9,7296.8,"{'timestamp': '2026-09-06T06:06:11.242193+00:00', 'model_version': 'gemma4:12b-mlx', 'prompt_hash': 'a6af280e'}"
22,real_mixed_68,gemma4:12b-mlx_baseline,885.2689552307129,49.76,0,direct_json,0.6,0.6923076923076923,0.6428571428571429,0.0,0,19.9,89.7,0.9,108.0,130.4,24008.8,63.9,15795.8,7296.8,"{'timestamp': '2026-09-06T06:04:44.320816+00:00', 'model_version': 'gemma4:12b-mlx', 'prompt_hash': 'a6af280e'}"
22,real_mixed_69,gemma4:12b-mlx_baseline,926.0584897994995,52.69,0,fallback,1.0,0.0,0.0,0.0,0,11.2,86.4,0.9,108.9,130.4,24033.1,63.8,16051.0,7296.8,"{'timestamp': '2026-09-06T06:05:25.112861+00:00', 'model_version': 'gemma4:12b-mlx', 'prompt_hash': 'a6af280e'}"
23,real_mixed_70,gemma4:12b-mlx_baseline,960.5644178390503,47.45,0,fallback,1.0,0.0,0.0,0.0,0,15.8,100.0,0.9,112.3,132.0,23597.9,61.8,15961.5,7296.8,"{'timestamp': '2026-09-06T06:08:32.041247+00:00', 'model_version': 'gemma4:12b-mlx', 'prompt_hash': 'a6af280e'}"
23,real_mixed_71,gemma4:12b-mlx_baseline,915.2867162227631,45.26,0,fallback,1.0,0.0,0.0,0.0,0,12.4,100.0,0.9,113.4,131.9,23743.0,61.5,15938.0,7296.8,"{'timestamp': '2026-09-06T06:07:46.766128+00:00', 'model_version': 'gemma4:12b-mlx', 'prompt_hash': 'a6af280e'}"
23,real_mixed_72,gemma4:12b-mlx_baseline,867.2305591106415,45.56,0,fallback,1.0,0.0,0.0,0.0,0,15.1,100.0,0.9,112.4,130.4,23717.7,61.4,16039.9,7296.8,"{'timestamp': '2026-09-06T06:06:58.701993+00:00', 'model_version': 'gemma4:12b-mlx', 'prompt_hash': 'a6af280e'}"
24,real_mixed_73,gemma4:12b-mlx_baseline,921.5343019962311,52.97,0,direct_json,0.9166666666666666,0.7333333333333333,0.8148148148148148,0.0,0,10.9,86.4,0.9,111.7,132.0,23665.0,63.8,15916.0,7296.8,"{'timestamp': '2026-09-06T06:09:49.596223+00:00', 'model_version': 'gemma4:12b-mlx', 'prompt_hash': 'a6af280e'}"
24,real_mixed_74,gemma4:12b-mlx_baseline,899.2037708759308,39.12,0,fallback,1.0,0.0,0.0,0.0,0,10.9,86.4,0.9,111.7,132.0,23598.7,63.7,15961.5,7296.8,"{'timestamp': '2026-09-06T06:09:27.256987+00:00', 'model_version': 'gemma4:12b-mlx', 'prompt_hash': 'a6af280e'}"
24,real_mixed_75,gemma4:12b-mlx_baseline,955.1016118526459,43.93,0,direct_json,0.4,0.6666666666666666,0.5,0.0,0,14.8,100.0,0.9,110.8,132.0,23598.3,64.3,15976.6,7296.8,"{'timestamp': '2026-09-06T06:10:23.147957+00:00', 'model_version': 'gemma4:12b-mlx', 'prompt_hash': 'a6af280e'}"
25,real_mixed_76,gemma4:12b-mlx_baseline,1011.1823837757111,42.25,0,direct_json,0.0,1.0,0.0,0.0,0,12.7,100.0,0.9,110.0,132.0,23982.4,65.1,15761.6,7296.8,"{'timestamp': '2026-09-06T06:12:50.368548+00:00', 'model_version': 'gemma4:12b-mlx', 'prompt_hash': 'a6af280e'}"
25,real_mixed_77,gemma4:12b-mlx_baseline,964.7754921913147,46.35,0,direct_json,0.6521739130434783,0.75,0.6976744186046512,0.0,0,14.4,100.0,0.9,111.1,132.0,24083.0,65.0,16088.0,7296.8,"{'timestamp': '2026-09-06T06:12:03.984729+00:00', 'model_version': 'gemma4:12b-mlx', 'prompt_hash': 'a6af280e'}"
25,real_mixed_78,gemma4:12b-mlx_baseline,922.4740078449249,38.63,0,fallback,1.0,0.0,0.0,0.0,0,11.5,100.0,0.9,112.1,132.0,23958.6,65.0,16107.9,7296.8,"{'timestamp': '2026-09-06T06:11:21.669516+00:00', 'model_version': 'gemma4:12b-mlx', 'prompt_hash': 'a6af280e'}"
26,real_mixed_79,gemma4:12b-mlx_baseline,952.3079171180725,33.07,0,fallback,1.0,0.0,0.0,0.0,0,12.7,100.0,1.0,109.2,132.0,24457.1,66.2,16073.9,7296.8,"{'timestamp': '2026-09-06T06:13:58.173087+00:00', 'model_version': 'gemma4:12b-mlx', 'prompt_hash': 'a6af280e'}"
26,real_mixed_80,gemma4:12b-mlx_baseline,993.9946420192719,54.79,0,fallback,1.0,0.0,0.0,0.0,0,12.6,100.0,1.0,109.9,132.0,24644.2,66.1,16131.4,7296.8,"{'timestamp': '2026-09-06T06:14:39.878963+00:00', 'model_version': 'gemma4:12b-mlx', 'prompt_hash': 'a6af280e'}"
26,real_mixed_81,gemma4:12b-mlx_baseline,1038.5675582885742,47.56,0,fallback,1.0,0.0,0.0,0.0,0,12.4,97.2,0.9,108.9,132.0,24504.0,66.1,15865.7,7296.8,"{'timestamp': '2026-09-06T06:15:24.439762+00:00', 'model_version': 'gemma4:12b-mlx', 'prompt_hash': 'a6af280e'}"
27,real_mixed_82,gemma4:12b-mlx_baseline,1006.9774389266968,49.56,0,fallback,1.0,0.0,0.0,0.0,0,14.2,100.0,0.9,110.3,132.0,24575.9,66.1,15781.8,7296.8,"{'timestamp': '2026-09-06T06:16:38.832400+00:00', 'model_version': 'gemma4:12b-mlx', 'prompt_hash': 'a6af280e'}"
27,real_mixed_83,gemma4:12b-mlx_baseline,1024.5195226669312,48.68,0,direct_json,0.7272727272727273,0.8,0.761904761904762,0.0,0,15.5,100.0,1.0,110.3,132.0,24575.7,66.2,15781.8,7296.8,"{'timestamp': '2026-09-06T06:16:56.367184+00:00', 'model_version': 'gemma4:12b-mlx', 'prompt_hash': 'a6af280e'}"
27,real_mixed_84,gemma4:12b-mlx_baseline,962.3214058876038,45.95,0,direct_json,0.8,0.8888888888888888,0.8421052631578948,0.0,0,16.1,100.0,1.0,110.1,132.0,24670.4,66.5,15865.7,7296.8,"{'timestamp': '2026-09-06T06:15:54.195187+00:00', 'model_version': 'gemma4:12b-mlx', 'prompt_hash': 'a6af280e'}"
28,real_mixed_85,gemma4:12b-mlx_baseline,979.4884707927704,49.77,0,direct_json,0.6666666666666666,0.75,0.7058823529411765,0.0,0,14.0,100.0,0.9,112.5,132.0,24506.8,65.2,15788.5,7296.8,"{'timestamp': '2026-09-06T06:18:42.685170+00:00', 'model_version': 'gemma4:12b-mlx', 'prompt_hash': 'a6af280e'}"
28,real_mixed_86,gemma4:12b-mlx_baseline,945.4343402385712,52.73,0,direct_json,0.7692307692307693,0.7692307692307693,0.7692307692307693,0.0,0,15.0,100.0,1.0,112.0,132.0,24373.5,65.3,15858.7,7296.8,"{'timestamp': '2026-09-06T06:18:08.640636+00:00', 'model_version': 'gemma4:12b-mlx', 'prompt_hash': 'a6af280e'}"
28,real_mixed_87,gemma4:12b-mlx_baseline,918.6106340885162,48.4,0,fallback,0.5714285714285714,0.7272727272727273,0.64,0.0,0,14.7,100.0,0.9,111.7,132.0,24226.9,65.4,15935.5,7296.8,"{'timestamp': '2026-09-06T06:17:41.808714+00:00', 'model_version': 'gemma4:12b-mlx', 'prompt_hash': 'a6af280e'}"
29,real_mixed_88,gemma4:12b-mlx_baseline,953.5846021175385,48.5,0,direct_json,0.375,0.75,0.5,0.0,0,13.1,100.0,1.0,112.6,132.0,24460.0,65.2,15763.2,7296.8,"{'timestamp': '2026-09-06T06:20:06.539119+00:00', 'model_version': 'gemma4:12b-mlx', 'prompt_hash': 'a6af280e'}"
29,real_mixed_89,gemma4:12b-mlx_baseline,934.0857038497925,44.42,0,direct_json,0.6,0.46153846153846156,0.5217391304347826,0.0,0,15.7,86.3,1.0,112.9,132.0,24482.5,65.0,15763.2,7296.8,"{'timestamp': '2026-09-06T06:19:47.052013+00:00', 'model_version': 'gemma4:12b-mlx', 'prompt_hash': 'a6af280e'}"
29,real_mixed_90,gemma4:12b-mlx_baseline,915.8036448955536,47.13,0,fallback,1.0,0.0,0.0,0.0,0,13.2,100.0,1.0,112.8,132.0,24491.7,65.0,15766.6,7296.8,"{'timestamp': '2026-09-06T06:19:28.768731+00:00', 'model_version': 'gemma4:12b-mlx', 'prompt_hash': 'a6af280e'}"
30,real_mixed_91,gemma4:12b-mlx_baseline,887.9022741317749,41.69,0,direct_json,0.6666666666666666,0.8333333333333334,0.7407407407407408,0.0,0,14.4,100.0,1.0,112.0,132.0,24643.0,65.7,15909.0,7296.8,"{'timestamp': '2026-09-06T06:20:59.179491+00:00', 'model_version': 'gemma4:12b-mlx', 'prompt_hash': 'a6af280e'}"
30,real_mixed_92,gemma4:12b-mlx_baseline,953.1873297691345,46.94,0,direct_json,0.4375,0.4666666666666667,0.45161290322580644,0.0,0,14.1,100.0,1.0,110.8,132.0,24723.2,66.4,16057.8,7296.8,"{'timestamp': '2026-09-06T06:22:04.463662+00:00', 'model_version': 'gemma4:12b-mlx', 'prompt_hash': 'a6af280e'}"
30,real_mixed_93,gemma4:12b-mlx_baseline,931.890439748764,35.08,0,direct_json,0.6,0.9,0.7200000000000001,0.0,0,16.5,100.0,1.0,110.9,132.0,24679.6,66.1,16057.8,7296.8,"{'timestamp': '2026-09-06T06:21:43.161703+00:00', 'model_version': 'gemma4:12b-mlx', 'prompt_hash': 'a6af280e'}"
31,real_mixed_94,gemma4:12b-mlx_baseline,857.9997482299805,48.4,0,fallback,1.0,0.0,0.0,0.0,0,15.8,100.0,1.0,110.2,128.7,24856.0,67.0,15894.8,7296.8,"{'timestamp': '2026-09-06T06:22:50.083354+00:00', 'model_version': 'gemma4:12b-mlx', 'prompt_hash': 'a6af280e'}"
31,real_mixed_95,gemma4:12b-mlx_baseline,946.138179063797,44.12,0,direct_json,0.2222222222222222,1.0,0.3636363636363636,0.0,0,17.2,100.0,0.9,110.7,128.7,24465.1,66.9,15832.9,7296.8,"{'timestamp': '2026-09-06T06:24:18.215604+00:00', 'model_version': 'gemma4:12b-mlx', 'prompt_hash': 'a6af280e'}"
31,real_mixed_96,gemma4:12b-mlx_baseline,902.0237321853638,48.74,0,fallback,1.0,0.0,0.0,0.0,0,16.4,100.0,1.0,110.4,128.7,24616.1,66.7,16043.4,7296.8,"{'timestamp': '2026-09-06T06:23:34.095241+00:00', 'model_version': 'gemma4:12b-mlx', 'prompt_hash': 'a6af280e'}"
32,real_mixed_97,gemma4:12b-mlx_baseline,880.9681930541992,46.18,0,fallback,1.0,0.0,0.0,0.0,0,13.2,86.2,1.0,113.3,128.7,24611.6,65.2,15814.2,7296.8,"{'timestamp': '2026-09-06T06:25:04.194952+00:00', 'model_version': 'gemma4:12b-mlx', 'prompt_hash': 'a6af280e'}"
32,real_mixed_98,gemma4:12b-mlx_baseline,946.3156201839447,49.68,0,fallback,1.0,0.0,0.0,0.0,0,13.0,86.2,1.0,112.8,128.7,24474.9,64.4,16051.0,7296.8,"{'timestamp': '2026-09-06T06:26:09.555094+00:00', 'model_version': 'gemma4:12b-mlx', 'prompt_hash': 'a6af280e'}"
32,real_mixed_99,gemma4:12b-mlx_baseline,902.6672282218933,49.19,0,direct_json,0.2222222222222222,1.0,0.3636363636363636,0.0,0,12.0,86.2,1.0,112.9,128.7,24618.3,65.1,15743.2,7296.8,"{'timestamp': '2026-09-06T06:25:25.880651+00:00', 'model_version': 'gemma4:12b-mlx', 'prompt_hash': 'a6af280e'}"
33,real_mixed_100,gemma4:12b-mlx_baseline,882.3564100265503,53.53,0,direct_json,0.2,0.5714285714285714,0.29629629629629634,0.0,0,13.5,100.0,1.0,113.7,128.7,23994.3,64.6,15754.7,7296.8,"{'timestamp': '2026-09-06T06:27:32.780173+00:00', 'model_version': 'gemma4:12b-mlx', 'prompt_hash': 'a6af280e'}"
33,real_mixed_101,gemma4:12b-mlx_baseline,851.3717150688171,47.45,0,fallback,1.0,0.0,0.0,0.0,0,13.0,71.6,1.0,113.8,128.7,24084.1,65.0,15802.7,7296.8,"{'timestamp': '2026-09-06T06:27:01.800353+00:00', 'model_version': 'gemma4:12b-mlx', 'prompt_hash': 'a6af280e'}"
33,real_mixed_102,gemma4:12b-mlx_baseline,806.8199408054352,56.45,0,direct_json,0.0,1.0,0.0,0.0,0,14.0,71.6,1.0,114.9,128.7,24212.3,64.2,15802.7,7296.8,"{'timestamp': '2026-09-06T06:26:17.234010+00:00', 'model_version': 'gemma4:12b-mlx', 'prompt_hash': 'a6af280e'}"
34,real_mixed_103,gemma4:12b-mlx_baseline,772.2087919712067,47.73,0,fallback,1.0,1.0,1.0,0.0,0,11.7,100.0,0.9,112.5,127.7,23240.8,63.8,15683.2,7296.8,"{'timestamp': '2026-09-06T06:28:16.669831+00:00', 'model_version': 'gemma4:12b-mlx', 'prompt_hash': 'a6af280e'}"
34,real_mixed_104,gemma4:12b-mlx_baseline,800.6563169956207,44.9,0,direct_json,0.2777777777777778,0.5,0.35714285714285715,0.0,0,12.0,71.6,0.9,112.3,127.7,23235.9,64.2,15683.2,7296.8,"{'timestamp': '2026-09-06T06:28:45.125147+00:00', 'model_version': 'gemma4:12b-mlx', 'prompt_hash': 'a6af280e'}"
34,real_mixed_105,gemma4:12b-mlx_baseline,824.911080121994,53.09,0,direct_json,0.5333333333333333,0.8,0.64,0.0,0,12.3,100.0,0.9,112.2,127.7,23201.5,63.9,15705.7,7296.8,"{'timestamp': '2026-09-06T06:29:09.384516+00:00', 'model_version': 'gemma4:12b-mlx', 'prompt_hash': 'a6af280e'}"
35,real_mixed_106,gemma4:12b-mlx_baseline,800.8876497745514,40.2,0,direct_json,0.6666666666666666,1.0,0.8,0.0,0,13.5,100.0,0.9,111.3,127.7,23222.1,63.2,15900.6,7296.8,"{'timestamp': '2026-09-06T06:30:17.310126+00:00', 'model_version': 'gemma4:12b-mlx', 'prompt_hash': 'a6af280e'}"
35,real_mixed_107,gemma4:12b-mlx_baseline,859.114423751831,38.09,0,fallback,1.0,0.0,0.0,0.0,0,13.4,100.0,0.8,111.0,127.7,23475.2,63.3,15870.7,7296.8,"{'timestamp': '2026-09-06T06:31:15.541105+00:00', 'model_version': 'gemma4:12b-mlx', 'prompt_hash': 'a6af280e'}"
35,real_mixed_108,gemma4:12b-mlx_baseline,782.6314797401428,43.39,0,fallback,1.0,0.0,0.0,0.0,0,16.0,100.0,0.9,111.6,127.7,23198.0,62.9,15900.6,7296.8,"{'timestamp': '2026-09-06T06:29:59.058484+00:00', 'model_version': 'gemma4:12b-mlx', 'prompt_hash': 'a6af280e'}"
36,real_mixed_109,gemma4:12b-mlx_baseline,880.517745256424,51.13,0,fallback,1.0,0.0,0.0,0.0,0,14.3,100.0,0.8,107.3,127.7,23370.4,64.6,15860.1,7296.8,"{'timestamp': '2026-09-06T06:33:23.245207+00:00', 'model_version': 'gemma4:12b-mlx', 'prompt_hash': 'a6af280e'}"
36,real_mixed_110,gemma4:12b-mlx_baseline,837.5092651844025,53.1,0,fallback,1.0,0.0,0.0,0.0,0,14.8,100.0,0.8,107.8,127.7,23421.8,63.8,15860.1,7296.8,"{'timestamp': '2026-09-06T06:32:40.227662+00:00', 'model_version': 'gemma4:12b-mlx', 'prompt_hash': 'a6af280e'}"
36,real_mixed_111,gemma4:12b-mlx_baseline,796.5080070495605,39.67,0,direct_json,0.7428571428571429,0.8666666666666667,0.8,0.0,0,14.2,100.0,0.9,107.8,127.7,23334.5,64.2,15804.4,7296.8,"{'timestamp': '2026-09-06T06:31:59.236116+00:00', 'model_version': 'gemma4:12b-mlx', 'prompt_hash': 'a6af280e'}"
37,real_mixed_112,gemma4:12b-mlx_baseline,872.0959708690643,43.5,0,fallback,1.0,0.0,0.0,0.0,0,11.7,100.0,0.7,106.9,127.7,23174.8,65.5,15951.7,7296.8,"{'timestamp': '2026-09-06T06:34:38.701379+00:00', 'model_version': 'gemma4:12b-mlx', 'prompt_hash': 'a6af280e'}"
37,real_mixed_113,gemma4:12b-mlx_baseline,823.5109848976135,47.72,0,direct_json,0.7,0.7777777777777778,0.7368421052631577,0.0,0,11.5,100.0,0.8,106.8,127.7,23287.7,64.6,15951.7,7296.8,"{'timestamp': '2026-09-06T06:33:50.121845+00:00', 'model_version': 'gemma4:12b-mlx', 'prompt_hash': 'a6af280e'}"
37,real_mixed_114,gemma4:12b-mlx_baseline,917.1850600242615,48.67,0,fallback,1.0,0.0,0.0,0.0,0,14.3,100.0,0.7,106.8,127.7,23097.1,64.9,15794.1,7296.8,"{'timestamp': '2026-09-06T06:35:23.796142+00:00', 'model_version': 'gemma4:12b-mlx', 'prompt_hash': 'a6af280e'}"
38,real_mixed_115,gemma4:12b-mlx_baseline,831.7676191329956,48.02,0,direct_json,0.5,1.0,0.6666666666666666,0.0,0,13.4,100.0,0.7,106.1,125.9,22590.8,64.3,15635.3,7296.8,"{'timestamp': '2026-09-06T06:35:56.275568+00:00', 'model_version': 'gemma4:12b-mlx', 'prompt_hash': 'a6af280e'}"
38,real_mixed_116,gemma4:12b-mlx_baseline,913.135498046875,47.85,0,direct_json,0.5,1.0,0.6666666666666666,0.0,0,14.6,100.0,0.6,106.4,125.9,22685.1,63.4,15810.3,7296.8,"{'timestamp': '2026-09-06T06:37:17.643527+00:00', 'model_version': 'gemma4:12b-mlx', 'prompt_hash': 'a6af280e'}"
38,real_mixed_117,gemma4:12b-mlx_baseline,872.783625125885,53.23,0,fallback,1.0,0.0,0.0,0.0,0,13.8,100.0,0.6,106.2,125.9,22648.2,63.8,16022.6,7296.8,"{'timestamp': '2026-09-06T06:36:37.303508+00:00', 'model_version': 'gemma4:12b-mlx', 'prompt_hash': 'a6af280e'}"
39,real_mixed_118,gemma4:12b-mlx_baseline,795.2305860519409,44.75,0,direct_json,0.625,1.0,0.7692307692307693,0.0,0,13.9,100.0,0.6,104.4,125.9,23059.9,62.8,15815.6,7296.8,"{'timestamp': '2026-09-06T06:37:33.476543+00:00', 'model_version': 'gemma4:12b-mlx', 'prompt_hash': 'a6af280e'}"
39,real_mixed_119,gemma4:12b-mlx_baseline,840.3038432598114,47.07,0,fallback,1.0,0.0,0.0,0.0,0,14.1,100.0,0.5,104.5,125.9,22971.0,62.5,15769.9,7296.8,"{'timestamp': '2026-09-06T06:38:18.562765+00:00', 'model_version': 'gemma4:12b-mlx', 'prompt_hash': 'a6af280e'}"
39,real_mixed_120,gemma4:12b-mlx_baseline,885.0649859905243,47.54,0,fallback,1.0,0.0,0.0,0.0,0,15.7,100.0,0.5,103.5,125.9,22949.9,62.3,15700.9,7296.8,"{'timestamp': '2026-09-06T06:39:03.318627+00:00', 'model_version': 'gemma4:12b-mlx', 'prompt_hash': 'a6af280e'}"
0,real_mixed_1,gemma4:12b-mlx_kb_rag,327.72271823883057,49.53,0,fallback,1.0,0.0,0.0,0.0,0,15.2,100.0,1.6,586.2,1196.5,23984.5,74.1,16256.6,7296.8,"{'timestamp': '2026-09-06T06:44:34.039221+00:00', 'model_version': 'gemma4:12b-mlx', 'prompt_hash': 'a6af280e'}"
0,real_mixed_2,gemma4:12b-mlx_kb_rag,403.40266394615173,50.72,0,direct_json,0.5384615384615384,0.5833333333333334,0.5599999999999999,0.0,0,9.6,73.5,2.0,499.7,1361.9,23312.9,76.0,15832.7,7296.8,"{'timestamp': '2026-09-06T06:45:49.689737+00:00', 'model_version': 'gemma4:12b-mlx', 'prompt_hash': 'a6af280e'}"
0,real_mixed_3,gemma4:12b-mlx_kb_rag,282.7458770275116,53.27,0,fallback,1.0,0.0,0.0,0.0,0,11.4,75.0,1.6,659.5,1196.5,24608.2,72.4,15926.1,7296.8,"{'timestamp': '2026-09-06T06:43:49.054341+00:00', 'model_version': 'gemma4:12b-mlx', 'prompt_hash': 'a6af280e'}"
6,real_mixed_19,gemma4:12b-mlx_kb_rag,533.3138680458069,49.84,0,fallback,1.0,0.0,0.0,0.0,0,9.4,73.5,1.2,421.3,1196.5,22642.8,77.8,15995.3,7296.8,"{'timestamp': '2026-09-06T06:47:59.658512+00:00', 'model_version': 'gemma4:12b-mlx', 'prompt_hash': 'a6af280e'}"
6,real_mixed_20,gemma4:12b-mlx_kb_rag,241.17067098617554,56.01,0,fallback,1.0,0.0,0.0,0.0,0,13.7,100.0,1.7,751.4,1278.4,25219.7,70.7,16101.4,7296.8,"{'timestamp': '2026-09-06T06:43:07.461979+00:00', 'model_version': 'gemma4:12b-mlx', 'prompt_hash': 'a6af280e'}"
6,real_mixed_21,gemma4:12b-mlx_kb_rag,48.74754095077515,47.46,0,fallback,1.0,0.0,0.0,0.0,0,13.4,52.2,12.4,1212.0,2094.1,22242.6,57.5,15853.8,7296.8,"{'timestamp': '2026-09-06T06:39:54.479836+00:00', 'model_version': 'gemma4:12b-mlx', 'prompt_hash': 'a6af280e'}"
2,real_mixed_7,gemma4:12b-mlx_kb_rag,853.8579919338226,51.66,0,fallback,1.0,0.0,0.0,0.0,0,11.4,100.0,1.2,323.2,1196.5,22234.8,79.2,16104.3,7296.8,"{'timestamp': '2026-09-06T06:53:20.165891+00:00', 'model_version': 'gemma4:12b-mlx', 'prompt_hash': 'a6af280e'}"
2,real_mixed_8,gemma4:12b-mlx_kb_rag,730.1100800037384,32.75,0,fallback,1.0,0.0,0.0,0.0,0,10.1,100.0,1.2,356.9,1196.5,22560.1,79.5,15763.5,7296.8,"{'timestamp': '2026-09-06T06:51:16.426885+00:00', 'model_version': 'gemma4:12b-mlx', 'prompt_hash': 'a6af280e'}"
2,real_mixed_9,gemma4:12b-mlx_kb_rag,665.2647230625153,48.55,0,fallback,1.0,0.0,0.0,0.0,0,15.8,100.0,1.5,380.5,1278.4,22215.7,79.0,16127.4,7296.8,"{'timestamp': '2026-09-06T06:50:11.548048+00:00', 'model_version': 'gemma4:12b-mlx', 'prompt_hash': 'a6af280e'}"
3,real_mixed_10,gemma4:12b-mlx_kb_rag,372.90736198425293,48.7,0,fallback,1.0,0.0,0.0,0.0,0,12.1,83.3,1.5,530.4,1278.4,23525.2,75.4,16220.2,7296.8,"{'timestamp': '2026-09-06T06:45:19.188769+00:00', 'model_version': 'gemma4:12b-mlx', 'prompt_hash': 'a6af280e'}"
3,real_mixed_11,gemma4:12b-mlx_kb_rag,936.8590707778931,48.65,0,fallback,1.0,0.0,0.0,0.0,0,13.6,100.0,1.4,346.8,1196.5,22289.9,78.6,15961.1,7296.8,"{'timestamp': '2026-09-06T06:54:43.174050+00:00', 'model_version': 'gemma4:12b-mlx', 'prompt_hash': 'a6af280e'}"
3,real_mixed_12,gemma4:12b-mlx_kb_rag,577.5978770256042,49.95,0,fallback,1.0,0.0,0.0,0.0,0,15.6,100.0,1.5,413.0,1196.5,22473.3,78.3,16125.5,7296.8,"{'timestamp': '2026-09-06T06:48:43.893266+00:00', 'model_version': 'gemma4:12b-mlx', 'prompt_hash': 'a6af280e'}"
8,real_mixed_25,gemma4:12b-mlx_kb_rag,621.3553318977356,50.32,0,fallback,1.0,0.0,0.0,0.0,0,9.4,73.5,2.0,398.6,1196.5,22352.1,78.6,15763.4,7296.8,"{'timestamp': '2026-09-06T06:49:27.674883+00:00', 'model_version': 'gemma4:12b-mlx', 'prompt_hash': 'a6af280e'}"
8,real_mixed_26,gemma4:12b-mlx_kb_rag,775.264997959137,49.76,0,fallback,1.0,0.0,0.0,0.0,0,10.9,100.0,1.5,343.6,1196.5,22422.4,79.8,16294.8,7296.8,"{'timestamp': '2026-09-06T06:52:01.603961+00:00', 'model_version': 'gemma4:12b-mlx', 'prompt_hash': 'a6af280e'}"
8,real_mixed_27,gemma4:12b-mlx_kb_rag,984.5774421691895,52.25,0,fallback,1.0,0.0,0.0,0.0,0,9.4,73.5,1.3,360.5,1196.5,22394.0,78.4,15800.0,7296.8,"{'timestamp': '2026-09-06T06:55:30.906200+00:00', 'model_version': 'gemma4:12b-mlx', 'prompt_hash': 'a6af280e'}"
5,real_mixed_16,gemma4:12b-mlx_kb_rag,1071.5556881427765,48.71,0,fallback,1.0,0.0,0.0,0.0,0,12.1,73.5,1.4,385.4,1196.5,22501.3,78.2,15834.6,7296.8,"{'timestamp': '2026-09-06T06:56:57.874680+00:00', 'model_version': 'gemma4:12b-mlx', 'prompt_hash': 'a6af280e'}"
5,real_mixed_17,gemma4:12b-mlx_kb_rag,810.5228641033173,42.29,0,direct_json,0.4,1.0,0.5714285714285715,0.0,0,13.4,83.3,1.2,333.8,1196.5,22317.4,79.8,15905.1,7296.8,"{'timestamp': '2026-09-06T06:52:36.832410+00:00', 'model_version': 'gemma4:12b-mlx', 'prompt_hash': 'a6af280e'}"
5,real_mixed_18,gemma4:12b-mlx_kb_rag,491.0053069591522,51.51,0,fallback,1.0,0.0,0.0,0.0,0,11.3,100.0,1.3,447.0,1196.5,22799.3,77.4,15988.3,7296.8,"{'timestamp': '2026-09-06T06:47:17.310315+00:00', 'model_version': 'gemma4:12b-mlx', 'prompt_hash': 'a6af280e'}"
1,real_mixed_4,gemma4:12b-mlx_kb_rag,1114.7327117919922,49.96,0,fallback,1.0,0.0,0.0,0.0,0,11.5,100.0,1.6,395.2,1196.5,22473.1,78.3,15994.7,7296.8,"{'timestamp': '2026-09-06T06:57:41.038938+00:00', 'model_version': 'gemma4:12b-mlx', 'prompt_hash': 'a6af280e'}"
1,real_mixed_5,gemma4:12b-mlx_kb_rag,890.2107419967651,54.37,0,direct_json,0.3684210526315789,0.7,0.48275862068965514,0.0,0,10.3,100.0,1.3,333.9,1196.5,22242.0,78.9,15964.6,7296.8,"{'timestamp': '2026-09-06T06:53:56.536133+00:00', 'model_version': 'gemma4:12b-mlx', 'prompt_hash': 'a6af280e'}"
1,real_mixed_6,gemma4:12b-mlx_kb_rag,201.24940609931946,51.21,0,fallback,1.0,0.0,0.0,0.0,0,17.0,78.8,2.5,843.5,1810.1,25906.6,68.6,16019.0,7296.8,"{'timestamp': '2026-09-06T06:42:27.496195+00:00', 'model_version': 'gemma4:12b-mlx', 'prompt_hash': 'a6af280e'}"
4,real_mixed_13,gemma4:12b-mlx_kb_rag,1027.1125020980835,52.11,0,fallback,1.0,0.0,0.0,0.0,0,11.3,100.0,1.5,374.0,1196.5,22484.7,78.2,15829.1,7296.8,"{'timestamp': '2026-09-06T06:56:13.425178+00:00', 'model_version': 'gemma4:12b-mlx', 'prompt_hash': 'a6af280e'}"
4,real_mixed_14,gemma4:12b-mlx_kb_rag,1160.0319533348083,50.81,0,fallback,1.0,0.0,0.0,0.0,0,11.5,100.0,1.6,390.8,1196.5,22401.8,78.5,15997.7,7296.8,"{'timestamp': '2026-09-06T06:58:26.351996+00:00', 'model_version': 'gemma4:12b-mlx', 'prompt_hash': 'a6af280e'}"
4,real_mixed_15,gemma4:12b-mlx_kb_rag,157.67210578918457,35.66,0,fallback,1.0,0.0,0.0,0.0,0,12.1,73.5,1.7,948.9,2035.6,25912.8,67.5,16271.5,7296.8,"{'timestamp': '2026-09-06T06:41:43.834664+00:00', 'model_version': 'gemma4:12b-mlx', 'prompt_hash': 'a6af280e'}"
7,real_mixed_22,gemma4:12b-mlx_kb_rag,1176.6816911697388,47.88,0,direct_json,0.0,1.0,0.0,0.0,0,9.6,73.5,1.7,387.5,1196.5,22365.9,78.6,15997.7,7296.8,"{'timestamp': '2026-09-06T06:58:42.990308+00:00', 'model_version': 'gemma4:12b-mlx', 'prompt_hash': 'a6af280e'}"
7,real_mixed_23,gemma4:12b-mlx_kb_rag,447.98914098739624,49.44,0,fallback,1.0,0.0,0.0,0.0,0,10.7,100.0,1.9,475.7,1196.5,23014.2,76.8,16173.7,7296.8,"{'timestamp': '2026-09-06T06:46:34.313121+00:00', 'model_version': 'gemma4:12b-mlx', 'prompt_hash': 'a6af280e'}"
7,real_mixed_24,gemma4:12b-mlx_kb_rag,96.9353940486908,46.97,0,fallback,1.0,0.0,0.0,0.0,0,9.6,73.5,5.3,1201.6,2198.3,23748.3,60.6,15951.3,7296.8,"{'timestamp': '2026-09-06T06:40:42.739265+00:00', 'model_version': 'gemma4:12b-mlx', 'prompt_hash': 'a6af280e'}"
9,real_mixed_28,gemma4:12b-mlx_kb_rag,816.3737752437592,50.98,0,fallback,1.0,0.0,0.0,0.0,0,11.3,100.0,2.2,338.8,683.4,21757.5,78.7,15909.5,7296.8,"{'timestamp': '2026-09-06T06:59:26.466134+00:00', 'model_version': 'gemma4:12b-mlx', 'prompt_hash': 'a6af280e'}"
9,real_mixed_29,gemma4:12b-mlx_kb_rag,858.4883818626404,50.06,0,fallback,1.0,0.0,0.0,0.0,0,10.0,100.0,2.1,347.0,683.4,21766.1,77.8,15972.2,7296.8,"{'timestamp': '2026-09-06T07:00:08.571705+00:00', 'model_version': 'gemma4:12b-mlx', 'prompt_hash': 'a6af280e'}"
9,real_mixed_30,gemma4:12b-mlx_kb_rag,910.9039120674133,41.92,0,fallback,1.0,0.0,0.0,0.0,0,13.2,100.0,2.0,349.9,683.4,22098.1,77.4,16117.7,7296.8,"{'timestamp': '2026-09-06T07:01:00.987049+00:00', 'model_version': 'gemma4:12b-mlx', 'prompt_hash': 'a6af280e'}"
10,real_mixed_31,gemma4:12b-mlx_kb_rag,829.6884911060333,43.19,0,fallback,1.0,0.0,0.0,0.0,0,13.6,76.4,2.2,361.7,683.4,22360.7,76.1,16030.2,7296.8,"{'timestamp': '2026-09-06T07:01:49.695440+00:00', 'model_version': 'gemma4:12b-mlx', 'prompt_hash': 'a6af280e'}"
10,real_mixed_32,gemma4:12b-mlx_kb_rag,941.0507731437683,48.1,0,fallback,1.0,0.0,0.0,0.0,0,17.2,76.5,2.0,329.0,683.4,23175.4,74.9,16075.2,7296.8,"{'timestamp': '2026-09-06T07:03:41.064565+00:00', 'model_version': 'gemma4:12b-mlx', 'prompt_hash': 'a6af280e'}"
10,real_mixed_33,gemma4:12b-mlx_kb_rag,895.2679920196533,32.84,0,fallback,1.0,0.0,0.0,0.0,0,10.1,75.7,2.1,341.4,683.4,22910.7,75.5,16248.0,7296.8,"{'timestamp': '2026-09-06T07:02:55.284707+00:00', 'model_version': 'gemma4:12b-mlx', 'prompt_hash': 'a6af280e'}"
11,real_mixed_34,gemma4:12b-mlx_kb_rag,709.9781930446625,46.5,0,fallback,1.0,0.0,0.0,0.0,0,10.3,100.0,2.5,422.8,683.4,24284.2,71.5,16074.3,7296.8,"{'timestamp': '2026-09-06T07:05:10.545173+00:00', 'model_version': 'gemma4:12b-mlx', 'prompt_hash': 'a6af280e'}"
11,real_mixed_35,gemma4:12b-mlx_kb_rag,755.0466158390045,47.7,0,fallback,1.0,0.0,0.0,0.0,0,11.6,100.0,2.3,416.1,683.4,24113.5,72.1,16075.1,7296.8,"{'timestamp': '2026-09-06T07:05:55.611889+00:00', 'model_version': 'gemma4:12b-mlx', 'prompt_hash': 'a6af280e'}"
11,real_mixed_36,gemma4:12b-mlx_kb_rag,663.3497998714447,50.01,0,fallback,1.0,0.0,0.0,0.0,0,10.1,75.7,2.5,424.9,683.4,24328.8,71.1,16077.3,7296.8,"{'timestamp': '2026-09-06T07:04:23.922814+00:00', 'model_version': 'gemma4:12b-mlx', 'prompt_hash': 'a6af280e'}"
12,real_mixed_37,gemma4:12b-mlx_kb_rag,717.839418888092,48.4,0,fallback,1.0,0.0,0.0,0.0,0,13.0,100.0,2.5,384.7,683.4,23993.0,73.0,15899.6,7296.8,"{'timestamp': '2026-09-06T07:06:41.338163+00:00', 'model_version': 'gemma4:12b-mlx', 'prompt_hash': 'a6af280e'}"
12,real_mixed_38,gemma4:12b-mlx_kb_rag,793.816577911377,47.16,0,fallback,1.0,0.0,0.0,0.0,0,11.3,100.0,2.3,356.6,683.4,23607.6,74.2,15982.1,7296.8,"{'timestamp': '2026-09-06T07:07:57.315949+00:00', 'model_version': 'gemma4:12b-mlx', 'prompt_hash': 'a6af280e'}"
12,real_mixed_39,gemma4:12b-mlx_kb_rag,746.1732289791107,48.44,0,direct_json,0.625,0.7142857142857143,0.6666666666666666,0.0,0,13.4,100.0,2.5,373.7,683.4,23838.4,73.5,15992.1,7296.8,"{'timestamp': '2026-09-06T07:07:09.665395+00:00', 'model_version': 'gemma4:12b-mlx', 'prompt_hash': 'a6af280e'}"
13,real_mixed_40,gemma4:12b-mlx_kb_rag,838.478670835495,46.85,0,fallback,1.0,0.0,0.0,0.0,0,14.2,76.5,2.3,317.2,683.4,23176.1,75.3,15997.3,7296.8,"{'timestamp': '2026-09-06T07:09:29.702788+00:00', 'model_version': 'gemma4:12b-mlx', 'prompt_hash': 'a6af280e'}"
13,real_mixed_41,gemma4:12b-mlx_kb_rag,883.9312291145325,47.43,0,fallback,1.0,0.0,0.0,0.0,0,12.0,100.0,2.2,305.6,683.4,23015.6,75.8,16085.7,7296.8,"{'timestamp': '2026-09-06T07:10:15.158805+00:00', 'model_version': 'gemma4:12b-mlx', 'prompt_hash': 'a6af280e'}"
13,real_mixed_42,gemma4:12b-mlx_kb_rag,792.7181050777435,47.45,0,fallback,1.0,0.0,0.0,0.0,0,10.4,100.0,2.4,330.5,683.4,23363.4,74.7,15990.1,7296.8,"{'timestamp': '2026-09-06T07:08:43.952225+00:00', 'model_version': 'gemma4:12b-mlx', 'prompt_hash': 'a6af280e'}"
14,real_mixed_43,gemma4:12b-mlx_kb_rag,948.9166190624237,48.03,0,fallback,1.0,0.0,0.0,0.0,0,14.8,100.0,2.1,243.0,656.3,22808.1,77.1,15956.7,7296.8,"{'timestamp': '2026-09-06T07:12:47.161853+00:00', 'model_version': 'gemma4:12b-mlx', 'prompt_hash': 'a6af280e'}"
14,real_mixed_44,gemma4:12b-mlx_kb_rag,852.4606900215149,40.88,0,fallback,1.0,0.0,0.0,0.0,0,13.9,100.0,2.3,261.3,656.3,23088.5,76.3,16172.7,7296.8,"{'timestamp': '2026-09-06T07:11:10.698265+00:00', 'model_version': 'gemma4:12b-mlx', 'prompt_hash': 'a6af280e'}"
14,real_mixed_45,gemma4:12b-mlx_kb_rag,897.2483048439026,47.76,0,fallback,1.0,0.0,0.0,0.0,0,14.8,100.0,2.3,252.9,656.3,22955.2,76.7,15956.7,7296.8,"{'timestamp': '2026-09-06T07:11:55.475416+00:00', 'model_version': 'gemma4:12b-mlx', 'prompt_hash': 'a6af280e'}"
15,real_mixed_46,gemma4:12b-mlx_kb_rag,997.629008769989,47.76,0,fallback,1.0,0.0,0.0,0.0,0,10.5,75.7,2.1,218.1,656.3,22616.9,77.6,16235.2,7296.8,"{'timestamp': '2026-09-06T07:14:19.027958+00:00', 'model_version': 'gemma4:12b-mlx', 'prompt_hash': 'a6af280e'}"
15,real_mixed_47,gemma4:12b-mlx_kb_rag,1042.3474009037018,48.54,0,fallback,1.0,0.0,0.0,0.0,0,12.0,100.0,2.0,212.7,656.3,22522.0,77.8,15873.9,7296.8,"{'timestamp': '2026-09-06T07:15:03.763969+00:00', 'model_version': 'gemma4:12b-mlx', 'prompt_hash': 'a6af280e'}"
15,real_mixed_48,gemma4:12b-mlx_kb_rag,951.3295509815216,47.97,0,fallback,1.0,0.0,0.0,0.0,0,11.5,100.0,2.1,223.7,656.3,22728.5,77.3,16085.4,7296.8,"{'timestamp': '2026-09-06T07:13:32.716827+00:00', 'model_version': 'gemma4:12b-mlx', 'prompt_hash': 'a6af280e'}"
16,real_mixed_49,gemma4:12b-mlx_kb_rag,1043.495500087738,49.35,0,fallback,1.0,0.0,0.0,0.0,0,11.1,100.0,2.1,212.2,656.3,22518.2,77.9,16128.7,7296.8,"{'timestamp': '2026-09-06T07:15:50.275873+00:00', 'model_version': 'gemma4:12b-mlx', 'prompt_hash': 'a6af280e'}"
16,real_mixed_50,gemma4:12b-mlx_kb_rag,1088.8128778934479,47.37,0,fallback,1.0,0.0,0.0,0.0,0,11.9,100.0,2.0,208.9,656.3,22421.9,78.1,16371.2,7296.8,"{'timestamp': '2026-09-06T07:16:35.595109+00:00', 'model_version': 'gemma4:12b-mlx', 'prompt_hash': 'a6af280e'}"
16,real_mixed_51,gemma4:12b-mlx_kb_rag,1133.9549548625946,47.98,0,fallback,1.0,0.0,0.0,0.0,0,11.2,100.0,1.9,204.7,656.3,22358.7,78.3,16109.4,7296.8,"{'timestamp': '2026-09-06T07:17:20.745530+00:00', 'model_version': 'gemma4:12b-mlx', 'prompt_hash': 'a6af280e'}"
17,real_mixed_52,gemma4:12b-mlx_kb_rag,1161.8830618858337,49.39,0,fallback,1.0,0.0,0.0,0.0,0,11.4,100.0,1.9,210.6,656.3,22329.1,78.4,16110.6,7296.8,"{'timestamp': '2026-09-06T07:18:05.211149+00:00', 'model_version': 'gemma4:12b-mlx', 'prompt_hash': 'a6af280e'}"
17,real_mixed_53,gemma4:12b-mlx_kb_rag,1232.6871452331543,50.71,0,direct_json,0.3125,0.8333333333333334,0.45454545454545453,0.0,0,11.4,100.0,1.9,204.5,656.3,22195.5,78.2,15838.1,7296.8,"{'timestamp': '2026-09-06T07:19:16.017786+00:00', 'model_version': 'gemma4:12b-mlx', 'prompt_hash': 'a6af280e'}"
17,real_mixed_54,gemma4:12b-mlx_kb_rag,1205.558611869812,45.45,0,direct_json,0.42857142857142855,0.75,0.5454545454545454,0.0,0,13.3,100.0,1.9,206.7,656.3,22224.0,78.3,16082.1,7296.8,"{'timestamp': '2026-09-06T07:18:48.883337+00:00', 'model_version': 'gemma4:12b-mlx', 'prompt_hash': 'a6af280e'}"
18,real_mixed_55,gemma4:12b-mlx_kb_rag,1195.1524240970612,40.3,0,fallback,1.0,0.0,0.0,0.0,0,13.5,100.0,2.0,191.4,656.3,22198.4,79.8,16121.0,7296.8,"{'timestamp': '2026-09-06T07:20:56.484134+00:00', 'model_version': 'gemma4:12b-mlx', 'prompt_hash': 'a6af280e'}"
18,real_mixed_56,gemma4:12b-mlx_kb_rag,1140.4932329654694,48.69,0,fallback,1.0,0.0,0.0,0.0,0,11.0,100.0,2.0,182.8,656.3,22048.5,79.8,15821.9,7296.8,"{'timestamp': '2026-09-06T07:20:01.825700+00:00', 'model_version': 'gemma4:12b-mlx', 'prompt_hash': 'a6af280e'}"
18,real_mixed_57,gemma4:12b-mlx_kb_rag,1257.796268939972,34.26,0,fallback,1.0,0.0,0.0,0.0,0,11.6,100.0,1.9,185.4,656.3,22419.5,79.8,16321.5,7296.8,"{'timestamp': '2026-09-06T07:21:59.136541+00:00', 'model_version': 'gemma4:12b-mlx', 'prompt_hash': 'a6af280e'}"
19,real_mixed_58,gemma4:12b-mlx_kb_rag,1142.301191329956,48.38,0,fallback,1.0,0.0,0.0,0.0,0,12.0,100.0,1.9,212.7,656.3,21859.7,81.2,15999.7,7296.8,"{'timestamp': '2026-09-06T07:22:43.735280+00:00', 'model_version': 'gemma4:12b-mlx', 'prompt_hash': 'a6af280e'}"
19,real_mixed_59,gemma4:12b-mlx_kb_rag,1189.3666679859161,49.72,0,fallback,1.0,0.0,0.0,0.0,0,10.9,100.0,1.9,211.7,656.3,21820.4,81.2,16005.7,7296.8,"{'timestamp': '2026-09-06T07:23:30.807066+00:00', 'model_version': 'gemma4:12b-mlx', 'prompt_hash': 'a6af280e'}"
19,real_mixed_60,gemma4:12b-mlx_kb_rag,1234.197424173355,48.07,0,fallback,1.0,0.0,0.0,0.0,0,12.0,100.0,1.9,207.9,656.3,21759.9,81.3,16092.7,7296.8,"{'timestamp': '2026-09-06T07:24:15.648411+00:00', 'model_version': 'gemma4:12b-mlx', 'prompt_hash': 'a6af280e'}"
20,real_mixed_61,gemma4:12b-mlx_kb_rag,1239.9656591415405,48.25,0,fallback,1.0,0.0,0.0,0.0,0,11.8,100.0,1.9,177.6,656.3,21405.9,81.5,15859.7,7296.8,"{'timestamp': '2026-09-06T07:26:36.330438+00:00', 'model_version': 'gemma4:12b-mlx', 'prompt_hash': 'a6af280e'}"
20,real_mixed_62,gemma4:12b-mlx_kb_rag,1188.4748039245605,48.52,0,fallback,1.0,0.0,0.0,0.0,0,12.5,100.0,1.9,179.5,656.3,21359.6,81.7,15859.9,7296.8,"{'timestamp': '2026-09-06T07:25:44.813212+00:00', 'model_version': 'gemma4:12b-mlx', 'prompt_hash': 'a6af280e'}"
20,real_mixed_63,gemma4:12b-mlx_kb_rag,1143.3336498737335,48.73,0,fallback,1.0,0.0,0.0,0.0,0,13.6,100.0,1.9,181.5,656.3,21364.1,82.0,16068.2,7296.8,"{'timestamp': '2026-09-06T07:24:59.666058+00:00', 'model_version': 'gemma4:12b-mlx', 'prompt_hash': 'a6af280e'}"
21,real_mixed_64,gemma4:12b-mlx_kb_rag,1147.2199261188507,46.63,0,direct_json,0.25,1.0,0.4,0.0,0,10.6,100.0,2.0,189.5,547.1,21606.4,81.0,15889.9,7296.8,"{'timestamp': '2026-09-06T07:27:04.921576+00:00', 'model_version': 'gemma4:12b-mlx', 'prompt_hash': 'a6af280e'}"
21,real_mixed_65,gemma4:12b-mlx_kb_rag,1224.018835067749,48.69,0,direct_json,0.4444444444444444,0.5,0.47058823529411764,0.0,0,11.9,69.7,1.9,201.2,547.1,21671.6,80.8,15757.7,7296.8,"{'timestamp': '2026-09-06T07:28:21.743854+00:00', 'model_version': 'gemma4:12b-mlx', 'prompt_hash': 'a6af280e'}"
21,real_mixed_66,gemma4:12b-mlx_kb_rag,1190.2042047977448,49.81,0,fallback,1.0,0.0,0.0,0.0,0,11.0,100.0,2.0,201.9,547.1,21677.8,80.8,15922.4,7296.8,"{'timestamp': '2026-09-06T07:27:47.920392+00:00', 'model_version': 'gemma4:12b-mlx', 'prompt_hash': 'a6af280e'}"
22,real_mixed_67,gemma4:12b-mlx_kb_rag,1174.8565051555634,49.0,0,fallback,1.0,0.0,0.0,0.0,0,11.9,100.0,1.9,206.8,545.8,21757.1,80.6,15998.2,7296.8,"{'timestamp': '2026-09-06T07:29:50.765554+00:00', 'model_version': 'gemma4:12b-mlx', 'prompt_hash': 'a6af280e'}"
22,real_mixed_68,gemma4:12b-mlx_kb_rag,1222.1743807792664,45.04,0,fallback,1.0,0.0,0.0,0.0,0,12.2,100.0,1.9,201.6,545.9,21766.1,80.8,16008.7,7296.8,"{'timestamp': '2026-09-06T07:30:38.077582+00:00', 'model_version': 'gemma4:12b-mlx', 'prompt_hash': 'a6af280e'}"
22,real_mixed_69,gemma4:12b-mlx_kb_rag,1129.0153667926788,50.59,0,fallback,1.0,0.0,0.0,0.0,0,13.5,100.0,2.0,211.2,545.9,21821.3,80.5,16111.7,7296.8,"{'timestamp': '2026-09-06T07:29:04.939968+00:00', 'model_version': 'gemma4:12b-mlx', 'prompt_hash': 'a6af280e'}"
23,real_mixed_70,gemma4:12b-mlx_kb_rag,1181.2261891365051,49.92,0,fallback,1.0,0.0,0.0,0.0,0,11.0,100.0,3.5,204.7,545.8,21927.8,80.7,16245.0,7296.8,"{'timestamp': '2026-09-06T07:32:28.826683+00:00', 'model_version': 'gemma4:12b-mlx', 'prompt_hash': 'a6af280e'}"
23,real_mixed_71,gemma4:12b-mlx_kb_rag,1203.1714251041412,50.38,0,direct_json,0.5833333333333334,0.5833333333333334,0.5833333333333334,0.0,0,11.0,100.0,1.9,202.3,545.8,21901.1,80.7,15953.0,7296.8,"{'timestamp': '2026-09-06T07:32:50.760247+00:00', 'model_version': 'gemma4:12b-mlx', 'prompt_hash': 'a6af280e'}"
23,real_mixed_72,gemma4:12b-mlx_kb_rag,1138.0681009292603,31.88,0,fallback,1.0,0.0,0.0,0.0,0,11.2,75.8,2.0,209.0,545.6,21987.2,80.5,15998.2,7296.8,"{'timestamp': '2026-09-06T07:31:45.658619+00:00', 'model_version': 'gemma4:12b-mlx', 'prompt_hash': 'a6af280e'}"
24,real_mixed_73,gemma4:12b-mlx_kb_rag,1181.836979150772,50.62,0,direct_json,0.9230769230769231,0.8,0.8571428571428571,0.0,0,12.6,100.0,1.9,208.2,545.6,21945.6,80.7,16086.1,7296.8,"{'timestamp': '2026-09-06T07:34:46.111532+00:00', 'model_version': 'gemma4:12b-mlx', 'prompt_hash': 'a6af280e'}"
24,real_mixed_74,gemma4:12b-mlx_kb_rag,1110.2489461898804,49.68,0,fallback,1.0,0.0,0.0,0.0,0,11.0,100.0,2.0,215.8,545.6,22039.5,80.5,15934.1,7296.8,"{'timestamp': '2026-09-06T07:33:34.518530+00:00', 'model_version': 'gemma4:12b-mlx', 'prompt_hash': 'a6af280e'}"
24,real_mixed_75,gemma4:12b-mlx_kb_rag,1142.3170437812805,48.13,0,direct_json,0.5,0.6666666666666666,0.5714285714285715,0.0,0,11.1,100.0,2.0,212.4,545.6,21999.4,80.6,16087.6,7296.8,"{'timestamp': '2026-09-06T07:34:06.573950+00:00', 'model_version': 'gemma4:12b-mlx', 'prompt_hash': 'a6af280e'}"
25,real_mixed_76,gemma4:12b-mlx_kb_rag,1173.2519381046295,45.04,0,direct_json,0.0,1.0,0.0,0.0,0,12.5,100.0,1.9,202.3,545.6,21890.9,80.0,15875.1,7296.8,"{'timestamp': '2026-09-06T07:36:54.446348+00:00', 'model_version': 'gemma4:12b-mlx', 'prompt_hash': 'a6af280e'}"
25,real_mixed_77,gemma4:12b-mlx_kb_rag,1084.6615982055664,53.88,0,fallback,1.0,0.0,0.0,0.0,0,12.0,100.0,2.1,212.7,545.7,22053.6,80.5,16331.3,7296.8,"{'timestamp': '2026-09-06T07:35:25.896770+00:00', 'model_version': 'gemma4:12b-mlx', 'prompt_hash': 'a6af280e'}"
25,real_mixed_78,gemma4:12b-mlx_kb_rag,1132.8623747825623,49.46,0,fallback,1.0,0.0,0.0,0.0,0,12.1,75.8,2.0,207.9,545.6,21980.7,80.6,15959.4,7296.8,"{'timestamp': '2026-09-06T07:36:14.061594+00:00', 'model_version': 'gemma4:12b-mlx', 'prompt_hash': 'a6af280e'}"
26,real_mixed_79,gemma4:12b-mlx_kb_rag,1150.984442949295,49.19,0,fallback,1.0,0.0,0.0,0.0,0,12.9,100.0,2.0,229.2,545.9,22091.1,78.7,15873.1,7296.8,"{'timestamp': '2026-09-06T07:38:27.348149+00:00', 'model_version': 'gemma4:12b-mlx', 'prompt_hash': 'a6af280e'}"
26,real_mixed_80,gemma4:12b-mlx_kb_rag,1102.3148910999298,50.79,0,fallback,1.0,0.0,0.0,0.0,0,13.0,100.0,2.0,215.9,545.9,22055.3,79.4,15863.6,7296.8,"{'timestamp': '2026-09-06T07:37:38.704724+00:00', 'model_version': 'gemma4:12b-mlx', 'prompt_hash': 'a6af280e'}"
26,real_mixed_81,gemma4:12b-mlx_kb_rag,1192.4118270874023,51.53,0,fallback,0.75,0.7058823529411765,0.7272727272727272,0.0,0,11.5,75.8,1.9,239.6,545.9,22141.3,78.1,15966.9,7296.8,"{'timestamp': '2026-09-06T07:39:08.787644+00:00', 'model_version': 'gemma4:12b-mlx', 'prompt_hash': 'a6af280e'}"
27,real_mixed_82,gemma4:12b-mlx_kb_rag,1070.9695417881012,51.46,0,fallback,1.0,0.0,0.0,0.0,0,12.8,100.0,1.9,247.1,577.9,21795.3,77.6,15963.9,7296.8,"{'timestamp': '2026-09-06T07:39:50.445712+00:00', 'model_version': 'gemma4:12b-mlx', 'prompt_hash': 'a6af280e'}"
27,real_mixed_83,gemma4:12b-mlx_kb_rag,1123.6669478416443,51.22,0,direct_json,0.6923076923076923,0.9,0.7826086956521738,0.0,0,11.0,100.0,1.9,258.9,578.1,21971.8,77.2,16096.4,7296.8,"{'timestamp': '2026-09-06T07:40:43.149881+00:00', 'model_version': 'gemma4:12b-mlx', 'prompt_hash': 'a6af280e'}"
27,real_mixed_84,gemma4:12b-mlx_kb_rag,1107.3195531368256,47.33,0,direct_json,0.7777777777777778,0.7777777777777778,0.7777777777777778,0.0,0,10.9,100.0,1.9,258.0,578.1,21903.0,77.2,15978.4,7296.8,"{'timestamp': '2026-09-06T07:40:26.797179+00:00', 'model_version': 'gemma4:12b-mlx', 'prompt_hash': 'a6af280e'}"
28,real_mixed_85,gemma4:12b-mlx_kb_rag,1049.0860557556152,33.9,0,fallback,1.0,0.0,0.0,0.0,0,14.2,75.8,1.9,256.4,578.1,22286.5,77.2,16082.9,7296.8,"{'timestamp': '2026-09-06T07:41:45.194652+00:00', 'model_version': 'gemma4:12b-mlx', 'prompt_hash': 'a6af280e'}"
28,real_mixed_86,gemma4:12b-mlx_kb_rag,1137.8970429897308,49.59,0,fallback,1.0,0.0,0.0,0.0,0,12.1,100.0,1.9,242.9,578.1,22159.7,77.7,15840.3,7296.8,"{'timestamp': '2026-09-06T07:43:13.998456+00:00', 'model_version': 'gemma4:12b-mlx', 'prompt_hash': 'a6af280e'}"
28,real_mixed_87,gemma4:12b-mlx_kb_rag,1094.4313521385193,48.57,0,fallback,1.0,0.0,0.0,0.0,0,13.5,75.8,1.9,249.2,578.1,22240.8,77.5,16084.4,7296.8,"{'timestamp': '2026-09-06T07:42:30.521344+00:00', 'model_version': 'gemma4:12b-mlx', 'prompt_hash': 'a6af280e'}"
29,real_mixed_88,gemma4:12b-mlx_kb_rag,1077.2427439689636,49.67,0,direct_json,0.4444444444444444,1.0,0.6153846153846153,0.0,0,13.2,100.0,1.9,247.4,578.1,22097.1,78.0,16090.6,7296.8,"{'timestamp': '2026-09-06T07:44:33.935181+00:00', 'model_version': 'gemma4:12b-mlx', 'prompt_hash': 'a6af280e'}"
29,real_mixed_89,gemma4:12b-mlx_kb_rag,1116.1344780921936,51.59,0,direct_json,0.5555555555555556,0.38461538461538464,0.4545454545454546,0.0,0,11.0,100.0,1.9,241.8,578.1,22061.8,77.8,15862.1,7296.8,"{'timestamp': '2026-09-06T07:45:12.845943+00:00', 'model_version': 'gemma4:12b-mlx', 'prompt_hash': 'a6af280e'}"
29,real_mixed_90,gemma4:12b-mlx_kb_rag,1041.0750470161438,49.67,0,fallback,1.0,0.0,0.0,0.0,0,12.7,100.0,2.0,253.4,578.1,22190.1,78.1,15825.8,7296.8,"{'timestamp': '2026-09-06T07:43:57.725939+00:00', 'model_version': 'gemma4:12b-mlx', 'prompt_hash': 'a6af280e'}"
30,real_mixed_91,gemma4:12b-mlx_kb_rag,1052.9227330684662,51.39,0,fallback,1.0,0.0,0.0,0.0,0,11.0,100.0,2.0,232.9,578.1,21989.9,77.6,15847.8,7296.8,"{'timestamp': '2026-09-06T07:45:55.079269+00:00', 'model_version': 'gemma4:12b-mlx', 'prompt_hash': 'a6af280e'}"
30,real_mixed_92,gemma4:12b-mlx_kb_rag,1074.3522317409515,53.85,0,direct_json,0.4117647058823529,0.4666666666666667,0.43749999999999994,0.0,0,17.1,100.0,1.9,238.0,578.1,22006.6,77.6,16147.1,7296.8,"{'timestamp': '2026-09-06T07:46:16.515192+00:00', 'model_version': 'gemma4:12b-mlx', 'prompt_hash': 'a6af280e'}"
30,real_mixed_93,gemma4:12b-mlx_kb_rag,1105.4818308353424,53.07,0,direct_json,0.6428571428571429,0.9,0.75,0.0,0,10.8,100.0,1.9,244.2,578.1,22049.8,77.6,16356.8,7296.8,"{'timestamp': '2026-09-06T07:46:47.647027+00:00', 'model_version': 'gemma4:12b-mlx', 'prompt_hash': 'a6af280e'}"
31,real_mixed_94,gemma4:12b-mlx_kb_rag,1012.6705520153046,50.46,0,fallback,1.0,0.0,0.0,0.0,0,9.5,72.0,2.0,261.2,578.1,22185.7,76.9,16243.6,7296.8,"{'timestamp': '2026-09-06T07:47:31.220323+00:00', 'model_version': 'gemma4:12b-mlx', 'prompt_hash': 'a6af280e'}"
31,real_mixed_95,gemma4:12b-mlx_kb_rag,1058.2571437358856,46.83,0,fallback,1.0,0.0,0.0,0.0,0,9.6,72.0,1.9,258.5,578.1,22141.9,77.1,15930.1,7296.8,"{'timestamp': '2026-09-06T07:48:16.791138+00:00', 'model_version': 'gemma4:12b-mlx', 'prompt_hash': 'a6af280e'}"
31,real_mixed_96,gemma4:12b-mlx_kb_rag,1100.8828690052032,50.94,0,fallback,1.0,0.0,0.0,0.0,0,9.8,72.0,1.9,251.9,578.1,22058.5,77.4,15929.1,7296.8,"{'timestamp': '2026-09-06T07:48:59.432515+00:00', 'model_version': 'gemma4:12b-mlx', 'prompt_hash': 'a6af280e'}"
32,real_mixed_97,gemma4:12b-mlx_kb_rag,1011.1443288326263,49.58,0,fallback,1.0,0.0,0.0,0.0,0,9.9,72.0,1.8,262.1,578.1,21818.0,76.8,15931.3,7296.8,"{'timestamp': '2026-09-06T07:49:42.387900+00:00', 'model_version': 'gemma4:12b-mlx', 'prompt_hash': 'a6af280e'}"
32,real_mixed_98,gemma4:12b-mlx_kb_rag,1109.7248651981354,40.64,0,fallback,1.0,0.0,0.0,0.0,0,10.0,79.2,1.7,245.7,578.1,22019.1,77.1,15892.1,7296.8,"{'timestamp': '2026-09-06T07:51:21.009386+00:00', 'model_version': 'gemma4:12b-mlx', 'prompt_hash': 'a6af280e'}"
32,real_mixed_99,gemma4:12b-mlx_kb_rag,1056.2165911197662,45.92,0,fallback,1.0,0.0,0.0,0.0,0,10.1,79.2,1.7,254.1,578.1,21759.1,76.8,15898.8,7296.8,"{'timestamp': '2026-09-06T07:50:27.454567+00:00', 'model_version': 'gemma4:12b-mlx', 'prompt_hash': 'a6af280e'}"
33,real_mixed_100,gemma4:12b-mlx_kb_rag,1100.3196749687195,39.44,0,fallback,1.0,0.0,0.0,0.0,0,12.5,100.0,1.6,237.2,578.1,22084.5,76.9,15827.8,7296.8,"{'timestamp': '2026-09-06T07:53:06.773731+00:00', 'model_version': 'gemma4:12b-mlx', 'prompt_hash': 'a6af280e'}"
33,real_mixed_101,gemma4:12b-mlx_kb_rag,1045.778557062149,42.08,0,fallback,1.0,0.0,0.0,0.0,0,9.9,79.2,1.7,245.3,578.1,22180.5,76.5,16139.8,7296.8,"{'timestamp': '2026-09-06T07:52:12.232915+00:00', 'model_version': 'gemma4:12b-mlx', 'prompt_hash': 'a6af280e'}"
33,real_mixed_102,gemma4:12b-mlx_kb_rag,1109.4235730171204,42.62,0,direct_json,0.0,1.0,0.0,0.0,0,12.5,100.0,1.6,235.9,578.1,22080.2,77.0,15827.8,7296.8,"{'timestamp': '2026-09-06T07:53:15.871202+00:00', 'model_version': 'gemma4:12b-mlx', 'prompt_hash': 'a6af280e'}"
34,real_mixed_103,gemma4:12b-mlx_kb_rag,992.3069307804108,41.09,0,direct_json,0.0,1.0,0.0,0.0,0,10.2,100.0,1.5,249.6,578.1,22367.3,76.9,16184.3,7296.8,"{'timestamp': '2026-09-06T07:53:27.086380+00:00', 'model_version': 'gemma4:12b-mlx', 'prompt_hash': 'a6af280e'}"
34,real_mixed_104,gemma4:12b-mlx_kb_rag,1095.944368839264,40.31,0,fallback,1.0,0.0,0.0,0.0,0,10.6,100.0,1.4,234.5,578.1,22329.3,76.2,15986.3,7296.8,"{'timestamp': '2026-09-06T07:55:10.743025+00:00', 'model_version': 'gemma4:12b-mlx', 'prompt_hash': 'a6af280e'}"
34,real_mixed_105,gemma4:12b-mlx_kb_rag,1042.328917980194,42.8,0,fallback,1.0,0.0,0.0,0.0,0,11.8,100.0,1.6,242.0,578.1,22303.5,76.4,16128.6,7296.8,"{'timestamp': '2026-09-06T07:54:17.116913+00:00', 'model_version': 'gemma4:12b-mlx', 'prompt_hash': 'a6af280e'}"
35,real_mixed_106,gemma4:12b-mlx_kb_rag,989.9893848896027,36.76,0,direct_json,0.6666666666666666,1.0,0.8,0.0,0,15.2,100.0,1.4,190.8,578.1,22326.4,78.1,16121.8,7296.8,"{'timestamp': '2026-09-06T07:55:39.062462+00:00', 'model_version': 'gemma4:12b-mlx', 'prompt_hash': 'a6af280e'}"
35,real_mixed_107,gemma4:12b-mlx_kb_rag,1100.897634267807,43.02,0,fallback,1.0,0.0,0.0,0.0,0,15.9,100.0,1.3,181.1,578.1,22564.8,77.7,15771.3,7296.8,"{'timestamp': '2026-09-06T07:57:29.980362+00:00', 'model_version': 'gemma4:12b-mlx', 'prompt_hash': 'a6af280e'}"
35,real_mixed_108,gemma4:12b-mlx_kb_rag,1047.8870642185211,36.92,0,fallback,1.0,0.0,0.0,0.0,0,12.4,100.0,1.4,185.3,578.1,22454.3,77.9,16347.3,7296.8,"{'timestamp': '2026-09-06T07:56:36.973324+00:00', 'model_version': 'gemma4:12b-mlx', 'prompt_hash': 'a6af280e'}"
36,real_mixed_109,gemma4:12b-mlx_kb_rag,1110.2995600700378,41.16,0,fallback,1.0,0.0,0.0,0.0,0,9.5,100.0,1.2,142.8,566.0,22354.7,78.9,15820.6,7296.8,"{'timestamp': '2026-09-06T07:59:13.845998+00:00', 'model_version': 'gemma4:12b-mlx', 'prompt_hash': 'a6af280e'}"
36,real_mixed_110,gemma4:12b-mlx_kb_rag,1058.2183032035828,41.56,0,fallback,1.0,0.0,0.0,0.0,0,9.6,79.2,1.2,145.4,566.0,22361.3,78.8,15821.3,7296.8,"{'timestamp': '2026-09-06T07:58:21.755425+00:00', 'model_version': 'gemma4:12b-mlx', 'prompt_hash': 'a6af280e'}"
36,real_mixed_111,gemma4:12b-mlx_kb_rag,1162.1807680130005,41.46,0,fallback,1.0,0.0,0.0,0.0,0,9.1,79.2,1.1,139.7,566.0,22264.5,79.1,15820.6,7296.8,"{'timestamp': '2026-09-06T08:00:05.728315+00:00', 'model_version': 'gemma4:12b-mlx', 'prompt_hash': 'a6af280e'}"
37,real_mixed_112,gemma4:12b-mlx_kb_rag,1080.178655385971,31.28,0,fallback,1.0,0.0,0.0,0.0,0,9.5,100.0,1.0,133.6,561.5,22330.3,78.3,15938.8,7296.8,"{'timestamp': '2026-09-06T08:01:14.600236+00:00', 'model_version': 'gemma4:12b-mlx', 'prompt_hash': 'a6af280e'}"
37,real_mixed_113,gemma4:12b-mlx_kb_rag,1204.3052868843079,38.44,0,fallback,1.0,0.0,0.0,0.0,0,10.6,87.3,0.9,126.7,561.5,22527.5,79.0,16086.3,7296.8,"{'timestamp': '2026-09-06T08:03:18.727042+00:00', 'model_version': 'gemma4:12b-mlx', 'prompt_hash': 'a6af280e'}"
37,real_mixed_114,gemma4:12b-mlx_kb_rag,1148.336182832718,31.06,0,fallback,1.0,0.0,0.0,0.0,0,14.6,100.0,0.9,129.3,561.5,22629.0,78.7,15820.3,7296.8,"{'timestamp': '2026-09-06T08:02:22.756555+00:00', 'model_version': 'gemma4:12b-mlx', 'prompt_hash': 'a6af280e'}"
38,real_mixed_115,gemma4:12b-mlx_kb_rag,1121.1755530834198,46.75,0,direct_json,0.42857142857142855,1.0,0.6,0.0,0,17.0,100.0,0.9,128.0,561.5,22680.7,79.2,16314.5,7296.8,"{'timestamp': '2026-09-06T08:03:54.343836+00:00', 'model_version': 'gemma4:12b-mlx', 'prompt_hash': 'a6af280e'}"
38,real_mixed_116,gemma4:12b-mlx_kb_rag,1160.7454018592834,39.79,0,direct_json,0.4,1.0,0.5714285714285715,0.0,0,14.7,94.2,0.8,125.9,561.5,22633.0,79.3,15946.5,7296.8,"{'timestamp': '2026-09-06T08:04:33.914940+00:00', 'model_version': 'gemma4:12b-mlx', 'prompt_hash': 'a6af280e'}"
38,real_mixed_117,gemma4:12b-mlx_kb_rag,1214.989744901657,41.23,0,fallback,1.0,0.0,0.0,0.0,0,15.6,94.3,0.7,123.2,561.5,22525.6,79.5,16126.0,7296.8,"{'timestamp': '2026-09-06T08:05:28.177115+00:00', 'model_version': 'gemma4:12b-mlx', 'prompt_hash': 'a6af280e'}"
39,real_mixed_118,gemma4:12b-mlx_kb_rag,1194.2615110874176,40.93,0,direct_json,0.625,1.0,0.7692307692307693,0.0,0,14.2,100.0,0.6,93.2,561.5,22355.8,80.1,15880.0,7296.8,"{'timestamp': '2026-09-06T08:06:42.305295+00:00', 'model_version': 'gemma4:12b-mlx', 'prompt_hash': 'a6af280e'}"
39,real_mixed_119,gemma4:12b-mlx_kb_rag,1172.7405970096588,40.73,0,fallback,1.0,0.0,0.0,0.0,0,11.6,82.7,0.6,93.5,561.5,22397.1,80.0,15885.5,7296.8,"{'timestamp': '2026-09-06T08:06:20.781239+00:00', 'model_version': 'gemma4:12b-mlx', 'prompt_hash': 'a6af280e'}"
39,real_mixed_120,gemma4:12b-mlx_kb_rag,1245.8004169464111,42.48,0,fallback,1.0,0.0,0.0,0.0,0,14.1,100.0,0.6,92.0,561.5,22260.5,80.3,15854.7,7296.8,"{'timestamp': '2026-09-06T08:07:33.847980+00:00', 'model_version': 'gemma4:12b-mlx', 'prompt_hash': 'a6af280e'}"
5,real_mixed_16,qwen3:8b_baseline,298.38022899627686,36.85,0,direct_json,0.8,0.8888888888888888,0.8421052631578948,0.0,0,8.6,72.1,0.9,105.4,112.9,24285.7,75.9,7681.7,4983.3,"{'timestamp': '2026-09-06T08:12:34.433420+00:00', 'model_version': 'qwen3:8b', 'prompt_hash': 'a6af280e'}"
5,real_mixed_17,qwen3:8b_baseline,16.21533203125,40.35,0,direct_json,0.5,1.0,0.6666666666666666,0.0,0,15.6,100.0,5.2,111.8,111.8,17645.0,67.0,7681.7,4983.3,"{'timestamp': '2026-09-06T08:07:52.257614+00:00', 'model_version': 'qwen3:8b', 'prompt_hash': 'a6af280e'}"
5,real_mixed_18,qwen3:8b_baseline,225.93774104118347,24.17,0,direct_json,0.7,0.5833333333333334,0.6363636363636365,0.1,1,11.6,100.0,1.1,112.1,112.9,23380.7,74.5,7681.7,4983.3,"{'timestamp': '2026-09-06T08:11:22.001989+00:00', 'model_version': 'qwen3:8b', 'prompt_hash': 'a6af280e'}"
6,real_mixed_19,qwen3:8b_baseline,507.55522990226746,39.45,0,direct_json,0.6842105263157895,0.65,0.6666666666666667,0.05263157894736842,1,10.4,100.0,0.9,96.5,112.9,22519.7,79.4,7681.7,4983.3,"{'timestamp': '2026-09-06T08:16:03.623813+00:00', 'model_version': 'qwen3:8b', 'prompt_hash': 'a6af280e'}"
6,real_mixed_20,qwen3:8b_baseline,199.68296217918396,32.88,0,direct_json,0.5714285714285714,0.5,0.5333333333333333,0.0,0,8.6,72.1,1.0,112.5,112.9,22334.6,74.1,7681.7,4983.3,"{'timestamp': '2026-09-06T08:10:55.740992+00:00', 'model_version': 'qwen3:8b', 'prompt_hash': 'a6af280e'}"
6,real_mixed_21,qwen3:8b_baseline,328.74438285827637,38.47,0,direct_json,0.6363636363636364,0.5,0.56,0.09090909090909091,1,12.0,100.0,0.9,104.8,112.9,23994.3,76.5,7681.7,4983.3,"{'timestamp': '2026-09-06T08:13:04.795067+00:00', 'model_version': 'qwen3:8b', 'prompt_hash': 'a6af280e'}"
1,real_mixed_4,qwen3:8b_baseline,450.37406516075134,38.8,0,direct_json,0.6,0.6428571428571429,0.6206896551724138,0.06666666666666667,1,10.5,87.5,0.9,99.6,112.9,22875.5,78.7,7681.7,4983.3,"{'timestamp': '2026-09-06T08:15:06.442789+00:00', 'model_version': 'qwen3:8b', 'prompt_hash': 'a6af280e'}"
1,real_mixed_5,qwen3:8b_baseline,527.4367029666901,39.05,0,direct_json,0.3076923076923077,0.4,0.34782608695652173,0.0,0,10.6,100.0,0.9,96.7,112.9,22415.0,79.7,7681.7,4983.3,"{'timestamp': '2026-09-06T08:16:23.491511+00:00', 'model_version': 'qwen3:8b', 'prompt_hash': 'a6af280e'}"
1,real_mixed_6,qwen3:8b_baseline,551.094801902771,39.38,0,direct_json,0.6470588235294118,0.6111111111111112,0.6285714285714287,0.11764705882352941,2,12.1,100.0,0.9,96.8,112.9,22296.3,79.9,7681.7,4983.3,"{'timestamp': '2026-09-06T08:16:47.172105+00:00', 'model_version': 'qwen3:8b', 'prompt_hash': 'a6af280e'}"
4,real_mixed_13,qwen3:8b_baseline,368.83511090278625,38.32,0,direct_json,0.45454545454545453,0.5882352941176471,0.5128205128205129,0.0,0,8.8,72.1,0.9,104.2,112.9,23570.5,77.4,7681.7,4983.3,"{'timestamp': '2026-09-06T08:13:44.894537+00:00', 'model_version': 'qwen3:8b', 'prompt_hash': 'a6af280e'}"
4,real_mixed_14,qwen3:8b_baseline,658.6426539421082,38.35,0,direct_json,0.7857142857142857,0.9166666666666666,0.8461538461538461,0.0,0,9.2,100.0,0.8,93.3,112.9,21866.3,80.7,7681.7,4983.3,"{'timestamp': '2026-09-06T08:18:34.694979+00:00', 'model_version': 'qwen3:8b', 'prompt_hash': 'a6af280e'}"
4,real_mixed_15,qwen3:8b_baseline,486.75044298171997,38.61,0,direct_json,0.29411764705882354,0.5555555555555556,0.3846153846153846,0.0,0,10.3,100.0,0.9,97.5,112.9,22641.1,79.2,7681.7,4983.3,"{'timestamp': '2026-09-06T08:15:42.801094+00:00', 'model_version': 'qwen3:8b', 'prompt_hash': 'a6af280e'}"
0,real_mixed_1,qwen3:8b_baseline,417.8274459838867,39.09,0,direct_json,0.5833333333333334,0.5384615384615384,0.5599999999999999,0.0,0,13.6,91.7,0.8,101.5,112.9,23128.6,78.2,7681.7,4983.3,"{'timestamp': '2026-09-06T08:14:33.889355+00:00', 'model_version': 'qwen3:8b', 'prompt_hash': 'a6af280e'}"
0,real_mixed_2,qwen3:8b_baseline,158.00839829444885,37.9,0,fallback,1.0,0.0,0.0,0.0,0,11.2,100.0,2.6,112.3,112.8,21037.2,73.4,7681.7,4983.3,"{'timestamp': '2026-09-06T08:10:14.048570+00:00', 'model_version': 'qwen3:8b', 'prompt_hash': 'a6af280e'}"
0,real_mixed_3,qwen3:8b_baseline,682.9036929607391,38.93,0,direct_json,0.5,0.4166666666666667,0.45454545454545453,0.0,0,12.7,100.0,0.8,93.5,112.9,21787.9,80.9,7681.7,4983.3,"{'timestamp': '2026-09-06T08:18:58.957678+00:00', 'model_version': 'qwen3:8b', 'prompt_hash': 'a6af280e'}"
7,real_mixed_22,qwen3:8b_baseline,431.624409198761,39.87,0,direct_json,0.0,1.0,0.0,0.0,0,11.5,72.7,0.9,100.7,112.9,23016.2,78.5,7681.7,4983.3,"{'timestamp': '2026-09-06T08:14:47.663623+00:00', 'model_version': 'qwen3:8b', 'prompt_hash': 'a6af280e'}"
7,real_mixed_23,qwen3:8b_baseline,711.2053618431091,38.88,0,direct_json,0.4,0.4,0.4000000000000001,0.0,0,11.5,100.0,0.8,93.6,112.9,21703.3,81.1,7681.7,4983.3,"{'timestamp': '2026-09-06T08:19:27.268046+00:00', 'model_version': 'qwen3:8b', 'prompt_hash': 'a6af280e'}"
7,real_mixed_24,qwen3:8b_baseline,606.4217998981476,38.02,0,fallback,1.0,0.0,0.0,0.0,0,8.8,72.1,0.8,95.1,112.9,22056.9,80.4,7681.7,4983.3,"{'timestamp': '2026-09-06T08:17:42.476740+00:00', 'model_version': 'qwen3:8b', 'prompt_hash': 'a6af280e'}"
2,real_mixed_7,qwen3:8b_baseline,396.636568069458,38.82,0,direct_json,0.5294117647058824,0.6428571428571429,0.5806451612903226,0.0,0,8.6,72.1,0.9,102.7,112.9,23312.6,77.9,7681.7,4983.3,"{'timestamp': '2026-09-06T08:14:12.684693+00:00', 'model_version': 'qwen3:8b', 'prompt_hash': 'a6af280e'}"
2,real_mixed_8,qwen3:8b_baseline,259.3138279914856,22.4,0,direct_json,0.5,0.4444444444444444,0.47058823529411764,0.0,0,12.4,100.0,2.6,108.2,112.9,24138.7,75.6,7681.7,4983.3,"{'timestamp': '2026-09-06T08:11:55.359936+00:00', 'model_version': 'qwen3:8b', 'prompt_hash': 'a6af280e'}"
2,real_mixed_9,qwen3:8b_baseline,731.0312271118164,39.42,0,direct_json,0.4,0.4,0.4000000000000001,0.0,0,10.0,100.0,0.8,93.8,112.9,21649.2,81.2,7681.7,4983.3,"{'timestamp': '2026-09-06T08:19:47.080733+00:00', 'model_version': 'qwen3:8b', 'prompt_hash': 'a6af280e'}"
3,real_mixed_10,qwen3:8b_baseline,35.98445224761963,39.31,0,direct_json,0.42857142857142855,0.5,0.4615384615384615,0.0,0,8.4,44.8,2.2,111.9,112.0,18947.5,69.6,7681.7,4983.3,"{'timestamp': '2026-09-06T08:08:12.036731+00:00', 'model_version': 'qwen3:8b', 'prompt_hash': 'a6af280e'}"
3,real_mixed_11,qwen3:8b_baseline,756.6628608703613,37.64,0,direct_json,0.6666666666666666,0.8888888888888888,0.761904761904762,0.0,0,15.5,100.0,0.8,93.9,112.9,21582.6,81.3,7681.7,4983.3,"{'timestamp': '2026-09-06T08:20:12.723508+00:00', 'model_version': 'qwen3:8b', 'prompt_hash': 'a6af280e'}"
3,real_mixed_12,qwen3:8b_baseline,102.81461715698242,38.81,0,direct_json,0.5454545454545454,0.8571428571428571,0.6666666666666665,0.0,0,8.4,44.8,1.3,112.2,112.7,20506.6,72.4,7681.7,4983.3,"{'timestamp': '2026-09-06T08:09:18.870133+00:00', 'model_version': 'qwen3:8b', 'prompt_hash': 'a6af280e'}"
8,real_mixed_25,qwen3:8b_baseline,630.2799079418182,39.07,0,direct_json,0.38461538461538464,0.4166666666666667,0.4,0.0,0,8.9,72.1,0.8,94.2,112.9,21968.1,80.5,7681.7,4983.3,"{'timestamp': '2026-09-06T08:18:06.333439+00:00', 'model_version': 'qwen3:8b', 'prompt_hash': 'a6af280e'}"
8,real_mixed_26,qwen3:8b_baseline,69.86129999160767,38.85,0,direct_json,0.5833333333333334,0.5833333333333334,0.5833333333333334,0.0,0,10.0,100.0,1.5,112.0,112.2,19939.6,71.4,7681.7,4983.3,"{'timestamp': '2026-09-06T08:08:45.953220+00:00', 'model_version': 'qwen3:8b', 'prompt_hash': 'a6af280e'}"
8,real_mixed_27,qwen3:8b_baseline,812.7659211158752,29.52,0,direct_json,0.7777777777777778,0.7777777777777778,0.7777777777777778,0.0,0,13.3,100.0,0.8,92.8,112.9,21762.5,81.6,7681.7,4983.3,"{'timestamp': '2026-09-06T08:21:08.835004+00:00', 'model_version': 'qwen3:8b', 'prompt_hash': 'a6af280e'}"
9,real_mixed_28,qwen3:8b_baseline,638.7652869224548,38.21,0,fallback,1.0,0.0,0.0,0.0,0,10.8,72.8,0.9,82.0,104.6,20711.5,85.1,7681.7,4983.3,"{'timestamp': '2026-09-06T08:23:13.248152+00:00', 'model_version': 'qwen3:8b', 'prompt_hash': 'a6af280e'}"
9,real_mixed_29,qwen3:8b_baseline,584.2776629924774,29.06,0,direct_json,0.38095238095238093,0.6666666666666666,0.4848484848484849,0.0,0,10.2,80.3,0.9,82.6,104.6,20808.8,85.1,7681.7,4983.3,"{'timestamp': '2026-09-06T08:22:18.761503+00:00', 'model_version': 'qwen3:8b', 'prompt_hash': 'a6af280e'}"
9,real_mixed_30,qwen3:8b_baseline,653.5436251163483,39.61,0,direct_json,0.5714285714285714,0.5,0.5333333333333333,0.0,0,9.3,72.8,0.9,82.0,104.6,20690.8,85.1,7681.7,4983.3,"{'timestamp': '2026-09-06T08:23:28.018545+00:00', 'model_version': 'qwen3:8b', 'prompt_hash': 'a6af280e'}"
10,real_mixed_31,qwen3:8b_baseline,476.20298194885254,39.47,0,direct_json,0.4,1.0,0.5714285714285715,0.0,0,11.8,100.0,1.0,82.0,104.6,20924.8,85.4,7681.7,4983.3,"{'timestamp': '2026-09-06T08:23:59.869841+00:00', 'model_version': 'qwen3:8b', 'prompt_hash': 'a6af280e'}"
10,real_mixed_32,qwen3:8b_baseline,506.20970702171326,39.05,0,direct_json,0.16666666666666666,0.2857142857142857,0.2105263157894737,0.0,0,10.3,100.0,1.0,81.4,104.6,20849.4,85.4,7681.7,4983.3,"{'timestamp': '2026-09-06T08:24:29.877827+00:00', 'model_version': 'qwen3:8b', 'prompt_hash': 'a6af280e'}"
10,real_mixed_33,qwen3:8b_baseline,522.90025806427,39.39,0,direct_json,0.8,0.6153846153846154,0.6956521739130435,0.0,0,10.5,72.8,1.0,81.1,104.6,20810.4,85.4,7681.7,4983.3,"{'timestamp': '2026-09-06T08:24:46.579543+00:00', 'model_version': 'qwen3:8b', 'prompt_hash': 'a6af280e'}"
11,real_mixed_34,qwen3:8b_baseline,536.4781188964844,38.87,0,direct_json,0.3333333333333333,0.3,0.3157894736842105,0.0,0,12.5,100.0,1.1,80.3,104.6,20778.9,85.4,7681.7,4983.3,"{'timestamp': '2026-09-06T08:25:43.688321+00:00', 'model_version': 'qwen3:8b', 'prompt_hash': 'a6af280e'}"
11,real_mixed_35,qwen3:8b_baseline,572.7056488990784,38.59,0,direct_json,0.5,0.7142857142857143,0.588235294117647,0.1,1,10.1,100.0,1.0,79.9,104.6,20706.6,85.4,7681.7,4983.3,"{'timestamp': '2026-09-06T08:26:19.918284+00:00', 'model_version': 'qwen3:8b', 'prompt_hash': 'a6af280e'}"
11,real_mixed_36,qwen3:8b_baseline,511.7393569946289,39.17,0,direct_json,0.9230769230769231,0.5454545454545454,0.6857142857142856,0.0,0,9.5,100.0,1.0,80.1,104.6,20833.9,85.4,7681.7,4983.3,"{'timestamp': '2026-09-06T08:25:18.963291+00:00', 'model_version': 'qwen3:8b', 'prompt_hash': 'a6af280e'}"
12,real_mixed_37,qwen3:8b_baseline,486.1755802631378,38.94,0,direct_json,0.6428571428571429,0.75,0.6923076923076924,0.0,0,11.9,100.0,1.1,81.6,102.1,20892.0,85.4,7681.7,4983.3,"{'timestamp': '2026-09-06T08:26:40.935594+00:00', 'model_version': 'qwen3:8b', 'prompt_hash': 'a6af280e'}"
12,real_mixed_38,qwen3:8b_baseline,577.5037741661072,37.95,0,direct_json,0.6666666666666666,0.6153846153846154,0.64,0.0,0,10.1,80.9,1.1,82.3,102.1,20699.3,85.4,7681.7,4983.3,"{'timestamp': '2026-09-06T08:28:12.256671+00:00', 'model_version': 'qwen3:8b', 'prompt_hash': 'a6af280e'}"
12,real_mixed_39,qwen3:8b_baseline,524.872475862503,38.43,0,direct_json,0.75,0.8571428571428571,0.7999999999999999,0.0,0,9.2,72.8,1.1,82.2,102.1,20799.9,85.4,7681.7,4983.3,"{'timestamp': '2026-09-06T08:27:19.625206+00:00', 'model_version': 'qwen3:8b', 'prompt_hash': 'a6af280e'}"
13,real_mixed_40,qwen3:8b_baseline,607.9013290405273,38.19,0,fallback,1.0,0.0,0.0,0.0,0,11.7,100.0,1.1,82.6,102.1,20646.9,85.3,7681.7,4983.3,"{'timestamp': '2026-09-06T08:29:06.910079+00:00', 'model_version': 'qwen3:8b', 'prompt_hash': 'a6af280e'}"
13,real_mixed_41,qwen3:8b_baseline,643.361191034317,38.41,0,direct_json,0.6875,0.6111111111111112,0.6470588235294118,0.0,0,9.1,100.0,1.1,82.3,102.1,20594.4,85.3,7681.7,4983.3,"{'timestamp': '2026-09-06T08:29:42.379135+00:00', 'model_version': 'qwen3:8b', 'prompt_hash': 'a6af280e'}"
13,real_mixed_42,qwen3:8b_baseline,690.0058319568634,37.9,0,direct_json,0.75,0.625,0.6818181818181818,0.0,0,9.9,72.8,1.1,81.7,102.1,20537.8,85.3,7681.7,4983.3,"{'timestamp': '2026-09-06T08:30:29.028177+00:00', 'model_version': 'qwen3:8b', 'prompt_hash': 'a6af280e'}"
14,real_mixed_43,qwen3:8b_baseline,771.5546078681946,35.51,0,direct_json,0.8333333333333334,0.8695652173913043,0.851063829787234,0.0,0,9.9,100.0,1.1,81.7,200.9,21048.8,85.2,7681.7,4983.3,"{'timestamp': '2026-09-06T08:32:18.870466+00:00', 'model_version': 'qwen3:8b', 'prompt_hash': 'a6af280e'}"
14,real_mixed_44,qwen3:8b_baseline,720.9725520610809,29.24,0,direct_json,0.5714285714285714,0.8571428571428571,0.6857142857142857,0.0,0,13.1,100.0,1.1,82.0,200.9,20938.0,85.4,7681.7,4983.3,"{'timestamp': '2026-09-06T08:31:28.291609+00:00', 'model_version': 'qwen3:8b', 'prompt_hash': 'a6af280e'}"
14,real_mixed_45,qwen3:8b_baseline,686.6016340255737,29.93,0,direct_json,0.7142857142857143,0.8333333333333334,0.7692307692307692,0.0,0,13.4,100.0,1.1,82.6,200.9,20722.5,85.4,7681.7,4983.3,"{'timestamp': '2026-09-06T08:30:53.929730+00:00', 'model_version': 'qwen3:8b', 'prompt_hash': 'a6af280e'}"
15,real_mixed_46,qwen3:8b_baseline,852.5380086898804,39.11,0,direct_json,0.5714285714285714,0.2857142857142857,0.38095238095238093,0.0,0,13.8,100.0,1.1,81.7,200.9,20933.8,85.2,7681.7,4983.3,"{'timestamp': '2026-09-06T08:33:59.669540+00:00', 'model_version': 'qwen3:8b', 'prompt_hash': 'a6af280e'}"
15,real_mixed_47,qwen3:8b_baseline,806.495138168335,38.25,0,fallback,1.0,0.0,0.0,0.0,0,13.5,100.0,1.1,82.0,200.9,21000.3,85.2,7681.7,4983.3,"{'timestamp': '2026-09-06T08:33:13.638287+00:00', 'model_version': 'qwen3:8b', 'prompt_hash': 'a6af280e'}"
15,real_mixed_48,qwen3:8b_baseline,824.1710822582245,39.34,0,direct_json,0.3333333333333333,0.5,0.4,0.0,0,11.2,100.0,1.1,81.8,200.9,20973.9,85.2,7681.7,4983.3,"{'timestamp': '2026-09-06T08:33:31.287093+00:00', 'model_version': 'qwen3:8b', 'prompt_hash': 'a6af280e'}"
16,real_mixed_49,qwen3:8b_baseline,921.6362953186035,37.95,0,direct_json,0.5,0.42857142857142855,0.4615384615384615,0.0,0,11.4,100.0,1.1,81.0,200.9,20852.4,85.2,7681.7,4983.3,"{'timestamp': '2026-09-06T08:35:34.408323+00:00', 'model_version': 'qwen3:8b', 'prompt_hash': 'a6af280e'}"
16,real_mixed_50,qwen3:8b_baseline,844.1942121982574,39.4,0,direct_json,0.45454545454545453,0.45454545454545453,0.45454545454545453,0.0,0,9.2,100.0,1.1,81.5,200.9,20947.7,85.2,7681.7,4983.3,"{'timestamp': '2026-09-06T08:34:16.962284+00:00', 'model_version': 'qwen3:8b', 'prompt_hash': 'a6af280e'}"
16,real_mixed_51,qwen3:8b_baseline,873.5602087974548,38.98,0,direct_json,0.45454545454545453,0.5555555555555556,0.5,0.09090909090909091,1,9.2,100.0,1.1,82.0,200.9,20910.2,85.2,7681.7,4983.3,"{'timestamp': '2026-09-06T08:34:46.326907+00:00', 'model_version': 'qwen3:8b', 'prompt_hash': 'a6af280e'}"
17,real_mixed_52,qwen3:8b_baseline,947.1429209709167,38.52,0,direct_json,0.5555555555555556,0.7142857142857143,0.6250000000000001,0.0,0,8.7,64.7,1.0,81.8,200.9,20557.7,85.1,7681.7,4983.3,"{'timestamp': '2026-09-06T08:36:56.032086+00:00', 'model_version': 'qwen3:8b', 'prompt_hash': 'a6af280e'}"
17,real_mixed_53,qwen3:8b_baseline,990.0891311168671,38.62,0,direct_json,0.3076923076923077,0.6666666666666666,0.42105263157894735,0.0,0,9.7,100.0,1.0,81.4,200.9,20520.3,85.1,7681.7,4983.3,"{'timestamp': '2026-09-06T08:37:38.971528+00:00', 'model_version': 'qwen3:8b', 'prompt_hash': 'a6af280e'}"
17,real_mixed_54,qwen3:8b_baseline,906.9875349998474,39.14,0,direct_json,0.3333333333333333,0.5,0.4,0.0,0,11.8,100.0,1.0,81.8,200.9,20594.6,85.1,7681.7,4983.3,"{'timestamp': '2026-09-06T08:36:15.869730+00:00', 'model_version': 'qwen3:8b', 'prompt_hash': 'a6af280e'}"
18,real_mixed_55,qwen3:8b_baseline,931.0541770458221,38.18,0,direct_json,0.2,0.3333333333333333,0.25,0.0,0,8.5,64.7,1.1,83.8,200.9,20208.5,85.0,7681.7,4983.3,"{'timestamp': '2026-09-06T08:38:59.124058+00:00', 'model_version': 'qwen3:8b', 'prompt_hash': 'a6af280e'}"
18,real_mixed_56,qwen3:8b_baseline,965.395387172699,38.36,0,direct_json,0.2,0.21428571428571427,0.20689655172413796,0.0,0,11.6,100.0,1.0,83.7,200.9,20189.6,85.0,7681.7,4983.3,"{'timestamp': '2026-09-06T08:39:33.473171+00:00', 'model_version': 'qwen3:8b', 'prompt_hash': 'a6af280e'}"
18,real_mixed_57,qwen3:8b_baseline,882.9203550815582,39.23,0,direct_json,0.7222222222222222,0.7222222222222222,0.7222222222222222,0.1111111111111111,2,8.5,64.7,1.1,83.9,200.9,20235.3,85.0,7681.7,4983.3,"{'timestamp': '2026-09-06T08:38:11.002740+00:00', 'model_version': 'qwen3:8b', 'prompt_hash': 'a6af280e'}"
19,real_mixed_58,qwen3:8b_baseline,942.0589079856873,38.01,0,fallback,1.0,0.0,0.0,0.0,0,11.2,100.0,1.0,84.6,200.9,20208.7,85.0,7681.7,4983.3,"{'timestamp': '2026-09-06T08:40:28.689814+00:00', 'model_version': 'qwen3:8b', 'prompt_hash': 'a6af280e'}"
19,real_mixed_59,qwen3:8b_baseline,1026.7834289073944,35.44,0,direct_json,0.625,0.7894736842105263,0.6976744186046512,0.0,0,8.8,74.2,1.0,83.5,200.9,20642.0,85.0,7681.7,4983.3,"{'timestamp': '2026-09-06T08:41:53.404996+00:00', 'model_version': 'qwen3:8b', 'prompt_hash': 'a6af280e'}"
19,real_mixed_60,qwen3:8b_baseline,1005.0998067855835,28.68,0,direct_json,0.8,0.6153846153846154,0.6956521739130435,0.0,0,8.7,68.5,1.0,83.6,200.9,20550.4,85.1,7681.7,4983.3,"{'timestamp': '2026-09-06T08:41:31.739255+00:00', 'model_version': 'qwen3:8b', 'prompt_hash': 'a6af280e'}"
20,real_mixed_61,qwen3:8b_baseline,1071.7488029003143,36.43,0,fallback,1.0,0.0,0.0,0.0,0,8.8,68.5,1.0,83.6,200.9,20748.5,84.7,7681.7,4983.3,"{'timestamp': '2026-09-06T08:44:11.737508+00:00', 'model_version': 'qwen3:8b', 'prompt_hash': 'a6af280e'}"
20,real_mixed_62,qwen3:8b_baseline,1010.8017799854279,38.52,0,direct_json,0.5384615384615384,0.6363636363636364,0.5833333333333334,0.0,0,14.4,100.0,1.0,83.8,200.9,20804.7,84.7,7681.7,4983.3,"{'timestamp': '2026-09-06T08:43:10.772581+00:00', 'model_version': 'qwen3:8b', 'prompt_hash': 'a6af280e'}"
20,real_mixed_63,qwen3:8b_baseline,975.9898109436035,38.54,0,direct_json,0.125,0.125,0.125,0.0,0,10.3,100.0,1.0,83.9,200.9,20844.3,84.7,7681.7,4983.3,"{'timestamp': '2026-09-06T08:42:35.960806+00:00', 'model_version': 'qwen3:8b', 'prompt_hash': 'a6af280e'}"
21,real_mixed_64,qwen3:8b_baseline,1030.7472071647644,39.21,0,direct_json,0.25,1.0,0.4,0.0,0,9.3,68.5,1.0,83.4,200.9,20796.0,84.7,7681.7,4983.3,"{'timestamp': '2026-09-06T08:45:23.041795+00:00', 'model_version': 'qwen3:8b', 'prompt_hash': 'a6af280e'}"
21,real_mixed_65,qwen3:8b_baseline,1010.9499578475952,38.67,0,direct_json,0.4444444444444444,0.5,0.47058823529411764,0.1111111111111111,1,11.0,100.0,1.0,83.6,200.9,20817.8,84.7,7681.7,4983.3,"{'timestamp': '2026-09-06T08:45:03.249600+00:00', 'model_version': 'qwen3:8b', 'prompt_hash': 'a6af280e'}"
21,real_mixed_66,qwen3:8b_baseline,977.6422040462494,39.21,0,direct_json,0.5454545454545454,0.3,0.3870967741935483,0.0,0,8.9,68.5,1.0,83.4,200.9,20854.0,84.7,7681.7,4983.3,"{'timestamp': '2026-09-06T08:44:29.952879+00:00', 'model_version': 'qwen3:8b', 'prompt_hash': 'a6af280e'}"
22,real_mixed_67,qwen3:8b_baseline,1005.0838398933411,37.84,0,direct_json,0.3333333333333333,0.23529411764705882,0.27586206896551724,0.25,3,8.8,80.0,1.0,83.7,200.9,20828.3,84.7,7681.7,4983.3,"{'timestamp': '2026-09-06T08:47:14.594356+00:00', 'model_version': 'qwen3:8b', 'prompt_hash': 'a6af280e'}"
22,real_mixed_68,qwen3:8b_baseline,949.2353940010071,39.37,0,direct_json,0.625,0.7692307692307693,0.6896551724137931,0.0,0,11.0,100.0,1.0,84.2,200.9,20893.6,84.7,7681.7,4983.3,"{'timestamp': '2026-09-06T08:46:18.725448+00:00', 'model_version': 'qwen3:8b', 'prompt_hash': 'a6af280e'}"
22,real_mixed_69,qwen3:8b_baseline,931.1898400783539,38.46,0,direct_json,0.7,0.5833333333333334,0.6363636363636365,0.0,0,8.7,68.5,1.0,84.1,200.9,20913.8,84.7,7681.7,4983.3,"{'timestamp': '2026-09-06T08:46:00.705656+00:00', 'model_version': 'qwen3:8b', 'prompt_hash': 'a6af280e'}"
23,real_mixed_70,qwen3:8b_baseline,969.066878080368,38.71,0,direct_json,0.5384615384615384,0.3333333333333333,0.41176470588235287,0.15384615384615385,2,9.4,100.0,1.0,83.4,95.9,20394.4,84.8,7681.7,4983.3,"{'timestamp': '2026-09-06T08:48:27.987397+00:00', 'model_version': 'qwen3:8b', 'prompt_hash': 'a6af280e'}"
23,real_mixed_71,qwen3:8b_baseline,1025.7050349712372,37.78,0,fallback,1.0,0.0,0.0,0.0,0,10.6,100.0,1.0,83.1,95.9,20354.8,84.8,7681.7,4983.3,"{'timestamp': '2026-09-06T08:49:24.616317+00:00', 'model_version': 'qwen3:8b', 'prompt_hash': 'a6af280e'}"
23,real_mixed_72,qwen3:8b_baseline,934.0898869037628,38.56,0,direct_json,0.5833333333333334,0.5,0.5384615384615384,0.0,0,12.5,100.0,1.0,83.8,95.9,20419.3,84.8,7681.7,4983.3,"{'timestamp': '2026-09-06T08:47:53.006615+00:00', 'model_version': 'qwen3:8b', 'prompt_hash': 'a6af280e'}"
24,real_mixed_73,qwen3:8b_baseline,1018.305098772049,34.62,0,fallback,1.0,0.0,0.0,0.0,0,8.8,100.0,1.0,82.6,95.9,20478.0,84.8,7681.7,4983.3,"{'timestamp': '2026-09-06T08:50:58.030982+00:00', 'model_version': 'qwen3:8b', 'prompt_hash': 'a6af280e'}"
24,real_mixed_74,qwen3:8b_baseline,956.8489770889282,39.38,0,direct_json,0.5,0.4,0.4444444444444445,0.0,0,8.5,68.5,1.0,83.4,95.9,20389.8,84.8,7681.7,4983.3,"{'timestamp': '2026-09-06T08:49:56.568912+00:00', 'model_version': 'qwen3:8b', 'prompt_hash': 'a6af280e'}"
24,real_mixed_75,qwen3:8b_baseline,942.6356689929962,38.89,0,direct_json,0.5,0.6666666666666666,0.5714285714285715,0.0,0,10.1,100.0,1.0,83.2,95.9,20401.0,84.8,7681.7,4983.3,"{'timestamp': '2026-09-06T08:49:42.346643+00:00', 'model_version': 'qwen3:8b', 'prompt_hash': 'a6af280e'}"
25,real_mixed_76,qwen3:8b_baseline,955.3550889492035,26.55,0,direct_json,0.0,1.0,0.0,0.0,0,10.7,100.0,1.0,82.3,95.9,20745.9,84.9,7681.7,4983.3,"{'timestamp': '2026-09-06T08:51:29.799199+00:00', 'model_version': 'qwen3:8b', 'prompt_hash': 'a6af280e'}"
25,real_mixed_77,qwen3:8b_baseline,993.8476850986481,31.48,0,direct_json,0.5789473684210527,0.55,0.5641025641025641,0.0,0,12.1,100.0,1.0,81.8,95.9,20936.8,85.0,7681.7,4983.3,"{'timestamp': '2026-09-06T08:52:08.314997+00:00', 'model_version': 'qwen3:8b', 'prompt_hash': 'a6af280e'}"
25,real_mixed_78,qwen3:8b_baseline,1052.7263028621674,37.13,0,fallback,1.0,0.0,0.0,0.0,0,8.6,68.5,1.0,81.9,95.9,20868.7,85.0,7681.7,4983.3,"{'timestamp': '2026-09-06T08:53:07.177956+00:00', 'model_version': 'qwen3:8b', 'prompt_hash': 'a6af280e'}"
26,real_mixed_79,qwen3:8b_baseline,1008.9327449798584,37.4,0,direct_json,0.6666666666666666,0.6,0.631578947368421,0.0,0,12.3,100.0,1.0,82.5,95.9,20920.2,85.0,7681.7,4983.3,"{'timestamp': '2026-09-06T08:54:27.942195+00:00', 'model_version': 'qwen3:8b', 'prompt_hash': 'a6af280e'}"
26,real_mixed_80,qwen3:8b_baseline,981.699136018753,38.55,0,direct_json,0.53125,0.7083333333333334,0.6071428571428571,0.0,0,10.9,100.0,1.0,82.5,95.9,20953.4,85.0,7681.7,4983.3,"{'timestamp': '2026-09-06T08:54:00.731780+00:00', 'model_version': 'qwen3:8b', 'prompt_hash': 'a6af280e'}"
26,real_mixed_81,qwen3:8b_baseline,955.7681939601898,39.11,0,direct_json,0.5,0.45454545454545453,0.47619047619047616,0.0,0,10.2,100.0,1.0,82.1,95.9,20987.0,85.0,7681.7,4983.3,"{'timestamp': '2026-09-06T08:53:34.795244+00:00', 'model_version': 'qwen3:8b', 'prompt_hash': 'a6af280e'}"
27,real_mixed_82,qwen3:8b_baseline,1046.9188070297241,38.36,0,direct_json,0.4166666666666667,0.5555555555555556,0.4761904761904762,0.0,0,10.1,100.0,1.1,81.8,95.9,20879.7,85.0,7681.7,4983.3,"{'timestamp': '2026-09-06T08:57:00.444110+00:00', 'model_version': 'qwen3:8b', 'prompt_hash': 'a6af280e'}"
27,real_mixed_83,qwen3:8b_baseline,946.8394639492035,38.35,0,direct_json,0.5714285714285714,0.8,0.6666666666666666,0.14285714285714285,2,9.0,100.0,1.0,82.0,95.9,21003.2,85.0,7681.7,4983.3,"{'timestamp': '2026-09-06T08:55:20.366483+00:00', 'model_version': 'qwen3:8b', 'prompt_hash': 'a6af280e'}"
27,real_mixed_84,qwen3:8b_baseline,1001.610270023346,38.21,0,fallback,1.0,0.0,0.0,0.0,0,8.7,68.5,1.0,81.6,95.9,20935.0,85.0,7681.7,4983.3,"{'timestamp': '2026-09-06T08:56:15.137405+00:00', 'model_version': 'qwen3:8b', 'prompt_hash': 'a6af280e'}"
28,real_mixed_85,qwen3:8b_baseline,938.6728730201721,39.09,0,direct_json,0.4,0.5,0.4444444444444445,0.1,1,8.5,64.8,1.0,82.0,96.2,20493.2,85.0,7681.7,4983.3,"{'timestamp': '2026-09-06T08:57:32.118777+00:00', 'model_version': 'qwen3:8b', 'prompt_hash': 'a6af280e'}"
28,real_mixed_86,qwen3:8b_baseline,1017.9526052474976,38.53,0,direct_json,0.6363636363636364,0.5384615384615384,0.5833333333333334,0.09090909090909091,1,9.8,100.0,1.0,82.0,96.2,20428.8,85.0,7681.7,4983.3,"{'timestamp': '2026-09-06T08:58:51.406498+00:00', 'model_version': 'qwen3:8b', 'prompt_hash': 'a6af280e'}"
28,real_mixed_87,qwen3:8b_baseline,978.316223859787,38.66,0,direct_json,0.6,0.42857142857142855,0.5,0.0,0,11.1,68.3,1.0,82.1,96.2,20459.9,85.0,7681.7,4983.3,"{'timestamp': '2026-09-06T08:58:11.758782+00:00', 'model_version': 'qwen3:8b', 'prompt_hash': 'a6af280e'}"
29,real_mixed_88,qwen3:8b_baseline,1023.2715237140656,31.9,0,direct_json,0.375,0.75,0.5,0.125,1,8.6,68.1,1.1,81.6,96.2,20529.3,85.3,7681.7,4983.3,"{'timestamp': '2026-09-06T09:01:15.081744+00:00', 'model_version': 'qwen3:8b', 'prompt_hash': 'a6af280e'}"
29,real_mixed_89,qwen3:8b_baseline,967.1060700416565,37.94,0,fallback,1.0,0.0,0.0,0.0,0,11.6,100.0,1.1,81.8,96.2,20312.5,85.3,7681.7,4983.3,"{'timestamp': '2026-09-06T09:00:18.890542+00:00', 'model_version': 'qwen3:8b', 'prompt_hash': 'a6af280e'}"
29,real_mixed_90,qwen3:8b_baseline,911.5663089752197,38.82,0,direct_json,0.42105263157894735,1.0,0.5925925925925926,0.0,0,10.4,64.8,1.1,81.7,96.2,20347.0,85.3,7681.7,4983.3,"{'timestamp': '2026-09-06T08:59:23.345186+00:00', 'model_version': 'qwen3:8b', 'prompt_hash': 'a6af280e'}"
30,real_mixed_91,qwen3:8b_baseline,1063.0537343025208,38.81,0,direct_json,0.6923076923076923,0.75,0.7199999999999999,0.0,0,9.7,100.0,1.1,80.3,96.2,20805.7,85.3,7681.7,4983.3,"{'timestamp': '2026-09-06T09:03:06.148033+00:00', 'model_version': 'qwen3:8b', 'prompt_hash': 'a6af280e'}"
30,real_mixed_92,qwen3:8b_baseline,1035.2429099082947,39.0,0,direct_json,0.4666666666666667,0.4666666666666667,0.4666666666666667,0.06666666666666667,1,11.0,100.0,1.1,80.4,96.2,20836.0,85.3,7681.7,4983.3,"{'timestamp': '2026-09-06T09:02:38.340554+00:00', 'model_version': 'qwen3:8b', 'prompt_hash': 'a6af280e'}"
30,real_mixed_93,qwen3:8b_baseline,1013.3982589244843,30.57,0,direct_json,0.5833333333333334,0.7,0.6363636363636365,0.0,0,12.8,100.0,1.1,80.4,96.2,20861.3,85.3,7681.7,4983.3,"{'timestamp': '2026-09-06T09:02:16.500733+00:00', 'model_version': 'qwen3:8b', 'prompt_hash': 'a6af280e'}"
31,real_mixed_94,qwen3:8b_baseline,1082.772227048874,38.72,0,direct_json,0.8461538461538461,0.55,0.6666666666666667,0.0,0,10.3,68.3,1.1,80.7,96.5,20783.3,85.3,7681.7,4983.3,"{'timestamp': '2026-09-06T09:05:17.429271+00:00', 'model_version': 'qwen3:8b', 'prompt_hash': 'a6af280e'}"
31,real_mixed_95,qwen3:8b_baseline,995.2083988189697,38.69,0,direct_json,0.125,0.5,0.2,0.0,0,8.7,68.1,1.1,80.4,96.5,20876.8,85.3,7681.7,4983.3,"{'timestamp': '2026-09-06T09:03:49.843672+00:00', 'model_version': 'qwen3:8b', 'prompt_hash': 'a6af280e'}"
31,real_mixed_96,qwen3:8b_baseline,1050.8567938804626,38.18,0,fallback,1.0,0.0,0.0,0.0,0,8.6,68.1,1.1,80.5,96.5,20814.6,85.3,7681.7,4983.3,"{'timestamp': '2026-09-06T09:04:45.499966+00:00', 'model_version': 'qwen3:8b', 'prompt_hash': 'a6af280e'}"
32,real_mixed_97,qwen3:8b_baseline,966.9535639286041,39.19,0,direct_json,0.5,0.5555555555555556,0.5263157894736842,0.0,0,9.9,100.0,1.1,80.7,96.5,20914.8,85.3,7681.7,4983.3,"{'timestamp': '2026-09-06T09:05:31.619892+00:00', 'model_version': 'qwen3:8b', 'prompt_hash': 'a6af280e'}"
32,real_mixed_98,qwen3:8b_baseline,1001.4107608795166,38.39,0,direct_json,0.47368421052631576,0.32142857142857145,0.3829787234042553,0.0,0,8.7,68.1,1.1,80.7,96.5,20872.4,85.3,7681.7,4983.3,"{'timestamp': '2026-09-06T09:06:06.100925+00:00', 'model_version': 'qwen3:8b', 'prompt_hash': 'a6af280e'}"
32,real_mixed_99,qwen3:8b_baseline,1050.0986530780792,38.93,0,direct_json,0.1111111111111111,0.5,0.1818181818181818,0.0,0,8.9,68.1,1.1,80.5,96.5,20820.1,85.3,7681.7,4983.3,"{'timestamp': '2026-09-06T09:06:54.754934+00:00', 'model_version': 'qwen3:8b', 'prompt_hash': 'a6af280e'}"
33,real_mixed_100,qwen3:8b_baseline,1047.6093850135803,38.5,0,direct_json,0.1,0.2857142857142857,0.14814814814814817,0.0,0,13.0,100.0,1.0,81.1,96.5,20694.5,85.3,7681.7,4983.3,"{'timestamp': '2026-09-06T09:08:25.697303+00:00', 'model_version': 'qwen3:8b', 'prompt_hash': 'a6af280e'}"
33,real_mixed_101,qwen3:8b_baseline,1004.3584220409393,38.99,0,direct_json,0.25,0.2857142857142857,0.26666666666666666,0.0,0,8.5,68.1,1.1,81.2,96.5,20738.0,85.3,7681.7,4983.3,"{'timestamp': '2026-09-06T09:07:42.438081+00:00', 'model_version': 'qwen3:8b', 'prompt_hash': 'a6af280e'}"
33,real_mixed_102,qwen3:8b_baseline,968.2020950317383,40.22,0,direct_json,0.0,1.0,0.0,0.0,0,12.9,100.0,1.1,80.8,96.5,20778.5,85.3,7681.7,4983.3,"{'timestamp': '2026-09-06T09:07:06.277546+00:00', 'model_version': 'qwen3:8b', 'prompt_hash': 'a6af280e'}"
34,real_mixed_103,qwen3:8b_baseline,927.4923379421234,39.87,0,direct_json,0.0,1.0,0.0,0.0,0,11.4,68.1,1.1,82.0,96.5,20340.2,85.1,7681.7,4983.3,"{'timestamp': '2026-09-06T09:08:34.715348+00:00', 'model_version': 'qwen3:8b', 'prompt_hash': 'a6af280e'}"
34,real_mixed_104,qwen3:8b_baseline,959.8562760353088,38.92,0,direct_json,0.29411764705882354,0.5,0.37037037037037035,0.0,0,10.0,68.1,1.0,82.1,96.5,20318.0,85.1,7681.7,4983.3,"{'timestamp': '2026-09-06T09:09:07.092146+00:00', 'model_version': 'qwen3:8b', 'prompt_hash': 'a6af280e'}"
34,real_mixed_105,qwen3:8b_baseline,979.9867599010468,39.14,0,direct_json,0.5,0.6,0.5454545454545454,0.0,0,8.5,68.1,1.1,82.0,96.5,20305.7,85.1,7681.7,4983.3,"{'timestamp': '2026-09-06T09:09:27.222000+00:00', 'model_version': 'qwen3:8b', 'prompt_hash': 'a6af280e'}"
35,real_mixed_106,qwen3:8b_baseline,930.6084790229797,39.08,0,direct_json,0.6666666666666666,1.0,0.8,0.0,0,8.5,68.1,1.1,81.4,96.5,20333.8,85.1,7681.7,4983.3,"{'timestamp': '2026-09-06T09:09:58.593677+00:00', 'model_version': 'qwen3:8b', 'prompt_hash': 'a6af280e'}"
35,real_mixed_107,qwen3:8b_baseline,972.5564682483673,38.49,0,direct_json,0.7142857142857143,0.7692307692307693,0.7407407407407408,0.0,0,9.8,68.1,1.0,81.3,96.5,20308.6,85.1,7681.7,4983.3,"{'timestamp': '2026-09-06T09:10:40.548167+00:00', 'model_version': 'qwen3:8b', 'prompt_hash': 'a6af280e'}"
35,real_mixed_108,qwen3:8b_baseline,949.2661678791046,38.48,0,direct_json,0.2,0.4,0.26666666666666666,0.0,0,8.8,100.0,1.0,81.4,96.5,20322.0,85.1,7681.7,4983.3,"{'timestamp': '2026-09-06T09:10:17.258416+00:00', 'model_version': 'qwen3:8b', 'prompt_hash': 'a6af280e'}"
36,real_mixed_109,qwen3:8b_baseline,932.9164729118347,33.72,0,fallback,1.0,0.0,0.0,0.0,0,11.0,100.0,0.9,78.7,96.5,20939.4,85.2,7681.7,4983.3,"{'timestamp': '2026-09-06T09:12:33.420676+00:00', 'model_version': 'qwen3:8b', 'prompt_hash': 'a6af280e'}"
36,real_mixed_110,qwen3:8b_baseline,988.5940520763397,37.83,0,fallback,1.0,0.0,0.0,0.0,0,14.8,100.0,0.9,78.6,96.5,20875.7,85.2,7681.7,4983.3,"{'timestamp': '2026-09-06T09:13:29.099687+00:00', 'model_version': 'qwen3:8b', 'prompt_hash': 'a6af280e'}"
36,real_mixed_111,qwen3:8b_baseline,869.1457540988922,26.7,0,direct_json,0.5555555555555556,0.1724137931034483,0.26315789473684215,0.0,0,10.4,100.0,1.0,80.6,96.5,20759.9,85.2,7681.7,4983.3,"{'timestamp': '2026-09-06T09:11:29.648752+00:00', 'model_version': 'qwen3:8b', 'prompt_hash': 'a6af280e'}"
37,real_mixed_112,qwen3:8b_baseline,912.8370151519775,39.17,0,direct_json,0.42857142857142855,0.6,0.5,0.0,0,8.9,68.1,0.9,78.6,96.5,20980.6,85.2,7681.7,4983.3,"{'timestamp': '2026-09-06T09:14:04.288202+00:00', 'model_version': 'qwen3:8b', 'prompt_hash': 'a6af280e'}"
37,real_mixed_113,qwen3:8b_baseline,997.2208180427551,38.56,0,direct_json,0.75,0.6666666666666666,0.7058823529411765,0.0,0,10.2,68.1,0.9,78.2,96.5,20875.2,85.2,7681.7,4983.3,"{'timestamp': '2026-09-06T09:15:28.679799+00:00', 'model_version': 'qwen3:8b', 'prompt_hash': 'a6af280e'}"
37,real_mixed_114,qwen3:8b_baseline,954.2884118556976,38.67,0,direct_json,0.38461538461538464,0.7142857142857143,0.5,0.07692307692307693,1,9.0,68.1,0.9,78.6,96.5,20928.1,85.2,7681.7,4983.3,"{'timestamp': '2026-09-06T09:14:45.740576+00:00', 'model_version': 'qwen3:8b', 'prompt_hash': 'a6af280e'}"
38,real_mixed_115,qwen3:8b_baseline,901.0849640369415,38.73,0,direct_json,0.42857142857142855,1.0,0.6,0.0,0,13.5,100.0,0.8,78.1,96.5,20710.0,85.2,7681.7,4983.3,"{'timestamp': '2026-09-06T09:16:16.264210+00:00', 'model_version': 'qwen3:8b', 'prompt_hash': 'a6af280e'}"
38,real_mixed_116,qwen3:8b_baseline,933.6038460731506,38.73,0,direct_json,0.3333333333333333,0.5,0.4,0.0,0,10.9,100.0,0.7,78.1,96.5,20677.8,85.2,7681.7,4983.3,"{'timestamp': '2026-09-06T09:16:48.786764+00:00', 'model_version': 'qwen3:8b', 'prompt_hash': 'a6af280e'}"
38,real_mixed_117,qwen3:8b_baseline,972.0015118122101,38.48,0,direct_json,0.375,0.75,0.5,0.0,0,15.4,100.0,0.7,77.5,96.5,20640.3,85.2,7681.7,4983.3,"{'timestamp': '2026-09-06T09:17:27.196214+00:00', 'model_version': 'qwen3:8b', 'prompt_hash': 'a6af280e'}"
39,real_mixed_118,qwen3:8b_baseline,932.1181349754333,39.12,0,direct_json,0.5,0.8,0.6153846153846154,0.0,0,10.4,61.6,0.7,78.9,96.5,20334.0,85.2,7681.7,4983.3,"{'timestamp': '2026-09-06T09:18:38.317526+00:00', 'model_version': 'qwen3:8b', 'prompt_hash': 'a6af280e'}"
39,real_mixed_119,qwen3:8b_baseline,906.2602250576019,38.48,0,direct_json,0.6666666666666666,0.6666666666666666,0.6666666666666666,0.0,0,10.6,63.2,0.7,78.6,96.5,20348.7,85.2,7681.7,4983.3,"{'timestamp': '2026-09-06T09:18:12.464921+00:00', 'model_version': 'qwen3:8b', 'prompt_hash': 'a6af280e'}"
39,real_mixed_120,qwen3:8b_baseline,954.2580151557922,39.18,0,direct_json,0.5555555555555556,1.0,0.7142857142857143,0.0,0,11.8,61.6,0.7,78.8,96.5,20319.5,85.2,7681.7,4983.3,"{'timestamp': '2026-09-06T09:19:00.452943+00:00', 'model_version': 'qwen3:8b', 'prompt_hash': 'a6af280e'}"
6,real_mixed_19,qwen3:8b_kb_rag,254.89174580574036,37.62,0,fallback,1.0,0.0,0.0,0.0,0,10.3,100.0,1.6,124.6,933.6,21547.3,85.2,7681.7,4983.3,"{'timestamp': '2026-09-06T09:23:18.046676+00:00', 'model_version': 'qwen3:8b', 'prompt_hash': 'a6af280e'}"
6,real_mixed_20,qwen3:8b_kb_rag,40.07161498069763,37.94,0,direct_json,0.6153846153846154,0.5,0.5517241379310345,0.0,0,10.8,48.6,4.6,371.2,820.0,19660.0,85.1,7681.7,4983.3,"{'timestamp': '2026-09-06T09:19:43.232651+00:00', 'model_version': 'qwen3:8b', 'prompt_hash': 'a6af280e'}"
6,real_mixed_21,qwen3:8b_kb_rag,198.22606301307678,38.67,0,direct_json,0.75,0.42857142857142855,0.5454545454545454,0.125,1,9.5,65.0,1.3,140.2,820.0,22061.8,85.2,7681.7,4983.3,"{'timestamp': '2026-09-06T09:22:21.397663+00:00', 'model_version': 'qwen3:8b', 'prompt_hash': 'a6af280e'}"
4,real_mixed_13,qwen3:8b_kb_rag,127.22064280509949,32.21,0,direct_json,0.4782608695652174,0.6470588235294118,0.55,0.0,0,13.4,96.1,1.2,184.7,820.0,21161.0,85.4,7681.7,4983.3,"{'timestamp': '2026-09-06T09:21:10.394809+00:00', 'model_version': 'qwen3:8b', 'prompt_hash': 'a6af280e'}"
4,real_mixed_14,qwen3:8b_kb_rag,504.7027277946472,37.09,0,direct_json,0.7333333333333333,0.9166666666666666,0.8148148148148148,0.0,0,8.7,65.0,1.5,106.7,820.0,20657.8,85.1,7681.7,4983.3,"{'timestamp': '2026-09-06T09:27:27.857716+00:00', 'model_version': 'qwen3:8b', 'prompt_hash': 'a6af280e'}"
4,real_mixed_15,qwen3:8b_kb_rag,401.83756399154663,37.81,0,direct_json,0.375,0.6666666666666666,0.4800000000000001,0.0,0,8.9,65.0,1.6,116.7,820.0,20895.6,85.1,7681.7,4983.3,"{'timestamp': '2026-09-06T09:25:44.993528+00:00', 'model_version': 'qwen3:8b', 'prompt_hash': 'a6af280e'}"
0,real_mixed_1,qwen3:8b_kb_rag,645.5423469543457,38.11,0,direct_json,0.7058823529411765,0.9230769230769231,0.8000000000000002,0.0,0,8.7,65.0,1.6,111.6,934.8,20443.7,85.1,7681.7,4983.3,"{'timestamp': '2026-09-06T09:29:48.689831+00:00', 'model_version': 'qwen3:8b', 'prompt_hash': 'a6af280e'}"
0,real_mixed_2,qwen3:8b_kb_rag,438.0051839351654,37.91,0,direct_json,0.6363636363636364,0.5833333333333334,0.6086956521739131,0.0,0,8.8,65.0,1.5,112.6,820.0,20800.3,85.1,7681.7,4983.3,"{'timestamp': '2026-09-06T09:26:21.167685+00:00', 'model_version': 'qwen3:8b', 'prompt_hash': 'a6af280e'}"
0,real_mixed_3,qwen3:8b_kb_rag,359.4372730255127,37.61,0,direct_json,0.6363636363636364,0.5833333333333334,0.6086956521739131,0.0,0,9.0,65.0,1.6,121.8,820.0,21036.5,85.1,7681.7,4983.3,"{'timestamp': '2026-09-06T09:25:02.608453+00:00', 'model_version': 'qwen3:8b', 'prompt_hash': 'a6af280e'}"
7,real_mixed_22,qwen3:8b_kb_rag,142.98678493499756,28.09,0,direct_json,0.0,1.0,0.0,0.0,0,9.5,65.0,1.9,171.9,820.0,21750.7,85.6,7681.7,4983.3,"{'timestamp': '2026-09-06T09:21:26.131626+00:00', 'model_version': 'qwen3:8b', 'prompt_hash': 'a6af280e'}"
7,real_mixed_23,qwen3:8b_kb_rag,873.2039170265198,37.59,0,direct_json,0.47058823529411764,0.5333333333333333,0.5,0.0,0,15.9,100.0,1.3,108.0,820.0,20667.3,84.9,7681.7,4983.3,"{'timestamp': '2026-09-06T09:33:36.368037+00:00', 'model_version': 'qwen3:8b', 'prompt_hash': 'a6af280e'}"
7,real_mixed_24,qwen3:8b_kb_rag,462.607634305954,38.48,0,direct_json,0.5,0.5714285714285714,0.5333333333333333,0.0,0,9.5,100.0,1.2,110.8,820.0,20744.0,85.1,7681.7,4983.3,"{'timestamp': '2026-09-06T09:26:45.772999+00:00', 'model_version': 'qwen3:8b', 'prompt_hash': 'a6af280e'}"
2,real_mixed_7,qwen3:8b_kb_rag,931.0127818584442,37.17,0,fallback,1.0,0.0,0.0,0.0,0,15.0,100.0,1.5,113.2,933.5,20604.2,85.0,7681.7,4983.3,"{'timestamp': '2026-09-06T09:34:34.169120+00:00', 'model_version': 'qwen3:8b', 'prompt_hash': 'a6af280e'}"
2,real_mixed_8,qwen3:8b_kb_rag,67.47837805747986,37.47,0,direct_json,0.4444444444444444,0.4444444444444444,0.4444444444444444,0.0,0,12.1,100.0,1.7,294.1,933.3,19670.9,85.1,7681.7,4983.3,"{'timestamp': '2026-09-06T09:20:10.620232+00:00', 'model_version': 'qwen3:8b', 'prompt_hash': 'a6af280e'}"
2,real_mixed_9,qwen3:8b_kb_rag,560.2939579486847,37.54,0,fallback,1.0,0.0,0.0,0.0,0,16.3,98.0,2.8,117.3,937.7,20559.3,85.1,7681.7,4983.3,"{'timestamp': '2026-09-06T09:28:23.407189+00:00', 'model_version': 'qwen3:8b', 'prompt_hash': 'a6af280e'}"
5,real_mixed_16,qwen3:8b_kb_rag,616.5518939495087,37.3,0,fallback,1.0,0.0,0.0,0.0,0,9.4,100.0,1.4,113.5,820.0,20480.9,85.1,7681.7,4983.3,"{'timestamp': '2026-09-06T09:29:19.708191+00:00', 'model_version': 'qwen3:8b', 'prompt_hash': 'a6af280e'}"
5,real_mixed_17,qwen3:8b_kb_rag,183.1180820465088,35.1,0,direct_json,0.6666666666666666,1.0,0.8,0.0,0,9.7,65.0,1.4,145.9,820.0,22263.2,85.2,7681.7,4983.3,"{'timestamp': '2026-09-06T09:22:06.272511+00:00', 'model_version': 'qwen3:8b', 'prompt_hash': 'a6af280e'}"
5,real_mixed_18,qwen3:8b_kb_rag,975.2547750473022,37.31,0,direct_json,0.7,0.5833333333333334,0.6363636363636365,0.0,0,8.7,76.4,1.5,115.5,820.0,20562.5,85.0,7681.7,4983.3,"{'timestamp': '2026-09-06T09:35:18.438652+00:00', 'model_version': 'qwen3:8b', 'prompt_hash': 'a6af280e'}"
1,real_mixed_4,qwen3:8b_kb_rag,1042.8425521850586,37.92,0,direct_json,0.625,0.7142857142857143,0.6666666666666666,0.0,0,13.7,100.0,1.6,118.0,820.0,20508.9,85.0,7681.7,4983.3,"{'timestamp': '2026-09-06T09:36:26.003922+00:00', 'model_version': 'qwen3:8b', 'prompt_hash': 'a6af280e'}"
1,real_mixed_5,qwen3:8b_kb_rag,829.454078912735,37.13,0,fallback,1.0,0.0,0.0,0.0,0,8.7,76.4,1.3,109.5,820.0,20718.5,84.9,7681.7,4983.3,"{'timestamp': '2026-09-06T09:32:52.616339+00:00', 'model_version': 'qwen3:8b', 'prompt_hash': 'a6af280e'}"
1,real_mixed_6,qwen3:8b_kb_rag,772.5493490695953,31.23,0,fallback,1.0,0.0,0.0,0.0,0,8.8,76.4,1.3,111.7,820.0,20789.9,85.0,7681.7,4983.3,"{'timestamp': '2026-09-06T09:31:55.735528+00:00', 'model_version': 'qwen3:8b', 'prompt_hash': 'a6af280e'}"
8,real_mixed_25,qwen3:8b_kb_rag,1075.7497432231903,38.09,0,direct_json,0.5454545454545454,0.5,0.5217391304347826,0.0,0,13.7,100.0,1.8,121.7,820.0,20483.9,85.0,7681.7,4983.3,"{'timestamp': '2026-09-06T09:36:58.918018+00:00', 'model_version': 'qwen3:8b', 'prompt_hash': 'a6af280e'}"
8,real_mixed_26,qwen3:8b_kb_rag,1013.5003981590271,37.7,0,direct_json,0.6666666666666666,0.6111111111111112,0.6376811594202899,0.0,0,9.8,100.0,1.6,118.0,820.0,20528.0,85.0,7681.7,4983.3,"{'timestamp': '2026-09-06T09:35:56.693895+00:00', 'model_version': 'qwen3:8b', 'prompt_hash': 'a6af280e'}"
8,real_mixed_27,qwen3:8b_kb_rag,1101.8455700874329,36.98,0,direct_json,0.8260869565217391,0.7037037037037037,0.76,0.0,0,8.7,76.4,1.6,121.4,820.0,20464.8,85.0,7681.7,4983.3,"{'timestamp': '2026-09-06T09:37:25.031664+00:00', 'model_version': 'qwen3:8b', 'prompt_hash': 'a6af280e'}"
3,real_mixed_10,qwen3:8b_kb_rag,1124.292739868164,38.63,0,direct_json,0.6666666666666666,1.0,0.8,0.0,0,9.8,100.0,1.9,124.2,820.0,20450.3,85.0,7681.7,4983.3,"{'timestamp': '2026-09-06T09:37:47.442987+00:00', 'model_version': 'qwen3:8b', 'prompt_hash': 'a6af280e'}"
3,real_mixed_11,qwen3:8b_kb_rag,706.0029528141022,36.24,0,fallback,1.0,0.0,0.0,0.0,0,8.8,76.4,1.7,116.3,934.3,20412.0,85.1,7681.7,4983.3,"{'timestamp': '2026-09-06T09:30:49.150851+00:00', 'model_version': 'qwen3:8b', 'prompt_hash': 'a6af280e'}"
3,real_mixed_12,qwen3:8b_kb_rag,312.5780620574951,37.45,0,fallback,1.0,0.0,0.0,0.0,0,12.7,100.0,2.6,128.8,935.1,21220.9,85.2,7681.7,4983.3,"{'timestamp': '2026-09-06T09:24:15.718330+00:00', 'model_version': 'qwen3:8b', 'prompt_hash': 'a6af280e'}"
9,real_mixed_28,qwen3:8b_kb_rag,908.2920768260956,37.89,0,direct_json,0.6428571428571429,0.6,0.6206896551724138,0.0,0,12.2,100.0,2.0,129.4,557.9,20111.6,84.9,7681.7,4983.3,"{'timestamp': '2026-09-06T09:38:26.777106+00:00', 'model_version': 'qwen3:8b', 'prompt_hash': 'a6af280e'}"
9,real_mixed_29,qwen3:8b_kb_rag,995.3557260036469,37.81,0,direct_json,0.5,0.75,0.6,0.0,0,9.1,100.0,1.9,126.6,557.9,20078.0,84.9,7681.7,4983.3,"{'timestamp': '2026-09-06T09:39:53.833267+00:00', 'model_version': 'qwen3:8b', 'prompt_hash': 'a6af280e'}"
9,real_mixed_30,qwen3:8b_kb_rag,956.3944749832153,37.63,0,direct_json,0.5,0.5,0.5,0.0,0,9.6,100.0,2.0,128.5,557.9,20092.0,84.9,7681.7,4983.3,"{'timestamp': '2026-09-06T09:39:14.867793+00:00', 'model_version': 'qwen3:8b', 'prompt_hash': 'a6af280e'}"
10,real_mixed_31,qwen3:8b_kb_rag,799.9419140815735,37.82,0,direct_json,0.4,1.0,0.5714285714285715,0.0,0,8.8,100.0,2.3,147.1,657.9,20162.5,84.9,7681.7,4983.3,"{'timestamp': '2026-09-06T09:40:48.211532+00:00', 'model_version': 'qwen3:8b', 'prompt_hash': 'a6af280e'}"
10,real_mixed_32,qwen3:8b_kb_rag,877.4865291118622,27.36,0,fallback,1.0,0.0,0.0,0.0,0,10.4,100.0,2.1,139.7,657.9,20718.1,85.1,7681.7,4983.3,"{'timestamp': '2026-09-06T09:42:05.762361+00:00', 'model_version': 'qwen3:8b', 'prompt_hash': 'a6af280e'}"
10,real_mixed_33,qwen3:8b_kb_rag,923.8735620975494,35.17,0,direct_json,0.6666666666666666,0.6153846153846154,0.64,0.0,0,10.2,100.0,2.0,136.6,657.9,20808.9,85.0,7681.7,4983.3,"{'timestamp': '2026-09-06T09:42:52.156103+00:00', 'model_version': 'qwen3:8b', 'prompt_hash': 'a6af280e'}"
11,real_mixed_34,qwen3:8b_kb_rag,866.5532329082489,38.01,0,direct_json,0.5714285714285714,0.4,0.47058823529411764,0.0,0,11.5,100.0,3.0,143.2,657.9,20892.7,85.0,7681.7,4983.3,"{'timestamp': '2026-09-06T09:44:15.626556+00:00', 'model_version': 'qwen3:8b', 'prompt_hash': 'a6af280e'}"
11,real_mixed_35,qwen3:8b_kb_rag,923.2705698013306,37.24,0,fallback,1.0,0.0,0.0,0.0,0,10.5,100.0,2.1,139.0,657.9,20820.3,85.0,7681.7,4983.3,"{'timestamp': '2026-09-06T09:45:12.346048+00:00', 'model_version': 'qwen3:8b', 'prompt_hash': 'a6af280e'}"
11,real_mixed_36,qwen3:8b_kb_rag,839.2645101547241,37.47,0,fallback,1.0,0.0,0.0,0.0,0,10.2,100.0,2.4,143.7,657.9,20928.0,85.0,7681.7,4983.3,"{'timestamp': '2026-09-06T09:43:48.348362+00:00', 'model_version': 'qwen3:8b', 'prompt_hash': 'a6af280e'}"
12,real_mixed_37,qwen3:8b_kb_rag,767.0436639785767,38.28,0,direct_json,0.6923076923076923,0.75,0.7199999999999999,0.0,0,9.8,63.6,2.3,152.1,657.9,20572.9,85.2,7681.7,4983.3,"{'timestamp': '2026-09-06T09:46:23.818529+00:00', 'model_version': 'qwen3:8b', 'prompt_hash': 'a6af280e'}"
12,real_mixed_38,qwen3:8b_kb_rag,791.8568313121796,38.21,0,direct_json,0.5454545454545454,0.46153846153846156,0.4999999999999999,0.0,0,11.2,63.6,2.3,149.7,657.9,20545.7,85.2,7681.7,4983.3,"{'timestamp': '2026-09-06T09:46:48.624563+00:00', 'model_version': 'qwen3:8b', 'prompt_hash': 'a6af280e'}"
12,real_mixed_39,qwen3:8b_kb_rag,738.1417460441589,37.49,0,direct_json,0.7,1.0,0.8235294117647058,0.0,0,9.9,100.0,2.5,154.0,657.9,20608.1,85.2,7681.7,4983.3,"{'timestamp': '2026-09-06T09:45:54.901141+00:00', 'model_version': 'qwen3:8b', 'prompt_hash': 'a6af280e'}"
13,real_mixed_40,qwen3:8b_kb_rag,781.57155585289,37.66,0,direct_json,0.7272727272727273,0.6666666666666666,0.6956521739130435,0.0,0,8.9,63.6,2.4,152.1,657.9,20563.9,85.2,7681.7,4983.3,"{'timestamp': '2026-09-06T09:47:36.178937+00:00', 'model_version': 'qwen3:8b', 'prompt_hash': 'a6af280e'}"
13,real_mixed_41,qwen3:8b_kb_rag,879.8826501369476,37.16,0,fallback,1.0,0.0,0.0,0.0,0,10.5,71.4,2.1,144.6,657.9,20472.3,85.2,7681.7,4983.3,"{'timestamp': '2026-09-06T09:49:14.489859+00:00', 'model_version': 'qwen3:8b', 'prompt_hash': 'a6af280e'}"
13,real_mixed_42,qwen3:8b_kb_rag,823.3000493049622,37.58,0,direct_json,0.6470588235294118,0.4583333333333333,0.5365853658536585,0.0,0,9.0,100.0,2.3,149.9,657.9,20520.2,85.2,7681.7,4983.3,"{'timestamp': '2026-09-06T09:48:17.915836+00:00', 'model_version': 'qwen3:8b', 'prompt_hash': 'a6af280e'}"
14,real_mixed_43,qwen3:8b_kb_rag,955.5459268093109,32.1,0,fallback,1.0,0.0,0.0,0.0,0,9.4,100.0,2.1,140.9,657.9,20593.1,85.2,7681.7,4983.3,"{'timestamp': '2026-09-06T09:51:14.395312+00:00', 'model_version': 'qwen3:8b', 'prompt_hash': 'a6af280e'}"
14,real_mixed_44,qwen3:8b_kb_rag,885.7635099887848,37.47,0,direct_json,0.55,0.7857142857142857,0.6470588235294117,0.0,0,9.0,63.6,2.1,146.4,657.9,20468.0,85.2,7681.7,4983.3,"{'timestamp': '2026-09-06T09:50:04.621641+00:00', 'model_version': 'qwen3:8b', 'prompt_hash': 'a6af280e'}"
14,real_mixed_45,qwen3:8b_kb_rag,986.9665689468384,21.34,0,direct_json,0.6923076923076923,0.75,0.7199999999999999,0.0,0,9.6,100.0,2.0,138.4,657.9,20770.4,85.3,7681.7,4983.3,"{'timestamp': '2026-09-06T09:51:45.828567+00:00', 'model_version': 'qwen3:8b', 'prompt_hash': 'a6af280e'}"
15,real_mixed_46,qwen3:8b_kb_rag,969.3007731437683,37.5,0,direct_json,0.75,0.42857142857142855,0.5454545454545454,0.0,0,10.0,70.5,2.1,147.6,657.9,20873.8,85.2,7681.7,4983.3,"{'timestamp': '2026-09-06T09:52:35.714733+00:00', 'model_version': 'qwen3:8b', 'prompt_hash': 'a6af280e'}"
15,real_mixed_47,qwen3:8b_kb_rag,1063.8054111003876,37.86,0,direct_json,0.6666666666666666,0.5925925925925926,0.627450980392157,0.041666666666666664,1,11.4,100.0,2.0,144.0,657.9,20782.5,85.2,7681.7,4983.3,"{'timestamp': '2026-09-06T09:54:10.235543+00:00', 'model_version': 'qwen3:8b', 'prompt_hash': 'a6af280e'}"
15,real_mixed_48,qwen3:8b_kb_rag,1025.3861618041992,37.67,0,fallback,1.0,0.0,0.0,0.0,0,9.7,100.0,2.1,146.4,657.9,20815.0,85.2,7681.7,4983.3,"{'timestamp': '2026-09-06T09:53:31.787291+00:00', 'model_version': 'qwen3:8b', 'prompt_hash': 'a6af280e'}"
16,real_mixed_49,qwen3:8b_kb_rag,1093.2418880462646,36.85,0,fallback,1.0,0.0,0.0,0.0,0,8.6,70.5,2.2,143.9,657.9,20759.5,85.1,7681.7,4983.3,"{'timestamp': '2026-09-06T09:55:38.688767+00:00', 'model_version': 'qwen3:8b', 'prompt_hash': 'a6af280e'}"
16,real_mixed_50,qwen3:8b_kb_rag,1126.7892320156097,37.99,0,direct_json,0.35714285714285715,0.45454545454545453,0.4,0.14285714285714285,2,9.5,70.5,1.9,141.6,657.9,20727.9,85.1,7681.7,4983.3,"{'timestamp': '2026-09-06T09:56:12.249203+00:00', 'model_version': 'qwen3:8b', 'prompt_hash': 'a6af280e'}"
16,real_mixed_51,qwen3:8b_kb_rag,1034.6877710819244,38.34,0,direct_json,0.25,0.2222222222222222,0.23529411764705882,0.125,1,10.2,81.5,2.0,145.5,657.9,20817.1,85.2,7681.7,4983.3,"{'timestamp': '2026-09-06T09:54:40.134299+00:00', 'model_version': 'qwen3:8b', 'prompt_hash': 'a6af280e'}"
17,real_mixed_52,qwen3:8b_kb_rag,1196.0339632034302,38.0,0,direct_json,0.5,0.5,0.5,0.0,0,11.0,100.0,1.9,139.3,657.9,20673.9,85.1,7681.7,4983.3,"{'timestamp': '2026-09-06T09:57:43.878715+00:00', 'model_version': 'qwen3:8b', 'prompt_hash': 'a6af280e'}"
17,real_mixed_53,qwen3:8b_kb_rag,1132.1670200824738,38.2,0,direct_json,0.5555555555555556,0.8333333333333334,0.6666666666666667,0.0,0,11.8,100.0,1.9,141.5,657.9,20724.9,85.1,7681.7,4983.3,"{'timestamp': '2026-09-06T09:56:40.005107+00:00', 'model_version': 'qwen3:8b', 'prompt_hash': 'a6af280e'}"
17,real_mixed_54,qwen3:8b_kb_rag,1164.2092652320862,38.58,0,direct_json,0.42857142857142855,0.75,0.5454545454545454,0.0,0,9.2,100.0,1.9,140.9,657.9,20699.0,85.1,7681.7,4983.3,"{'timestamp': '2026-09-06T09:57:12.038204+00:00', 'model_version': 'qwen3:8b', 'prompt_hash': 'a6af280e'}"
18,real_mixed_55,qwen3:8b_kb_rag,1143.3194091320038,37.64,0,direct_json,0.3125,0.5555555555555556,0.39999999999999997,0.0,0,11.1,71.4,1.9,144.0,657.9,20718.6,85.1,7681.7,4983.3,"{'timestamp': '2026-09-06T09:58:57.549394+00:00', 'model_version': 'qwen3:8b', 'prompt_hash': 'a6af280e'}"
18,real_mixed_56,qwen3:8b_kb_rag,1197.077985048294,37.06,0,direct_json,0.2222222222222222,0.2857142857142857,0.25,0.0,0,10.4,100.0,1.8,141.4,657.9,20676.1,85.1,7681.7,4983.3,"{'timestamp': '2026-09-06T09:59:51.311099+00:00', 'model_version': 'qwen3:8b', 'prompt_hash': 'a6af280e'}"
18,real_mixed_57,qwen3:8b_kb_rag,1102.7584040164948,38.42,0,direct_json,0.7368421052631579,0.7777777777777778,0.7567567567567567,0.10526315789473684,2,11.3,100.0,1.9,144.6,657.9,20755.4,85.1,7681.7,4983.3,"{'timestamp': '2026-09-06T09:58:17.005904+00:00', 'model_version': 'qwen3:8b', 'prompt_hash': 'a6af280e'}"
19,real_mixed_58,qwen3:8b_kb_rag,1053.796149969101,37.46,0,direct_json,0.5384615384615384,0.6363636363636364,0.5833333333333334,0.0,0,12.9,100.0,2.0,148.7,545.2,20196.3,85.0,7681.7,4983.3,"{'timestamp': '2026-09-06T10:00:26.389020+00:00', 'model_version': 'qwen3:8b', 'prompt_hash': 'a6af280e'}"
19,real_mixed_59,qwen3:8b_kb_rag,1159.9655258655548,25.25,0,fallback,1.0,0.0,0.0,0.0,0,8.7,100.0,1.9,141.9,545.2,20663.3,85.1,7681.7,4983.3,"{'timestamp': '2026-09-06T10:02:12.541615+00:00', 'model_version': 'qwen3:8b', 'prompt_hash': 'a6af280e'}"
19,real_mixed_60,qwen3:8b_kb_rag,1075.375342130661,38.33,0,direct_json,0.8,0.6153846153846154,0.6956521739130435,0.0,0,9.0,75.0,2.2,148.0,545.2,20200.3,85.0,7681.7,4983.3,"{'timestamp': '2026-09-06T10:00:47.956600+00:00', 'model_version': 'qwen3:8b', 'prompt_hash': 'a6af280e'}"
20,real_mixed_61,qwen3:8b_kb_rag,1161.9460320472717,35.78,0,fallback,1.0,0.0,0.0,0.0,0,11.7,100.0,2.4,139.2,545.2,20774.5,85.0,7681.7,4983.3,"{'timestamp': '2026-09-06T10:04:34.685906+00:00', 'model_version': 'qwen3:8b', 'prompt_hash': 'a6af280e'}"
20,real_mixed_62,qwen3:8b_kb_rag,1056.156904220581,36.74,0,direct_json,0.42857142857142855,0.5454545454545454,0.4799999999999999,0.0,0,10.4,100.0,2.0,145.2,545.2,20876.6,85.0,7681.7,4983.3,"{'timestamp': '2026-09-06T10:02:48.885463+00:00', 'model_version': 'qwen3:8b', 'prompt_hash': 'a6af280e'}"
20,real_mixed_63,qwen3:8b_kb_rag,1098.7166347503662,38.18,0,direct_json,0.18181818181818182,0.25,0.2105263157894737,0.0,0,8.9,70.5,2.0,143.7,545.2,20832.8,85.0,7681.7,4983.3,"{'timestamp': '2026-09-06T10:03:31.437166+00:00', 'model_version': 'qwen3:8b', 'prompt_hash': 'a6af280e'}"
21,real_mixed_64,qwen3:8b_kb_rag,1088.8292331695557,38.67,0,direct_json,0.0,0.0,1.0,0.0,0,9.9,100.0,2.0,144.8,548.0,20846.5,85.0,7681.7,4983.3,"{'timestamp': '2026-09-06T10:04:57.826925+00:00', 'model_version': 'qwen3:8b', 'prompt_hash': 'a6af280e'}"
21,real_mixed_65,qwen3:8b_kb_rag,1127.6994388103485,37.58,0,direct_json,0.42857142857142855,0.375,0.39999999999999997,0.0,0,11.6,100.0,1.9,144.5,548.0,20811.0,85.0,7681.7,4983.3,"{'timestamp': '2026-09-06T10:05:36.704774+00:00', 'model_version': 'qwen3:8b', 'prompt_hash': 'a6af280e'}"
21,real_mixed_66,qwen3:8b_kb_rag,1157.5518770217896,38.03,0,direct_json,0.5333333333333333,0.4,0.4571428571428572,0.0,0,8.7,70.5,1.9,143.0,548.0,20784.6,85.0,7681.7,4983.3,"{'timestamp': '2026-09-06T10:06:06.591111+00:00', 'model_version': 'qwen3:8b', 'prompt_hash': 'a6af280e'}"
22,real_mixed_67,qwen3:8b_kb_rag,1149.2151741981506,37.74,0,direct_json,0.35714285714285715,0.29411764705882354,0.3225806451612903,0.21428571428571427,3,8.7,70.5,1.9,141.2,548.0,20790.3,85.0,7681.7,4983.3,"{'timestamp': '2026-09-06T10:08:24.136989+00:00', 'model_version': 'qwen3:8b', 'prompt_hash': 'a6af280e'}"
22,real_mixed_68,qwen3:8b_kb_rag,1063.6539068222046,37.82,0,direct_json,0.7058823529411765,0.9230769230769231,0.8000000000000002,0.0,0,8.7,70.5,2.0,146.3,548.0,20875.0,85.0,7681.7,4983.3,"{'timestamp': '2026-09-06T10:06:58.552903+00:00', 'model_version': 'qwen3:8b', 'prompt_hash': 'a6af280e'}"
22,real_mixed_69,qwen3:8b_kb_rag,1120.0328350067139,37.32,0,direct_json,0.76,0.7916666666666666,0.7755102040816326,0.0,0,10.6,70.5,1.9,142.7,548.0,20818.5,85.0,7681.7,4983.3,"{'timestamp': '2026-09-06T10:07:54.950454+00:00', 'model_version': 'qwen3:8b', 'prompt_hash': 'a6af280e'}"
23,real_mixed_70,qwen3:8b_kb_rag,1155.4965062141418,35.73,0,direct_json,0.6842105263157895,0.6190476190476191,0.6500000000000001,0.0,0,10.6,100.0,1.9,144.0,548.0,20522.3,84.9,7681.7,4983.3,"{'timestamp': '2026-09-06T10:11:01.716992+00:00', 'model_version': 'qwen3:8b', 'prompt_hash': 'a6af280e'}"
23,real_mixed_71,qwen3:8b_kb_rag,1055.6640100479126,36.88,0,fallback,1.0,0.0,0.0,0.0,0,10.5,80.0,2.0,150.0,548.0,20534.3,84.9,7681.7,4983.3,"{'timestamp': '2026-09-06T10:09:21.872956+00:00', 'model_version': 'qwen3:8b', 'prompt_hash': 'a6af280e'}"
23,real_mixed_72,qwen3:8b_kb_rag,1106.4994702339172,36.97,0,direct_json,0.5833333333333334,0.5,0.5384615384615384,0.0,0,11.3,100.0,2.0,146.8,548.0,20496.2,84.9,7681.7,4983.3,"{'timestamp': '2026-09-06T10:10:12.713468+00:00', 'model_version': 'qwen3:8b', 'prompt_hash': 'a6af280e'}"
24,real_mixed_73,qwen3:8b_kb_rag,1094.3677036762238,37.02,0,direct_json,0.9090909090909091,0.6666666666666666,0.7692307692307692,0.0,0,10.3,100.0,2.1,136.9,548.0,20756.7,85.0,7681.7,4983.3,"{'timestamp': '2026-09-06T10:12:25.003797+00:00', 'model_version': 'qwen3:8b', 'prompt_hash': 'a6af280e'}"
24,real_mixed_74,qwen3:8b_kb_rag,1064.3989419937134,32.81,0,direct_json,0.7,0.7,0.7,0.0,0,8.9,100.0,2.0,139.0,548.0,20774.7,85.0,7681.7,4983.3,"{'timestamp': '2026-09-06T10:11:55.030533+00:00', 'model_version': 'qwen3:8b', 'prompt_hash': 'a6af280e'}"
24,real_mixed_75,qwen3:8b_kb_rag,1035.8396022319794,29.63,0,direct_json,0.5,0.6666666666666666,0.5714285714285715,0.0,0,10.9,100.0,2.1,140.7,548.0,20669.0,85.0,7681.7,4983.3,"{'timestamp': '2026-09-06T10:11:26.468661+00:00', 'model_version': 'qwen3:8b', 'prompt_hash': 'a6af280e'}"
25,real_mixed_76,qwen3:8b_kb_rag,1008.2271580696106,38.49,0,direct_json,0.0,1.0,0.0,0.0,0,12.1,100.0,2.1,136.5,548.0,20842.3,84.9,7681.7,4983.3,"{'timestamp': '2026-09-06T10:13:00.884053+00:00', 'model_version': 'qwen3:8b', 'prompt_hash': 'a6af280e'}"
25,real_mixed_77,qwen3:8b_kb_rag,1048.6737871170044,37.02,0,direct_json,0.37037037037037035,0.5,0.425531914893617,0.2222222222222222,6,11.6,100.0,2.1,133.6,548.0,20804.0,85.0,7681.7,4983.3,"{'timestamp': '2026-09-06T10:13:41.349813+00:00', 'model_version': 'qwen3:8b', 'prompt_hash': 'a6af280e'}"
25,real_mixed_78,qwen3:8b_kb_rag,1109.503940820694,36.16,0,fallback,1.0,0.0,0.0,0.0,0,13.3,100.0,2.0,130.0,548.0,20746.8,85.0,7681.7,4983.3,"{'timestamp': '2026-09-06T10:14:42.160691+00:00', 'model_version': 'qwen3:8b', 'prompt_hash': 'a6af280e'}"
26,real_mixed_79,qwen3:8b_kb_rag,1154.59375166893,36.37,0,direct_json,0.8,0.8,0.8000000000000002,0.0,0,11.6,100.0,2.0,125.1,548.0,20709.4,85.0,7681.7,4983.3,"{'timestamp': '2026-09-06T10:16:58.934370+00:00', 'model_version': 'qwen3:8b', 'prompt_hash': 'a6af280e'}"
26,real_mixed_80,qwen3:8b_kb_rag,1126.6991972923279,36.49,0,fallback,1.0,0.0,0.0,0.0,0,12.1,100.0,2.0,126.5,548.0,20733.3,85.0,7681.7,4983.3,"{'timestamp': '2026-09-06T10:16:31.067072+00:00', 'model_version': 'qwen3:8b', 'prompt_hash': 'a6af280e'}"
26,real_mixed_81,qwen3:8b_kb_rag,1067.1742279529572,37.28,0,direct_json,0.625,0.45454545454545453,0.5263157894736842,0.0,0,14.1,100.0,2.0,129.7,548.0,20788.4,85.0,7681.7,4983.3,"{'timestamp': '2026-09-06T10:15:31.531421+00:00', 'model_version': 'qwen3:8b', 'prompt_hash': 'a6af280e'}"
27,real_mixed_82,qwen3:8b_kb_rag,1124.5631999969482,37.05,0,direct_json,0.38461538461538464,0.5555555555555556,0.4545454545454546,0.0,0,10.5,75.1,2.1,121.4,548.0,20740.0,85.0,7681.7,4983.3,"{'timestamp': '2026-09-06T10:18:36.318291+00:00', 'model_version': 'qwen3:8b', 'prompt_hash': 'a6af280e'}"
27,real_mixed_83,qwen3:8b_kb_rag,1049.343611240387,38.59,0,direct_json,0.7,0.7,0.7,0.0,0,12.8,100.0,2.1,124.1,548.0,20802.1,85.0,7681.7,4983.3,"{'timestamp': '2026-09-06T10:17:21.107112+00:00', 'model_version': 'qwen3:8b', 'prompt_hash': 'a6af280e'}"
27,real_mixed_84,qwen3:8b_kb_rag,1074.554076910019,37.96,0,direct_json,0.75,0.6666666666666666,0.7058823529411765,0.0,0,10.7,74.8,2.0,123.6,548.0,20779.9,85.0,7681.7,4983.3,"{'timestamp': '2026-09-06T10:17:46.313938+00:00', 'model_version': 'qwen3:8b', 'prompt_hash': 'a6af280e'}"
28,real_mixed_85,qwen3:8b_kb_rag,1045.5844810009003,37.85,0,direct_json,0.5454545454545454,0.75,0.631578947368421,0.0,0,11.3,100.0,2.1,120.0,548.0,20234.7,84.9,7681.7,4983.3,"{'timestamp': '2026-09-06T10:19:38.570149+00:00', 'model_version': 'qwen3:8b', 'prompt_hash': 'a6af280e'}"
28,real_mixed_86,qwen3:8b_kb_rag,1063.8048181533813,38.17,0,direct_json,0.6666666666666666,0.6153846153846154,0.64,0.08333333333333333,1,10.1,100.0,2.1,119.4,548.0,20224.7,84.9,7681.7,4983.3,"{'timestamp': '2026-09-06T10:19:56.793473+00:00', 'model_version': 'qwen3:8b', 'prompt_hash': 'a6af280e'}"
28,real_mixed_87,qwen3:8b_kb_rag,1005.5730299949646,38.06,0,direct_json,0.6666666666666666,0.5714285714285714,0.6153846153846153,0.0,0,11.2,74.0,2.1,122.0,548.0,20252.4,84.9,7681.7,4983.3,"{'timestamp': '2026-09-06T10:18:58.559528+00:00', 'model_version': 'qwen3:8b', 'prompt_hash': 'a6af280e'}"
29,real_mixed_88,qwen3:8b_kb_rag,1038.421220779419,30.85,0,direct_json,0.5,1.0,0.6666666666666666,0.0,0,11.6,100.0,2.1,116.2,548.0,20499.6,85.0,7681.7,4983.3,"{'timestamp': '2026-09-06T10:21:53.575918+00:00', 'model_version': 'qwen3:8b', 'prompt_hash': 'a6af280e'}"
29,real_mixed_89,qwen3:8b_kb_rag,1006.1530051231384,25.92,0,direct_json,0.5,0.3076923076923077,0.380952380952381,0.0,0,11.4,100.0,2.1,117.7,548.0,20330.9,85.0,7681.7,4983.3,"{'timestamp': '2026-09-06T10:21:21.306227+00:00', 'model_version': 'qwen3:8b', 'prompt_hash': 'a6af280e'}"
29,real_mixed_90,qwen3:8b_kb_rag,978.594409942627,36.92,0,fallback,1.0,0.0,0.0,0.0,0,10.2,76.2,2.2,118.7,548.0,20133.9,85.0,7681.7,4983.3,"{'timestamp': '2026-09-06T10:20:53.746081+00:00', 'model_version': 'qwen3:8b', 'prompt_hash': 'a6af280e'}"
30,real_mixed_91,qwen3:8b_kb_rag,1004.293803691864,36.81,0,fallback,1.0,0.0,0.0,0.0,0,13.5,100.0,2.2,112.0,539.8,20527.2,85.0,7681.7,4983.3,"{'timestamp': '2026-09-06T10:22:51.297912+00:00', 'model_version': 'qwen3:8b', 'prompt_hash': 'a6af280e'}"
30,real_mixed_92,qwen3:8b_kb_rag,1070.5998346805573,37.87,0,direct_json,0.4666666666666667,0.4666666666666667,0.4666666666666667,0.0,0,13.5,100.0,2.1,109.4,539.8,20482.9,85.0,7681.7,4983.3,"{'timestamp': '2026-09-06T10:23:57.615792+00:00', 'model_version': 'qwen3:8b', 'prompt_hash': 'a6af280e'}"
30,real_mixed_93,qwen3:8b_kb_rag,1042.751384973526,37.59,0,direct_json,0.5454545454545454,0.6,0.5714285714285713,0.09090909090909091,1,13.8,100.0,2.1,110.2,539.8,20501.7,85.0,7681.7,4983.3,"{'timestamp': '2026-09-06T10:23:29.768402+00:00', 'model_version': 'qwen3:8b', 'prompt_hash': 'a6af280e'}"
31,real_mixed_94,qwen3:8b_kb_rag,1083.3980917930603,37.03,0,fallback,1.0,0.0,0.0,0.0,0,11.8,100.0,2.1,104.3,539.8,20480.1,85.0,7681.7,4983.3,"{'timestamp': '2026-09-06T10:26:27.957500+00:00', 'model_version': 'qwen3:8b', 'prompt_hash': 'a6af280e'}"
31,real_mixed_95,qwen3:8b_kb_rag,989.0790662765503,37.15,0,direct_json,0.0,0.0,1.0,0.0,0,10.5,100.0,2.2,108.0,539.8,20547.1,85.0,7681.7,4983.3,"{'timestamp': '2026-09-06T10:24:53.622020+00:00', 'model_version': 'qwen3:8b', 'prompt_hash': 'a6af280e'}"
31,real_mixed_96,qwen3:8b_kb_rag,1026.2047009468079,37.76,0,direct_json,0.5,0.5833333333333334,0.5384615384615384,0.0,0,15.1,75.0,2.1,106.9,539.8,20521.1,85.0,7681.7,4983.3,"{'timestamp': '2026-09-06T10:25:30.762460+00:00', 'model_version': 'qwen3:8b', 'prompt_hash': 'a6af280e'}"
32,real_mixed_97,qwen3:8b_kb_rag,988.1015298366547,37.65,0,direct_json,0.45454545454545453,0.5555555555555556,0.5,0.0,0,13.8,100.0,2.0,98.4,539.8,20475.3,85.0,7681.7,4983.3,"{'timestamp': '2026-09-06T10:27:30.365077+00:00', 'model_version': 'qwen3:8b', 'prompt_hash': 'a6af280e'}"
32,real_mixed_98,qwen3:8b_kb_rag,1032.9059240818024,36.92,0,direct_json,0.55,0.39285714285714285,0.45833333333333337,0.05,1,10.8,100.0,2.0,96.7,539.8,20445.8,85.0,7681.7,4983.3,"{'timestamp': '2026-09-06T10:28:15.183506+00:00', 'model_version': 'qwen3:8b', 'prompt_hash': 'a6af280e'}"
32,real_mixed_99,qwen3:8b_kb_rag,948.3397419452667,38.39,0,direct_json,0.1111111111111111,0.5,0.1818181818181818,0.0,0,10.6,68.4,2.1,99.3,539.8,20507.8,85.0,7681.7,4983.3,"{'timestamp': '2026-09-06T10:26:50.590488+00:00', 'model_version': 'qwen3:8b', 'prompt_hash': 'a6af280e'}"
33,real_mixed_100,qwen3:8b_kb_rag,1034.8354609012604,37.25,0,direct_json,0.06666666666666667,0.14285714285714285,0.09090909090909091,0.0,0,15.0,100.0,1.8,93.2,539.8,20168.4,85.0,7681.7,4983.3,"{'timestamp': '2026-09-06T10:29:40.366981+00:00', 'model_version': 'qwen3:8b', 'prompt_hash': 'a6af280e'}"
33,real_mixed_101,qwen3:8b_kb_rag,983.8593270778656,38.21,0,direct_json,0.4,0.5714285714285714,0.47058823529411764,0.0,0,12.3,100.0,1.9,94.1,539.8,20183.2,85.0,7681.7,4983.3,"{'timestamp': '2026-09-06T10:28:49.396527+00:00', 'model_version': 'qwen3:8b', 'prompt_hash': 'a6af280e'}"
33,real_mixed_102,qwen3:8b_kb_rag,963.6235861778259,38.8,0,direct_json,0.0,1.0,0.0,0.0,0,11.0,100.0,1.9,94.5,539.8,20193.1,85.0,7681.7,4983.3,"{'timestamp': '2026-09-06T10:28:29.145531+00:00', 'model_version': 'qwen3:8b', 'prompt_hash': 'a6af280e'}"
34,real_mixed_103,qwen3:8b_kb_rag,999.5053889751434,25.83,0,direct_json,0.0,1.0,0.0,0.0,0,11.9,100.0,1.7,92.2,539.8,20396.7,85.0,7681.7,4983.3,"{'timestamp': '2026-09-06T10:31:22.134219+00:00', 'model_version': 'qwen3:8b', 'prompt_hash': 'a6af280e'}"
34,real_mixed_104,qwen3:8b_kb_rag,986.7815132141113,35.06,0,fallback,1.0,0.0,0.0,0.0,0,10.8,68.4,1.7,92.2,539.8,20305.5,85.0,7681.7,4983.3,"{'timestamp': '2026-09-06T10:31:09.426775+00:00', 'model_version': 'qwen3:8b', 'prompt_hash': 'a6af280e'}"
34,real_mixed_105,qwen3:8b_kb_rag,927.087660074234,37.37,0,direct_json,0.5833333333333334,0.7,0.6363636363636365,0.0,0,12.7,68.4,1.8,93.8,539.8,20212.2,85.0,7681.7,4983.3,"{'timestamp': '2026-09-06T10:30:09.726848+00:00', 'model_version': 'qwen3:8b', 'prompt_hash': 'a6af280e'}"
35,real_mixed_106,qwen3:8b_kb_rag,896.996719121933,25.26,0,direct_json,0.6666666666666666,1.0,0.8,0.0,0,14.0,100.0,1.7,89.9,539.8,20726.6,85.1,7681.7,4983.3,"{'timestamp': '2026-09-06T10:31:56.444697+00:00', 'model_version': 'qwen3:8b', 'prompt_hash': 'a6af280e'}"
35,real_mixed_107,qwen3:8b_kb_rag,1004.9263818264008,36.67,0,direct_json,0.7857142857142857,0.8461538461538461,0.8148148148148148,0.0,0,11.9,68.4,1.5,85.9,539.8,20900.0,85.2,7681.7,4983.3,"{'timestamp': '2026-09-06T10:33:44.382086+00:00', 'model_version': 'qwen3:8b', 'prompt_hash': 'a6af280e'}"
35,real_mixed_108,qwen3:8b_kb_rag,950.8006207942963,27.78,0,direct_json,0.2,0.4,0.26666666666666666,0.0,0,12.2,100.0,1.6,87.6,539.8,20967.2,85.2,7681.7,4983.3,"{'timestamp': '2026-09-06T10:32:50.258588+00:00', 'model_version': 'qwen3:8b', 'prompt_hash': 'a6af280e'}"
36,real_mixed_109,qwen3:8b_kb_rag,1011.0202209949493,36.96,0,direct_json,0.6666666666666666,0.5833333333333334,0.6222222222222222,0.0,0,11.7,100.0,1.4,79.9,539.8,20880.1,85.2,7681.7,4983.3,"{'timestamp': '2026-09-06T10:35:27.797411+00:00', 'model_version': 'qwen3:8b', 'prompt_hash': 'a6af280e'}"
36,real_mixed_110,qwen3:8b_kb_rag,965.2482371330261,37.67,0,direct_json,0.35294117647058826,0.3333333333333333,0.34285714285714286,0.058823529411764705,1,13.8,100.0,1.4,80.9,539.8,20936.8,85.2,7681.7,4983.3,"{'timestamp': '2026-09-06T10:34:42.028608+00:00', 'model_version': 'qwen3:8b', 'prompt_hash': 'a6af280e'}"
36,real_mixed_111,qwen3:8b_kb_rag,936.9985139369965,38.39,0,direct_json,0.7647058823529411,0.8666666666666667,0.8125,0.0,0,12.1,70.0,1.5,81.0,539.8,20971.0,85.2,7681.7,4983.3,"{'timestamp': '2026-09-06T10:34:13.776136+00:00', 'model_version': 'qwen3:8b', 'prompt_hash': 'a6af280e'}"
37,real_mixed_112,qwen3:8b_kb_rag,962.3859362602234,38.49,0,direct_json,0.42857142857142855,0.6,0.5,0.0,0,11.8,100.0,1.2,82.1,533.4,20943.8,85.2,7681.7,4983.3,"{'timestamp': '2026-09-06T10:35:59.661344+00:00', 'model_version': 'qwen3:8b', 'prompt_hash': 'a6af280e'}"
37,real_mixed_113,qwen3:8b_kb_rag,1011.996798992157,37.37,0,direct_json,0.7,0.7777777777777778,0.7368421052631577,0.0,0,12.3,68.4,1.2,81.9,533.4,20901.1,85.2,7681.7,4983.3,"{'timestamp': '2026-09-06T10:36:49.280019+00:00', 'model_version': 'qwen3:8b', 'prompt_hash': 'a6af280e'}"
37,real_mixed_114,qwen3:8b_kb_rag,1039.8108682632446,37.92,0,direct_json,0.45454545454545453,0.7142857142857143,0.5555555555555556,0.0,0,13.8,80.0,1.1,81.8,533.4,20875.6,85.2,7681.7,4983.3,"{'timestamp': '2026-09-06T10:37:17.094222+00:00', 'model_version': 'qwen3:8b', 'prompt_hash': 'a6af280e'}"
38,real_mixed_115,qwen3:8b_kb_rag,960.5164639949799,37.94,0,direct_json,0.5,1.0,0.6666666666666666,0.0,0,12.1,66.3,1.0,79.7,532.5,20552.4,85.2,7681.7,4983.3,"{'timestamp': '2026-09-06T10:37:54.590673+00:00', 'model_version': 'qwen3:8b', 'prompt_hash': 'a6af280e'}"
38,real_mixed_116,qwen3:8b_kb_rag,980.1436290740967,38.2,0,direct_json,0.4,1.0,0.5714285714285715,0.0,0,12.5,66.7,1.0,79.6,532.5,20539.6,85.1,7681.7,4983.3,"{'timestamp': '2026-09-06T10:38:14.221473+00:00', 'model_version': 'qwen3:8b', 'prompt_hash': 'a6af280e'}"
38,real_mixed_117,qwen3:8b_kb_rag,1024.300649881363,37.19,0,direct_json,0.38461538461538464,0.625,0.4761904761904762,0.0,0,15.2,66.5,0.9,79.1,532.5,20509.1,85.1,7681.7,4983.3,"{'timestamp': '2026-09-06T10:38:58.385379+00:00', 'model_version': 'qwen3:8b', 'prompt_hash': 'a6af280e'}"
39,real_mixed_118,qwen3:8b_kb_rag,952.7033851146698,37.19,0,direct_json,0.5,1.0,0.6666666666666666,0.0,0,14.6,71.4,0.8,75.5,520.8,20557.9,85.1,7681.7,4983.3,"{'timestamp': '2026-09-06T10:39:50.722057+00:00', 'model_version': 'qwen3:8b', 'prompt_hash': 'a6af280e'}"
39,real_mixed_119,qwen3:8b_kb_rag,996.6418559551239,37.48,0,direct_json,0.5,0.8333333333333334,0.625,0.0,0,15.8,100.0,0.7,74.6,520.8,20529.5,85.1,7681.7,4983.3,"{'timestamp': '2026-09-06T10:40:34.671067+00:00', 'model_version': 'qwen3:8b', 'prompt_hash': 'a6af280e'}"
39,real_mixed_120,qwen3:8b_kb_rag,1126.8898103237152,16.08,0,fallback,1.0,0.0,0.0,0.0,0,15.0,100.0,0.7,71.6,520.8,21151.6,85.3,7681.7,4983.3,"{'timestamp': '2026-09-06T10:42:44.918359+00:00', 'model_version': 'qwen3:8b', 'prompt_hash': 'a6af280e'}"
2,real_mixed_7,mistral-nemo:latest_baseline,39.460882902145386,20.71,0,direct_json,0.6923076923076923,0.6428571428571429,0.6666666666666666,0.0,0,14.6,57.9,13.2,107.5,114.1,29542.1,80.0,9240.7,6744.1,"{'timestamp': '2026-09-06T10:43:26.546214+00:00', 'model_version': 'mistral-nemo:latest', 'prompt_hash': 'a6af280e'}"
2,real_mixed_8,mistral-nemo:latest_baseline,32.43950581550598,19.62,0,direct_json,0.6,0.3333333333333333,0.42857142857142855,0.0,0,12.4,57.7,11.4,108.8,114.1,29322.7,79.3,9240.7,6744.1,"{'timestamp': '2026-09-06T10:43:19.527719+00:00', 'model_version': 'mistral-nemo:latest', 'prompt_hash': 'a6af280e'}"
2,real_mixed_9,mistral-nemo:latest_baseline,14.237159967422485,20.74,0,direct_json,0.2,0.1,0.13333333333333333,0.0,0,14.4,100.0,22.1,113.7,114.1,27444.2,75.2,9240.7,6744.1,"{'timestamp': '2026-09-06T10:43:01.319841+00:00', 'model_version': 'mistral-nemo:latest', 'prompt_hash': 'a6af280e'}"
3,real_mixed_10,mistral-nemo:latest_baseline,63.78225779533386,30.22,0,direct_json,0.2,0.16666666666666666,0.1818181818181818,0.0,0,14.1,100.0,5.9,108.2,114.1,28525.6,78.3,9240.7,6744.1,"{'timestamp': '2026-09-06T10:43:50.859817+00:00', 'model_version': 'mistral-nemo:latest', 'prompt_hash': 'a6af280e'}"
3,real_mixed_11,mistral-nemo:latest_baseline,60.30389928817749,29.56,0,direct_json,0.75,0.6666666666666666,0.7058823529411765,0.0,0,10.8,57.9,9.1,108.1,114.1,28659.9,78.6,9240.7,6744.1,"{'timestamp': '2026-09-06T10:43:47.387452+00:00', 'model_version': 'mistral-nemo:latest', 'prompt_hash': 'a6af280e'}"
3,real_mixed_12,mistral-nemo:latest_baseline,104.8647358417511,22.48,0,direct_json,0.5,0.42857142857142855,0.4615384615384615,0.0,0,11.3,66.7,4.5,101.5,114.1,28281.4,79.7,9240.7,6744.1,"{'timestamp': '2026-09-06T10:44:31.947301+00:00', 'model_version': 'mistral-nemo:latest', 'prompt_hash': 'a6af280e'}"
7,real_mixed_22,mistral-nemo:latest_baseline,111.51208877563477,31.26,0,direct_json,0.0,1.0,0.0,0.0,0,10.1,57.7,3.9,101.8,114.1,28179.4,80.0,9240.7,6744.1,"{'timestamp': '2026-09-06T10:44:38.589552+00:00', 'model_version': 'mistral-nemo:latest', 'prompt_hash': 'a6af280e'}"
7,real_mixed_23,mistral-nemo:latest_baseline,10.193756103515625,20.98,0,direct_json,0.2222222222222222,0.13333333333333333,0.16666666666666669,0.0,0,11.0,57.7,38.8,113.9,114.0,25997.4,72.4,9240.7,6744.1,"{'timestamp': '2026-09-06T10:42:57.289643+00:00', 'model_version': 'mistral-nemo:latest', 'prompt_hash': 'a6af280e'}"
7,real_mixed_24,mistral-nemo:latest_baseline,67.38299512863159,30.63,0,direct_json,0.5,0.42857142857142855,0.4615384615384615,0.0,0,10.1,57.7,5.7,108.3,114.1,28420.3,78.1,9240.7,6744.1,"{'timestamp': '2026-09-06T10:43:54.471027+00:00', 'model_version': 'mistral-nemo:latest', 'prompt_hash': 'a6af280e'}"
1,real_mixed_4,mistral-nemo:latest_baseline,52.17554974555969,30.24,0,direct_json,0.7142857142857143,0.35714285714285715,0.4761904761904762,0.0,0,10.2,57.7,4.0,107.9,114.1,29033.8,79.3,9240.7,6744.1,"{'timestamp': '2026-09-06T10:43:39.269067+00:00', 'model_version': 'mistral-nemo:latest', 'prompt_hash': 'a6af280e'}"
1,real_mixed_5,mistral-nemo:latest_baseline,101.31617283821106,20.46,0,direct_json,0.3333333333333333,0.5,0.4,0.06666666666666667,1,17.3,100.0,4.0,102.6,114.1,28279.0,79.4,9240.7,6744.1,"{'timestamp': '2026-09-06T10:44:28.398077+00:00', 'model_version': 'mistral-nemo:latest', 'prompt_hash': 'a6af280e'}"
1,real_mixed_6,mistral-nemo:latest_baseline,125.53383016586304,30.32,0,direct_json,0.7857142857142857,0.6111111111111112,0.6875000000000001,0.0,0,17.5,61.5,2.5,102.2,114.1,27524.2,80.3,9240.7,6744.1,"{'timestamp': '2026-09-06T10:44:52.621159+00:00', 'model_version': 'mistral-nemo:latest', 'prompt_hash': 'a6af280e'}"
0,real_mixed_1,mistral-nemo:latest_baseline,115.53117370605469,30.46,0,direct_json,0.7,0.5384615384615384,0.608695652173913,0.0,0,11.3,100.0,2.7,101.9,114.1,28039.7,79.9,9240.7,6744.1,"{'timestamp': '2026-09-06T10:44:42.619673+00:00', 'model_version': 'mistral-nemo:latest', 'prompt_hash': 'a6af280e'}"
0,real_mixed_2,mistral-nemo:latest_baseline,135.23225593566895,30.14,0,direct_json,0.42857142857142855,0.5,0.4615384615384615,0.0,0,12.5,73.3,2.4,102.6,114.1,27053.1,80.7,9240.7,6744.1,"{'timestamp': '2026-09-06T10:45:02.328792+00:00', 'model_version': 'mistral-nemo:latest', 'prompt_hash': 'a6af280e'}"
0,real_mixed_3,mistral-nemo:latest_baseline,27.8934588432312,19.68,0,fallback,0.2857142857142857,0.16666666666666666,0.2105263157894737,0.0,0,9.7,57.7,11.9,109.9,114.1,29160.9,78.7,9240.7,6744.1,"{'timestamp': '2026-09-06T10:43:14.987547+00:00', 'model_version': 'mistral-nemo:latest', 'prompt_hash': 'a6af280e'}"
8,real_mixed_25,mistral-nemo:latest_baseline,70.92955303192139,30.7,0,direct_json,0.4444444444444444,0.3333333333333333,0.380952380952381,0.0,0,10.0,57.7,2.9,108.3,114.1,28322.9,77.9,9240.7,6744.1,"{'timestamp': '2026-09-06T10:43:58.028556+00:00', 'model_version': 'mistral-nemo:latest', 'prompt_hash': 'a6af280e'}"
8,real_mixed_26,mistral-nemo:latest_baseline,93.33259296417236,14.6,0,direct_json,0.65625,0.5833333333333334,0.6176470588235293,0.0,0,10.2,57.7,1.7,105.7,114.1,28235.7,78.9,9240.7,6744.1,"{'timestamp': '2026-09-06T10:44:20.460560+00:00', 'model_version': 'mistral-nemo:latest', 'prompt_hash': 'a6af280e'}"
8,real_mixed_27,mistral-nemo:latest_baseline,146.95502877235413,29.38,0,direct_json,0.7,0.5185185185185185,0.5957446808510639,0.0,0,10.0,57.7,1.5,102.4,114.1,26564.8,81.1,9240.7,6744.1,"{'timestamp': '2026-09-06T10:45:14.055941+00:00', 'model_version': 'mistral-nemo:latest', 'prompt_hash': 'a6af280e'}"
5,real_mixed_16,mistral-nemo:latest_baseline,149.98280715942383,30.98,0,direct_json,1.0,0.2222222222222222,0.3636363636363636,0.0,0,10.2,57.7,3.1,102.1,114.1,26450.5,81.2,9240.7,6744.1,"{'timestamp': '2026-09-06T10:45:17.076291+00:00', 'model_version': 'mistral-nemo:latest', 'prompt_hash': 'a6af280e'}"
5,real_mixed_17,mistral-nemo:latest_baseline,73.39492988586426,30.75,0,direct_json,0.25,1.0,0.4,0.0,0,15.5,57.7,4.6,108.3,114.1,28259.6,77.8,9240.7,6744.1,"{'timestamp': '2026-09-06T10:44:00.475915+00:00', 'model_version': 'mistral-nemo:latest', 'prompt_hash': 'a6af280e'}"
5,real_mixed_18,mistral-nemo:latest_baseline,129.66085720062256,30.05,0,direct_json,0.5714285714285714,0.3333333333333333,0.4210526315789474,0.0,0,12.1,80.0,2.6,102.4,114.1,27319.0,80.4,9240.7,6744.1,"{'timestamp': '2026-09-06T10:44:56.750871+00:00', 'model_version': 'mistral-nemo:latest', 'prompt_hash': 'a6af280e'}"
6,real_mixed_19,mistral-nemo:latest_baseline,21.829230308532715,20.89,0,direct_json,0.9444444444444444,0.85,0.8947368421052632,0.0,0,13.5,100.0,20.7,111.6,114.1,28730.4,77.5,9240.7,6744.1,"{'timestamp': '2026-09-06T10:43:08.921515+00:00', 'model_version': 'mistral-nemo:latest', 'prompt_hash': 'a6af280e'}"
6,real_mixed_20,mistral-nemo:latest_baseline,109.35674905776978,30.18,0,direct_json,0.7142857142857143,0.3125,0.43478260869565216,0.0,0,16.4,57.7,3.4,101.5,114.1,28236.3,79.9,9240.7,6744.1,"{'timestamp': '2026-09-06T10:44:36.445700+00:00', 'model_version': 'mistral-nemo:latest', 'prompt_hash': 'a6af280e'}"
6,real_mixed_21,mistral-nemo:latest_baseline,154.5158920288086,30.33,0,direct_json,0.8333333333333334,0.35714285714285715,0.5,0.0,0,13.9,100.0,3.6,101.8,114.1,26286.1,81.3,9240.7,6744.1,"{'timestamp': '2026-09-06T10:45:21.599258+00:00', 'model_version': 'mistral-nemo:latest', 'prompt_hash': 'a6af280e'}"
4,real_mixed_13,mistral-nemo:latest_baseline,47.126137018203735,29.73,0,direct_json,0.5789473684210527,0.6470588235294118,0.6111111111111113,0.0,0,12.2,100.0,10.4,107.8,114.1,29352.2,79.8,9240.7,6744.1,"{'timestamp': '2026-09-06T10:43:34.208946+00:00', 'model_version': 'mistral-nemo:latest', 'prompt_hash': 'a6af280e'}"
4,real_mixed_14,mistral-nemo:latest_baseline,161.08233308792114,29.9,0,direct_json,0.7777777777777778,0.5833333333333334,0.6666666666666666,0.0,0,14.0,57.7,3.1,101.8,114.1,26066.1,81.5,9240.7,6744.1,"{'timestamp': '2026-09-06T10:45:28.171532+00:00', 'model_version': 'mistral-nemo:latest', 'prompt_hash': 'a6af280e'}"
4,real_mixed_15,mistral-nemo:latest_baseline,121.1486349105835,29.52,0,fallback,0.25,0.4444444444444444,0.32,0.0,0,11.0,88.9,5.7,102.1,114.1,27776.3,80.1,9240.7,6744.1,"{'timestamp': '2026-09-06T10:44:48.230975+00:00', 'model_version': 'mistral-nemo:latest', 'prompt_hash': 'a6af280e'}"
9,real_mixed_28,mistral-nemo:latest_baseline,125.65722107887268,30.17,0,direct_json,0.7,0.4666666666666667,0.56,0.0,0,14.1,100.0,1.8,100.2,109.6,24806.4,82.1,9240.7,6744.1,"{'timestamp': '2026-09-06T10:45:32.271117+00:00', 'model_version': 'mistral-nemo:latest', 'prompt_hash': 'a6af280e'}"
9,real_mixed_29,mistral-nemo:latest_baseline,130.7756474018097,30.5,0,direct_json,0.2222222222222222,0.3333333333333333,0.26666666666666666,0.0,0,10.5,50.0,1.8,100.5,109.6,24654.2,82.2,9240.7,6744.1,"{'timestamp': '2026-09-06T10:45:37.384559+00:00', 'model_version': 'mistral-nemo:latest', 'prompt_hash': 'a6af280e'}"
9,real_mixed_30,mistral-nemo:latest_baseline,133.7587010860443,30.84,0,direct_json,0.25,0.125,0.16666666666666666,0.0,0,14.7,71.4,2.1,100.4,109.6,24568.0,82.3,9240.7,6744.1,"{'timestamp': '2026-09-06T10:45:40.359131+00:00', 'model_version': 'mistral-nemo:latest', 'prompt_hash': 'a6af280e'}"
10,real_mixed_31,mistral-nemo:latest_baseline,69.90867924690247,31.16,0,direct_json,0.25,0.5,0.3333333333333333,0.0,0,10.0,36.9,2.8,103.4,108.5,21728.9,85.0,9240.7,6744.1,"{'timestamp': '2026-09-06T10:45:41.914064+00:00', 'model_version': 'mistral-nemo:latest', 'prompt_hash': 'a6af280e'}"
10,real_mixed_32,mistral-nemo:latest_baseline,73.95094704627991,30.55,0,direct_json,0.2727272727272727,0.42857142857142855,0.33333333333333326,0.0,0,11.8,44.4,2.4,103.6,108.3,21681.3,85.1,9240.7,6744.1,"{'timestamp': '2026-09-06T10:45:45.961621+00:00', 'model_version': 'mistral-nemo:latest', 'prompt_hash': 'a6af280e'}"
10,real_mixed_33,mistral-nemo:latest_baseline,78.02675604820251,30.32,0,direct_json,0.7142857142857143,0.38461538461538464,0.5,0.0,0,12.2,100.0,2.4,103.9,108.3,21636.1,85.1,9240.7,6744.1,"{'timestamp': '2026-09-06T10:45:50.052264+00:00', 'model_version': 'mistral-nemo:latest', 'prompt_hash': 'a6af280e'}"
11,real_mixed_34,mistral-nemo:latest_baseline,77.4872670173645,30.55,0,direct_json,0.25,0.1,0.14285714285714288,0.0,0,11.1,37.5,2.4,104.3,108.9,21168.7,85.2,9240.7,6744.1,"{'timestamp': '2026-09-06T10:45:56.144729+00:00', 'model_version': 'mistral-nemo:latest', 'prompt_hash': 'a6af280e'}"
11,real_mixed_35,mistral-nemo:latest_baseline,82.04885411262512,30.08,0,direct_json,0.375,0.42857142857142855,0.39999999999999997,0.0,0,11.1,37.5,2.8,104.5,108.9,21163.4,85.2,9240.7,6744.1,"{'timestamp': '2026-09-06T10:46:00.703859+00:00', 'model_version': 'mistral-nemo:latest', 'prompt_hash': 'a6af280e'}"
11,real_mixed_36,mistral-nemo:latest_baseline,73.97850275039673,30.24,0,direct_json,1.0,0.23809523809523808,0.3846153846153846,0.0,0,10.9,37.5,2.6,104.1,108.9,21175.9,85.2,9240.7,6744.1,"{'timestamp': '2026-09-06T10:45:52.640812+00:00', 'model_version': 'mistral-nemo:latest', 'prompt_hash': 'a6af280e'}"
12,real_mixed_37,mistral-nemo:latest_baseline,77.5856339931488,30.36,0,fallback,0.875,0.5833333333333334,0.7000000000000001,0.0,0,21.2,71.4,2.5,103.6,108.9,20921.4,85.7,9240.7,6744.1,"{'timestamp': '2026-09-06T10:46:10.260764+00:00', 'model_version': 'mistral-nemo:latest', 'prompt_hash': 'a6af280e'}"
12,real_mixed_38,mistral-nemo:latest_baseline,72.50229501724243,30.24,0,fallback,0.6,0.46153846153846156,0.5217391304347826,0.1,1,21.1,100.0,2.6,103.7,108.9,20919.5,85.7,9240.7,6744.1,"{'timestamp': '2026-09-06T10:46:05.185596+00:00', 'model_version': 'mistral-nemo:latest', 'prompt_hash': 'a6af280e'}"
12,real_mixed_39,mistral-nemo:latest_baseline,81.11884713172913,29.76,0,direct_json,0.75,0.42857142857142855,0.5454545454545454,0.0,0,23.3,100.0,2.7,103.3,108.9,20922.1,85.7,9240.7,6744.1,"{'timestamp': '2026-09-06T10:46:13.793371+00:00', 'model_version': 'mistral-nemo:latest', 'prompt_hash': 'a6af280e'}"
13,real_mixed_40,mistral-nemo:latest_baseline,73.9753532409668,30.92,0,direct_json,0.75,0.25,0.375,0.0,0,13.4,52.7,2.8,102.5,108.9,20925.2,85.7,9240.7,6744.1,"{'timestamp': '2026-09-06T10:46:16.365354+00:00', 'model_version': 'mistral-nemo:latest', 'prompt_hash': 'a6af280e'}"
13,real_mixed_41,mistral-nemo:latest_baseline,85.24482011795044,30.12,0,direct_json,0.75,0.3333333333333333,0.46153846153846156,0.0,0,12.1,44.3,2.5,101.8,108.9,20926.1,85.7,9240.7,6744.1,"{'timestamp': '2026-09-06T10:46:27.649131+00:00', 'model_version': 'mistral-nemo:latest', 'prompt_hash': 'a6af280e'}"
13,real_mixed_42,mistral-nemo:latest_baseline,80.58417105674744,29.52,0,direct_json,0.47368421052631576,0.375,0.4186046511627907,0.15789473684210525,3,13.0,75.0,2.6,102.1,108.9,20925.4,85.7,9240.7,6744.1,"{'timestamp': '2026-09-06T10:46:22.990876+00:00', 'model_version': 'mistral-nemo:latest', 'prompt_hash': 'a6af280e'}"
14,real_mixed_43,mistral-nemo:latest_baseline,95.75802898406982,28.7,0,direct_json,0.6923076923076923,0.42857142857142855,0.5294117647058824,0.0,0,11.8,44.3,2.4,102.0,108.9,20918.9,85.7,9240.7,6744.1,"{'timestamp': '2026-09-06T10:46:49.885454+00:00', 'model_version': 'mistral-nemo:latest', 'prompt_hash': 'a6af280e'}"
14,real_mixed_44,mistral-nemo:latest_baseline,79.04951620101929,29.92,0,direct_json,0.5882352941176471,0.7142857142857143,0.6451612903225806,0.0,0,12.5,44.3,2.7,102.6,108.9,20928.3,85.7,9240.7,6744.1,"{'timestamp': '2026-09-06T10:46:33.180832+00:00', 'model_version': 'mistral-nemo:latest', 'prompt_hash': 'a6af280e'}"
14,real_mixed_45,mistral-nemo:latest_baseline,83.57073593139648,30.65,0,direct_json,0.5833333333333334,0.5833333333333334,0.5833333333333334,0.0,0,12.6,44.3,2.3,102.4,108.9,20926.7,85.7,9240.7,6744.1,"{'timestamp': '2026-09-06T10:46:37.692607+00:00', 'model_version': 'mistral-nemo:latest', 'prompt_hash': 'a6af280e'}"
15,real_mixed_46,mistral-nemo:latest_baseline,102.83684611320496,31.56,0,direct_json,0.5,0.07142857142857142,0.125,0.0,0,11.7,44.3,2.8,102.1,108.9,20914.4,85.7,9240.7,6744.1,"{'timestamp': '2026-09-06T10:46:59.972677+00:00', 'model_version': 'mistral-nemo:latest', 'prompt_hash': 'a6af280e'}"
15,real_mixed_47,mistral-nemo:latest_baseline,100.29865193367004,30.23,0,direct_json,0.8148148148148148,0.8148148148148148,0.8148148148148148,0.07407407407407407,2,13.2,66.7,2.6,102.1,108.9,20915.1,85.7,9240.7,6744.1,"{'timestamp': '2026-09-06T10:46:57.464564+00:00', 'model_version': 'mistral-nemo:latest', 'prompt_hash': 'a6af280e'}"
15,real_mixed_48,mistral-nemo:latest_baseline,105.91512989997864,30.76,0,direct_json,0.16666666666666666,0.16666666666666666,0.16666666666666666,0.0,0,11.5,44.3,2.3,102.0,108.9,20915.9,85.7,9240.7,6744.1,"{'timestamp': '2026-09-06T10:47:03.046487+00:00', 'model_version': 'mistral-nemo:latest', 'prompt_hash': 'a6af280e'}"
16,real_mixed_49,mistral-nemo:latest_baseline,115.51182413101196,30.3,0,direct_json,0.5833333333333334,0.5,0.5384615384615384,0.08333333333333333,1,13.5,100.0,2.2,101.7,108.9,20919.6,85.7,9240.7,6744.1,"{'timestamp': '2026-09-06T10:47:17.172698+00:00', 'model_version': 'mistral-nemo:latest', 'prompt_hash': 'a6af280e'}"
16,real_mixed_50,mistral-nemo:latest_baseline,105.7916750907898,30.33,0,direct_json,0.6,0.5454545454545454,0.5714285714285713,0.0,0,19.7,100.0,2.3,102.0,108.9,20923.5,85.7,9240.7,6744.1,"{'timestamp': '2026-09-06T10:47:07.447743+00:00', 'model_version': 'mistral-nemo:latest', 'prompt_hash': 'a6af280e'}"
16,real_mixed_51,mistral-nemo:latest_baseline,109.96269702911377,30.49,0,direct_json,0.5555555555555556,0.5555555555555556,0.5555555555555556,0.0,0,12.2,100.0,2.3,101.9,108.9,20918.4,85.7,9240.7,6744.1,"{'timestamp': '2026-09-06T10:47:11.619586+00:00', 'model_version': 'mistral-nemo:latest', 'prompt_hash': 'a6af280e'}"
17,real_mixed_52,mistral-nemo:latest_baseline,118.07722401618958,30.61,0,direct_json,0.6666666666666666,0.2857142857142857,0.4,0.0,0,12.6,44.3,2.6,101.4,108.9,20925.0,85.7,9240.7,6744.1,"{'timestamp': '2026-09-06T10:47:26.312120+00:00', 'model_version': 'mistral-nemo:latest', 'prompt_hash': 'a6af280e'}"
17,real_mixed_53,mistral-nemo:latest_baseline,115.00308036804199,30.74,0,direct_json,0.16666666666666666,0.16666666666666666,0.16666666666666666,0.0,0,17.8,51.9,2.3,101.5,108.9,20922.9,85.7,9240.7,6744.1,"{'timestamp': '2026-09-06T10:47:23.228224+00:00', 'model_version': 'mistral-nemo:latest', 'prompt_hash': 'a6af280e'}"
17,real_mixed_54,mistral-nemo:latest_baseline,111.47454404830933,31.28,0,direct_json,0.42857142857142855,0.75,0.5454545454545454,0.0,0,12.3,52.9,2.4,101.5,108.9,20920.4,85.7,9240.7,6744.1,"{'timestamp': '2026-09-06T10:47:19.701749+00:00', 'model_version': 'mistral-nemo:latest', 'prompt_hash': 'a6af280e'}"
18,real_mixed_55,mistral-nemo:latest_baseline,116.51825785636902,29.79,0,direct_json,0.25,0.3333333333333333,0.28571428571428575,0.0,0,11.9,44.3,2.2,101.1,108.9,20938.5,85.7,9240.7,6744.1,"{'timestamp': '2026-09-06T10:47:36.947466+00:00', 'model_version': 'mistral-nemo:latest', 'prompt_hash': 'a6af280e'}"
18,real_mixed_56,mistral-nemo:latest_baseline,121.57646584510803,30.08,0,fallback,0.3333333333333333,0.21428571428571427,0.2608695652173913,0.0,0,13.0,50.0,2.1,101.1,108.9,20938.4,85.7,9240.7,6744.1,"{'timestamp': '2026-09-06T10:47:42.008619+00:00', 'model_version': 'mistral-nemo:latest', 'prompt_hash': 'a6af280e'}"
18,real_mixed_57,mistral-nemo:latest_baseline,110.41483974456787,30.55,0,direct_json,0.9285714285714286,0.7222222222222222,0.8125000000000001,0.0,0,13.0,44.3,2.3,101.1,108.9,20932.8,85.7,9240.7,6744.1,"{'timestamp': '2026-09-06T10:47:30.847781+00:00', 'model_version': 'mistral-nemo:latest', 'prompt_hash': 'a6af280e'}"
19,real_mixed_58,mistral-nemo:latest_baseline,115.49669313430786,30.64,0,direct_json,0.4444444444444444,0.36363636363636365,0.39999999999999997,0.0,0,10.8,44.3,2.2,100.6,108.9,20947.8,85.7,9240.7,6744.1,"{'timestamp': '2026-09-06T10:47:45.616048+00:00', 'model_version': 'mistral-nemo:latest', 'prompt_hash': 'a6af280e'}"
19,real_mixed_59,mistral-nemo:latest_baseline,128.18930983543396,29.72,0,direct_json,0.6428571428571429,0.47368421052631576,0.5454545454545454,0.0,0,10.5,44.3,2.1,100.8,108.9,20945.6,85.7,9240.7,6744.1,"{'timestamp': '2026-09-06T10:47:58.304233+00:00', 'model_version': 'mistral-nemo:latest', 'prompt_hash': 'a6af280e'}"
19,real_mixed_60,mistral-nemo:latest_baseline,119.5656681060791,30.69,0,direct_json,0.8333333333333334,0.38461538461538464,0.5263157894736842,0.0,0,10.6,44.3,2.2,100.7,108.9,20947.0,85.7,9240.7,6744.1,"{'timestamp': '2026-09-06T10:47:49.689011+00:00', 'model_version': 'mistral-nemo:latest', 'prompt_hash': 'a6af280e'}"
20,real_mixed_61,mistral-nemo:latest_baseline,136.2767038345337,28.63,0,fallback,0.5625,0.32142857142857145,0.40909090909090917,0.0,0,11.3,100.0,2.0,99.7,105.2,20944.9,85.8,9240.7,6744.1,"{'timestamp': '2026-09-06T10:48:17.063132+00:00', 'model_version': 'mistral-nemo:latest', 'prompt_hash': 'a6af280e'}"
20,real_mixed_62,mistral-nemo:latest_baseline,124.12753629684448,30.57,0,direct_json,0.42857142857142855,0.2727272727272727,0.33333333333333326,0.0,0,10.1,44.3,2.1,100.1,105.2,20940.2,85.8,9240.7,6744.1,"{'timestamp': '2026-09-06T10:48:04.904012+00:00', 'model_version': 'mistral-nemo:latest', 'prompt_hash': 'a6af280e'}"
20,real_mixed_63,mistral-nemo:latest_baseline,120.07153487205505,30.69,0,direct_json,0.2,0.125,0.15384615384615385,0.0,0,10.1,44.3,2.2,100.2,105.2,20937.5,85.8,9240.7,6744.1,"{'timestamp': '2026-09-06T10:48:00.848450+00:00', 'model_version': 'mistral-nemo:latest', 'prompt_hash': 'a6af280e'}"
21,real_mixed_64,mistral-nemo:latest_baseline,125.75143218040466,31.21,0,direct_json,0.0,0.0,1.0,0.0,0,12.8,100.0,2.1,99.4,105.2,20938.7,85.8,9240.7,6744.1,"{'timestamp': '2026-09-06T10:48:19.598617+00:00', 'model_version': 'mistral-nemo:latest', 'prompt_hash': 'a6af280e'}"
21,real_mixed_65,mistral-nemo:latest_baseline,134.73250603675842,30.78,0,direct_json,0.5,0.25,0.3333333333333333,0.0,0,15.5,75.0,2.1,99.3,105.2,20939.2,85.8,9240.7,6744.1,"{'timestamp': '2026-09-06T10:48:28.587202+00:00', 'model_version': 'mistral-nemo:latest', 'prompt_hash': 'a6af280e'}"
21,real_mixed_66,mistral-nemo:latest_baseline,131.2058229446411,30.39,0,direct_json,0.2727272727272727,0.15,0.19354838709677416,0.0,0,13.6,100.0,2.1,99.3,105.2,20939.7,85.8,9240.7,6744.1,"{'timestamp': '2026-09-06T10:48:25.084873+00:00', 'model_version': 'mistral-nemo:latest', 'prompt_hash': 'a6af280e'}"
22,real_mixed_67,mistral-nemo:latest_baseline,133.68477487564087,30.38,0,direct_json,0.6666666666666666,0.23529411764705882,0.3478260869565218,0.0,0,9.2,34.5,2.2,99.4,105.2,20940.4,85.8,9240.7,6744.1,"{'timestamp': '2026-09-06T10:48:41.410002+00:00', 'model_version': 'mistral-nemo:latest', 'prompt_hash': 'a6af280e'}"
22,real_mixed_68,mistral-nemo:latest_baseline,125.0862889289856,30.21,0,direct_json,0.5,0.38461538461538464,0.4347826086956522,0.0,0,9.4,34.5,2.1,99.6,105.2,20940.7,85.8,9240.7,6744.1,"{'timestamp': '2026-09-06T10:48:32.789246+00:00', 'model_version': 'mistral-nemo:latest', 'prompt_hash': 'a6af280e'}"
22,real_mixed_69,mistral-nemo:latest_baseline,128.6798689365387,30.44,0,direct_json,0.7142857142857143,0.20833333333333334,0.3225806451612903,0.0,0,9.4,34.5,2.0,99.5,105.2,20939.9,85.8,9240.7,6744.1,"{'timestamp': '2026-09-06T10:48:36.411988+00:00', 'model_version': 'mistral-nemo:latest', 'prompt_hash': 'a6af280e'}"
23,real_mixed_70,mistral-nemo:latest_baseline,117.44568395614624,30.22,0,direct_json,0.6111111111111112,0.5238095238095238,0.5641025641025642,0.0,0,10.0,100.0,2.2,99.5,105.2,20953.0,85.8,9240.7,6744.1,"{'timestamp': '2026-09-06T10:48:47.440197+00:00', 'model_version': 'mistral-nemo:latest', 'prompt_hash': 'a6af280e'}"
23,real_mixed_71,mistral-nemo:latest_baseline,127.09394383430481,30.2,0,direct_json,0.5555555555555556,0.4166666666666667,0.4761904761904762,0.0,0,9.1,33.1,2.1,99.6,105.2,20954.0,85.8,9240.7,6744.1,"{'timestamp': '2026-09-06T10:48:57.071584+00:00', 'model_version': 'mistral-nemo:latest', 'prompt_hash': 'a6af280e'}"
23,real_mixed_72,mistral-nemo:latest_baseline,121.60308313369751,30.11,0,direct_json,0.75,0.42857142857142855,0.5454545454545454,0.0,0,9.1,33.1,2.2,99.6,105.2,20953.0,85.8,9240.7,6744.1,"{'timestamp': '2026-09-06T10:48:51.583012+00:00', 'model_version': 'mistral-nemo:latest', 'prompt_hash': 'a6af280e'}"
24,real_mixed_73,mistral-nemo:latest_baseline,124.09663796424866,30.35,0,direct_json,0.6666666666666666,0.4,0.5,0.0,0,9.1,33.1,2.1,99.7,105.2,20961.3,85.8,9240.7,6744.1,"{'timestamp': '2026-09-06T10:49:07.209615+00:00', 'model_version': 'mistral-nemo:latest', 'prompt_hash': 'a6af280e'}"
24,real_mixed_74,mistral-nemo:latest_baseline,120.10315132141113,30.26,0,direct_json,0.6666666666666666,0.2,0.30769230769230765,0.0,0,9.2,33.1,2.2,99.8,105.2,20960.6,85.8,9240.7,6744.1,"{'timestamp': '2026-09-06T10:49:03.208786+00:00', 'model_version': 'mistral-nemo:latest', 'prompt_hash': 'a6af280e'}"
24,real_mixed_75,mistral-nemo:latest_baseline,117.02853679656982,30.98,0,direct_json,0.3333333333333333,0.3333333333333333,0.3333333333333333,0.0,0,9.2,33.1,2.1,99.7,105.2,20959.4,85.8,9240.7,6744.1,"{'timestamp': '2026-09-06T10:49:00.121721+00:00', 'model_version': 'mistral-nemo:latest', 'prompt_hash': 'a6af280e'}"
25,real_mixed_76,mistral-nemo:latest_baseline,110.96199011802673,32.33,0,direct_json,0.0,1.0,0.0,0.0,0,11.1,50.0,2.2,99.9,105.2,20964.9,85.8,9240.7,6744.1,"{'timestamp': '2026-09-06T10:49:08.178912+00:00', 'model_version': 'mistral-nemo:latest', 'prompt_hash': 'a6af280e'}"
25,real_mixed_77,mistral-nemo:latest_baseline,118.08716678619385,29.97,0,direct_json,0.6,0.45,0.5142857142857143,0.0,0,10.3,100.0,2.4,99.9,105.2,20963.8,85.8,9240.7,6744.1,"{'timestamp': '2026-09-06T10:49:15.332801+00:00', 'model_version': 'mistral-nemo:latest', 'prompt_hash': 'a6af280e'}"
25,real_mixed_78,mistral-nemo:latest_baseline,125.12166285514832,29.87,0,direct_json,0.5,1.0,0.6666666666666666,0.125,1,14.2,100.0,2.0,99.7,105.2,20962.5,85.8,9240.7,6744.1,"{'timestamp': '2026-09-06T10:49:22.349280+00:00', 'model_version': 'mistral-nemo:latest', 'prompt_hash': 'a6af280e'}"
26,real_mixed_79,mistral-nemo:latest_baseline,138.8652629852295,29.74,0,direct_json,0.8333333333333334,0.5,0.625,0.0,0,9.9,33.3,2.1,99.0,105.2,20956.9,85.8,9240.7,6744.1,"{'timestamp': '2026-09-06T10:49:45.234289+00:00', 'model_version': 'mistral-nemo:latest', 'prompt_hash': 'a6af280e'}"
26,real_mixed_80,mistral-nemo:latest_baseline,130.73574590682983,29.72,0,direct_json,0.5652173913043478,0.5416666666666666,0.5531914893617021,0.0,0,9.7,33.1,2.1,99.8,105.2,20960.7,85.8,9240.7,6744.1,"{'timestamp': '2026-09-06T10:49:37.121869+00:00', 'model_version': 'mistral-nemo:latest', 'prompt_hash': 'a6af280e'}"
26,real_mixed_81,mistral-nemo:latest_baseline,119.9893000125885,30.63,0,direct_json,0.75,0.5454545454545454,0.631578947368421,0.0,0,14.6,92.9,2.2,99.7,105.2,20962.4,85.8,9240.7,6744.1,"{'timestamp': '2026-09-06T10:49:26.358653+00:00', 'model_version': 'mistral-nemo:latest', 'prompt_hash': 'a6af280e'}"
27,real_mixed_82,mistral-nemo:latest_baseline,134.71569085121155,30.7,0,direct_json,0.3333333333333333,0.3333333333333333,0.3333333333333333,0.0,0,13.3,92.9,2.2,98.9,105.2,20948.3,85.8,9240.7,6744.1,"{'timestamp': '2026-09-06T10:49:56.802055+00:00', 'model_version': 'mistral-nemo:latest', 'prompt_hash': 'a6af280e'}"
27,real_mixed_83,mistral-nemo:latest_baseline,130.15912580490112,30.71,0,direct_json,0.75,0.6,0.6666666666666665,0.0,0,12.0,100.0,2.2,98.8,105.2,20949.5,85.8,9240.7,6744.1,"{'timestamp': '2026-09-06T10:49:52.239420+00:00', 'model_version': 'mistral-nemo:latest', 'prompt_hash': 'a6af280e'}"
27,real_mixed_84,mistral-nemo:latest_baseline,127.17038798332214,30.77,0,direct_json,0.8333333333333334,0.5555555555555556,0.6666666666666667,0.0,0,11.0,100.0,2.0,98.7,105.2,20950.0,85.8,9240.7,6744.1,"{'timestamp': '2026-09-06T10:49:49.251963+00:00', 'model_version': 'mistral-nemo:latest', 'prompt_hash': 'a6af280e'}"
28,real_mixed_85,mistral-nemo:latest_baseline,121.60480618476868,30.76,0,direct_json,0.7142857142857143,0.625,0.6666666666666666,0.0,0,9.0,33.1,2.2,98.6,105.9,20947.7,85.8,9240.7,6744.1,"{'timestamp': '2026-09-06T10:49:59.966068+00:00', 'model_version': 'mistral-nemo:latest', 'prompt_hash': 'a6af280e'}"
28,real_mixed_86,mistral-nemo:latest_baseline,128.57957124710083,30.4,0,direct_json,0.7,0.5384615384615384,0.608695652173913,0.1,1,9.8,43.3,2.1,98.7,105.2,20949.5,85.8,9240.7,6744.1,"{'timestamp': '2026-09-06T10:50:06.959076+00:00', 'model_version': 'mistral-nemo:latest', 'prompt_hash': 'a6af280e'}"
28,real_mixed_87,mistral-nemo:latest_baseline,124.11819791793823,31.06,0,direct_json,1.0,0.14285714285714285,0.25,0.0,0,9.0,33.1,2.1,98.7,105.9,20947.3,85.8,9240.7,6744.1,"{'timestamp': '2026-09-06T10:50:02.481750+00:00', 'model_version': 'mistral-nemo:latest', 'prompt_hash': 'a6af280e'}"
29,real_mixed_88,mistral-nemo:latest_baseline,112.41611504554749,27.61,0,direct_json,0.6,0.75,0.6666666666666665,0.0,0,9.3,73.1,1.9,99.1,105.7,20941.8,85.8,9240.7,6744.1,"{'timestamp': '2026-09-06T10:50:09.528720+00:00', 'model_version': 'mistral-nemo:latest', 'prompt_hash': 'a6af280e'}"
29,real_mixed_89,mistral-nemo:latest_baseline,115.97178268432617,30.52,0,direct_json,0.6666666666666666,0.3076923076923077,0.42105263157894735,0.0,0,9.6,73.1,2.6,99.1,105.9,20941.7,85.8,9240.7,6744.1,"{'timestamp': '2026-09-06T10:50:13.098745+00:00', 'model_version': 'mistral-nemo:latest', 'prompt_hash': 'a6af280e'}"
29,real_mixed_90,mistral-nemo:latest_baseline,119.50630283355713,30.33,0,direct_json,0.2222222222222222,0.25,0.23529411764705882,0.0,0,9.7,73.1,2.1,98.9,105.7,20942.1,85.8,9240.7,6744.1,"{'timestamp': '2026-09-06T10:50:16.626049+00:00', 'model_version': 'mistral-nemo:latest', 'prompt_hash': 'a6af280e'}"
30,real_mixed_91,mistral-nemo:latest_baseline,116.98579025268555,30.09,0,fallback,0.6923076923076923,0.75,0.7199999999999999,0.0,0,16.4,73.1,2.1,98.9,104.5,20941.8,85.8,9240.7,6744.1,"{'timestamp': '2026-09-06T10:50:25.631239+00:00', 'model_version': 'mistral-nemo:latest', 'prompt_hash': 'a6af280e'}"
30,real_mixed_92,mistral-nemo:latest_baseline,122.00290083885193,30.04,0,direct_json,0.7272727272727273,0.5333333333333333,0.6153846153846153,0.0,0,17.4,97.4,2.1,98.7,104.5,20941.8,85.8,9240.7,6744.1,"{'timestamp': '2026-09-06T10:50:30.649919+00:00', 'model_version': 'mistral-nemo:latest', 'prompt_hash': 'a6af280e'}"
30,real_mixed_93,mistral-nemo:latest_baseline,111.46896004676819,30.36,0,direct_json,0.2857142857142857,0.2,0.23529411764705882,0.0,0,17.4,100.0,2.2,99.0,104.5,20941.6,85.8,9240.7,6744.1,"{'timestamp': '2026-09-06T10:50:20.112328+00:00', 'model_version': 'mistral-nemo:latest', 'prompt_hash': 'a6af280e'}"
31,real_mixed_94,mistral-nemo:latest_baseline,118.57363104820251,30.59,0,direct_json,0.6,0.15,0.24,0.0,0,10.0,73.1,2.2,106.7,202.7,20939.5,85.8,9240.7,6744.1,"{'timestamp': '2026-09-06T10:50:40.051879+00:00', 'model_version': 'mistral-nemo:latest', 'prompt_hash': 'a6af280e'}"
31,real_mixed_95,mistral-nemo:latest_baseline,115.04329109191895,31.35,0,direct_json,0.0,0.0,1.0,0.0,0,9.7,73.1,2.3,104.0,202.6,20941.9,85.8,9240.7,6744.1,"{'timestamp': '2026-09-06T10:50:36.503593+00:00', 'model_version': 'mistral-nemo:latest', 'prompt_hash': 'a6af280e'}"
31,real_mixed_96,mistral-nemo:latest_baseline,112.51332402229309,30.65,0,fallback,0.5555555555555556,0.4166666666666667,0.4761904761904762,0.0,0,9.8,73.1,2.2,101.7,202.4,20942.4,85.8,9240.7,6744.1,"{'timestamp': '2026-09-06T10:50:33.989244+00:00', 'model_version': 'mistral-nemo:latest', 'prompt_hash': 'a6af280e'}"
32,real_mixed_97,mistral-nemo:latest_baseline,108.00952506065369,30.98,0,direct_json,0.8,0.4444444444444444,0.5714285714285714,0.0,0,10.3,100.0,2.3,112.3,206.4,20935.0,85.8,9240.7,6744.1,"{'timestamp': '2026-09-06T10:50:45.141004+00:00', 'model_version': 'mistral-nemo:latest', 'prompt_hash': 'a6af280e'}"
32,real_mixed_98,mistral-nemo:latest_baseline,114.58235597610474,30.16,0,direct_json,0.6153846153846154,0.2857142857142857,0.3902439024390244,0.0,0,11.8,100.0,2.1,117.5,206.4,20935.8,85.8,9240.7,6744.1,"{'timestamp': '2026-09-06T10:50:51.743455+00:00', 'model_version': 'mistral-nemo:latest', 'prompt_hash': 'a6af280e'}"
32,real_mixed_99,mistral-nemo:latest_baseline,104.95965886116028,31.0,0,direct_json,0.3333333333333333,1.0,0.5,0.0,0,11.3,100.0,2.2,109.4,206.3,20935.5,85.8,9240.7,6744.1,"{'timestamp': '2026-09-06T10:50:42.082165+00:00', 'model_version': 'mistral-nemo:latest', 'prompt_hash': 'a6af280e'}"
33,real_mixed_100,mistral-nemo:latest_baseline,114.61840009689331,21.95,0,direct_json,0.15384615384615385,0.2857142857142857,0.2,0.0,0,11.0,100.0,2.1,126.4,206.4,21248.8,85.9,9240.7,6744.1,"{'timestamp': '2026-09-06T10:51:01.885914+00:00', 'model_version': 'mistral-nemo:latest', 'prompt_hash': 'a6af280e'}"
33,real_mixed_101,mistral-nemo:latest_baseline,108.47771096229553,31.0,0,direct_json,0.3333333333333333,0.2857142857142857,0.30769230769230765,0.0,0,10.3,73.1,2.2,122.4,206.4,20931.6,85.8,9240.7,6744.1,"{'timestamp': '2026-09-06T10:50:55.747608+00:00', 'model_version': 'mistral-nemo:latest', 'prompt_hash': 'a6af280e'}"
33,real_mixed_102,mistral-nemo:latest_baseline,105.43529009819031,32.32,0,direct_json,0.0,1.0,0.0,0.0,0,10.8,100.0,2.2,119.9,206.4,20932.6,85.8,9240.7,6744.1,"{'timestamp': '2026-09-06T10:50:52.694040+00:00', 'model_version': 'mistral-nemo:latest', 'prompt_hash': 'a6af280e'}"
34,real_mixed_103,mistral-nemo:latest_baseline,101.475989818573,20.09,0,direct_json,0.0,1.0,0.0,0.0,0,12.5,94.4,2.4,131.7,206.4,21442.7,85.9,9240.7,6744.1,"{'timestamp': '2026-09-06T10:51:03.880275+00:00', 'model_version': 'mistral-nemo:latest', 'prompt_hash': 'a6af280e'}"
34,real_mixed_104,mistral-nemo:latest_baseline,108.0763008594513,20.54,0,direct_json,0.46153846153846156,0.6,0.5217391304347826,0.0,0,9.9,73.1,2.1,128.1,206.4,21834.2,86.0,9240.7,6744.1,"{'timestamp': '2026-09-06T10:51:10.491755+00:00', 'model_version': 'mistral-nemo:latest', 'prompt_hash': 'a6af280e'}"
34,real_mixed_105,mistral-nemo:latest_baseline,113.1502058506012,20.58,0,direct_json,0.625,0.5,0.5555555555555556,0.0,0,10.3,73.1,2.2,125.4,206.4,22087.5,86.2,9240.7,6744.1,"{'timestamp': '2026-09-06T10:51:15.567100+00:00', 'model_version': 'mistral-nemo:latest', 'prompt_hash': 'a6af280e'}"
35,real_mixed_106,mistral-nemo:latest_baseline,93.26015996932983,20.98,0,direct_json,0.5,0.5,0.5,0.0,0,14.3,100.0,2.3,132.2,206.4,22544.7,86.4,9240.7,6744.1,"{'timestamp': '2026-09-06T10:51:18.558316+00:00', 'model_version': 'mistral-nemo:latest', 'prompt_hash': 'a6af280e'}"
35,real_mixed_107,mistral-nemo:latest_baseline,108.47895002365112,18.37,0,direct_json,0.75,0.6923076923076923,0.7199999999999999,0.0,0,11.3,73.1,2.0,123.2,206.4,23260.2,86.7,9240.7,6744.1,"{'timestamp': '2026-09-06T10:51:33.785906+00:00', 'model_version': 'mistral-nemo:latest', 'prompt_hash': 'a6af280e'}"
35,real_mixed_108,mistral-nemo:latest_baseline,98.39037919044495,19.02,0,fallback,0.2857142857142857,0.4,0.3333333333333333,0.0,0,11.4,100.0,2.2,129.0,206.4,22810.5,86.5,9240.7,6744.1,"{'timestamp': '2026-09-06T10:51:23.692257+00:00', 'model_version': 'mistral-nemo:latest', 'prompt_hash': 'a6af280e'}"
36,real_mixed_109,mistral-nemo:latest_baseline,116.19462609291077,20.87,0,direct_json,0.8333333333333334,0.625,0.7142857142857143,0.0,0,11.8,73.1,2.0,118.2,206.4,24220.3,87.2,9240.7,6744.1,"{'timestamp': '2026-09-06T10:51:53.083762+00:00', 'model_version': 'mistral-nemo:latest', 'prompt_hash': 'a6af280e'}"
36,real_mixed_110,mistral-nemo:latest_baseline,122.74217987060547,19.5,0,direct_json,0.5,0.2222222222222222,0.30769230769230765,0.0,0,13.8,100.0,1.9,115.1,206.4,24401.0,87.3,9240.7,6744.1,"{'timestamp': '2026-09-06T10:51:59.627598+00:00', 'model_version': 'mistral-nemo:latest', 'prompt_hash': 'a6af280e'}"
36,real_mixed_111,mistral-nemo:latest_baseline,106.03648686408997,21.53,0,direct_json,0.8387096774193549,0.8666666666666667,0.8524590163934426,0.0,0,17.3,100.0,1.9,122.7,206.4,23900.5,87.0,9240.7,6744.1,"{'timestamp': '2026-09-06T10:51:42.930799+00:00', 'model_version': 'mistral-nemo:latest', 'prompt_hash': 'a6af280e'}"
37,real_mixed_112,mistral-nemo:latest_baseline,116.12149405479431,20.37,0,direct_json,0.2,0.2,0.20000000000000004,0.0,0,11.9,73.1,1.9,115.5,206.4,24796.2,87.5,9240.7,6744.1,"{'timestamp': '2026-09-06T10:52:03.138522+00:00', 'model_version': 'mistral-nemo:latest', 'prompt_hash': 'a6af280e'}"
37,real_mixed_113,mistral-nemo:latest_baseline,121.20360708236694,20.21,0,direct_json,0.7142857142857143,0.5555555555555556,0.6250000000000001,0.0,0,13.1,100.0,1.8,114.4,206.4,24913.2,87.5,9240.7,6744.1,"{'timestamp': '2026-09-06T10:52:08.229153+00:00', 'model_version': 'mistral-nemo:latest', 'prompt_hash': 'a6af280e'}"
37,real_mixed_114,mistral-nemo:latest_baseline,126.2765040397644,23.07,0,direct_json,0.3333333333333333,0.5714285714285714,0.4210526315789474,0.0,0,12.2,73.1,1.8,112.3,206.4,25021.8,87.6,9240.7,6744.1,"{'timestamp': '2026-09-06T10:52:13.297418+00:00', 'model_version': 'mistral-nemo:latest', 'prompt_hash': 'a6af280e'}"
38,real_mixed_115,mistral-nemo:latest_baseline,119.14704513549805,20.53,0,direct_json,1.0,0.6666666666666666,0.8,0.0,0,12.7,100.0,1.7,113.0,206.4,25418.3,87.7,9240.7,6744.1,"{'timestamp': '2026-09-06T10:52:15.825223+00:00', 'model_version': 'mistral-nemo:latest', 'prompt_hash': 'a6af280e'}"
38,real_mixed_116,mistral-nemo:latest_baseline,122.59405994415283,20.01,0,direct_json,1.0,0.0,0.0,0.0,0,18.1,88.9,1.8,112.6,206.4,25475.3,87.8,9240.7,6744.1,"{'timestamp': '2026-09-06T10:52:19.275597+00:00', 'model_version': 'mistral-nemo:latest', 'prompt_hash': 'a6af280e'}"
38,real_mixed_117,mistral-nemo:latest_baseline,130.73718905448914,19.41,0,direct_json,0.14285714285714285,0.125,0.13333333333333333,0.0,0,16.5,92.3,1.7,110.8,206.4,25604.0,87.8,9240.7,6744.1,"{'timestamp': '2026-09-06T10:52:27.435129+00:00', 'model_version': 'mistral-nemo:latest', 'prompt_hash': 'a6af280e'}"
39,real_mixed_118,mistral-nemo:latest_baseline,123.1779408454895,19.27,0,direct_json,0.6666666666666666,0.8,0.7272727272727272,0.0,0,11.9,39.0,1.6,111.2,206.4,26245.0,88.1,9240.7,6744.1,"{'timestamp': '2026-09-06T10:52:34.134355+00:00', 'model_version': 'mistral-nemo:latest', 'prompt_hash': 'a6af280e'}"
39,real_mixed_119,mistral-nemo:latest_baseline,119.58823609352112,19.9,0,direct_json,0.3333333333333333,0.16666666666666666,0.2222222222222222,0.0,0,11.8,38.2,1.6,111.9,206.4,26205.5,88.1,9240.7,6744.1,"{'timestamp': '2026-09-06T10:52:30.555976+00:00', 'model_version': 'mistral-nemo:latest', 'prompt_hash': 'a6af280e'}"
39,real_mixed_120,mistral-nemo:latest_baseline,128.6793029308319,19.73,0,direct_json,0.4444444444444444,0.8,0.5714285714285714,0.0,0,12.4,38.2,1.6,110.3,206.4,26304.0,88.1,9240.7,6744.1,"{'timestamp': '2026-09-06T10:52:39.641087+00:00', 'model_version': 'mistral-nemo:latest', 'prompt_hash': 'a6af280e'}"
7,real_mixed_22,mistral-nemo:latest_kb_rag,16.772687911987305,19.44,0,direct_json,0.0,1.0,0.0,0.16666666666666666,1,11.0,67.0,24.7,578.7,1005.2,27484.4,88.9,9240.7,6744.1,"{'timestamp': '2026-09-06T10:52:58.627997+00:00', 'model_version': 'mistral-nemo:latest', 'prompt_hash': 'a6af280e'}"
7,real_mixed_23,mistral-nemo:latest_kb_rag,7.169370174407959,19.43,0,fallback,0.6666666666666666,0.26666666666666666,0.3809523809523809,0.0,0,25.1,100.0,69.6,775.0,1227.0,27436.6,88.9,9240.7,6744.1,"{'timestamp': '2026-09-06T10:52:48.824078+00:00', 'model_version': 'mistral-nemo:latest', 'prompt_hash': 'a6af280e'}"
7,real_mixed_24,mistral-nemo:latest_kb_rag,12.711818933486938,19.23,0,direct_json,0.8,0.5714285714285714,0.6666666666666666,0.0,0,13.7,67.0,60.3,626.6,1061.4,27489.6,88.9,9240.7,6744.1,"{'timestamp': '2026-09-06T10:52:54.444045+00:00', 'model_version': 'mistral-nemo:latest', 'prompt_hash': 'a6af280e'}"
3,real_mixed_10,mistral-nemo:latest_kb_rag,20.85411310195923,19.25,0,fallback,0.5,0.16666666666666666,0.25,0.0,0,12.5,67.0,48.0,555.8,1008.7,27464.6,89.0,9240.7,6744.1,"{'timestamp': '2026-09-06T10:53:02.686457+00:00', 'model_version': 'mistral-nemo:latest', 'prompt_hash': 'a6af280e'}"
3,real_mixed_11,mistral-nemo:latest_kb_rag,37.16598606109619,19.65,0,direct_json,0.7058823529411765,0.6666666666666666,0.6857142857142857,0.0,0,11.1,67.0,19.2,367.0,984.8,27599.7,88.9,9240.7,6744.1,"{'timestamp': '2026-09-06T10:53:19.129937+00:00', 'model_version': 'mistral-nemo:latest', 'prompt_hash': 'a6af280e'}"
3,real_mixed_12,mistral-nemo:latest_kb_rag,24.96283483505249,26.63,0,fallback,0.5,0.42857142857142855,0.4615384615384615,0.0,0,11.1,67.0,23.0,497.4,1000.0,27498.3,88.9,9240.7,6744.1,"{'timestamp': '2026-09-06T10:53:07.087652+00:00', 'model_version': 'mistral-nemo:latest', 'prompt_hash': 'a6af280e'}"
4,real_mixed_13,mistral-nemo:latest_kb_rag,60.82205867767334,20.18,0,fallback,0.5,0.35294117647058826,0.41379310344827586,0.0,0,11.2,67.0,10.1,295.3,1006.7,27656.3,88.6,9240.7,6744.1,"{'timestamp': '2026-09-06T10:53:43.130911+00:00', 'model_version': 'mistral-nemo:latest', 'prompt_hash': 'a6af280e'}"
4,real_mixed_14,mistral-nemo:latest_kb_rag,119.49603796005249,27.73,0,fallback,0.6923076923076923,0.75,0.7199999999999999,0.0,0,10.1,67.0,7.8,185.3,917.8,27382.3,86.9,9240.7,6744.1,"{'timestamp': '2026-09-06T10:54:41.958168+00:00', 'model_version': 'mistral-nemo:latest', 'prompt_hash': 'a6af280e'}"
4,real_mixed_15,mistral-nemo:latest_kb_rag,44.6623899936676,19.9,0,fallback,0.26666666666666666,0.4444444444444444,0.33333333333333337,0.0,0,11.8,67.0,21.8,363.7,1000.3,27583.5,88.9,9240.7,6744.1,"{'timestamp': '2026-09-06T10:53:26.900754+00:00', 'model_version': 'mistral-nemo:latest', 'prompt_hash': 'a6af280e'}"
8,real_mixed_25,mistral-nemo:latest_kb_rag,72.45133471488953,21.07,0,direct_json,0.5,0.4166666666666667,0.45454545454545453,0.0,0,10.7,67.0,8.0,258.9,1008.8,27749.8,88.4,9240.7,6744.1,"{'timestamp': '2026-09-06T10:53:54.826569+00:00', 'model_version': 'mistral-nemo:latest', 'prompt_hash': 'a6af280e'}"
8,real_mixed_26,mistral-nemo:latest_kb_rag,123.12193894386292,30.13,0,fallback,0.6666666666666666,0.05555555555555555,0.10256410256410256,0.0,0,11.4,67.0,20.2,194.1,851.1,27171.6,86.8,9240.7,6744.1,"{'timestamp': '2026-09-06T10:54:45.788116+00:00', 'model_version': 'mistral-nemo:latest', 'prompt_hash': 'a6af280e'}"
8,real_mixed_27,mistral-nemo:latest_kb_rag,101.26926302909851,20.96,0,direct_json,0.7777777777777778,0.5384615384615384,0.6363636363636364,0.0,0,11.3,67.0,11.1,202.5,851.9,27736.6,88.1,9240.7,6744.1,"{'timestamp': '2026-09-06T10:54:23.911475+00:00', 'model_version': 'mistral-nemo:latest', 'prompt_hash': 'a6af280e'}"
0,real_mixed_1,mistral-nemo:latest_kb_rag,52.31142497062683,19.69,0,direct_json,0.7692307692307693,0.7692307692307693,0.7692307692307693,0.07692307692307693,1,11.6,67.0,18.3,331.7,1000.3,27606.1,88.9,9240.7,6744.1,"{'timestamp': '2026-09-06T10:53:34.557185+00:00', 'model_version': 'mistral-nemo:latest', 'prompt_hash': 'a6af280e'}"
0,real_mixed_2,mistral-nemo:latest_kb_rag,77.98609185218811,29.96,0,direct_json,0.5,0.4166666666666667,0.45454545454545453,0.0,0,10.6,67.0,6.5,244.7,917.2,27745.3,88.2,9240.7,6744.1,"{'timestamp': '2026-09-06T10:54:00.428514+00:00', 'model_version': 'mistral-nemo:latest', 'prompt_hash': 'a6af280e'}"
0,real_mixed_3,mistral-nemo:latest_kb_rag,136.26349902153015,30.15,0,fallback,0.42857142857142855,0.25,0.3157894736842105,0.0,0,16.7,100.0,7.4,204.9,920.3,26573.3,86.7,9240.7,6744.1,"{'timestamp': '2026-09-06T10:54:58.810109+00:00', 'model_version': 'mistral-nemo:latest', 'prompt_hash': 'a6af280e'}"
2,real_mixed_7,mistral-nemo:latest_kb_rag,110.44626140594482,29.92,0,fallback,0.6666666666666666,0.42857142857142855,0.5217391304347826,0.0,0,17.7,100.0,5.1,193.1,920.1,27608.8,87.5,9240.7,6744.1,"{'timestamp': '2026-09-06T10:54:33.000690+00:00', 'model_version': 'mistral-nemo:latest', 'prompt_hash': 'a6af280e'}"
2,real_mixed_8,mistral-nemo:latest_kb_rag,148.51317405700684,30.2,0,fallback,0.5,0.3333333333333333,0.4,0.0,0,13.4,100.0,6.4,212.5,852.4,26116.1,86.7,9240.7,6744.1,"{'timestamp': '2026-09-06T10:55:11.166049+00:00', 'model_version': 'mistral-nemo:latest', 'prompt_hash': 'a6af280e'}"
2,real_mixed_9,mistral-nemo:latest_kb_rag,139.2859981060028,30.03,0,fallback,0.625,0.5,0.5555555555555556,0.0,0,10.2,46.7,6.2,211.5,849.0,26449.0,86.7,9240.7,6744.1,"{'timestamp': '2026-09-06T10:55:01.955745+00:00', 'model_version': 'mistral-nemo:latest', 'prompt_hash': 'a6af280e'}"
5,real_mixed_16,mistral-nemo:latest_kb_rag,151.49710369110107,30.78,0,fallback,1.0,0.2222222222222222,0.3636363636363636,0.0,0,13.2,67.0,10.4,218.5,850.9,26014.2,86.6,9240.7,6744.1,"{'timestamp': '2026-09-06T10:55:14.122684+00:00', 'model_version': 'mistral-nemo:latest', 'prompt_hash': 'a6af280e'}"
5,real_mixed_17,mistral-nemo:latest_kb_rag,126.69688296318054,30.26,0,direct_json,0.25,1.0,0.4,0.0,0,13.4,67.0,6.0,203.4,849.2,26995.8,86.8,9240.7,6744.1,"{'timestamp': '2026-09-06T10:54:49.268097+00:00', 'model_version': 'mistral-nemo:latest', 'prompt_hash': 'a6af280e'}"
5,real_mixed_18,mistral-nemo:latest_kb_rag,131.1771821975708,29.99,0,fallback,0.8,0.3333333333333333,0.47058823529411764,0.0,0,11.2,100.0,7.0,205.1,852.9,26786.9,86.8,9240.7,6744.1,"{'timestamp': '2026-09-06T10:54:53.831947+00:00', 'model_version': 'mistral-nemo:latest', 'prompt_hash': 'a6af280e'}"
6,real_mixed_19,mistral-nemo:latest_kb_rag,66.43842005729675,20.63,0,direct_json,0.7368421052631579,0.7,0.717948717948718,0.0,0,11.1,67.0,9.1,276.1,1005.3,27705.8,88.5,9240.7,6744.1,"{'timestamp': '2026-09-06T10:53:48.838976+00:00', 'model_version': 'mistral-nemo:latest', 'prompt_hash': 'a6af280e'}"
6,real_mixed_20,mistral-nemo:latest_kb_rag,86.7277319431305,11.79,0,fallback,0.8571428571428571,0.375,0.5217391304347825,0.0,0,13.0,67.0,6.0,225.7,849.2,27711.1,88.0,9240.7,6744.1,"{'timestamp': '2026-09-06T10:54:09.324461+00:00', 'model_version': 'mistral-nemo:latest', 'prompt_hash': 'a6af280e'}"
6,real_mixed_21,mistral-nemo:latest_kb_rag,156.61669874191284,30.15,0,direct_json,0.8333333333333334,0.35714285714285715,0.5,0.0,0,14.5,100.0,15.5,231.0,852.0,25848.5,86.6,9240.7,6744.1,"{'timestamp': '2026-09-06T10:55:19.265697+00:00', 'model_version': 'mistral-nemo:latest', 'prompt_hash': 'a6af280e'}"
1,real_mixed_4,mistral-nemo:latest_kb_rag,105.37086391448975,30.19,0,fallback,0.5,0.21428571428571427,0.3,0.16666666666666666,1,10.3,67.0,4.9,199.3,919.3,27721.9,87.9,9240.7,6744.1,"{'timestamp': '2026-09-06T10:54:27.870860+00:00', 'model_version': 'mistral-nemo:latest', 'prompt_hash': 'a6af280e'}"
1,real_mixed_5,mistral-nemo:latest_kb_rag,144.44907593727112,29.83,0,fallback,0.625,0.5,0.5555555555555556,0.0,0,11.0,67.0,11.6,213.2,851.6,26259.6,86.7,9240.7,6744.1,"{'timestamp': '2026-09-06T10:55:07.085249+00:00', 'model_version': 'mistral-nemo:latest', 'prompt_hash': 'a6af280e'}"
1,real_mixed_6,mistral-nemo:latest_kb_rag,160.1287591457367,30.35,0,direct_json,0.625,0.2777777777777778,0.3846153846153846,0.0,0,10.2,46.7,7.9,238.3,848.8,25739.5,86.6,9240.7,6744.1,"{'timestamp': '2026-09-06T10:55:22.810012+00:00', 'model_version': 'mistral-nemo:latest', 'prompt_hash': 'a6af280e'}"
9,real_mixed_28,mistral-nemo:latest_kb_rag,151.0847339630127,29.99,0,fallback,0.7272727272727273,0.5333333333333333,0.6153846153846153,0.0,0,10.2,46.7,8.1,223.2,666.1,25330.9,86.3,9240.7,6744.1,"{'timestamp': '2026-09-06T10:55:30.139520+00:00', 'model_version': 'mistral-nemo:latest', 'prompt_hash': 'a6af280e'}"
9,real_mixed_29,mistral-nemo:latest_kb_rag,157.1423852443695,29.57,0,fallback,0.30434782608695654,0.5833333333333334,0.4,0.0,0,10.2,46.7,7.9,228.9,666.1,25166.0,86.3,9240.7,6744.1,"{'timestamp': '2026-09-06T10:55:36.205102+00:00', 'model_version': 'mistral-nemo:latest', 'prompt_hash': 'a6af280e'}"
9,real_mixed_30,mistral-nemo:latest_kb_rag,146.56035923957825,30.46,0,fallback,0.3333333333333333,0.125,0.18181818181818182,0.0,0,12.6,49.4,8.4,211.9,666.1,25465.8,86.3,9240.7,6744.1,"{'timestamp': '2026-09-06T10:55:25.599150+00:00', 'model_version': 'mistral-nemo:latest', 'prompt_hash': 'a6af280e'}"
10,real_mixed_31,mistral-nemo:latest_kb_rag,139.32904076576233,31.03,0,fallback,0.25,0.5,0.3333333333333333,0.0,0,15.0,100.0,9.2,242.6,666.1,24696.3,85.9,9240.7,6744.1,"{'timestamp': '2026-09-06T10:55:38.882772+00:00', 'model_version': 'mistral-nemo:latest', 'prompt_hash': 'a6af280e'}"
10,real_mixed_32,mistral-nemo:latest_kb_rag,146.49712896347046,29.71,0,fallback,0.2222222222222222,0.2857142857142857,0.25,0.0,0,14.5,100.0,8.4,250.4,666.1,24516.0,85.9,9240.7,6744.1,"{'timestamp': '2026-09-06T10:55:46.066134+00:00', 'model_version': 'mistral-nemo:latest', 'prompt_hash': 'a6af280e'}"
10,real_mixed_33,mistral-nemo:latest_kb_rag,142.97118592262268,29.94,0,fallback,0.8333333333333334,0.38461538461538464,0.5263157894736842,0.0,0,15.3,100.0,9.1,249.1,666.1,24602.8,85.9,9240.7,6744.1,"{'timestamp': '2026-09-06T10:55:42.538096+00:00', 'model_version': 'mistral-nemo:latest', 'prompt_hash': 'a6af280e'}"
11,real_mixed_34,mistral-nemo:latest_kb_rag,66.98004388809204,30.78,0,fallback,0.6666666666666666,0.2,0.30769230769230765,0.0,0,10.8,46.7,16.6,435.2,666.1,20984.1,85.7,9240.7,6744.1,"{'timestamp': '2026-09-06T10:55:49.340893+00:00', 'model_version': 'mistral-nemo:latest', 'prompt_hash': 'a6af280e'}"
11,real_mixed_35,mistral-nemo:latest_kb_rag,74.56543183326721,29.86,0,fallback,0.42857142857142855,0.42857142857142855,0.42857142857142855,0.0,0,10.8,46.7,15.6,420.4,666.1,20985.9,85.8,9240.7,6744.1,"{'timestamp': '2026-09-06T10:55:56.917200+00:00', 'model_version': 'mistral-nemo:latest', 'prompt_hash': 'a6af280e'}"
11,real_mixed_36,mistral-nemo:latest_kb_rag,70.4811179637909,29.86,0,direct_json,0.8333333333333334,0.23809523809523808,0.37037037037037035,0.0,0,10.8,46.7,17.3,427.1,666.1,20983.4,85.7,9240.7,6744.1,"{'timestamp': '2026-09-06T10:55:52.846649+00:00', 'model_version': 'mistral-nemo:latest', 'prompt_hash': 'a6af280e'}"
12,real_mixed_37,mistral-nemo:latest_kb_rag,81.16463780403137,29.77,0,fallback,0.7142857142857143,0.4166666666666667,0.5263157894736842,0.0,0,14.7,100.0,14.7,410.6,666.1,20982.7,85.8,9240.7,6744.1,"{'timestamp': '2026-09-06T10:56:07.310467+00:00', 'model_version': 'mistral-nemo:latest', 'prompt_hash': 'a6af280e'}"
12,real_mixed_38,mistral-nemo:latest_kb_rag,76.0495879650116,29.54,0,fallback,0.7,0.5384615384615384,0.608695652173913,0.0,0,15.3,80.0,15.2,420.6,666.1,20980.7,85.8,9240.7,6744.1,"{'timestamp': '2026-09-06T10:56:02.194512+00:00', 'model_version': 'mistral-nemo:latest', 'prompt_hash': 'a6af280e'}"
12,real_mixed_39,mistral-nemo:latest_kb_rag,84.69364881515503,30.31,0,fallback,0.75,0.42857142857142855,0.5454545454545454,0.0,0,13.5,55.6,13.2,404.5,666.1,20984.1,85.8,9240.7,6744.1,"{'timestamp': '2026-09-06T10:56:10.828875+00:00', 'model_version': 'mistral-nemo:latest', 'prompt_hash': 'a6af280e'}"
13,real_mixed_40,mistral-nemo:latest_kb_rag,81.5671763420105,30.09,0,direct_json,0.8571428571428571,0.5,0.631578947368421,0.0,0,16.4,51.5,22.0,419.2,666.1,20989.0,85.7,9240.7,6744.1,"{'timestamp': '2026-09-06T10:56:20.785340+00:00', 'model_version': 'mistral-nemo:latest', 'prompt_hash': 'a6af280e'}"
13,real_mixed_41,mistral-nemo:latest_kb_rag,87.25798010826111,29.88,0,direct_json,0.8181818181818182,0.5,0.6206896551724137,0.0,0,15.3,51.2,13.0,411.3,666.1,20989.1,85.7,9240.7,6744.1,"{'timestamp': '2026-09-06T10:56:26.489064+00:00', 'model_version': 'mistral-nemo:latest', 'prompt_hash': 'a6af280e'}"
13,real_mixed_42,mistral-nemo:latest_kb_rag,78.04606080055237,29.89,0,fallback,0.4666666666666667,0.2916666666666667,0.35897435897435903,0.26666666666666666,4,17.0,51.3,26.5,425.0,666.1,20983.8,85.8,9240.7,6744.1,"{'timestamp': '2026-09-06T10:56:17.279667+00:00', 'model_version': 'mistral-nemo:latest', 'prompt_hash': 'a6af280e'}"
14,real_mixed_43,mistral-nemo:latest_kb_rag,91.2585117816925,27.98,0,direct_json,0.7692307692307693,0.47619047619047616,0.588235294117647,0.0,0,10.9,85.7,14.1,417.0,666.1,20991.1,85.7,9240.7,6744.1,"{'timestamp': '2026-09-06T10:56:42.785837+00:00', 'model_version': 'mistral-nemo:latest', 'prompt_hash': 'a6af280e'}"
14,real_mixed_44,mistral-nemo:latest_kb_rag,98.32097101211548,29.66,0,direct_json,0.6666666666666666,0.7142857142857143,0.689655172413793,0.0,0,10.1,40.5,11.6,398.1,666.1,20991.0,85.7,9240.7,6744.1,"{'timestamp': '2026-09-06T10:56:49.848996+00:00', 'model_version': 'mistral-nemo:latest', 'prompt_hash': 'a6af280e'}"
14,real_mixed_45,mistral-nemo:latest_kb_rag,79.01365780830383,29.86,0,fallback,0.6363636363636364,0.5833333333333334,0.6086956521739131,0.0,0,11.0,91.7,14.3,430.6,666.1,20986.6,85.7,9240.7,6744.1,"{'timestamp': '2026-09-06T10:56:30.542548+00:00', 'model_version': 'mistral-nemo:latest', 'prompt_hash': 'a6af280e'}"
15,real_mixed_46,mistral-nemo:latest_kb_rag,98.33521223068237,30.71,0,direct_json,1.0,0.14285714285714285,0.25,0.0,0,16.7,50.4,12.3,396.1,666.1,20990.5,85.7,9240.7,6744.1,"{'timestamp': '2026-09-06T10:56:52.772470+00:00', 'model_version': 'mistral-nemo:latest', 'prompt_hash': 'a6af280e'}"
15,real_mixed_47,mistral-nemo:latest_kb_rag,105.45736694335938,29.78,0,direct_json,0.6818181818181818,0.5769230769230769,0.6249999999999999,0.0,0,17.9,50.4,11.7,393.9,666.1,20987.9,85.7,9240.7,6744.1,"{'timestamp': '2026-09-06T10:56:59.910414+00:00', 'model_version': 'mistral-nemo:latest', 'prompt_hash': 'a6af280e'}"
15,real_mixed_48,mistral-nemo:latest_kb_rag,109.55248379707336,30.07,0,direct_json,0.25,0.3333333333333333,0.28571428571428575,0.0,0,10.9,80.0,10.6,387.7,666.1,20994.7,85.7,9240.7,6744.1,"{'timestamp': '2026-09-06T10:57:03.990479+00:00', 'model_version': 'mistral-nemo:latest', 'prompt_hash': 'a6af280e'}"
16,real_mixed_49,mistral-nemo:latest_kb_rag,116.4750120639801,30.07,0,fallback,0.3333333333333333,0.14285714285714285,0.2,0.0,0,14.6,71.4,10.9,372.8,666.1,20996.4,85.7,9240.7,6744.1,"{'timestamp': '2026-09-06T10:57:16.076038+00:00', 'model_version': 'mistral-nemo:latest', 'prompt_hash': 'a6af280e'}"
16,real_mixed_50,mistral-nemo:latest_kb_rag,112.00282311439514,29.87,0,fallback,0.5555555555555556,0.45454545454545453,0.5,0.0,0,10.3,40.5,11.3,378.9,666.1,21002.1,85.7,9240.7,6744.1,"{'timestamp': '2026-09-06T10:57:11.598660+00:00', 'model_version': 'mistral-nemo:latest', 'prompt_hash': 'a6af280e'}"
16,real_mixed_51,mistral-nemo:latest_kb_rag,107.88712286949158,30.07,0,direct_json,0.42857142857142855,0.3333333333333333,0.375,0.0,0,12.0,40.5,11.1,380.6,666.1,21003.3,85.7,9240.7,6744.1,"{'timestamp': '2026-09-06T10:57:07.487213+00:00', 'model_version': 'mistral-nemo:latest', 'prompt_hash': 'a6af280e'}"
17,real_mixed_52,mistral-nemo:latest_kb_rag,122.09862494468689,30.6,0,fallback,0.75,0.21428571428571427,0.3333333333333333,0.0,0,10.1,40.5,10.1,366.3,666.1,20991.6,85.7,9240.7,6744.1,"{'timestamp': '2026-09-06T10:57:25.281913+00:00', 'model_version': 'mistral-nemo:latest', 'prompt_hash': 'a6af280e'}"
17,real_mixed_53,mistral-nemo:latest_kb_rag,116.51948881149292,29.81,0,direct_json,0.4444444444444444,0.6666666666666666,0.5333333333333333,0.0,0,10.8,50.0,11.4,370.1,666.1,20994.8,85.7,9240.7,6744.1,"{'timestamp': '2026-09-06T10:57:19.697591+00:00', 'model_version': 'mistral-nemo:latest', 'prompt_hash': 'a6af280e'}"
17,real_mixed_54,mistral-nemo:latest_kb_rag,119.02143478393555,30.45,0,direct_json,0.5,0.75,0.6,0.0,0,10.4,40.5,10.6,368.5,666.1,20992.0,85.7,9240.7,6744.1,"{'timestamp': '2026-09-06T10:57:22.196574+00:00', 'model_version': 'mistral-nemo:latest', 'prompt_hash': 'a6af280e'}"
18,real_mixed_55,mistral-nemo:latest_kb_rag,118.12127113342285,29.4,0,fallback,0.2,0.2222222222222222,0.2105263157894737,0.0,0,10.5,40.5,10.4,345.1,614.8,20975.1,85.7,9240.7,6744.1,"{'timestamp': '2026-09-06T10:57:34.739238+00:00', 'model_version': 'mistral-nemo:latest', 'prompt_hash': 'a6af280e'}"
18,real_mixed_56,mistral-nemo:latest_kb_rag,123.21356010437012,30.12,0,fallback,0.3333333333333333,0.21428571428571427,0.2608695652173913,0.0,0,11.8,51.6,10.3,343.5,614.7,20977.6,85.6,9240.7,6744.1,"{'timestamp': '2026-09-06T10:57:39.833531+00:00', 'model_version': 'mistral-nemo:latest', 'prompt_hash': 'a6af280e'}"
18,real_mixed_57,mistral-nemo:latest_kb_rag,113.52213501930237,30.32,0,direct_json,0.9230769230769231,0.6666666666666666,0.7741935483870968,0.0,0,10.3,40.5,10.6,347.0,614.8,20977.8,85.7,9240.7,6744.1,"{'timestamp': '2026-09-06T10:57:30.154007+00:00', 'model_version': 'mistral-nemo:latest', 'prompt_hash': 'a6af280e'}"
19,real_mixed_58,mistral-nemo:latest_kb_rag,117.65416407585144,30.24,0,fallback,0.6363636363636364,0.6363636363636364,0.6363636363636364,0.0,0,10.9,40.6,10.6,339.4,600.5,20979.8,85.6,9240.7,6744.1,"{'timestamp': '2026-09-06T10:57:44.086378+00:00', 'model_version': 'mistral-nemo:latest', 'prompt_hash': 'a6af280e'}"
19,real_mixed_59,mistral-nemo:latest_kb_rag,132.71569514274597,29.18,0,direct_json,0.7058823529411765,0.631578947368421,0.6666666666666667,0.0,0,12.5,57.8,9.5,327.7,600.5,20991.0,85.6,9240.7,6744.1,"{'timestamp': '2026-09-06T10:57:59.151570+00:00', 'model_version': 'mistral-nemo:latest', 'prompt_hash': 'a6af280e'}"
19,real_mixed_60,mistral-nemo:latest_kb_rag,121.70099925994873,29.77,0,direct_json,0.8333333333333334,0.38461538461538464,0.5263157894736842,0.0,0,10.6,40.6,10.4,339.2,600.5,20979.5,85.6,9240.7,6744.1,"{'timestamp': '2026-09-06T10:57:48.134655+00:00', 'model_version': 'mistral-nemo:latest', 'prompt_hash': 'a6af280e'}"
20,real_mixed_61,mistral-nemo:latest_kb_rag,141.3921570777893,28.29,0,direct_json,0.5925925925925926,0.5714285714285714,0.5818181818181818,0.037037037037037035,1,9.5,40.5,9.4,324.9,600.5,21002.0,85.5,9240.7,6744.1,"{'timestamp': '2026-09-06T10:58:18.715850+00:00', 'model_version': 'mistral-nemo:latest', 'prompt_hash': 'a6af280e'}"
20,real_mixed_62,mistral-nemo:latest_kb_rag,126.2492139339447,30.1,0,fallback,0.6666666666666666,0.36363636363636365,0.4705882352941177,0.0,0,9.8,40.5,10.0,329.6,600.4,20991.1,85.6,9240.7,6744.1,"{'timestamp': '2026-09-06T10:58:03.549546+00:00', 'model_version': 'mistral-nemo:latest', 'prompt_hash': 'a6af280e'}"
20,real_mixed_63,mistral-nemo:latest_kb_rag,144.93645215034485,30.47,0,fallback,0.2,0.125,0.15384615384615385,0.0,0,10.1,40.5,8.8,322.5,600.4,21002.7,85.5,9240.7,6744.1,"{'timestamp': '2026-09-06T10:58:22.235440+00:00', 'model_version': 'mistral-nemo:latest', 'prompt_hash': 'a6af280e'}"
21,real_mixed_64,mistral-nemo:latest_kb_rag,134.2461278438568,29.54,0,direct_json,0.0,0.0,1.0,0.0,0,14.0,90.5,10.0,325.6,659.4,21002.1,85.5,9240.7,6744.1,"{'timestamp': '2026-09-06T10:58:25.488239+00:00', 'model_version': 'mistral-nemo:latest', 'prompt_hash': 'a6af280e'}"
21,real_mixed_65,mistral-nemo:latest_kb_rag,141.5431489944458,30.12,0,fallback,0.5,0.25,0.3333333333333333,0.25,1,9.7,40.4,9.6,325.0,659.4,21004.2,85.5,9240.7,6744.1,"{'timestamp': '2026-09-06T10:58:32.797856+00:00', 'model_version': 'mistral-nemo:latest', 'prompt_hash': 'a6af280e'}"
21,real_mixed_66,mistral-nemo:latest_kb_rag,137.82069993019104,30.01,0,direct_json,0.42857142857142855,0.15,0.2222222222222222,0.0,0,10.3,50.0,9.3,327.9,659.4,21003.1,85.5,9240.7,6744.1,"{'timestamp': '2026-09-06T10:58:29.093832+00:00', 'model_version': 'mistral-nemo:latest', 'prompt_hash': 'a6af280e'}"
22,real_mixed_67,mistral-nemo:latest_kb_rag,136.8494520187378,29.34,0,fallback,0.45454545454545453,0.29411764705882354,0.35714285714285715,0.0,0,12.2,100.0,9.9,323.2,659.4,20995.9,85.5,9240.7,6744.1,"{'timestamp': '2026-09-06T10:58:43.695325+00:00', 'model_version': 'mistral-nemo:latest', 'prompt_hash': 'a6af280e'}"
22,real_mixed_68,mistral-nemo:latest_kb_rag,131.36043906211853,29.87,0,direct_json,0.6923076923076923,0.6923076923076923,0.6923076923076923,0.0,0,10.9,100.0,10.1,325.7,659.4,20997.5,85.5,9240.7,6744.1,"{'timestamp': '2026-09-06T10:58:38.199187+00:00', 'model_version': 'mistral-nemo:latest', 'prompt_hash': 'a6af280e'}"
22,real_mixed_69,mistral-nemo:latest_kb_rag,141.27397990226746,29.66,0,direct_json,0.8181818181818182,0.375,0.5142857142857142,0.0,0,14.5,60.0,9.1,321.8,659.4,20999.0,85.5,9240.7,6744.1,"{'timestamp': '2026-09-06T10:58:48.140938+00:00', 'model_version': 'mistral-nemo:latest', 'prompt_hash': 'a6af280e'}"
23,real_mixed_70,mistral-nemo:latest_kb_rag,131.7441029548645,29.67,0,fallback,0.5882352941176471,0.47619047619047616,0.5263157894736842,0.0,0,9.6,40.4,10.0,329.2,659.4,21004.0,85.5,9240.7,6744.1,"{'timestamp': '2026-09-06T10:59:02.098820+00:00', 'model_version': 'mistral-nemo:latest', 'prompt_hash': 'a6af280e'}"
23,real_mixed_71,mistral-nemo:latest_kb_rag,125.66081881523132,30.6,0,fallback,1.0,0.16666666666666666,0.2857142857142857,0.0,0,9.6,40.4,10.1,330.9,659.4,20997.4,85.5,9240.7,6744.1,"{'timestamp': '2026-09-06T10:58:56.009638+00:00', 'model_version': 'mistral-nemo:latest', 'prompt_hash': 'a6af280e'}"
23,real_mixed_72,mistral-nemo:latest_kb_rag,122.62357497215271,29.47,0,fallback,0.8,0.5714285714285714,0.6666666666666666,0.0,0,9.6,40.4,10.5,331.6,659.4,20994.8,85.5,9240.7,6744.1,"{'timestamp': '2026-09-06T10:58:52.977489+00:00', 'model_version': 'mistral-nemo:latest', 'prompt_hash': 'a6af280e'}"
24,real_mixed_73,mistral-nemo:latest_kb_rag,129.26718616485596,30.06,0,fallback,0.7,0.4666666666666667,0.56,0.0,0,11.3,93.7,10.0,329.4,659.4,21010.9,85.5,9240.7,6744.1,"{'timestamp': '2026-09-06T10:59:13.676158+00:00', 'model_version': 'mistral-nemo:latest', 'prompt_hash': 'a6af280e'}"
24,real_mixed_74,mistral-nemo:latest_kb_rag,122.09139513969421,29.58,0,fallback,0.875,0.7,0.7777777777777777,0.0,0,15.6,100.0,10.5,332.5,659.4,21002.8,85.5,9240.7,6744.1,"{'timestamp': '2026-09-06T10:59:06.493227+00:00', 'model_version': 'mistral-nemo:latest', 'prompt_hash': 'a6af280e'}"
24,real_mixed_75,mistral-nemo:latest_kb_rag,124.69717288017273,30.72,0,fallback,0.3333333333333333,0.3333333333333333,0.3333333333333333,0.0,0,11.4,66.7,10.3,332.3,659.4,21003.6,85.5,9240.7,6744.1,"{'timestamp': '2026-09-06T10:59:09.080973+00:00', 'model_version': 'mistral-nemo:latest', 'prompt_hash': 'a6af280e'}"
25,real_mixed_76,mistral-nemo:latest_kb_rag,118.63842701911926,31.69,0,direct_json,0.0,1.0,0.0,0.0,0,12.3,60.0,11.3,331.4,659.4,21017.7,85.4,9240.7,6744.1,"{'timestamp': '2026-09-06T10:59:15.115553+00:00', 'model_version': 'mistral-nemo:latest', 'prompt_hash': 'a6af280e'}"
25,real_mixed_77,mistral-nemo:latest_kb_rag,126.76253890991211,29.69,0,direct_json,0.5789473684210527,0.55,0.5641025641025641,0.0,0,12.2,66.7,10.7,340.6,659.4,21022.2,85.4,9240.7,6744.1,"{'timestamp': '2026-09-06T10:59:23.278994+00:00', 'model_version': 'mistral-nemo:latest', 'prompt_hash': 'a6af280e'}"
25,real_mixed_78,mistral-nemo:latest_kb_rag,134.30445504188538,29.12,0,direct_json,0.4444444444444444,1.0,0.6153846153846153,0.2222222222222222,2,13.2,100.0,9.7,338.1,659.4,21031.1,85.4,9240.7,6744.1,"{'timestamp': '2026-09-06T10:59:30.798059+00:00', 'model_version': 'mistral-nemo:latest', 'prompt_hash': 'a6af280e'}"
26,real_mixed_79,mistral-nemo:latest_kb_rag,147.54685640335083,28.4,0,direct_json,0.75,0.6,0.6666666666666665,0.0,0,9.7,40.4,9.4,322.8,659.4,21025.9,85.4,9240.7,6744.1,"{'timestamp': '2026-09-06T10:59:53.233913+00:00', 'model_version': 'mistral-nemo:latest', 'prompt_hash': 'a6af280e'}"
26,real_mixed_80,mistral-nemo:latest_kb_rag,137.00695204734802,29.13,0,direct_json,0.6111111111111112,0.4583333333333333,0.5238095238095238,0.0,0,9.4,40.4,9.4,334.3,659.4,21036.6,85.4,9240.7,6744.1,"{'timestamp': '2026-09-06T10:59:42.720502+00:00', 'model_version': 'mistral-nemo:latest', 'prompt_hash': 'a6af280e'}"
26,real_mixed_81,mistral-nemo:latest_kb_rag,128.77086186408997,29.66,0,fallback,0.7142857142857143,0.45454545454545453,0.5555555555555556,0.0,0,9.5,40.4,10.6,337.4,659.4,21040.3,85.4,9240.7,6744.1,"{'timestamp': '2026-09-06T10:59:34.470324+00:00', 'model_version': 'mistral-nemo:latest', 'prompt_hash': 'a6af280e'}"
27,real_mixed_82,mistral-nemo:latest_kb_rag,145.10531091690063,29.78,0,direct_json,0.2,0.2222222222222222,0.2105263157894737,0.0,0,10.6,100.0,8.8,325.3,659.4,21030.2,85.4,9240.7,6744.1,"{'timestamp': '2026-09-06T11:00:05.412896+00:00', 'model_version': 'mistral-nemo:latest', 'prompt_hash': 'a6af280e'}"
27,real_mixed_83,mistral-nemo:latest_kb_rag,136.89327597618103,30.02,0,direct_json,0.8,0.8,0.8000000000000002,0.0,0,12.7,100.0,9.9,329.9,659.4,21032.9,85.4,9240.7,6744.1,"{'timestamp': '2026-09-06T10:59:57.194961+00:00', 'model_version': 'mistral-nemo:latest', 'prompt_hash': 'a6af280e'}"
27,real_mixed_84,mistral-nemo:latest_kb_rag,140.39475178718567,30.16,0,fallback,0.8333333333333334,0.5555555555555556,0.6666666666666667,0.0,0,15.3,100.0,9.6,329.7,659.4,21030.6,85.4,9240.7,6744.1,"{'timestamp': '2026-09-06T11:00:00.699242+00:00', 'model_version': 'mistral-nemo:latest', 'prompt_hash': 'a6af280e'}"
28,real_mixed_85,mistral-nemo:latest_kb_rag,129.7435920238495,27.18,0,direct_json,0.7142857142857143,0.625,0.6666666666666666,0.0,0,11.9,71.7,9.5,333.7,659.4,21020.5,85.4,9240.7,6744.1,"{'timestamp': '2026-09-06T11:00:09.374348+00:00', 'model_version': 'mistral-nemo:latest', 'prompt_hash': 'a6af280e'}"
28,real_mixed_86,mistral-nemo:latest_kb_rag,133.7784457206726,29.91,0,fallback,0.8333333333333334,0.38461538461538464,0.5263157894736842,0.0,0,10.7,71.7,10.1,329.3,659.4,21019.1,85.4,9240.7,6744.1,"{'timestamp': '2026-09-06T11:00:13.419676+00:00', 'model_version': 'mistral-nemo:latest', 'prompt_hash': 'a6af280e'}"
28,real_mixed_87,mistral-nemo:latest_kb_rag,137.41981983184814,30.63,0,fallback,0.75,0.42857142857142855,0.5454545454545454,0.0,0,10.1,71.7,9.1,325.5,659.4,21016.3,85.4,9240.7,6744.1,"{'timestamp': '2026-09-06T11:00:17.065803+00:00', 'model_version': 'mistral-nemo:latest', 'prompt_hash': 'a6af280e'}"
29,real_mixed_88,mistral-nemo:latest_kb_rag,116.23299789428711,30.41,0,direct_json,0.25,0.25,0.25,0.0,0,14.7,71.7,10.6,336.8,659.4,21003.5,85.4,9240.7,6744.1,"{'timestamp': '2026-09-06T11:00:18.875237+00:00', 'model_version': 'mistral-nemo:latest', 'prompt_hash': 'a6af280e'}"
29,real_mixed_89,mistral-nemo:latest_kb_rag,123.03392100334167,30.21,0,direct_json,0.6,0.23076923076923078,0.33333333333333337,0.0,0,10.2,71.7,10.3,335.5,659.4,20997.3,85.5,9240.7,6744.1,"{'timestamp': '2026-09-06T11:00:25.685989+00:00', 'model_version': 'mistral-nemo:latest', 'prompt_hash': 'a6af280e'}"
29,real_mixed_90,mistral-nemo:latest_kb_rag,119.99563574790955,30.72,0,direct_json,0.25,0.125,0.16666666666666666,0.0,0,10.3,71.7,10.6,336.8,659.4,21000.1,85.5,9240.7,6744.1,"{'timestamp': '2026-09-06T11:00:22.643440+00:00', 'model_version': 'mistral-nemo:latest', 'prompt_hash': 'a6af280e'}"
30,real_mixed_91,mistral-nemo:latest_kb_rag,125.11065292358398,29.96,0,fallback,0.6363636363636364,0.5833333333333334,0.6086956521739131,0.0,0,9.9,71.7,9.9,333.3,595.0,20992.0,85.4,9240.7,6744.1,"{'timestamp': '2026-09-06T11:00:38.322132+00:00', 'model_version': 'mistral-nemo:latest', 'prompt_hash': 'a6af280e'}"
30,real_mixed_92,mistral-nemo:latest_kb_rag,120.10271215438843,30.3,0,fallback,0.5,0.2,0.28571428571428575,0.0,0,10.0,71.7,10.3,334.7,595.0,20995.4,85.4,9240.7,6744.1,"{'timestamp': '2026-09-06T11:00:33.316617+00:00', 'model_version': 'mistral-nemo:latest', 'prompt_hash': 'a6af280e'}"
30,real_mixed_93,mistral-nemo:latest_kb_rag,116.5589210987091,30.26,0,fallback,0.3333333333333333,0.2,0.25,0.0,0,10.0,71.7,10.6,335.4,594.9,20998.7,85.4,9240.7,6744.1,"{'timestamp': '2026-09-06T11:00:29.756777+00:00', 'model_version': 'mistral-nemo:latest', 'prompt_hash': 'a6af280e'}"
31,real_mixed_94,mistral-nemo:latest_kb_rag,120.47117900848389,30.39,0,fallback,0.8333333333333334,0.25,0.3846153846153846,0.0,0,9.8,71.7,10.4,343.2,603.8,20992.6,85.4,9240.7,6744.1,"{'timestamp': '2026-09-06T11:00:48.976345+00:00', 'model_version': 'mistral-nemo:latest', 'prompt_hash': 'a6af280e'}"
31,real_mixed_95,mistral-nemo:latest_kb_rag,112.44068598747253,30.58,0,direct_json,0.0,0.0,1.0,0.0,0,9.9,71.7,11.0,340.9,603.8,21000.6,85.4,9240.7,6744.1,"{'timestamp': '2026-09-06T11:00:40.930762+00:00', 'model_version': 'mistral-nemo:latest', 'prompt_hash': 'a6af280e'}"
31,real_mixed_96,mistral-nemo:latest_kb_rag,115.95548391342163,30.39,0,fallback,0.8,0.3333333333333333,0.47058823529411764,0.0,0,9.9,71.7,10.6,345.1,603.8,20996.1,85.4,9240.7,6744.1,"{'timestamp': '2026-09-06T11:00:44.456849+00:00', 'model_version': 'mistral-nemo:latest', 'prompt_hash': 'a6af280e'}"
32,real_mixed_97,mistral-nemo:latest_kb_rag,111.60312390327454,30.42,0,direct_json,0.8571428571428571,0.6666666666666666,0.75,0.0,0,9.8,71.7,9.6,339.6,603.8,20982.4,85.5,9240.7,6744.1,"{'timestamp': '2026-09-06T11:00:54.213368+00:00', 'model_version': 'mistral-nemo:latest', 'prompt_hash': 'a6af280e'}"
32,real_mixed_98,mistral-nemo:latest_kb_rag,120.16937923431396,24.5,0,fallback,0.6666666666666666,0.35714285714285715,0.46511627906976744,0.0,0,9.9,71.7,9.1,331.3,603.8,21308.0,85.5,9240.7,6744.1,"{'timestamp': '2026-09-06T11:01:02.795661+00:00', 'model_version': 'mistral-nemo:latest', 'prompt_hash': 'a6af280e'}"
32,real_mixed_99,mistral-nemo:latest_kb_rag,108.46017098426819,30.39,0,direct_json,0.0,0.0,1.0,0.0,0,9.8,71.7,9.9,339.6,603.8,20979.5,85.5,9240.7,6744.1,"{'timestamp': '2026-09-06T11:00:51.059840+00:00', 'model_version': 'mistral-nemo:latest', 'prompt_hash': 'a6af280e'}"
33,real_mixed_100,mistral-nemo:latest_kb_rag,119.10985493659973,19.78,0,fallback,0.4,0.2857142857142857,0.3333333333333333,0.0,0,17.3,100.0,8.5,312.4,603.8,21952.9,85.7,9240.7,6744.1,"{'timestamp': '2026-09-06T11:01:13.144154+00:00', 'model_version': 'mistral-nemo:latest', 'prompt_hash': 'a6af280e'}"
33,real_mixed_101,mistral-nemo:latest_kb_rag,115.14193820953369,19.91,0,fallback,0.6666666666666666,0.5714285714285714,0.6153846153846153,0.0,0,13.7,71.7,9.0,319.3,603.8,21736.6,85.7,9240.7,6744.1,"{'timestamp': '2026-09-06T11:01:09.179030+00:00', 'model_version': 'mistral-nemo:latest', 'prompt_hash': 'a6af280e'}"
33,real_mixed_102,mistral-nemo:latest_kb_rag,110.9742648601532,20.16,0,fallback,0.0,1.0,0.0,0.0,0,18.5,85.7,8.5,328.4,603.8,21496.5,85.6,9240.7,6744.1,"{'timestamp': '2026-09-06T11:01:05.003173+00:00', 'model_version': 'mistral-nemo:latest', 'prompt_hash': 'a6af280e'}"
34,real_mixed_103,mistral-nemo:latest_kb_rag,107.0579822063446,20.27,0,fallback,1.0,1.0,1.0,0.0,0,15.6,94.1,8.1,288.6,603.8,22368.6,86.0,9240.7,6744.1,"{'timestamp': '2026-09-06T11:01:18.212076+00:00', 'model_version': 'mistral-nemo:latest', 'prompt_hash': 'a6af280e'}"
34,real_mixed_104,mistral-nemo:latest_kb_rag,112.6472179889679,19.71,0,direct_json,0.45454545454545453,0.5,0.47619047619047616,0.0,0,17.2,94.1,7.9,278.8,603.8,22645.4,86.1,9240.7,6744.1,"{'timestamp': '2026-09-06T11:01:23.822484+00:00', 'model_version': 'mistral-nemo:latest', 'prompt_hash': 'a6af280e'}"
34,real_mixed_105,mistral-nemo:latest_kb_rag,118.19918608665466,19.91,0,fallback,0.625,0.5,0.5555555555555556,0.0,0,18.0,100.0,7.0,269.9,603.8,22890.7,86.2,9240.7,6744.1,"{'timestamp': '2026-09-06T11:01:29.379702+00:00', 'model_version': 'mistral-nemo:latest', 'prompt_hash': 'a6af280e'}"
35,real_mixed_106,mistral-nemo:latest_kb_rag,107.04621505737305,21.17,0,direct_json,0.3333333333333333,0.5,0.4,0.0,0,10.4,71.7,6.5,250.0,603.8,23805.6,86.6,9240.7,6744.1,"{'timestamp': '2026-09-06T11:01:40.702717+00:00', 'model_version': 'mistral-nemo:latest', 'prompt_hash': 'a6af280e'}"
35,real_mixed_107,mistral-nemo:latest_kb_rag,104.43913435935974,20.69,0,direct_json,0.8,0.6153846153846154,0.6956521739130435,0.0,0,11.0,100.0,8.8,254.8,603.8,23711.1,86.5,9240.7,6744.1,"{'timestamp': '2026-09-06T11:01:38.066266+00:00', 'model_version': 'mistral-nemo:latest', 'prompt_hash': 'a6af280e'}"
35,real_mixed_108,mistral-nemo:latest_kb_rag,111.91446995735168,21.03,0,fallback,0.2857142857142857,0.4,0.3333333333333333,0.0,0,13.7,71.7,6.3,243.5,603.8,23980.3,86.7,9240.7,6744.1,"{'timestamp': '2026-09-06T11:01:45.584186+00:00', 'model_version': 'mistral-nemo:latest', 'prompt_hash': 'a6af280e'}"
36,real_mixed_109,mistral-nemo:latest_kb_rag,125.73248720169067,19.49,0,fallback,0.7894736842105263,0.625,0.6976744186046512,0.0,0,10.9,100.0,4.4,201.5,603.8,25058.4,87.2,9240.7,6744.1,"{'timestamp': '2026-09-06T11:02:11.554476+00:00', 'model_version': 'mistral-nemo:latest', 'prompt_hash': 'a6af280e'}"
36,real_mixed_110,mistral-nemo:latest_kb_rag,117.12042689323425,20.64,0,fallback,0.3333333333333333,0.16666666666666666,0.2222222222222222,0.0,0,10.4,71.7,5.3,211.0,603.8,24854.6,87.0,9240.7,6744.1,"{'timestamp': '2026-09-06T11:02:02.933540+00:00', 'model_version': 'mistral-nemo:latest', 'prompt_hash': 'a6af280e'}"
36,real_mixed_111,mistral-nemo:latest_kb_rag,109.86904501914978,22.1,0,direct_json,0.9,0.9,0.9,0.0,0,14.6,71.7,5.8,219.3,603.8,24662.4,87.0,9240.7,6744.1,"{'timestamp': '2026-09-06T11:01:55.681991+00:00', 'model_version': 'mistral-nemo:latest', 'prompt_hash': 'a6af280e'}"
37,real_mixed_112,mistral-nemo:latest_kb_rag,118.11680698394775,20.02,0,direct_json,0.4,0.4,0.4000000000000001,0.0,0,10.1,38.5,4.2,189.2,603.8,25565.6,87.4,9240.7,6744.1,"{'timestamp': '2026-09-06T11:02:15.550189+00:00', 'model_version': 'mistral-nemo:latest', 'prompt_hash': 'a6af280e'}"
37,real_mixed_113,mistral-nemo:latest_kb_rag,123.60057282447815,20.03,0,fallback,1.0,0.6666666666666666,0.8,0.0,0,14.2,53.1,3.8,185.1,603.8,25662.6,87.4,9240.7,6744.1,"{'timestamp': '2026-09-06T11:02:21.050350+00:00', 'model_version': 'mistral-nemo:latest', 'prompt_hash': 'a6af280e'}"
37,real_mixed_114,mistral-nemo:latest_kb_rag,127.72818088531494,19.93,0,fallback,0.5,0.42857142857142855,0.4615384615384615,0.0,0,10.8,38.5,3.6,181.7,603.8,25721.9,87.5,9240.7,6744.1,"{'timestamp': '2026-09-06T11:02:25.180226+00:00', 'model_version': 'mistral-nemo:latest', 'prompt_hash': 'a6af280e'}"
38,real_mixed_115,mistral-nemo:latest_kb_rag,125.19076085090637,20.32,0,direct_json,1.0,0.3333333333333333,0.5,0.0,0,10.8,60.0,3.1,163.5,603.8,26145.2,87.7,9240.7,6744.1,"{'timestamp': '2026-09-06T11:02:31.239793+00:00', 'model_version': 'mistral-nemo:latest', 'prompt_hash': 'a6af280e'}"
38,real_mixed_116,mistral-nemo:latest_kb_rag,122.60170698165894,20.14,0,direct_json,1.0,0.0,0.0,0.0,0,12.8,100.0,9.6,165.1,603.8,26115.8,87.7,9240.7,6744.1,"{'timestamp': '2026-09-06T11:02:28.645799+00:00', 'model_version': 'mistral-nemo:latest', 'prompt_hash': 'a6af280e'}"
38,real_mixed_117,mistral-nemo:latest_kb_rag,129.73587203025818,19.89,0,fallback,0.6666666666666666,0.25,0.36363636363636365,0.0,0,11.9,60.0,2.8,159.3,603.8,26191.2,87.7,9240.7,6744.1,"{'timestamp': '2026-09-06T11:02:35.795669+00:00', 'model_version': 'mistral-nemo:latest', 'prompt_hash': 'a6af280e'}"
39,real_mixed_118,mistral-nemo:latest_kb_rag,131.24046516418457,20.34,0,fallback,0.5714285714285714,0.8,0.6666666666666666,0.0,0,16.2,68.4,1.6,131.7,603.8,26839.7,88.0,9240.7,6744.1,"{'timestamp': '2026-09-06T11:02:49.914878+00:00', 'model_version': 'mistral-nemo:latest', 'prompt_hash': 'a6af280e'}"
39,real_mixed_119,mistral-nemo:latest_kb_rag,121.66138172149658,19.94,0,fallback,0.5,0.5,0.5,0.0,0,14.4,64.7,2.5,135.1,603.8,26788.1,88.0,9240.7,6744.1,"{'timestamp': '2026-09-06T11:02:40.336394+00:00', 'model_version': 'mistral-nemo:latest', 'prompt_hash': 'a6af280e'}"
39,real_mixed_120,mistral-nemo:latest_kb_rag,127.18753790855408,19.99,0,fallback,0.42857142857142855,0.6,0.5,0.0,0,17.3,100.0,1.7,133.1,603.8,26821.8,88.0,9240.7,6744.1,"{'timestamp': '2026-09-06T11:02:45.858961+00:00', 'model_version': 'mistral-nemo:latest', 'prompt_hash': 'a6af280e'}"
2,real_mixed_7,nuextract:latest_baseline,246.20675611495972,2.16,0,fallback,0.46153846153846156,0.42857142857142855,0.4444444444444445,0.0,0,11.5,100.0,2.0,114.6,115.1,25364.5,71.6,2901.8,2075.4,"{'timestamp': '2026-09-06T11:06:58.264823+00:00', 'model_version': 'nuextract:latest', 'prompt_hash': 'a6af280e'}"
2,real_mixed_8,nuextract:latest_baseline,85.17380714416504,6.53,0,fallback,0.3333333333333333,0.2222222222222222,0.26666666666666666,0.0,0,10.6,100.0,1.7,114.1,114.5,26478.6,75.0,2901.8,2075.4,"{'timestamp': '2026-09-06T11:04:17.232514+00:00', 'model_version': 'nuextract:latest', 'prompt_hash': 'a6af280e'}"
2,real_mixed_9,nuextract:latest_baseline,176.33122205734253,3.07,0,fallback,0.2857142857142857,0.2,0.23529411764705882,0.0,0,11.4,100.0,1.5,114.4,114.8,26105.8,73.4,2901.8,2075.4,"{'timestamp': '2026-09-06T11:05:48.385480+00:00', 'model_version': 'nuextract:latest', 'prompt_hash': 'a6af280e'}"
8,real_mixed_25,nuextract:latest_baseline,42.10689997673035,10.31,0,fallback,0.4,0.3333333333333333,0.3636363636363636,0.0,0,13.3,37.5,5.3,113.9,114.1,25533.7,74.3,2901.8,2075.4,"{'timestamp': '2026-09-06T11:03:34.175297+00:00', 'model_version': 'nuextract:latest', 'prompt_hash': 'a6af280e'}"
8,real_mixed_26,nuextract:latest_baseline,200.6658809185028,2.52,0,fallback,0.7647058823529411,0.7222222222222222,0.7428571428571428,0.0,0,9.0,100.0,2.6,114.5,114.9,25786.7,72.6,2901.8,2075.4,"{'timestamp': '2026-09-06T11:06:12.754040+00:00', 'model_version': 'nuextract:latest', 'prompt_hash': 'a6af280e'}"
8,real_mixed_27,nuextract:latest_baseline,327.84835290908813,0.71,0,fallback,0.5384615384615384,0.2692307692307692,0.3589743589743589,0.0,0,9.2,50.0,1.4,114.8,115.7,24908.6,70.4,2901.8,2075.4,"{'timestamp': '2026-09-06T11:08:19.925824+00:00', 'model_version': 'nuextract:latest', 'prompt_hash': 'a6af280e'}"
3,real_mixed_10,nuextract:latest_baseline,127.73916888237,4.88,0,fallback,0.36363636363636365,0.6666666666666666,0.4705882352941177,0.0,0,13.8,100.0,3.5,114.3,114.7,26811.9,75.1,2901.8,2075.4,"{'timestamp': '2026-09-06T11:04:59.791010+00:00', 'model_version': 'nuextract:latest', 'prompt_hash': 'a6af280e'}"
3,real_mixed_11,nuextract:latest_baseline,370.78591799736023,80.09,0,direct_json,0.6842105263157895,0.7222222222222222,0.7027027027027027,0.0,0,14.6,100.0,1.3,112.2,115.7,24152.4,71.3,2901.8,2075.4,"{'timestamp': '2026-09-06T11:09:02.838658+00:00', 'model_version': 'nuextract:latest', 'prompt_hash': 'a6af280e'}"
3,real_mixed_12,nuextract:latest_baseline,152.05311012268066,3.19,0,fallback,0.375,0.42857142857142855,0.39999999999999997,0.0,0,10.1,100.0,3.0,114.4,114.8,26527.5,74.3,2901.8,2075.4,"{'timestamp': '2026-09-06T11:05:24.109758+00:00', 'model_version': 'nuextract:latest', 'prompt_hash': 'a6af280e'}"
7,real_mixed_22,nuextract:latest_baseline,396.69456720352173,80.59,0,fallback,0.0,1.0,0.0,0.0,0,8.5,31.5,1.0,111.5,115.7,23726.7,71.8,2901.8,2075.4,"{'timestamp': '2026-09-06T11:09:28.751590+00:00', 'model_version': 'nuextract:latest', 'prompt_hash': 'a6af280e'}"
7,real_mixed_23,nuextract:latest_baseline,533.8722758293152,1.16,0,fallback,0.5,0.4666666666666667,0.4827586206896552,0.0,0,10.8,100.0,1.1,99.4,115.7,23129.9,75.2,2901.8,2075.4,"{'timestamp': '2026-09-06T11:11:45.940057+00:00', 'model_version': 'nuextract:latest', 'prompt_hash': 'a6af280e'}"
7,real_mixed_24,nuextract:latest_baseline,419.96062088012695,1.45,0,fallback,0.3333333333333333,0.2857142857142857,0.30769230769230765,0.0,0,8.5,31.5,1.0,110.0,115.7,23290.5,72.4,2901.8,2075.4,"{'timestamp': '2026-09-06T11:09:52.048874+00:00', 'model_version': 'nuextract:latest', 'prompt_hash': 'a6af280e'}"
1,real_mixed_4,nuextract:latest_baseline,366.3069751262665,1.71,0,fallback,0.4444444444444444,0.2857142857142857,0.34782608695652173,0.0,0,8.4,30.2,1.3,112.7,115.7,24233.1,71.2,2901.8,2075.4,"{'timestamp': '2026-09-06T11:08:58.385603+00:00', 'model_version': 'nuextract:latest', 'prompt_hash': 'a6af280e'}"
1,real_mixed_5,nuextract:latest_baseline,316.1590428352356,1.71,0,fallback,0.35294117647058826,0.6,0.4444444444444445,0.0,0,8.4,30.2,1.2,114.8,115.7,24960.3,70.6,2901.8,2075.4,"{'timestamp': '2026-09-06T11:08:08.226991+00:00', 'model_version': 'nuextract:latest', 'prompt_hash': 'a6af280e'}"
1,real_mixed_6,nuextract:latest_baseline,573.0329759120941,1.25,0,direct_json,0.7368421052631579,0.7777777777777778,0.7567567567567567,0.0,0,9.3,100.0,1.1,103.2,201.8,23093.3,75.6,2901.8,2075.4,"{'timestamp': '2026-09-06T11:12:25.099650+00:00', 'model_version': 'nuextract:latest', 'prompt_hash': 'a6af280e'}"
5,real_mixed_16,nuextract:latest_baseline,268.5202479362488,2.11,0,fallback,0.7142857142857143,0.5555555555555556,0.6250000000000001,0.0,0,11.6,100.0,1.2,114.7,115.6,25211.7,71.2,2901.8,2075.4,"{'timestamp': '2026-09-06T11:07:20.572774+00:00', 'model_version': 'nuextract:latest', 'prompt_hash': 'a6af280e'}"
5,real_mixed_17,nuextract:latest_baseline,225.99535274505615,81.19,0,fallback,0.2,0.5,0.28571428571428575,0.0,0,8.6,50.0,1.1,114.5,115.0,25528.6,72.0,2901.8,2075.4,"{'timestamp': '2026-09-06T11:06:38.039371+00:00', 'model_version': 'nuextract:latest', 'prompt_hash': 'a6af280e'}"
5,real_mixed_18,nuextract:latest_baseline,656.4522371292114,0.87,0,fallback,0.7777777777777778,0.5833333333333334,0.6666666666666666,0.0,0,12.3,100.0,1.0,102.1,201.8,22599.6,75.7,2901.8,2075.4,"{'timestamp': '2026-09-06T11:13:48.530360+00:00', 'model_version': 'nuextract:latest', 'prompt_hash': 'a6af280e'}"
4,real_mixed_13,nuextract:latest_baseline,594.1421687602997,0.67,0,direct_json,0.4375,0.4117647058823529,0.42424242424242425,0.0,0,16.4,100.0,1.1,102.8,201.8,22964.7,75.7,2901.8,2075.4,"{'timestamp': '2026-09-06T11:12:46.223559+00:00', 'model_version': 'nuextract:latest', 'prompt_hash': 'a6af280e'}"
4,real_mixed_14,nuextract:latest_baseline,343.973849773407,1.16,0,fallback,0.4666666666666667,0.5833333333333334,0.5185185185185186,0.0,0,9.6,100.0,1.6,114.8,115.7,24644.9,70.7,2901.8,2075.4,"{'timestamp': '2026-09-06T11:08:36.041239+00:00', 'model_version': 'nuextract:latest', 'prompt_hash': 'a6af280e'}"
4,real_mixed_15,nuextract:latest_baseline,678.2741541862488,0.71,0,fallback,0.25,0.4444444444444444,0.32,0.0,0,14.0,68.4,0.9,101.9,201.8,22402.3,75.9,2901.8,2075.4,"{'timestamp': '2026-09-06T11:14:10.350322+00:00', 'model_version': 'nuextract:latest', 'prompt_hash': 'a6af280e'}"
6,real_mixed_19,nuextract:latest_baseline,294.2984230518341,2.56,0,fallback,0.75,0.6,0.6666666666666665,0.0,0,11.0,100.0,1.1,114.8,115.6,25063.0,70.8,2901.8,2075.4,"{'timestamp': '2026-09-06T11:07:46.384682+00:00', 'model_version': 'nuextract:latest', 'prompt_hash': 'a6af280e'}"
6,real_mixed_20,nuextract:latest_baseline,700.4575350284576,0.88,0,fallback,0.4444444444444444,0.25,0.32,0.0,0,11.7,100.0,1.0,101.9,201.8,22198.4,76.1,2901.8,2075.4,"{'timestamp': '2026-09-06T11:14:32.572718+00:00', 'model_version': 'nuextract:latest', 'prompt_hash': 'a6af280e'}"
6,real_mixed_21,nuextract:latest_baseline,613.3456099033356,0.77,0,fallback,1.0,0.21428571428571427,0.35294117647058826,0.0,0,14.8,100.0,1.0,102.6,201.8,22845.3,75.7,2901.8,2075.4,"{'timestamp': '2026-09-06T11:13:05.455246+00:00', 'model_version': 'nuextract:latest', 'prompt_hash': 'a6af280e'}"
0,real_mixed_1,nuextract:latest_baseline,636.4124710559845,0.87,0,fallback,0.5714285714285714,0.6153846153846154,0.5925925925925927,0.0,0,9.2,66.7,1.0,102.4,201.8,22752.1,75.6,2901.8,2075.4,"{'timestamp': '2026-09-06T11:13:28.517970+00:00', 'model_version': 'nuextract:latest', 'prompt_hash': 'a6af280e'}"
0,real_mixed_2,nuextract:latest_baseline,723.8995401859283,0.78,0,fallback,0.5555555555555556,0.4166666666666667,0.4761904761904762,0.0,0,9.8,66.7,1.0,102.0,201.8,22002.5,76.3,2901.8,2075.4,"{'timestamp': '2026-09-06T11:14:56.016856+00:00', 'model_version': 'nuextract:latest', 'prompt_hash': 'a6af280e'}"
0,real_mixed_3,nuextract:latest_baseline,500.88853192329407,1.31,0,fallback,0.5714285714285714,0.6666666666666666,0.6153846153846153,0.0,0,14.6,100.0,0.9,101.1,115.7,23144.6,74.6,2901.8,2075.4,"{'timestamp': '2026-09-06T11:11:12.998172+00:00', 'model_version': 'nuextract:latest', 'prompt_hash': 'a6af280e'}"
9,real_mixed_28,nuextract:latest_baseline,500.9185800552368,1.15,0,fallback,0.3333333333333333,0.13333333333333333,0.19047619047619044,0.0,0,13.8,100.0,1.1,95.4,201.8,20078.5,79.0,2901.8,2075.4,"{'timestamp': '2026-09-06T11:15:19.262178+00:00', 'model_version': 'nuextract:latest', 'prompt_hash': 'a6af280e'}"
9,real_mixed_29,nuextract:latest_baseline,549.4896461963654,1.15,0,fallback,0.3,0.5,0.37499999999999994,0.0,0,13.1,100.0,1.0,94.2,201.8,19724.9,79.3,2901.8,2075.4,"{'timestamp': '2026-09-06T11:16:07.834641+00:00', 'model_version': 'nuextract:latest', 'prompt_hash': 'a6af280e'}"
9,real_mixed_30,nuextract:latest_baseline,525.7659492492676,1.02,0,fallback,0.375,0.375,0.375,0.0,0,10.5,66.7,1.1,95.3,201.8,19891.8,79.1,2901.8,2075.4,"{'timestamp': '2026-09-06T11:15:44.107238+00:00', 'model_version': 'nuextract:latest', 'prompt_hash': 'a6af280e'}"
10,real_mixed_31,nuextract:latest_baseline,493.26511311531067,81.12,0,direct_json,0.25,1.0,0.4,0.0,0,13.4,100.0,1.2,90.6,201.8,18895.2,81.6,2901.8,2075.4,"{'timestamp': '2026-09-06T11:16:33.648405+00:00', 'model_version': 'nuextract:latest', 'prompt_hash': 'a6af280e'}"
10,real_mixed_32,nuextract:latest_baseline,517.1608872413635,1.1,0,fallback,0.1,0.14285714285714285,0.11764705882352941,0.0,0,11.1,100.0,1.1,90.9,201.8,18764.3,81.7,2901.8,2075.4,"{'timestamp': '2026-09-06T11:16:57.542693+00:00', 'model_version': 'nuextract:latest', 'prompt_hash': 'a6af280e'}"
10,real_mixed_33,nuextract:latest_baseline,538.9669010639191,1.17,0,fallback,0.75,0.46153846153846156,0.5714285714285714,0.0,0,13.1,100.0,1.1,90.9,201.8,18656.6,81.7,2901.8,2075.4,"{'timestamp': '2026-09-06T11:17:19.364297+00:00', 'model_version': 'nuextract:latest', 'prompt_hash': 'a6af280e'}"
11,real_mixed_34,nuextract:latest_baseline,528.3943309783936,0.25,0,fallback,0.3333333333333333,0.3333333333333333,0.3333333333333333,0.16666666666666666,2,9.8,66.7,1.1,91.2,201.8,18533.0,82.1,2901.8,2075.4,"{'timestamp': '2026-09-06T11:17:51.318985+00:00', 'model_version': 'nuextract:latest', 'prompt_hash': 'a6af280e'}"
11,real_mixed_35,nuextract:latest_baseline,550.5355529785156,0.96,0,fallback,0.3333333333333333,0.5714285714285714,0.4210526315789474,0.0,0,14.5,100.0,1.1,91.4,201.8,18453.2,82.1,2901.8,2075.4,"{'timestamp': '2026-09-06T11:18:13.450065+00:00', 'model_version': 'nuextract:latest', 'prompt_hash': 'a6af280e'}"
11,real_mixed_36,nuextract:latest_baseline,521.7711107730865,1.04,0,fallback,0.72,0.8571428571428571,0.782608695652174,0.2,5,9.8,66.7,1.1,91.1,201.8,18558.9,82.1,2901.8,2075.4,"{'timestamp': '2026-09-06T11:17:44.697249+00:00', 'model_version': 'nuextract:latest', 'prompt_hash': 'a6af280e'}"
12,real_mixed_37,nuextract:latest_baseline,451.20246601104736,1.13,0,fallback,0.5,0.4166666666666667,0.45454545454545453,0.0,0,11.7,71.4,1.2,99.4,201.8,17314.4,81.4,2901.8,2075.4,"{'timestamp': '2026-09-06T11:19:17.278390+00:00', 'model_version': 'nuextract:latest', 'prompt_hash': 'a6af280e'}"
12,real_mixed_38,nuextract:latest_baseline,408.2597200870514,1.37,0,fallback,0.3333333333333333,0.15384615384615385,0.21052631578947367,0.0,0,10.0,66.7,1.2,100.5,201.8,17421.8,81.2,2901.8,2075.4,"{'timestamp': '2026-09-06T11:18:34.332853+00:00', 'model_version': 'nuextract:latest', 'prompt_hash': 'a6af280e'}"
12,real_mixed_39,nuextract:latest_baseline,429.56029295921326,1.19,0,fallback,1.0,0.5714285714285714,0.7272727272727273,0.0,0,9.3,66.7,1.3,100.2,201.8,17381.9,81.3,2901.8,2075.4,"{'timestamp': '2026-09-06T11:18:55.625705+00:00', 'model_version': 'nuextract:latest', 'prompt_hash': 'a6af280e'}"
13,real_mixed_40,nuextract:latest_baseline,436.1930949687958,1.25,0,fallback,0.7142857142857143,0.4166666666666667,0.5263157894736842,0.0,0,9.1,43.4,1.2,94.4,102.2,16774.9,81.4,2901.8,2075.4,"{'timestamp': '2026-09-06T11:19:41.398660+00:00', 'model_version': 'nuextract:latest', 'prompt_hash': 'a6af280e'}"
13,real_mixed_41,nuextract:latest_baseline,487.7366132736206,1.22,0,fallback,0.8181818181818182,0.5,0.6206896551724137,0.0,0,9.4,75.7,1.2,93.2,102.2,17101.6,81.6,2901.8,2075.4,"{'timestamp': '2026-09-06T11:20:32.950622+00:00', 'model_version': 'nuextract:latest', 'prompt_hash': 'a6af280e'}"
13,real_mixed_42,nuextract:latest_baseline,457.3190929889679,1.04,0,fallback,0.6923076923076923,0.375,0.48648648648648646,0.0,0,9.1,43.4,1.2,94.5,102.2,16746.4,81.5,2901.8,2075.4,"{'timestamp': '2026-09-06T11:20:02.529868+00:00', 'model_version': 'nuextract:latest', 'prompt_hash': 'a6af280e'}"
14,real_mixed_43,nuextract:latest_baseline,466.09036087989807,0.11,0,fallback,0.0,0.0,1.0,0.6666666666666666,4,9.4,75.7,1.3,90.6,102.2,17041.4,82.7,2901.8,2075.4,"{'timestamp': '2026-09-06T11:21:34.702102+00:00', 'model_version': 'nuextract:latest', 'prompt_hash': 'a6af280e'}"
14,real_mixed_44,nuextract:latest_baseline,460.41074681282043,1.65,0,fallback,0.5454545454545454,0.6,0.5714285714285713,0.0,0,10.1,75.7,1.3,90.8,102.2,17054.7,82.7,2901.8,2075.4,"{'timestamp': '2026-09-06T11:21:29.035385+00:00', 'model_version': 'nuextract:latest', 'prompt_hash': 'a6af280e'}"
14,real_mixed_45,nuextract:latest_baseline,438.7660140991211,1.39,0,fallback,0.6666666666666666,0.6666666666666666,0.6666666666666666,0.0,0,9.5,75.7,1.3,91.6,102.2,17072.7,82.8,2901.8,2075.4,"{'timestamp': '2026-09-06T11:21:07.383365+00:00', 'model_version': 'nuextract:latest', 'prompt_hash': 'a6af280e'}"
15,real_mixed_46,nuextract:latest_baseline,470.5443708896637,79.37,0,fallback,0.6666666666666666,0.14285714285714285,0.23529411764705882,0.0,0,11.5,75.7,1.3,90.6,102.2,17009.6,82.8,2901.8,2075.4,"{'timestamp': '2026-09-06T11:22:00.983282+00:00', 'model_version': 'nuextract:latest', 'prompt_hash': 'a6af280e'}"
15,real_mixed_47,nuextract:latest_baseline,502.04836201667786,83.95,0,fallback,0.6153846153846154,0.6153846153846154,0.6153846153846154,0.15384615384615385,4,10.2,100.0,1.3,91.1,102.2,16972.4,82.7,2901.8,2075.4,"{'timestamp': '2026-09-06T11:22:32.507780+00:00', 'model_version': 'nuextract:latest', 'prompt_hash': 'a6af280e'}"
15,real_mixed_48,nuextract:latest_baseline,496.95467376708984,79.47,0,fallback,0.2857142857142857,0.3333333333333333,0.30769230769230765,0.0,0,10.1,100.0,1.3,91.0,102.2,16979.3,82.7,2901.8,2075.4,"{'timestamp': '2026-09-06T11:22:27.388673+00:00', 'model_version': 'nuextract:latest', 'prompt_hash': 'a6af280e'}"
16,real_mixed_49,nuextract:latest_baseline,546.6260170936584,0.8,0,fallback,0.6363636363636364,0.5,0.56,0.09090909090909091,1,11.1,75.7,1.3,90.8,102.2,16893.0,82.8,2901.8,2075.4,"{'timestamp': '2026-09-06T11:23:39.280697+00:00', 'model_version': 'nuextract:latest', 'prompt_hash': 'a6af280e'}"
16,real_mixed_50,nuextract:latest_baseline,503.11751914024353,1.09,0,fallback,0.3333333333333333,0.42857142857142855,0.375,0.2222222222222222,4,10.2,75.7,1.3,90.9,102.2,16970.5,82.8,2901.8,2075.4,"{'timestamp': '2026-09-06T11:22:55.768813+00:00', 'model_version': 'nuextract:latest', 'prompt_hash': 'a6af280e'}"
16,real_mixed_51,nuextract:latest_baseline,526.2087783813477,0.97,0,fallback,0.2857142857142857,0.2222222222222222,0.25,0.0,0,16.0,76.8,1.3,90.8,102.2,16927.9,82.8,2901.8,2075.4,"{'timestamp': '2026-09-06T11:23:18.855990+00:00', 'model_version': 'nuextract:latest', 'prompt_hash': 'a6af280e'}"
17,real_mixed_52,nuextract:latest_baseline,597.4415349960327,1.02,0,fallback,0.3,0.21428571428571427,0.25,0.0,0,9.1,75.7,1.2,90.5,101.6,16852.4,82.7,2901.8,2075.4,"{'timestamp': '2026-09-06T11:24:53.535874+00:00', 'model_version': 'nuextract:latest', 'prompt_hash': 'a6af280e'}"
17,real_mixed_53,nuextract:latest_baseline,572.3159790039062,0.94,0,fallback,0.2222222222222222,0.3333333333333333,0.26666666666666666,0.0,0,9.3,75.7,1.3,90.7,101.6,16877.8,82.7,2901.8,2075.4,"{'timestamp': '2026-09-06T11:24:28.401701+00:00', 'model_version': 'nuextract:latest', 'prompt_hash': 'a6af280e'}"
17,real_mixed_54,nuextract:latest_baseline,548.819739818573,80.9,0,fallback,0.5,0.75,0.6,0.0,0,9.2,75.7,1.2,90.6,101.6,16892.6,82.8,2901.8,2075.4,"{'timestamp': '2026-09-06T11:24:04.905124+00:00', 'model_version': 'nuextract:latest', 'prompt_hash': 'a6af280e'}"
18,real_mixed_55,nuextract:latest_baseline,573.5798768997192,0.79,0,fallback,0.2857142857142857,0.4444444444444444,0.34782608695652173,0.0,0,9.2,75.7,1.3,91.5,101.6,16885.6,82.7,2901.8,2075.4,"{'timestamp': '2026-09-06T11:25:41.497887+00:00', 'model_version': 'nuextract:latest', 'prompt_hash': 'a6af280e'}"
18,real_mixed_56,nuextract:latest_baseline,593.2349817752838,0.63,0,fallback,0.14285714285714285,0.07142857142857142,0.09523809523809523,0.0,0,9.6,100.0,1.2,91.5,101.6,16865.4,82.7,2901.8,2075.4,"{'timestamp': '2026-09-06T11:26:01.153822+00:00', 'model_version': 'nuextract:latest', 'prompt_hash': 'a6af280e'}"
18,real_mixed_57,nuextract:latest_baseline,552.076746225357,80.08,0,fallback,0.65,0.7222222222222222,0.6842105263157895,0.05,1,16.1,100.0,1.2,91.3,101.6,16919.2,82.7,2901.8,2075.4,"{'timestamp': '2026-09-06T11:25:19.993803+00:00', 'model_version': 'nuextract:latest', 'prompt_hash': 'a6af280e'}"
19,real_mixed_58,nuextract:latest_baseline,545.4369840621948,1.18,0,fallback,0.46153846153846156,0.5454545454545454,0.4999999999999999,0.0,0,9.5,100.0,1.3,91.4,101.6,16955.4,82.6,2901.8,2075.4,"{'timestamp': '2026-09-06T11:26:24.877702+00:00', 'model_version': 'nuextract:latest', 'prompt_hash': 'a6af280e'}"
19,real_mixed_59,nuextract:latest_baseline,585.4243700504303,0.74,0,fallback,0.5454545454545454,0.3157894736842105,0.39999999999999997,0.0,0,11.5,100.0,1.3,91.6,101.6,16901.0,82.6,2901.8,2075.4,"{'timestamp': '2026-09-06T11:27:04.864275+00:00', 'model_version': 'nuextract:latest', 'prompt_hash': 'a6af280e'}"
19,real_mixed_60,nuextract:latest_baseline,569.2070927619934,1.23,0,fallback,0.625,0.38461538461538464,0.4761904761904762,0.0,0,11.4,75.7,1.3,91.5,101.6,16929.7,82.5,2901.8,2075.4,"{'timestamp': '2026-09-06T11:26:48.653735+00:00', 'model_version': 'nuextract:latest', 'prompt_hash': 'a6af280e'}"
20,real_mixed_61,nuextract:latest_baseline,583.6315970420837,0.1,0,fallback,1.0,0.30303030303030304,0.4651162790697675,0.0,0,9.7,100.0,1.3,91.8,101.6,16916.9,82.5,2901.8,2075.4,"{'timestamp': '2026-09-06T11:27:57.185552+00:00', 'model_version': 'nuextract:latest', 'prompt_hash': 'a6af280e'}"
20,real_mixed_62,nuextract:latest_baseline,577.4202332496643,0.84,0,fallback,0.2222222222222222,0.18181818181818182,0.19999999999999998,0.0,0,10.8,100.0,1.2,91.7,101.6,16916.8,82.5,2901.8,2075.4,"{'timestamp': '2026-09-06T11:27:50.946257+00:00', 'model_version': 'nuextract:latest', 'prompt_hash': 'a6af280e'}"
20,real_mixed_63,nuextract:latest_baseline,556.6940519809723,1.08,0,fallback,0.16666666666666666,0.25,0.2,0.0,0,13.1,100.0,1.3,91.3,101.6,16922.5,82.6,2901.8,2075.4,"{'timestamp': '2026-09-06T11:27:30.215414+00:00', 'model_version': 'nuextract:latest', 'prompt_hash': 'a6af280e'}"
21,real_mixed_64,nuextract:latest_baseline,587.0038070678711,0.93,0,fallback,0.25,1.0,0.4,0.0,0,13.2,100.0,1.3,91.4,101.3,16941.3,82.4,2901.8,2075.4,"{'timestamp': '2026-09-06T11:29:04.349949+00:00', 'model_version': 'nuextract:latest', 'prompt_hash': 'a6af280e'}"
21,real_mixed_65,nuextract:latest_baseline,563.7730071544647,1.15,0,fallback,0.25,0.125,0.16666666666666666,0.0,0,13.5,100.0,1.3,91.8,101.3,16967.1,82.5,2901.8,2075.4,"{'timestamp': '2026-09-06T11:28:41.130143+00:00', 'model_version': 'nuextract:latest', 'prompt_hash': 'a6af280e'}"
21,real_mixed_66,nuextract:latest_baseline,542.657283782959,1.03,0,fallback,0.38461538461538464,0.25,0.30303030303030304,0.15384615384615385,2,11.2,75.7,1.2,91.9,101.3,16974.5,82.5,2901.8,2075.4,"{'timestamp': '2026-09-06T11:28:20.023518+00:00', 'model_version': 'nuextract:latest', 'prompt_hash': 'a6af280e'}"
22,real_mixed_67,nuextract:latest_baseline,579.2141919136047,0.63,0,fallback,0.2857142857142857,0.23529411764705882,0.2580645161290323,0.07142857142857142,1,9.6,100.0,1.3,92.3,101.3,16711.0,82.3,2901.8,2075.4,"{'timestamp': '2026-09-06T11:30:12.254055+00:00', 'model_version': 'nuextract:latest', 'prompt_hash': 'a6af280e'}"
22,real_mixed_68,nuextract:latest_baseline,535.512332201004,1.28,0,direct_json,0.45454545454545453,0.38461538461538464,0.41666666666666663,0.0,0,9.7,47.4,1.3,92.2,101.3,16645.6,82.4,2901.8,2075.4,"{'timestamp': '2026-09-06T11:29:28.537364+00:00', 'model_version': 'nuextract:latest', 'prompt_hash': 'a6af280e'}"
22,real_mixed_69,nuextract:latest_baseline,557.2922871112823,0.95,0,fallback,0.7272727272727273,0.5,0.5925925925925926,0.09090909090909091,2,10.3,47.4,1.3,92.4,101.3,16621.6,82.4,2901.8,2075.4,"{'timestamp': '2026-09-06T11:29:50.350235+00:00', 'model_version': 'nuextract:latest', 'prompt_hash': 'a6af280e'}"
23,real_mixed_70,nuextract:latest_baseline,570.4496042728424,0.86,0,fallback,0.6111111111111112,0.5238095238095238,0.5641025641025642,0.0,0,10.8,73.8,1.3,93.3,101.3,16892.8,82.1,2901.8,2075.4,"{'timestamp': '2026-09-06T11:31:05.233285+00:00', 'model_version': 'nuextract:latest', 'prompt_hash': 'a6af280e'}"
23,real_mixed_71,nuextract:latest_baseline,547.7353060245514,0.77,0,fallback,0.5384615384615384,0.7368421052631579,0.6222222222222222,0.0,0,10.2,100.0,1.3,93.3,101.3,16771.2,82.3,2901.8,2075.4,"{'timestamp': '2026-09-06T11:30:42.510877+00:00', 'model_version': 'nuextract:latest', 'prompt_hash': 'a6af280e'}"
23,real_mixed_72,nuextract:latest_baseline,591.7585017681122,0.67,0,fallback,0.6363636363636364,0.5,0.56,0.0,0,9.8,75.3,1.3,92.7,101.3,16961.8,81.9,2901.8,2075.4,"{'timestamp': '2026-09-06T11:31:26.541020+00:00', 'model_version': 'nuextract:latest', 'prompt_hash': 'a6af280e'}"
24,real_mixed_73,nuextract:latest_baseline,578.0046720504761,1.1,0,fallback,0.7,0.4666666666666667,0.56,0.0,0,11.2,100.0,1.3,92.5,101.3,16975.5,81.9,2901.8,2075.4,"{'timestamp': '2026-09-06T11:32:10.592833+00:00', 'model_version': 'nuextract:latest', 'prompt_hash': 'a6af280e'}"
24,real_mixed_74,nuextract:latest_baseline,556.2164452075958,1.14,0,fallback,0.8571428571428571,0.6,0.7058823529411764,0.0,0,11.0,100.0,1.3,92.3,101.3,17007.7,81.8,2901.8,2075.4,"{'timestamp': '2026-09-06T11:31:48.801053+00:00', 'model_version': 'nuextract:latest', 'prompt_hash': 'a6af280e'}"
24,real_mixed_75,nuextract:latest_baseline,600.3553290367126,1.51,0,fallback,0.3333333333333333,0.3333333333333333,0.3333333333333333,0.0,0,10.0,100.0,1.3,92.3,101.3,16939.4,81.9,2901.8,2075.4,"{'timestamp': '2026-09-06T11:32:32.927098+00:00', 'model_version': 'nuextract:latest', 'prompt_hash': 'a6af280e'}"
25,real_mixed_76,nuextract:latest_baseline,559.1649959087372,81.46,0,fallback,0.0,1.0,0.0,0.0,0,8.9,70.4,1.3,97.3,200.8,17008.5,81.8,2901.8,2075.4,"{'timestamp': '2026-09-06T11:32:58.516987+00:00', 'model_version': 'nuextract:latest', 'prompt_hash': 'a6af280e'}"
25,real_mixed_77,nuextract:latest_baseline,580.9303939342499,1.1,0,fallback,0.5625,0.45,0.5,0.0,0,9.1,70.4,1.3,101.2,201.1,16966.9,81.9,2901.8,2075.4,"{'timestamp': '2026-09-06T11:33:20.304335+00:00', 'model_version': 'nuextract:latest', 'prompt_hash': 'a6af280e'}"
25,real_mixed_78,nuextract:latest_baseline,594.1651220321655,0.49,0,direct_json,0.15384615384615385,0.5,0.23529411764705882,0.07692307692307693,1,9.7,100.0,1.2,102.7,201.1,16944.4,81.9,2901.8,2075.4,"{'timestamp': '2026-09-06T11:33:33.521936+00:00', 'model_version': 'nuextract:latest', 'prompt_hash': 'a6af280e'}"
26,real_mixed_79,nuextract:latest_baseline,556.8915348052979,0.25,0,direct_json,1.0,0.3,0.4615384615384615,0.0,0,11.0,100.0,1.3,103.7,201.1,16964.3,81.9,2901.8,2075.4,"{'timestamp': '2026-09-06T11:34:10.500360+00:00', 'model_version': 'nuextract:latest', 'prompt_hash': 'a6af280e'}"
26,real_mixed_80,nuextract:latest_baseline,548.9203948974609,81.19,0,direct_json,0.631578947368421,0.5,0.5581395348837209,0.0,0,11.1,100.0,1.3,103.7,201.1,16974.5,81.9,2901.8,2075.4,"{'timestamp': '2026-09-06T11:34:02.550792+00:00', 'model_version': 'nuextract:latest', 'prompt_hash': 'a6af280e'}"
26,real_mixed_81,nuextract:latest_baseline,544.8677430152893,1.29,0,fallback,0.4444444444444444,0.36363636363636365,0.39999999999999997,0.1111111111111111,1,13.3,100.0,1.3,103.8,201.1,16980.6,81.9,2901.8,2075.4,"{'timestamp': '2026-09-06T11:33:58.486579+00:00', 'model_version': 'nuextract:latest', 'prompt_hash': 'a6af280e'}"
27,real_mixed_82,nuextract:latest_baseline,560.0563969612122,0.9,0,direct_json,0.125,0.1111111111111111,0.11764705882352941,0.125,1,10.3,70.4,1.3,102.3,201.1,16948.6,81.9,2901.8,2075.4,"{'timestamp': '2026-09-06T11:35:21.301963+00:00', 'model_version': 'nuextract:latest', 'prompt_hash': 'a6af280e'}"
27,real_mixed_83,nuextract:latest_baseline,537.3478910923004,1.17,0,fallback,0.75,0.6,0.6666666666666665,0.0,0,9.4,70.4,1.4,103.2,201.1,16994.9,81.9,2901.8,2075.4,"{'timestamp': '2026-09-06T11:34:58.589871+00:00', 'model_version': 'nuextract:latest', 'prompt_hash': 'a6af280e'}"
27,real_mixed_84,nuextract:latest_baseline,512.7467970848083,1.32,0,fallback,0.7142857142857143,0.5555555555555556,0.6250000000000001,0.0,0,10.5,100.0,1.3,104.3,201.1,17029.5,81.9,2901.8,2075.4,"{'timestamp': '2026-09-06T11:34:33.995248+00:00', 'model_version': 'nuextract:latest', 'prompt_hash': 'a6af280e'}"
28,real_mixed_85,nuextract:latest_baseline,520.2886879444122,1.38,0,fallback,0.6,0.75,0.6666666666666665,0.0,0,9.1,70.4,1.3,102.8,201.1,16990.6,81.9,2901.8,2075.4,"{'timestamp': '2026-09-06T11:35:45.253594+00:00', 'model_version': 'nuextract:latest', 'prompt_hash': 'a6af280e'}"
28,real_mixed_86,nuextract:latest_baseline,541.9131736755371,1.14,0,fallback,0.9,0.6923076923076923,0.7826086956521738,0.0,0,11.5,70.4,1.3,102.4,201.1,16946.7,82.0,2901.8,2075.4,"{'timestamp': '2026-09-06T11:36:06.880044+00:00', 'model_version': 'nuextract:latest', 'prompt_hash': 'a6af280e'}"
28,real_mixed_87,nuextract:latest_baseline,566.471568107605,1.27,0,fallback,0.5,0.42857142857142855,0.4615384615384615,0.0,0,9.0,70.4,1.2,101.7,201.1,16904.9,82.0,2901.8,2075.4,"{'timestamp': '2026-09-06T11:36:31.435129+00:00', 'model_version': 'nuextract:latest', 'prompt_hash': 'a6af280e'}"
29,real_mixed_88,nuextract:latest_baseline,540.0223500728607,80.92,0,fallback,0.5,1.0,0.6666666666666666,0.0,0,12.1,73.2,1.3,101.6,201.1,16901.6,82.1,2901.8,2075.4,"{'timestamp': '2026-09-06T11:36:57.277686+00:00', 'model_version': 'nuextract:latest', 'prompt_hash': 'a6af280e'}"
29,real_mixed_89,nuextract:latest_baseline,562.9054107666016,1.21,0,fallback,0.5714285714285714,0.3076923076923077,0.4,0.0,0,10.5,100.0,1.3,101.6,201.1,16882.4,82.1,2901.8,2075.4,"{'timestamp': '2026-09-06T11:37:20.165348+00:00', 'model_version': 'nuextract:latest', 'prompt_hash': 'a6af280e'}"
29,real_mixed_90,nuextract:latest_baseline,585.5495159626007,0.86,0,fallback,0.2222222222222222,0.25,0.23529411764705882,0.0,0,11.4,70.4,1.3,101.2,201.1,16845.9,82.1,2901.8,2075.4,"{'timestamp': '2026-09-06T11:37:42.813137+00:00', 'model_version': 'nuextract:latest', 'prompt_hash': 'a6af280e'}"
30,real_mixed_91,nuextract:latest_baseline,584.1215350627899,1.01,0,fallback,0.5714285714285714,0.8,0.6666666666666666,0.07142857142857142,2,11.2,70.4,1.3,101.7,201.1,16779.3,82.2,2901.8,2075.4,"{'timestamp': '2026-09-06T11:38:48.570286+00:00', 'model_version': 'nuextract:latest', 'prompt_hash': 'a6af280e'}"
30,real_mixed_92,nuextract:latest_baseline,562.7918198108673,0.92,0,fallback,0.375,0.4,0.38709677419354843,0.0,0,12.4,70.4,1.3,102.2,201.1,16807.6,82.2,2901.8,2075.4,"{'timestamp': '2026-09-06T11:38:27.231615+00:00', 'model_version': 'nuextract:latest', 'prompt_hash': 'a6af280e'}"
30,real_mixed_93,nuextract:latest_baseline,541.5324327945709,1.01,0,fallback,0.5555555555555556,0.5,0.5263157894736842,0.0,0,11.7,100.0,1.3,102.4,201.1,16841.1,82.2,2901.8,2075.4,"{'timestamp': '2026-09-06T11:38:05.966927+00:00', 'model_version': 'nuextract:latest', 'prompt_hash': 'a6af280e'}"
31,real_mixed_94,nuextract:latest_baseline,561.2263791561127,0.87,0,fallback,0.6666666666666666,0.4,0.5,0.0,0,12.8,100.0,1.3,102.1,201.1,16702.5,82.3,2901.8,2075.4,"{'timestamp': '2026-09-06T11:39:33.595876+00:00', 'model_version': 'nuextract:latest', 'prompt_hash': 'a6af280e'}"
31,real_mixed_95,nuextract:latest_baseline,540.0143802165985,1.13,0,direct_json,0.25,1.0,0.4,0.0,0,9.6,56.8,1.3,102.3,201.1,16730.8,82.2,2901.8,2075.4,"{'timestamp': '2026-09-06T11:39:12.360016+00:00', 'model_version': 'nuextract:latest', 'prompt_hash': 'a6af280e'}"
31,real_mixed_96,nuextract:latest_baseline,584.5049390792847,0.91,0,fallback,0.5454545454545454,0.5,0.5217391304347826,0.09090909090909091,1,12.0,100.0,1.2,101.4,201.1,16673.4,82.3,2901.8,2075.4,"{'timestamp': '2026-09-06T11:39:56.863454+00:00', 'model_version': 'nuextract:latest', 'prompt_hash': 'a6af280e'}"
32,real_mixed_97,nuextract:latest_baseline,574.9791722297668,0.93,0,fallback,0.4444444444444444,0.4444444444444444,0.4444444444444444,0.0,0,9.4,74.0,1.2,100.3,201.1,16597.2,82.8,2901.8,2075.4,"{'timestamp': '2026-09-06T11:41:01.603229+00:00', 'model_version': 'nuextract:latest', 'prompt_hash': 'a6af280e'}"
32,real_mixed_98,nuextract:latest_baseline,596.6836938858032,0.9,0,fallback,0.4666666666666667,0.25,0.32558139534883723,0.0,0,10.2,100.0,1.2,99.4,201.1,16623.6,82.7,2901.8,2075.4,"{'timestamp': '2026-09-06T11:41:23.319692+00:00', 'model_version': 'nuextract:latest', 'prompt_hash': 'a6af280e'}"
32,real_mixed_99,nuextract:latest_baseline,544.1371760368347,60.95,0,fallback,0.2,0.5,0.28571428571428575,0.0,0,9.1,74.0,1.3,101.9,201.1,16347.5,82.9,2901.8,2075.4,"{'timestamp': '2026-09-06T11:40:30.748301+00:00', 'model_version': 'nuextract:latest', 'prompt_hash': 'a6af280e'}"
33,real_mixed_100,nuextract:latest_baseline,578.3746337890625,0.86,0,fallback,0.07142857142857142,0.14285714285714285,0.09523809523809523,0.0,0,9.8,100.0,1.2,99.5,201.1,16636.6,82.7,2901.8,2075.4,"{'timestamp': '2026-09-06T11:42:11.613606+00:00', 'model_version': 'nuextract:latest', 'prompt_hash': 'a6af280e'}"
33,real_mixed_101,nuextract:latest_baseline,602.4481868743896,1.01,0,fallback,0.375,0.42857142857142855,0.39999999999999997,0.0,0,10.4,75.5,1.2,99.1,201.1,16618.1,82.7,2901.8,2075.4,"{'timestamp': '2026-09-06T11:42:35.693253+00:00', 'model_version': 'nuextract:latest', 'prompt_hash': 'a6af280e'}"
33,real_mixed_102,nuextract:latest_baseline,555.4271712303162,81.39,0,fallback,0.0,1.0,0.0,0.0,0,12.2,74.0,1.2,99.7,201.1,16656.7,82.7,2901.8,2075.4,"{'timestamp': '2026-09-06T11:41:48.660902+00:00', 'model_version': 'nuextract:latest', 'prompt_hash': 'a6af280e'}"
34,real_mixed_103,nuextract:latest_baseline,567.7444729804993,80.84,0,fallback,0.0,1.0,0.0,0.0,0,9.0,74.0,1.2,88.6,100.3,16666.3,82.7,2901.8,2075.4,"{'timestamp': '2026-09-06T11:43:01.332271+00:00', 'model_version': 'nuextract:latest', 'prompt_hash': 'a6af280e'}"
34,real_mixed_104,nuextract:latest_baseline,612.7568249702454,1.02,0,fallback,0.375,0.6,0.4615384615384615,0.0625,1,8.9,74.0,1.1,88.3,100.3,16614.0,82.7,2901.8,2075.4,"{'timestamp': '2026-09-06T11:43:46.354904+00:00', 'model_version': 'nuextract:latest', 'prompt_hash': 'a6af280e'}"
34,real_mixed_105,nuextract:latest_baseline,589.4214301109314,1.04,0,fallback,0.5555555555555556,0.5,0.5263157894736842,0.0,0,9.9,100.0,1.2,88.7,100.3,16640.6,82.7,2901.8,2075.4,"{'timestamp': '2026-09-06T11:43:23.020244+00:00', 'model_version': 'nuextract:latest', 'prompt_hash': 'a6af280e'}"
35,real_mixed_106,nuextract:latest_baseline,600.1763970851898,1.09,0,fallback,0.25,0.5,0.3333333333333333,0.0,0,11.1,74.0,1.1,88.0,100.3,16626.5,82.7,2901.8,2075.4,"{'timestamp': '2026-09-06T11:44:10.751553+00:00', 'model_version': 'nuextract:latest', 'prompt_hash': 'a6af280e'}"
35,real_mixed_107,nuextract:latest_baseline,639.1495258808136,0.76,0,fallback,0.75,0.6923076923076923,0.7199999999999999,0.0,0,10.1,100.0,1.1,88.1,100.3,16585.7,82.7,2901.8,2075.4,"{'timestamp': '2026-09-06T11:44:49.728124+00:00', 'model_version': 'nuextract:latest', 'prompt_hash': 'a6af280e'}"
35,real_mixed_108,nuextract:latest_baseline,622.0876989364624,1.01,0,fallback,0.3333333333333333,0.2,0.25,0.0,0,10.3,74.0,1.1,88.0,100.3,16603.5,82.7,2901.8,2075.4,"{'timestamp': '2026-09-06T11:44:32.668541+00:00', 'model_version': 'nuextract:latest', 'prompt_hash': 'a6af280e'}"
36,real_mixed_109,nuextract:latest_baseline,635.684769153595,0.58,0,fallback,0.5555555555555556,0.4166666666666667,0.4761904761904762,0.0,0,11.3,100.0,1.1,88.4,100.3,16583.9,82.8,2901.8,2075.4,"{'timestamp': '2026-09-06T11:45:57.092280+00:00', 'model_version': 'nuextract:latest', 'prompt_hash': 'a6af280e'}"
36,real_mixed_110,nuextract:latest_baseline,614.6765928268433,0.83,0,direct_json,0.46153846153846156,0.3333333333333333,0.3870967741935484,0.0,0,10.6,100.0,1.1,88.6,100.3,16602.3,82.8,2901.8,2075.4,"{'timestamp': '2026-09-06T11:45:36.066650+00:00', 'model_version': 'nuextract:latest', 'prompt_hash': 'a6af280e'}"
36,real_mixed_111,nuextract:latest_baseline,594.0995719432831,0.85,0,fallback,0.6666666666666666,0.7333333333333333,0.6984126984126984,0.030303030303030304,1,10.0,74.0,1.1,88.5,100.3,16619.6,82.8,2901.8,2075.4,"{'timestamp': '2026-09-06T11:45:15.508234+00:00', 'model_version': 'nuextract:latest', 'prompt_hash': 'a6af280e'}"
37,real_mixed_112,nuextract:latest_baseline,591.0484988689423,1.37,0,fallback,0.3333333333333333,0.6,0.42857142857142855,0.0,0,10.8,74.0,1.0,88.1,100.3,16632.6,82.7,2901.8,2075.4,"{'timestamp': '2026-09-06T11:46:22.566376+00:00', 'model_version': 'nuextract:latest', 'prompt_hash': 'a6af280e'}"
37,real_mixed_113,nuextract:latest_baseline,613.4137327671051,1.07,0,fallback,1.0,0.5555555555555556,0.7142857142857143,0.0,0,10.5,100.0,1.0,88.1,100.3,16607.6,82.8,2901.8,2075.4,"{'timestamp': '2026-09-06T11:46:44.935435+00:00', 'model_version': 'nuextract:latest', 'prompt_hash': 'a6af280e'}"
37,real_mixed_114,nuextract:latest_baseline,637.5508179664612,0.8,0,fallback,0.3333333333333333,0.42857142857142855,0.375,0.0,0,12.7,100.0,1.0,87.8,100.3,16574.1,82.8,2901.8,2075.4,"{'timestamp': '2026-09-06T11:47:09.067655+00:00', 'model_version': 'nuextract:latest', 'prompt_hash': 'a6af280e'}"
38,real_mixed_115,nuextract:latest_baseline,592.203488111496,1.42,0,fallback,0.0,0.0,1.0,0.2,1,11.4,100.0,1.0,87.1,98.0,16601.0,82.8,2901.8,2075.4,"{'timestamp': '2026-09-06T11:47:35.092023+00:00', 'model_version': 'nuextract:latest', 'prompt_hash': 'a6af280e'}"
38,real_mixed_116,nuextract:latest_baseline,614.9271450042725,1.08,0,fallback,0.3333333333333333,0.5,0.4,0.0,0,12.2,100.0,0.9,87.3,98.0,16577.8,82.8,2901.8,2075.4,"{'timestamp': '2026-09-06T11:47:57.815489+00:00', 'model_version': 'nuextract:latest', 'prompt_hash': 'a6af280e'}"
38,real_mixed_117,nuextract:latest_baseline,637.2808630466461,0.71,0,fallback,0.2,0.25,0.22222222222222224,0.0,0,12.0,100.0,0.9,86.9,98.0,16553.3,82.8,2901.8,2075.4,"{'timestamp': '2026-09-06T11:48:20.180438+00:00', 'model_version': 'nuextract:latest', 'prompt_hash': 'a6af280e'}"
39,real_mixed_118,nuextract:latest_baseline,618.8716239929199,1.28,0,fallback,0.7142857142857143,1.0,0.8333333333333333,0.0,0,12.5,74.0,0.8,86.5,98.0,16566.5,82.8,2901.8,2075.4,"{'timestamp': '2026-09-06T11:49:07.522602+00:00', 'model_version': 'nuextract:latest', 'prompt_hash': 'a6af280e'}"
39,real_mixed_119,nuextract:latest_baseline,644.7060759067535,1.22,0,fallback,0.5,0.3333333333333333,0.4,0.0,0,13.6,100.0,0.8,86.1,98.0,16542.5,82.8,2901.8,2075.4,"{'timestamp': '2026-09-06T11:49:33.362607+00:00', 'model_version': 'nuextract:latest', 'prompt_hash': 'a6af280e'}"
39,real_mixed_120,nuextract:latest_baseline,595.4909629821777,1.02,0,fallback,0.4444444444444444,0.8,0.5714285714285714,0.0,0,14.7,74.0,0.8,86.4,98.0,16587.1,82.8,2901.8,2075.4,"{'timestamp': '2026-09-06T11:48:44.145072+00:00', 'model_version': 'nuextract:latest', 'prompt_hash': 'a6af280e'}"
5,real_mixed_16,nuextract:latest_kb_rag,17.287573099136353,19.48,0,fallback,0.0,0.0,1.0,0.7777777777777778,7,19.9,62.4,47.8,860.4,1075.7,16002.3,81.6,2901.8,2075.4,"{'timestamp': '2026-09-06T11:49:51.760831+00:00', 'model_version': 'nuextract:latest', 'prompt_hash': 'a6af280e'}"
5,real_mixed_17,nuextract:latest_kb_rag,93.34631705284119,5.45,0,direct_json,0.5,1.0,0.6666666666666666,0.0,0,10.1,72.9,10.4,401.4,977.2,21492.3,81.0,2901.8,2075.4,"{'timestamp': '2026-09-06T11:51:08.666479+00:00', 'model_version': 'nuextract:latest', 'prompt_hash': 'a6af280e'}"
5,real_mixed_18,nuextract:latest_kb_rag,30.42114496231079,8.76,0,fallback,0.36363636363636365,0.3333333333333333,0.34782608695652173,0.2727272727272727,3,8.8,47.9,18.4,756.2,931.3,16418.1,81.3,2901.8,2075.4,"{'timestamp': '2026-09-06T11:50:05.611589+00:00', 'model_version': 'nuextract:latest', 'prompt_hash': 'a6af280e'}"
6,real_mixed_19,nuextract:latest_kb_rag,142.93693113327026,2.29,0,fallback,0.0,0.0,1.0,0.9375,15,18.9,78.4,5.0,334.6,979.0,20727.5,80.9,2901.8,2075.4,"{'timestamp': '2026-09-06T11:51:58.468395+00:00', 'model_version': 'nuextract:latest', 'prompt_hash': 'a6af280e'}"
6,real_mixed_20,nuextract:latest_kb_rag,203.696457862854,1.91,0,fallback,0.16666666666666666,0.125,0.14285714285714288,0.5833333333333334,7,16.5,78.8,2.2,259.8,882.2,19360.5,81.4,2901.8,2075.4,"{'timestamp': '2026-09-06T11:52:59.795492+00:00', 'model_version': 'nuextract:latest', 'prompt_hash': 'a6af280e'}"
6,real_mixed_21,nuextract:latest_kb_rag,124.67797613143921,1.91,0,fallback,0.875,0.5,0.6363636363636364,0.0,0,20.0,72.9,5.2,360.9,979.0,21400.1,80.6,2901.8,2075.4,"{'timestamp': '2026-09-06T11:51:40.210521+00:00', 'model_version': 'nuextract:latest', 'prompt_hash': 'a6af280e'}"
7,real_mixed_22,nuextract:latest_kb_rag,65.46108412742615,10.01,0,fallback,1.0,1.0,1.0,0.0,0,10.3,72.9,7.7,505.7,977.5,20573.1,81.3,2901.8,2075.4,"{'timestamp': '2026-09-06T11:50:40.820774+00:00', 'model_version': 'nuextract:latest', 'prompt_hash': 'a6af280e'}"
7,real_mixed_23,nuextract:latest_kb_rag,186.99970269203186,1.35,0,fallback,0.16666666666666666,0.13333333333333333,0.14814814814814814,0.5,6,9.5,72.9,3.3,276.6,977.5,19612.5,81.3,2901.8,2075.4,"{'timestamp': '2026-09-06T11:52:42.916013+00:00', 'model_version': 'nuextract:latest', 'prompt_hash': 'a6af280e'}"
7,real_mixed_24,nuextract:latest_kb_rag,267.17165327072144,1.65,0,fallback,0.08333333333333333,0.14285714285714285,0.10526315789473685,0.6666666666666666,8,9.2,72.9,2.8,246.4,883.5,18656.2,81.6,2901.8,2075.4,"{'timestamp': '2026-09-06T11:54:03.369976+00:00', 'model_version': 'nuextract:latest', 'prompt_hash': 'a6af280e'}"
0,real_mixed_1,nuextract:latest_kb_rag,111.00041079521179,2.65,0,fallback,0.5,0.6153846153846154,0.5517241379310345,0.25,4,10.0,72.9,9.7,382.2,978.1,21711.4,81.0,2901.8,2075.4,"{'timestamp': '2026-09-06T11:51:26.439393+00:00', 'model_version': 'nuextract:latest', 'prompt_hash': 'a6af280e'}"
0,real_mixed_2,nuextract:latest_kb_rag,250.82364416122437,1.27,0,fallback,0.0625,0.15384615384615385,0.08888888888888889,0.6875,22,9.7,72.9,3.5,251.4,882.6,18810.4,81.5,2901.8,2075.4,"{'timestamp': '2026-09-06T11:53:47.003193+00:00', 'model_version': 'nuextract:latest', 'prompt_hash': 'a6af280e'}"
0,real_mixed_3,nuextract:latest_kb_rag,324.3916549682617,1.3,0,fallback,0.29411764705882354,0.4166666666666667,0.3448275862068966,0.35294117647058826,6,9.0,72.9,2.5,252.5,844.3,18266.2,81.6,2901.8,2075.4,"{'timestamp': '2026-09-06T11:55:00.604275+00:00', 'model_version': 'nuextract:latest', 'prompt_hash': 'a6af280e'}"
2,real_mixed_7,nuextract:latest_kb_rag,172.11671805381775,1.62,0,fallback,0.1111111111111111,0.14285714285714285,0.125,0.4444444444444444,8,9.7,72.9,2.9,293.7,978.0,19911.3,81.3,2901.8,2075.4,"{'timestamp': '2026-09-06T11:52:28.069197+00:00', 'model_version': 'nuextract:latest', 'prompt_hash': 'a6af280e'}"
2,real_mixed_8,nuextract:latest_kb_rag,339.01525712013245,0.85,0,fallback,0.0,0.0,1.0,0.5833333333333334,7,11.1,100.0,3.0,257.5,844.3,18169.9,81.7,2901.8,2075.4,"{'timestamp': '2026-09-06T11:55:15.230789+00:00', 'model_version': 'nuextract:latest', 'prompt_hash': 'a6af280e'}"
2,real_mixed_9,nuextract:latest_kb_rag,356.2343339920044,1.01,0,fallback,0.21428571428571427,0.3,0.25,0.5714285714285714,8,9.6,100.0,2.8,256.0,844.3,18078.3,81.7,2901.8,2075.4,"{'timestamp': '2026-09-06T11:55:32.453627+00:00', 'model_version': 'nuextract:latest', 'prompt_hash': 'a6af280e'}"
1,real_mixed_4,nuextract:latest_kb_rag,157.0015630722046,1.53,0,fallback,0.16666666666666666,0.35294117647058826,0.22641509433962262,0.6111111111111112,22,10.3,80.0,3.6,314.7,899.0,20298.3,81.1,2901.8,2075.4,"{'timestamp': '2026-09-06T11:52:12.800761+00:00', 'model_version': 'nuextract:latest', 'prompt_hash': 'a6af280e'}"
1,real_mixed_5,nuextract:latest_kb_rag,298.958224773407,0.88,0,fallback,0.13333333333333333,0.2,0.16,0.4,6,9.4,72.9,2.9,253.8,844.3,18407.8,81.6,2901.8,2075.4,"{'timestamp': '2026-09-06T11:54:35.166340+00:00', 'model_version': 'nuextract:latest', 'prompt_hash': 'a6af280e'}"
1,real_mixed_6,nuextract:latest_kb_rag,389.5537450313568,0.88,0,fallback,0.6875,0.6111111111111112,0.6470588235294118,0.0,0,13.7,100.0,3.1,271.1,844.3,17922.4,81.7,2901.8,2075.4,"{'timestamp': '2026-09-06T11:56:05.774685+00:00', 'model_version': 'nuextract:latest', 'prompt_hash': 'a6af280e'}"
3,real_mixed_10,nuextract:latest_kb_rag,285.13620710372925,1.33,0,fallback,0.17391304347826086,0.6666666666666666,0.27586206896551724,0.5217391304347826,12,14.6,72.9,23.7,251.7,882.0,18489.2,81.6,2901.8,2075.4,"{'timestamp': '2026-09-06T11:54:21.298127+00:00', 'model_version': 'nuextract:latest', 'prompt_hash': 'a6af280e'}"
3,real_mixed_11,nuextract:latest_kb_rag,307.4345180988312,0.6,0,fallback,0.3,0.3333333333333333,0.3157894736842105,0.5,10,13.8,72.9,2.5,254.3,883.1,18362.6,81.6,2901.8,2075.4,"{'timestamp': '2026-09-06T11:54:43.635673+00:00', 'model_version': 'nuextract:latest', 'prompt_hash': 'a6af280e'}"
3,real_mixed_12,nuextract:latest_kb_rag,406.95587182044983,0.86,0,fallback,0.1875,0.42857142857142855,0.26086956521739124,0.4375,7,9.2,72.9,3.4,277.9,844.3,17845.7,81.8,2901.8,2075.4,"{'timestamp': '2026-09-06T11:56:23.165144+00:00', 'model_version': 'nuextract:latest', 'prompt_hash': 'a6af280e'}"
8,real_mixed_25,nuextract:latest_kb_rag,234.0425682067871,1.42,0,fallback,0.07142857142857142,0.15384615384615385,0.0975609756097561,0.42857142857142855,12,14.1,72.9,3.6,255.9,882.5,18988.0,81.4,2901.8,2075.4,"{'timestamp': '2026-09-06T11:53:30.212568+00:00', 'model_version': 'nuextract:latest', 'prompt_hash': 'a6af280e'}"
8,real_mixed_26,nuextract:latest_kb_rag,421.9955790042877,0.82,0,fallback,0.5,0.3888888888888889,0.43750000000000006,0.21428571428571427,6,10.7,83.3,3.6,285.5,844.3,17790.7,81.8,2901.8,2075.4,"{'timestamp': '2026-09-06T11:56:38.243782+00:00', 'model_version': 'nuextract:latest', 'prompt_hash': 'a6af280e'}"
8,real_mixed_27,nuextract:latest_kb_rag,427.00209975242615,0.09,0,fallback,1.0,0.0,0.0,0.0,0,12.6,72.9,3.3,284.7,844.3,17775.5,81.8,2901.8,2075.4,"{'timestamp': '2026-09-06T11:56:43.224256+00:00', 'model_version': 'nuextract:latest', 'prompt_hash': 'a6af280e'}"
4,real_mixed_13,nuextract:latest_kb_rag,217.35659503936768,1.04,0,fallback,0.2962962962962963,0.47058823529411764,0.3636363636363636,0.3333333333333333,9,15.5,100.0,3.3,260.3,882.8,19190.0,81.4,2901.8,2075.4,"{'timestamp': '2026-09-06T11:53:13.492877+00:00', 'model_version': 'nuextract:latest', 'prompt_hash': 'a6af280e'}"
4,real_mixed_14,nuextract:latest_kb_rag,437.19706320762634,0.51,0,fallback,0.21428571428571427,0.25,0.23076923076923075,0.6428571428571429,9,12.3,100.0,3.7,286.4,844.3,17739.3,81.8,2901.8,2075.4,"{'timestamp': '2026-09-06T11:56:53.418465+00:00', 'model_version': 'nuextract:latest', 'prompt_hash': 'a6af280e'}"
4,real_mixed_15,nuextract:latest_kb_rag,372.4341821670532,0.84,0,fallback,0.0,0.0,1.0,0.3888888888888889,7,9.1,72.9,2.9,267.7,844.3,17985.0,81.8,2901.8,2075.4,"{'timestamp': '2026-09-06T11:55:48.646303+00:00', 'model_version': 'nuextract:latest', 'prompt_hash': 'a6af280e'}"
9,real_mixed_28,nuextract:latest_kb_rag,360.19630002975464,0.97,0,fallback,0.1,0.06666666666666667,0.08,0.5,5,8.9,35.6,4.0,266.6,672.5,16693.0,82.0,2901.8,2075.4,"{'timestamp': '2026-09-06T11:57:09.307111+00:00', 'model_version': 'nuextract:latest', 'prompt_hash': 'a6af280e'}"
9,real_mixed_29,nuextract:latest_kb_rag,396.25447487831116,0.87,0,fallback,0.2692307692307692,0.5833333333333334,0.3684210526315789,0.19230769230769232,5,9.4,53.6,3.7,259.5,672.5,16690.9,82.0,2901.8,2075.4,"{'timestamp': '2026-09-06T11:57:45.376578+00:00', 'model_version': 'nuextract:latest', 'prompt_hash': 'a6af280e'}"
9,real_mixed_30,nuextract:latest_kb_rag,377.4324698448181,0.91,0,fallback,0.1111111111111111,0.2222222222222222,0.14814814814814814,0.6666666666666666,12,9.0,35.6,3.8,265.1,672.5,16703.3,82.0,2901.8,2075.4,"{'timestamp': '2026-09-06T11:57:26.541044+00:00', 'model_version': 'nuextract:latest', 'prompt_hash': 'a6af280e'}"
10,real_mixed_31,nuextract:latest_kb_rag,307.67006611824036,1.46,0,fallback,0.0,0.0,1.0,0.8,8,14.1,83.3,4.5,305.6,672.5,16329.3,82.1,2901.8,2075.4,"{'timestamp': '2026-09-06T11:58:07.873563+00:00', 'model_version': 'nuextract:latest', 'prompt_hash': 'a6af280e'}"
10,real_mixed_32,nuextract:latest_kb_rag,324.27671694755554,1.03,0,fallback,0.1,0.2857142857142857,0.14814814814814817,0.45,9,9.9,55.6,4.3,298.2,672.5,16322.1,82.1,2901.8,2075.4,"{'timestamp': '2026-09-06T11:58:24.485492+00:00', 'model_version': 'nuextract:latest', 'prompt_hash': 'a6af280e'}"
10,real_mixed_33,nuextract:latest_kb_rag,339.22353887557983,1.07,0,fallback,0.7777777777777778,0.5384615384615384,0.6363636363636364,0.1111111111111111,1,9.0,37.3,4.2,290.4,672.5,16326.7,82.2,2901.8,2075.4,"{'timestamp': '2026-09-06T11:58:39.439872+00:00', 'model_version': 'nuextract:latest', 'prompt_hash': 'a6af280e'}"
11,real_mixed_34,nuextract:latest_kb_rag,305.6441009044647,0.92,0,fallback,0.0,0.0,1.0,0.8181818181818182,9,9.3,37.3,4.7,304.5,672.5,16321.1,82.2,2901.8,2075.4,"{'timestamp': '2026-09-06T11:59:09.455145+00:00', 'model_version': 'nuextract:latest', 'prompt_hash': 'a6af280e'}"
11,real_mixed_35,nuextract:latest_kb_rag,319.238755941391,0.88,0,direct_json,0.1,0.14285714285714285,0.11764705882352941,0.6,6,9.2,37.3,4.4,296.9,672.5,16309.2,82.3,2901.8,2075.4,"{'timestamp': '2026-09-06T11:59:23.054285+00:00', 'model_version': 'nuextract:latest', 'prompt_hash': 'a6af280e'}"
11,real_mixed_36,nuextract:latest_kb_rag,291.7562530040741,1.1,0,fallback,0.3548387096774194,0.5238095238095238,0.4230769230769231,0.3548387096774194,11,9.0,37.3,4.9,311.1,672.5,16318.9,82.2,2901.8,2075.4,"{'timestamp': '2026-09-06T11:58:55.578090+00:00', 'model_version': 'nuextract:latest', 'prompt_hash': 'a6af280e'}"
12,real_mixed_37,nuextract:latest_kb_rag,306.3053228855133,1.01,0,fallback,0.4666666666666667,0.5833333333333334,0.5185185185185186,0.4666666666666667,7,9.7,37.3,4.5,293.4,672.5,16283.9,82.4,2901.8,2075.4,"{'timestamp': '2026-09-06T12:00:07.365164+00:00', 'model_version': 'nuextract:latest', 'prompt_hash': 'a6af280e'}"
12,real_mixed_38,nuextract:latest_kb_rag,276.14840865135193,1.0,0,fallback,0.15,0.23076923076923078,0.18181818181818185,0.35,7,9.5,37.3,8.8,304.2,672.5,16269.0,82.4,2901.8,2075.4,"{'timestamp': '2026-09-06T11:59:37.196415+00:00', 'model_version': 'nuextract:latest', 'prompt_hash': 'a6af280e'}"
12,real_mixed_39,nuextract:latest_kb_rag,289.95051980018616,1.0,0,fallback,0.0,0.0,1.0,0.75,6,9.5,37.3,4.8,302.4,672.5,16286.5,82.4,2901.8,2075.4,"{'timestamp': '2026-09-06T11:59:50.989612+00:00', 'model_version': 'nuextract:latest', 'prompt_hash': 'a6af280e'}"
13,real_mixed_40,nuextract:latest_kb_rag,322.2466878890991,1.02,0,fallback,0.38461538461538464,0.4166666666666667,0.4,0.46153846153846156,6,10.9,100.0,4.8,271.4,672.5,17312.5,82.8,2901.8,2075.4,"{'timestamp': '2026-09-06T12:00:55.236590+00:00', 'model_version': 'nuextract:latest', 'prompt_hash': 'a6af280e'}"
13,real_mixed_41,nuextract:latest_kb_rag,295.57760190963745,0.99,0,fallback,0.75,0.5,0.6,0.0,0,9.9,85.7,5.3,288.3,672.5,16778.5,82.5,2901.8,2075.4,"{'timestamp': '2026-09-06T12:00:28.578623+00:00', 'model_version': 'nuextract:latest', 'prompt_hash': 'a6af280e'}"
13,real_mixed_42,nuextract:latest_kb_rag,339.60880994796753,0.79,0,direct_json,0.2692307692307692,0.2916666666666667,0.27999999999999997,0.19230769230769232,5,9.6,85.7,4.4,260.9,672.5,17541.3,82.8,2901.8,2075.4,"{'timestamp': '2026-09-06T12:01:12.612968+00:00', 'model_version': 'nuextract:latest', 'prompt_hash': 'a6af280e'}"
14,real_mixed_43,nuextract:latest_kb_rag,342.9290781021118,0.0,0,fallback,1.0,0.0,0.0,0.0,0,11.2,100.0,4.6,245.9,672.5,17746.1,82.8,2901.8,2075.4,"{'timestamp': '2026-09-06T12:01:49.167415+00:00', 'model_version': 'nuextract:latest', 'prompt_hash': 'a6af280e'}"
14,real_mixed_44,nuextract:latest_kb_rag,323.10566091537476,1.1,0,fallback,0.2222222222222222,0.2857142857142857,0.25,0.4444444444444444,8,14.2,92.2,4.8,246.7,672.5,17837.1,82.8,2901.8,2075.4,"{'timestamp': '2026-09-06T12:01:29.343673+00:00', 'model_version': 'nuextract:latest', 'prompt_hash': 'a6af280e'}"
14,real_mixed_45,nuextract:latest_kb_rag,338.8496198654175,0.98,0,fallback,0.21428571428571427,0.25,0.23076923076923075,0.35714285714285715,5,13.7,85.7,4.5,246.1,672.5,17765.9,82.8,2901.8,2075.4,"{'timestamp': '2026-09-06T12:01:45.115113+00:00', 'model_version': 'nuextract:latest', 'prompt_hash': 'a6af280e'}"
15,real_mixed_46,nuextract:latest_kb_rag,360.33754897117615,0.98,0,fallback,1.0,0.0,0.0,0.0,0,9.6,85.7,4.5,246.9,672.5,17729.5,82.7,2901.8,2075.4,"{'timestamp': '2026-09-06T12:02:23.889095+00:00', 'model_version': 'nuextract:latest', 'prompt_hash': 'a6af280e'}"
15,real_mixed_47,nuextract:latest_kb_rag,375.55759382247925,0.72,0,fallback,0.0625,0.038461538461538464,0.04761904761904762,0.8125,13,9.5,85.7,4.2,244.1,672.5,17699.8,82.7,2901.8,2075.4,"{'timestamp': '2026-09-06T12:02:39.133684+00:00', 'model_version': 'nuextract:latest', 'prompt_hash': 'a6af280e'}"
15,real_mixed_48,nuextract:latest_kb_rag,343.71832609176636,1.12,0,fallback,0.0,0.0,1.0,0.5454545454545454,6,10.3,100.0,4.7,248.0,672.5,17760.6,82.8,2901.8,2075.4,"{'timestamp': '2026-09-06T12:02:07.265654+00:00', 'model_version': 'nuextract:latest', 'prompt_hash': 'a6af280e'}"
16,real_mixed_49,nuextract:latest_kb_rag,383.4677288532257,0.52,0,fallback,0.0,0.0,1.0,0.5,8,15.6,100.0,4.2,239.7,587.2,17699.1,82.7,2901.8,2075.4,"{'timestamp': '2026-09-06T12:03:07.157021+00:00', 'model_version': 'nuextract:latest', 'prompt_hash': 'a6af280e'}"
16,real_mixed_50,nuextract:latest_kb_rag,398.0980131626129,0.74,0,fallback,0.13636363636363635,0.2727272727272727,0.1818181818181818,0.5,11,13.3,100.0,3.9,237.6,587.2,17636.8,82.7,2901.8,2075.4,"{'timestamp': '2026-09-06T12:03:21.782415+00:00', 'model_version': 'nuextract:latest', 'prompt_hash': 'a6af280e'}"
16,real_mixed_51,nuextract:latest_kb_rag,372.41796588897705,0.92,0,fallback,0.0,0.0,1.0,0.6923076923076923,9,14.7,100.0,4.3,239.2,587.2,17722.4,82.7,2901.8,2075.4,"{'timestamp': '2026-09-06T12:02:56.099982+00:00', 'model_version': 'nuextract:latest', 'prompt_hash': 'a6af280e'}"
17,real_mixed_52,nuextract:latest_kb_rag,436.3553671836853,0.66,0,fallback,0.1,0.14285714285714285,0.11764705882352941,0.5,10,11.3,100.0,3.7,231.2,587.2,17526.6,82.7,2901.8,2075.4,"{'timestamp': '2026-09-06T12:04:10.146888+00:00', 'model_version': 'nuextract:latest', 'prompt_hash': 'a6af280e'}"
17,real_mixed_53,nuextract:latest_kb_rag,420.6967918872833,0.79,0,fallback,1.0,0.3333333333333333,0.5,0.0,0,13.2,100.0,3.9,233.7,587.2,17549.9,82.7,2901.8,2075.4,"{'timestamp': '2026-09-06T12:03:54.465992+00:00', 'model_version': 'nuextract:latest', 'prompt_hash': 'a6af280e'}"
17,real_mixed_54,nuextract:latest_kb_rag,406.11431407928467,0.95,0,fallback,0.21428571428571427,0.75,0.3333333333333333,0.5,7,13.9,100.0,3.9,235.3,587.2,17595.3,82.7,2901.8,2075.4,"{'timestamp': '2026-09-06T12:03:39.874405+00:00', 'model_version': 'nuextract:latest', 'prompt_hash': 'a6af280e'}"
18,real_mixed_55,nuextract:latest_kb_rag,431.02191615104675,0.75,0,fallback,0.0,0.0,1.0,0.75,12,12.1,85.7,3.7,225.6,568.8,17551.2,82.7,2901.8,2075.4,"{'timestamp': '2026-09-06T12:04:56.864149+00:00', 'model_version': 'nuextract:latest', 'prompt_hash': 'a6af280e'}"
18,real_mixed_56,nuextract:latest_kb_rag,415.05803203582764,0.57,0,fallback,0.05263157894736842,0.07142857142857142,0.06060606060606061,0.42105263157894735,8,9.0,85.7,4.1,227.7,568.8,17589.8,82.7,2901.8,2075.4,"{'timestamp': '2026-09-06T12:04:40.894751+00:00', 'model_version': 'nuextract:latest', 'prompt_hash': 'a6af280e'}"
18,real_mixed_57,nuextract:latest_kb_rag,403.3946011066437,1.29,0,fallback,0.35714285714285715,0.5555555555555556,0.43478260869565216,0.39285714285714285,11,9.9,87.5,4.0,229.1,568.8,17616.4,82.7,2901.8,2075.4,"{'timestamp': '2026-09-06T12:04:29.249160+00:00', 'model_version': 'nuextract:latest', 'prompt_hash': 'a6af280e'}"
19,real_mixed_58,nuextract:latest_kb_rag,393.6724760532379,0.89,0,fallback,0.18181818181818182,0.18181818181818182,0.18181818181818182,0.5454545454545454,6,12.5,100.0,4.1,230.5,581.1,17703.5,82.6,2901.8,2075.4,"{'timestamp': '2026-09-06T12:05:13.528129+00:00', 'model_version': 'nuextract:latest', 'prompt_hash': 'a6af280e'}"
19,real_mixed_59,nuextract:latest_kb_rag,417.0187017917633,0.45,0,fallback,0.65,0.6842105263157895,0.6666666666666667,0.1,2,8.8,85.7,3.8,226.0,581.1,17658.0,82.6,2901.8,2075.4,"{'timestamp': '2026-09-06T12:05:36.874680+00:00', 'model_version': 'nuextract:latest', 'prompt_hash': 'a6af280e'}"
19,real_mixed_60,nuextract:latest_kb_rag,407.9411618709564,0.92,0,fallback,0.125,0.15384615384615385,0.13793103448275862,0.625,10,8.8,85.7,4.0,228.7,581.1,17676.6,82.6,2901.8,2075.4,"{'timestamp': '2026-09-06T12:05:27.804496+00:00', 'model_version': 'nuextract:latest', 'prompt_hash': 'a6af280e'}"
20,real_mixed_61,nuextract:latest_kb_rag,411.0284972190857,0.0,0,fallback,1.0,0.0,0.0,0.0,0,8.6,85.7,4.0,240.4,581.1,17669.2,82.5,2901.8,2075.4,"{'timestamp': '2026-09-06T12:06:14.584173+00:00', 'model_version': 'nuextract:latest', 'prompt_hash': 'a6af280e'}"
20,real_mixed_62,nuextract:latest_kb_rag,406.9681398868561,1.09,0,fallback,0.058823529411764705,0.09090909090909091,0.07142857142857142,0.7058823529411765,12,9.9,100.0,3.9,241.5,581.1,17680.0,82.5,2901.8,2075.4,"{'timestamp': '2026-09-06T12:06:10.503037+00:00', 'model_version': 'nuextract:latest', 'prompt_hash': 'a6af280e'}"
20,real_mixed_63,nuextract:latest_kb_rag,392.4098482131958,1.16,0,direct_json,0.09090909090909091,0.125,0.10526315789473685,0.45454545454545453,5,11.1,100.0,4.1,242.1,581.1,17732.1,82.5,2901.8,2075.4,"{'timestamp': '2026-09-06T12:05:55.937450+00:00', 'model_version': 'nuextract:latest', 'prompt_hash': 'a6af280e'}"
21,real_mixed_64,nuextract:latest_kb_rag,411.98310017585754,1.01,0,fallback,0.0,0.0,1.0,0.7142857142857143,5,8.4,85.7,3.6,253.6,581.1,17735.4,82.3,2901.8,2075.4,"{'timestamp': '2026-09-06T12:07:00.190252+00:00', 'model_version': 'nuextract:latest', 'prompt_hash': 'a6af280e'}"
21,real_mixed_65,nuextract:latest_kb_rag,394.85692596435547,0.67,0,fallback,0.09090909090909091,0.125,0.10526315789473685,0.5454545454545454,6,8.5,85.7,3.7,253.1,581.1,17752.2,82.4,2901.8,2075.4,"{'timestamp': '2026-09-06T12:06:43.080869+00:00', 'model_version': 'nuextract:latest', 'prompt_hash': 'a6af280e'}"
21,real_mixed_66,nuextract:latest_kb_rag,380.76045274734497,0.69,0,fallback,0.125,0.1,0.11111111111111112,0.5,8,8.3,85.7,4.0,249.6,581.1,17782.1,82.5,2901.8,2075.4,"{'timestamp': '2026-09-06T12:06:28.982542+00:00', 'model_version': 'nuextract:latest', 'prompt_hash': 'a6af280e'}"
22,real_mixed_67,nuextract:latest_kb_rag,392.91286396980286,0.61,0,fallback,0.11764705882352941,0.11764705882352941,0.11764705882352941,0.4117647058823529,7,8.7,47.9,3.8,268.9,581.1,16740.2,81.9,2901.8,2075.4,"{'timestamp': '2026-09-06T12:07:46.024081+00:00', 'model_version': 'nuextract:latest', 'prompt_hash': 'a6af280e'}"
22,real_mixed_68,nuextract:latest_kb_rag,380.36345887184143,1.21,0,direct_json,0.26666666666666666,0.3076923076923077,0.28571428571428575,0.2,3,9.1,47.9,3.9,273.8,581.1,16757.8,81.9,2901.8,2075.4,"{'timestamp': '2026-09-06T12:07:33.460722+00:00', 'model_version': 'nuextract:latest', 'prompt_hash': 'a6af280e'}"
22,real_mixed_69,nuextract:latest_kb_rag,363.1988716125488,0.9,0,direct_json,0.0,0.0,1.0,0.8333333333333334,10,8.5,50.0,4.0,277.2,581.1,16778.5,81.9,2901.8,2075.4,"{'timestamp': '2026-09-06T12:07:16.323983+00:00', 'model_version': 'nuextract:latest', 'prompt_hash': 'a6af280e'}"
23,real_mixed_70,nuextract:latest_kb_rag,370.62274193763733,0.75,0,fallback,0.3333333333333333,0.42857142857142855,0.375,0.3333333333333333,9,10.3,100.0,4.1,275.2,644.5,16577.1,81.9,2901.8,2075.4,"{'timestamp': '2026-09-06T12:08:00.266603+00:00', 'model_version': 'nuextract:latest', 'prompt_hash': 'a6af280e'}"
23,real_mixed_71,nuextract:latest_kb_rag,382.3671522140503,0.55,0,fallback,0.0625,0.08333333333333333,0.07142857142857144,0.75,12,7.7,47.9,4.0,275.2,644.5,16566.7,81.9,2901.8,2075.4,"{'timestamp': '2026-09-06T12:08:12.011340+00:00', 'model_version': 'nuextract:latest', 'prompt_hash': 'a6af280e'}"
23,real_mixed_72,nuextract:latest_kb_rag,396.3840823173523,0.96,0,fallback,0.0,0.0,1.0,0.7142857142857143,10,7.8,47.9,3.8,274.2,644.5,16555.8,82.0,2901.8,2075.4,"{'timestamp': '2026-09-06T12:08:26.025792+00:00', 'model_version': 'nuextract:latest', 'prompt_hash': 'a6af280e'}"
24,real_mixed_73,nuextract:latest_kb_rag,375.8354218006134,0.85,0,fallback,0.18181818181818182,0.26666666666666666,0.21621621621621623,0.6363636363636364,14,8.0,47.9,4.0,266.5,644.5,16489.6,82.0,2901.8,2075.4,"{'timestamp': '2026-09-06T12:08:55.391170+00:00', 'model_version': 'nuextract:latest', 'prompt_hash': 'a6af280e'}"
24,real_mixed_74,nuextract:latest_kb_rag,363.0408480167389,1.22,0,fallback,0.2,0.2,0.20000000000000004,0.7,7,8.0,47.9,4.1,270.2,644.5,16494.1,82.1,2901.8,2075.4,"{'timestamp': '2026-09-06T12:08:42.586704+00:00', 'model_version': 'nuextract:latest', 'prompt_hash': 'a6af280e'}"
24,real_mixed_75,nuextract:latest_kb_rag,391.2245738506317,1.09,0,fallback,0.08333333333333333,0.3333333333333333,0.13333333333333333,0.5833333333333334,7,7.9,47.9,3.8,262.0,644.5,16521.3,81.9,2901.8,2075.4,"{'timestamp': '2026-09-06T12:09:10.768101+00:00', 'model_version': 'nuextract:latest', 'prompt_hash': 'a6af280e'}"
25,real_mixed_76,nuextract:latest_kb_rag,370.30323576927185,1.53,0,direct_json,0.0,1.0,0.0,0.2,1,9.9,100.0,4.0,266.5,644.5,16576.6,81.7,2901.8,2075.4,"{'timestamp': '2026-09-06T12:09:32.477259+00:00', 'model_version': 'nuextract:latest', 'prompt_hash': 'a6af280e'}"
25,real_mixed_77,nuextract:latest_kb_rag,384.1574411392212,0.69,0,fallback,0.1111111111111111,0.05,0.06896551724137932,0.7777777777777778,7,12.4,81.0,3.9,261.8,651.8,16610.8,81.7,2901.8,2075.4,"{'timestamp': '2026-09-06T12:09:46.364127+00:00', 'model_version': 'nuextract:latest', 'prompt_hash': 'a6af280e'}"
25,real_mixed_78,nuextract:latest_kb_rag,391.3464608192444,0.27,0,fallback,0.0,0.0,1.0,1.0,14,11.2,100.0,3.8,258.8,644.5,16621.6,81.7,2901.8,2075.4,"{'timestamp': '2026-09-06T12:09:53.546163+00:00', 'model_version': 'nuextract:latest', 'prompt_hash': 'a6af280e'}"
26,real_mixed_79,nuextract:latest_kb_rag,378.7663469314575,0.01,0,fallback,1.0,0.0,0.0,0.0,0,10.3,100.0,3.9,272.9,644.5,17093.9,81.6,2901.8,2075.4,"{'timestamp': '2026-09-06T12:10:29.346467+00:00', 'model_version': 'nuextract:latest', 'prompt_hash': 'a6af280e'}"
26,real_mixed_80,nuextract:latest_kb_rag,374.79846715927124,0.52,0,fallback,0.35714285714285715,0.4166666666666667,0.3846153846153846,0.2857142857142857,8,8.6,59.5,4.0,273.1,644.5,17006.6,81.6,2901.8,2075.4,"{'timestamp': '2026-09-06T12:10:25.401609+00:00', 'model_version': 'nuextract:latest', 'prompt_hash': 'a6af280e'}"
26,real_mixed_81,nuextract:latest_kb_rag,359.25603580474854,0.98,0,fallback,0.0,0.0,1.0,0.5,12,9.2,100.0,4.1,275.5,644.5,16669.1,81.6,2901.8,2075.4,"{'timestamp': '2026-09-06T12:10:09.841341+00:00', 'model_version': 'nuextract:latest', 'prompt_hash': 'a6af280e'}"
27,real_mixed_82,nuextract:latest_kb_rag,389.344162940979,0.73,0,fallback,0.058823529411764705,0.1111111111111111,0.07692307692307691,0.5882352941176471,10,11.7,100.0,3.9,273.4,650.8,17713.7,81.3,2901.8,2075.4,"{'timestamp': '2026-09-06T12:11:26.589361+00:00', 'model_version': 'nuextract:latest', 'prompt_hash': 'a6af280e'}"
27,real_mixed_83,nuextract:latest_kb_rag,358.6625328063965,1.49,0,direct_json,0.42105263157894735,0.8,0.5517241379310345,0.47368421052631576,9,11.5,100.0,4.1,282.7,651.4,17675.2,81.5,2901.8,2075.4,"{'timestamp': '2026-09-06T12:10:55.901726+00:00', 'model_version': 'nuextract:latest', 'prompt_hash': 'a6af280e'}"
27,real_mixed_84,nuextract:latest_kb_rag,375.34934878349304,1.13,0,fallback,0.3333333333333333,0.5555555555555556,0.4166666666666667,0.4,6,10.3,100.0,4.0,277.9,644.5,17736.1,81.3,2901.8,2075.4,"{'timestamp': '2026-09-06T12:11:12.585187+00:00', 'model_version': 'nuextract:latest', 'prompt_hash': 'a6af280e'}"
28,real_mixed_85,nuextract:latest_kb_rag,367.1814820766449,1.14,0,fallback,0.16666666666666666,0.25,0.2,0.4166666666666667,5,12.9,100.0,4.2,280.8,644.5,17768.5,81.3,2901.8,2075.4,"{'timestamp': '2026-09-06T12:11:44.624203+00:00', 'model_version': 'nuextract:latest', 'prompt_hash': 'a6af280e'}"
28,real_mixed_86,nuextract:latest_kb_rag,381.2837998867035,0.79,0,fallback,0.42105263157894735,0.6153846153846154,0.5,0.3157894736842105,6,12.6,69.2,4.1,278.9,644.5,17728.5,81.3,2901.8,2075.4,"{'timestamp': '2026-09-06T12:11:58.736372+00:00', 'model_version': 'nuextract:latest', 'prompt_hash': 'a6af280e'}"
28,real_mixed_87,nuextract:latest_kb_rag,398.4365830421448,0.88,0,fallback,0.3,0.42857142857142855,0.3529411764705882,0.5,5,12.2,81.0,3.8,273.5,650.6,17678.1,81.3,2901.8,2075.4,"{'timestamp': '2026-09-06T12:12:15.874755+00:00', 'model_version': 'nuextract:latest', 'prompt_hash': 'a6af280e'}"
29,real_mixed_88,nuextract:latest_kb_rag,380.1347839832306,1.3,0,fallback,0.0,0.0,1.0,0.0,0,8.8,59.5,4.1,266.6,644.5,17774.9,81.3,2901.8,2075.4,"{'timestamp': '2026-09-06T12:12:35.161286+00:00', 'model_version': 'nuextract:latest', 'prompt_hash': 'a6af280e'}"
29,real_mixed_89,nuextract:latest_kb_rag,395.8139569759369,0.87,0,fallback,0.2222222222222222,0.15384615384615385,0.18181818181818185,0.4444444444444444,4,8.8,59.5,3.9,262.2,644.5,17724.9,81.3,2901.8,2075.4,"{'timestamp': '2026-09-06T12:12:50.849924+00:00', 'model_version': 'nuextract:latest', 'prompt_hash': 'a6af280e'}"
29,real_mixed_90,nuextract:latest_kb_rag,412.9664659500122,0.79,0,fallback,0.10526315789473684,0.4,0.16666666666666666,0.47368421052631576,18,8.8,59.5,3.6,257.1,644.5,17675.8,81.3,2901.8,2075.4,"{'timestamp': '2026-09-06T12:13:08.009783+00:00', 'model_version': 'nuextract:latest', 'prompt_hash': 'a6af280e'}"
30,real_mixed_91,nuextract:latest_kb_rag,410.89916801452637,0.83,0,fallback,0.4117647058823529,0.5833333333333334,0.4827586206896552,0.29411764705882354,5,11.4,71.7,3.7,242.2,650.6,17612.5,81.6,2901.8,2075.4,"{'timestamp': '2026-09-06T12:13:51.530909+00:00', 'model_version': 'nuextract:latest', 'prompt_hash': 'a6af280e'}"
30,real_mixed_92,nuextract:latest_kb_rag,381.64582419395447,0.74,0,fallback,0.21052631578947367,0.26666666666666666,0.23529411764705882,0.47368421052631576,9,14.7,100.0,3.9,247.8,650.6,17699.0,81.5,2901.8,2075.4,"{'timestamp': '2026-09-06T12:13:22.275067+00:00', 'model_version': 'nuextract:latest', 'prompt_hash': 'a6af280e'}"
30,real_mixed_93,nuextract:latest_kb_rag,397.75364089012146,0.85,0,direct_json,0.0,0.0,1.0,0.5789473684210527,11,13.9,76.7,3.7,245.6,650.6,17644.4,81.5,2901.8,2075.4,"{'timestamp': '2026-09-06T12:13:38.386700+00:00', 'model_version': 'nuextract:latest', 'prompt_hash': 'a6af280e'}"
31,real_mixed_94,nuextract:latest_kb_rag,397.11574387550354,0.77,0,fallback,0.09090909090909091,0.1,0.09523809523809525,0.45454545454545453,10,11.4,100.0,3.8,241.7,652.5,17646.3,81.6,2901.8,2075.4,"{'timestamp': '2026-09-06T12:14:23.682475+00:00', 'model_version': 'nuextract:latest', 'prompt_hash': 'a6af280e'}"
31,real_mixed_95,nuextract:latest_kb_rag,413.78905296325684,0.81,0,direct_json,0.0,0.0,1.0,0.4117647058823529,7,9.3,59.5,3.5,236.2,652.8,17591.2,81.6,2901.8,2075.4,"{'timestamp': '2026-09-06T12:14:40.336737+00:00', 'model_version': 'nuextract:latest', 'prompt_hash': 'a6af280e'}"
31,real_mixed_96,nuextract:latest_kb_rag,382.08111095428467,1.22,0,fallback,0.0,0.0,1.0,0.5294117647058824,9,10.8,100.0,4.0,246.8,652.6,17699.3,81.5,2901.8,2075.4,"{'timestamp': '2026-09-06T12:14:08.643320+00:00', 'model_version': 'nuextract:latest', 'prompt_hash': 'a6af280e'}"
32,real_mixed_97,nuextract:latest_kb_rag,391.19765305519104,1.01,0,fallback,0.4,0.4444444444444444,0.4210526315789474,0.4,4,8.9,59.5,3.4,221.6,558.3,17672.2,81.5,2901.8,2075.4,"{'timestamp': '2026-09-06T12:14:57.653357+00:00', 'model_version': 'nuextract:latest', 'prompt_hash': 'a6af280e'}"
32,real_mixed_98,nuextract:latest_kb_rag,402.31387996673584,0.53,0,fallback,0.05263157894736842,0.06896551724137931,0.05970149253731343,0.5263157894736842,20,8.9,59.5,3.3,218.1,558.2,17642.3,81.5,2901.8,2075.4,"{'timestamp': '2026-09-06T12:15:08.787305+00:00', 'model_version': 'nuextract:latest', 'prompt_hash': 'a6af280e'}"
32,real_mixed_99,nuextract:latest_kb_rag,420.49127197265625,0.97,0,fallback,0.0,0.0,1.0,0.5,2,8.8,59.5,3.2,212.6,558.3,17586.4,81.6,2901.8,2075.4,"{'timestamp': '2026-09-06T12:15:26.940270+00:00', 'model_version': 'nuextract:latest', 'prompt_hash': 'a6af280e'}"
33,real_mixed_100,nuextract:latest_kb_rag,392.7719728946686,0.86,0,fallback,0.047619047619047616,0.14285714285714285,0.07142857142857142,0.38095238095238093,8,8.6,59.5,3.2,209.2,558.2,17642.7,81.6,2901.8,2075.4,"{'timestamp': '2026-09-06T12:15:43.986945+00:00', 'model_version': 'nuextract:latest', 'prompt_hash': 'a6af280e'}"
33,real_mixed_101,nuextract:latest_kb_rag,410.9463038444519,1.46,0,fallback,0.3333333333333333,0.5714285714285714,0.4210526315789474,0.16666666666666666,2,8.5,59.5,3.1,204.1,558.2,17568.0,81.7,2901.8,2075.4,"{'timestamp': '2026-09-06T12:16:02.160251+00:00', 'model_version': 'nuextract:latest', 'prompt_hash': 'a6af280e'}"
33,real_mixed_102,nuextract:latest_kb_rag,424.89095187187195,84.27,0,fallback,0.0,1.0,0.0,0.0,0,8.4,59.5,2.9,200.6,558.2,17529.8,81.7,2901.8,2075.4,"{'timestamp': '2026-09-06T12:16:16.095032+00:00', 'model_version': 'nuextract:latest', 'prompt_hash': 'a6af280e'}"
34,real_mixed_103,nuextract:latest_kb_rag,401.2520990371704,1.52,0,direct_json,1.0,1.0,1.0,0.0,0,8.2,59.5,2.8,193.0,558.2,17507.7,81.8,2901.8,2075.4,"{'timestamp': '2026-09-06T12:16:35.196587+00:00', 'model_version': 'nuextract:latest', 'prompt_hash': 'a6af280e'}"
34,real_mixed_104,nuextract:latest_kb_rag,432.3855609893799,0.74,0,fallback,0.2777777777777778,0.5,0.35714285714285715,0.16666666666666666,3,8.7,100.0,2.5,185.9,558.2,17459.5,81.8,2901.8,2075.4,"{'timestamp': '2026-09-06T12:17:06.346671+00:00', 'model_version': 'nuextract:latest', 'prompt_hash': 'a6af280e'}"
34,real_mixed_105,nuextract:latest_kb_rag,416.01556515693665,0.74,0,fallback,0.38461538461538464,0.5,0.4347826086956522,0.5384615384615384,7,8.1,59.5,2.7,189.5,558.2,17477.8,81.8,2901.8,2075.4,"{'timestamp': '2026-09-06T12:16:49.972874+00:00', 'model_version': 'nuextract:latest', 'prompt_hash': 'a6af280e'}"
35,real_mixed_106,nuextract:latest_kb_rag,413.92739510536194,1.01,0,fallback,0.1,0.5,0.16666666666666669,0.6,6,7.7,37.5,13.8,168.2,558.3,17096.2,81.8,2901.8,2075.4,"{'timestamp': '2026-09-06T12:17:23.744667+00:00', 'model_version': 'nuextract:latest', 'prompt_hash': 'a6af280e'}"
35,real_mixed_107,nuextract:latest_kb_rag,424.5397481918335,0.59,0,direct_json,0.5263157894736842,0.7692307692307693,0.625,0.3684210526315789,7,7.7,37.5,2.2,166.3,558.3,17079.9,81.8,2901.8,2075.4,"{'timestamp': '2026-09-06T12:17:34.364265+00:00', 'model_version': 'nuextract:latest', 'prompt_hash': 'a6af280e'}"
35,real_mixed_108,nuextract:latest_kb_rag,437.65223598480225,0.62,0,fallback,1.0,0.3333333333333333,0.5,0.0,0,7.7,37.5,2.1,163.6,558.3,17072.8,81.8,2901.8,2075.4,"{'timestamp': '2026-09-06T12:17:47.480653+00:00', 'model_version': 'nuextract:latest', 'prompt_hash': 'a6af280e'}"
36,real_mixed_109,nuextract:latest_kb_rag,426.8342981338501,0.55,0,fallback,0.3548387096774194,0.4583333333333333,0.39999999999999997,0.3225806451612903,10,10.0,100.0,1.9,146.5,552.6,16486.2,82.0,2901.8,2075.4,"{'timestamp': '2026-09-06T12:18:33.859592+00:00', 'model_version': 'nuextract:latest', 'prompt_hash': 'a6af280e'}"
36,real_mixed_110,nuextract:latest_kb_rag,413.73258900642395,0.65,0,fallback,0.0,0.0,1.0,0.5,12,9.0,100.0,1.9,148.3,552.6,16488.6,82.1,2901.8,2075.4,"{'timestamp': '2026-09-06T12:18:20.752004+00:00', 'model_version': 'nuextract:latest', 'prompt_hash': 'a6af280e'}"
36,real_mixed_111,nuextract:latest_kb_rag,400.5351459980011,1.07,0,fallback,0.5365853658536586,0.7333333333333333,0.6197183098591549,0.21951219512195122,9,10.4,100.0,2.0,150.0,552.6,16487.2,82.1,2901.8,2075.4,"{'timestamp': '2026-09-06T12:18:07.561881+00:00', 'model_version': 'nuextract:latest', 'prompt_hash': 'a6af280e'}"
37,real_mixed_112,nuextract:latest_kb_rag,395.66505908966064,1.52,0,fallback,0.3333333333333333,0.6,0.42857142857142855,0.0,0,13.5,56.2,1.8,132.9,544.8,16458.3,82.1,2901.8,2075.4,"{'timestamp': '2026-09-06T12:18:51.958663+00:00', 'model_version': 'nuextract:latest', 'prompt_hash': 'a6af280e'}"
37,real_mixed_113,nuextract:latest_kb_rag,410.9223930835724,0.75,0,fallback,0.2222222222222222,0.2222222222222222,0.2222222222222222,0.6666666666666666,6,11.6,100.0,1.7,131.3,544.8,16459.2,82.1,2901.8,2075.4,"{'timestamp': '2026-09-06T12:19:07.220402+00:00', 'model_version': 'nuextract:latest', 'prompt_hash': 'a6af280e'}"
37,real_mixed_114,nuextract:latest_kb_rag,425.1364698410034,0.7,0,fallback,0.05263157894736842,0.25,0.08695652173913043,0.6842105263157895,26,12.3,100.0,1.6,130.0,544.8,16461.2,82.1,2901.8,2075.4,"{'timestamp': '2026-09-06T12:19:21.440499+00:00', 'model_version': 'nuextract:latest', 'prompt_hash': 'a6af280e'}"
38,real_mixed_115,nuextract:latest_kb_rag,391.6846070289612,1.86,0,fallback,0.5,0.5,0.5,0.5,2,7.6,35.8,1.5,116.7,544.8,16429.6,82.1,2901.8,2075.4,"{'timestamp': '2026-09-06T12:19:40.095452+00:00', 'model_version': 'nuextract:latest', 'prompt_hash': 'a6af280e'}"
38,real_mixed_116,nuextract:latest_kb_rag,419.50787591934204,0.71,0,fallback,0.0,0.0,1.0,0.75,12,7.8,50.0,1.2,115.0,544.8,16410.1,82.1,2901.8,2075.4,"{'timestamp': '2026-09-06T12:20:07.929353+00:00', 'model_version': 'nuextract:latest', 'prompt_hash': 'a6af280e'}"
38,real_mixed_117,nuextract:latest_kb_rag,405.27385115623474,0.59,0,fallback,0.0,0.0,1.0,0.42857142857142855,18,7.9,50.0,1.4,115.9,544.8,16419.1,82.1,2901.8,2075.4,"{'timestamp': '2026-09-06T12:19:53.705687+00:00', 'model_version': 'nuextract:latest', 'prompt_hash': 'a6af280e'}"
39,real_mixed_118,nuextract:latest_kb_rag,465.2841091156006,0.72,0,fallback,0.3125,1.0,0.47619047619047616,0.375,6,10.7,100.0,0.8,95.4,544.8,17649.2,82.7,2901.8,2075.4,"{'timestamp': '2026-09-06T12:21:37.249702+00:00', 'model_version': 'nuextract:latest', 'prompt_hash': 'a6af280e'}"
39,real_mixed_119,nuextract:latest_kb_rag,405.26704382896423,1.0,0,fallback,0.0,0.0,1.0,0.7142857142857143,10,10.3,76.1,1.1,99.6,544.8,16854.5,82.3,2901.8,2075.4,"{'timestamp': '2026-09-06T12:20:37.229657+00:00', 'model_version': 'nuextract:latest', 'prompt_hash': 'a6af280e'}"
39,real_mixed_120,nuextract:latest_kb_rag,439.430162191391,1.08,0,direct_json,0.07692307692307693,0.2,0.1111111111111111,0.46153846153846156,6,11.6,100.0,1.0,96.8,544.8,17319.1,82.6,2901.8,2075.4,"{'timestamp': '2026-09-06T12:21:11.396767+00:00', 'model_version': 'nuextract:latest', 'prompt_hash': 'a6af280e'}"
1,real_mixed_4,llama3.1:8b_baseline,61.79204773902893,27.25,0,direct_json,0.5384615384615384,0.5,0.5185185185185186,0.07692307692307693,1,12.5,90.3,6.9,114.0,115.8,28761.1,79.9,6859.6,4692.8,"{'timestamp': '2026-09-06T12:22:41.177009+00:00', 'model_version': 'llama3.1:8b', 'prompt_hash': 'a6af280e'}"
1,real_mixed_5,llama3.1:8b_baseline,16.233153104782104,27.32,0,direct_json,0.35714285714285715,0.5,0.41666666666666663,0.0,0,14.6,100.0,9.3,115.3,115.7,27167.7,77.8,6859.6,4692.8,"{'timestamp': '2026-09-06T12:21:55.605708+00:00', 'model_version': 'llama3.1:8b', 'prompt_hash': 'a6af280e'}"
1,real_mixed_6,llama3.1:8b_baseline,54.70747494697571,27.51,0,direct_json,0.7333333333333333,0.6111111111111112,0.6666666666666666,0.0,0,11.7,100.0,7.8,114.7,115.8,28663.3,79.8,6859.6,4692.8,"{'timestamp': '2026-09-06T12:22:34.096914+00:00', 'model_version': 'llama3.1:8b', 'prompt_hash': 'a6af280e'}"
0,real_mixed_1,llama3.1:8b_baseline,42.59125304222107,27.48,0,direct_json,0.6,0.6923076923076923,0.6428571428571429,0.06666666666666667,1,12.4,90.3,7.8,115.6,115.8,28444.9,79.5,6859.6,4692.8,"{'timestamp': '2026-09-06T12:22:21.965286+00:00', 'model_version': 'llama3.1:8b', 'prompt_hash': 'a6af280e'}"
0,real_mixed_2,llama3.1:8b_baseline,9.163613080978394,27.55,0,direct_json,0.5,0.4166666666666667,0.45454545454545453,0.0,0,20.4,100.0,25.3,115.0,115.7,25954.9,75.7,6859.6,4692.8,"{'timestamp': '2026-09-06T12:21:48.535228+00:00', 'model_version': 'llama3.1:8b', 'prompt_hash': 'a6af280e'}"
0,real_mixed_3,llama3.1:8b_baseline,70.37692904472351,39.54,0,direct_json,0.5454545454545454,0.5,0.5217391304347826,0.0,0,10.9,100.0,6.6,113.7,115.8,28756.0,80.1,6859.6,4692.8,"{'timestamp': '2026-09-06T12:22:49.749421+00:00', 'model_version': 'llama3.1:8b', 'prompt_hash': 'a6af280e'}"
7,real_mixed_22,llama3.1:8b_baseline,71.96400690078735,45.84,0,direct_json,0.0,1.0,0.0,0.0,0,7.3,90.3,4.2,115.9,215.5,28733.5,80.1,6859.6,4692.8,"{'timestamp': '2026-09-06T12:22:51.350272+00:00', 'model_version': 'llama3.1:8b', 'prompt_hash': 'a6af280e'}"
7,real_mixed_23,llama3.1:8b_baseline,22.294970989227295,27.0,0,direct_json,0.5789473684210527,0.7333333333333333,0.6470588235294117,0.0,0,9.3,90.3,9.3,115.7,115.7,27701.6,78.7,6859.6,4692.8,"{'timestamp': '2026-09-06T12:22:01.694123+00:00', 'model_version': 'llama3.1:8b', 'prompt_hash': 'a6af280e'}"
7,real_mixed_24,llama3.1:8b_baseline,88.13604521751404,32.14,0,direct_json,0.42857142857142855,0.42857142857142855,0.42857142857142855,0.14285714285714285,1,8.9,100.0,1.9,133.7,215.7,28573.3,80.1,6859.6,4692.8,"{'timestamp': '2026-09-06T12:23:07.539003+00:00', 'model_version': 'llama3.1:8b', 'prompt_hash': 'a6af280e'}"
2,real_mixed_7,llama3.1:8b_baseline,102.34369802474976,44.03,0,direct_json,0.5384615384615384,0.5,0.5185185185185186,0.0,0,7.7,90.3,2.7,144.6,215.7,28194.0,79.6,6859.6,4692.8,"{'timestamp': '2026-09-06T12:23:21.737131+00:00', 'model_version': 'llama3.1:8b', 'prompt_hash': 'a6af280e'}"
2,real_mixed_8,llama3.1:8b_baseline,115.98140597343445,44.31,0,direct_json,0.4,0.2222222222222222,0.2857142857142857,0.0,0,9.3,100.0,2.2,152.6,215.7,27651.8,79.1,6859.6,4692.8,"{'timestamp': '2026-09-06T12:23:35.362171+00:00', 'model_version': 'llama3.1:8b', 'prompt_hash': 'a6af280e'}"
2,real_mixed_9,llama3.1:8b_baseline,84.67370104789734,26.73,0,direct_json,0.3333333333333333,0.3,0.3157894736842105,0.2222222222222222,2,7.5,90.3,2.0,130.4,215.7,28576.1,80.0,6859.6,4692.8,"{'timestamp': '2026-09-06T12:23:04.070241+00:00', 'model_version': 'llama3.1:8b', 'prompt_hash': 'a6af280e'}"
8,real_mixed_25,llama3.1:8b_baseline,120.01091194152832,44.13,0,direct_json,0.4166666666666667,0.4166666666666667,0.4166666666666667,0.0,0,9.4,100.0,2.7,154.7,215.7,27402.6,79.2,6859.6,4692.8,"{'timestamp': '2026-09-06T12:23:39.409705+00:00', 'model_version': 'llama3.1:8b', 'prompt_hash': 'a6af280e'}"
8,real_mixed_26,llama3.1:8b_baseline,95.74982786178589,43.9,0,direct_json,0.65625,0.5833333333333334,0.6176470588235293,0.09375,3,7.7,90.3,2.0,139.9,215.7,28444.0,80.0,6859.6,4692.8,"{'timestamp': '2026-09-06T12:23:15.160828+00:00', 'model_version': 'llama3.1:8b', 'prompt_hash': 'a6af280e'}"
8,real_mixed_27,llama3.1:8b_baseline,112.9869613647461,43.02,0,direct_json,0.75,0.5555555555555556,0.6382978723404256,0.0,0,8.4,100.0,2.6,151.1,215.7,27811.6,79.1,6859.6,4692.8,"{'timestamp': '2026-09-06T12:23:32.388141+00:00', 'model_version': 'llama3.1:8b', 'prompt_hash': 'a6af280e'}"
6,real_mixed_19,llama3.1:8b_baseline,124.01581406593323,44.62,0,direct_json,0.6842105263157895,0.65,0.6666666666666667,0.0,0,11.0,90.3,3.9,156.3,215.7,27163.8,79.3,6859.6,4692.8,"{'timestamp': '2026-09-06T12:23:43.428419+00:00', 'model_version': 'llama3.1:8b', 'prompt_hash': 'a6af280e'}"
6,real_mixed_20,llama3.1:8b_baseline,28.909605741500854,27.1,0,direct_json,0.5555555555555556,0.3125,0.39999999999999997,0.0,0,8.4,90.3,6.7,115.7,115.8,28061.3,79.1,6859.6,4692.8,"{'timestamp': '2026-09-06T12:22:08.324313+00:00', 'model_version': 'llama3.1:8b', 'prompt_hash': 'a6af280e'}"
6,real_mixed_21,llama3.1:8b_baseline,75.5081090927124,44.64,0,direct_json,0.625,0.35714285714285715,0.45454545454545453,0.125,1,7.4,90.3,4.0,120.6,215.6,28617.6,79.9,6859.6,4692.8,"{'timestamp': '2026-09-06T12:22:54.908382+00:00', 'model_version': 'llama3.1:8b', 'prompt_hash': 'a6af280e'}"
3,real_mixed_10,llama3.1:8b_baseline,80.05020904541016,33.87,0,direct_json,0.3333333333333333,0.6666666666666666,0.4444444444444444,0.0,0,12.5,100.0,4.9,125.2,215.7,28556.2,79.9,6859.6,4692.8,"{'timestamp': '2026-09-06T12:22:59.421471+00:00', 'model_version': 'llama3.1:8b', 'prompt_hash': 'a6af280e'}"
3,real_mixed_11,llama3.1:8b_baseline,131.78309893608093,42.89,0,direct_json,0.6153846153846154,0.8888888888888888,0.7272727272727274,0.0,0,10.0,100.0,2.8,154.2,215.8,26744.9,79.6,6859.6,4692.8,"{'timestamp': '2026-09-06T12:23:51.157571+00:00', 'model_version': 'llama3.1:8b', 'prompt_hash': 'a6af280e'}"
3,real_mixed_12,llama3.1:8b_baseline,65.88116574287415,26.85,0,direct_json,0.3333333333333333,0.42857142857142855,0.375,0.0,0,9.3,100.0,5.6,113.8,115.8,28772.8,80.0,6859.6,4692.8,"{'timestamp': '2026-09-06T12:22:45.252987+00:00', 'model_version': 'llama3.1:8b', 'prompt_hash': 'a6af280e'}"
5,real_mixed_16,llama3.1:8b_baseline,105.30610299110413,44.03,0,direct_json,0.7777777777777778,0.7777777777777778,0.7777777777777778,0.0,0,13.4,100.0,2.7,146.1,215.7,28080.5,79.4,6859.6,4692.8,"{'timestamp': '2026-09-06T12:23:24.678389+00:00', 'model_version': 'llama3.1:8b', 'prompt_hash': 'a6af280e'}"
5,real_mixed_17,llama3.1:8b_baseline,97.78815007209778,45.67,0,direct_json,0.2857142857142857,1.0,0.4444444444444445,0.0,0,7.4,90.3,4.4,141.4,215.7,28366.9,79.9,6859.6,4692.8,"{'timestamp': '2026-09-06T12:23:17.161663+00:00', 'model_version': 'llama3.1:8b', 'prompt_hash': 'a6af280e'}"
5,real_mixed_18,llama3.1:8b_baseline,135.22969889640808,44.11,0,direct_json,0.7272727272727273,0.6666666666666666,0.6956521739130435,0.0,0,9.5,90.3,2.3,153.0,215.7,26565.3,79.7,6859.6,4692.8,"{'timestamp': '2026-09-06T12:23:54.626954+00:00', 'model_version': 'llama3.1:8b', 'prompt_hash': 'a6af280e'}"
4,real_mixed_13,llama3.1:8b_baseline,143.34169816970825,43.74,0,direct_json,0.45454545454545453,0.5882352941176471,0.5128205128205129,0.045454545454545456,1,12.8,90.3,2.7,150.1,215.7,26182.5,79.9,6859.6,4692.8,"{'timestamp': '2026-09-06T12:24:02.728122+00:00', 'model_version': 'llama3.1:8b', 'prompt_hash': 'a6af280e'}"
4,real_mixed_14,llama3.1:8b_baseline,37.01533222198486,27.0,0,direct_json,0.625,0.8333333333333334,0.7142857142857143,0.0,0,9.1,100.0,2.5,115.7,115.8,28324.7,79.4,6859.6,4692.8,"{'timestamp': '2026-09-06T12:22:16.410395+00:00', 'model_version': 'llama3.1:8b', 'prompt_hash': 'a6af280e'}"
4,real_mixed_15,llama3.1:8b_baseline,48.656343936920166,31.57,0,direct_json,0.3157894736842105,0.6666666666666666,0.42857142857142855,0.0,0,8.5,100.0,2.4,115.4,115.8,28557.7,79.7,6859.6,4692.8,"{'timestamp': '2026-09-06T12:22:28.046029+00:00', 'model_version': 'llama3.1:8b', 'prompt_hash': 'a6af280e'}"
9,real_mixed_28,llama3.1:8b_baseline,85.58991694450378,44.58,0,direct_json,0.8,0.5333333333333333,0.64,0.0,0,9.3,33.3,2.6,174.8,215.8,24014.3,80.1,6859.6,4692.8,"{'timestamp': '2026-09-06T12:24:06.869028+00:00', 'model_version': 'llama3.1:8b', 'prompt_hash': 'a6af280e'}"
9,real_mixed_29,llama3.1:8b_baseline,94.25458884239197,44.47,0,direct_json,0.36,0.75,0.48648648648648657,0.04,1,7.9,28.4,2.4,168.8,215.8,23624.2,80.4,6859.6,4692.8,"{'timestamp': '2026-09-06T12:24:15.528992+00:00', 'model_version': 'llama3.1:8b', 'prompt_hash': 'a6af280e'}"
9,real_mixed_30,llama3.1:8b_baseline,88.65039610862732,45.07,0,direct_json,0.5,0.6666666666666666,0.5714285714285715,0.0,0,8.0,28.4,2.5,172.5,215.8,23866.6,80.2,6859.6,4692.8,"{'timestamp': '2026-09-06T12:24:09.918855+00:00', 'model_version': 'llama3.1:8b', 'prompt_hash': 'a6af280e'}"
10,real_mixed_31,llama3.1:8b_baseline,88.14144515991211,45.68,0,direct_json,0.3333333333333333,1.0,0.5,0.0,0,7.7,26.6,2.8,172.6,215.8,23010.7,80.3,6859.6,4692.8,"{'timestamp': '2026-09-06T12:24:18.023499+00:00', 'model_version': 'llama3.1:8b', 'prompt_hash': 'a6af280e'}"
10,real_mixed_32,llama3.1:8b_baseline,91.19375801086426,44.77,0,direct_json,0.16666666666666666,0.2857142857142857,0.2105263157894737,0.0,0,7.7,26.6,2.2,170.5,215.8,22896.9,80.4,6859.6,4692.8,"{'timestamp': '2026-09-06T12:24:21.085907+00:00', 'model_version': 'llama3.1:8b', 'prompt_hash': 'a6af280e'}"
10,real_mixed_33,llama3.1:8b_baseline,94.74434876441956,44.33,0,direct_json,0.4444444444444444,0.47058823529411764,0.45714285714285713,0.1111111111111111,2,7.9,26.6,2.4,168.1,215.8,22774.6,80.6,6859.6,4692.8,"{'timestamp': '2026-09-06T12:24:24.642126+00:00', 'model_version': 'llama3.1:8b', 'prompt_hash': 'a6af280e'}"
11,real_mixed_34,llama3.1:8b_baseline,89.20587086677551,43.8,0,direct_json,0.3,0.3,0.3,0.0,0,7.7,29.9,2.6,150.1,215.8,21314.7,81.1,6859.6,4692.8,"{'timestamp': '2026-09-06T12:24:36.843152+00:00', 'model_version': 'llama3.1:8b', 'prompt_hash': 'a6af280e'}"
11,real_mixed_35,llama3.1:8b_baseline,85.13213205337524,44.34,0,direct_json,0.3,0.42857142857142855,0.3529411764705882,0.0,0,7.8,29.9,2.6,153.1,215.8,21405.0,81.0,6859.6,4692.8,"{'timestamp': '2026-09-06T12:24:32.767073+00:00', 'model_version': 'llama3.1:8b', 'prompt_hash': 'a6af280e'}"
11,real_mixed_36,llama3.1:8b_baseline,81.53959393501282,44.73,0,direct_json,0.6,0.5714285714285714,0.5853658536585366,0.0,0,8.6,40.0,2.8,155.2,215.8,21488.3,80.9,6859.6,4692.8,"{'timestamp': '2026-09-06T12:24:29.187015+00:00', 'model_version': 'llama3.1:8b', 'prompt_hash': 'a6af280e'}"
12,real_mixed_37,llama3.1:8b_baseline,65.84991192817688,44.15,0,direct_json,0.6428571428571429,0.75,0.6923076923076924,0.0,0,10.1,50.0,3.1,120.4,215.8,19732.8,83.5,6859.6,4692.8,"{'timestamp': '2026-09-06T12:24:41.311451+00:00', 'model_version': 'llama3.1:8b', 'prompt_hash': 'a6af280e'}"
12,real_mixed_38,llama3.1:8b_baseline,70.3821029663086,44.16,0,direct_json,0.6428571428571429,0.6923076923076923,0.6666666666666666,0.0,0,10.2,54.5,3.0,119.5,215.8,19705.7,83.5,6859.6,4692.8,"{'timestamp': '2026-09-06T12:24:45.834711+00:00', 'model_version': 'llama3.1:8b', 'prompt_hash': 'a6af280e'}"
12,real_mixed_39,llama3.1:8b_baseline,73.47441697120667,44.79,0,direct_json,0.6,0.42857142857142855,0.5,0.0,0,7.8,29.9,3.0,118.9,215.8,19684.2,83.6,6859.6,4692.8,"{'timestamp': '2026-09-06T12:24:48.920195+00:00', 'model_version': 'llama3.1:8b', 'prompt_hash': 'a6af280e'}"
13,real_mixed_40,llama3.1:8b_baseline,83.13014721870422,44.26,0,direct_json,0.6363636363636364,0.5833333333333334,0.6086956521739131,0.0,0,9.4,55.6,3.3,111.4,215.8,19563.5,83.8,6859.6,4692.8,"{'timestamp': '2026-09-06T12:25:02.628958+00:00', 'model_version': 'llama3.1:8b', 'prompt_hash': 'a6af280e'}"
13,real_mixed_41,llama3.1:8b_baseline,73.48028802871704,43.67,0,direct_json,0.7692307692307693,0.5555555555555556,0.6451612903225806,0.0,0,10.3,54.8,2.9,112.8,215.8,19621.8,83.7,6859.6,4692.8,"{'timestamp': '2026-09-06T12:24:52.985468+00:00', 'model_version': 'llama3.1:8b', 'prompt_hash': 'a6af280e'}"
13,real_mixed_42,llama3.1:8b_baseline,78.99374198913574,44.15,0,direct_json,0.75,0.625,0.6818181818181818,0.0,0,11.5,54.5,3.2,112.0,215.8,19584.9,83.8,6859.6,4692.8,"{'timestamp': '2026-09-06T12:24:58.504709+00:00', 'model_version': 'llama3.1:8b', 'prompt_hash': 'a6af280e'}"
14,real_mixed_43,llama3.1:8b_baseline,97.23115801811218,42.03,0,direct_json,0.7142857142857143,0.7142857142857143,0.7142857142857143,0.0,0,15.6,100.0,2.5,105.3,215.7,19461.9,84.0,6859.6,4692.8,"{'timestamp': '2026-09-06T12:25:20.755046+00:00', 'model_version': 'llama3.1:8b', 'prompt_hash': 'a6af280e'}"
14,real_mixed_44,llama3.1:8b_baseline,84.07409191131592,43.87,0,direct_json,0.5,0.6428571428571429,0.5625000000000001,0.0,0,13.7,40.0,2.7,105.8,215.7,19517.8,83.9,6859.6,4692.8,"{'timestamp': '2026-09-06T12:25:07.601253+00:00', 'model_version': 'llama3.1:8b', 'prompt_hash': 'a6af280e'}"
14,real_mixed_45,llama3.1:8b_baseline,88.30710792541504,44.24,0,direct_json,0.5833333333333334,0.7368421052631579,0.6511627906976745,0.0,0,8.8,38.4,2.7,105.7,215.6,19500.0,84.0,6859.6,4692.8,"{'timestamp': '2026-09-06T12:25:11.825257+00:00', 'model_version': 'llama3.1:8b', 'prompt_hash': 'a6af280e'}"
15,real_mixed_46,llama3.1:8b_baseline,91.16330432891846,45.36,0,direct_json,0.5,0.14285714285714285,0.22222222222222224,0.0,0,10.0,38.4,2.6,104.6,110.3,19413.5,84.1,6859.6,4692.8,"{'timestamp': '2026-09-06T12:25:22.419612+00:00', 'model_version': 'llama3.1:8b', 'prompt_hash': 'a6af280e'}"
15,real_mixed_47,llama3.1:8b_baseline,97.29244184494019,44.43,0,direct_json,0.6551724137931034,0.7307692307692307,0.6909090909090909,0.13793103448275862,4,8.9,38.4,2.6,104.5,110.3,19388.2,84.2,6859.6,4692.8,"{'timestamp': '2026-09-06T12:25:28.559200+00:00', 'model_version': 'llama3.1:8b', 'prompt_hash': 'a6af280e'}"
15,real_mixed_48,llama3.1:8b_baseline,100.82500410079956,44.81,0,direct_json,0.3333333333333333,0.5,0.4,0.0,0,8.6,38.4,2.6,104.5,110.3,19376.3,84.2,6859.6,4692.8,"{'timestamp': '2026-09-06T12:25:32.075926+00:00', 'model_version': 'llama3.1:8b', 'prompt_hash': 'a6af280e'}"
16,real_mixed_49,llama3.1:8b_baseline,109.01581597328186,44.03,0,direct_json,0.5,0.5,0.5,0.07142857142857142,1,8.4,38.4,2.8,104.2,110.4,19321.0,84.3,6859.6,4692.8,"{'timestamp': '2026-09-06T12:25:43.749540+00:00', 'model_version': 'llama3.1:8b', 'prompt_hash': 'a6af280e'}"
16,real_mixed_50,llama3.1:8b_baseline,103.92114186286926,44.79,0,direct_json,0.4,0.36363636363636365,0.380952380952381,0.0,0,9.7,38.9,3.0,104.2,110.4,19336.0,84.2,6859.6,4692.8,"{'timestamp': '2026-09-06T12:25:38.652203+00:00', 'model_version': 'llama3.1:8b', 'prompt_hash': 'a6af280e'}"
16,real_mixed_51,llama3.1:8b_baseline,100.33026504516602,44.48,0,direct_json,0.3333333333333333,0.3333333333333333,0.3333333333333333,0.0,0,11.3,55.6,2.6,104.2,110.4,19347.6,84.2,6859.6,4692.8,"{'timestamp': '2026-09-06T12:25:35.061944+00:00', 'model_version': 'llama3.1:8b', 'prompt_hash': 'a6af280e'}"
17,real_mixed_52,llama3.1:8b_baseline,106.92605686187744,43.93,0,direct_json,0.42857142857142855,0.42857142857142855,0.42857142857142855,0.0,0,10.9,42.9,3.5,104.0,110.4,19268.8,84.4,6859.6,4692.8,"{'timestamp': '2026-09-06T12:25:49.753962+00:00', 'model_version': 'llama3.1:8b', 'prompt_hash': 'a6af280e'}"
17,real_mixed_53,llama3.1:8b_baseline,110.43660020828247,44.1,0,direct_json,0.3333333333333333,0.8333333333333334,0.47619047619047616,0.0,0,13.4,53.5,2.7,103.5,110.4,19263.4,84.4,6859.6,4692.8,"{'timestamp': '2026-09-06T12:25:53.254845+00:00', 'model_version': 'llama3.1:8b', 'prompt_hash': 'a6af280e'}"
17,real_mixed_54,llama3.1:8b_baseline,102.85100603103638,45.68,0,direct_json,0.42857142857142855,0.75,0.5454545454545454,0.0,0,12.6,54.1,2.5,104.0,110.4,19280.0,84.3,6859.6,4692.8,"{'timestamp': '2026-09-06T12:25:45.661458+00:00', 'model_version': 'llama3.1:8b', 'prompt_hash': 'a6af280e'}"
18,real_mixed_55,llama3.1:8b_baseline,105.8680272102356,44.47,0,direct_json,0.1,0.1111111111111111,0.10526315789473685,0.0,0,8.7,38.4,2.5,110.9,209.5,19190.0,84.5,6859.6,4692.8,"{'timestamp': '2026-09-06T12:26:01.495750+00:00', 'model_version': 'llama3.1:8b', 'prompt_hash': 'a6af280e'}"
18,real_mixed_56,llama3.1:8b_baseline,109.91913509368896,43.79,0,direct_json,0.16666666666666666,0.14285714285714285,0.15384615384615383,0.0,0,8.9,38.4,2.6,114.4,209.5,19187.5,84.6,6859.6,4692.8,"{'timestamp': '2026-09-06T12:26:05.541597+00:00', 'model_version': 'llama3.1:8b', 'prompt_hash': 'a6af280e'}"
18,real_mixed_57,llama3.1:8b_baseline,102.34039878845215,44.57,0,direct_json,0.6666666666666666,0.7777777777777778,0.717948717948718,0.047619047619047616,1,8.8,38.4,2.6,107.6,209.5,19193.5,84.5,6859.6,4692.8,"{'timestamp': '2026-09-06T12:25:57.976956+00:00', 'model_version': 'llama3.1:8b', 'prompt_hash': 'a6af280e'}"
19,real_mixed_58,llama3.1:8b_baseline,104.36807417869568,44.2,0,direct_json,0.38461538461538464,0.45454545454545453,0.41666666666666663,0.0,0,9.7,100.0,2.6,118.0,209.5,19147.2,84.6,6859.6,4692.8,"{'timestamp': '2026-09-06T12:26:09.105669+00:00', 'model_version': 'llama3.1:8b', 'prompt_hash': 'a6af280e'}"
19,real_mixed_59,llama3.1:8b_baseline,115.00916790962219,43.36,0,direct_json,0.5833333333333334,0.7368421052631579,0.6511627906976745,0.0,0,9.9,41.0,2.7,126.2,209.5,19142.6,84.7,6859.6,4692.8,"{'timestamp': '2026-09-06T12:26:19.741918+00:00', 'model_version': 'llama3.1:8b', 'prompt_hash': 'a6af280e'}"
19,real_mixed_60,llama3.1:8b_baseline,108.41222405433655,43.48,0,direct_json,0.6,0.46153846153846156,0.5217391304347826,0.0,0,10.3,53.8,2.5,121.3,209.5,19144.9,84.6,6859.6,4692.8,"{'timestamp': '2026-09-06T12:26:13.153260+00:00', 'model_version': 'llama3.1:8b', 'prompt_hash': 'a6af280e'}"
20,real_mixed_61,llama3.1:8b_baseline,122.08652091026306,41.79,0,direct_json,0.39285714285714285,0.39285714285714285,0.39285714285714285,0.0,0,9.2,41.0,2.3,130.2,210.0,19107.3,84.8,6859.6,4692.8,"{'timestamp': '2026-09-06T12:26:39.051297+00:00', 'model_version': 'llama3.1:8b', 'prompt_hash': 'a6af280e'}"
20,real_mixed_62,llama3.1:8b_baseline,111.45855617523193,44.15,0,direct_json,0.42857142857142855,0.5454545454545454,0.4799999999999999,0.0,0,9.4,41.0,2.5,132.8,210.0,19107.0,84.8,6859.6,4692.8,"{'timestamp': '2026-09-06T12:26:28.404178+00:00', 'model_version': 'llama3.1:8b', 'prompt_hash': 'a6af280e'}"
20,real_mixed_63,llama3.1:8b_baseline,106.41909694671631,44.86,0,direct_json,0.16666666666666666,0.25,0.2,0.0,0,9.7,41.0,2.7,131.9,209.8,19105.9,84.8,6859.6,4692.8,"{'timestamp': '2026-09-06T12:26:23.364272+00:00', 'model_version': 'llama3.1:8b', 'prompt_hash': 'a6af280e'}"
21,real_mixed_64,llama3.1:8b_baseline,117.5133466720581,44.86,0,direct_json,0.25,1.0,0.4,0.0,0,11.2,77.8,2.5,130.9,210.0,19098.9,84.8,6859.6,4692.8,"{'timestamp': '2026-09-06T12:26:46.512625+00:00', 'model_version': 'llama3.1:8b', 'prompt_hash': 'a6af280e'}"
21,real_mixed_65,llama3.1:8b_baseline,120.60816383361816,44.36,0,direct_json,0.2222222222222222,0.25,0.23529411764705882,0.1111111111111111,1,10.0,48.6,2.5,130.2,210.0,19104.7,84.8,6859.6,4692.8,"{'timestamp': '2026-09-06T12:26:49.622380+00:00', 'model_version': 'llama3.1:8b', 'prompt_hash': 'a6af280e'}"
21,real_mixed_66,llama3.1:8b_baseline,115.08427906036377,43.83,0,direct_json,0.45,0.45,0.45,0.0,0,9.2,41.0,2.5,131.5,210.0,19092.2,84.8,6859.6,4692.8,"{'timestamp': '2026-09-06T12:26:44.102646+00:00', 'model_version': 'llama3.1:8b', 'prompt_hash': 'a6af280e'}"
22,real_mixed_67,llama3.1:8b_baseline,121.03345894813538,42.92,0,direct_json,0.5833333333333334,0.5833333333333334,0.5833333333333334,0.16666666666666666,4,9.4,77.8,2.4,130.3,210.0,19131.2,84.8,6859.6,4692.8,"{'timestamp': '2026-09-06T12:27:03.768537+00:00', 'model_version': 'llama3.1:8b', 'prompt_hash': 'a6af280e'}"
22,real_mixed_68,llama3.1:8b_baseline,111.41574192047119,43.95,0,direct_json,0.5555555555555556,0.8695652173913043,0.6779661016949152,0.1111111111111111,4,9.3,41.0,2.6,132.8,210.0,19112.0,84.8,6859.6,4692.8,"{'timestamp': '2026-09-06T12:26:54.133730+00:00', 'model_version': 'llama3.1:8b', 'prompt_hash': 'a6af280e'}"
22,real_mixed_69,llama3.1:8b_baseline,116.44948196411133,43.85,0,direct_json,0.85,0.7083333333333334,0.7727272727272727,0.0,0,9.7,41.0,2.5,131.5,210.0,19121.8,84.8,6859.6,4692.8,"{'timestamp': '2026-09-06T12:26:59.181037+00:00', 'model_version': 'llama3.1:8b', 'prompt_hash': 'a6af280e'}"
23,real_mixed_70,llama3.1:8b_baseline,107.70396780967712,43.52,0,direct_json,0.6666666666666666,0.6666666666666666,0.6666666666666666,0.0,0,15.8,50.6,2.5,133.1,210.0,19144.3,84.9,6859.6,4692.8,"{'timestamp': '2026-09-06T12:27:08.559326+00:00', 'model_version': 'llama3.1:8b', 'prompt_hash': 'a6af280e'}"
23,real_mixed_71,llama3.1:8b_baseline,117.2523422241211,43.56,0,direct_json,0.3076923076923077,0.3333333333333333,0.32,0.0,0,16.0,51.8,2.4,130.2,210.0,19160.0,84.9,6859.6,4692.8,"{'timestamp': '2026-09-06T12:27:18.106434+00:00', 'model_version': 'llama3.1:8b', 'prompt_hash': 'a6af280e'}"
23,real_mixed_72,llama3.1:8b_baseline,112.2313756942749,43.32,0,direct_json,0.5833333333333334,0.5,0.5384615384615384,0.0,0,16.3,100.0,2.5,131.8,210.0,19151.0,84.9,6859.6,4692.8,"{'timestamp': '2026-09-06T12:27:13.090388+00:00', 'model_version': 'llama3.1:8b', 'prompt_hash': 'a6af280e'}"
24,real_mixed_73,llama3.1:8b_baseline,115.73164892196655,44.1,0,direct_json,0.7,0.4666666666666667,0.56,0.0,0,8.9,41.0,2.3,130.6,210.0,19184.3,84.9,6859.6,4692.8,"{'timestamp': '2026-09-06T12:27:27.910127+00:00', 'model_version': 'llama3.1:8b', 'prompt_hash': 'a6af280e'}"
24,real_mixed_74,llama3.1:8b_baseline,112.18978095054626,43.27,0,direct_json,0.6666666666666666,0.75,0.7058823529411765,0.0,0,9.2,41.0,2.5,131.7,210.0,19181.0,84.9,6859.6,4692.8,"{'timestamp': '2026-09-06T12:27:24.361552+00:00', 'model_version': 'llama3.1:8b', 'prompt_hash': 'a6af280e'}"
24,real_mixed_75,llama3.1:8b_baseline,108.13956308364868,43.98,0,direct_json,0.5,0.6666666666666666,0.5714285714285715,0.0,0,11.0,41.2,2.5,132.9,210.0,19176.3,84.9,6859.6,4692.8,"{'timestamp': '2026-09-06T12:27:20.300581+00:00', 'model_version': 'llama3.1:8b', 'prompt_hash': 'a6af280e'}"
25,real_mixed_76,llama3.1:8b_baseline,105.04629039764404,45.91,0,direct_json,0.0,1.0,0.0,0.0,0,9.6,41.7,2.5,133.3,210.0,19204.4,84.9,6859.6,4692.8,"{'timestamp': '2026-09-06T12:27:28.871765+00:00', 'model_version': 'llama3.1:8b', 'prompt_hash': 'a6af280e'}"
25,real_mixed_77,llama3.1:8b_baseline,117.64752388000488,43.32,0,direct_json,0.6842105263157895,0.65,0.6666666666666667,0.0,0,10.3,100.0,2.3,128.7,210.0,19213.5,84.9,6859.6,4692.8,"{'timestamp': '2026-09-06T12:27:41.495640+00:00', 'model_version': 'llama3.1:8b', 'prompt_hash': 'a6af280e'}"
25,real_mixed_78,llama3.1:8b_baseline,111.61378693580627,42.33,0,direct_json,0.26666666666666666,1.0,0.4210526315789474,0.13333333333333333,2,9.3,41.0,2.6,131.4,210.0,19209.3,84.9,6859.6,4692.8,"{'timestamp': '2026-09-06T12:27:35.446972+00:00', 'model_version': 'llama3.1:8b', 'prompt_hash': 'a6af280e'}"
26,real_mixed_79,llama3.1:8b_baseline,127.17507600784302,42.92,0,direct_json,0.6363636363636364,0.7,0.6666666666666666,0.0,0,12.2,51.0,2.8,126.9,210.0,19241.3,84.9,6859.6,4692.8,"{'timestamp': '2026-09-06T12:28:00.590993+00:00', 'model_version': 'llama3.1:8b', 'prompt_hash': 'a6af280e'}"
26,real_mixed_80,llama3.1:8b_baseline,120.65802788734436,42.85,0,direct_json,0.5161290322580645,0.6666666666666666,0.5818181818181819,0.06451612903225806,2,11.2,59.6,2.2,128.3,210.0,19239.0,84.9,6859.6,4692.8,"{'timestamp': '2026-09-06T12:27:54.102667+00:00', 'model_version': 'llama3.1:8b', 'prompt_hash': 'a6af280e'}"
26,real_mixed_81,llama3.1:8b_baseline,112.12049579620361,44.11,0,direct_json,0.5,0.45454545454545453,0.47619047619047616,0.0,0,9.3,41.0,2.7,130.4,210.0,19233.2,84.9,6859.6,4692.8,"{'timestamp': '2026-09-06T12:27:45.541231+00:00', 'model_version': 'llama3.1:8b', 'prompt_hash': 'a6af280e'}"
27,real_mixed_82,llama3.1:8b_baseline,125.62194299697876,43.53,0,direct_json,0.3076923076923077,0.4444444444444444,0.3636363636363637,0.0,0,9.1,41.0,2.2,116.9,210.0,19259.8,84.9,6859.6,4692.8,"{'timestamp': '2026-09-06T12:28:11.259546+00:00', 'model_version': 'llama3.1:8b', 'prompt_hash': 'a6af280e'}"
27,real_mixed_83,llama3.1:8b_baseline,121.55804181098938,44.34,0,direct_json,0.5333333333333333,0.8,0.64,0.06666666666666667,1,9.9,64.2,2.3,117.6,210.0,19258.3,84.9,6859.6,4692.8,"{'timestamp': '2026-09-06T12:28:07.194973+00:00', 'model_version': 'llama3.1:8b', 'prompt_hash': 'a6af280e'}"
27,real_mixed_84,llama3.1:8b_baseline,118.05712485313416,43.93,0,direct_json,0.75,0.6666666666666666,0.7058823529411765,0.0,0,9.0,41.0,2.1,118.2,210.0,19255.6,84.9,6859.6,4692.8,"{'timestamp': '2026-09-06T12:28:03.687496+00:00', 'model_version': 'llama3.1:8b', 'prompt_hash': 'a6af280e'}"
28,real_mixed_85,llama3.1:8b_baseline,117.42250227928162,43.98,0,direct_json,0.7142857142857143,0.625,0.6666666666666666,0.0,0,9.9,65.2,1.9,105.2,210.0,19276.4,84.9,6859.6,4692.8,"{'timestamp': '2026-09-06T12:28:17.259382+00:00', 'model_version': 'llama3.1:8b', 'prompt_hash': 'a6af280e'}"
28,real_mixed_86,llama3.1:8b_baseline,121.51182293891907,43.53,0,direct_json,0.7272727272727273,0.6153846153846154,0.6666666666666667,0.18181818181818182,2,8.6,35.8,2.2,105.2,210.0,19274.4,84.9,6859.6,4692.8,"{'timestamp': '2026-09-06T12:28:21.355245+00:00', 'model_version': 'llama3.1:8b', 'prompt_hash': 'a6af280e'}"
28,real_mixed_87,llama3.1:8b_baseline,114.43187999725342,44.03,0,direct_json,0.5,0.5714285714285714,0.5333333333333333,0.0,0,9.5,51.5,2.3,105.4,210.0,19278.6,84.9,6859.6,4692.8,"{'timestamp': '2026-09-06T12:28:14.270882+00:00', 'model_version': 'llama3.1:8b', 'prompt_hash': 'a6af280e'}"
29,real_mixed_88,llama3.1:8b_baseline,104.68977522850037,44.76,0,direct_json,0.375,0.75,0.5,0.0,0,9.3,35.8,2.5,99.7,105.7,19301.9,84.9,6859.6,4692.8,"{'timestamp': '2026-09-06T12:28:23.826608+00:00', 'model_version': 'llama3.1:8b', 'prompt_hash': 'a6af280e'}"
29,real_mixed_89,llama3.1:8b_baseline,107.73127603530884,43.89,0,direct_json,0.625,0.38461538461538464,0.4761904761904762,0.0,0,9.1,35.8,2.2,99.8,105.9,19300.0,84.9,6859.6,4692.8,"{'timestamp': '2026-09-06T12:28:26.873360+00:00', 'model_version': 'llama3.1:8b', 'prompt_hash': 'a6af280e'}"
29,real_mixed_90,llama3.1:8b_baseline,113.72365212440491,42.69,0,direct_json,0.3157894736842105,0.75,0.44444444444444436,0.0,0,10.3,35.8,2.2,100.0,105.9,19289.7,84.9,6859.6,4692.8,"{'timestamp': '2026-09-06T12:28:32.862689+00:00', 'model_version': 'llama3.1:8b', 'prompt_hash': 'a6af280e'}"
30,real_mixed_91,llama3.1:8b_baseline,116.28568387031555,43.46,0,direct_json,0.6428571428571429,0.75,0.6923076923076924,0.0,0,10.7,57.1,2.2,98.8,105.8,19280.9,84.9,6859.6,4692.8,"{'timestamp': '2026-09-06T12:28:46.006808+00:00', 'model_version': 'llama3.1:8b', 'prompt_hash': 'a6af280e'}"
30,real_mixed_92,llama3.1:8b_baseline,111.77157211303711,43.62,0,direct_json,0.5,0.6956521739130435,0.5818181818181818,0.0,0,10.0,83.3,2.2,99.6,105.8,19282.5,84.9,6859.6,4692.8,"{'timestamp': '2026-09-06T12:28:41.500698+00:00', 'model_version': 'llama3.1:8b', 'prompt_hash': 'a6af280e'}"
30,real_mixed_93,llama3.1:8b_baseline,107.20194482803345,42.9,0,direct_json,0.5833333333333334,0.7,0.6363636363636365,0.0,0,10.9,45.5,2.3,99.7,105.8,19285.9,84.9,6859.6,4692.8,"{'timestamp': '2026-09-06T12:28:36.916625+00:00', 'model_version': 'llama3.1:8b', 'prompt_hash': 'a6af280e'}"
31,real_mixed_94,llama3.1:8b_baseline,110.23671293258667,43.6,0,direct_json,0.6666666666666666,0.4,0.5,0.0,0,9.5,36.8,2.3,98.7,105.4,19265.2,85.0,6859.6,4692.8,"{'timestamp': '2026-09-06T12:28:54.118453+00:00', 'model_version': 'llama3.1:8b', 'prompt_hash': 'a6af280e'}"
31,real_mixed_95,llama3.1:8b_baseline,112.76424026489258,44.75,0,direct_json,0.1,0.5,0.16666666666666669,0.0,0,9.5,36.8,2.2,98.7,105.4,19263.5,85.0,6859.6,4692.8,"{'timestamp': '2026-09-06T12:28:56.623779+00:00', 'model_version': 'llama3.1:8b', 'prompt_hash': 'a6af280e'}"
31,real_mixed_96,llama3.1:8b_baseline,106.21699404716492,43.78,0,direct_json,0.5,0.6666666666666666,0.5714285714285715,0.0,0,9.5,36.8,2.2,98.6,105.4,19268.3,85.0,6859.6,4692.8,"{'timestamp': '2026-09-06T12:28:50.084421+00:00', 'model_version': 'llama3.1:8b', 'prompt_hash': 'a6af280e'}"
32,real_mixed_97,llama3.1:8b_baseline,104.20608115196228,43.85,0,direct_json,0.5,0.5555555555555556,0.5263157894736842,0.0,0,18.5,100.0,2.4,98.8,105.5,19249.4,85.0,6859.6,4692.8,"{'timestamp': '2026-09-06T12:29:02.405902+00:00', 'model_version': 'llama3.1:8b', 'prompt_hash': 'a6af280e'}"
32,real_mixed_98,llama3.1:8b_baseline,110.22423815727234,43.23,0,direct_json,0.4444444444444444,0.2857142857142857,0.34782608695652173,0.0,0,18.6,66.7,2.3,99.1,105.6,19248.4,85.0,6859.6,4692.8,"{'timestamp': '2026-09-06T12:29:08.437281+00:00', 'model_version': 'llama3.1:8b', 'prompt_hash': 'a6af280e'}"
32,real_mixed_99,llama3.1:8b_baseline,101.18320679664612,44.44,0,direct_json,0.125,0.5,0.2,0.0,0,17.8,62.4,2.3,98.7,105.4,19250.3,85.0,6859.6,4692.8,"{'timestamp': '2026-09-06T12:28:59.373039+00:00', 'model_version': 'llama3.1:8b', 'prompt_hash': 'a6af280e'}"
33,real_mixed_100,llama3.1:8b_baseline,107.7462568283081,43.75,0,direct_json,0.0,0.0,1.0,0.0,0,10.4,100.0,2.2,99.2,106.7,19244.0,85.0,6859.6,4692.8,"{'timestamp': '2026-09-06T12:29:15.740116+00:00', 'model_version': 'llama3.1:8b', 'prompt_hash': 'a6af280e'}"
33,real_mixed_101,llama3.1:8b_baseline,104.21546602249146,44.15,0,direct_json,0.25,0.2857142857142857,0.26666666666666666,0.0,0,10.5,47.8,2.3,99.2,106.7,19243.2,85.0,6859.6,4692.8,"{'timestamp': '2026-09-06T12:29:12.209507+00:00', 'model_version': 'llama3.1:8b', 'prompt_hash': 'a6af280e'}"
33,real_mixed_102,llama3.1:8b_baseline,101.19576096534729,46.27,0,direct_json,0.0,1.0,0.0,0.0,0,9.4,36.8,2.3,99.2,106.5,19243.8,85.0,6859.6,4692.8,"{'timestamp': '2026-09-06T12:29:09.183458+00:00', 'model_version': 'llama3.1:8b', 'prompt_hash': 'a6af280e'}"
34,real_mixed_103,llama3.1:8b_baseline,95.15127801895142,45.59,0,direct_json,0.0,1.0,0.0,0.0,0,10.8,100.0,2.4,100.3,106.7,19238.3,85.0,6859.6,4692.8,"{'timestamp': '2026-09-06T12:29:16.730180+00:00', 'model_version': 'llama3.1:8b', 'prompt_hash': 'a6af280e'}"
34,real_mixed_104,llama3.1:8b_baseline,103.20926308631897,43.22,0,direct_json,0.35294117647058826,0.6,0.4444444444444445,0.0,0,10.9,37.8,2.3,100.2,106.7,19242.7,85.0,6859.6,4692.8,"{'timestamp': '2026-09-06T12:29:24.797576+00:00', 'model_version': 'llama3.1:8b', 'prompt_hash': 'a6af280e'}"
34,real_mixed_105,llama3.1:8b_baseline,98.68396520614624,43.44,0,direct_json,0.5555555555555556,0.5,0.5263157894736842,0.0,0,10.6,100.0,2.4,100.5,106.7,19237.2,85.0,6859.6,4692.8,"{'timestamp': '2026-09-06T12:29:20.272644+00:00', 'model_version': 'llama3.1:8b', 'prompt_hash': 'a6af280e'}"
35,real_mixed_106,llama3.1:8b_baseline,85.62204217910767,44.92,0,direct_json,0.2,0.5,0.28571428571428575,0.0,0,12.9,100.0,2.6,101.4,210.2,19232.3,85.0,6859.6,4692.8,"{'timestamp': '2026-09-06T12:29:26.308315+00:00', 'model_version': 'llama3.1:8b', 'prompt_hash': 'a6af280e'}"
35,real_mixed_107,llama3.1:8b_baseline,91.15513324737549,43.19,0,direct_json,0.6923076923076923,0.6923076923076923,0.6923076923076923,0.0,0,12.0,100.0,2.4,108.0,210.5,19235.1,84.9,6859.6,4692.8,"{'timestamp': '2026-09-06T12:29:31.842962+00:00', 'model_version': 'llama3.1:8b', 'prompt_hash': 'a6af280e'}"
35,real_mixed_108,llama3.1:8b_baseline,94.17187571525574,44.75,0,direct_json,0.2857142857142857,0.4,0.3333333333333333,0.0,0,13.0,59.4,2.3,111.1,210.5,19233.3,84.9,6859.6,4692.8,"{'timestamp': '2026-09-06T12:29:34.862675+00:00', 'model_version': 'llama3.1:8b', 'prompt_hash': 'a6af280e'}"
36,real_mixed_109,llama3.1:8b_baseline,98.70704507827759,43.97,0,direct_json,0.75,0.625,0.6818181818181818,0.0,0,9.7,36.9,2.3,127.6,210.5,19206.6,84.9,6859.6,4692.8,"{'timestamp': '2026-09-06T12:29:50.084218+00:00', 'model_version': 'llama3.1:8b', 'prompt_hash': 'a6af280e'}"
36,real_mixed_110,llama3.1:8b_baseline,93.17259383201599,43.97,0,direct_json,0.4444444444444444,0.2222222222222222,0.2962962962962963,0.0,0,10.0,36.9,2.4,123.1,210.5,19213.7,84.9,6859.6,4692.8,"{'timestamp': '2026-09-06T12:29:44.551129+00:00', 'model_version': 'llama3.1:8b', 'prompt_hash': 'a6af280e'}"
36,real_mixed_111,llama3.1:8b_baseline,89.14447522163391,44.6,0,direct_json,0.7575757575757576,0.8333333333333334,0.7936507936507938,0.0,0,10.0,36.9,2.4,119.4,210.5,19217.1,84.9,6859.6,4692.8,"{'timestamp': '2026-09-06T12:29:40.528108+00:00', 'model_version': 'llama3.1:8b', 'prompt_hash': 'a6af280e'}"
37,real_mixed_112,llama3.1:8b_baseline,91.12497472763062,44.81,0,direct_json,0.3,0.6,0.4,0.0,0,10.2,50.0,2.3,132.7,210.5,19202.7,84.9,6859.6,4692.8,"{'timestamp': '2026-09-06T12:29:52.570577+00:00', 'model_version': 'llama3.1:8b', 'prompt_hash': 'a6af280e'}"
37,real_mixed_113,llama3.1:8b_baseline,94.65206909179688,44.56,0,direct_json,0.8571428571428571,0.6666666666666666,0.75,0.0,0,10.1,50.0,2.1,135.4,210.5,19197.5,84.9,6859.6,4692.8,"{'timestamp': '2026-09-06T12:29:56.103820+00:00', 'model_version': 'llama3.1:8b', 'prompt_hash': 'a6af280e'}"
37,real_mixed_114,llama3.1:8b_baseline,97.66564917564392,43.56,0,direct_json,0.3333333333333333,0.42857142857142855,0.375,0.0,0,10.1,36.9,2.2,135.3,210.5,19194.0,84.9,6859.6,4692.8,"{'timestamp': '2026-09-06T12:29:59.111991+00:00', 'model_version': 'llama3.1:8b', 'prompt_hash': 'a6af280e'}"
38,real_mixed_115,llama3.1:8b_baseline,88.12805199623108,44.48,0,direct_json,0.4,0.6666666666666666,0.5,0.2,1,12.5,70.0,2.0,138.7,210.5,19194.4,84.9,6859.6,4692.8,"{'timestamp': '2026-09-06T12:30:01.079060+00:00', 'model_version': 'llama3.1:8b', 'prompt_hash': 'a6af280e'}"
38,real_mixed_116,llama3.1:8b_baseline,95.68133282661438,40.36,0,direct_json,0.3333333333333333,1.0,0.5,0.3333333333333333,2,14.5,100.0,2.1,135.5,210.5,19182.6,84.9,6859.6,4692.8,"{'timestamp': '2026-09-06T12:30:08.636294+00:00', 'model_version': 'llama3.1:8b', 'prompt_hash': 'a6af280e'}"
38,real_mixed_117,llama3.1:8b_baseline,92.66598677635193,43.97,0,direct_json,0.375,0.375,0.375,0.0,0,12.2,47.1,2.4,136.8,210.5,19187.1,84.9,6859.6,4692.8,"{'timestamp': '2026-09-06T12:30:05.633186+00:00', 'model_version': 'llama3.1:8b', 'prompt_hash': 'a6af280e'}"
39,real_mixed_118,llama3.1:8b_baseline,88.17478823661804,42.82,0,direct_json,0.625,1.0,0.7692307692307693,0.0,0,11.7,71.5,2.2,139.4,210.5,19288.7,84.9,6859.6,4692.8,"{'timestamp': '2026-09-06T12:30:14.272969+00:00', 'model_version': 'llama3.1:8b', 'prompt_hash': 'a6af280e'}"
39,real_mixed_119,llama3.1:8b_baseline,91.70603513717651,27.12,0,direct_json,0.4,0.3333333333333333,0.3636363636363636,0.0,0,11.8,71.5,2.3,137.7,210.5,19582.5,84.9,6859.6,4692.8,"{'timestamp': '2026-09-06T12:30:17.805969+00:00', 'model_version': 'llama3.1:8b', 'prompt_hash': 'a6af280e'}"
39,real_mixed_120,llama3.1:8b_baseline,85.60267186164856,43.58,0,direct_json,0.3333333333333333,0.8,0.47058823529411764,0.0,0,11.8,71.5,2.2,140.7,210.5,19175.6,84.9,6859.6,4692.8,"{'timestamp': '2026-09-06T12:30:11.699690+00:00', 'model_version': 'llama3.1:8b', 'prompt_hash': 'a6af280e'}"
4,real_mixed_13,llama3.1:8b_kb_rag,11.221505880355835,26.79,0,direct_json,0.5217391304347826,0.7058823529411765,0.6,0.0,0,14.3,62.4,47.2,599.9,1102.3,26028.6,87.4,6859.6,4692.8,"{'timestamp': '2026-09-06T12:30:30.907015+00:00', 'model_version': 'llama3.1:8b', 'prompt_hash': 'a6af280e'}"
4,real_mixed_14,llama3.1:8b_kb_rag,35.82869291305542,26.88,0,direct_json,0.7142857142857143,0.8333333333333334,0.7692307692307692,0.0,0,12.0,62.4,10.3,235.0,1062.9,25937.1,87.4,6859.6,4692.8,"{'timestamp': '2026-09-06T12:30:56.000750+00:00', 'model_version': 'llama3.1:8b', 'prompt_hash': 'a6af280e'}"
4,real_mixed_15,llama3.1:8b_kb_rag,17.173084259033203,26.91,0,direct_json,0.2777777777777778,0.5555555555555556,0.3703703703703704,0.1111111111111111,2,20.9,89.7,26.1,417.3,975.6,25975.1,87.5,6859.6,4692.8,"{'timestamp': '2026-09-06T12:30:37.105752+00:00', 'model_version': 'llama3.1:8b', 'prompt_hash': 'a6af280e'}"
2,real_mixed_7,llama3.1:8b_kb_rag,23.304274797439575,26.61,0,direct_json,0.5555555555555556,0.35714285714285715,0.43478260869565216,0.0,0,12.7,62.4,18.6,324.1,1056.7,25926.7,87.5,6859.6,4692.8,"{'timestamp': '2026-09-06T12:30:43.408052+00:00', 'model_version': 'llama3.1:8b', 'prompt_hash': 'a6af280e'}"
2,real_mixed_8,llama3.1:8b_kb_rag,27.283849954605103,26.55,0,direct_json,0.5,0.3333333333333333,0.4,0.0,0,13.3,62.4,17.5,289.6,1057.3,25927.8,87.5,6859.6,4692.8,"{'timestamp': '2026-09-06T12:30:47.345081+00:00', 'model_version': 'llama3.1:8b', 'prompt_hash': 'a6af280e'}"
2,real_mixed_9,llama3.1:8b_kb_rag,38.791504859924316,29.7,0,direct_json,0.5555555555555556,0.5,0.5263157894736842,0.0,0,13.1,62.4,8.1,241.8,1056.7,25931.7,87.4,6859.6,4692.8,"{'timestamp': '2026-09-06T12:30:59.462282+00:00', 'model_version': 'llama3.1:8b', 'prompt_hash': 'a6af280e'}"
0,real_mixed_1,llama3.1:8b_kb_rag,72.52893495559692,43.41,0,direct_json,0.631578947368421,0.9230769230769231,0.7499999999999999,0.0,0,12.0,62.4,11.6,241.3,886.8,23076.1,86.2,6859.6,4692.8,"{'timestamp': '2026-09-06T12:31:33.236162+00:00', 'model_version': 'llama3.1:8b', 'prompt_hash': 'a6af280e'}"
0,real_mixed_2,llama3.1:8b_kb_rag,46.36266803741455,43.48,0,direct_json,0.5454545454545454,0.5,0.5217391304347826,0.0,0,10.2,62.4,9.8,260.8,806.6,25355.8,87.0,6859.6,4692.8,"{'timestamp': '2026-09-06T12:31:07.090517+00:00', 'model_version': 'llama3.1:8b', 'prompt_hash': 'a6af280e'}"
0,real_mixed_3,llama3.1:8b_kb_rag,69.0074999332428,43.49,0,direct_json,0.6,0.5,0.5454545454545454,0.0,0,10.8,62.4,7.3,248.1,806.6,23282.7,86.3,6859.6,4692.8,"{'timestamp': '2026-09-06T12:31:29.732226+00:00', 'model_version': 'llama3.1:8b', 'prompt_hash': 'a6af280e'}"
3,real_mixed_10,llama3.1:8b_kb_rag,42.30260896682739,43.29,0,direct_json,0.3333333333333333,0.6666666666666666,0.4444444444444444,0.0,0,12.0,62.4,13.0,265.3,1076.0,25885.6,87.3,6859.6,4692.8,"{'timestamp': '2026-09-06T12:31:03.009700+00:00', 'model_version': 'llama3.1:8b', 'prompt_hash': 'a6af280e'}"
3,real_mixed_11,llama3.1:8b_kb_rag,65.48065090179443,42.83,0,direct_json,0.7272727272727273,0.8888888888888888,0.7999999999999999,0.045454545454545456,1,10.9,66.7,6.9,253.6,806.6,23509.1,86.4,6859.6,4692.8,"{'timestamp': '2026-09-06T12:31:26.196934+00:00', 'model_version': 'llama3.1:8b', 'prompt_hash': 'a6af280e'}"
3,real_mixed_12,llama3.1:8b_kb_rag,91.62410712242126,44.54,0,direct_json,0.375,0.42857142857142855,0.39999999999999997,0.0,0,8.1,62.4,6.5,237.0,807.1,22229.6,85.9,6859.6,4692.8,"{'timestamp': '2026-09-06T12:31:52.408905+00:00', 'model_version': 'llama3.1:8b', 'prompt_hash': 'a6af280e'}"
7,real_mixed_22,llama3.1:8b_kb_rag,47.8524010181427,45.32,0,direct_json,0.0,1.0,0.0,0.0,0,11.7,62.4,17.7,262.2,970.7,25155.0,86.9,6859.6,4692.8,"{'timestamp': '2026-09-06T12:31:08.547456+00:00', 'model_version': 'llama3.1:8b', 'prompt_hash': 'a6af280e'}"
7,real_mixed_23,llama3.1:8b_kb_rag,104.72651696205139,43.77,0,direct_json,0.5294117647058824,0.6,0.5625,0.11764705882352941,2,7.9,62.4,21.5,238.6,806.7,21835.0,85.8,6859.6,4692.8,"{'timestamp': '2026-09-06T12:32:05.518070+00:00', 'model_version': 'llama3.1:8b', 'prompt_hash': 'a6af280e'}"
7,real_mixed_24,llama3.1:8b_kb_rag,58.44789505004883,44.07,0,direct_json,0.5,0.5714285714285714,0.5333333333333333,0.0,0,8.5,62.4,8.9,257.9,806.6,24047.2,86.6,6859.6,4692.8,"{'timestamp': '2026-09-06T12:31:19.176622+00:00', 'model_version': 'llama3.1:8b', 'prompt_hash': 'a6af280e'}"
6,real_mixed_19,llama3.1:8b_kb_rag,112.27841806411743,43.77,0,direct_json,0.6842105263157895,0.65,0.6666666666666667,0.0,0,8.4,62.4,11.6,248.1,807.0,21647.5,85.7,6859.6,4692.8,"{'timestamp': '2026-09-06T12:32:13.077057+00:00', 'model_version': 'llama3.1:8b', 'prompt_hash': 'a6af280e'}"
6,real_mixed_20,llama3.1:8b_kb_rag,77.03226399421692,43.55,0,direct_json,0.625,0.3125,0.4166666666666667,0.0,0,8.4,62.4,7.6,244.6,810.1,22834.2,86.1,6859.6,4692.8,"{'timestamp': '2026-09-06T12:31:37.879160+00:00', 'model_version': 'llama3.1:8b', 'prompt_hash': 'a6af280e'}"
6,real_mixed_21,llama3.1:8b_kb_rag,108.2877631187439,43.28,0,direct_json,0.8333333333333334,0.35714285714285715,0.5,0.16666666666666666,1,7.9,62.4,11.4,245.1,809.2,21744.1,85.7,6859.6,4692.8,"{'timestamp': '2026-09-06T12:32:09.127095+00:00', 'model_version': 'llama3.1:8b', 'prompt_hash': 'a6af280e'}"
5,real_mixed_16,llama3.1:8b_kb_rag,50.88178992271423,43.72,0,direct_json,0.7777777777777778,0.7777777777777778,0.7777777777777778,0.0,0,9.8,62.4,11.2,259.5,806.6,24786.0,86.8,6859.6,4692.8,"{'timestamp': '2026-09-06T12:31:11.604631+00:00', 'model_version': 'llama3.1:8b', 'prompt_hash': 'a6af280e'}"
5,real_mixed_17,llama3.1:8b_kb_rag,113.78508400917053,43.3,0,direct_json,0.4,1.0,0.5714285714285715,0.0,0,8.0,62.4,8.6,251.8,806.6,21613.4,85.7,6859.6,4692.8,"{'timestamp': '2026-09-06T12:32:14.548199+00:00', 'model_version': 'llama3.1:8b', 'prompt_hash': 'a6af280e'}"
5,real_mixed_18,llama3.1:8b_kb_rag,80.64780473709106,43.46,0,direct_json,0.7272727272727273,0.6666666666666666,0.6956521739130435,0.0,0,8.4,62.4,7.1,243.8,809.2,22667.4,86.1,6859.6,4692.8,"{'timestamp': '2026-09-06T12:31:41.485613+00:00', 'model_version': 'llama3.1:8b', 'prompt_hash': 'a6af280e'}"
8,real_mixed_25,llama3.1:8b_kb_rag,84.09921979904175,44.07,0,direct_json,0.4166666666666667,0.4166666666666667,0.4166666666666667,0.0,0,8.3,62.4,7.3,243.8,810.8,22515.6,86.0,6859.6,4692.8,"{'timestamp': '2026-09-06T12:31:44.947373+00:00', 'model_version': 'llama3.1:8b', 'prompt_hash': 'a6af280e'}"
8,real_mixed_26,llama3.1:8b_kb_rag,120.3622772693634,43.28,0,direct_json,0.6363636363636364,0.5833333333333334,0.6086956521739131,0.0,0,7.9,62.4,8.8,253.6,811.0,21465.6,85.6,6859.6,4692.8,"{'timestamp': '2026-09-06T12:32:21.238547+00:00', 'model_version': 'llama3.1:8b', 'prompt_hash': 'a6af280e'}"
8,real_mixed_27,llama3.1:8b_kb_rag,100.21202993392944,41.8,0,direct_json,0.8076923076923077,0.7777777777777778,0.7924528301886792,0.0,0,8.0,62.4,7.1,237.0,810.9,21956.0,85.8,6859.6,4692.8,"{'timestamp': '2026-09-06T12:32:01.066845+00:00', 'model_version': 'llama3.1:8b', 'prompt_hash': 'a6af280e'}"
1,real_mixed_4,llama3.1:8b_kb_rag,55.430148124694824,43.41,0,direct_json,0.6428571428571429,0.6428571428571429,0.6428571428571429,0.0,0,8.6,62.4,9.3,258.5,806.6,24318.6,86.7,6859.6,4692.8,"{'timestamp': '2026-09-06T12:31:16.173608+00:00', 'model_version': 'llama3.1:8b', 'prompt_hash': 'a6af280e'}"
1,real_mixed_5,llama3.1:8b_kb_rag,124.88998007774353,43.5,0,direct_json,0.5,0.6,0.5454545454545454,0.0,0,8.0,62.4,10.0,260.8,807.0,21375.3,85.6,6859.6,4692.8,"{'timestamp': '2026-09-06T12:32:25.680380+00:00', 'model_version': 'llama3.1:8b', 'prompt_hash': 'a6af280e'}"
1,real_mixed_6,llama3.1:8b_kb_rag,88.63424110412598,43.79,0,direct_json,0.8333333333333334,0.8333333333333334,0.8333333333333334,0.0,0,8.1,62.4,7.3,239.9,810.7,22337.8,86.0,6859.6,4692.8,"{'timestamp': '2026-09-06T12:31:49.495331+00:00', 'model_version': 'llama3.1:8b', 'prompt_hash': 'a6af280e'}"
9,real_mixed_28,llama3.1:8b_kb_rag,94.69706296920776,43.61,0,direct_json,0.8,0.5333333333333333,0.64,0.0,0,12.2,60.0,12.1,298.9,643.8,19520.9,84.8,6859.6,4692.8,"{'timestamp': '2026-09-06T12:32:31.135226+00:00', 'model_version': 'llama3.1:8b', 'prompt_hash': 'a6af280e'}"
9,real_mixed_29,llama3.1:8b_kb_rag,99.7002010345459,43.16,0,direct_json,0.43478260869565216,0.8333333333333334,0.5714285714285714,0.0,0,11.9,60.0,11.5,303.5,643.8,19502.2,84.8,6859.6,4692.8,"{'timestamp': '2026-09-06T12:32:36.139524+00:00', 'model_version': 'llama3.1:8b', 'prompt_hash': 'a6af280e'}"
9,real_mixed_30,llama3.1:8b_kb_rag,91.63694429397583,44.15,0,direct_json,0.6666666666666666,0.75,0.7058823529411765,0.0,0,14.8,60.0,12.9,288.7,643.6,19534.6,84.8,6859.6,4692.8,"{'timestamp': '2026-09-06T12:32:28.067463+00:00', 'model_version': 'llama3.1:8b', 'prompt_hash': 'a6af280e'}"
10,real_mixed_31,llama3.1:8b_kb_rag,98.25232219696045,45.0,0,direct_json,0.0,0.0,1.0,0.0,0,7.9,35.6,12.6,309.0,731.0,19295.6,84.7,6859.6,4692.8,"{'timestamp': '2026-09-06T12:32:38.070262+00:00', 'model_version': 'llama3.1:8b', 'prompt_hash': 'a6af280e'}"
10,real_mixed_32,llama3.1:8b_kb_rag,100.76026487350464,43.48,0,direct_json,0.18181818181818182,0.2857142857142857,0.2222222222222222,0.0,0,7.8,35.6,12.4,313.3,731.0,19285.5,84.7,6859.6,4692.8,"{'timestamp': '2026-09-06T12:32:40.584957+00:00', 'model_version': 'llama3.1:8b', 'prompt_hash': 'a6af280e'}"
10,real_mixed_33,llama3.1:8b_kb_rag,104.29868006706238,43.68,0,direct_json,0.7,0.5384615384615384,0.608695652173913,0.0,0,8.0,35.6,11.2,313.5,731.0,19278.2,84.8,6859.6,4692.8,"{'timestamp': '2026-09-06T12:32:44.146342+00:00', 'model_version': 'llama3.1:8b', 'prompt_hash': 'a6af280e'}"
11,real_mixed_34,llama3.1:8b_kb_rag,75.02722907066345,44.13,0,direct_json,0.25,0.1,0.14285714285714288,0.0,0,10.9,60.0,15.1,355.4,731.3,19030.1,84.7,6859.6,4692.8,"{'timestamp': '2026-09-06T12:32:48.731993+00:00', 'model_version': 'llama3.1:8b', 'prompt_hash': 'a6af280e'}"
11,real_mixed_35,llama3.1:8b_kb_rag,78.55180311203003,43.48,0,direct_json,0.25,0.42857142857142855,0.3157894736842105,0.16666666666666666,2,10.1,60.0,14.4,360.8,731.3,19029.0,84.7,6859.6,4692.8,"{'timestamp': '2026-09-06T12:32:52.250006+00:00', 'model_version': 'llama3.1:8b', 'prompt_hash': 'a6af280e'}"
11,real_mixed_36,llama3.1:8b_kb_rag,72.51294898986816,43.71,0,direct_json,1.0,0.23809523809523808,0.3846153846153846,0.0,0,10.8,60.0,15.4,347.6,731.3,19032.5,84.7,6859.6,4692.8,"{'timestamp': '2026-09-06T12:32:46.221741+00:00', 'model_version': 'llama3.1:8b', 'prompt_hash': 'a6af280e'}"
12,real_mixed_37,llama3.1:8b_kb_rag,62.99669885635376,43.85,0,direct_json,0.9,0.75,0.8181818181818182,0.0,0,8.5,37.5,18.8,412.6,731.0,19039.3,84.7,6859.6,4692.8,"{'timestamp': '2026-09-06T12:32:55.875904+00:00', 'model_version': 'llama3.1:8b', 'prompt_hash': 'a6af280e'}"
12,real_mixed_38,llama3.1:8b_kb_rag,67.0291121006012,43.46,0,direct_json,0.7272727272727273,0.6153846153846154,0.6666666666666667,0.0,0,8.6,35.6,18.1,412.7,731.0,19044.9,84.7,6859.6,4692.8,"{'timestamp': '2026-09-06T12:32:59.915132+00:00', 'model_version': 'llama3.1:8b', 'prompt_hash': 'a6af280e'}"
12,real_mixed_39,llama3.1:8b_kb_rag,69.52099394798279,43.93,0,direct_json,0.8,0.5714285714285714,0.6666666666666666,0.0,0,8.7,50.0,16.4,412.4,731.0,19054.3,84.7,6859.6,4692.8,"{'timestamp': '2026-09-06T12:33:02.400660+00:00', 'model_version': 'llama3.1:8b', 'prompt_hash': 'a6af280e'}"
13,real_mixed_40,llama3.1:8b_kb_rag,68.00189113616943,44.01,0,direct_json,0.6666666666666666,0.5,0.5714285714285715,0.0,0,13.8,100.0,16.5,441.6,731.3,19078.1,84.7,6859.6,4692.8,"{'timestamp': '2026-09-06T12:33:13.921168+00:00', 'model_version': 'llama3.1:8b', 'prompt_hash': 'a6af280e'}"
13,real_mixed_41,llama3.1:8b_kb_rag,60.42875862121582,42.89,0,direct_json,0.8571428571428571,0.6666666666666666,0.75,0.0,0,15.8,100.0,18.8,457.4,731.3,19063.6,84.7,6859.6,4692.8,"{'timestamp': '2026-09-06T12:33:06.353553+00:00', 'model_version': 'llama3.1:8b', 'prompt_hash': 'a6af280e'}"
13,real_mixed_42,llama3.1:8b_kb_rag,65.4675989151001,43.43,0,direct_json,0.7142857142857143,0.625,0.6666666666666666,0.0,0,14.5,100.0,18.0,448.4,731.3,19072.7,84.7,6859.6,4692.8,"{'timestamp': '2026-09-06T12:33:11.398430+00:00', 'model_version': 'llama3.1:8b', 'prompt_hash': 'a6af280e'}"
14,real_mixed_43,llama3.1:8b_kb_rag,75.53234100341797,41.21,0,direct_json,0.6666666666666666,0.6666666666666666,0.6666666666666666,0.0,0,8.8,38.4,29.2,431.2,731.0,19095.9,84.7,6859.6,4692.8,"{'timestamp': '2026-09-06T12:33:29.089191+00:00', 'model_version': 'llama3.1:8b', 'prompt_hash': 'a6af280e'}"
14,real_mixed_44,llama3.1:8b_kb_rag,65.98282527923584,43.22,0,direct_json,0.5555555555555556,0.7142857142857143,0.6250000000000001,0.0,0,9.0,38.4,78.9,444.8,731.0,19092.7,84.6,6859.6,4692.8,"{'timestamp': '2026-09-06T12:33:19.537734+00:00', 'model_version': 'llama3.1:8b', 'prompt_hash': 'a6af280e'}"
14,real_mixed_45,llama3.1:8b_kb_rag,79.07741904258728,43.2,0,direct_json,0.6428571428571429,0.75,0.6923076923076924,0.0,0,8.9,38.4,14.5,423.1,731.0,19096.4,84.7,6859.6,4692.8,"{'timestamp': '2026-09-06T12:33:32.635104+00:00', 'model_version': 'llama3.1:8b', 'prompt_hash': 'a6af280e'}"
15,real_mixed_46,llama3.1:8b_kb_rag,80.10710597038269,44.28,0,direct_json,0.5,0.21428571428571427,0.3,0.0,0,8.9,44.9,42.4,426.1,731.0,19095.6,84.7,6859.6,4692.8,"{'timestamp': '2026-09-06T12:33:35.008945+00:00', 'model_version': 'llama3.1:8b', 'prompt_hash': 'a6af280e'}"
15,real_mixed_47,llama3.1:8b_kb_rag,87.68901085853577,43.28,0,direct_json,0.7692307692307693,0.7692307692307693,0.7692307692307693,0.07692307692307693,2,10.5,45.8,13.3,411.9,731.0,19089.3,84.7,6859.6,4692.8,"{'timestamp': '2026-09-06T12:33:42.609195+00:00', 'model_version': 'llama3.1:8b', 'prompt_hash': 'a6af280e'}"
15,real_mixed_48,llama3.1:8b_kb_rag,83.13147497177124,44.22,0,direct_json,0.25,0.3333333333333333,0.28571428571428575,0.0,0,8.9,44.9,14.9,421.9,731.0,19090.5,84.7,6859.6,4692.8,"{'timestamp': '2026-09-06T12:33:38.027603+00:00', 'model_version': 'llama3.1:8b', 'prompt_hash': 'a6af280e'}"
16,real_mixed_49,llama3.1:8b_kb_rag,88.17759609222412,43.06,0,direct_json,0.5384615384615384,0.5,0.5185185185185186,0.07692307692307693,1,9.0,44.9,14.1,414.9,731.1,19098.2,84.7,6859.6,4692.8,"{'timestamp': '2026-09-06T12:33:49.795898+00:00', 'model_version': 'llama3.1:8b', 'prompt_hash': 'a6af280e'}"
16,real_mixed_50,llama3.1:8b_kb_rag,84.11318397521973,43.86,0,direct_json,0.5,0.45454545454545453,0.47619047619047616,0.0,0,9.0,44.9,14.6,416.3,731.0,19105.1,84.7,6859.6,4692.8,"{'timestamp': '2026-09-06T12:33:45.724492+00:00', 'model_version': 'llama3.1:8b', 'prompt_hash': 'a6af280e'}"
16,real_mixed_51,llama3.1:8b_kb_rag,90.17317390441895,44.91,0,direct_json,0.0,0.0,1.0,1.0,2,8.9,44.9,12.8,410.6,731.0,19095.6,84.7,6859.6,4692.8,"{'timestamp': '2026-09-06T12:33:51.786392+00:00', 'model_version': 'llama3.1:8b', 'prompt_hash': 'a6af280e'}"
17,real_mixed_52,llama3.1:8b_kb_rag,94.14197778701782,43.21,0,direct_json,0.5384615384615384,0.5,0.5185185185185186,0.0,0,16.7,100.0,13.4,416.8,731.3,19100.8,84.7,6859.6,4692.8,"{'timestamp': '2026-09-06T12:34:00.198585+00:00', 'model_version': 'llama3.1:8b', 'prompt_hash': 'a6af280e'}"
17,real_mixed_53,llama3.1:8b_kb_rag,90.6421959400177,43.99,0,direct_json,0.4166666666666667,0.8333333333333334,0.5555555555555556,0.0,0,15.4,100.0,13.9,417.9,731.3,19099.8,84.7,6859.6,4692.8,"{'timestamp': '2026-09-06T12:33:56.689966+00:00', 'model_version': 'llama3.1:8b', 'prompt_hash': 'a6af280e'}"
17,real_mixed_54,llama3.1:8b_kb_rag,87.6082010269165,43.49,0,direct_json,0.42857142857142855,0.75,0.5454545454545454,0.0,0,14.3,50.0,13.5,415.3,731.3,19101.6,84.7,6859.6,4692.8,"{'timestamp': '2026-09-06T12:33:53.657507+00:00', 'model_version': 'llama3.1:8b', 'prompt_hash': 'a6af280e'}"
18,real_mixed_55,llama3.1:8b_kb_rag,96.70382285118103,43.01,0,direct_json,0.2727272727272727,0.3333333333333333,0.3,0.0,0,10.7,75.0,12.0,403.6,731.3,19126.8,84.7,6859.6,4692.8,"{'timestamp': '2026-09-06T12:34:13.349564+00:00', 'model_version': 'llama3.1:8b', 'prompt_hash': 'a6af280e'}"
18,real_mixed_56,llama3.1:8b_kb_rag,93.19236469268799,42.89,0,direct_json,0.23529411764705882,0.2857142857142857,0.2580645161290323,0.0,0,9.6,44.9,13.2,407.0,731.2,19115.4,84.7,6859.6,4692.8,"{'timestamp': '2026-09-06T12:34:09.842646+00:00', 'model_version': 'llama3.1:8b', 'prompt_hash': 'a6af280e'}"
18,real_mixed_57,llama3.1:8b_kb_rag,88.14449620246887,42.96,0,direct_json,0.6086956521739131,0.7777777777777778,0.6829268292682927,0.17391304347826086,4,12.4,53.8,13.8,410.6,731.2,19101.9,84.7,6859.6,4692.8,"{'timestamp': '2026-09-06T12:34:04.791141+00:00', 'model_version': 'llama3.1:8b', 'prompt_hash': 'a6af280e'}"
19,real_mixed_58,llama3.1:8b_kb_rag,92.2086489200592,43.11,0,direct_json,0.38461538461538464,0.45454545454545453,0.41666666666666663,0.0,0,9.5,44.9,13.5,407.2,699.1,19146.3,84.7,6859.6,4692.8,"{'timestamp': '2026-09-06T12:34:16.723815+00:00', 'model_version': 'llama3.1:8b', 'prompt_hash': 'a6af280e'}"
19,real_mixed_59,llama3.1:8b_kb_rag,99.25499486923218,42.01,0,direct_json,0.7727272727272727,0.8947368421052632,0.8292682926829269,0.0,0,9.5,44.9,12.5,398.5,699.1,19161.4,84.7,6859.6,4692.8,"{'timestamp': '2026-09-06T12:34:23.767625+00:00', 'model_version': 'llama3.1:8b', 'prompt_hash': 'a6af280e'}"
19,real_mixed_60,llama3.1:8b_kb_rag,102.77291107177734,42.66,0,direct_json,0.6363636363636364,0.5384615384615384,0.5833333333333334,0.0,0,9.3,44.9,11.5,391.9,699.1,19170.3,84.7,6859.6,4692.8,"{'timestamp': '2026-09-06T12:34:27.294838+00:00', 'model_version': 'llama3.1:8b', 'prompt_hash': 'a6af280e'}"
20,real_mixed_61,llama3.1:8b_kb_rag,110.81371307373047,40.64,0,direct_json,0.5483870967741935,0.5862068965517241,0.5666666666666665,0.0,0,9.5,44.9,11.5,368.3,698.2,19188.8,84.7,6859.6,4692.8,"{'timestamp': '2026-09-06T12:34:43.481775+00:00', 'model_version': 'llama3.1:8b', 'prompt_hash': 'a6af280e'}"
20,real_mixed_62,llama3.1:8b_kb_rag,99.73183679580688,42.77,0,direct_json,0.35714285714285715,0.45454545454545453,0.4,0.0,0,9.7,44.9,12.3,384.7,698.2,19186.5,84.7,6859.6,4692.8,"{'timestamp': '2026-09-06T12:34:32.366569+00:00', 'model_version': 'llama3.1:8b', 'prompt_hash': 'a6af280e'}"
20,real_mixed_63,llama3.1:8b_kb_rag,113.8212640285492,44.11,0,direct_json,0.1,0.125,0.11111111111111112,0.0,0,9.4,44.9,10.4,362.5,698.2,19191.3,84.7,6859.6,4692.8,"{'timestamp': '2026-09-06T12:34:46.464437+00:00', 'model_version': 'llama3.1:8b', 'prompt_hash': 'a6af280e'}"
21,real_mixed_64,llama3.1:8b_kb_rag,105.78182625770569,43.6,0,direct_json,0.0,0.0,1.0,0.0,0,14.0,100.0,19.9,351.5,604.0,19191.0,84.7,6859.6,4692.8,"{'timestamp': '2026-09-06T12:34:48.606584+00:00', 'model_version': 'llama3.1:8b', 'prompt_hash': 'a6af280e'}"
21,real_mixed_65,llama3.1:8b_kb_rag,111.81854486465454,42.96,0,direct_json,0.4,0.25,0.3076923076923077,0.0,0,12.5,58.3,11.3,350.2,604.0,19191.5,84.7,6859.6,4692.8,"{'timestamp': '2026-09-06T12:34:54.651323+00:00', 'model_version': 'llama3.1:8b', 'prompt_hash': 'a6af280e'}"
21,real_mixed_66,llama3.1:8b_kb_rag,109.37439107894897,42.38,0,direct_json,0.6923076923076923,0.45,0.5454545454545455,0.0,0,10.2,48.1,11.0,353.2,603.9,19186.3,84.7,6859.6,4692.8,"{'timestamp': '2026-09-06T12:34:52.223955+00:00', 'model_version': 'llama3.1:8b', 'prompt_hash': 'a6af280e'}"
22,real_mixed_67,llama3.1:8b_kb_rag,109.21943616867065,42.43,0,direct_json,0.4,0.35294117647058826,0.37500000000000006,0.13333333333333333,2,9.9,44.9,13.5,352.3,600.6,19200.8,84.7,6859.6,4692.8,"{'timestamp': '2026-09-06T12:35:03.526680+00:00', 'model_version': 'llama3.1:8b', 'prompt_hash': 'a6af280e'}"
22,real_mixed_68,llama3.1:8b_kb_rag,105.71883606910706,42.76,0,direct_json,0.5714285714285714,0.9230769230769231,0.7058823529411765,0.0,0,9.9,44.9,13.4,354.8,600.6,19195.5,84.7,6859.6,4692.8,"{'timestamp': '2026-09-06T12:35:00.017478+00:00', 'model_version': 'llama3.1:8b', 'prompt_hash': 'a6af280e'}"
22,real_mixed_69,llama3.1:8b_kb_rag,113.33211016654968,42.91,0,direct_json,0.625,0.4166666666666667,0.5,0.0,0,9.9,44.9,10.7,346.5,600.6,19210.7,84.7,6859.6,4692.8,"{'timestamp': '2026-09-06T12:35:07.649290+00:00', 'model_version': 'llama3.1:8b', 'prompt_hash': 'a6af280e'}"
23,real_mixed_70,llama3.1:8b_kb_rag,99.29248309135437,42.63,0,direct_json,0.6190476190476191,0.6190476190476191,0.6190476190476191,0.0,0,12.0,50.0,13.6,347.0,600.2,19237.6,84.7,6859.6,4692.8,"{'timestamp': '2026-09-06T12:35:12.369358+00:00', 'model_version': 'llama3.1:8b', 'prompt_hash': 'a6af280e'}"
23,real_mixed_71,llama3.1:8b_kb_rag,106.27820301055908,44.0,0,direct_json,0.0,0.0,1.0,0.6666666666666666,2,15.8,53.8,11.7,339.1,598.3,19246.2,84.7,6859.6,4692.8,"{'timestamp': '2026-09-06T12:35:19.347890+00:00', 'model_version': 'llama3.1:8b', 'prompt_hash': 'a6af280e'}"
23,real_mixed_72,llama3.1:8b_kb_rag,103.75536894798279,43.41,0,direct_json,0.36363636363636365,0.5714285714285714,0.4444444444444444,0.3181818181818182,7,15.6,100.0,11.9,342.3,598.3,19244.5,84.7,6859.6,4692.8,"{'timestamp': '2026-09-06T12:35:16.833500+00:00', 'model_version': 'llama3.1:8b', 'prompt_hash': 'a6af280e'}"
24,real_mixed_73,llama3.1:8b_kb_rag,103.25220894813538,43.26,0,direct_json,0.7,0.4666666666666667,0.56,0.0,0,10.5,42.5,12.7,360.6,665.0,19267.8,84.6,6859.6,4692.8,"{'timestamp': '2026-09-06T12:35:26.264055+00:00', 'model_version': 'llama3.1:8b', 'prompt_hash': 'a6af280e'}"
24,real_mixed_74,llama3.1:8b_kb_rag,100.18267893791199,43.59,0,direct_json,0.6666666666666666,0.6,0.631578947368421,0.0,0,10.5,42.5,13.2,358.1,665.0,19268.1,84.6,6859.6,4692.8,"{'timestamp': '2026-09-06T12:35:23.187718+00:00', 'model_version': 'llama3.1:8b', 'prompt_hash': 'a6af280e'}"
24,real_mixed_75,llama3.1:8b_kb_rag,106.25994396209717,43.82,0,direct_json,0.5,0.6666666666666666,0.5714285714285715,0.0,0,10.3,42.5,11.8,361.2,665.0,19268.8,84.6,6859.6,4692.8,"{'timestamp': '2026-09-06T12:35:29.254743+00:00', 'model_version': 'llama3.1:8b', 'prompt_hash': 'a6af280e'}"
25,real_mixed_76,llama3.1:8b_kb_rag,98.23908400535583,44.76,0,direct_json,0.0,1.0,0.0,0.0,0,15.1,100.0,13.3,356.8,684.5,19294.3,84.6,6859.6,4692.8,"{'timestamp': '2026-09-06T12:35:30.429057+00:00', 'model_version': 'llama3.1:8b', 'prompt_hash': 'a6af280e'}"
25,real_mixed_77,llama3.1:8b_kb_rag,102.41046404838562,43.44,0,direct_json,0.6153846153846154,0.4,0.4848484848484849,0.0,0,13.5,66.7,12.3,366.9,679.2,19287.6,84.6,6859.6,4692.8,"{'timestamp': '2026-09-06T12:35:34.640375+00:00', 'model_version': 'llama3.1:8b', 'prompt_hash': 'a6af280e'}"
25,real_mixed_78,llama3.1:8b_kb_rag,107.4375250339508,42.93,0,direct_json,0.3333333333333333,1.0,0.5,0.25,3,13.4,66.7,12.4,368.5,679.2,19281.4,84.6,6859.6,4692.8,"{'timestamp': '2026-09-06T12:35:39.638570+00:00', 'model_version': 'llama3.1:8b', 'prompt_hash': 'a6af280e'}"
26,real_mixed_79,llama3.1:8b_kb_rag,118.88560891151428,40.82,0,direct_json,0.6153846153846154,0.8,0.6956521739130435,0.0,0,9.9,42.5,11.2,374.9,687.1,19313.6,84.6,6859.6,4692.8,"{'timestamp': '2026-09-06T12:35:59.514464+00:00', 'model_version': 'llama3.1:8b', 'prompt_hash': 'a6af280e'}"
26,real_mixed_80,llama3.1:8b_kb_rag,107.81694483757019,42.92,0,direct_json,0.45714285714285713,0.6666666666666666,0.5423728813559322,0.05714285714285714,2,10.3,50.5,12.7,380.1,687.1,19300.5,84.6,6859.6,4692.8,"{'timestamp': '2026-09-06T12:35:48.465529+00:00', 'model_version': 'llama3.1:8b', 'prompt_hash': 'a6af280e'}"
26,real_mixed_81,llama3.1:8b_kb_rag,110.83182191848755,43.49,0,direct_json,0.4444444444444444,0.36363636363636365,0.39999999999999997,0.0,0,10.0,42.5,11.3,380.4,687.1,19303.6,84.6,6859.6,4692.8,"{'timestamp': '2026-09-06T12:35:51.470034+00:00', 'model_version': 'llama3.1:8b', 'prompt_hash': 'a6af280e'}"
27,real_mixed_82,llama3.1:8b_kb_rag,111.88707304000854,43.17,0,direct_json,0.3333333333333333,0.4444444444444444,0.380952380952381,0.0,0,15.7,50.3,12.1,366.5,687.1,19305.1,84.6,6859.6,4692.8,"{'timestamp': '2026-09-06T12:36:05.703417+00:00', 'model_version': 'llama3.1:8b', 'prompt_hash': 'a6af280e'}"
27,real_mixed_83,llama3.1:8b_kb_rag,108.85966205596924,42.8,0,direct_json,0.8,0.8,0.8000000000000002,0.0,0,14.6,100.0,12.2,369.2,687.1,19307.6,84.6,6859.6,4692.8,"{'timestamp': '2026-09-06T12:36:02.676785+00:00', 'model_version': 'llama3.1:8b', 'prompt_hash': 'a6af280e'}"
27,real_mixed_84,llama3.1:8b_kb_rag,114.50636315345764,44.15,0,direct_json,0.75,0.6666666666666666,0.7058823529411765,0.125,1,12.1,100.0,11.1,364.2,687.1,19304.0,84.6,6859.6,4692.8,"{'timestamp': '2026-09-06T12:36:08.324867+00:00', 'model_version': 'llama3.1:8b', 'prompt_hash': 'a6af280e'}"
28,real_mixed_85,llama3.1:8b_kb_rag,106.40790891647339,43.99,0,direct_json,0.7142857142857143,0.625,0.6666666666666666,0.0,0,9.7,42.3,12.3,373.4,687.1,19289.3,84.6,6859.6,4692.8,"{'timestamp': '2026-09-06T12:36:14.147146+00:00', 'model_version': 'llama3.1:8b', 'prompt_hash': 'a6af280e'}"
28,real_mixed_86,llama3.1:8b_kb_rag,109.83104991912842,43.53,0,direct_json,0.8181818181818182,0.6923076923076923,0.7500000000000001,0.0,0,9.8,42.3,12.0,370.3,687.1,19289.0,84.6,6859.6,4692.8,"{'timestamp': '2026-09-06T12:36:17.577383+00:00', 'model_version': 'llama3.1:8b', 'prompt_hash': 'a6af280e'}"
28,real_mixed_87,llama3.1:8b_kb_rag,103.85986399650574,43.73,0,direct_json,0.7142857142857143,0.7142857142857143,0.7142857142857143,0.0,0,9.8,42.3,11.9,374.8,687.1,19290.9,84.6,6859.6,4692.8,"{'timestamp': '2026-09-06T12:36:11.595801+00:00', 'model_version': 'llama3.1:8b', 'prompt_hash': 'a6af280e'}"
29,real_mixed_88,llama3.1:8b_kb_rag,93.26658010482788,43.88,0,direct_json,0.4,1.0,0.5714285714285715,0.0,0,9.7,42.3,17.6,395.1,687.1,19302.9,84.5,6859.6,4692.8,"{'timestamp': '2026-09-06T12:36:20.128954+00:00', 'model_version': 'llama3.1:8b', 'prompt_hash': 'a6af280e'}"
29,real_mixed_89,llama3.1:8b_kb_rag,101.76072883605957,43.47,0,direct_json,0.5714285714285714,0.3076923076923077,0.4,0.0,0,9.6,42.3,12.2,386.0,687.1,19303.5,84.5,6859.6,4692.8,"{'timestamp': '2026-09-06T12:36:28.636506+00:00', 'model_version': 'llama3.1:8b', 'prompt_hash': 'a6af280e'}"
29,real_mixed_90,llama3.1:8b_kb_rag,98.87010526657104,42.93,0,direct_json,0.25,0.625,0.35714285714285715,0.0,0,9.7,42.3,12.9,390.6,687.1,19303.1,84.5,6859.6,4692.8,"{'timestamp': '2026-09-06T12:36:25.734365+00:00', 'model_version': 'llama3.1:8b', 'prompt_hash': 'a6af280e'}"
30,real_mixed_91,llama3.1:8b_kb_rag,100.84057807922363,42.28,0,direct_json,0.7,0.5833333333333334,0.6363636363636365,0.0,0,14.0,90.6,12.7,386.1,687.1,19310.6,84.6,6859.6,4692.8,"{'timestamp': '2026-09-06T12:36:35.910559+00:00', 'model_version': 'llama3.1:8b', 'prompt_hash': 'a6af280e'}"
30,real_mixed_92,llama3.1:8b_kb_rag,104.29393196105957,43.05,0,direct_json,0.5384615384615384,0.4666666666666667,0.5,0.07692307692307693,1,9.5,42.3,11.9,381.2,687.1,19307.4,84.6,6859.6,4692.8,"{'timestamp': '2026-09-06T12:36:39.367736+00:00', 'model_version': 'llama3.1:8b', 'prompt_hash': 'a6af280e'}"
30,real_mixed_93,llama3.1:8b_kb_rag,97.33213424682617,42.83,0,direct_json,0.6666666666666666,0.8,0.7272727272727272,0.0,0,13.6,90.6,13.0,390.3,687.1,19312.3,84.5,6859.6,4692.8,"{'timestamp': '2026-09-06T12:36:32.399407+00:00', 'model_version': 'llama3.1:8b', 'prompt_hash': 'a6af280e'}"
31,real_mixed_94,llama3.1:8b_kb_rag,97.28781604766846,42.35,0,direct_json,0.6,0.45,0.5142857142857143,0.13333333333333333,2,9.3,46.0,12.9,399.1,687.1,19292.8,84.6,6859.6,4692.8,"{'timestamp': '2026-09-06T12:36:45.369148+00:00', 'model_version': 'llama3.1:8b', 'prompt_hash': 'a6af280e'}"
31,real_mixed_95,llama3.1:8b_kb_rag,93.76870918273926,42.94,0,direct_json,0.1111111111111111,0.5,0.1818181818181818,0.0,0,9.3,46.0,13.0,392.4,687.1,19294.6,84.6,6859.6,4692.8,"{'timestamp': '2026-09-06T12:36:41.826456+00:00', 'model_version': 'llama3.1:8b', 'prompt_hash': 'a6af280e'}"
31,real_mixed_96,llama3.1:8b_kb_rag,100.33148694038391,43.4,0,direct_json,0.5714285714285714,0.6666666666666666,0.6153846153846153,0.0,0,9.3,46.0,12.1,398.8,687.1,19297.0,84.6,6859.6,4692.8,"{'timestamp': '2026-09-06T12:36:48.415227+00:00', 'model_version': 'llama3.1:8b', 'prompt_hash': 'a6af280e'}"
32,real_mixed_97,llama3.1:8b_kb_rag,92.74255800247192,44.41,0,direct_json,0.4,0.4444444444444444,0.4210526315789474,0.0,0,13.3,62.5,11.5,410.1,687.1,19290.1,84.6,6859.6,4692.8,"{'timestamp': '2026-09-06T12:36:52.569193+00:00', 'model_version': 'llama3.1:8b', 'prompt_hash': 'a6af280e'}"
32,real_mixed_98,llama3.1:8b_kb_rag,97.84389781951904,43.09,0,direct_json,0.4,0.21428571428571427,0.27906976744186046,0.0,0,12.2,55.0,11.2,407.4,687.1,19298.2,84.6,6859.6,4692.8,"{'timestamp': '2026-09-06T12:36:57.691837+00:00', 'model_version': 'llama3.1:8b', 'prompt_hash': 'a6af280e'}"
32,real_mixed_99,llama3.1:8b_kb_rag,90.69366979598999,44.22,0,direct_json,0.125,0.5,0.2,0.0,0,17.0,90.6,12.1,409.6,687.1,19285.3,84.6,6859.6,4692.8,"{'timestamp': '2026-09-06T12:36:50.511649+00:00', 'model_version': 'llama3.1:8b', 'prompt_hash': 'a6af280e'}"
33,real_mixed_100,llama3.1:8b_kb_rag,95.17818307876587,43.33,0,direct_json,0.0,0.0,1.0,0.0,0,9.2,46.0,10.8,383.0,687.1,19309.3,84.5,6859.6,4692.8,"{'timestamp': '2026-09-06T12:37:04.828778+00:00', 'model_version': 'llama3.1:8b', 'prompt_hash': 'a6af280e'}"
33,real_mixed_101,llama3.1:8b_kb_rag,91.65087103843689,43.52,0,direct_json,0.5,0.5714285714285714,0.5333333333333333,0.0,0,9.0,46.0,15.2,391.4,687.1,19303.6,84.6,6859.6,4692.8,"{'timestamp': '2026-09-06T12:37:01.290561+00:00', 'model_version': 'llama3.1:8b', 'prompt_hash': 'a6af280e'}"
33,real_mixed_102,llama3.1:8b_kb_rag,89.15065217018127,46.51,0,direct_json,0.0,1.0,0.0,0.0,0,9.1,46.0,10.7,395.8,687.1,19300.6,84.6,6859.6,4692.8,"{'timestamp': '2026-09-06T12:36:58.791078+00:00', 'model_version': 'llama3.1:8b', 'prompt_hash': 'a6af280e'}"
34,real_mixed_103,llama3.1:8b_kb_rag,86.60307288169861,45.09,0,direct_json,0.0,1.0,0.0,0.0,0,13.2,46.0,9.4,366.6,687.1,19328.0,84.5,6859.6,4692.8,"{'timestamp': '2026-09-06T12:37:06.669895+00:00', 'model_version': 'llama3.1:8b', 'prompt_hash': 'a6af280e'}"
34,real_mixed_104,llama3.1:8b_kb_rag,89.69412088394165,43.68,0,direct_json,0.29411764705882354,0.5,0.37037037037037035,0.11764705882352941,2,10.9,46.0,9.1,359.9,687.1,19328.5,84.5,6859.6,4692.8,"{'timestamp': '2026-09-06T12:37:09.779716+00:00', 'model_version': 'llama3.1:8b', 'prompt_hash': 'a6af280e'}"
34,real_mixed_105,llama3.1:8b_kb_rag,93.24816083908081,43.28,0,direct_json,0.7,0.7,0.7,0.0,0,10.9,46.0,8.7,352.2,687.1,19331.9,84.5,6859.6,4692.8,"{'timestamp': '2026-09-06T12:37:13.334051+00:00', 'model_version': 'llama3.1:8b', 'prompt_hash': 'a6af280e'}"
35,real_mixed_106,llama3.1:8b_kb_rag,80.71313619613647,44.77,0,direct_json,0.2,0.5,0.28571428571428575,0.0,0,10.4,46.0,9.2,313.9,613.2,19332.4,84.5,6859.6,4692.8,"{'timestamp': '2026-09-06T12:37:20.651575+00:00', 'model_version': 'llama3.1:8b', 'prompt_hash': 'a6af280e'}"
35,real_mixed_107,llama3.1:8b_kb_rag,79.07679510116577,42.79,0,direct_json,0.8,0.9230769230769231,0.8571428571428571,0.0,0,10.4,46.0,8.6,318.4,613.2,19329.6,84.5,6859.6,4692.8,"{'timestamp': '2026-09-06T12:37:19.019985+00:00', 'model_version': 'llama3.1:8b', 'prompt_hash': 'a6af280e'}"
35,real_mixed_108,llama3.1:8b_kb_rag,83.60604786872864,43.27,0,direct_json,0.36363636363636365,0.8,0.5000000000000001,0.0,0,10.2,46.0,9.0,308.0,613.2,19339.8,84.5,6859.6,4692.8,"{'timestamp': '2026-09-06T12:37:23.542663+00:00', 'model_version': 'llama3.1:8b', 'prompt_hash': 'a6af280e'}"
36,real_mixed_109,llama3.1:8b_kb_rag,84.11602878570557,43.35,0,direct_json,0.75,0.625,0.6818181818181818,0.0,0,16.0,66.7,7.7,289.9,613.2,19357.4,84.4,6859.6,4692.8,"{'timestamp': '2026-09-06T12:37:32.875580+00:00', 'model_version': 'llama3.1:8b', 'prompt_hash': 'a6af280e'}"
36,real_mixed_110,llama3.1:8b_kb_rag,79.06498908996582,43.54,0,direct_json,0.5454545454545454,0.3333333333333333,0.41379310344827586,0.0,0,17.5,83.9,7.7,300.8,613.2,19356.2,84.4,6859.6,4692.8,"{'timestamp': '2026-09-06T12:37:27.808386+00:00', 'model_version': 'llama3.1:8b', 'prompt_hash': 'a6af280e'}"
36,real_mixed_111,llama3.1:8b_kb_rag,90.16080617904663,44.09,0,direct_json,0.7027027027027027,0.8666666666666667,0.7761194029850748,0.02702702702702703,1,15.3,46.0,6.5,277.2,613.2,19363.8,84.4,6859.6,4692.8,"{'timestamp': '2026-09-06T12:37:38.925004+00:00', 'model_version': 'llama3.1:8b', 'prompt_hash': 'a6af280e'}"
37,real_mixed_112,llama3.1:8b_kb_rag,83.5676281452179,44.06,0,direct_json,0.3333333333333333,0.6,0.42857142857142855,0.0,0,10.9,46.0,16.9,261.6,614.1,19383.8,84.3,6859.6,4692.8,"{'timestamp': '2026-09-06T12:37:41.569594+00:00', 'model_version': 'llama3.1:8b', 'prompt_hash': 'a6af280e'}"
37,real_mixed_113,llama3.1:8b_kb_rag,86.582190990448,43.84,0,direct_json,1.0,0.7777777777777778,0.8750000000000001,0.0,0,11.4,46.8,5.5,256.1,614.0,19392.1,84.3,6859.6,4692.8,"{'timestamp': '2026-09-06T12:37:44.596492+00:00', 'model_version': 'llama3.1:8b', 'prompt_hash': 'a6af280e'}"
37,real_mixed_114,llama3.1:8b_kb_rag,89.63529205322266,43.86,0,direct_json,0.38461538461538464,0.7142857142857143,0.5,0.07692307692307693,1,10.4,48.1,5.2,250.9,614.1,19399.8,84.3,6859.6,4692.8,"{'timestamp': '2026-09-06T12:37:47.648614+00:00', 'model_version': 'llama3.1:8b', 'prompt_hash': 'a6af280e'}"
38,real_mixed_115,llama3.1:8b_kb_rag,80.09000396728516,44.87,0,direct_json,0.6,1.0,0.7499999999999999,0.0,0,11.4,46.3,4.7,235.1,595.1,19417.2,84.2,6859.6,4692.8,"{'timestamp': '2026-09-06T12:37:49.130472+00:00', 'model_version': 'llama3.1:8b', 'prompt_hash': 'a6af280e'}"
38,real_mixed_116,llama3.1:8b_kb_rag,82.58936905860901,44.55,0,direct_json,0.5,1.0,0.6666666666666666,0.25,1,12.5,60.0,3.9,231.1,595.1,19420.8,84.2,6859.6,4692.8,"{'timestamp': '2026-09-06T12:37:51.634519+00:00', 'model_version': 'llama3.1:8b', 'prompt_hash': 'a6af280e'}"
38,real_mixed_117,llama3.1:8b_kb_rag,87.13039898872375,43.2,0,direct_json,0.4,0.5,0.4444444444444445,0.0,0,13.4,75.0,4.5,224.1,595.1,19405.6,84.2,6859.6,4692.8,"{'timestamp': '2026-09-06T12:37:56.188808+00:00', 'model_version': 'llama3.1:8b', 'prompt_hash': 'a6af280e'}"
39,real_mixed_118,llama3.1:8b_kb_rag,84.5648181438446,43.76,0,direct_json,0.5555555555555556,1.0,0.7142857142857143,0.0,0,11.1,49.2,2.6,208.3,578.9,19402.2,84.2,6859.6,4692.8,"{'timestamp': '2026-09-06T12:38:04.368456+00:00', 'model_version': 'llama3.1:8b', 'prompt_hash': 'a6af280e'}"
39,real_mixed_119,llama3.1:8b_kb_rag,82.54584407806396,44.18,0,direct_json,0.6666666666666666,0.6666666666666666,0.6666666666666666,0.0,0,11.6,47.9,24.8,208.7,578.9,19407.4,84.2,6859.6,4692.8,"{'timestamp': '2026-09-06T12:38:02.342915+00:00', 'model_version': 'llama3.1:8b', 'prompt_hash': 'a6af280e'}"
39,real_mixed_120,llama3.1:8b_kb_rag,79.57585597038269,44.2,0,direct_json,0.3333333333333333,0.8,0.47058823529411764,0.0,0,10.5,49.7,20.8,208.5,578.9,19415.5,84.2,6859.6,4692.8,"{'timestamp': '2026-09-06T12:37:59.368576+00:00', 'model_version': 'llama3.1:8b', 'prompt_hash': 'a6af280e'}"
0,real_mixed_1,nemotron-mini:4b_baseline,18.643733978271484,76.93,0,direct_json,0.3333333333333333,0.07692307692307693,0.125,0.6666666666666666,2,17.8,66.7,24.1,223.2,223.6,16962.9,65.8,2461.9,2572.4,"{'timestamp': '2026-09-06T12:38:25.211748+00:00', 'model_version': 'nemotron-mini:4b', 'prompt_hash': 'a6af280e'}"
0,real_mixed_2,nemotron-mini:4b_baseline,22.657455682754517,75.89,0,direct_json,0.375,0.25,0.3,0.0,0,10.7,56.5,10.5,223.3,223.6,17213.9,66.2,2461.9,2572.4,"{'timestamp': '2026-09-06T12:38:29.229958+00:00', 'model_version': 'nemotron-mini:4b', 'prompt_hash': 'a6af280e'}"
0,real_mixed_3,nemotron-mini:4b_baseline,6.56648588180542,75.4,0,direct_json,0.2222222222222222,0.16666666666666666,0.1904761904761905,0.0,0,14.1,56.5,81.6,223.2,223.6,15905.4,64.0,2461.9,2572.4,"{'timestamp': '2026-09-06T12:38:13.152192+00:00', 'model_version': 'nemotron-mini:4b', 'prompt_hash': 'a6af280e'}"
1,real_mixed_4,nemotron-mini:4b_baseline,5.036926984786987,75.52,0,direct_json,0.3333333333333333,0.2857142857142857,0.30769230769230765,0.16666666666666666,2,15.1,56.5,68.0,222.6,223.6,15648.8,63.5,2461.9,2572.4,"{'timestamp': '2026-09-06T12:38:11.622975+00:00', 'model_version': 'nemotron-mini:4b', 'prompt_hash': 'a6af280e'}"
1,real_mixed_5,nemotron-mini:4b_baseline,8.063068151473999,76.59,0,direct_json,0.6,0.3,0.4,0.0,0,12.4,56.5,40.5,223.0,223.6,16092.2,64.3,2461.9,2572.4,"{'timestamp': '2026-09-06T12:38:14.636946+00:00', 'model_version': 'nemotron-mini:4b', 'prompt_hash': 'a6af280e'}"
1,real_mixed_6,nemotron-mini:4b_baseline,24.214815855026245,76.94,0,direct_json,0.8571428571428571,0.3333333333333333,0.48,0.0,0,9.8,56.5,11.2,223.3,223.7,17287.7,66.3,2461.9,2572.4,"{'timestamp': '2026-09-06T12:38:30.797744+00:00', 'model_version': 'nemotron-mini:4b', 'prompt_hash': 'a6af280e'}"
2,real_mixed_7,nemotron-mini:4b_baseline,16.10305380821228,75.23,0,direct_json,0.13333333333333333,0.14285714285714285,0.1379310344827586,0.0,0,17.6,56.5,19.9,223.1,223.6,16790.7,65.5,2461.9,2572.4,"{'timestamp': '2026-09-06T12:38:22.680162+00:00', 'model_version': 'nemotron-mini:4b', 'prompt_hash': 'a6af280e'}"
2,real_mixed_8,nemotron-mini:4b_baseline,17.651242971420288,76.1,0,direct_json,0.0,0.0,1.0,0.0,0,10.9,56.5,26.6,223.2,223.6,16900.9,65.7,2461.9,2572.4,"{'timestamp': '2026-09-06T12:38:24.216188+00:00', 'model_version': 'nemotron-mini:4b', 'prompt_hash': 'a6af280e'}"
2,real_mixed_9,nemotron-mini:4b_baseline,30.726891040802002,76.23,0,direct_json,0.1,0.1,0.10000000000000002,0.1,1,12.8,56.5,15.4,223.4,223.9,17606.2,66.8,2461.9,2572.4,"{'timestamp': '2026-09-06T12:38:37.297386+00:00', 'model_version': 'nemotron-mini:4b', 'prompt_hash': 'a6af280e'}"
6,real_mixed_19,nemotron-mini:4b_baseline,31.776647329330444,78.96,0,direct_json,1.0,0.15,0.2608695652173913,0.0,0,8.9,56.5,17.3,223.5,224.1,17646.9,66.9,2461.9,2572.4,"{'timestamp': '2026-09-06T12:38:38.374922+00:00', 'model_version': 'nemotron-mini:4b', 'prompt_hash': 'a6af280e'}"
6,real_mixed_20,nemotron-mini:4b_baseline,13.114293098449707,75.59,0,direct_json,0.2222222222222222,0.125,0.16,0.0,0,10.8,56.5,13.3,223.5,223.6,16580.7,65.2,2461.9,2572.4,"{'timestamp': '2026-09-06T12:38:19.710355+00:00', 'model_version': 'nemotron-mini:4b', 'prompt_hash': 'a6af280e'}"
6,real_mixed_21,nemotron-mini:4b_baseline,27.21737790107727,76.77,0,direct_json,1.0,0.14285714285714285,0.25,0.0,0,8.8,56.5,5.7,223.5,223.9,17442.2,66.6,2461.9,2572.4,"{'timestamp': '2026-09-06T12:38:33.807033+00:00', 'model_version': 'nemotron-mini:4b', 'prompt_hash': 'a6af280e'}"
5,real_mixed_16,nemotron-mini:4b_baseline,10.074741125106812,77.51,0,direct_json,1.0,0.2222222222222222,0.3636363636363636,0.0,0,12.1,56.5,34.1,223.1,223.6,16311.7,64.7,2461.9,2572.4,"{'timestamp': '2026-09-06T12:38:16.647161+00:00', 'model_version': 'nemotron-mini:4b', 'prompt_hash': 'a6af280e'}"
5,real_mixed_17,nemotron-mini:4b_baseline,26.214163780212402,80.32,0,direct_json,0.5,1.0,0.6666666666666666,0.0,0,9.0,56.5,19.6,223.4,223.9,17389.1,66.5,2461.9,2572.4,"{'timestamp': '2026-09-06T12:38:32.784054+00:00', 'model_version': 'nemotron-mini:4b', 'prompt_hash': 'a6af280e'}"
5,real_mixed_18,nemotron-mini:4b_baseline,33.77370309829712,74.9,0,direct_json,0.3076923076923077,0.3333333333333333,0.32,0.07692307692307693,1,9.5,56.5,11.0,223.6,224.3,17721.3,67.0,2461.9,2572.4,"{'timestamp': '2026-09-06T12:38:40.364824+00:00', 'model_version': 'nemotron-mini:4b', 'prompt_hash': 'a6af280e'}"
7,real_mixed_22,nemotron-mini:4b_baseline,42.33733105659485,79.4,0,direct_json,0.0,1.0,0.0,0.09090909090909091,1,11.3,56.5,5.7,223.7,224.5,18021.3,67.4,2461.9,2572.4,"{'timestamp': '2026-09-06T12:38:48.895403+00:00', 'model_version': 'nemotron-mini:4b', 'prompt_hash': 'a6af280e'}"
7,real_mixed_23,nemotron-mini:4b_baseline,25.210302114486694,76.08,0,direct_json,0.4,0.13333333333333333,0.2,0.0,0,8.5,56.5,22.5,223.4,223.9,17341.9,66.4,2461.9,2572.4,"{'timestamp': '2026-09-06T12:38:31.796727+00:00', 'model_version': 'nemotron-mini:4b', 'prompt_hash': 'a6af280e'}"
7,real_mixed_24,nemotron-mini:4b_baseline,28.729015111923218,76.36,0,direct_json,0.2,0.14285714285714285,0.16666666666666666,0.0,0,9.0,56.5,9.8,223.5,223.9,17513.1,66.7,2461.9,2572.4,"{'timestamp': '2026-09-06T12:38:35.304095+00:00', 'model_version': 'nemotron-mini:4b', 'prompt_hash': 'a6af280e'}"
4,real_mixed_13,nemotron-mini:4b_baseline,43.35073280334473,75.94,0,direct_json,0.3333333333333333,0.058823529411764705,0.1,0.0,0,14.1,56.5,10.9,223.7,224.6,18050.2,67.4,2461.9,2572.4,"{'timestamp': '2026-09-06T12:38:49.926719+00:00', 'model_version': 'nemotron-mini:4b', 'prompt_hash': 'a6af280e'}"
4,real_mixed_14,nemotron-mini:4b_baseline,38.31123208999634,73.75,0,direct_json,0.25,0.25,0.25,0.08333333333333333,1,9.9,56.5,15.5,223.7,224.5,17884.0,67.2,2461.9,2572.4,"{'timestamp': '2026-09-06T12:38:44.890786+00:00', 'model_version': 'nemotron-mini:4b', 'prompt_hash': 'a6af280e'}"
4,real_mixed_15,nemotron-mini:4b_baseline,40.83019804954529,75.77,0,direct_json,0.13333333333333333,0.2222222222222222,0.16666666666666669,0.0,0,10.6,56.5,13.2,223.7,224.5,17974.4,67.3,2461.9,2572.4,"{'timestamp': '2026-09-06T12:38:47.410633+00:00', 'model_version': 'nemotron-mini:4b', 'prompt_hash': 'a6af280e'}"
3,real_mixed_10,nemotron-mini:4b_baseline,11.071805953979492,77.06,0,direct_json,0.0,0.0,1.0,0.0,0,12.7,56.5,22.9,223.2,223.6,16410.3,64.9,2461.9,2572.4,"{'timestamp': '2026-09-06T12:38:17.641423+00:00', 'model_version': 'nemotron-mini:4b', 'prompt_hash': 'a6af280e'}"
3,real_mixed_11,nemotron-mini:4b_baseline,46.885340213775635,73.31,0,direct_json,0.6470588235294118,0.6111111111111112,0.6285714285714287,0.0,0,11.8,56.5,6.6,223.8,224.8,18161.5,67.5,2461.9,2572.4,"{'timestamp': '2026-09-06T12:38:53.463270+00:00', 'model_version': 'nemotron-mini:4b', 'prompt_hash': 'a6af280e'}"
3,real_mixed_12,nemotron-mini:4b_baseline,9.091067790985107,76.27,0,direct_json,0.2,0.14285714285714285,0.16666666666666666,0.0,0,12.3,56.5,57.9,223.3,223.6,16191.6,64.5,2461.9,2572.4,"{'timestamp': '2026-09-06T12:38:15.666167+00:00', 'model_version': 'nemotron-mini:4b', 'prompt_hash': 'a6af280e'}"
8,real_mixed_25,nemotron-mini:4b_baseline,35.26593089103699,76.26,0,direct_json,0.14285714285714285,0.08333333333333333,0.10526315789473685,0.0,0,10.4,56.5,15.5,223.6,224.5,17779.0,67.0,2461.9,2572.4,"{'timestamp': '2026-09-06T12:38:41.853438+00:00', 'model_version': 'nemotron-mini:4b', 'prompt_hash': 'a6af280e'}"
8,real_mixed_26,nemotron-mini:4b_baseline,21.173793077468872,75.91,0,direct_json,0.0,0.0,1.0,1.0,5,9.0,56.5,15.4,223.4,223.6,17130.2,66.1,2461.9,2572.4,"{'timestamp': '2026-09-06T12:38:27.793470+00:00', 'model_version': 'nemotron-mini:4b', 'prompt_hash': 'a6af280e'}"
8,real_mixed_27,nemotron-mini:4b_baseline,49.90437388420105,72.73,0,direct_json,0.5,0.23076923076923078,0.3157894736842105,0.16666666666666666,2,11.5,56.5,4.5,223.9,225.0,18251.7,67.6,2461.9,2572.4,"{'timestamp': '2026-09-06T12:38:56.495548+00:00', 'model_version': 'nemotron-mini:4b', 'prompt_hash': 'a6af280e'}"
11,real_mixed_34,nemotron-mini:4b_baseline,29.695995092391968,75.3,0,direct_json,0.13333333333333333,0.2,0.16,0.06666666666666667,1,11.7,58.1,5.4,224.8,225.5,19455.6,69.2,2461.9,2572.4,"{'timestamp': '2026-09-06T12:39:07.112453+00:00', 'model_version': 'nemotron-mini:4b', 'prompt_hash': 'a6af280e'}"
11,real_mixed_35,nemotron-mini:4b_baseline,32.21995687484741,75.56,0,fallback,0.0625,0.25,0.1,0.625,20,12.5,55.9,4.8,224.9,225.5,19492.0,69.2,2461.9,2572.4,"{'timestamp': '2026-09-06T12:39:09.636938+00:00', 'model_version': 'nemotron-mini:4b', 'prompt_hash': 'a6af280e'}"
11,real_mixed_36,nemotron-mini:4b_baseline,27.217029333114624,77.76,0,direct_json,0.0,0.0,1.0,0.0,0,8.8,28.6,5.6,224.8,225.5,19405.2,69.1,2461.9,2572.4,"{'timestamp': '2026-09-06T12:39:04.638749+00:00', 'model_version': 'nemotron-mini:4b', 'prompt_hash': 'a6af280e'}"
12,real_mixed_37,nemotron-mini:4b_baseline,34.75525712966919,75.78,0,direct_json,0.4444444444444444,0.3333333333333333,0.380952380952381,0.0,0,8.0,24.9,4.8,225.0,225.5,19569.0,69.3,2461.9,2572.4,"{'timestamp': '2026-09-06T12:39:13.229147+00:00', 'model_version': 'nemotron-mini:4b', 'prompt_hash': 'a6af280e'}"
12,real_mixed_38,nemotron-mini:4b_baseline,35.759323835372925,77.0,0,direct_json,1.0,0.15384615384615385,0.2666666666666667,0.0,0,7.9,24.9,4.0,225.0,225.5,19586.5,69.4,2461.9,2572.4,"{'timestamp': '2026-09-06T12:39:14.237912+00:00', 'model_version': 'nemotron-mini:4b', 'prompt_hash': 'a6af280e'}"
12,real_mixed_39,nemotron-mini:4b_baseline,32.23107624053955,75.9,0,direct_json,0.6666666666666666,0.2857142857142857,0.4,0.0,0,8.1,24.9,4.1,224.9,225.5,19526.0,69.3,2461.9,2572.4,"{'timestamp': '2026-09-06T12:39:10.703587+00:00', 'model_version': 'nemotron-mini:4b', 'prompt_hash': 'a6af280e'}"
13,real_mixed_40,nemotron-mini:4b_baseline,34.76988506317139,76.34,0,direct_json,0.6666666666666666,0.16666666666666666,0.26666666666666666,0.0,0,8.3,27.0,4.8,225.0,225.6,19643.0,69.4,2461.9,2572.4,"{'timestamp': '2026-09-06T12:39:15.246343+00:00', 'model_version': 'nemotron-mini:4b', 'prompt_hash': 'a6af280e'}"
13,real_mixed_41,nemotron-mini:4b_baseline,35.77957606315613,77.37,0,direct_json,1.0,0.1111111111111111,0.19999999999999998,0.0,0,8.2,27.0,4.6,225.1,225.6,19660.2,69.4,2461.9,2572.4,"{'timestamp': '2026-09-06T12:39:16.265570+00:00', 'model_version': 'nemotron-mini:4b', 'prompt_hash': 'a6af280e'}"
13,real_mixed_42,nemotron-mini:4b_baseline,36.758472204208374,76.39,0,direct_json,1.0,0.125,0.2222222222222222,0.0,0,8.3,27.0,5.0,225.1,225.6,19675.8,69.5,2461.9,2572.4,"{'timestamp': '2026-09-06T12:39:17.248367+00:00', 'model_version': 'nemotron-mini:4b', 'prompt_hash': 'a6af280e'}"
14,real_mixed_43,nemotron-mini:4b_baseline,37.7857608795166,68.15,0,direct_json,0.5714285714285714,0.38095238095238093,0.4571428571428571,0.07142857142857142,1,14.8,100.0,4.8,225.4,225.7,20043.4,70.0,2461.9,2572.4,"{'timestamp': '2026-09-06T12:39:26.798974+00:00', 'model_version': 'nemotron-mini:4b', 'prompt_hash': 'a6af280e'}"
14,real_mixed_44,nemotron-mini:4b_baseline,33.76266098022461,73.88,0,direct_json,0.3181818181818182,0.5,0.3888888888888889,0.09090909090909091,2,12.2,50.0,5.2,225.3,225.7,19920.4,69.7,2461.9,2572.4,"{'timestamp': '2026-09-06T12:39:22.782036+00:00', 'model_version': 'nemotron-mini:4b', 'prompt_hash': 'a6af280e'}"
14,real_mixed_45,nemotron-mini:4b_baseline,30.246630907058716,75.74,0,direct_json,0.16666666666666666,0.16666666666666666,0.16666666666666666,0.08333333333333333,1,10.8,31.0,4.8,225.3,225.7,19845.1,69.6,2461.9,2572.4,"{'timestamp': '2026-09-06T12:39:19.247077+00:00', 'model_version': 'nemotron-mini:4b', 'prompt_hash': 'a6af280e'}"
18,real_mixed_55,nemotron-mini:4b_baseline,35.809914112091064,75.33,0,direct_json,0.0,0.0,1.0,0.0,0,10.2,33.7,5.0,225.6,225.8,20845.2,70.9,2461.9,2572.4,"{'timestamp': '2026-09-06T12:39:45.562159+00:00', 'model_version': 'nemotron-mini:4b', 'prompt_hash': 'a6af280e'}"
18,real_mixed_56,nemotron-mini:4b_baseline,37.84049725532532,74.68,0,direct_json,0.1111111111111111,0.07142857142857142,0.08695652173913043,0.0,0,10.1,33.7,4.5,225.6,225.8,20866.7,70.9,2461.9,2572.4,"{'timestamp': '2026-09-06T12:39:47.606457+00:00', 'model_version': 'nemotron-mini:4b', 'prompt_hash': 'a6af280e'}"
18,real_mixed_57,nemotron-mini:4b_baseline,33.76766896247864,76.87,0,direct_json,0.3333333333333333,0.2222222222222222,0.26666666666666666,0.0,0,11.8,50.0,4.9,225.6,225.8,20820.0,70.9,2461.9,2572.4,"{'timestamp': '2026-09-06T12:39:43.523812+00:00', 'model_version': 'nemotron-mini:4b', 'prompt_hash': 'a6af280e'}"
19,real_mixed_58,nemotron-mini:4b_baseline,34.231751918792725,75.88,0,fallback,0.5,0.3076923076923077,0.380952380952381,0.0,0,10.1,33.7,8.3,225.6,225.8,20978.3,71.1,2461.9,2572.4,"{'timestamp': '2026-09-06T12:39:48.595310+00:00', 'model_version': 'nemotron-mini:4b', 'prompt_hash': 'a6af280e'}"
19,real_mixed_59,nemotron-mini:4b_baseline,38.3020281791687,74.24,0,direct_json,0.5,0.15789473684210525,0.23999999999999996,0.0,0,9.7,33.7,4.6,225.6,225.8,20996.0,71.1,2461.9,2572.4,"{'timestamp': '2026-09-06T12:39:52.645000+00:00', 'model_version': 'nemotron-mini:4b', 'prompt_hash': 'a6af280e'}"
19,real_mixed_60,nemotron-mini:4b_baseline,36.76911020278931,75.71,0,direct_json,0.5454545454545454,0.46153846153846156,0.4999999999999999,0.0,0,9.8,33.7,5.4,225.6,225.8,20990.1,71.1,2461.9,2572.4,"{'timestamp': '2026-09-06T12:39:51.118171+00:00', 'model_version': 'nemotron-mini:4b', 'prompt_hash': 'a6af280e'}"
20,real_mixed_61,nemotron-mini:4b_baseline,41.82342600822449,68.98,0,direct_json,0.5454545454545454,0.21428571428571427,0.30769230769230765,0.0,0,10.1,33.7,4.3,225.7,225.8,21095.4,71.2,2461.9,2572.4,"{'timestamp': '2026-09-06T12:39:59.236692+00:00', 'model_version': 'nemotron-mini:4b', 'prompt_hash': 'a6af280e'}"
20,real_mixed_62,nemotron-mini:4b_baseline,38.31397724151611,75.1,0,direct_json,0.1111111111111111,0.09090909090909091,0.09999999999999999,0.0,0,9.7,33.7,4.4,225.7,225.8,21075.9,71.2,2461.9,2572.4,"{'timestamp': '2026-09-06T12:39:55.720043+00:00', 'model_version': 'nemotron-mini:4b', 'prompt_hash': 'a6af280e'}"
20,real_mixed_63,nemotron-mini:4b_baseline,36.30386996269226,77.08,0,fallback,0.0,0.0,1.0,0.0,0,9.7,33.7,4.7,225.6,225.8,21065.3,71.2,2461.9,2572.4,"{'timestamp': '2026-09-06T12:39:53.709297+00:00', 'model_version': 'nemotron-mini:4b', 'prompt_hash': 'a6af280e'}"
21,real_mixed_64,nemotron-mini:4b_baseline,34.30821418762207,74.78,0,fallback,0.0,0.0,1.0,0.75,18,10.7,33.7,4.7,225.7,225.8,21221.7,71.2,2461.9,2572.4,"{'timestamp': '2026-09-06T12:40:01.215024+00:00', 'model_version': 'nemotron-mini:4b', 'prompt_hash': 'a6af280e'}"
21,real_mixed_65,nemotron-mini:4b_baseline,37.83073687553406,73.22,0,direct_json,0.25,0.25,0.25,0.0,0,13.0,100.0,4.6,225.7,225.8,21240.9,71.2,2461.9,2572.4,"{'timestamp': '2026-09-06T12:40:04.740067+00:00', 'model_version': 'nemotron-mini:4b', 'prompt_hash': 'a6af280e'}"
21,real_mixed_66,nemotron-mini:4b_baseline,35.807425022125244,74.99,0,direct_json,0.6,0.15,0.24,0.0,0,12.2,39.3,4.5,225.7,225.8,21228.9,71.2,2461.9,2572.4,"{'timestamp': '2026-09-06T12:40:02.735103+00:00', 'model_version': 'nemotron-mini:4b', 'prompt_hash': 'a6af280e'}"
15,real_mixed_46,nemotron-mini:4b_baseline,36.269004106521606,71.02,1,direct_json,1.0,0.07142857142857142,0.13333333333333333,0.0,0,17.2,39.9,4.7,225.7,225.8,21247.1,71.2,2461.9,2572.4,"{'timestamp': '2026-09-06T12:40:05.109003+00:00', 'model_version': 'nemotron-mini:4b', 'prompt_hash': 'a6af280e'}"
15,real_mixed_47,nemotron-mini:4b_baseline,40.30195212364197,73.96,0,direct_json,0.4666666666666667,0.2692307692307692,0.3414634146341463,0.0,0,12.7,100.0,4.8,225.4,225.8,20161.2,70.1,2461.9,2572.4,"{'timestamp': '2026-09-06T12:39:30.364480+00:00', 'model_version': 'nemotron-mini:4b', 'prompt_hash': 'a6af280e'}"
15,real_mixed_48,nemotron-mini:4b_baseline,40.848042249679565,76.26,0,direct_json,0.5,0.16666666666666666,0.25,0.0,0,11.6,100.0,4.7,225.4,225.8,20176.0,70.1,2461.9,2572.4,"{'timestamp': '2026-09-06T12:39:30.878543+00:00', 'model_version': 'nemotron-mini:4b', 'prompt_hash': 'a6af280e'}"
9,real_mixed_28,nemotron-mini:4b_baseline,30.220776081085205,75.8,0,direct_json,0.0,0.0,1.0,1.0,5,12.9,100.0,5.8,224.4,225.3,19157.3,68.9,2461.9,2572.4,"{'timestamp': '2026-09-06T12:38:59.559798+00:00', 'model_version': 'nemotron-mini:4b', 'prompt_hash': 'a6af280e'}"
9,real_mixed_29,nemotron-mini:4b_baseline,0.0,0.0,2,failed,1.0,0.0,0.0,0.0,0,0.0,0.0,0.0,0.0,0.0,0.0,0.0,0.0,0.0,"{'timestamp': '2026-09-06T12:40:07.063031+00:00', 'model_version': 'nemotron-mini:4b', 'prompt_hash': 'a6af280e'}"
9,real_mixed_30,nemotron-mini:4b_baseline,0.0,0.0,2,failed,1.0,0.0,0.0,0.0,0,0.0,0.0,0.0,0.0,0.0,0.0,0.0,0.0,0.0,"{'timestamp': '2026-09-06T12:40:07.531156+00:00', 'model_version': 'nemotron-mini:4b', 'prompt_hash': 'a6af280e'}"
10,real_mixed_31,nemotron-mini:4b_baseline,30.722195863723755,79.78,0,direct_json,0.4,1.0,0.5714285714285715,0.0,0,7.7,30.9,5.4,224.5,225.3,19223.4,68.9,2461.9,2572.4,"{'timestamp': '2026-09-06T12:39:01.612538+00:00', 'model_version': 'nemotron-mini:4b', 'prompt_hash': 'a6af280e'}"
10,real_mixed_32,nemotron-mini:4b_baseline,0.0,0.0,2,failed,1.0,0.0,0.0,0.0,0,0.0,0.0,0.0,0.0,0.0,0.0,0.0,0.0,0.0,"{'timestamp': '2026-09-06T12:40:08.780881+00:00', 'model_version': 'nemotron-mini:4b', 'prompt_hash': 'a6af280e'}"
10,real_mixed_33,nemotron-mini:4b_baseline,33.25309491157532,77.61,0,direct_json,1.0,0.15384615384615385,0.2666666666666667,0.0,0,7.7,30.9,5.1,224.6,225.5,19274.0,69.0,2461.9,2572.4,"{'timestamp': '2026-09-06T12:39:04.154354+00:00', 'model_version': 'nemotron-mini:4b', 'prompt_hash': 'a6af280e'}"
22,real_mixed_67,nemotron-mini:4b_baseline,27.263074159622192,74.5,0,direct_json,0.6,0.17647058823529413,0.2727272727272727,0.2,1,13.6,79.5,6.6,225.8,226.1,21681.6,71.2,2461.9,2572.4,"{'timestamp': '2026-09-06T12:40:14.990720+00:00', 'model_version': 'nemotron-mini:4b', 'prompt_hash': 'a6af280e'}"
22,real_mixed_68,nemotron-mini:4b_baseline,23.17491912841797,73.06,0,direct_json,0.2,0.15384615384615385,0.17391304347826086,0.0,0,16.4,100.0,7.5,225.8,226.1,21346.2,71.2,2461.9,2572.4,"{'timestamp': '2026-09-06T12:40:10.887918+00:00', 'model_version': 'nemotron-mini:4b', 'prompt_hash': 'a6af280e'}"
22,real_mixed_69,nemotron-mini:4b_baseline,25.73843502998352,74.98,0,direct_json,0.3125,0.20833333333333334,0.25,0.0,0,18.6,84.2,6.9,225.8,226.1,21384.1,71.2,2461.9,2572.4,"{'timestamp': '2026-09-06T12:40:13.472142+00:00', 'model_version': 'nemotron-mini:4b', 'prompt_hash': 'a6af280e'}"
24,real_mixed_73,nemotron-mini:4b_baseline,29.265156745910645,40.3,0,direct_json,0.5,0.26666666666666666,0.3478260869565218,0.0,0,13.7,79.5,6.4,226.0,226.1,25536.7,71.2,2461.9,2572.4,"{'timestamp': '2026-09-06T12:40:28.621279+00:00', 'model_version': 'nemotron-mini:4b', 'prompt_hash': 'a6af280e'}"
24,real_mixed_74,nemotron-mini:4b_baseline,24.24284601211548,40.66,0,direct_json,0.6,0.3,0.4,0.0,0,14.5,79.5,6.4,226.0,226.1,24692.2,71.2,2461.9,2572.4,"{'timestamp': '2026-09-06T12:40:23.593284+00:00', 'model_version': 'nemotron-mini:4b', 'prompt_hash': 'a6af280e'}"
24,real_mixed_75,nemotron-mini:4b_baseline,26.257127285003662,40.02,0,direct_json,0.25,0.3333333333333333,0.28571428571428575,0.0,0,14.2,79.5,6.9,226.0,226.1,25070.3,71.2,2461.9,2572.4,"{'timestamp': '2026-09-06T12:40:25.582999+00:00', 'model_version': 'nemotron-mini:4b', 'prompt_hash': 'a6af280e'}"
25,real_mixed_76,nemotron-mini:4b_baseline,24.738931894302368,40.97,0,direct_json,0.0,1.0,0.0,0.0,0,15.2,79.5,8.1,226.0,226.1,26623.5,71.1,2461.9,2572.4,"{'timestamp': '2026-09-06T12:40:29.574508+00:00', 'model_version': 'nemotron-mini:4b', 'prompt_hash': 'a6af280e'}"
25,real_mixed_77,nemotron-mini:4b_baseline,26.259954929351807,40.98,0,direct_json,0.0,0.0,1.0,0.0,0,14.5,79.5,6.5,226.0,226.1,26788.8,71.1,2461.9,2572.4,"{'timestamp': '2026-09-06T12:40:31.134937+00:00', 'model_version': 'nemotron-mini:4b', 'prompt_hash': 'a6af280e'}"
25,real_mixed_78,nemotron-mini:4b_baseline,31.79958987236023,39.37,0,direct_json,0.21428571428571427,0.75,0.3333333333333333,0.07142857142857142,1,15.0,79.5,5.6,226.0,226.1,27259.2,71.1,2461.9,2572.4,"{'timestamp': '2026-09-06T12:40:36.659833+00:00', 'model_version': 'nemotron-mini:4b', 'prompt_hash': 'a6af280e'}"
26,real_mixed_79,nemotron-mini:4b_baseline,41.91381812095642,73.44,0,direct_json,1.0,0.3,0.4615384615384615,0.0,0,22.1,91.2,4.6,226.1,226.2,27896.5,71.1,2461.9,2572.4,"{'timestamp': '2026-09-06T12:40:47.119792+00:00', 'model_version': 'nemotron-mini:4b', 'prompt_hash': 'a6af280e'}"
26,real_mixed_80,nemotron-mini:4b_baseline,39.402425050735474,40.13,0,direct_json,0.38461538461538464,0.20833333333333334,0.2702702702702703,0.0,0,22.8,91.4,4.8,226.1,226.2,27797.3,71.1,2461.9,2572.4,"{'timestamp': '2026-09-06T12:40:44.635829+00:00', 'model_version': 'nemotron-mini:4b', 'prompt_hash': 'a6af280e'}"
26,real_mixed_81,nemotron-mini:4b_baseline,35.43657112121582,40.89,0,direct_json,0.14285714285714285,0.18181818181818182,0.16,0.0,0,20.9,91.4,5.1,226.1,226.2,27602.0,71.1,2461.9,2572.4,"{'timestamp': '2026-09-06T12:40:40.670743+00:00', 'model_version': 'nemotron-mini:4b', 'prompt_hash': 'a6af280e'}"
27,real_mixed_82,nemotron-mini:4b_baseline,46.44567584991455,40.22,0,direct_json,0.0,0.0,1.0,0.0,0,17.3,88.3,4.4,226.1,226.2,28519.5,71.0,2461.9,2572.4,"{'timestamp': '2026-09-06T12:40:54.256958+00:00', 'model_version': 'nemotron-mini:4b', 'prompt_hash': 'a6af280e'}"
27,real_mixed_83,nemotron-mini:4b_baseline,42.41104292869568,45.27,0,direct_json,0.375,0.3,0.33333333333333326,0.0,0,16.5,89.4,4.4,226.1,226.2,28402.6,71.0,2461.9,2572.4,"{'timestamp': '2026-09-06T12:40:50.232352+00:00', 'model_version': 'nemotron-mini:4b', 'prompt_hash': 'a6af280e'}"
27,real_mixed_84,nemotron-mini:4b_baseline,40.89903402328491,75.25,0,direct_json,0.8,0.4444444444444444,0.5714285714285714,0.0,0,18.2,100.0,4.7,226.1,226.2,28356.2,71.0,2461.9,2572.4,"{'timestamp': '2026-09-06T12:40:48.706538+00:00', 'model_version': 'nemotron-mini:4b', 'prompt_hash': 'a6af280e'}"
16,real_mixed_49,nemotron-mini:4b_baseline,42.87707710266113,74.49,0,direct_json,0.3,0.21428571428571427,0.25,0.3,3,10.5,33.7,4.8,225.5,225.8,20360.7,70.4,2461.9,2572.4,"{'timestamp': '2026-09-06T12:39:36.467820+00:00', 'model_version': 'nemotron-mini:4b', 'prompt_hash': 'a6af280e'}"
16,real_mixed_50,nemotron-mini:4b_baseline,0.0,0.0,2,failed,1.0,0.0,0.0,0.0,0,0.0,0.0,0.0,0.0,0.0,0.0,0.0,0.0,0.0,"{'timestamp': '2026-09-06T12:40:55.569415+00:00', 'model_version': 'nemotron-mini:4b', 'prompt_hash': 'a6af280e'}"
16,real_mixed_51,nemotron-mini:4b_baseline,40.33950686454773,76.01,0,direct_json,0.14285714285714285,0.1111111111111111,0.125,0.0,0,11.3,66.7,4.7,225.5,225.8,20310.1,70.3,2461.9,2572.4,"{'timestamp': '2026-09-06T12:39:33.908776+00:00', 'model_version': 'nemotron-mini:4b', 'prompt_hash': 'a6af280e'}"
17,real_mixed_52,nemotron-mini:4b_baseline,42.341262102127075,77.03,0,direct_json,0.3333333333333333,0.07142857142857142,0.11764705882352941,0.0,0,11.6,50.0,4.5,225.5,225.8,20459.9,70.5,2461.9,2572.4,"{'timestamp': '2026-09-06T12:39:38.945131+00:00', 'model_version': 'nemotron-mini:4b', 'prompt_hash': 'a6af280e'}"
17,real_mixed_53,nemotron-mini:4b_baseline,0.0,0.0,2,failed,1.0,0.0,0.0,0.0,0,0.0,0.0,0.0,0.0,0.0,0.0,0.0,0.0,0.0,"{'timestamp': '2026-09-06T12:40:56.575385+00:00', 'model_version': 'nemotron-mini:4b', 'prompt_hash': 'a6af280e'}"
17,real_mixed_54,nemotron-mini:4b_baseline,40.31558394432068,80.22,0,direct_json,0.3333333333333333,0.5,0.4,0.0,0,10.9,33.7,4.8,225.5,225.8,20424.5,70.5,2461.9,2572.4,"{'timestamp': '2026-09-06T12:39:36.913102+00:00', 'model_version': 'nemotron-mini:4b', 'prompt_hash': 'a6af280e'}"
28,real_mixed_85,nemotron-mini:4b_baseline,52.9637610912323,40.82,0,direct_json,0.0,0.0,1.0,0.0,0,11.5,62.8,4.8,226.2,226.5,28813.6,71.0,2461.9,2572.4,"{'timestamp': '2026-09-06T12:41:01.878000+00:00', 'model_version': 'nemotron-mini:4b', 'prompt_hash': 'a6af280e'}"
28,real_mixed_86,nemotron-mini:4b_baseline,55.96594309806824,40.31,0,direct_json,0.5,0.38461538461538464,0.4347826086956522,0.0,0,13.2,79.5,5.0,226.2,226.5,28862.3,71.0,2461.9,2572.4,"{'timestamp': '2026-09-06T12:41:04.897557+00:00', 'model_version': 'nemotron-mini:4b', 'prompt_hash': 'a6af280e'}"
28,real_mixed_87,nemotron-mini:4b_baseline,50.443872928619385,40.64,0,direct_json,0.2857142857142857,0.2857142857142857,0.2857142857142857,0.0,0,10.8,62.8,5.0,226.1,226.5,28772.1,71.0,2461.9,2572.4,"{'timestamp': '2026-09-06T12:40:59.362342+00:00', 'model_version': 'nemotron-mini:4b', 'prompt_hash': 'a6af280e'}"
29,real_mixed_88,nemotron-mini:4b_baseline,51.43042302131653,40.74,0,direct_json,0.75,0.75,0.75,0.0,0,10.5,52.8,4.7,226.2,226.5,29588.1,71.1,2461.9,2572.4,"{'timestamp': '2026-09-06T12:41:06.532108+00:00', 'model_version': 'nemotron-mini:4b', 'prompt_hash': 'a6af280e'}"
29,real_mixed_89,nemotron-mini:4b_baseline,55.93529391288757,39.49,0,direct_json,0.25,0.07692307692307693,0.11764705882352941,0.0,0,11.0,57.1,4.3,226.1,226.5,29574.2,71.1,2461.9,2572.4,"{'timestamp': '2026-09-06T12:41:11.038873+00:00', 'model_version': 'nemotron-mini:4b', 'prompt_hash': 'a6af280e'}"
29,real_mixed_90,nemotron-mini:4b_baseline,53.95677208900452,62.94,0,direct_json,0.13333333333333333,0.25,0.1739130434782609,0.0,0,10.5,53.3,4.3,226.1,226.5,29578.2,71.1,2461.9,2572.4,"{'timestamp': '2026-09-06T12:41:09.059755+00:00', 'model_version': 'nemotron-mini:4b', 'prompt_hash': 'a6af280e'}"
30,real_mixed_91,nemotron-mini:4b_baseline,55.968666076660156,40.65,0,direct_json,0.0,0.0,1.0,0.0,0,9.4,31.9,5.3,225.9,226.5,29547.7,71.0,2461.9,2572.4,"{'timestamp': '2026-09-06T12:41:24.713004+00:00', 'model_version': 'nemotron-mini:4b', 'prompt_hash': 'a6af280e'}"
30,real_mixed_92,nemotron-mini:4b_baseline,53.964110136032104,40.16,0,direct_json,0.10526315789473684,0.13333333333333333,0.11764705882352941,0.0,0,9.4,31.9,4.4,226.0,226.5,29554.8,71.0,2461.9,2572.4,"{'timestamp': '2026-09-06T12:41:22.724532+00:00', 'model_version': 'nemotron-mini:4b', 'prompt_hash': 'a6af280e'}"
30,real_mixed_93,nemotron-mini:4b_baseline,48.935575008392334,40.29,0,direct_json,0.2727272727272727,0.3,0.28571428571428564,0.09090909090909091,1,9.4,31.9,4.6,226.0,226.5,29563.3,71.0,2461.9,2572.4,"{'timestamp': '2026-09-06T12:41:17.690619+00:00', 'model_version': 'nemotron-mini:4b', 'prompt_hash': 'a6af280e'}"
31,real_mixed_94,nemotron-mini:4b_baseline,54.47391200065613,40.3,0,direct_json,0.2,0.05,0.08000000000000002,0.0,0,9.1,31.5,4.3,225.8,226.5,29476.1,71.1,2461.9,2572.4,"{'timestamp': '2026-09-06T12:41:31.281038+00:00', 'model_version': 'nemotron-mini:4b', 'prompt_hash': 'a6af280e'}"
31,real_mixed_95,nemotron-mini:4b_baseline,50.44932198524475,40.42,0,direct_json,0.0,0.0,1.0,1.0,3,9.2,31.5,4.4,225.9,226.5,29529.0,71.1,2461.9,2572.4,"{'timestamp': '2026-09-06T12:41:27.224129+00:00', 'model_version': 'nemotron-mini:4b', 'prompt_hash': 'a6af280e'}"
31,real_mixed_96,nemotron-mini:4b_baseline,52.45202684402466,39.66,0,direct_json,0.42857142857142855,0.25,0.3157894736842105,0.0,0,10.6,100.0,4.4,225.8,226.5,29500.7,71.1,2461.9,2572.4,"{'timestamp': '2026-09-06T12:41:29.250094+00:00', 'model_version': 'nemotron-mini:4b', 'prompt_hash': 'a6af280e'}"
32,real_mixed_97,nemotron-mini:4b_baseline,47.41930389404297,41.43,0,direct_json,1.0,0.3333333333333333,0.5,0.0,0,16.5,53.6,4.9,225.7,226.5,29415.4,71.2,2461.9,2572.4,"{'timestamp': '2026-09-06T12:41:34.655042+00:00', 'model_version': 'nemotron-mini:4b', 'prompt_hash': 'a6af280e'}"
32,real_mixed_98,nemotron-mini:4b_baseline,51.88184976577759,53.19,0,direct_json,0.1111111111111111,0.07142857142857142,0.08695652173913043,0.05555555555555555,1,17.0,50.2,4.8,225.6,226.5,29346.9,71.3,2461.9,2572.4,"{'timestamp': '2026-09-06T12:41:39.145460+00:00', 'model_version': 'nemotron-mini:4b', 'prompt_hash': 'a6af280e'}"
32,real_mixed_99,nemotron-mini:4b_baseline,45.95024108886719,41.82,0,direct_json,0.16666666666666666,0.5,0.25,0.3333333333333333,2,15.0,56.6,5.2,225.7,226.5,29436.5,71.2,2461.9,2572.4,"{'timestamp': '2026-09-06T12:41:33.164527+00:00', 'model_version': 'nemotron-mini:4b', 'prompt_hash': 'a6af280e'}"
34,real_mixed_103,nemotron-mini:4b_baseline,47.858341217041016,80.76,0,direct_json,0.0,1.0,0.0,0.0,0,9.1,30.5,4.5,225.5,226.5,29178.0,71.3,2461.9,2572.4,"{'timestamp': '2026-09-06T12:41:43.522598+00:00', 'model_version': 'nemotron-mini:4b', 'prompt_hash': 'a6af280e'}"
34,real_mixed_104,nemotron-mini:4b_baseline,49.88934898376465,75.48,0,direct_json,0.08333333333333333,0.1,0.0909090909090909,0.0,0,8.9,30.5,4.2,225.4,226.5,29055.2,71.1,2461.9,2572.4,"{'timestamp': '2026-09-06T12:41:45.569818+00:00', 'model_version': 'nemotron-mini:4b', 'prompt_hash': 'a6af280e'}"
34,real_mixed_105,nemotron-mini:4b_baseline,52.93362808227539,75.8,0,fallback,0.0,0.0,1.0,0.7,28,9.0,31.5,4.1,225.4,226.5,28828.6,70.7,2461.9,2572.4,"{'timestamp': '2026-09-06T12:41:48.627192+00:00', 'model_version': 'nemotron-mini:4b', 'prompt_hash': 'a6af280e'}"
36,real_mixed_109,nemotron-mini:4b_baseline,54.379661083221436,75.31,0,direct_json,0.7777777777777778,0.2916666666666667,0.42424242424242425,0.1111111111111111,1,12.7,43.2,3.9,225.0,226.6,27728.2,69.6,2461.9,2572.4,"{'timestamp': '2026-09-06T12:41:59.411565+00:00', 'model_version': 'nemotron-mini:4b', 'prompt_hash': 'a6af280e'}"
36,real_mixed_110,nemotron-mini:4b_baseline,56.414865016937256,74.77,0,direct_json,0.2222222222222222,0.1111111111111111,0.14814814814814814,0.0,0,11.4,32.9,3.8,225.0,226.5,27578.7,69.5,2461.9,2572.4,"{'timestamp': '2026-09-06T12:42:01.440712+00:00', 'model_version': 'nemotron-mini:4b', 'prompt_hash': 'a6af280e'}"
36,real_mixed_111,nemotron-mini:4b_baseline,52.88431406021118,78.94,0,direct_json,0.6,0.10344827586206896,0.17647058823529413,0.0,0,11.5,37.5,4.1,225.0,226.6,27845.6,69.7,2461.9,2572.4,"{'timestamp': '2026-09-06T12:41:57.915521+00:00', 'model_version': 'nemotron-mini:4b', 'prompt_hash': 'a6af280e'}"
37,real_mixed_112,nemotron-mini:4b_baseline,51.349063873291016,78.69,0,direct_json,0.42857142857142855,0.6,0.5,0.0,0,10.6,31.6,3.8,224.9,225.4,27269.2,69.3,2461.9,2572.4,"{'timestamp': '2026-09-06T12:42:02.491070+00:00', 'model_version': 'nemotron-mini:4b', 'prompt_hash': 'a6af280e'}"
37,real_mixed_113,nemotron-mini:4b_baseline,54.39884901046753,75.82,0,direct_json,0.0,0.0,1.0,0.6666666666666666,4,10.3,31.6,4.1,224.8,225.4,27002.7,69.3,2461.9,2572.4,"{'timestamp': '2026-09-06T12:42:05.550198+00:00', 'model_version': 'nemotron-mini:4b', 'prompt_hash': 'a6af280e'}"
37,real_mixed_114,nemotron-mini:4b_baseline,52.38016414642334,76.56,0,direct_json,0.5,0.14285714285714285,0.22222222222222224,0.0,0,10.3,33.3,4.0,224.8,225.4,27185.3,69.3,2461.9,2572.4,"{'timestamp': '2026-09-06T12:42:03.527970+00:00', 'model_version': 'nemotron-mini:4b', 'prompt_hash': 'a6af280e'}"
23,real_mixed_70,nemotron-mini:4b_baseline,0.0,0.0,2,failed,1.0,0.0,0.0,0.0,0,0.0,0.0,0.0,0.0,0.0,0.0,0.0,0.0,0.0,"{'timestamp': '2026-09-06T12:42:07.925862+00:00', 'model_version': 'nemotron-mini:4b', 'prompt_hash': 'a6af280e'}"
23,real_mixed_71,nemotron-mini:4b_baseline,28.778878211975098,39.43,0,direct_json,0.6666666666666666,0.3333333333333333,0.4444444444444444,0.0,0,13.4,79.5,6.6,225.9,226.1,23564.0,71.2,2461.9,2572.4,"{'timestamp': '2026-09-06T12:40:21.554069+00:00', 'model_version': 'nemotron-mini:4b', 'prompt_hash': 'a6af280e'}"
23,real_mixed_72,nemotron-mini:4b_baseline,24.750800132751465,41.54,0,direct_json,0.16666666666666666,0.07142857142857142,0.1,0.0,0,13.8,79.5,7.4,225.9,226.1,22587.1,71.2,2461.9,2572.4,"{'timestamp': '2026-09-06T12:40:17.519318+00:00', 'model_version': 'nemotron-mini:4b', 'prompt_hash': 'a6af280e'}"
38,real_mixed_115,nemotron-mini:4b_baseline,43.80795121192932,79.04,0,direct_json,1.0,0.6666666666666666,0.8,0.0,0,10.4,31.8,4.4,224.5,225.3,25739.0,69.1,2461.9,2572.4,"{'timestamp': '2026-09-06T12:42:08.612288+00:00', 'model_version': 'nemotron-mini:4b', 'prompt_hash': 'a6af280e'}"
38,real_mixed_116,nemotron-mini:4b_baseline,47.83040189743042,76.93,0,direct_json,0.0,0.0,1.0,0.0,0,11.2,31.6,4.1,224.4,225.3,25191.8,69.7,2461.9,2572.4,"{'timestamp': '2026-09-06T12:42:12.635005+00:00', 'model_version': 'nemotron-mini:4b', 'prompt_hash': 'a6af280e'}"
38,real_mixed_117,nemotron-mini:4b_baseline,46.835886001586914,74.87,0,direct_json,0.0,0.0,1.0,0.0,0,10.7,31.8,4.1,224.4,225.2,25319.7,69.5,2461.9,2572.4,"{'timestamp': '2026-09-06T12:42:11.653274+00:00', 'model_version': 'nemotron-mini:4b', 'prompt_hash': 'a6af280e'}"
39,real_mixed_118,nemotron-mini:4b_baseline,45.93159580230713,76.12,0,direct_json,0.5714285714285714,0.8,0.6666666666666666,0.0,0,10.5,31.7,3.6,213.1,225.1,24071.2,69.9,2461.9,2572.4,"{'timestamp': '2026-09-06T12:42:17.319395+00:00', 'model_version': 'nemotron-mini:4b', 'prompt_hash': 'a6af280e'}"
39,real_mixed_119,nemotron-mini:4b_baseline,44.92040491104126,76.22,0,direct_json,0.1111111111111111,0.16666666666666666,0.13333333333333333,0.0,0,10.2,31.7,4.0,215.4,225.1,24183.5,69.8,2461.9,2572.4,"{'timestamp': '2026-09-06T12:42:16.304742+00:00', 'model_version': 'nemotron-mini:4b', 'prompt_hash': 'a6af280e'}"
39,real_mixed_120,nemotron-mini:4b_baseline,42.90822410583496,75.61,0,fallback,0.09090909090909091,0.2,0.12500000000000003,0.0,0,10.5,40.0,4.2,220.3,225.1,24419.0,69.5,2461.9,2572.4,"{'timestamp': '2026-09-06T12:42:14.289728+00:00', 'model_version': 'nemotron-mini:4b', 'prompt_hash': 'a6af280e'}"
33,real_mixed_100,nemotron-mini:4b_baseline,48.85271692276001,75.61,0,direct_json,0.11764705882352941,0.2857142857142857,0.16666666666666666,0.0,0,10.0,31.5,4.6,225.5,226.5,29187.4,71.3,2461.9,2572.4,"{'timestamp': '2026-09-06T12:41:43.265642+00:00', 'model_version': 'nemotron-mini:4b', 'prompt_hash': 'a6af280e'}"
33,real_mixed_101,nemotron-mini:4b_baseline,0.0,0.0,2,failed,1.0,0.0,0.0,0.0,0,0.0,0.0,0.0,0.0,0.0,0.0,0.0,0.0,0.0,"{'timestamp': '2026-09-06T12:42:20.569358+00:00', 'model_version': 'nemotron-mini:4b', 'prompt_hash': 'a6af280e'}"
33,real_mixed_102,nemotron-mini:4b_baseline,45.326164960861206,80.29,0,direct_json,0.0,1.0,0.0,0.0,0,10.3,31.5,4.9,225.5,226.5,29291.3,71.3,2461.9,2572.4,"{'timestamp': '2026-09-06T12:41:39.731628+00:00', 'model_version': 'nemotron-mini:4b', 'prompt_hash': 'a6af280e'}"
35,real_mixed_106,nemotron-mini:4b_baseline,0.0,0.0,2,failed,1.0,0.0,0.0,0.0,0,0.0,0.0,0.0,0.0,0.0,0.0,0.0,0.0,0.0,"{'timestamp': '2026-09-06T12:42:21.363573+00:00', 'model_version': 'nemotron-mini:4b', 'prompt_hash': 'a6af280e'}"
35,real_mixed_107,nemotron-mini:4b_baseline,59.97700595855713,71.74,0,direct_json,0.24,0.42857142857142855,0.30769230769230765,0.0,0,8.9,31.6,3.8,225.2,226.5,28214.4,69.9,2461.9,2572.4,"{'timestamp': '2026-09-06T12:41:56.666743+00:00', 'model_version': 'nemotron-mini:4b', 'prompt_hash': 'a6af280e'}"
35,real_mixed_108,nemotron-mini:4b_baseline,54.93900179862976,74.98,0,direct_json,0.0,0.0,1.0,0.0,0,8.8,30.5,4.0,225.3,226.5,28582.4,70.3,2461.9,2572.4,"{'timestamp': '2026-09-06T12:41:51.638435+00:00', 'model_version': 'nemotron-mini:4b', 'prompt_hash': 'a6af280e'}"
6,real_mixed_19,nemotron-mini:4b_kb_rag,2.5387918949127197,75.38,0,direct_json,0.7142857142857143,0.25,0.37037037037037035,0.0,0,47.6,87.8,158.6,1195.3,1678.7,18451.9,76.6,2461.9,2572.4,"{'timestamp': '2026-09-06T12:42:25.782623+00:00', 'model_version': 'nemotron-mini:4b', 'prompt_hash': 'a6af280e'}"
6,real_mixed_20,nemotron-mini:4b_kb_rag,11.084128141403198,73.53,0,direct_json,0.25,0.1875,0.21428571428571427,0.0,0,10.1,70.5,20.0,1071.1,1085.0,18505.7,77.2,2461.9,2572.4,"{'timestamp': '2026-09-06T12:42:34.786126+00:00', 'model_version': 'nemotron-mini:4b', 'prompt_hash': 'a6af280e'}"
6,real_mixed_21,nemotron-mini:4b_kb_rag,5.5529279708862305,74.21,0,direct_json,1.0,0.35714285714285715,0.5263157894736842,0.0,0,19.2,70.5,68.3,1089.1,1253.1,18533.0,76.9,2461.9,2572.4,"{'timestamp': '2026-09-06T12:42:28.845156+00:00', 'model_version': 'nemotron-mini:4b', 'prompt_hash': 'a6af280e'}"
5,real_mixed_16,nemotron-mini:4b_kb_rag,3.567949056625366,74.85,0,direct_json,1.0,0.2222222222222222,0.3636363636363636,0.0,0,18.4,70.5,89.7,1088.2,1167.7,18519.8,76.8,2461.9,2572.4,"{'timestamp': '2026-09-06T12:42:26.996060+00:00', 'model_version': 'nemotron-mini:4b', 'prompt_hash': 'a6af280e'}"
5,real_mixed_17,nemotron-mini:4b_kb_rag,16.104944944381714,76.31,0,direct_json,0.0,0.0,1.0,0.0,0,20.0,81.8,22.3,1069.2,1092.1,18408.7,77.4,2461.9,2572.4,"{'timestamp': '2026-09-06T12:42:39.880839+00:00', 'model_version': 'nemotron-mini:4b', 'prompt_hash': 'a6af280e'}"
5,real_mixed_18,nemotron-mini:4b_kb_rag,29.201370000839233,73.76,0,direct_json,0.875,0.5833333333333334,0.7000000000000001,0.0,0,11.8,70.5,58.7,1058.4,1096.8,18276.7,77.8,2461.9,2572.4,"{'timestamp': '2026-09-06T12:42:53.194990+00:00', 'model_version': 'nemotron-mini:4b', 'prompt_hash': 'a6af280e'}"
7,real_mixed_22,nemotron-mini:4b_kb_rag,42.34267807006836,73.6,0,direct_json,0.0,1.0,0.0,0.0,0,17.2,70.5,10.4,1000.1,1092.5,18017.8,78.4,2461.9,2572.4,"{'timestamp': '2026-09-06T12:43:06.130832+00:00', 'model_version': 'nemotron-mini:4b', 'prompt_hash': 'a6af280e'}"
7,real_mixed_23,nemotron-mini:4b_kb_rag,19.142548084259033,73.02,0,direct_json,0.45454545454545453,0.3333333333333333,0.3846153846153846,0.0,0,10.4,70.5,15.3,1067.5,1070.6,18365.5,77.5,2461.9,2572.4,"{'timestamp': '2026-09-06T12:42:43.152495+00:00', 'model_version': 'nemotron-mini:4b', 'prompt_hash': 'a6af280e'}"
7,real_mixed_24,nemotron-mini:4b_kb_rag,23.186288833618164,74.37,0,direct_json,0.36363636363636365,0.5714285714285714,0.4444444444444444,0.2727272727272727,3,9.9,70.5,17.8,1063.5,1070.6,18325.6,77.7,2461.9,2572.4,"{'timestamp': '2026-09-06T12:42:47.183007+00:00', 'model_version': 'nemotron-mini:4b', 'prompt_hash': 'a6af280e'}"
2,real_mixed_7,nemotron-mini:4b_kb_rag,8.077549695968628,73.46,0,direct_json,0.3333333333333333,0.2857142857142857,0.30769230769230765,0.0,0,11.2,70.5,29.8,1080.6,1231.7,18534.0,77.0,2461.9,2572.4,"{'timestamp': '2026-09-06T12:42:31.734382+00:00', 'model_version': 'nemotron-mini:4b', 'prompt_hash': 'a6af280e'}"
2,real_mixed_8,nemotron-mini:4b_kb_rag,21.171977996826172,74.26,0,direct_json,0.6666666666666666,0.4444444444444444,0.5333333333333333,0.0,0,10.1,70.5,44.7,1065.4,1070.6,18341.0,77.6,2461.9,2572.4,"{'timestamp': '2026-09-06T12:42:45.171702+00:00', 'model_version': 'nemotron-mini:4b', 'prompt_hash': 'a6af280e'}"
2,real_mixed_9,nemotron-mini:4b_kb_rag,43.837088108062744,72.85,0,direct_json,0.5,0.3,0.37499999999999994,0.0,0,9.6,70.5,12.8,999.0,1070.6,17974.7,78.4,2461.9,2572.4,"{'timestamp': '2026-09-06T12:43:07.837874+00:00', 'model_version': 'nemotron-mini:4b', 'prompt_hash': 'a6af280e'}"
0,real_mixed_1,nemotron-mini:4b_kb_rag,12.642326831817627,73.07,0,direct_json,0.5384615384615384,0.5384615384615384,0.5384615384615384,0.0,0,10.5,70.5,31.5,1070.3,1085.1,18473.9,77.2,2461.9,2572.4,"{'timestamp': '2026-09-06T12:42:36.323966+00:00', 'model_version': 'nemotron-mini:4b', 'prompt_hash': 'a6af280e'}"
0,real_mixed_2,nemotron-mini:4b_kb_rag,45.820377826690674,71.61,0,direct_json,0.6666666666666666,0.5,0.5714285714285715,0.0,0,15.0,70.5,14.1,992.9,1096.9,17924.4,78.5,2461.9,2572.4,"{'timestamp': '2026-09-06T12:43:09.777332+00:00', 'model_version': 'nemotron-mini:4b', 'prompt_hash': 'a6af280e'}"
0,real_mixed_3,nemotron-mini:4b_kb_rag,15.117263078689575,71.22,0,direct_json,0.4,0.3333333333333333,0.3636363636363636,0.1,1,20.8,80.5,21.1,1069.5,1090.4,18427.1,77.4,2461.9,2572.4,"{'timestamp': '2026-09-06T12:42:38.896619+00:00', 'model_version': 'nemotron-mini:4b', 'prompt_hash': 'a6af280e'}"
8,real_mixed_25,nemotron-mini:4b_kb_rag,40.81531095504761,74.75,0,direct_json,0.0,0.0,1.0,0.0,0,9.4,70.5,14.6,1010.6,1070.6,18046.4,78.3,2461.9,2572.4,"{'timestamp': '2026-09-06T12:43:04.825993+00:00', 'model_version': 'nemotron-mini:4b', 'prompt_hash': 'a6af280e'}"
8,real_mixed_26,nemotron-mini:4b_kb_rag,39.774781942367554,73.22,0,direct_json,0.71875,0.6388888888888888,0.676470588235294,0.03125,1,9.4,70.5,10.7,1018.2,1070.6,18070.4,78.2,2461.9,2572.4,"{'timestamp': '2026-09-06T12:43:03.821513+00:00', 'model_version': 'nemotron-mini:4b', 'prompt_hash': 'a6af280e'}"
8,real_mixed_27,nemotron-mini:4b_kb_rag,49.333587884902954,69.26,0,direct_json,0.7142857142857143,0.38461538461538464,0.5,0.0,0,10.8,70.5,14.8,982.9,1070.6,17831.4,78.7,2461.9,2572.4,"{'timestamp': '2026-09-06T12:43:13.354287+00:00', 'model_version': 'nemotron-mini:4b', 'prompt_hash': 'a6af280e'}"
4,real_mixed_13,nemotron-mini:4b_kb_rag,55.90844392776489,71.99,0,fallback,0.10714285714285714,0.3,0.15789473684210525,0.07142857142857142,4,10.4,70.5,18.0,959.4,1070.6,17681.8,79.0,2461.9,2572.4,"{'timestamp': '2026-09-06T12:43:19.937608+00:00', 'model_version': 'nemotron-mini:4b', 'prompt_hash': 'a6af280e'}"
4,real_mixed_14,nemotron-mini:4b_kb_rag,36.2411949634552,70.36,0,direct_json,0.45454545454545453,0.8333333333333334,0.5882352941176471,0.3181818181818182,7,9.4,70.5,12.3,1044.0,1070.6,18164.4,78.0,2461.9,2572.4,"{'timestamp': '2026-09-06T12:43:00.259036+00:00', 'model_version': 'nemotron-mini:4b', 'prompt_hash': 'a6af280e'}"
4,real_mixed_15,nemotron-mini:4b_kb_rag,50.89614415168762,71.53,0,direct_json,0.2,0.1111111111111111,0.14285714285714285,0.0,0,10.9,70.5,17.3,978.7,1070.6,17795.2,78.8,2461.9,2572.4,"{'timestamp': '2026-09-06T12:43:14.905857+00:00', 'model_version': 'nemotron-mini:4b', 'prompt_hash': 'a6af280e'}"
3,real_mixed_10,nemotron-mini:4b_kb_rag,57.406412839889526,72.65,0,direct_json,0.6666666666666666,0.6666666666666666,0.6666666666666666,0.0,0,14.7,100.0,17.8,951.9,1096.9,17657.8,79.1,2461.9,2572.4,"{'timestamp': '2026-09-06T12:43:21.396064+00:00', 'model_version': 'nemotron-mini:4b', 'prompt_hash': 'a6af280e'}"
3,real_mixed_11,nemotron-mini:4b_kb_rag,61.94484996795654,70.06,0,direct_json,0.5,0.6666666666666666,0.5714285714285715,0.041666666666666664,1,12.0,70.5,17.6,926.0,1070.6,17588.4,79.2,2461.9,2572.4,"{'timestamp': '2026-09-06T12:43:25.950675+00:00', 'model_version': 'nemotron-mini:4b', 'prompt_hash': 'a6af280e'}"
3,real_mixed_12,nemotron-mini:4b_kb_rag,17.13251805305481,74.3,0,direct_json,0.16666666666666666,0.14285714285714285,0.15384615384615383,0.0,0,10.4,70.5,15.3,1068.2,1070.6,18397.4,77.5,2461.9,2572.4,"{'timestamp': '2026-09-06T12:42:41.136435+00:00', 'model_version': 'nemotron-mini:4b', 'prompt_hash': 'a6af280e'}"
1,real_mixed_4,nemotron-mini:4b_kb_rag,31.76030206680298,73.0,0,direct_json,0.46153846153846156,0.42857142857142855,0.4444444444444445,0.07692307692307693,1,9.3,70.5,22.8,1055.3,1070.6,18248.6,77.8,2461.9,2572.4,"{'timestamp': '2026-09-06T12:42:55.764454+00:00', 'model_version': 'nemotron-mini:4b', 'prompt_hash': 'a6af280e'}"
1,real_mixed_5,nemotron-mini:4b_kb_rag,27.197643041610718,73.04,0,direct_json,0.06896551724137931,0.2,0.10256410256410257,0.27586206896551724,8,14.6,70.5,9.8,1060.9,1096.9,18294.6,77.7,2461.9,2572.4,"{'timestamp': '2026-09-06T12:42:51.122076+00:00', 'model_version': 'nemotron-mini:4b', 'prompt_hash': 'a6af280e'}"
1,real_mixed_6,nemotron-mini:4b_kb_rag,63.450074195861816,74.0,0,direct_json,0.8333333333333334,0.2777777777777778,0.4166666666666667,0.0,0,11.1,70.5,20.7,917.0,1070.6,17567.6,79.2,2461.9,2572.4,"{'timestamp': '2026-09-06T12:43:27.464473+00:00', 'model_version': 'nemotron-mini:4b', 'prompt_hash': 'a6af280e'}"
9,real_mixed_28,nemotron-mini:4b_kb_rag,57.422245264053345,73.33,0,direct_json,0.26666666666666666,0.26666666666666666,0.26666666666666666,0.06666666666666667,1,11.0,50.6,20.5,846.6,1064.5,17313.5,79.8,2461.9,2572.4,"{'timestamp': '2026-09-06T12:43:32.625576+00:00', 'model_version': 'nemotron-mini:4b', 'prompt_hash': 'a6af280e'}"
9,real_mixed_29,nemotron-mini:4b_kb_rag,54.94067096710205,72.82,0,direct_json,0.3125,0.4166666666666667,0.35714285714285715,0.0,0,10.8,50.6,21.1,869.3,1064.5,17339.0,79.7,2461.9,2572.4,"{'timestamp': '2026-09-06T12:43:30.127946+00:00', 'model_version': 'nemotron-mini:4b', 'prompt_hash': 'a6af280e'}"
9,real_mixed_30,nemotron-mini:4b_kb_rag,58.927095890045166,73.31,0,direct_json,0.8333333333333334,0.625,0.7142857142857143,0.0,0,10.9,50.6,19.0,833.9,1064.5,17299.3,79.8,2461.9,2572.4,"{'timestamp': '2026-09-06T12:43:34.108523+00:00', 'model_version': 'nemotron-mini:4b', 'prompt_hash': 'a6af280e'}"
10,real_mixed_31,nemotron-mini:4b_kb_rag,41.37827205657959,73.31,0,direct_json,0.3333333333333333,0.5,0.4,0.0,0,17.6,66.7,26.9,742.0,1025.1,16906.3,80.6,2461.9,2572.4,"{'timestamp': '2026-09-06T12:43:34.969557+00:00', 'model_version': 'nemotron-mini:4b', 'prompt_hash': 'a6af280e'}"
10,real_mixed_32,nemotron-mini:4b_kb_rag,43.391048192977905,73.5,0,direct_json,0.2222222222222222,0.5714285714285714,0.32,0.0,0,17.6,52.8,27.0,740.0,1025.1,16889.6,80.6,2461.9,2572.4,"{'timestamp': '2026-09-06T12:43:36.988339+00:00', 'model_version': 'nemotron-mini:4b', 'prompt_hash': 'a6af280e'}"
10,real_mixed_33,nemotron-mini:4b_kb_rag,45.404850244522095,73.82,0,direct_json,0.6,0.23076923076923078,0.33333333333333337,0.2,1,17.1,52.8,24.3,729.3,1025.1,16868.0,80.7,2461.9,2572.4,"{'timestamp': '2026-09-06T12:43:39.015919+00:00', 'model_version': 'nemotron-mini:4b', 'prompt_hash': 'a6af280e'}"
11,real_mixed_34,nemotron-mini:4b_kb_rag,37.33267116546631,72.78,0,direct_json,0.10526315789473684,0.2,0.13793103448275862,0.0,0,12.5,41.0,31.0,676.1,1012.3,16649.1,81.0,2461.9,2572.4,"{'timestamp': '2026-09-06T12:43:43.875180+00:00', 'model_version': 'nemotron-mini:4b', 'prompt_hash': 'a6af280e'}"
11,real_mixed_35,nemotron-mini:4b_kb_rag,33.81158494949341,71.99,0,direct_json,0.8,0.5714285714285714,0.6666666666666666,0.0,0,12.5,41.0,33.9,676.5,1012.3,16658.9,81.0,2461.9,2572.4,"{'timestamp': '2026-09-06T12:43:40.350058+00:00', 'model_version': 'nemotron-mini:4b', 'prompt_hash': 'a6af280e'}"
11,real_mixed_36,nemotron-mini:4b_kb_rag,38.3323700428009,74.87,0,direct_json,1.0,0.14285714285714285,0.25,0.0,0,12.5,41.0,28.7,671.1,1012.3,16650.0,81.0,2461.9,2572.4,"{'timestamp': '2026-09-06T12:43:44.882360+00:00', 'model_version': 'nemotron-mini:4b', 'prompt_hash': 'a6af280e'}"
12,real_mixed_37,nemotron-mini:4b_kb_rag,38.33803915977478,73.92,0,direct_json,0.7142857142857143,0.4166666666666667,0.5263157894736842,0.0,0,15.2,44.4,39.1,658.6,906.1,16634.6,81.1,2461.9,2572.4,"{'timestamp': '2026-09-06T12:43:46.565726+00:00', 'model_version': 'nemotron-mini:4b', 'prompt_hash': 'a6af280e'}"
12,real_mixed_38,nemotron-mini:4b_kb_rag,40.84576725959778,73.43,0,direct_json,0.15384615384615385,0.15384615384615385,0.15384615384615385,0.3076923076923077,4,14.8,100.0,26.5,663.5,906.2,16631.1,81.1,2461.9,2572.4,"{'timestamp': '2026-09-06T12:43:49.099428+00:00', 'model_version': 'nemotron-mini:4b', 'prompt_hash': 'a6af280e'}"
12,real_mixed_39,nemotron-mini:4b_kb_rag,42.29810929298401,73.91,0,direct_json,0.7142857142857143,0.7142857142857143,0.7142857142857143,0.14285714285714285,1,17.2,100.0,26.1,659.1,906.1,16628.5,81.1,2461.9,2572.4,"{'timestamp': '2026-09-06T12:43:50.534067+00:00', 'model_version': 'nemotron-mini:4b', 'prompt_hash': 'a6af280e'}"
13,real_mixed_40,nemotron-mini:4b_kb_rag,41.83975386619568,74.45,0,direct_json,0.6,0.25,0.35294117647058826,0.0,0,11.8,41.0,30.6,651.3,900.8,16625.3,81.1,2461.9,2572.4,"{'timestamp': '2026-09-06T12:43:51.979328+00:00', 'model_version': 'nemotron-mini:4b', 'prompt_hash': 'a6af280e'}"
13,real_mixed_41,nemotron-mini:4b_kb_rag,44.34370517730713,73.51,0,direct_json,0.7692307692307693,0.5555555555555556,0.6451612903225806,0.0,0,12.7,41.0,31.2,649.2,900.5,16622.2,81.1,2461.9,2572.4,"{'timestamp': '2026-09-06T12:43:54.535248+00:00', 'model_version': 'nemotron-mini:4b', 'prompt_hash': 'a6af280e'}"
13,real_mixed_42,nemotron-mini:4b_kb_rag,47.329407930374146,73.12,0,direct_json,0.4666666666666667,0.2916666666666667,0.35897435897435903,0.06666666666666667,1,11.2,41.0,23.0,641.3,900.5,16622.1,81.0,2461.9,2572.4,"{'timestamp': '2026-09-06T12:43:57.533555+00:00', 'model_version': 'nemotron-mini:4b', 'prompt_hash': 'a6af280e'}"
14,real_mixed_43,nemotron-mini:4b_kb_rag,52.944336891174316,68.68,0,direct_json,0.5,0.047619047619047616,0.08695652173913042,0.0,0,12.5,50.0,20.8,625.4,900.5,16631.7,81.0,2461.9,2572.4,"{'timestamp': '2026-09-06T12:44:06.715031+00:00', 'model_version': 'nemotron-mini:4b', 'prompt_hash': 'a6af280e'}"
14,real_mixed_44,nemotron-mini:4b_kb_rag,47.423994064331055,72.68,0,direct_json,0.5789473684210527,0.7857142857142857,0.6666666666666667,0.0,0,12.9,100.0,24.2,635.2,900.5,16624.9,81.0,2461.9,2572.4,"{'timestamp': '2026-09-06T12:44:01.193257+00:00', 'model_version': 'nemotron-mini:4b', 'prompt_hash': 'a6af280e'}"
14,real_mixed_45,nemotron-mini:4b_kb_rag,50.35441017150879,73.12,0,direct_json,0.4117647058823529,0.5833333333333334,0.4827586206896552,0.0,0,14.9,51.6,23.1,630.5,900.5,16626.5,81.0,2461.9,2572.4,"{'timestamp': '2026-09-06T12:44:04.127898+00:00', 'model_version': 'nemotron-mini:4b', 'prompt_hash': 'a6af280e'}"
15,real_mixed_46,nemotron-mini:4b_kb_rag,48.38221478462219,73.72,0,direct_json,0.25,0.21428571428571427,0.23076923076923075,0.4166666666666667,5,10.7,41.0,34.0,605.5,796.2,16641.1,81.0,2461.9,2572.4,"{'timestamp': '2026-09-06T12:44:08.735675+00:00', 'model_version': 'nemotron-mini:4b', 'prompt_hash': 'a6af280e'}"
15,real_mixed_47,nemotron-mini:4b_kb_rag,50.41518998146057,73.26,0,direct_json,0.45454545454545453,0.19230769230769232,0.27027027027027023,0.0,0,11.5,50.0,23.1,611.8,796.2,16637.2,81.0,2461.9,2572.4,"{'timestamp': '2026-09-06T12:44:10.782746+00:00', 'model_version': 'nemotron-mini:4b', 'prompt_hash': 'a6af280e'}"
15,real_mixed_48,nemotron-mini:4b_kb_rag,52.41781497001648,73.61,0,direct_json,0.18181818181818182,0.3333333333333333,0.23529411764705885,0.45454545454545453,5,11.2,41.0,21.1,613.9,796.2,16634.7,81.0,2461.9,2572.4,"{'timestamp': '2026-09-06T12:44:12.770600+00:00', 'model_version': 'nemotron-mini:4b', 'prompt_hash': 'a6af280e'}"
16,real_mixed_49,nemotron-mini:4b_kb_rag,52.89908719062805,72.44,0,direct_json,0.23809523809523808,0.35714285714285715,0.2857142857142857,0.14285714285714285,3,13.0,51.6,22.6,620.2,796.2,16616.6,81.0,2461.9,2572.4,"{'timestamp': '2026-09-06T12:44:19.229032+00:00', 'model_version': 'nemotron-mini:4b', 'prompt_hash': 'a6af280e'}"
16,real_mixed_50,nemotron-mini:4b_kb_rag,48.97328305244446,71.91,0,direct_json,0.375,0.5454545454545454,0.4444444444444444,0.1875,3,10.8,41.2,24.7,622.4,796.2,16624.5,81.0,2461.9,2572.4,"{'timestamp': '2026-09-06T12:44:15.295759+00:00', 'model_version': 'nemotron-mini:4b', 'prompt_hash': 'a6af280e'}"
16,real_mixed_51,nemotron-mini:4b_kb_rag,55.41100001335144,73.11,0,direct_json,0.2857142857142857,0.4444444444444444,0.34782608695652173,0.2857142857142857,4,14.0,42.9,20.7,612.5,796.2,16612.6,81.0,2461.9,2572.4,"{'timestamp': '2026-09-06T12:44:21.733366+00:00', 'model_version': 'nemotron-mini:4b', 'prompt_hash': 'a6af280e'}"
17,real_mixed_52,nemotron-mini:4b_kb_rag,59.912973165512085,73.57,0,direct_json,0.2727272727272727,0.42857142857142855,0.33333333333333326,0.0,0,18.4,100.0,19.3,614.3,796.2,16590.9,81.1,2461.9,2572.4,"{'timestamp': '2026-09-06T12:44:27.755689+00:00', 'model_version': 'nemotron-mini:4b', 'prompt_hash': 'a6af280e'}"
17,real_mixed_53,nemotron-mini:4b_kb_rag,56.91785502433777,72.79,0,direct_json,0.15384615384615385,0.3333333333333333,0.21052631578947367,0.0,0,17.8,100.0,37.6,613.2,796.2,16602.2,81.0,2461.9,2572.4,"{'timestamp': '2026-09-06T12:44:24.740104+00:00', 'model_version': 'nemotron-mini:4b', 'prompt_hash': 'a6af280e'}"
17,real_mixed_54,nemotron-mini:4b_kb_rag,54.38115477561951,73.46,0,direct_json,0.5,0.75,0.6,0.0,0,16.7,100.0,20.0,610.9,796.2,16608.2,81.0,2461.9,2572.4,"{'timestamp': '2026-09-06T12:44:22.204071+00:00', 'model_version': 'nemotron-mini:4b', 'prompt_hash': 'a6af280e'}"
18,real_mixed_55,nemotron-mini:4b_kb_rag,55.543431997299194,73.57,0,direct_json,0.23076923076923078,0.3333333333333333,0.27272727272727276,0.0,0,12.0,43.0,21.9,634.5,796.2,16559.6,81.1,2461.9,2572.4,"{'timestamp': '2026-09-06T12:44:30.170480+00:00', 'model_version': 'nemotron-mini:4b', 'prompt_hash': 'a6af280e'}"
18,real_mixed_56,nemotron-mini:4b_kb_rag,58.02176785469055,73.31,0,direct_json,0.375,0.42857142857142855,0.39999999999999997,0.0625,1,11.9,43.0,20.8,627.6,796.2,16547.4,81.1,2461.9,2572.4,"{'timestamp': '2026-09-06T12:44:32.653325+00:00', 'model_version': 'nemotron-mini:4b', 'prompt_hash': 'a6af280e'}"
18,real_mixed_57,nemotron-mini:4b_kb_rag,59.53374791145325,74.57,0,direct_json,0.8333333333333334,0.5555555555555556,0.6666666666666667,0.08333333333333333,1,12.1,43.0,19.2,621.4,796.2,16540.0,81.1,2461.9,2572.4,"{'timestamp': '2026-09-06T12:44:34.177862+00:00', 'model_version': 'nemotron-mini:4b', 'prompt_hash': 'a6af280e'}"
19,real_mixed_58,nemotron-mini:4b_kb_rag,56.45215201377869,71.5,0,direct_json,0.5,0.45454545454545453,0.47619047619047616,0.0,0,17.4,66.7,27.1,613.6,796.2,16526.4,81.1,2461.9,2572.4,"{'timestamp': '2026-09-06T12:44:35.858575+00:00', 'model_version': 'nemotron-mini:4b', 'prompt_hash': 'a6af280e'}"
19,real_mixed_59,nemotron-mini:4b_kb_rag,59.46432018280029,72.13,0,direct_json,0.8181818181818182,0.47368421052631576,0.6,0.0,0,19.1,100.0,24.9,610.3,796.2,16499.3,81.2,2461.9,2572.4,"{'timestamp': '2026-09-06T12:44:38.872122+00:00', 'model_version': 'nemotron-mini:4b', 'prompt_hash': 'a6af280e'}"
19,real_mixed_60,nemotron-mini:4b_kb_rag,61.409912109375,72.87,0,direct_json,0.7272727272727273,0.6153846153846154,0.6666666666666667,0.0,0,22.7,100.0,19.2,601.4,796.2,16481.1,81.2,2461.9,2572.4,"{'timestamp': '2026-09-06T12:44:40.837197+00:00', 'model_version': 'nemotron-mini:4b', 'prompt_hash': 'a6af280e'}"
20,real_mixed_61,nemotron-mini:4b_kb_rag,65.02435088157654,66.94,0,direct_json,0.43478260869565216,0.35714285714285715,0.39215686274509803,0.0,0,12.9,50.9,20.0,579.7,796.2,16384.6,81.4,2461.9,2572.4,"{'timestamp': '2026-09-06T12:44:50.314233+00:00', 'model_version': 'nemotron-mini:4b', 'prompt_hash': 'a6af280e'}"
20,real_mixed_62,nemotron-mini:4b_kb_rag,59.5064640045166,73.34,0,direct_json,0.2222222222222222,0.18181818181818182,0.19999999999999998,0.0,0,12.9,50.9,20.9,600.1,796.2,16438.6,81.3,2461.9,2572.4,"{'timestamp': '2026-09-06T12:44:44.768226+00:00', 'model_version': 'nemotron-mini:4b', 'prompt_hash': 'a6af280e'}"
20,real_mixed_63,nemotron-mini:4b_kb_rag,57.52382683753967,73.7,0,direct_json,0.125,0.125,0.125,0.0,0,12.8,50.9,20.6,603.4,796.2,16458.4,81.2,2461.9,2572.4,"{'timestamp': '2026-09-06T12:44:42.788019+00:00', 'model_version': 'nemotron-mini:4b', 'prompt_hash': 'a6af280e'}"
21,real_mixed_64,nemotron-mini:4b_kb_rag,60.949366092681885,73.48,0,direct_json,0.0,0.0,1.0,0.0,0,12.9,50.9,20.8,566.6,796.2,16357.4,81.5,2461.9,2572.4,"{'timestamp': '2026-09-06T12:44:51.856041+00:00', 'model_version': 'nemotron-mini:4b', 'prompt_hash': 'a6af280e'}"
21,real_mixed_65,nemotron-mini:4b_kb_rag,63.993776082992554,73.93,0,direct_json,0.14285714285714285,0.125,0.13333333333333333,0.42857142857142855,3,20.5,56.2,20.9,569.1,796.2,16329.3,81.5,2461.9,2572.4,"{'timestamp': '2026-09-06T12:44:54.909546+00:00', 'model_version': 'nemotron-mini:4b', 'prompt_hash': 'a6af280e'}"
21,real_mixed_66,nemotron-mini:4b_kb_rag,61.94918894767761,73.28,0,direct_json,1.0,0.1,0.18181818181818182,0.0,0,12.9,50.9,19.6,568.0,796.2,16351.9,81.5,2461.9,2572.4,"{'timestamp': '2026-09-06T12:44:52.880251+00:00', 'model_version': 'nemotron-mini:4b', 'prompt_hash': 'a6af280e'}"
22,real_mixed_67,nemotron-mini:4b_kb_rag,61.96682620048523,72.79,0,direct_json,0.5,0.23529411764705882,0.31999999999999995,0.375,3,13.1,50.9,21.3,577.6,796.2,16273.9,81.7,2461.9,2572.4,"{'timestamp': '2026-09-06T12:44:59.885589+00:00', 'model_version': 'nemotron-mini:4b', 'prompt_hash': 'a6af280e'}"
22,real_mixed_68,nemotron-mini:4b_kb_rag,59.98121500015259,72.33,0,direct_json,0.375,0.46153846153846156,0.41379310344827586,0.125,2,13.1,50.9,24.0,575.8,796.2,16287.3,81.7,2461.9,2572.4,"{'timestamp': '2026-09-06T12:44:57.885807+00:00', 'model_version': 'nemotron-mini:4b', 'prompt_hash': 'a6af280e'}"
22,real_mixed_69,nemotron-mini:4b_kb_rag,65.98595976829529,72.34,0,direct_json,0.5666666666666667,0.68,0.6181818181818183,0.06666666666666667,2,12.9,50.9,18.5,571.4,796.2,16255.9,81.7,2461.9,2572.4,"{'timestamp': '2026-09-06T12:45:03.917639+00:00', 'model_version': 'nemotron-mini:4b', 'prompt_hash': 'a6af280e'}"
23,real_mixed_70,nemotron-mini:4b_kb_rag,58.47704100608826,71.15,0,direct_json,0.6,0.14285714285714285,0.23076923076923073,0.0,0,15.4,50.9,22.1,568.7,796.2,16178.1,81.9,2461.9,2572.4,"{'timestamp': '2026-09-06T12:45:05.604204+00:00', 'model_version': 'nemotron-mini:4b', 'prompt_hash': 'a6af280e'}"
23,real_mixed_71,nemotron-mini:4b_kb_rag,60.98850703239441,71.28,0,direct_json,0.3076923076923077,0.3333333333333333,0.32,0.15384615384615385,2,15.9,57.1,22.5,573.6,796.2,16167.4,81.9,2461.9,2572.4,"{'timestamp': '2026-09-06T12:45:08.108584+00:00', 'model_version': 'nemotron-mini:4b', 'prompt_hash': 'a6af280e'}"
23,real_mixed_72,nemotron-mini:4b_kb_rag,63.51034498214722,72.3,0,direct_json,0.5454545454545454,0.42857142857142855,0.4799999999999999,0.0,0,15.8,50.9,20.0,571.2,796.2,16155.6,81.9,2461.9,2572.4,"{'timestamp': '2026-09-06T12:45:10.644704+00:00', 'model_version': 'nemotron-mini:4b', 'prompt_hash': 'a6af280e'}"
24,real_mixed_73,nemotron-mini:4b_kb_rag,60.93589663505554,72.89,0,direct_json,1.0,0.4666666666666667,0.6363636363636364,0.0,0,14.3,50.9,21.5,561.5,794.8,16098.6,82.1,2461.9,2572.4,"{'timestamp': '2026-09-06T12:45:14.179600+00:00', 'model_version': 'nemotron-mini:4b', 'prompt_hash': 'a6af280e'}"
24,real_mixed_74,nemotron-mini:4b_kb_rag,59.438788175582886,72.75,0,direct_json,0.8571428571428571,0.6,0.7058823529411764,0.14285714285714285,1,14.5,50.9,31.5,559.7,794.9,16103.4,82.0,2461.9,2572.4,"{'timestamp': '2026-09-06T12:45:12.688328+00:00', 'model_version': 'nemotron-mini:4b', 'prompt_hash': 'a6af280e'}"
24,real_mixed_75,nemotron-mini:4b_kb_rag,62.51849913597107,73.87,0,direct_json,0.2857142857142857,0.6666666666666666,0.4,0.0,0,14.0,50.9,19.5,563.5,794.8,16091.4,82.1,2461.9,2572.4,"{'timestamp': '2026-09-06T12:45:15.756259+00:00', 'model_version': 'nemotron-mini:4b', 'prompt_hash': 'a6af280e'}"
25,real_mixed_76,nemotron-mini:4b_kb_rag,54.38316988945007,74.72,0,direct_json,0.0,1.0,0.0,0.0,0,14.4,50.9,21.9,562.2,783.6,16016.5,82.2,2461.9,2572.4,"{'timestamp': '2026-09-06T12:45:16.529123+00:00', 'model_version': 'nemotron-mini:4b', 'prompt_hash': 'a6af280e'}"
25,real_mixed_77,nemotron-mini:4b_kb_rag,56.905882835388184,73.21,0,direct_json,0.4166666666666667,0.25,0.3125,0.08333333333333333,1,14.5,50.9,22.7,568.2,783.6,16010.6,82.3,2461.9,2572.4,"{'timestamp': '2026-09-06T12:45:19.079540+00:00', 'model_version': 'nemotron-mini:4b', 'prompt_hash': 'a6af280e'}"
25,real_mixed_78,nemotron-mini:4b_kb_rag,60.424259185791016,68.78,0,direct_json,0.0625,0.25,0.1,0.5625,9,14.6,50.9,20.2,561.5,783.6,16015.8,82.3,2461.9,2572.4,"{'timestamp': '2026-09-06T12:45:22.591211+00:00', 'model_version': 'nemotron-mini:4b', 'prompt_hash': 'a6af280e'}"
26,real_mixed_79,nemotron-mini:4b_kb_rag,59.454689025878906,67.73,0,direct_json,0.6666666666666666,0.6,0.631578947368421,0.0,0,11.9,50.9,21.5,567.4,783.6,15988.7,82.3,2461.9,2572.4,"{'timestamp': '2026-09-06T12:45:27.570598+00:00', 'model_version': 'nemotron-mini:4b', 'prompt_hash': 'a6af280e'}"
26,real_mixed_80,nemotron-mini:4b_kb_rag,63.978229999542236,71.54,0,direct_json,0.6521739130434783,0.625,0.6382978723404256,0.08695652173913043,2,11.5,50.9,19.0,560.4,783.6,16010.6,82.3,2461.9,2572.4,"{'timestamp': '2026-09-06T12:45:32.115940+00:00', 'model_version': 'nemotron-mini:4b', 'prompt_hash': 'a6af280e'}"
26,real_mixed_81,nemotron-mini:4b_kb_rag,55.93896293640137,72.91,0,direct_json,0.75,0.2727272727272727,0.39999999999999997,0.0,0,13.1,50.9,22.3,558.9,783.6,15977.7,82.3,2461.9,2572.4,"{'timestamp': '2026-09-06T12:45:24.059695+00:00', 'model_version': 'nemotron-mini:4b', 'prompt_hash': 'a6af280e'}"
27,real_mixed_82,nemotron-mini:4b_kb_rag,61.94092392921448,73.6,0,direct_json,0.3333333333333333,0.2222222222222222,0.26666666666666666,0.0,0,11.2,50.9,20.0,573.1,783.6,15998.3,82.4,2461.9,2572.4,"{'timestamp': '2026-09-06T12:45:36.632040+00:00', 'model_version': 'nemotron-mini:4b', 'prompt_hash': 'a6af280e'}"
27,real_mixed_83,nemotron-mini:4b_kb_rag,58.95927977561951,72.41,0,direct_json,0.7777777777777778,0.7,0.7368421052631577,0.0,0,11.4,50.9,21.1,569.6,783.6,15989.5,82.4,2461.9,2572.4,"{'timestamp': '2026-09-06T12:45:33.648364+00:00', 'model_version': 'nemotron-mini:4b', 'prompt_hash': 'a6af280e'}"
27,real_mixed_84,nemotron-mini:4b_kb_rag,60.49951887130737,73.74,0,direct_json,1.0,0.7,0.8235294117647058,0.0,0,15.4,50.9,19.7,569.3,783.6,15993.1,82.4,2461.9,2572.4,"{'timestamp': '2026-09-06T12:45:35.189824+00:00', 'model_version': 'nemotron-mini:4b', 'prompt_hash': 'a6af280e'}"
28,real_mixed_85,nemotron-mini:4b_kb_rag,58.93638825416565,73.92,0,direct_json,0.375,0.375,0.375,0.125,1,16.5,85.7,21.2,581.8,783.6,16009.3,82.4,2461.9,2572.4,"{'timestamp': '2026-09-06T12:45:40.236360+00:00', 'model_version': 'nemotron-mini:4b', 'prompt_hash': 'a6af280e'}"
28,real_mixed_86,nemotron-mini:4b_kb_rag,60.4393470287323,73.56,0,direct_json,0.7142857142857143,0.38461538461538464,0.5,0.0,0,15.7,100.0,19.3,576.5,783.6,16016.7,82.4,2461.9,2572.4,"{'timestamp': '2026-09-06T12:45:41.750001+00:00', 'model_version': 'nemotron-mini:4b', 'prompt_hash': 'a6af280e'}"
28,real_mixed_87,nemotron-mini:4b_kb_rag,56.91854524612427,73.91,0,direct_json,0.5,0.42857142857142855,0.4615384615384615,0.0,0,17.6,60.0,21.9,583.2,783.6,16006.1,82.4,2461.9,2572.4,"{'timestamp': '2026-09-06T12:45:38.215136+00:00', 'model_version': 'nemotron-mini:4b', 'prompt_hash': 'a6af280e'}"
29,real_mixed_88,nemotron-mini:4b_kb_rag,53.41997814178467,76.17,0,direct_json,0.6666666666666666,0.5,0.5714285714285715,0.0,0,10.4,35.9,21.6,601.9,782.7,16050.0,82.4,2461.9,2572.4,"{'timestamp': '2026-09-06T12:45:44.121001+00:00', 'model_version': 'nemotron-mini:4b', 'prompt_hash': 'a6af280e'}"
29,real_mixed_89,nemotron-mini:4b_kb_rag,54.984177112579346,74.0,0,direct_json,0.6666666666666666,0.3076923076923077,0.42105263157894735,0.0,0,10.4,35.9,21.6,602.1,783.4,16051.2,82.4,2461.9,2572.4,"{'timestamp': '2026-09-06T12:45:45.698114+00:00', 'model_version': 'nemotron-mini:4b', 'prompt_hash': 'a6af280e'}"
29,real_mixed_90,nemotron-mini:4b_kb_rag,52.92866826057434,73.15,0,direct_json,0.0,0.0,1.0,0.5,4,10.5,35.9,23.7,602.2,782.6,16048.9,82.4,2461.9,2572.4,"{'timestamp': '2026-09-06T12:45:43.625442+00:00', 'model_version': 'nemotron-mini:4b', 'prompt_hash': 'a6af280e'}"
30,real_mixed_91,nemotron-mini:4b_kb_rag,53.877713203430176,73.06,0,direct_json,0.4166666666666667,0.4166666666666667,0.4166666666666667,0.25,3,14.0,46.7,20.9,598.1,783.6,16048.2,82.3,2461.9,2572.4,"{'timestamp': '2026-09-06T12:45:49.303550+00:00', 'model_version': 'nemotron-mini:4b', 'prompt_hash': 'a6af280e'}"
30,real_mixed_92,nemotron-mini:4b_kb_rag,57.9416401386261,71.59,0,direct_json,0.17391304347826086,0.26666666666666666,0.2105263157894737,0.30434782608695654,7,14.4,58.3,21.2,591.4,783.6,16048.4,82.3,2461.9,2572.4,"{'timestamp': '2026-09-06T12:45:53.364640+00:00', 'model_version': 'nemotron-mini:4b', 'prompt_hash': 'a6af280e'}"
30,real_mixed_93,nemotron-mini:4b_kb_rag,51.86643409729004,73.73,0,direct_json,0.6363636363636364,0.7,0.6666666666666666,0.09090909090909091,1,15.8,42.6,23.1,596.0,783.6,16053.4,82.3,2461.9,2572.4,"{'timestamp': '2026-09-06T12:45:47.278755+00:00', 'model_version': 'nemotron-mini:4b', 'prompt_hash': 'a6af280e'}"
31,real_mixed_94,nemotron-mini:4b_kb_rag,53.913190841674805,73.18,0,direct_json,0.3888888888888889,0.3333333333333333,0.358974358974359,0.05555555555555555,1,10.5,36.1,21.0,593.9,783.6,16039.9,82.4,2461.9,2572.4,"{'timestamp': '2026-09-06T12:45:58.267669+00:00', 'model_version': 'nemotron-mini:4b', 'prompt_hash': 'a6af280e'}"
31,real_mixed_95,nemotron-mini:4b_kb_rag,50.89623713493347,72.19,0,direct_json,0.0,0.0,1.0,0.09090909090909091,1,10.5,36.1,23.1,592.5,783.5,16058.4,82.3,2461.9,2572.4,"{'timestamp': '2026-09-06T12:45:55.237270+00:00', 'model_version': 'nemotron-mini:4b', 'prompt_hash': 'a6af280e'}"
31,real_mixed_96,nemotron-mini:4b_kb_rag,54.947551012039185,74.72,0,direct_json,0.6,0.25,0.35294117647058826,0.0,0,10.5,36.1,20.6,593.7,783.6,16033.4,82.4,2461.9,2572.4,"{'timestamp': '2026-09-06T12:45:59.304517+00:00', 'model_version': 'nemotron-mini:4b', 'prompt_hash': 'a6af280e'}"
32,real_mixed_97,nemotron-mini:4b_kb_rag,53.898252964019775,74.87,0,direct_json,1.0,0.6666666666666666,0.8,0.0,0,13.8,45.0,18.9,557.7,765.5,16030.1,82.4,2461.9,2572.4,"{'timestamp': '2026-09-06T12:46:04.976494+00:00', 'model_version': 'nemotron-mini:4b', 'prompt_hash': 'a6af280e'}"
32,real_mixed_98,nemotron-mini:4b_kb_rag,52.36025023460388,71.77,0,direct_json,0.1111111111111111,0.07142857142857142,0.08695652173913043,0.4444444444444444,8,14.3,66.0,34.3,563.9,765.5,16031.4,82.4,2461.9,2572.4,"{'timestamp': '2026-09-06T12:46:03.447259+00:00', 'model_version': 'nemotron-mini:4b', 'prompt_hash': 'a6af280e'}"
32,real_mixed_99,nemotron-mini:4b_kb_rag,49.46462631225586,75.1,0,direct_json,0.0,0.0,1.0,0.25,2,11.4,75.7,21.6,579.8,765.5,16039.8,82.4,2461.9,2572.4,"{'timestamp': '2026-09-06T12:46:00.528510+00:00', 'model_version': 'nemotron-mini:4b', 'prompt_hash': 'a6af280e'}"
33,real_mixed_100,nemotron-mini:4b_kb_rag,51.96155118942261,73.49,0,direct_json,0.2,0.42857142857142855,0.27272727272727276,0.0,0,10.7,36.1,60.7,537.3,765.5,16044.2,82.4,2461.9,2572.4,"{'timestamp': '2026-09-06T12:46:08.121797+00:00', 'model_version': 'nemotron-mini:4b', 'prompt_hash': 'a6af280e'}"
33,real_mixed_101,nemotron-mini:4b_kb_rag,49.92020511627197,75.05,0,direct_json,0.5714285714285714,0.5714285714285714,0.5714285714285714,0.0,0,11.4,75.7,24.4,544.7,765.5,16047.5,82.4,2461.9,2572.4,"{'timestamp': '2026-09-06T12:46:06.083815+00:00', 'model_version': 'nemotron-mini:4b', 'prompt_hash': 'a6af280e'}"
33,real_mixed_102,nemotron-mini:4b_kb_rag,52.494606018066406,76.63,0,direct_json,0.0,1.0,0.0,0.0,0,11.4,75.7,17.0,537.1,765.5,16043.2,82.4,2461.9,2572.4,"{'timestamp': '2026-09-06T12:46:08.654119+00:00', 'model_version': 'nemotron-mini:4b', 'prompt_hash': 'a6af280e'}"
34,real_mixed_103,nemotron-mini:4b_kb_rag,46.86065101623535,75.81,0,direct_json,0.0,1.0,0.0,0.0,0,10.9,36.1,22.4,526.0,765.5,16047.2,82.4,2461.9,2572.4,"{'timestamp': '2026-09-06T12:46:09.859099+00:00', 'model_version': 'nemotron-mini:4b', 'prompt_hash': 'a6af280e'}"
34,real_mixed_104,nemotron-mini:4b_kb_rag,49.339094161987305,73.41,0,direct_json,0.29411764705882354,0.5,0.37037037037037035,0.0,0,10.7,36.1,17.0,520.3,765.5,16046.1,82.4,2461.9,2572.4,"{'timestamp': '2026-09-06T12:46:12.351334+00:00', 'model_version': 'nemotron-mini:4b', 'prompt_hash': 'a6af280e'}"
34,real_mixed_105,nemotron-mini:4b_kb_rag,51.8492648601532,73.15,0,direct_json,0.42857142857142855,0.6,0.5,0.07142857142857142,1,10.9,36.1,15.2,512.9,765.5,16044.3,82.4,2461.9,2572.4,"{'timestamp': '2026-09-06T12:46:14.867882+00:00', 'model_version': 'nemotron-mini:4b', 'prompt_hash': 'a6af280e'}"
35,real_mixed_106,nemotron-mini:4b_kb_rag,47.36407399177551,74.95,0,direct_json,0.3333333333333333,1.0,0.5,0.0,0,11.3,36.1,13.6,482.4,761.1,15999.0,82.4,2461.9,2572.4,"{'timestamp': '2026-09-06T12:46:19.902646+00:00', 'model_version': 'nemotron-mini:4b', 'prompt_hash': 'a6af280e'}"
35,real_mixed_107,nemotron-mini:4b_kb_rag,45.84639596939087,71.99,0,direct_json,0.7272727272727273,0.6153846153846154,0.6666666666666667,0.0,0,10.9,36.1,15.4,486.4,761.1,15997.8,82.5,2461.9,2572.4,"{'timestamp': '2026-09-06T12:46:18.382044+00:00', 'model_version': 'nemotron-mini:4b', 'prompt_hash': 'a6af280e'}"
35,real_mixed_108,nemotron-mini:4b_kb_rag,43.324241161346436,75.13,0,direct_json,0.0,0.0,1.0,0.0,0,11.2,36.1,16.1,493.4,761.1,15997.7,82.5,2461.9,2572.4,"{'timestamp': '2026-09-06T12:46:15.862138+00:00', 'model_version': 'nemotron-mini:4b', 'prompt_hash': 'a6af280e'}"
36,real_mixed_109,nemotron-mini:4b_kb_rag,46.34498882293701,72.92,0,direct_json,0.5,0.25,0.3333333333333333,0.16666666666666666,2,11.3,36.1,12.1,461.0,761.1,15983.4,82.5,2461.9,2572.4,"{'timestamp': '2026-09-06T12:46:23.391999+00:00', 'model_version': 'nemotron-mini:4b', 'prompt_hash': 'a6af280e'}"
36,real_mixed_110,nemotron-mini:4b_kb_rag,47.84895706176758,74.15,0,direct_json,0.6,0.16666666666666666,0.2608695652173913,0.0,0,11.4,36.1,11.5,455.0,761.1,15985.8,82.5,2461.9,2572.4,"{'timestamp': '2026-09-06T12:46:24.882788+00:00', 'model_version': 'nemotron-mini:4b', 'prompt_hash': 'a6af280e'}"
36,real_mixed_111,nemotron-mini:4b_kb_rag,44.303163290023804,74.24,0,direct_json,0.23076923076923078,0.10344827586206896,0.14285714285714288,0.3076923076923077,4,11.1,36.1,12.1,466.0,761.1,15981.6,82.5,2461.9,2572.4,"{'timestamp': '2026-09-06T12:46:21.338112+00:00', 'model_version': 'nemotron-mini:4b', 'prompt_hash': 'a6af280e'}"
37,real_mixed_112,nemotron-mini:4b_kb_rag,46.32892298698425,74.67,0,direct_json,0.375,0.6,0.4615384615384615,0.0,0,11.4,36.1,9.6,436.1,679.6,15964.5,82.5,2461.9,2572.4,"{'timestamp': '2026-09-06T12:46:28.454806+00:00', 'model_version': 'nemotron-mini:4b', 'prompt_hash': 'a6af280e'}"
37,real_mixed_113,nemotron-mini:4b_kb_rag,44.815730810165405,73.52,0,direct_json,0.7142857142857143,0.5555555555555556,0.6250000000000001,0.0,0,11.6,36.1,10.9,440.3,679.6,15965.0,82.5,2461.9,2572.4,"{'timestamp': '2026-09-06T12:46:26.944512+00:00', 'model_version': 'nemotron-mini:4b', 'prompt_hash': 'a6af280e'}"
37,real_mixed_114,nemotron-mini:4b_kb_rag,47.32833933830261,75.03,0,direct_json,0.5,0.14285714285714285,0.22222222222222224,0.5,1,11.4,36.1,9.5,432.9,679.6,15963.8,82.5,2461.9,2572.4,"{'timestamp': '2026-09-06T12:46:29.462543+00:00', 'model_version': 'nemotron-mini:4b', 'prompt_hash': 'a6af280e'}"
38,real_mixed_115,nemotron-mini:4b_kb_rag,43.81887698173523,76.78,0,direct_json,1.0,0.3333333333333333,0.5,0.0,0,11.4,36.1,8.5,418.5,679.6,15949.1,82.5,2461.9,2572.4,"{'timestamp': '2026-09-06T12:46:29.880503+00:00', 'model_version': 'nemotron-mini:4b', 'prompt_hash': 'a6af280e'}"
38,real_mixed_116,nemotron-mini:4b_kb_rag,44.8108868598938,74.74,0,direct_json,0.0,0.0,1.0,0.0,0,11.5,36.1,8.5,415.6,679.6,15949.1,82.5,2461.9,2572.4,"{'timestamp': '2026-09-06T12:46:30.873456+00:00', 'model_version': 'nemotron-mini:4b', 'prompt_hash': 'a6af280e'}"
38,real_mixed_117,nemotron-mini:4b_kb_rag,47.34024691581726,72.57,0,direct_json,1.0,0.0,0.0,0.0,0,11.5,36.1,7.1,408.6,679.6,15956.3,82.5,2461.9,2572.4,"{'timestamp': '2026-09-06T12:46:33.415366+00:00', 'model_version': 'nemotron-mini:4b', 'prompt_hash': 'a6af280e'}"
39,real_mixed_118,nemotron-mini:4b_kb_rag,42.80299973487854,74.03,0,direct_json,0.3333333333333333,0.6,0.42857142857142855,0.2222222222222222,2,21.0,44.6,5.3,373.3,624.2,15968.5,82.6,2461.9,2572.4,"{'timestamp': '2026-09-06T12:46:36.639072+00:00', 'model_version': 'nemotron-mini:4b', 'prompt_hash': 'a6af280e'}"
39,real_mixed_119,nemotron-mini:4b_kb_rag,41.266135931015015,74.74,0,direct_json,0.8,0.6666666666666666,0.7272727272727272,0.0,0,22.4,62.5,186.2,376.8,624.2,15961.9,82.6,2461.9,2572.4,"{'timestamp': '2026-09-06T12:46:35.105701+00:00', 'model_version': 'nemotron-mini:4b', 'prompt_hash': 'a6af280e'}"
39,real_mixed_120,nemotron-mini:4b_kb_rag,44.81375193595886,74.22,0,direct_json,0.23076923076923078,0.6,0.33333333333333337,0.23076923076923078,3,21.5,100.0,4.2,368.9,624.2,15975.8,82.5,2461.9,2572.4,"{'timestamp': '2026-09-06T12:46:38.663020+00:00', 'model_version': 'nemotron-mini:4b', 'prompt_hash': 'a6af280e'}"
7,real_mixed_22,deepseek-r1:1.5b_baseline,7.548025846481323,146.69,0,codeblock,0.0,1.0,0.0,0.14285714285714285,1,13.0,44.2,55.8,279.7,279.8,15876.4,68.8,1723.0,1065.6,"{'timestamp': '2026-09-06T12:46:48.407930+00:00', 'model_version': 'deepseek-r1:1.5b', 'prompt_hash': 'a6af280e'}"
7,real_mixed_23,deepseek-r1:1.5b_baseline,50.31027102470398,143.33,0,codeblock,0.1,0.06666666666666667,0.08,0.0,0,9.9,44.2,6.3,279.7,279.8,17019.7,70.5,1723.0,1065.6,"{'timestamp': '2026-09-06T12:47:31.184143+00:00', 'model_version': 'deepseek-r1:1.5b', 'prompt_hash': 'a6af280e'}"
7,real_mixed_24,deepseek-r1:1.5b_baseline,58.39357399940491,144.25,0,codeblock,0.375,0.42857142857142855,0.39999999999999997,0.0,0,9.6,44.2,4.6,279.7,279.8,17107.9,70.5,1723.0,1065.6,"{'timestamp': '2026-09-06T12:47:39.260304+00:00', 'model_version': 'deepseek-r1:1.5b', 'prompt_hash': 'a6af280e'}"
1,real_mixed_4,deepseek-r1:1.5b_baseline,39.28218078613281,144.35,0,codeblock,0.2857142857142857,0.14285714285714285,0.19047619047619047,0.2857142857142857,2,9.4,44.2,8.4,279.7,279.8,16844.6,70.2,1723.0,1065.6,"{'timestamp': '2026-09-06T12:47:20.155629+00:00', 'model_version': 'deepseek-r1:1.5b', 'prompt_hash': 'a6af280e'}"
1,real_mixed_5,deepseek-r1:1.5b_baseline,42.29817605018616,144.24,0,codeblock,0.75,0.3,0.4285714285714285,0.0,0,9.5,44.2,8.0,279.7,279.8,16902.3,70.3,1723.0,1065.6,"{'timestamp': '2026-09-06T12:47:23.161850+00:00', 'model_version': 'deepseek-r1:1.5b', 'prompt_hash': 'a6af280e'}"
1,real_mixed_6,deepseek-r1:1.5b_baseline,69.46031379699707,144.91,0,codeblock,0.0,0.0,1.0,0.4117647058823529,7,10.0,52.2,5.1,279.7,279.8,17262.5,70.7,1723.0,1065.6,"{'timestamp': '2026-09-06T12:47:50.337953+00:00', 'model_version': 'deepseek-r1:1.5b', 'prompt_hash': 'a6af280e'}"
0,real_mixed_1,deepseek-r1:1.5b_baseline,83.52734398841858,145.28,0,codeblock,0.42857142857142855,0.46153846153846156,0.4444444444444445,0.14285714285714285,2,14.4,58.3,4.4,279.7,279.8,17433.4,70.8,1723.0,1065.6,"{'timestamp': '2026-09-06T12:48:04.395476+00:00', 'model_version': 'deepseek-r1:1.5b', 'prompt_hash': 'a6af280e'}"
0,real_mixed_2,deepseek-r1:1.5b_baseline,11.578044891357422,144.47,0,codeblock,0.14285714285714285,0.08333333333333333,0.10526315789473685,0.14285714285714285,1,21.3,100.0,25.3,279.7,279.8,16134.6,69.2,1723.0,1065.6,"{'timestamp': '2026-09-06T12:46:52.444671+00:00', 'model_version': 'deepseek-r1:1.5b', 'prompt_hash': 'a6af280e'}"
0,real_mixed_3,deepseek-r1:1.5b_baseline,89.53444385528564,142.28,0,codeblock,0.3333333333333333,0.16666666666666666,0.2222222222222222,0.16666666666666666,1,17.6,68.3,4.1,279.7,279.8,17514.3,70.9,1723.0,1065.6,"{'timestamp': '2026-09-06T12:48:10.397869+00:00', 'model_version': 'deepseek-r1:1.5b', 'prompt_hash': 'a6af280e'}"
2,real_mixed_7,deepseek-r1:1.5b_baseline,62.9228880405426,142.86,0,codeblock,0.2222222222222222,0.14285714285714285,0.17391304347826086,0.4444444444444444,4,11.0,85.7,5.8,279.7,279.8,17163.7,70.6,1723.0,1065.6,"{'timestamp': '2026-09-06T12:47:43.787664+00:00', 'model_version': 'deepseek-r1:1.5b', 'prompt_hash': 'a6af280e'}"
2,real_mixed_8,deepseek-r1:1.5b_baseline,16.621880054473877,143.29,0,codeblock,0.1,0.1111111111111111,0.10526315789473685,0.5,5,14.5,50.0,20.6,279.7,279.8,16350.2,69.6,1723.0,1065.6,"{'timestamp': '2026-09-06T12:46:57.480478+00:00', 'model_version': 'deepseek-r1:1.5b', 'prompt_hash': 'a6af280e'}"
2,real_mixed_9,deepseek-r1:1.5b_baseline,98.65624213218689,144.06,0,codeblock,0.13333333333333333,0.2,0.16,0.26666666666666666,4,10.9,66.7,6.1,279.7,279.9,17633.4,71.1,1723.0,1065.6,"{'timestamp': '2026-09-06T12:48:19.528531+00:00', 'model_version': 'deepseek-r1:1.5b', 'prompt_hash': 'a6af280e'}"
6,real_mixed_19,deepseek-r1:1.5b_baseline,44.77262592315674,148.34,0,codeblock,0.3333333333333333,0.1,0.15384615384615383,0.0,0,11.4,60.0,3.5,279.7,279.8,16947.2,70.4,1723.0,1065.6,"{'timestamp': '2026-09-06T12:47:25.655385+00:00', 'model_version': 'deepseek-r1:1.5b', 'prompt_hash': 'a6af280e'}"
6,real_mixed_20,deepseek-r1:1.5b_baseline,106.21297216415405,144.2,0,codeblock,0.6666666666666666,0.25,0.36363636363636365,0.0,0,10.7,44.2,2.3,279.7,280.0,17719.5,71.2,1723.0,1065.6,"{'timestamp': '2026-09-06T12:48:27.096200+00:00', 'model_version': 'deepseek-r1:1.5b', 'prompt_hash': 'a6af280e'}"
6,real_mixed_21,deepseek-r1:1.5b_baseline,29.202379941940308,142.75,0,codeblock,0.375,0.21428571428571427,0.2727272727272727,0.125,1,9.3,44.2,3.4,279.7,279.8,16626.4,70.0,1723.0,1065.6,"{'timestamp': '2026-09-06T12:47:10.084467+00:00', 'model_version': 'deepseek-r1:1.5b', 'prompt_hash': 'a6af280e'}"
4,real_mixed_13,deepseek-r1:1.5b_baseline,115.75308012962341,140.47,0,codeblock,0.625,0.29411764705882354,0.4,0.0,0,15.9,100.0,3.7,279.7,280.0,17831.5,71.3,1723.0,1065.6,"{'timestamp': '2026-09-06T12:48:36.621205+00:00', 'model_version': 'deepseek-r1:1.5b', 'prompt_hash': 'a6af280e'}"
4,real_mixed_14,deepseek-r1:1.5b_baseline,80.00106906890869,142.47,0,codeblock,1.0,0.16666666666666666,0.2857142857142857,0.0,0,12.2,58.3,4.8,279.7,279.8,17393.2,70.8,1723.0,1065.6,"{'timestamp': '2026-09-06T12:48:00.863052+00:00', 'model_version': 'deepseek-r1:1.5b', 'prompt_hash': 'a6af280e'}"
4,real_mixed_15,deepseek-r1:1.5b_baseline,102.17997717857361,144.31,0,codeblock,0.23076923076923078,0.3333333333333333,0.27272727272727276,0.0,0,14.3,85.7,4.5,279.7,280.0,17673.2,71.1,1723.0,1065.6,"{'timestamp': '2026-09-06T12:48:23.044110+00:00', 'model_version': 'deepseek-r1:1.5b', 'prompt_hash': 'a6af280e'}"
5,real_mixed_16,deepseek-r1:1.5b_baseline,119.28944110870361,144.89,0,codeblock,0.42857142857142855,0.3333333333333333,0.375,0.2857142857142857,2,12.0,44.2,3.6,279.8,280.3,17868.3,71.4,1723.0,1065.6,"{'timestamp': '2026-09-06T12:48:40.167550+00:00', 'model_version': 'deepseek-r1:1.5b', 'prompt_hash': 'a6af280e'}"
5,real_mixed_17,deepseek-r1:1.5b_baseline,93.11751699447632,146.59,0,codeblock,0.3333333333333333,1.0,0.5,0.0,0,10.4,66.7,6.6,279.7,279.9,17562.3,71.0,1723.0,1065.6,"{'timestamp': '2026-09-06T12:48:13.976818+00:00', 'model_version': 'deepseek-r1:1.5b', 'prompt_hash': 'a6af280e'}"
5,real_mixed_18,deepseek-r1:1.5b_baseline,22.65871524810791,141.87,0,codeblock,0.3,0.375,0.33333333333333326,0.0,0,9.8,44.2,12.1,279.7,279.8,16502.3,69.8,1723.0,1065.6,"{'timestamp': '2026-09-06T12:47:03.535032+00:00', 'model_version': 'deepseek-r1:1.5b', 'prompt_hash': 'a6af280e'}"
8,real_mixed_25,deepseek-r1:1.5b_baseline,54.36376190185547,144.17,0,codeblock,0.3333333333333333,0.25,0.28571428571428575,0.3333333333333333,3,9.7,44.2,8.7,279.7,279.8,17064.9,70.5,1723.0,1065.6,"{'timestamp': '2026-09-06T12:47:35.247470+00:00', 'model_version': 'deepseek-r1:1.5b', 'prompt_hash': 'a6af280e'}"
8,real_mixed_26,deepseek-r1:1.5b_baseline,76.99929594993591,143.08,0,codeblock,0.07142857142857142,0.05555555555555555,0.0625,0.03571428571428571,1,11.7,83.3,8.5,279.7,279.8,17361.9,70.8,1723.0,1065.6,"{'timestamp': '2026-09-06T12:47:57.892840+00:00', 'model_version': 'deepseek-r1:1.5b', 'prompt_hash': 'a6af280e'}"
8,real_mixed_27,deepseek-r1:1.5b_baseline,123.78951287269592,140.25,0,codeblock,0.0,0.0,1.0,0.9,9,14.9,85.7,5.6,279.8,280.5,17916.5,71.4,1723.0,1065.6,"{'timestamp': '2026-09-06T12:48:44.670513+00:00', 'model_version': 'deepseek-r1:1.5b', 'prompt_hash': 'a6af280e'}"
3,real_mixed_10,deepseek-r1:1.5b_baseline,34.72681999206543,144.36,0,codeblock,0.25,0.16666666666666666,0.2,0.25,1,9.7,44.2,11.2,279.7,279.8,16761.4,70.1,1723.0,1065.6,"{'timestamp': '2026-09-06T12:47:15.589912+00:00', 'model_version': 'deepseek-r1:1.5b', 'prompt_hash': 'a6af280e'}"
3,real_mixed_11,deepseek-r1:1.5b_baseline,129.375638961792,142.23,0,codeblock,0.4,0.2222222222222222,0.2857142857142857,0.0,0,12.5,44.2,4.9,279.8,280.6,17970.8,71.5,1723.0,1065.6,"{'timestamp': '2026-09-06T12:48:50.243849+00:00', 'model_version': 'deepseek-r1:1.5b', 'prompt_hash': 'a6af280e'}"
3,real_mixed_12,deepseek-r1:1.5b_baseline,25.18283700942993,146.03,0,codeblock,0.2,0.2857142857142857,0.23529411764705882,0.0,0,9.4,44.2,19.3,279.7,279.8,16555.6,69.9,1723.0,1065.6,"{'timestamp': '2026-09-06T12:47:06.049710+00:00', 'model_version': 'deepseek-r1:1.5b', 'prompt_hash': 'a6af280e'}"
9,real_mixed_28,deepseek-r1:1.5b_baseline,84.06261086463928,146.15,0,codeblock,0.4,0.13333333333333333,0.2,0.0,0,9.7,36.2,2.9,280.1,280.9,18788.2,72.4,1723.0,1065.6,"{'timestamp': '2026-09-06T12:49:03.450705+00:00', 'model_version': 'deepseek-r1:1.5b', 'prompt_hash': 'a6af280e'}"
9,real_mixed_29,deepseek-r1:1.5b_baseline,78.52257204055786,143.99,0,codeblock,0.1111111111111111,0.08333333333333333,0.09523809523809525,0.0,0,9.7,36.2,2.8,280.0,280.9,18745.4,72.3,1723.0,1065.6,"{'timestamp': '2026-09-06T12:48:57.907608+00:00', 'model_version': 'deepseek-r1:1.5b', 'prompt_hash': 'a6af280e'}"
9,real_mixed_30,deepseek-r1:1.5b_baseline,81.52761816978455,147.49,0,codeblock,0.3333333333333333,0.125,0.18181818181818182,0.3333333333333333,1,11.1,50.0,3.1,280.1,280.9,18770.0,72.4,1723.0,1065.6,"{'timestamp': '2026-09-06T12:49:00.900174+00:00', 'model_version': 'deepseek-r1:1.5b', 'prompt_hash': 'a6af280e'}"
10,real_mixed_31,deepseek-r1:1.5b_baseline,77.51211071014404,147.05,0,codeblock,0.3333333333333333,0.5,0.4,0.0,0,9.6,36.2,4.5,280.2,281.0,18929.0,72.6,1723.0,1065.6,"{'timestamp': '2026-09-06T12:49:07.955102+00:00', 'model_version': 'deepseek-r1:1.5b', 'prompt_hash': 'a6af280e'}"
10,real_mixed_32,deepseek-r1:1.5b_baseline,81.53681707382202,145.13,0,codeblock,0.36363636363636365,0.5714285714285714,0.4444444444444444,0.0,0,10.9,100.0,2.8,280.3,281.0,18956.6,72.6,1723.0,1065.6,"{'timestamp': '2026-09-06T12:49:11.983415+00:00', 'model_version': 'deepseek-r1:1.5b', 'prompt_hash': 'a6af280e'}"
10,real_mixed_33,deepseek-r1:1.5b_baseline,85.05604100227356,143.15,0,codeblock,0.6666666666666666,0.3076923076923077,0.42105263157894735,0.0,0,9.4,36.2,2.5,280.3,281.0,18982.9,72.6,1723.0,1065.6,"{'timestamp': '2026-09-06T12:49:15.512354+00:00', 'model_version': 'deepseek-r1:1.5b', 'prompt_hash': 'a6af280e'}"
11,real_mixed_34,deepseek-r1:1.5b_baseline,81.59870219230652,137.76,0,codeblock,0.0,0.0,1.0,0.0,0,9.6,40.0,2.7,280.6,281.2,19198.3,72.9,1723.0,1065.6,"{'timestamp': '2026-09-06T12:49:32.115337+00:00', 'model_version': 'deepseek-r1:1.5b', 'prompt_hash': 'a6af280e'}"
11,real_mixed_35,deepseek-r1:1.5b_baseline,89.156005859375,141.62,0,codeblock,0.3333333333333333,0.42857142857142855,0.375,0.2222222222222222,2,12.9,100.0,2.6,280.6,281.2,19210.4,72.9,1723.0,1065.6,"{'timestamp': '2026-09-06T12:49:39.673804+00:00', 'model_version': 'deepseek-r1:1.5b', 'prompt_hash': 'a6af280e'}"
11,real_mixed_36,deepseek-r1:1.5b_baseline,69.06818103790283,144.96,0,codeblock,0.5,0.19047619047619047,0.27586206896551724,0.25,2,9.5,33.3,3.1,280.5,281.2,19189.4,72.9,1723.0,1065.6,"{'timestamp': '2026-09-06T12:49:19.592674+00:00', 'model_version': 'deepseek-r1:1.5b', 'prompt_hash': 'a6af280e'}"
12,real_mixed_37,deepseek-r1:1.5b_baseline,87.58740615844727,143.26,0,codeblock,0.5714285714285714,0.3333333333333333,0.4210526315789474,0.2857142857142857,2,8.7,33.3,2.6,280.8,281.3,19270.4,72.9,1723.0,1065.6,"{'timestamp': '2026-09-06T12:49:47.296284+00:00', 'model_version': 'deepseek-r1:1.5b', 'prompt_hash': 'a6af280e'}"
12,real_mixed_38,deepseek-r1:1.5b_baseline,91.65167617797852,140.89,0,codeblock,0.25,0.15384615384615385,0.1904761904761905,0.0,0,8.7,33.3,2.7,280.8,281.3,19283.2,72.9,1723.0,1065.6,"{'timestamp': '2026-09-06T12:49:51.358799+00:00', 'model_version': 'deepseek-r1:1.5b', 'prompt_hash': 'a6af280e'}"
12,real_mixed_39,deepseek-r1:1.5b_baseline,82.57441782951355,143.48,0,codeblock,0.5,0.2857142857142857,0.36363636363636365,0.25,1,8.7,33.3,2.7,280.8,281.3,19258.8,72.9,1723.0,1065.6,"{'timestamp': '2026-09-06T12:49:42.274703+00:00', 'model_version': 'deepseek-r1:1.5b', 'prompt_hash': 'a6af280e'}"
13,real_mixed_40,deepseek-r1:1.5b_baseline,88.11362504959106,144.97,0,codeblock,0.2727272727272727,0.25,0.2608695652173913,0.36363636363636365,4,8.9,33.3,2.6,280.9,281.5,19339.3,72.9,1723.0,1065.6,"{'timestamp': '2026-09-06T12:49:55.325968+00:00', 'model_version': 'deepseek-r1:1.5b', 'prompt_hash': 'a6af280e'}"
13,real_mixed_41,deepseek-r1:1.5b_baseline,98.1804609298706,139.89,0,codeblock,0.6666666666666666,0.1111111111111111,0.1904761904761905,0.0,0,9.0,33.3,2.4,281.0,281.5,19362.2,72.8,1723.0,1065.6,"{'timestamp': '2026-09-06T12:50:05.396109+00:00', 'model_version': 'deepseek-r1:1.5b', 'prompt_hash': 'a6af280e'}"
13,real_mixed_42,deepseek-r1:1.5b_baseline,102.21010112762451,134.43,0,codeblock,0.5714285714285714,0.3333333333333333,0.4210526315789474,0.0,0,9.2,71.4,2.5,281.0,281.5,19379.3,72.8,1723.0,1065.6,"{'timestamp': '2026-09-06T12:50:09.428297+00:00', 'model_version': 'deepseek-r1:1.5b', 'prompt_hash': 'a6af280e'}"
14,real_mixed_43,deepseek-r1:1.5b_baseline,103.69111704826355,130.67,0,codeblock,0.5454545454545454,0.2857142857142857,0.37499999999999994,0.0,0,13.5,100.0,2.4,281.1,281.5,19480.0,72.7,1723.0,1065.6,"{'timestamp': '2026-09-06T12:50:20.434827+00:00', 'model_version': 'deepseek-r1:1.5b', 'prompt_hash': 'a6af280e'}"
14,real_mixed_44,deepseek-r1:1.5b_baseline,98.6690239906311,144.1,0,codeblock,0.25,0.14285714285714285,0.18181818181818182,0.0,0,16.7,71.8,2.5,281.1,281.5,19450.1,72.8,1723.0,1065.6,"{'timestamp': '2026-09-06T12:50:15.417291+00:00', 'model_version': 'deepseek-r1:1.5b', 'prompt_hash': 'a6af280e'}"
14,real_mixed_45,deepseek-r1:1.5b_baseline,96.16446304321289,142.25,0,codeblock,0.42857142857142855,0.25,0.3157894736842105,0.0,0,10.9,71.4,2.5,281.1,281.5,19432.9,72.8,1723.0,1065.6,"{'timestamp': '2026-09-06T12:50:12.904852+00:00', 'model_version': 'deepseek-r1:1.5b', 'prompt_hash': 'a6af280e'}"
15,real_mixed_46,deepseek-r1:1.5b_baseline,131.44832706451416,138.1,0,fallback,1.0,0.0,0.0,0.0,0,9.7,71.4,2.1,281.2,281.5,19649.6,72.6,1723.0,1065.6,"{'timestamp': '2026-09-06T12:50:51.739177+00:00', 'model_version': 'deepseek-r1:1.5b', 'prompt_hash': 'a6af280e'}"
15,real_mixed_47,deepseek-r1:1.5b_baseline,110.7217447757721,141.23,0,codeblock,0.48484848484848486,0.6153846153846154,0.5423728813559322,0.0,0,12.1,71.4,2.3,281.2,281.5,19556.1,72.7,1723.0,1065.6,"{'timestamp': '2026-09-06T12:50:31.025469+00:00', 'model_version': 'deepseek-r1:1.5b', 'prompt_hash': 'a6af280e'}"
15,real_mixed_48,deepseek-r1:1.5b_baseline,116.24941110610962,143.84,0,codeblock,0.2222222222222222,0.3333333333333333,0.26666666666666666,0.0,0,14.2,71.8,2.3,281.2,281.5,19585.9,72.7,1723.0,1065.6,"{'timestamp': '2026-09-06T12:50:36.531079+00:00', 'model_version': 'deepseek-r1:1.5b', 'prompt_hash': 'a6af280e'}"
16,real_mixed_49,deepseek-r1:1.5b_baseline,150.51790118217468,141.8,0,codeblock,0.2857142857142857,0.14285714285714285,0.19047619047619047,0.0,0,13.5,100.0,1.8,281.3,281.6,19745.7,72.6,1723.0,1065.6,"{'timestamp': '2026-09-06T12:51:15.309483+00:00', 'model_version': 'deepseek-r1:1.5b', 'prompt_hash': 'a6af280e'}"
16,real_mixed_50,deepseek-r1:1.5b_baseline,145.52487087249756,144.09,0,codeblock,0.375,0.2727272727272727,0.3157894736842105,0.0,0,13.5,100.0,2.0,281.3,281.6,19727.5,72.6,1723.0,1065.6,"{'timestamp': '2026-09-06T12:51:10.307972+00:00', 'model_version': 'deepseek-r1:1.5b', 'prompt_hash': 'a6af280e'}"
16,real_mixed_51,deepseek-r1:1.5b_baseline,141.99358797073364,137.16,0,fallback,1.0,0.0,0.0,0.0,0,14.4,100.0,2.1,281.3,281.6,19716.6,72.6,1723.0,1065.6,"{'timestamp': '2026-09-06T12:51:06.776491+00:00', 'model_version': 'deepseek-r1:1.5b', 'prompt_hash': 'a6af280e'}"
17,real_mixed_52,deepseek-r1:1.5b_baseline,153.5045142173767,145.56,0,codeblock,0.25,0.07142857142857142,0.11111111111111112,0.0,0,11.3,71.4,2.0,281.4,281.7,19794.2,72.5,1723.0,1065.6,"{'timestamp': '2026-09-06T12:51:23.879134+00:00', 'model_version': 'deepseek-r1:1.5b', 'prompt_hash': 'a6af280e'}"
17,real_mixed_53,deepseek-r1:1.5b_baseline,148.040913105011,145.69,0,codeblock,0.16666666666666666,0.16666666666666666,0.16666666666666666,0.0,0,10.3,71.4,2.0,281.3,281.7,19776.9,72.5,1723.0,1065.6,"{'timestamp': '2026-09-06T12:51:18.399536+00:00', 'model_version': 'deepseek-r1:1.5b', 'prompt_hash': 'a6af280e'}"
17,real_mixed_54,deepseek-r1:1.5b_baseline,151.0867681503296,147.43,0,codeblock,0.3333333333333333,0.25,0.28571428571428575,0.0,0,10.8,71.4,1.8,281.4,281.7,19786.3,72.5,1723.0,1065.6,"{'timestamp': '2026-09-06T12:51:21.444669+00:00', 'model_version': 'deepseek-r1:1.5b', 'prompt_hash': 'a6af280e'}"
18,real_mixed_55,deepseek-r1:1.5b_baseline,148.02631211280823,142.61,0,codeblock,0.2857142857142857,0.2222222222222222,0.25,0.0,0,8.9,71.4,2.0,281.4,281.8,19855.5,72.5,1723.0,1065.6,"{'timestamp': '2026-09-06T12:51:31.594389+00:00', 'model_version': 'deepseek-r1:1.5b', 'prompt_hash': 'a6af280e'}"
18,real_mixed_56,deepseek-r1:1.5b_baseline,153.04452919960022,141.49,0,codeblock,0.29411764705882354,0.35714285714285715,0.3225806451612903,0.11764705882352941,2,8.9,71.4,2.0,281.4,281.8,19869.1,72.5,1723.0,1065.6,"{'timestamp': '2026-09-06T12:51:36.618660+00:00', 'model_version': 'deepseek-r1:1.5b', 'prompt_hash': 'a6af280e'}"
18,real_mixed_57,deepseek-r1:1.5b_baseline,143.48313903808594,146.73,0,codeblock,0.4,0.5,0.4444444444444445,0.2,6,8.9,71.4,2.0,281.4,281.8,19844.2,72.5,1723.0,1065.6,"{'timestamp': '2026-09-06T12:51:27.057913+00:00', 'model_version': 'deepseek-r1:1.5b', 'prompt_hash': 'a6af280e'}"
19,real_mixed_58,deepseek-r1:1.5b_baseline,144.4895350933075,145.24,0,codeblock,0.2727272727272727,0.2727272727272727,0.2727272727272727,0.18181818181818182,2,9.1,71.4,2.0,281.5,282.0,19907.0,72.4,1723.0,1065.6,"{'timestamp': '2026-09-06T12:51:40.125509+00:00', 'model_version': 'deepseek-r1:1.5b', 'prompt_hash': 'a6af280e'}"
19,real_mixed_59,deepseek-r1:1.5b_baseline,153.04024195671082,141.5,0,codeblock,0.21428571428571427,0.2727272727272727,0.23999999999999996,0.5,14,9.9,71.4,2.1,281.5,282.0,19925.4,72.4,1723.0,1065.6,"{'timestamp': '2026-09-06T12:51:48.670688+00:00', 'model_version': 'deepseek-r1:1.5b', 'prompt_hash': 'a6af280e'}"
19,real_mixed_60,deepseek-r1:1.5b_baseline,149.0275959968567,144.02,0,codeblock,0.2222222222222222,0.15384615384615385,0.18181818181818185,0.0,0,8.9,71.4,2.1,281.5,282.0,19917.8,72.4,1723.0,1065.6,"{'timestamp': '2026-09-06T12:51:44.660704+00:00', 'model_version': 'deepseek-r1:1.5b', 'prompt_hash': 'a6af280e'}"
20,real_mixed_61,deepseek-r1:1.5b_baseline,143.4361391067505,130.54,0,codeblock,0.0,0.0,1.0,0.0,0,12.1,71.4,2.0,281.6,282.2,20055.4,72.3,1723.0,1065.6,"{'timestamp': '2026-09-06T12:52:03.243616+00:00', 'model_version': 'deepseek-r1:1.5b', 'prompt_hash': 'a6af280e'}"
20,real_mixed_62,deepseek-r1:1.5b_baseline,136.92520594596863,143.12,0,codeblock,0.2857142857142857,0.18181818181818182,0.2222222222222222,0.0,0,9.1,71.4,2.2,281.6,282.2,20048.3,72.3,1723.0,1065.6,"{'timestamp': '2026-09-06T12:51:56.719660+00:00', 'model_version': 'deepseek-r1:1.5b', 'prompt_hash': 'a6af280e'}"
20,real_mixed_63,deepseek-r1:1.5b_baseline,133.4024019241333,145.47,0,codeblock,0.1,0.125,0.11111111111111112,0.3,3,10.4,71.4,2.2,281.6,282.2,20043.5,72.3,1723.0,1065.6,"{'timestamp': '2026-09-06T12:51:53.202778+00:00', 'model_version': 'deepseek-r1:1.5b', 'prompt_hash': 'a6af280e'}"
21,real_mixed_64,deepseek-r1:1.5b_baseline,137.89831495285034,145.15,0,codeblock,0.0,0.0,1.0,0.0,0,8.9,71.4,2.2,281.7,282.3,20110.7,72.2,1723.0,1065.6,"{'timestamp': '2026-09-06T12:52:09.365973+00:00', 'model_version': 'deepseek-r1:1.5b', 'prompt_hash': 'a6af280e'}"
21,real_mixed_65,deepseek-r1:1.5b_baseline,142.46707701683044,142.41,0,codeblock,0.2,0.125,0.15384615384615385,0.0,0,8.8,71.4,2.0,281.7,282.3,20115.1,72.2,1723.0,1065.6,"{'timestamp': '2026-09-06T12:52:13.939694+00:00', 'model_version': 'deepseek-r1:1.5b', 'prompt_hash': 'a6af280e'}"
21,real_mixed_66,deepseek-r1:1.5b_baseline,134.89103317260742,144.83,0,codeblock,0.2,0.05,0.08000000000000002,0.2,1,8.9,71.4,2.1,281.7,282.3,20108.8,72.2,1723.0,1065.6,"{'timestamp': '2026-09-06T12:52:06.383066+00:00', 'model_version': 'deepseek-r1:1.5b', 'prompt_hash': 'a6af280e'}"
22,real_mixed_67,deepseek-r1:1.5b_baseline,130.37604999542236,142.47,0,codeblock,0.16,0.23529411764705882,0.19047619047619052,0.4,10,8.3,37.2,2.4,281.8,282.3,20186.0,72.2,1723.0,1065.6,"{'timestamp': '2026-09-06T12:52:19.945752+00:00', 'model_version': 'deepseek-r1:1.5b', 'prompt_hash': 'a6af280e'}"
22,real_mixed_68,deepseek-r1:1.5b_baseline,126.8277759552002,147.79,0,codeblock,0.25,0.07692307692307693,0.11764705882352941,0.0,0,8.7,62.7,2.9,281.8,282.3,20185.9,72.2,1723.0,1065.6,"{'timestamp': '2026-09-06T12:52:16.379707+00:00', 'model_version': 'deepseek-r1:1.5b', 'prompt_hash': 'a6af280e'}"
22,real_mixed_69,deepseek-r1:1.5b_baseline,134.906818151474,142.86,0,codeblock,0.5,0.16666666666666666,0.25,0.125,1,8.2,35.9,2.5,281.8,282.3,20188.6,72.2,1723.0,1065.6,"{'timestamp': '2026-09-06T12:52:24.486982+00:00', 'model_version': 'deepseek-r1:1.5b', 'prompt_hash': 'a6af280e'}"
23,real_mixed_70,deepseek-r1:1.5b_baseline,139.95558309555054,142.49,0,codeblock,0.5454545454545454,0.2857142857142857,0.37499999999999994,0.18181818181818182,2,8.4,31.4,2.0,281.9,282.4,20207.5,72.2,1723.0,1065.6,"{'timestamp': '2026-09-06T12:52:40.568593+00:00', 'model_version': 'deepseek-r1:1.5b', 'prompt_hash': 'a6af280e'}"
23,real_mixed_71,deepseek-r1:1.5b_baseline,126.35587692260742,142.89,0,codeblock,0.42857142857142855,0.25,0.3157894736842105,0.0,0,8.4,31.4,2.2,281.8,282.4,20201.6,72.2,1723.0,1065.6,"{'timestamp': '2026-09-06T12:52:26.957891+00:00', 'model_version': 'deepseek-r1:1.5b', 'prompt_hash': 'a6af280e'}"
23,real_mixed_72,deepseek-r1:1.5b_baseline,132.38514828681946,142.85,0,codeblock,0.4666666666666667,0.5,0.4827586206896552,0.06666666666666667,1,8.2,31.4,2.2,281.8,282.4,20204.8,72.2,1723.0,1065.6,"{'timestamp': '2026-09-06T12:52:32.987356+00:00', 'model_version': 'deepseek-r1:1.5b', 'prompt_hash': 'a6af280e'}"
24,real_mixed_73,deepseek-r1:1.5b_baseline,123.88379287719727,143.11,0,codeblock,0.8,0.26666666666666666,0.4,0.0,0,8.3,31.4,2.6,282.0,282.5,20227.1,72.1,1723.0,1065.6,"{'timestamp': '2026-09-06T12:52:55.752490+00:00', 'model_version': 'deepseek-r1:1.5b', 'prompt_hash': 'a6af280e'}"
24,real_mixed_74,deepseek-r1:1.5b_baseline,116.30681204795837,142.37,0,codeblock,0.3333333333333333,0.2,0.25,0.3333333333333333,2,8.4,31.6,2.3,282.0,282.5,20226.7,72.1,1723.0,1065.6,"{'timestamp': '2026-09-06T12:52:48.173661+00:00', 'model_version': 'deepseek-r1:1.5b', 'prompt_hash': 'a6af280e'}"
24,real_mixed_75,deepseek-r1:1.5b_baseline,120.84249305725098,143.75,0,codeblock,0.0,0.0,1.0,0.0,0,8.3,31.4,2.3,282.0,282.5,20226.7,72.1,1723.0,1065.6,"{'timestamp': '2026-09-06T12:52:52.696178+00:00', 'model_version': 'deepseek-r1:1.5b', 'prompt_hash': 'a6af280e'}"
25,real_mixed_76,deepseek-r1:1.5b_baseline,104.7148048877716,147.26,0,codeblock,0.0,1.0,0.0,0.0,0,14.6,100.0,2.6,282.2,282.5,20235.4,72.1,1723.0,1065.6,"{'timestamp': '2026-09-06T12:53:00.133649+00:00', 'model_version': 'deepseek-r1:1.5b', 'prompt_hash': 'a6af280e'}"
25,real_mixed_77,deepseek-r1:1.5b_baseline,110.73314881324768,142.54,0,codeblock,0.14285714285714285,0.1,0.11764705882352941,0.6428571428571429,9,13.2,40.4,2.4,282.2,282.5,20237.7,72.1,1723.0,1065.6,"{'timestamp': '2026-09-06T12:53:06.184183+00:00', 'model_version': 'deepseek-r1:1.5b', 'prompt_hash': 'a6af280e'}"
25,real_mixed_78,deepseek-r1:1.5b_baseline,117.30198693275452,137.47,0,codeblock,0.2857142857142857,0.5,0.36363636363636365,0.14285714285714285,1,13.0,43.8,2.4,282.2,282.5,20232.7,72.1,1723.0,1065.6,"{'timestamp': '2026-09-06T12:53:12.726264+00:00', 'model_version': 'deepseek-r1:1.5b', 'prompt_hash': 'a6af280e'}"
26,real_mixed_79,deepseek-r1:1.5b_baseline,123.81483292579651,133.7,0,codeblock,0.6666666666666666,0.4,0.5,0.0,0,13.9,52.9,2.3,282.3,282.5,20229.6,72.1,1723.0,1065.6,"{'timestamp': '2026-09-06T12:53:27.809710+00:00', 'model_version': 'deepseek-r1:1.5b', 'prompt_hash': 'a6af280e'}"
26,real_mixed_80,deepseek-r1:1.5b_baseline,118.30894613265991,141.86,0,codeblock,0.3333333333333333,0.16666666666666666,0.2222222222222222,0.0,0,12.8,50.0,2.4,282.2,282.5,20228.8,72.1,1723.0,1065.6,"{'timestamp': '2026-09-06T12:53:22.339028+00:00', 'model_version': 'deepseek-r1:1.5b', 'prompt_hash': 'a6af280e'}"
26,real_mixed_81,deepseek-r1:1.5b_baseline,112.28925728797913,146.45,0,codeblock,0.4,0.18181818181818182,0.25000000000000006,0.4,2,10.7,35.5,2.5,282.2,282.5,20230.2,72.1,1723.0,1065.6,"{'timestamp': '2026-09-06T12:53:16.301803+00:00', 'model_version': 'deepseek-r1:1.5b', 'prompt_hash': 'a6af280e'}"
27,real_mixed_82,deepseek-r1:1.5b_baseline,123.31491494178772,144.19,0,codeblock,0.375,0.3333333333333333,0.35294117647058826,0.375,3,8.7,26.6,2.5,282.3,282.6,20228.3,72.0,1723.0,1065.6,"{'timestamp': '2026-09-06T12:53:40.047745+00:00', 'model_version': 'deepseek-r1:1.5b', 'prompt_hash': 'a6af280e'}"
27,real_mixed_83,deepseek-r1:1.5b_baseline,115.2925717830658,145.69,0,codeblock,0.4,0.4,0.4000000000000001,0.0,0,8.5,26.6,2.4,282.3,282.6,20229.1,72.0,1723.0,1065.6,"{'timestamp': '2026-09-06T12:53:32.025380+00:00', 'model_version': 'deepseek-r1:1.5b', 'prompt_hash': 'a6af280e'}"
27,real_mixed_84,deepseek-r1:1.5b_baseline,118.81848001480103,145.4,0,codeblock,0.375,0.3333333333333333,0.35294117647058826,0.0,0,8.5,26.6,2.4,282.3,282.6,20233.4,72.1,1723.0,1065.6,"{'timestamp': '2026-09-06T12:53:35.552215+00:00', 'model_version': 'deepseek-r1:1.5b', 'prompt_hash': 'a6af280e'}"
28,real_mixed_85,deepseek-r1:1.5b_baseline,118.82283592224121,143.98,0,codeblock,0.3333333333333333,0.25,0.28571428571428575,0.16666666666666666,1,9.1,28.3,2.4,282.4,282.6,20218.5,72.0,1723.0,1065.6,"{'timestamp': '2026-09-06T12:53:47.615916+00:00', 'model_version': 'deepseek-r1:1.5b', 'prompt_hash': 'a6af280e'}"
28,real_mixed_86,deepseek-r1:1.5b_baseline,126.40687417984009,143.72,0,codeblock,0.6,0.46153846153846156,0.5217391304347826,0.0,0,8.6,27.7,2.2,282.4,282.6,20212.3,72.0,1723.0,1065.6,"{'timestamp': '2026-09-06T12:53:55.201519+00:00', 'model_version': 'deepseek-r1:1.5b', 'prompt_hash': 'a6af280e'}"
28,real_mixed_87,deepseek-r1:1.5b_baseline,122.78907895088196,144.83,0,codeblock,0.2857142857142857,0.2857142857142857,0.2857142857142857,0.2857142857142857,2,11.9,57.9,2.3,282.4,282.6,20213.9,72.0,1723.0,1065.6,"{'timestamp': '2026-09-06T12:53:51.581464+00:00', 'model_version': 'deepseek-r1:1.5b', 'prompt_hash': 'a6af280e'}"
29,real_mixed_88,deepseek-r1:1.5b_baseline,114.28401827812195,147.38,0,codeblock,0.5,0.5,0.5,0.0,0,10.7,39.4,2.6,282.4,282.6,20217.8,72.0,1723.0,1065.6,"{'timestamp': '2026-09-06T12:53:57.640003+00:00', 'model_version': 'deepseek-r1:1.5b', 'prompt_hash': 'a6af280e'}"
29,real_mixed_89,deepseek-r1:1.5b_baseline,117.78154683113098,145.15,0,codeblock,0.3333333333333333,0.07692307692307693,0.125,0.0,0,10.0,28.4,2.3,282.4,282.6,20218.0,72.0,1723.0,1065.6,"{'timestamp': '2026-09-06T12:54:01.143398+00:00', 'model_version': 'deepseek-r1:1.5b', 'prompt_hash': 'a6af280e'}"
29,real_mixed_90,deepseek-r1:1.5b_baseline,122.30635285377502,143.57,0,codeblock,0.45454545454545453,0.5555555555555556,0.5,0.09090909090909091,1,10.6,36.4,2.2,282.4,282.6,20220.3,72.0,1723.0,1065.6,"{'timestamp': '2026-09-06T12:54:05.663998+00:00', 'model_version': 'deepseek-r1:1.5b', 'prompt_hash': 'a6af280e'}"
30,real_mixed_91,deepseek-r1:1.5b_baseline,126.33196592330933,142.7,0,codeblock,0.375,0.25,0.3,0.0,0,9.1,34.9,2.3,282.5,282.7,20224.0,72.0,1723.0,1065.6,"{'timestamp': '2026-09-06T12:54:20.388554+00:00', 'model_version': 'deepseek-r1:1.5b', 'prompt_hash': 'a6af280e'}"
30,real_mixed_92,deepseek-r1:1.5b_baseline,120.31424570083618,143.11,0,codeblock,0.16666666666666666,0.06666666666666667,0.09523809523809522,0.16666666666666666,1,9.0,34.9,2.3,282.5,282.7,20222.8,72.0,1723.0,1065.6,"{'timestamp': '2026-09-06T12:54:14.378486+00:00', 'model_version': 'deepseek-r1:1.5b', 'prompt_hash': 'a6af280e'}"
30,real_mixed_93,deepseek-r1:1.5b_baseline,115.26827192306519,145.72,0,codeblock,0.125,0.1,0.11111111111111112,0.0,0,9.0,34.9,2.4,282.5,282.7,20219.8,72.0,1723.0,1065.6,"{'timestamp': '2026-09-06T12:54:09.324522+00:00', 'model_version': 'deepseek-r1:1.5b', 'prompt_hash': 'a6af280e'}"
31,real_mixed_94,deepseek-r1:1.5b_baseline,140.9117980003357,137.7,0,fallback,1.0,0.0,0.0,0.0,0,11.3,100.0,2.2,282.5,282.7,20234.4,72.0,1723.0,1065.6,"{'timestamp': '2026-09-06T12:54:45.526312+00:00', 'model_version': 'deepseek-r1:1.5b', 'prompt_hash': 'a6af280e'}"
31,real_mixed_95,deepseek-r1:1.5b_baseline,122.30418801307678,144.01,0,codeblock,0.2857142857142857,1.0,0.4444444444444445,0.0,0,9.4,34.9,2.3,282.5,282.7,20226.5,72.0,1723.0,1065.6,"{'timestamp': '2026-09-06T12:54:26.901781+00:00', 'model_version': 'deepseek-r1:1.5b', 'prompt_hash': 'a6af280e'}"
31,real_mixed_96,deepseek-r1:1.5b_baseline,125.33478283882141,145.1,0,codeblock,0.2,0.16666666666666666,0.1818181818181818,0.4,4,9.8,100.0,2.4,282.5,282.7,20226.5,72.0,1723.0,1065.6,"{'timestamp': '2026-09-06T12:54:29.948320+00:00', 'model_version': 'deepseek-r1:1.5b', 'prompt_hash': 'a6af280e'}"
32,real_mixed_97,deepseek-r1:1.5b_baseline,132.40577006340027,144.91,0,codeblock,0.4444444444444444,0.4444444444444444,0.4444444444444444,0.1111111111111111,1,9.5,34.9,2.6,282.5,282.7,20234.4,72.0,1723.0,1065.6,"{'timestamp': '2026-09-06T12:54:53.096957+00:00', 'model_version': 'deepseek-r1:1.5b', 'prompt_hash': 'a6af280e'}"
32,real_mixed_98,deepseek-r1:1.5b_baseline,147.98533701896667,135.76,0,fallback,1.0,0.0,0.0,0.0,0,11.4,100.0,2.1,282.5,282.7,20241.5,72.0,1723.0,1065.6,"{'timestamp': '2026-09-06T12:55:08.692230+00:00', 'model_version': 'deepseek-r1:1.5b', 'prompt_hash': 'a6af280e'}"
32,real_mixed_99,deepseek-r1:1.5b_baseline,127.8555908203125,147.15,0,codeblock,0.0,0.0,1.0,0.14285714285714285,1,9.8,37.5,2.7,282.6,282.7,20232.1,72.0,1723.0,1065.6,"{'timestamp': '2026-09-06T12:54:48.536156+00:00', 'model_version': 'deepseek-r1:1.5b', 'prompt_hash': 'a6af280e'}"
33,real_mixed_100,deepseek-r1:1.5b_baseline,152.146821975708,145.06,0,codeblock,0.0,0.0,1.0,0.0,0,9.5,34.9,1.9,282.5,282.7,20247.1,72.0,1723.0,1065.6,"{'timestamp': '2026-09-06T12:55:28.018930+00:00', 'model_version': 'deepseek-r1:1.5b', 'prompt_hash': 'a6af280e'}"
33,real_mixed_101,deepseek-r1:1.5b_baseline,149.07901096343994,139.53,0,codeblock,0.15384615384615385,0.2857142857142857,0.2,0.0,0,9.5,34.9,1.9,282.5,282.7,20246.7,72.0,1723.0,1065.6,"{'timestamp': '2026-09-06T12:55:24.953683+00:00', 'model_version': 'deepseek-r1:1.5b', 'prompt_hash': 'a6af280e'}"
33,real_mixed_102,deepseek-r1:1.5b_baseline,135.90664100646973,147.28,0,codeblock,0.0,1.0,0.0,0.5,1,9.4,34.9,2.1,282.5,282.7,20242.1,72.0,1723.0,1065.6,"{'timestamp': '2026-09-06T12:55:11.772263+00:00', 'model_version': 'deepseek-r1:1.5b', 'prompt_hash': 'a6af280e'}"
34,real_mixed_103,deepseek-r1:1.5b_baseline,137.0514190196991,147.41,0,codeblock,1.0,1.0,1.0,0.0,0,12.4,66.7,2.1,282.5,282.7,20252.9,72.0,1723.0,1065.6,"{'timestamp': '2026-09-06T12:55:29.939062+00:00', 'model_version': 'deepseek-r1:1.5b', 'prompt_hash': 'a6af280e'}"
34,real_mixed_104,deepseek-r1:1.5b_baseline,147.23142409324646,141.73,0,codeblock,0.14285714285714285,0.2,0.16666666666666666,0.14285714285714285,2,10.3,40.0,1.9,282.5,282.7,20254.9,72.0,1723.0,1065.6,"{'timestamp': '2026-09-06T12:55:40.133099+00:00', 'model_version': 'deepseek-r1:1.5b', 'prompt_hash': 'a6af280e'}"
34,real_mixed_105,deepseek-r1:1.5b_baseline,150.1773717403412,144.4,0,codeblock,0.5,0.3,0.37499999999999994,0.0,0,11.7,100.0,1.9,282.5,282.7,20256.2,72.0,1723.0,1065.6,"{'timestamp': '2026-09-06T12:55:43.077095+00:00', 'model_version': 'deepseek-r1:1.5b', 'prompt_hash': 'a6af280e'}"
35,real_mixed_106,deepseek-r1:1.5b_baseline,138.66598296165466,146.07,0,codeblock,0.14285714285714285,0.5,0.22222222222222224,0.0,0,16.0,64.5,1.9,282.5,282.7,20260.9,72.0,1723.0,1065.6,"{'timestamp': '2026-09-06T12:55:46.588495+00:00', 'model_version': 'deepseek-r1:1.5b', 'prompt_hash': 'a6af280e'}"
35,real_mixed_107,deepseek-r1:1.5b_baseline,154.3570339679718,142.06,0,codeblock,0.18181818181818182,0.15384615384615385,0.16666666666666669,0.0,0,18.6,57.1,1.7,282.4,282.7,20263.6,72.0,1723.0,1065.6,"{'timestamp': '2026-09-06T12:56:02.284224+00:00', 'model_version': 'deepseek-r1:1.5b', 'prompt_hash': 'a6af280e'}"
35,real_mixed_108,deepseek-r1:1.5b_baseline,148.79856705665588,140.07,0,codeblock,0.16666666666666666,0.2,0.1818181818181818,0.0,0,18.0,54.9,1.8,282.4,282.7,20262.7,72.0,1723.0,1065.6,"{'timestamp': '2026-09-06T12:55:56.720565+00:00', 'model_version': 'deepseek-r1:1.5b', 'prompt_hash': 'a6af280e'}"
36,real_mixed_109,deepseek-r1:1.5b_baseline,162.47418308258057,142.83,0,codeblock,0.3333333333333333,0.08333333333333333,0.13333333333333333,0.16666666666666666,1,11.6,42.9,1.8,277.6,282.7,20267.2,72.0,1723.0,1065.6,"{'timestamp': '2026-09-06T12:56:22.665198+00:00', 'model_version': 'deepseek-r1:1.5b', 'prompt_hash': 'a6af280e'}"
36,real_mixed_110,deepseek-r1:1.5b_baseline,157.91905689239502,139.37,0,codeblock,0.3333333333333333,0.2222222222222222,0.26666666666666666,0.0,0,10.7,38.9,1.8,278.6,282.7,20267.3,72.0,1723.0,1065.6,"{'timestamp': '2026-09-06T12:56:18.096739+00:00', 'model_version': 'deepseek-r1:1.5b', 'prompt_hash': 'a6af280e'}"
36,real_mixed_111,deepseek-r1:1.5b_baseline,147.80256509780884,144.82,0,codeblock,0.375,0.6,0.4615384615384615,0.0,0,10.2,35.7,1.8,281.0,282.7,20268.3,72.0,1723.0,1065.6,"{'timestamp': '2026-09-06T12:56:07.995662+00:00', 'model_version': 'deepseek-r1:1.5b', 'prompt_hash': 'a6af280e'}"
37,real_mixed_112,deepseek-r1:1.5b_baseline,151.916442155838,146.4,0,codeblock,0.09090909090909091,0.2,0.12500000000000003,0.09090909090909091,1,10.1,35.4,1.7,276.0,282.7,20286.6,72.0,1723.0,1065.6,"{'timestamp': '2026-09-06T12:56:27.232016+00:00', 'model_version': 'deepseek-r1:1.5b', 'prompt_hash': 'a6af280e'}"
37,real_mixed_113,deepseek-r1:1.5b_baseline,163.49082398414612,144.13,0,codeblock,0.11764705882352941,0.2222222222222222,0.15384615384615383,0.11764705882352941,2,10.9,39.3,1.7,273.7,282.7,20285.5,72.0,1723.0,1065.6,"{'timestamp': '2026-09-06T12:56:38.821387+00:00', 'model_version': 'deepseek-r1:1.5b', 'prompt_hash': 'a6af280e'}"
37,real_mixed_114,deepseek-r1:1.5b_baseline,157.06429076194763,144.51,0,codeblock,0.0,0.0,1.0,0.2857142857142857,2,10.1,34.9,1.7,275.0,282.7,20285.2,72.0,1723.0,1065.6,"{'timestamp': '2026-09-06T12:56:32.385955+00:00', 'model_version': 'deepseek-r1:1.5b', 'prompt_hash': 'a6af280e'}"
38,real_mixed_115,deepseek-r1:1.5b_baseline,156.59102368354797,147.91,0,codeblock,0.5,0.6666666666666666,0.5714285714285715,0.0,0,11.9,64.3,1.8,272.3,282.7,20285.5,72.0,1723.0,1065.6,"{'timestamp': '2026-09-06T12:56:42.364340+00:00', 'model_version': 'deepseek-r1:1.5b', 'prompt_hash': 'a6af280e'}"
38,real_mixed_116,deepseek-r1:1.5b_baseline,160.61065912246704,144.54,0,codeblock,0.6666666666666666,1.0,0.8,0.0,0,14.6,100.0,1.7,271.6,282.7,20281.7,72.0,1723.0,1065.6,"{'timestamp': '2026-09-06T12:56:46.384353+00:00', 'model_version': 'deepseek-r1:1.5b', 'prompt_hash': 'a6af280e'}"
38,real_mixed_117,deepseek-r1:1.5b_baseline,168.76450514793396,142.38,0,codeblock,0.06666666666666667,0.125,0.08695652173913045,0.0,0,11.2,35.4,1.6,270.2,282.7,20273.4,72.0,1723.0,1065.6,"{'timestamp': '2026-09-06T12:56:54.553602+00:00', 'model_version': 'deepseek-r1:1.5b', 'prompt_hash': 'a6af280e'}"
39,real_mixed_118,deepseek-r1:1.5b_baseline,170.25586318969727,145.57,0,codeblock,0.0,0.0,1.0,0.16666666666666666,1,11.4,64.3,1.4,266.4,282.7,20260.3,71.9,1723.0,1065.6,"{'timestamp': '2026-09-06T12:57:10.758268+00:00', 'model_version': 'deepseek-r1:1.5b', 'prompt_hash': 'a6af280e'}"
39,real_mixed_119,deepseek-r1:1.5b_baseline,166.70050716400146,146.05,0,codeblock,0.0,0.0,1.0,0.3333333333333333,2,11.2,35.4,1.6,267.0,282.7,20264.0,71.9,1723.0,1065.6,"{'timestamp': '2026-09-06T12:57:07.205895+00:00', 'model_version': 'deepseek-r1:1.5b', 'prompt_hash': 'a6af280e'}"
39,real_mixed_120,deepseek-r1:1.5b_baseline,163.2944359779358,143.81,0,codeblock,0.5,0.6,0.5454545454545454,0.0,0,10.5,33.8,1.6,267.5,282.7,20263.4,71.9,1723.0,1065.6,"{'timestamp': '2026-09-06T12:57:03.796674+00:00', 'model_version': 'deepseek-r1:1.5b', 'prompt_hash': 'a6af280e'}"
2,real_mixed_7,deepseek-r1:1.5b_kb_rag,20.354453086853027,141.82,0,codeblock,0.14285714285714285,0.07142857142857142,0.09523809523809523,0.0,0,17.9,68.1,31.0,889.2,1084.0,19165.2,73.9,1723.0,1065.6,"{'timestamp': '2026-09-06T12:57:32.450957+00:00', 'model_version': 'deepseek-r1:1.5b', 'prompt_hash': 'a6af280e'}"
2,real_mixed_8,deepseek-r1:1.5b_kb_rag,24.382699012756348,142.15,0,codeblock,0.0,0.0,1.0,0.25,2,9.8,65.9,22.4,891.7,1137.5,19163.0,74.0,1723.0,1065.6,"{'timestamp': '2026-09-06T12:57:36.640800+00:00', 'model_version': 'deepseek-r1:1.5b', 'prompt_hash': 'a6af280e'}"
2,real_mixed_9,deepseek-r1:1.5b_kb_rag,9.176313877105713,142.91,0,codeblock,0.5,0.2,0.28571428571428575,0.0,0,14.8,65.9,150.2,897.9,1131.8,19219.5,73.8,1723.0,1065.6,"{'timestamp': '2026-09-06T12:57:21.079244+00:00', 'model_version': 'deepseek-r1:1.5b', 'prompt_hash': 'a6af280e'}"
1,real_mixed_4,deepseek-r1:1.5b_kb_rag,48.68672513961792,133.28,0,fallback,1.0,0.0,0.0,0.0,0,16.0,72.6,12.0,880.0,1083.8,19103.4,74.1,1723.0,1065.6,"{'timestamp': '2026-09-06T12:58:01.246696+00:00', 'model_version': 'deepseek-r1:1.5b', 'prompt_hash': 'a6af280e'}"
1,real_mixed_5,deepseek-r1:1.5b_kb_rag,5.128422737121582,137.99,0,codeblock,0.2222222222222222,0.2,0.2105263157894737,0.3333333333333333,3,20.1,65.9,196.5,910.5,1130.5,19258.5,73.7,1723.0,1065.6,"{'timestamp': '2026-09-06T12:57:16.970885+00:00', 'model_version': 'deepseek-r1:1.5b', 'prompt_hash': 'a6af280e'}"
1,real_mixed_6,deepseek-r1:1.5b_kb_rag,32.934033155441284,142.75,0,codeblock,0.3333333333333333,0.16666666666666666,0.2222222222222222,0.1111111111111111,1,17.4,71.6,18.1,883.6,1132.3,19145.1,74.0,1723.0,1065.6,"{'timestamp': '2026-09-06T12:57:45.428854+00:00', 'model_version': 'deepseek-r1:1.5b', 'prompt_hash': 'a6af280e'}"
0,real_mixed_1,deepseek-r1:1.5b_kb_rag,28.41021966934204,142.28,0,codeblock,0.3333333333333333,0.38461538461538464,0.3571428571428571,0.4,6,13.9,65.9,24.3,885.0,1131.8,19144.9,74.0,1723.0,1065.6,"{'timestamp': '2026-09-06T12:57:40.819025+00:00', 'model_version': 'deepseek-r1:1.5b', 'prompt_hash': 'a6af280e'}"
0,real_mixed_2,deepseek-r1:1.5b_kb_rag,16.35847234725952,140.34,0,codeblock,1.0,0.0,0.0,0.0,0,15.4,65.9,49.2,892.2,1084.7,19173.7,73.9,1723.0,1065.6,"{'timestamp': '2026-09-06T12:57:28.457615+00:00', 'model_version': 'deepseek-r1:1.5b', 'prompt_hash': 'a6af280e'}"
0,real_mixed_3,deepseek-r1:1.5b_kb_rag,71.50926184654236,136.66,0,codeblock,0.11764705882352941,0.16666666666666666,0.13793103448275862,0.11764705882352941,2,11.6,65.9,8.9,892.1,1084.5,19042.0,74.2,1723.0,1065.6,"{'timestamp': '2026-09-06T12:58:24.668154+00:00', 'model_version': 'deepseek-r1:1.5b', 'prompt_hash': 'a6af280e'}"
5,real_mixed_16,deepseek-r1:1.5b_kb_rag,57.23576378822327,142.4,0,codeblock,0.0,0.0,1.0,0.0,0,8.6,65.9,10.3,885.8,1129.3,19077.8,74.1,1723.0,1065.6,"{'timestamp': '2026-09-06T12:58:10.086022+00:00', 'model_version': 'deepseek-r1:1.5b', 'prompt_hash': 'a6af280e'}"
5,real_mixed_17,deepseek-r1:1.5b_kb_rag,94.75347995758057,144.23,0,codeblock,0.3333333333333333,0.5,0.4,0.0,0,9.0,65.9,6.5,895.9,1129.8,19002.2,74.3,1723.0,1065.6,"{'timestamp': '2026-09-06T12:58:48.004279+00:00', 'model_version': 'deepseek-r1:1.5b', 'prompt_hash': 'a6af280e'}"
5,real_mixed_18,deepseek-r1:1.5b_kb_rag,80.21011400222778,142.44,0,codeblock,0.5,0.3333333333333333,0.4,0.125,1,9.3,65.9,9.4,894.4,1137.5,19024.3,74.2,1723.0,1065.6,"{'timestamp': '2026-09-06T12:58:33.531372+00:00', 'model_version': 'deepseek-r1:1.5b', 'prompt_hash': 'a6af280e'}"
8,real_mixed_25,deepseek-r1:1.5b_kb_rag,53.213682889938354,142.19,0,codeblock,0.25,0.16666666666666666,0.2,0.375,3,8.7,65.9,10.8,883.7,1129.3,19092.3,74.1,1723.0,1065.6,"{'timestamp': '2026-09-06T12:58:06.062933+00:00', 'model_version': 'deepseek-r1:1.5b', 'prompt_hash': 'a6af280e'}"
8,real_mixed_26,deepseek-r1:1.5b_kb_rag,76.96640491485596,138.91,0,codeblock,0.225,0.25,0.2368421052631579,0.375,15,10.5,65.9,7.7,893.5,1129.8,19030.1,74.2,1723.0,1065.6,"{'timestamp': '2026-09-06T12:58:30.238103+00:00', 'model_version': 'deepseek-r1:1.5b', 'prompt_hash': 'a6af280e'}"
8,real_mixed_27,deepseek-r1:1.5b_kb_rag,100.84215712547302,132.62,0,codeblock,0.8,0.46153846153846156,0.5853658536585367,0.0,0,8.6,65.9,6.9,895.5,922.0,18992.2,74.3,1723.0,1065.6,"{'timestamp': '2026-09-06T12:58:54.193384+00:00', 'model_version': 'deepseek-r1:1.5b', 'prompt_hash': 'a6af280e'}"
6,real_mixed_19,deepseek-r1:1.5b_kb_rag,91.23029589653015,142.78,0,codeblock,0.5333333333333333,0.4,0.4571428571428572,0.26666666666666666,4,9.9,65.9,5.7,894.4,922.0,19007.5,74.3,1723.0,1065.6,"{'timestamp': '2026-09-06T12:58:44.648043+00:00', 'model_version': 'deepseek-r1:1.5b', 'prompt_hash': 'a6af280e'}"
6,real_mixed_20,deepseek-r1:1.5b_kb_rag,97.20562076568604,142.9,0,codeblock,0.5,0.1875,0.2727272727272727,0.0,0,8.6,65.9,7.4,894.9,922.0,18997.4,74.3,1723.0,1065.6,"{'timestamp': '2026-09-06T12:58:50.625984+00:00', 'model_version': 'deepseek-r1:1.5b', 'prompt_hash': 'a6af280e'}"
6,real_mixed_21,deepseek-r1:1.5b_kb_rag,112.58051204681396,142.92,0,codeblock,1.0,0.2857142857142857,0.4444444444444445,0.0,0,10.0,65.9,6.8,897.6,922.0,18970.8,74.3,1723.0,1065.6,"{'timestamp': '2026-09-06T12:59:06.012014+00:00', 'model_version': 'deepseek-r1:1.5b', 'prompt_hash': 'a6af280e'}"
4,real_mixed_13,deepseek-r1:1.5b_kb_rag,87.11570715904236,137.97,0,codeblock,0.1111111111111111,0.11764705882352941,0.11428571428571428,0.4444444444444444,8,9.4,65.9,7.5,895.0,1134.2,19012.7,74.3,1723.0,1065.6,"{'timestamp': '2026-09-06T12:58:40.428804+00:00', 'model_version': 'deepseek-r1:1.5b', 'prompt_hash': 'a6af280e'}"
4,real_mixed_14,deepseek-r1:1.5b_kb_rag,128.21871399879456,131.76,0,codeblock,0.6,0.6666666666666666,0.631578947368421,0.0,0,11.4,65.9,7.9,900.3,922.0,18938.9,74.4,1723.0,1065.6,"{'timestamp': '2026-09-06T12:59:21.642542+00:00', 'model_version': 'deepseek-r1:1.5b', 'prompt_hash': 'a6af280e'}"
4,real_mixed_15,deepseek-r1:1.5b_kb_rag,105.82412600517273,142.3,0,codeblock,0.2,0.3333333333333333,0.25,0.13333333333333333,2,8.8,65.9,8.0,896.5,922.0,18983.3,74.3,1723.0,1065.6,"{'timestamp': '2026-09-06T12:58:59.232602+00:00', 'model_version': 'deepseek-r1:1.5b', 'prompt_hash': 'a6af280e'}"
3,real_mixed_10,deepseek-r1:1.5b_kb_rag,60.76323986053467,143.11,0,codeblock,0.16666666666666666,0.16666666666666666,0.16666666666666666,0.6666666666666666,4,16.8,70.7,8.9,888.0,1131.8,19061.5,74.2,1723.0,1065.6,"{'timestamp': '2026-09-06T12:58:13.746741+00:00', 'model_version': 'deepseek-r1:1.5b', 'prompt_hash': 'a6af280e'}"
3,real_mixed_11,deepseek-r1:1.5b_kb_rag,135.39924478530884,134.08,0,codeblock,0.14285714285714285,0.1111111111111111,0.125,0.42857142857142855,6,10.4,65.9,12.2,901.4,922.0,18895.1,74.5,1723.0,1065.6,"{'timestamp': '2026-09-06T12:59:28.813481+00:00', 'model_version': 'deepseek-r1:1.5b', 'prompt_hash': 'a6af280e'}"
3,real_mixed_12,deepseek-r1:1.5b_kb_rag,137.27073407173157,142.91,0,codeblock,0.1111111111111111,0.14285714285714285,0.125,0.2222222222222222,2,10.0,65.9,8.6,901.7,922.0,18882.6,74.5,1723.0,1065.6,"{'timestamp': '2026-09-06T12:59:30.686877+00:00', 'model_version': 'deepseek-r1:1.5b', 'prompt_hash': 'a6af280e'}"
7,real_mixed_22,deepseek-r1:1.5b_kb_rag,109.56178879737854,144.55,0,codeblock,0.0,1.0,0.0,0.5,4,10.4,65.9,7.4,897.2,922.0,18974.7,74.3,1723.0,1065.6,"{'timestamp': '2026-09-06T12:59:02.923790+00:00', 'model_version': 'deepseek-r1:1.5b', 'prompt_hash': 'a6af280e'}"
7,real_mixed_23,deepseek-r1:1.5b_kb_rag,141.286926984787,142.3,0,codeblock,0.5,0.13333333333333333,0.2105263157894737,0.0,0,13.5,75.6,8.6,902.2,922.0,18860.7,74.6,1723.0,1065.6,"{'timestamp': '2026-09-06T12:59:34.707240+00:00', 'model_version': 'deepseek-r1:1.5b', 'prompt_hash': 'a6af280e'}"
7,real_mixed_24,deepseek-r1:1.5b_kb_rag,155.91618394851685,134.92,0,codeblock,0.09090909090909091,0.14285714285714285,0.1111111111111111,0.5454545454545454,6,9.1,65.9,8.5,904.0,922.0,18788.6,74.7,1723.0,1065.6,"{'timestamp': '2026-09-06T12:59:49.330556+00:00', 'model_version': 'deepseek-r1:1.5b', 'prompt_hash': 'a6af280e'}"
9,real_mixed_28,deepseek-r1:1.5b_kb_rag,143.39809203147888,142.79,0,codeblock,0.16666666666666666,0.13333333333333333,0.14814814814814814,0.0,0,10.7,88.9,8.8,909.0,922.4,18672.1,74.9,1723.0,1065.6,"{'timestamp': '2026-09-06T13:00:00.430034+00:00', 'model_version': 'deepseek-r1:1.5b', 'prompt_hash': 'a6af280e'}"
9,real_mixed_29,deepseek-r1:1.5b_kb_rag,139.3160138130188,139.68,0,codeblock,0.05263157894736842,0.08333333333333333,0.06451612903225808,0.21052631578947367,4,11.2,66.7,9.2,908.6,922.4,18692.1,74.9,1723.0,1065.6,"{'timestamp': '2026-09-06T12:59:56.352021+00:00', 'model_version': 'deepseek-r1:1.5b', 'prompt_hash': 'a6af280e'}"
9,real_mixed_30,deepseek-r1:1.5b_kb_rag,146.37971878051758,142.21,0,codeblock,0.5,0.25,0.3333333333333333,0.0,0,10.4,43.1,8.3,909.2,922.4,18656.2,74.9,1723.0,1065.6,"{'timestamp': '2026-09-06T13:00:03.407173+00:00', 'model_version': 'deepseek-r1:1.5b', 'prompt_hash': 'a6af280e'}"
10,real_mixed_31,deepseek-r1:1.5b_kb_rag,128.2447350025177,133.24,0,codeblock,0.14285714285714285,0.5,0.22222222222222224,0.0,0,11.9,74.1,9.8,912.9,922.4,18512.6,75.2,1723.0,1065.6,"{'timestamp': '2026-09-06T13:00:09.869310+00:00', 'model_version': 'deepseek-r1:1.5b', 'prompt_hash': 'a6af280e'}"
10,real_mixed_32,deepseek-r1:1.5b_kb_rag,131.66979813575745,138.91,0,codeblock,0.3333333333333333,0.5714285714285714,0.4210526315789474,0.0,0,14.3,74.1,9.7,909.0,922.4,18480.3,75.3,1723.0,1065.6,"{'timestamp': '2026-09-06T13:00:13.306219+00:00', 'model_version': 'deepseek-r1:1.5b', 'prompt_hash': 'a6af280e'}"
10,real_mixed_33,deepseek-r1:1.5b_kb_rag,147.80833792686462,131.15,0,fallback,1.0,0.0,0.0,0.0,0,15.8,100.0,8.3,893.6,922.4,18361.3,75.5,1723.0,1065.6,"{'timestamp': '2026-09-06T13:00:29.459391+00:00', 'model_version': 'deepseek-r1:1.5b', 'prompt_hash': 'a6af280e'}"
11,real_mixed_34,deepseek-r1:1.5b_kb_rag,131.71964597702026,137.71,0,codeblock,0.0,0.0,1.0,0.0,0,11.5,74.1,9.3,882.5,922.5,18216.0,75.9,1723.0,1065.6,"{'timestamp': '2026-09-06T13:00:36.782538+00:00', 'model_version': 'deepseek-r1:1.5b', 'prompt_hash': 'a6af280e'}"
11,real_mixed_35,deepseek-r1:1.5b_kb_rag,135.75989985466003,137.92,0,codeblock,0.18181818181818182,0.2857142857142857,0.2222222222222222,0.09090909090909091,1,11.2,74.1,9.0,877.8,922.5,18192.8,75.9,1723.0,1065.6,"{'timestamp': '2026-09-06T13:00:40.836216+00:00', 'model_version': 'deepseek-r1:1.5b', 'prompt_hash': 'a6af280e'}"
11,real_mixed_36,deepseek-r1:1.5b_kb_rag,127.72993612289429,137.03,0,codeblock,0.8,0.36363636363636365,0.5000000000000001,0.2,2,11.1,74.1,16.1,885.7,922.4,18238.7,75.8,1723.0,1065.6,"{'timestamp': '2026-09-06T13:00:32.806453+00:00', 'model_version': 'deepseek-r1:1.5b', 'prompt_hash': 'a6af280e'}"
12,real_mixed_37,deepseek-r1:1.5b_kb_rag,122.12889122962952,133.16,0,codeblock,0.29411764705882354,0.4166666666666667,0.3448275862068966,0.11764705882352941,2,11.7,74.1,10.3,857.6,922.4,17999.7,76.3,1723.0,1065.6,"{'timestamp': '2026-09-06T13:00:50.528553+00:00', 'model_version': 'deepseek-r1:1.5b', 'prompt_hash': 'a6af280e'}"
12,real_mixed_38,deepseek-r1:1.5b_kb_rag,130.2389943599701,137.92,0,codeblock,0.23076923076923078,0.23076923076923078,0.23076923076923078,0.15384615384615385,2,11.6,74.1,9.2,843.4,922.4,17961.1,76.4,1723.0,1065.6,"{'timestamp': '2026-09-06T13:00:58.644814+00:00', 'model_version': 'deepseek-r1:1.5b', 'prompt_hash': 'a6af280e'}"
12,real_mixed_39,deepseek-r1:1.5b_kb_rag,127.14790105819702,137.22,0,codeblock,0.375,0.42857142857142855,0.39999999999999997,0.0,0,11.6,74.1,10.0,849.4,922.4,17976.0,76.4,1723.0,1065.6,"{'timestamp': '2026-09-06T13:00:55.541197+00:00', 'model_version': 'deepseek-r1:1.5b', 'prompt_hash': 'a6af280e'}"
13,real_mixed_40,deepseek-r1:1.5b_kb_rag,130.16940188407898,137.25,0,codeblock,0.5,0.16666666666666666,0.25,0.25,1,11.6,74.1,10.0,829.6,922.4,17892.0,76.6,1723.0,1065.6,"{'timestamp': '2026-09-06T13:01:04.726155+00:00', 'model_version': 'deepseek-r1:1.5b', 'prompt_hash': 'a6af280e'}"
13,real_mixed_41,deepseek-r1:1.5b_kb_rag,135.21171188354492,137.23,0,codeblock,0.3333333333333333,0.2222222222222222,0.26666666666666666,0.3333333333333333,4,11.6,74.1,9.5,821.5,922.4,17871.7,76.6,1723.0,1065.6,"{'timestamp': '2026-09-06T13:01:09.786857+00:00', 'model_version': 'deepseek-r1:1.5b', 'prompt_hash': 'a6af280e'}"
13,real_mixed_42,deepseek-r1:1.5b_kb_rag,139.24350309371948,137.66,0,codeblock,0.125,0.041666666666666664,0.0625,0.125,1,11.5,74.1,8.8,815.3,922.4,17855.0,76.6,1723.0,1065.6,"{'timestamp': '2026-09-06T13:01:13.815052+00:00', 'model_version': 'deepseek-r1:1.5b', 'prompt_hash': 'a6af280e'}"
14,real_mixed_43,deepseek-r1:1.5b_kb_rag,149.83743596076965,124.04,0,codeblock,0.3333333333333333,0.3333333333333333,0.3333333333333333,0.19047619047619047,4,19.5,100.0,8.4,778.8,922.4,17699.7,76.9,1723.0,1065.6,"{'timestamp': '2026-09-06T13:01:36.233809+00:00', 'model_version': 'deepseek-r1:1.5b', 'prompt_hash': 'a6af280e'}"
14,real_mixed_44,deepseek-r1:1.5b_kb_rag,139.32089018821716,137.93,0,codeblock,0.16666666666666666,0.14285714285714285,0.15384615384615383,0.3333333333333333,4,15.8,75.0,8.9,790.5,922.4,17723.5,76.9,1723.0,1065.6,"{'timestamp': '2026-09-06T13:01:25.718289+00:00', 'model_version': 'deepseek-r1:1.5b', 'prompt_hash': 'a6af280e'}"
14,real_mixed_45,deepseek-r1:1.5b_kb_rag,134.7009379863739,136.19,0,codeblock,0.29411764705882354,0.4166666666666667,0.3448275862068966,0.0,0,17.3,75.0,9.2,796.1,922.4,17736.7,76.9,1723.0,1065.6,"{'timestamp': '2026-09-06T13:01:21.089528+00:00', 'model_version': 'deepseek-r1:1.5b', 'prompt_hash': 'a6af280e'}"
15,real_mixed_46,deepseek-r1:1.5b_kb_rag,141.41015219688416,138.21,0,codeblock,0.125,0.07142857142857142,0.09090909090909091,0.0,0,16.2,75.0,9.2,757.2,922.4,17578.2,77.2,1723.0,1065.6,"{'timestamp': '2026-09-06T13:01:43.469336+00:00', 'model_version': 'deepseek-r1:1.5b', 'prompt_hash': 'a6af280e'}"
15,real_mixed_47,deepseek-r1:1.5b_kb_rag,146.85951709747314,137.85,0,codeblock,0.3448275862068966,0.37037037037037035,0.35714285714285715,0.0,0,21.5,100.0,8.6,753.7,922.4,17578.2,77.2,1723.0,1065.6,"{'timestamp': '2026-09-06T13:01:48.937333+00:00', 'model_version': 'deepseek-r1:1.5b', 'prompt_hash': 'a6af280e'}"
15,real_mixed_48,deepseek-r1:1.5b_kb_rag,136.86381101608276,137.42,0,codeblock,0.5,0.3333333333333333,0.4,0.0,0,15.9,100.0,9.4,760.3,922.4,17580.8,77.2,1723.0,1065.6,"{'timestamp': '2026-09-06T13:01:38.914637+00:00', 'model_version': 'deepseek-r1:1.5b', 'prompt_hash': 'a6af280e'}"
16,real_mixed_49,deepseek-r1:1.5b_kb_rag,164.6197669506073,142.11,0,codeblock,0.3333333333333333,0.14285714285714285,0.2,0.16666666666666666,1,16.8,74.1,8.5,730.8,922.4,17542.9,77.3,1723.0,1065.6,"{'timestamp': '2026-09-06T13:02:15.685157+00:00', 'model_version': 'deepseek-r1:1.5b', 'prompt_hash': 'a6af280e'}"
16,real_mixed_50,deepseek-r1:1.5b_kb_rag,161.4286470413208,137.06,0,codeblock,0.46153846153846156,0.5454545454545454,0.4999999999999999,0.0,0,11.3,74.1,8.3,732.1,922.4,17545.8,77.3,1723.0,1065.6,"{'timestamp': '2026-09-06T13:02:12.492180+00:00', 'model_version': 'deepseek-r1:1.5b', 'prompt_hash': 'a6af280e'}"
16,real_mixed_51,deepseek-r1:1.5b_kb_rag,153.3933036327362,131.81,0,fallback,1.0,0.0,0.0,0.0,0,11.5,74.1,8.2,735.5,922.4,17550.6,77.3,1723.0,1065.6,"{'timestamp': '2026-09-06T13:02:04.459565+00:00', 'model_version': 'deepseek-r1:1.5b', 'prompt_hash': 'a6af280e'}"
17,real_mixed_52,deepseek-r1:1.5b_kb_rag,160.85125088691711,140.74,0,codeblock,0.2857142857142857,0.14285714285714285,0.19047619047619047,0.14285714285714285,1,11.1,74.1,8.0,712.5,922.4,17460.1,77.5,1723.0,1065.6,"{'timestamp': '2026-09-06T13:02:30.575955+00:00', 'model_version': 'deepseek-r1:1.5b', 'prompt_hash': 'a6af280e'}"
17,real_mixed_53,deepseek-r1:1.5b_kb_rag,148.33920288085938,143.36,0,codeblock,0.3333333333333333,0.5,0.4,0.1111111111111111,1,11.5,74.1,8.7,707.7,922.4,17472.4,77.5,1723.0,1065.6,"{'timestamp': '2026-09-06T13:02:18.053813+00:00', 'model_version': 'deepseek-r1:1.5b', 'prompt_hash': 'a6af280e'}"
17,real_mixed_54,deepseek-r1:1.5b_kb_rag,154.90012288093567,143.04,0,codeblock,0.15384615384615385,0.5,0.23529411764705882,0.07692307692307693,1,11.3,74.1,8.2,709.9,922.4,17466.4,77.5,1723.0,1065.6,"{'timestamp': '2026-09-06T13:02:24.621922+00:00', 'model_version': 'deepseek-r1:1.5b', 'prompt_hash': 'a6af280e'}"
18,real_mixed_55,deepseek-r1:1.5b_kb_rag,155.88672590255737,139.85,0,codeblock,0.11764705882352941,0.2222222222222222,0.15384615384615383,0.23529411764705882,4,11.2,74.1,8.5,697.5,882.4,17395.6,77.7,1723.0,1065.6,"{'timestamp': '2026-09-06T13:02:39.747031+00:00', 'model_version': 'deepseek-r1:1.5b', 'prompt_hash': 'a6af280e'}"
18,real_mixed_56,deepseek-r1:1.5b_kb_rag,162.85699605941772,136.09,0,codeblock,0.2,0.2857142857142857,0.23529411764705882,0.5,10,11.4,74.1,7.8,699.5,882.5,17384.7,77.7,1723.0,1065.6,"{'timestamp': '2026-09-06T13:02:46.727541+00:00', 'model_version': 'deepseek-r1:1.5b', 'prompt_hash': 'a6af280e'}"
18,real_mixed_57,deepseek-r1:1.5b_kb_rag,151.77788090705872,141.07,0,codeblock,0.35294117647058826,0.3333333333333333,0.34285714285714286,0.17647058823529413,3,11.2,74.1,8.8,695.3,882.4,17401.0,77.7,1723.0,1065.6,"{'timestamp': '2026-09-06T13:02:35.649607+00:00', 'model_version': 'deepseek-r1:1.5b', 'prompt_hash': 'a6af280e'}"
19,real_mixed_58,deepseek-r1:1.5b_kb_rag,155.78301000595093,135.85,0,fallback,1.0,0.0,0.0,0.0,0,15.6,70.4,8.6,679.8,781.8,17358.3,77.7,1723.0,1065.6,"{'timestamp': '2026-09-06T13:03:05.696332+00:00', 'model_version': 'deepseek-r1:1.5b', 'prompt_hash': 'a6af280e'}"
19,real_mixed_59,deepseek-r1:1.5b_kb_rag,161.30708408355713,134.32,0,codeblock,0.7647058823529411,0.6842105263157895,0.7222222222222222,0.0,0,14.8,70.4,8.0,673.1,781.8,17345.1,77.7,1723.0,1065.6,"{'timestamp': '2026-09-06T13:03:11.213598+00:00', 'model_version': 'deepseek-r1:1.5b', 'prompt_hash': 'a6af280e'}"
19,real_mixed_60,deepseek-r1:1.5b_kb_rag,140.70282077789307,141.11,0,codeblock,0.3333333333333333,0.25,0.28571428571428575,0.0,0,17.1,66.7,11.8,683.9,781.9,17385.6,77.7,1723.0,1065.6,"{'timestamp': '2026-09-06T13:02:50.602683+00:00', 'model_version': 'deepseek-r1:1.5b', 'prompt_hash': 'a6af280e'}"
20,real_mixed_61,deepseek-r1:1.5b_kb_rag,162.22978687286377,129.72,0,codeblock,0.045454545454545456,0.03571428571428571,0.04,0.18181818181818182,4,9.7,37.8,7.9,671.7,781.8,17324.2,77.7,1723.0,1065.6,"{'timestamp': '2026-09-06T13:03:23.503447+00:00', 'model_version': 'deepseek-r1:1.5b', 'prompt_hash': 'a6af280e'}"
20,real_mixed_62,deepseek-r1:1.5b_kb_rag,155.1208472251892,141.53,0,codeblock,0.23076923076923078,0.2727272727272727,0.24999999999999994,0.23076923076923078,3,10.1,37.8,8.3,668.6,781.8,17333.1,77.7,1723.0,1065.6,"{'timestamp': '2026-09-06T13:03:16.373253+00:00', 'model_version': 'deepseek-r1:1.5b', 'prompt_hash': 'a6af280e'}"
20,real_mixed_63,deepseek-r1:1.5b_kb_rag,167.659282207489,143.09,0,codeblock,0.13333333333333333,0.25,0.1739130434782609,0.0,0,10.5,37.8,7.7,667.1,781.8,17326.6,77.7,1723.0,1065.6,"{'timestamp': '2026-09-06T13:03:28.913851+00:00', 'model_version': 'deepseek-r1:1.5b', 'prompt_hash': 'a6af280e'}"
21,real_mixed_64,deepseek-r1:1.5b_kb_rag,156.4949071407318,142.56,0,codeblock,0.0,0.0,1.0,0.7777777777777778,7,9.8,40.6,8.1,666.0,797.9,17325.4,77.7,1723.0,1065.6,"{'timestamp': '2026-09-06T13:03:35.526231+00:00', 'model_version': 'deepseek-r1:1.5b', 'prompt_hash': 'a6af280e'}"
21,real_mixed_65,deepseek-r1:1.5b_kb_rag,154.0323829650879,141.2,0,codeblock,0.0,0.0,1.0,0.0,0,9.7,40.6,8.7,668.6,797.9,17323.7,77.7,1723.0,1065.6,"{'timestamp': '2026-09-06T13:03:33.069318+00:00', 'model_version': 'deepseek-r1:1.5b', 'prompt_hash': 'a6af280e'}"
21,real_mixed_66,deepseek-r1:1.5b_kb_rag,160.63282299041748,142.37,0,codeblock,0.5,0.15,0.23076923076923075,0.0,0,10.0,40.6,8.0,662.9,797.9,17328.3,77.7,1723.0,1065.6,"{'timestamp': '2026-09-06T13:03:39.687639+00:00', 'model_version': 'deepseek-r1:1.5b', 'prompt_hash': 'a6af280e'}"
22,real_mixed_67,deepseek-r1:1.5b_kb_rag,162.99914073944092,140.51,0,codeblock,0.0,0.0,1.0,0.25,1,10.5,100.0,8.2,665.2,811.5,17335.2,77.7,1723.0,1065.6,"{'timestamp': '2026-09-06T13:03:57.212428+00:00', 'model_version': 'deepseek-r1:1.5b', 'prompt_hash': 'a6af280e'}"
22,real_mixed_68,deepseek-r1:1.5b_kb_rag,148.91427493095398,141.5,0,codeblock,1.0,0.15384615384615385,0.2666666666666667,0.0,0,10.1,46.5,8.7,670.3,811.5,17330.7,77.8,1723.0,1065.6,"{'timestamp': '2026-09-06T13:03:43.109904+00:00', 'model_version': 'deepseek-r1:1.5b', 'prompt_hash': 'a6af280e'}"
22,real_mixed_69,deepseek-r1:1.5b_kb_rag,157.96815419197083,138.62,0,codeblock,0.5454545454545454,0.25,0.34285714285714286,0.09090909090909091,1,10.1,46.5,8.0,669.7,811.5,17334.2,77.7,1723.0,1065.6,"{'timestamp': '2026-09-06T13:03:52.184176+00:00', 'model_version': 'deepseek-r1:1.5b', 'prompt_hash': 'a6af280e'}"
23,real_mixed_70,deepseek-r1:1.5b_kb_rag,144.18880891799927,141.92,0,codeblock,0.6666666666666666,0.19047619047619047,0.2962962962962963,0.16666666666666666,1,10.1,46.5,8.9,674.2,811.3,17337.4,77.8,1723.0,1065.6,"{'timestamp': '2026-09-06T13:04:00.837672+00:00', 'model_version': 'deepseek-r1:1.5b', 'prompt_hash': 'a6af280e'}"
23,real_mixed_71,deepseek-r1:1.5b_kb_rag,148.74415183067322,138.85,0,codeblock,0.2857142857142857,0.16666666666666666,0.2105263157894737,0.0,0,10.0,46.5,9.0,672.7,811.3,17343.4,77.8,1723.0,1065.6,"{'timestamp': '2026-09-06T13:04:05.376792+00:00', 'model_version': 'deepseek-r1:1.5b', 'prompt_hash': 'a6af280e'}"
23,real_mixed_72,deepseek-r1:1.5b_kb_rag,164.30772995948792,133.85,0,fallback,1.0,0.0,0.0,0.0,0,9.7,46.5,7.8,654.0,811.3,17346.8,77.7,1723.0,1065.6,"{'timestamp': '2026-09-06T13:04:20.947146+00:00', 'model_version': 'deepseek-r1:1.5b', 'prompt_hash': 'a6af280e'}"
24,real_mixed_73,deepseek-r1:1.5b_kb_rag,158.69974398612976,141.41,0,codeblock,0.5,0.13333333333333333,0.2105263157894737,0.25,1,9.7,46.5,8.2,654.8,811.3,17342.0,77.8,1723.0,1065.6,"{'timestamp': '2026-09-06T13:04:28.038524+00:00', 'model_version': 'deepseek-r1:1.5b', 'prompt_hash': 'a6af280e'}"
24,real_mixed_74,deepseek-r1:1.5b_kb_rag,166.30328011512756,139.11,0,direct_json,0.5,0.2,0.28571428571428575,0.0,0,16.9,56.4,7.7,648.0,800.3,17353.0,77.8,1723.0,1065.6,"{'timestamp': '2026-09-06T13:04:35.641335+00:00', 'model_version': 'deepseek-r1:1.5b', 'prompt_hash': 'a6af280e'}"
24,real_mixed_75,deepseek-r1:1.5b_kb_rag,155.7074098587036,140.54,0,codeblock,0.0,0.0,1.0,0.0,0,9.6,46.5,10.5,653.9,811.3,17338.5,77.8,1723.0,1065.6,"{'timestamp': '2026-09-06T13:04:25.030421+00:00', 'model_version': 'deepseek-r1:1.5b', 'prompt_hash': 'a6af280e'}"
25,real_mixed_76,deepseek-r1:1.5b_kb_rag,141.67912006378174,145.7,0,codeblock,1.0,1.0,1.0,0.0,0,12.6,50.7,9.2,645.6,800.3,17321.1,77.8,1723.0,1065.6,"{'timestamp': '2026-09-06T13:04:37.876778+00:00', 'model_version': 'deepseek-r1:1.5b', 'prompt_hash': 'a6af280e'}"
25,real_mixed_77,deepseek-r1:1.5b_kb_rag,150.11858296394348,136.02,0,codeblock,0.26666666666666666,0.32,0.2909090909090909,0.2,6,15.4,66.7,8.3,645.1,800.3,17330.4,77.8,1723.0,1065.6,"{'timestamp': '2026-09-06T13:04:46.357709+00:00', 'model_version': 'deepseek-r1:1.5b', 'prompt_hash': 'a6af280e'}"
25,real_mixed_78,deepseek-r1:1.5b_kb_rag,155.63167119026184,131.69,0,codeblock,0.16666666666666666,0.25,0.2,0.16666666666666666,1,15.4,59.6,8.5,639.7,800.3,17334.3,77.8,1723.0,1065.6,"{'timestamp': '2026-09-06T13:04:51.834317+00:00', 'model_version': 'deepseek-r1:1.5b', 'prompt_hash': 'a6af280e'}"
26,real_mixed_79,deepseek-r1:1.5b_kb_rag,158.1740689277649,129.22,0,direct_json,0.3181818181818182,0.7,0.4375,0.5909090909090909,13,10.4,46.5,8.4,614.8,808.6,17340.9,77.8,1723.0,1065.6,"{'timestamp': '2026-09-06T13:05:09.171588+00:00', 'model_version': 'deepseek-r1:1.5b', 'prompt_hash': 'a6af280e'}"
26,real_mixed_80,deepseek-r1:1.5b_kb_rag,149.11777114868164,139.71,0,codeblock,0.125,0.08333333333333333,0.1,0.0,0,10.7,46.5,8.2,624.7,800.3,17338.2,77.8,1723.0,1065.6,"{'timestamp': '2026-09-06T13:05:00.131473+00:00', 'model_version': 'deepseek-r1:1.5b', 'prompt_hash': 'a6af280e'}"
26,real_mixed_81,deepseek-r1:1.5b_kb_rag,145.61028480529785,141.24,0,codeblock,0.3333333333333333,0.2727272727272727,0.3,0.1111111111111111,1,10.0,50.0,9.0,628.4,808.7,17339.1,77.8,1723.0,1065.6,"{'timestamp': '2026-09-06T13:04:56.604259+00:00', 'model_version': 'deepseek-r1:1.5b', 'prompt_hash': 'a6af280e'}"
27,real_mixed_82,deepseek-r1:1.5b_kb_rag,147.07242012023926,142.09,0,codeblock,0.5,0.3333333333333333,0.4,0.16666666666666666,1,10.3,50.0,8.7,601.7,808.6,17356.1,77.8,1723.0,1065.6,"{'timestamp': '2026-09-06T13:05:14.210812+00:00', 'model_version': 'deepseek-r1:1.5b', 'prompt_hash': 'a6af280e'}"
27,real_mixed_83,deepseek-r1:1.5b_kb_rag,152.18185901641846,142.42,0,codeblock,0.7777777777777778,0.7,0.7368421052631577,0.0,0,10.0,46.5,8.3,599.5,811.5,17354.2,77.8,1723.0,1065.6,"{'timestamp': '2026-09-06T13:05:19.325773+00:00', 'model_version': 'deepseek-r1:1.5b', 'prompt_hash': 'a6af280e'}"
27,real_mixed_84,deepseek-r1:1.5b_kb_rag,144.56084036827087,141.0,0,codeblock,0.5,0.2222222222222222,0.30769230769230765,0.0,0,10.4,50.0,8.6,600.4,808.6,17357.6,77.8,1723.0,1065.6,"{'timestamp': '2026-09-06T13:05:11.697254+00:00', 'model_version': 'deepseek-r1:1.5b', 'prompt_hash': 'a6af280e'}"
28,real_mixed_85,deepseek-r1:1.5b_kb_rag,134.95264196395874,142.72,0,direct_json,0.3333333333333333,0.125,0.18181818181818182,0.3333333333333333,1,17.1,61.9,9.2,600.7,800.3,17395.8,77.8,1723.0,1065.6,"{'timestamp': '2026-09-06T13:05:26.582721+00:00', 'model_version': 'deepseek-r1:1.5b', 'prompt_hash': 'a6af280e'}"
28,real_mixed_86,deepseek-r1:1.5b_kb_rag,138.5044560432434,142.31,0,codeblock,0.25,0.15384615384615385,0.1904761904761905,0.0,0,16.2,100.0,9.0,597.1,800.3,17392.9,77.8,1723.0,1065.6,"{'timestamp': '2026-09-06T13:05:30.149616+00:00', 'model_version': 'deepseek-r1:1.5b', 'prompt_hash': 'a6af280e'}"
28,real_mixed_87,deepseek-r1:1.5b_kb_rag,132.52909803390503,141.6,0,codeblock,0.3333333333333333,0.2857142857142857,0.30769230769230765,0.16666666666666666,1,15.7,100.0,9.7,600.3,800.3,17398.9,77.8,1723.0,1065.6,"{'timestamp': '2026-09-06T13:05:24.158702+00:00', 'model_version': 'deepseek-r1:1.5b', 'prompt_hash': 'a6af280e'}"
29,real_mixed_88,deepseek-r1:1.5b_kb_rag,125.5583770275116,141.28,0,codeblock,0.0,0.0,1.0,0.14285714285714285,1,11.8,100.0,10.1,594.2,800.3,17405.9,77.9,1723.0,1065.6,"{'timestamp': '2026-09-06T13:05:34.855489+00:00', 'model_version': 'deepseek-r1:1.5b', 'prompt_hash': 'a6af280e'}"
29,real_mixed_89,deepseek-r1:1.5b_kb_rag,129.35377407073975,142.86,0,codeblock,0.6,0.23076923076923078,0.33333333333333337,0.2,1,17.0,100.0,10.1,594.5,800.3,17397.2,77.9,1723.0,1065.6,"{'timestamp': '2026-09-06T13:05:38.661092+00:00', 'model_version': 'deepseek-r1:1.5b', 'prompt_hash': 'a6af280e'}"
29,real_mixed_90,deepseek-r1:1.5b_kb_rag,135.10389399528503,142.04,0,codeblock,0.2222222222222222,0.25,0.23529411764705882,0.3333333333333333,3,12.5,100.0,9.2,591.1,800.3,17379.0,77.9,1723.0,1065.6,"{'timestamp': '2026-09-06T13:05:44.419435+00:00', 'model_version': 'deepseek-r1:1.5b', 'prompt_hash': 'a6af280e'}"
30,real_mixed_91,deepseek-r1:1.5b_kb_rag,134.58356499671936,142.15,0,direct_json,0.6363636363636364,0.5833333333333334,0.6086956521739131,0.0,0,10.0,46.5,9.3,599.5,811.3,17354.0,78.0,1723.0,1065.6,"{'timestamp': '2026-09-06T13:05:54.734433+00:00', 'model_version': 'deepseek-r1:1.5b', 'prompt_hash': 'a6af280e'}"
30,real_mixed_92,deepseek-r1:1.5b_kb_rag,130.91850018501282,142.24,0,codeblock,0.0,0.0,1.0,0.14285714285714285,1,10.1,46.5,10.2,597.7,811.3,17360.9,78.0,1723.0,1065.6,"{'timestamp': '2026-09-06T13:05:51.077862+00:00', 'model_version': 'deepseek-r1:1.5b', 'prompt_hash': 'a6af280e'}"
30,real_mixed_93,deepseek-r1:1.5b_kb_rag,127.90991997718811,141.71,0,direct_json,0.0,0.0,1.0,0.16666666666666666,1,10.1,46.5,10.3,593.3,811.3,17366.8,77.9,1723.0,1065.6,"{'timestamp': '2026-09-06T13:05:48.053645+00:00', 'model_version': 'deepseek-r1:1.5b', 'prompt_hash': 'a6af280e'}"
31,real_mixed_94,deepseek-r1:1.5b_kb_rag,137.0328619480133,134.04,0,fallback,1.0,0.0,0.0,0.0,0,9.9,39.1,20.7,598.2,799.7,17308.8,78.1,1723.0,1065.6,"{'timestamp': '2026-09-06T13:06:14.659863+00:00', 'model_version': 'deepseek-r1:1.5b', 'prompt_hash': 'a6af280e'}"
31,real_mixed_95,deepseek-r1:1.5b_kb_rag,140.14065313339233,141.99,0,codeblock,0.06666666666666667,0.5,0.11764705882352941,0.13333333333333333,2,10.1,39.1,9.4,595.0,799.7,17306.1,78.1,1723.0,1065.6,"{'timestamp': '2026-09-06T13:06:17.757246+00:00', 'model_version': 'deepseek-r1:1.5b', 'prompt_hash': 'a6af280e'}"
31,real_mixed_96,deepseek-r1:1.5b_kb_rag,121.46800684928894,141.3,0,codeblock,0.2857142857142857,0.16666666666666666,0.2105263157894737,0.0,0,11.5,100.0,10.9,599.7,799.7,17337.3,78.0,1723.0,1065.6,"{'timestamp': '2026-09-06T13:05:59.092376+00:00', 'model_version': 'deepseek-r1:1.5b', 'prompt_hash': 'a6af280e'}"
32,real_mixed_97,deepseek-r1:1.5b_kb_rag,124.4158399105072,142.44,0,codeblock,0.25,0.1111111111111111,0.15384615384615383,0.0,0,10.3,39.1,10.3,598.7,792.2,17273.9,78.3,1723.0,1065.6,"{'timestamp': '2026-09-06T13:06:25.789266+00:00', 'model_version': 'deepseek-r1:1.5b', 'prompt_hash': 'a6af280e'}"
32,real_mixed_98,deepseek-r1:1.5b_kb_rag,129.97941207885742,136.89,0,direct_json,0.3333333333333333,0.17857142857142858,0.23255813953488372,0.4,6,10.3,39.1,9.8,594.6,792.2,17270.2,78.3,1723.0,1065.6,"{'timestamp': '2026-09-06T13:06:31.369004+00:00', 'model_version': 'deepseek-r1:1.5b', 'prompt_hash': 'a6af280e'}"
32,real_mixed_99,deepseek-r1:1.5b_kb_rag,120.98252987861633,142.18,0,codeblock,0.1111111111111111,0.5,0.1818181818181818,0.2222222222222222,2,10.3,39.1,9.7,601.4,792.2,17276.4,78.3,1723.0,1065.6,"{'timestamp': '2026-09-06T13:06:22.352814+00:00', 'model_version': 'deepseek-r1:1.5b', 'prompt_hash': 'a6af280e'}"
33,real_mixed_100,deepseek-r1:1.5b_kb_rag,138.5173020362854,142.6,0,codeblock,0.05,0.14285714285714285,0.07407407407407408,0.6,12,10.2,39.1,7.8,577.3,792.2,17220.3,78.4,1723.0,1065.6,"{'timestamp': '2026-09-06T13:06:54.612401+00:00', 'model_version': 'deepseek-r1:1.5b', 'prompt_hash': 'a6af280e'}"
33,real_mixed_101,deepseek-r1:1.5b_kb_rag,133.43384981155396,135.32,0,fallback,1.0,0.0,0.0,0.0,0,10.3,39.1,8.7,580.6,792.2,17225.5,78.4,1723.0,1065.6,"{'timestamp': '2026-09-06T13:06:49.517146+00:00', 'model_version': 'deepseek-r1:1.5b', 'prompt_hash': 'a6af280e'}"
33,real_mixed_102,deepseek-r1:1.5b_kb_rag,117.85675406455994,144.73,0,codeblock,1.0,1.0,1.0,0.0,0,10.5,39.1,9.6,590.5,792.2,17235.7,78.4,1723.0,1065.6,"{'timestamp': '2026-09-06T13:06:33.932761+00:00', 'model_version': 'deepseek-r1:1.5b', 'prompt_hash': 'a6af280e'}"
34,real_mixed_103,deepseek-r1:1.5b_kb_rag,125.42816615104675,143.83,0,codeblock,0.0,1.0,0.0,0.0,0,10.3,39.1,8.0,571.5,792.3,17185.2,78.5,1723.0,1065.6,"{'timestamp': '2026-09-06T13:06:57.653104+00:00', 'model_version': 'deepseek-r1:1.5b', 'prompt_hash': 'a6af280e'}"
34,real_mixed_104,deepseek-r1:1.5b_kb_rag,129.95949912071228,142.86,0,codeblock,0.4444444444444444,0.4,0.4210526315789474,0.1111111111111111,1,10.3,39.1,7.9,569.3,792.3,17179.0,78.5,1723.0,1065.6,"{'timestamp': '2026-09-06T13:07:02.199574+00:00', 'model_version': 'deepseek-r1:1.5b', 'prompt_hash': 'a6af280e'}"
34,real_mixed_105,deepseek-r1:1.5b_kb_rag,134.8953058719635,141.9,0,direct_json,0.375,0.3,0.33333333333333326,0.125,1,10.1,39.1,7.1,567.0,792.2,17175.4,78.5,1723.0,1065.6,"{'timestamp': '2026-09-06T13:07:07.142433+00:00', 'model_version': 'deepseek-r1:1.5b', 'prompt_hash': 'a6af280e'}"
35,real_mixed_106,deepseek-r1:1.5b_kb_rag,120.79043102264404,143.26,0,codeblock,0.125,0.5,0.2,0.0,0,11.6,100.0,7.2,575.0,792.2,17138.6,78.5,1723.0,1065.6,"{'timestamp': '2026-09-06T13:07:10.465953+00:00', 'model_version': 'deepseek-r1:1.5b', 'prompt_hash': 'a6af280e'}"
35,real_mixed_107,deepseek-r1:1.5b_kb_rag,128.89554524421692,138.51,0,codeblock,0.5,0.3076923076923077,0.380952380952381,0.125,1,10.0,39.1,6.3,570.3,792.2,17135.6,78.5,1723.0,1065.6,"{'timestamp': '2026-09-06T13:07:18.577639+00:00', 'model_version': 'deepseek-r1:1.5b', 'prompt_hash': 'a6af280e'}"
35,real_mixed_108,deepseek-r1:1.5b_kb_rag,123.85239887237549,142.58,0,codeblock,0.18181818181818182,0.4,0.25000000000000006,0.09090909090909091,1,10.0,39.1,6.5,573.2,792.2,17137.5,78.5,1723.0,1065.6,"{'timestamp': '2026-09-06T13:07:13.540243+00:00', 'model_version': 'deepseek-r1:1.5b', 'prompt_hash': 'a6af280e'}"
36,real_mixed_109,deepseek-r1:1.5b_kb_rag,153.52939891815186,133.48,0,fallback,1.0,0.0,0.0,0.0,0,12.4,100.0,5.0,542.2,792.2,17100.5,78.6,1723.0,1065.6,"{'timestamp': '2026-09-06T13:07:53.295415+00:00', 'model_version': 'deepseek-r1:1.5b', 'prompt_hash': 'a6af280e'}"
36,real_mixed_110,deepseek-r1:1.5b_kb_rag,137.5605218410492,132.99,0,codeblock,1.0,0.0,0.0,0.0,0,10.9,100.0,5.5,555.3,792.2,17114.7,78.5,1723.0,1065.6,"{'timestamp': '2026-09-06T13:07:37.331921+00:00', 'model_version': 'deepseek-r1:1.5b', 'prompt_hash': 'a6af280e'}"
36,real_mixed_111,deepseek-r1:1.5b_kb_rag,121.82866311073303,144.85,0,codeblock,0.3333333333333333,0.13793103448275862,0.1951219512195122,0.25,3,10.1,39.1,6.3,564.1,792.2,17119.2,78.6,1723.0,1065.6,"{'timestamp': '2026-09-06T13:07:21.603235+00:00', 'model_version': 'deepseek-r1:1.5b', 'prompt_hash': 'a6af280e'}"
37,real_mixed_112,deepseek-r1:1.5b_kb_rag,147.10745286941528,143.73,0,codeblock,0.5,0.4,0.4444444444444445,0.25,1,18.5,66.7,4.4,531.4,792.2,17081.0,78.6,1723.0,1065.6,"{'timestamp': '2026-09-06T13:07:57.780410+00:00', 'model_version': 'deepseek-r1:1.5b', 'prompt_hash': 'a6af280e'}"
37,real_mixed_113,deepseek-r1:1.5b_kb_rag,154.65303111076355,142.72,0,codeblock,0.5,0.4444444444444444,0.47058823529411764,0.375,3,17.9,61.5,3.9,523.0,792.2,17062.6,78.6,1723.0,1065.6,"{'timestamp': '2026-09-06T13:08:05.337724+00:00', 'model_version': 'deepseek-r1:1.5b', 'prompt_hash': 'a6af280e'}"
37,real_mixed_114,deepseek-r1:1.5b_kb_rag,151.12839698791504,142.8,0,codeblock,0.4,0.5714285714285714,0.47058823529411764,0.3,3,19.0,66.7,4.4,527.0,792.2,17070.6,78.6,1723.0,1065.6,"{'timestamp': '2026-09-06T13:08:01.803844+00:00', 'model_version': 'deepseek-r1:1.5b', 'prompt_hash': 'a6af280e'}"
38,real_mixed_115,deepseek-r1:1.5b_kb_rag,145.0493950843811,142.72,0,codeblock,0.4,0.6666666666666666,0.5,0.0,0,15.3,83.3,3.4,509.0,792.2,17049.0,78.6,1723.0,1065.6,"{'timestamp': '2026-09-06T13:08:09.879615+00:00', 'model_version': 'deepseek-r1:1.5b', 'prompt_hash': 'a6af280e'}"
38,real_mixed_116,deepseek-r1:1.5b_kb_rag,148.5552110671997,142.64,0,codeblock,0.0,0.0,1.0,0.42857142857142855,3,14.5,100.0,3.7,505.0,792.2,17041.7,78.7,1723.0,1065.6,"{'timestamp': '2026-09-06T13:08:13.392728+00:00', 'model_version': 'deepseek-r1:1.5b', 'prompt_hash': 'a6af280e'}"
38,real_mixed_117,deepseek-r1:1.5b_kb_rag,154.6051549911499,140.01,0,codeblock,0.125,0.125,0.125,0.0,0,14.1,100.0,2.9,498.5,792.2,17028.8,78.7,1723.0,1065.6,"{'timestamp': '2026-09-06T13:08:19.454779+00:00', 'model_version': 'deepseek-r1:1.5b', 'prompt_hash': 'a6af280e'}"
39,real_mixed_118,deepseek-r1:1.5b_kb_rag,164.10865998268127,141.78,0,codeblock,0.0,0.0,1.0,0.45454545454545453,10,11.2,43.0,2.2,451.9,792.2,16987.0,78.8,1723.0,1065.6,"{'timestamp': '2026-09-06T13:08:39.342837+00:00', 'model_version': 'deepseek-r1:1.5b', 'prompt_hash': 'a6af280e'}"
39,real_mixed_119,deepseek-r1:1.5b_kb_rag,153.58852982521057,139.88,0,codeblock,0.11764705882352941,0.3333333333333333,0.1739130434782609,0.17647058823529413,3,10.1,40.9,1.7,469.1,792.2,17007.0,78.7,1723.0,1065.6,"{'timestamp': '2026-09-06T13:08:28.823541+00:00', 'model_version': 'deepseek-r1:1.5b', 'prompt_hash': 'a6af280e'}"
39,real_mixed_120,deepseek-r1:1.5b_kb_rag,157.59898114204407,142.79,0,codeblock,0.3,0.6,0.4,0.3,3,10.5,42.5,1.8,462.4,792.2,16997.7,78.7,1723.0,1065.6,"{'timestamp': '2026-09-06T13:08:32.829236+00:00', 'model_version': 'deepseek-r1:1.5b', 'prompt_hash': 'a6af280e'}"
