batch_idx,record_id,model,latency_sec,tokens_per_sec,retries,parse_method,precision,recall,f1,hallucination_rate,hallucinated_count,cpu_avg_pct,cpu_peak_pct,proc_cpu_avg_pct,mem_avg_mb,mem_peak_mb,sys_mem_avg_mb,sys_mem_avg_pct,vram_mb,model_disk_mb,data_provenance
1,real_mixed_4,llama3.2:latest_baseline,1.5207149982452393,87.47,0,direct_json,0.5,0.21428571428571427,0.3,0.16666666666666666,1,6.9,20.7,53.9,248.4,248.5,22897.1,71.2,3920.4,1925.8,"{'timestamp': '2026-09-01T18:04:23.688179+00:00', 'model_version': 'llama3.2:latest', 'prompt_hash': 'a6af280e'}"
1,real_mixed_5,llama3.2:latest_baseline,6.046856880187988,85.54,0,direct_json,0.23529411764705882,0.4,0.29629629629629634,0.0,0,14.1,35.7,11.1,249.7,250.5,22773.9,71.7,3920.4,1925.8,"{'timestamp': '2026-09-01T18:04:28.198633+00:00', 'model_version': 'llama3.2:latest', 'prompt_hash': 'a6af280e'}"
1,real_mixed_6,llama3.2:latest_baseline,6.547358989715576,84.63,0,direct_json,0.7368421052631579,0.7777777777777778,0.7567567567567567,0.0,0,17.1,34.3,3.9,250.4,250.5,22728.6,71.8,3920.4,1925.8,"{'timestamp': '2026-09-01T18:04:30.256139+00:00', 'model_version': 'llama3.2:latest', 'prompt_hash': 'a6af280e'}"
0,real_mixed_1,llama3.2:latest_baseline,2.5297040939331055,88.44,0,direct_json,0.3333333333333333,0.15384615384615385,0.21052631578947367,0.0,0,7.5,20.7,36.6,248.7,249.7,22841.5,71.5,3920.4,1925.8,"{'timestamp': '2026-09-01T18:04:24.691289+00:00', 'model_version': 'llama3.2:latest', 'prompt_hash': 'a6af280e'}"
0,real_mixed_2,llama3.2:latest_baseline,4.538714170455933,84.88,0,direct_json,0.3076923076923077,0.3333333333333333,0.32,0.0,0,11.2,28.2,19.2,249.4,250.5,22791.7,71.6,3920.4,1925.8,"{'timestamp': '2026-09-01T18:04:26.691493+00:00', 'model_version': 'llama3.2:latest', 'prompt_hash': 'a6af280e'}"
0,real_mixed_3,llama3.2:latest_baseline,7.558125019073486,85.92,0,direct_json,0.45454545454545453,0.4166666666666667,0.43478260869565216,0.0,0,20.4,34.3,8.1,250.5,250.5,22698.6,71.8,3920.4,1925.8,"{'timestamp': '2026-09-01T18:04:32.267072+00:00', 'model_version': 'llama3.2:latest', 'prompt_hash': 'a6af280e'}"
2,real_mixed_7,llama3.2:latest_baseline,5.044756889343262,84.94,0,direct_json,0.25,0.14285714285714285,0.18181818181818182,0.0,0,23.0,41.3,12.9,251.2,251.9,22565.8,72.1,3920.4,1925.8,"{'timestamp': '2026-09-01T18:04:35.320170+00:00', 'model_version': 'llama3.2:latest', 'prompt_hash': 'a6af280e'}"
2,real_mixed_8,llama3.2:latest_baseline,3.0317821502685547,84.81,0,direct_json,0.125,0.1111111111111111,0.11764705882352941,0.125,1,27.3,41.4,19.5,250.8,251.3,22591.1,72.0,3920.4,1925.8,"{'timestamp': '2026-09-01T18:04:33.305249+00:00', 'model_version': 'llama3.2:latest', 'prompt_hash': 'a6af280e'}"
2,real_mixed_9,llama3.2:latest_baseline,7.567364692687988,82.33,0,direct_json,0.14285714285714285,0.1,0.11764705882352941,0.0,0,19.6,32.2,7.7,252.3,252.6,22249.2,72.8,3920.4,1925.8,"{'timestamp': '2026-09-01T18:04:40.886662+00:00', 'model_version': 'llama3.2:latest', 'prompt_hash': 'a6af280e'}"
3,real_mixed_10,llama3.2:latest_baseline,4.036318063735962,84.41,0,direct_json,0.125,0.16666666666666666,0.14285714285714288,0.0,0,20.5,29.3,15.6,251.7,251.9,22499.9,72.2,3920.4,1925.8,"{'timestamp': '2026-09-01T18:04:36.316808+00:00', 'model_version': 'llama3.2:latest', 'prompt_hash': 'a6af280e'}"
3,real_mixed_11,llama3.2:latest_baseline,7.550925016403198,81.9,0,fallback,1.0,0.9411764705882353,0.9696969696969697,0.0,0,25.8,41.3,3.7,252.1,252.6,22471.3,72.3,3920.4,1925.8,"{'timestamp': '2026-09-01T18:04:39.834203+00:00', 'model_version': 'llama3.2:latest', 'prompt_hash': 'a6af280e'}"
3,real_mixed_12,llama3.2:latest_baseline,6.050627946853638,86.05,0,direct_json,0.36363636363636365,0.5714285714285714,0.4444444444444444,0.0,0,24.6,38.9,9.8,252.8,254.1,21549.0,74.2,3920.4,1925.8,"{'timestamp': '2026-09-01T18:04:42.379234+00:00', 'model_version': 'llama3.2:latest', 'prompt_hash': 'a6af280e'}"
4,real_mixed_13,llama3.2:latest_baseline,6.551284074783325,82.46,0,direct_json,0.5,0.5294117647058824,0.5142857142857143,0.0,0,19.1,31.2,10.2,255.4,256.2,19906.0,77.5,3920.4,1925.8,"{'timestamp': '2026-09-01T18:04:47.465043+00:00', 'model_version': 'llama3.2:latest', 'prompt_hash': 'a6af280e'}"
4,real_mixed_14,llama3.2:latest_baseline,4.036484956741333,82.51,0,direct_json,0.7857142857142857,0.9166666666666666,0.8461538461538461,0.0,0,15.7,31.2,14.7,255.0,255.5,19904.5,77.5,3920.4,1925.8,"{'timestamp': '2026-09-01T18:04:44.939976+00:00', 'model_version': 'llama3.2:latest', 'prompt_hash': 'a6af280e'}"
4,real_mixed_15,llama3.2:latest_baseline,7.063442945480347,85.5,0,direct_json,0.15,0.3333333333333333,0.20689655172413793,0.05,1,23.4,39.7,8.2,223.6,256.2,19122.9,78.9,3920.4,1925.8,"{'timestamp': '2026-09-01T18:04:52.016885+00:00', 'model_version': 'llama3.2:latest', 'prompt_hash': 'a6af280e'}"
5,real_mixed_16,llama3.2:latest_baseline,7.551192998886108,85.42,0,direct_json,0.6,0.6666666666666666,0.631578947368421,0.0,0,23.5,39.8,8.5,240.7,256.2,19504.2,78.2,3920.4,1925.8,"{'timestamp': '2026-09-01T18:04:49.946969+00:00', 'model_version': 'llama3.2:latest', 'prompt_hash': 'a6af280e'}"
5,real_mixed_17,llama3.2:latest_baseline,6.042891025543213,90.54,0,direct_json,0.5,1.0,0.6666666666666666,0.0,0,22.8,39.8,10.3,251.1,256.2,19716.8,77.9,3920.4,1925.8,"{'timestamp': '2026-09-01T18:04:48.429733+00:00', 'model_version': 'llama3.2:latest', 'prompt_hash': 'a6af280e'}"
5,real_mixed_18,llama3.2:latest_baseline,4.547259092330933,86.34,0,direct_json,1.0,0.16666666666666666,0.2857142857142857,0.0,0,22.9,35.8,12.7,199.5,200.8,18674.4,79.7,3920.4,1925.8,"{'timestamp': '2026-09-01T18:04:52.992534+00:00', 'model_version': 'llama3.2:latest', 'prompt_hash': 'a6af280e'}"
6,real_mixed_19,llama3.2:latest_baseline,2.024017810821533,85.96,0,direct_json,0.6,0.15,0.24,0.0,0,25.5,39.8,29.6,201.5,202.3,18715.7,79.8,3920.4,1925.8,"{'timestamp': '2026-09-01T18:04:54.067122+00:00', 'model_version': 'llama3.2:latest', 'prompt_hash': 'a6af280e'}"
6,real_mixed_20,llama3.2:latest_baseline,3.5310330390930176,85.61,0,direct_json,0.45454545454545453,0.3125,0.3703703703703703,0.0,0,19.0,39.8,17.8,200.2,202.3,18553.0,80.2,3920.4,1925.8,"{'timestamp': '2026-09-01T18:04:55.571359+00:00', 'model_version': 'llama3.2:latest', 'prompt_hash': 'a6af280e'}"
6,real_mixed_21,llama3.2:latest_baseline,6.053522109985352,84.05,0,direct_json,0.5,0.21428571428571427,0.3,0.16666666666666666,1,15.6,26.4,9.5,198.7,198.7,18103.9,81.2,3920.4,1925.8,"{'timestamp': '2026-09-01T18:05:00.138779+00:00', 'model_version': 'llama3.2:latest', 'prompt_hash': 'a6af280e'}"
7,real_mixed_22,llama3.2:latest_baseline,3.5377840995788574,89.45,0,direct_json,0.0,1.0,0.0,0.0,0,26.3,40.5,18.5,199.6,202.3,18373.2,80.7,3920.4,1925.8,"{'timestamp': '2026-09-01T18:04:56.537246+00:00', 'model_version': 'llama3.2:latest', 'prompt_hash': 'a6af280e'}"
7,real_mixed_23,llama3.2:latest_baseline,5.545446157455444,85.24,0,direct_json,0.47368421052631576,0.6,0.5294117647058824,0.05263157894736842,1,25.9,40.4,11.0,199.3,202.3,18262.3,80.9,3920.4,1925.8,"{'timestamp': '2026-09-01T18:04:58.557749+00:00', 'model_version': 'llama3.2:latest', 'prompt_hash': 'a6af280e'}"
7,real_mixed_24,llama3.2:latest_baseline,5.039720296859741,85.19,0,direct_json,0.42857142857142855,0.42857142857142855,0.42857142857142855,0.0,0,20.6,33.5,11.5,198.7,198.7,17977.3,81.6,3920.4,1925.8,"{'timestamp': '2026-09-01T18:05:01.588561+00:00', 'model_version': 'llama3.2:latest', 'prompt_hash': 'a6af280e'}"
8,real_mixed_25,llama3.2:latest_baseline,2.528120279312134,86.54,0,direct_json,0.5,0.3333333333333333,0.4,0.0,0,21.9,33.4,22.8,198.7,198.8,17829.8,82.2,3920.4,1925.8,"{'timestamp': '2026-09-01T18:05:02.689108+00:00', 'model_version': 'llama3.2:latest', 'prompt_hash': 'a6af280e'}"
8,real_mixed_26,llama3.2:latest_baseline,4.541737079620361,84.47,0,direct_json,0.5,0.3611111111111111,0.4193548387096774,0.0,0,20.8,35.9,13.8,198.8,198.8,17761.1,82.3,3920.4,1925.8,"{'timestamp': '2026-09-01T18:05:04.725409+00:00', 'model_version': 'llama3.2:latest', 'prompt_hash': 'a6af280e'}"
8,real_mixed_27,llama3.2:latest_baseline,9.576070070266724,81.34,0,direct_json,0.6086956521739131,0.5384615384615384,0.5714285714285715,0.0,0,19.6,35.9,6.4,198.8,198.8,17656.1,82.2,3920.4,1925.8,"{'timestamp': '2026-09-01T18:05:12.283017+00:00', 'model_version': 'llama3.2:latest', 'prompt_hash': 'a6af280e'}"
9,real_mixed_28,llama3.2:latest_baseline,7.561324834823608,85.68,0,direct_json,0.3333333333333333,0.2,0.25,0.1111111111111111,1,21.4,36.0,8.5,198.8,198.8,17679.9,82.3,3920.4,1925.8,"{'timestamp': '2026-09-01T18:05:09.171824+00:00', 'model_version': 'llama3.2:latest', 'prompt_hash': 'a6af280e'}"
9,real_mixed_29,llama3.2:latest_baseline,6.052844047546387,84.92,0,direct_json,0.2916666666666667,0.5833333333333334,0.38888888888888895,0.041666666666666664,1,19.9,35.9,11.1,198.8,198.8,17698.7,82.3,3920.4,1925.8,"{'timestamp': '2026-09-01T18:05:07.664457+00:00', 'model_version': 'llama3.2:latest', 'prompt_hash': 'a6af280e'}"
9,real_mixed_30,llama3.2:latest_baseline,5.552184104919434,86.36,0,direct_json,0.3333333333333333,0.25,0.28571428571428575,0.0,0,20.3,30.2,10.6,198.8,198.9,17627.6,82.1,3920.4,1925.8,"{'timestamp': '2026-09-01T18:05:13.228747+00:00', 'model_version': 'llama3.2:latest', 'prompt_hash': 'a6af280e'}"
10,real_mixed_31,llama3.2:latest_baseline,2.0226988792419434,89.46,0,direct_json,0.16666666666666666,0.5,0.25,0.0,0,22.7,27.9,28.6,198.9,198.9,17661.7,82.1,3920.4,1925.8,"{'timestamp': '2026-09-01T18:05:14.317074+00:00', 'model_version': 'llama3.2:latest', 'prompt_hash': 'a6af280e'}"
10,real_mixed_32,llama3.2:latest_baseline,3.537580966949463,84.93,0,direct_json,0.08333333333333333,0.14285714285714285,0.10526315789473685,0.0,0,21.9,34.1,17.3,198.9,199.0,17654.7,82.0,3920.4,1925.8,"{'timestamp': '2026-09-01T18:05:15.835749+00:00', 'model_version': 'llama3.2:latest', 'prompt_hash': 'a6af280e'}"
10,real_mixed_33,llama3.2:latest_baseline,5.540204048156738,86.19,0,direct_json,0.6,0.23076923076923078,0.33333333333333337,0.0,0,19.3,34.1,10.5,198.6,199.0,17636.7,82.2,3920.4,1925.8,"{'timestamp': '2026-09-01T18:05:19.875429+00:00', 'model_version': 'llama3.2:latest', 'prompt_hash': 'a6af280e'}"
11,real_mixed_34,llama3.2:latest_baseline,3.5333330631256104,85.1,0,direct_json,0.2857142857142857,0.2,0.23529411764705882,0.0,0,23.0,34.5,16.3,198.9,199.0,17655.1,82.0,3920.4,1925.8,"{'timestamp': '2026-09-01T18:05:16.779796+00:00', 'model_version': 'llama3.2:latest', 'prompt_hash': 'a6af280e'}"
11,real_mixed_35,llama3.2:latest_baseline,5.035876035690308,84.45,0,direct_json,0.0,0.0,1.0,0.0,0,24.7,34.5,11.9,198.9,199.0,17650.7,82.1,3920.4,1925.8,"{'timestamp': '2026-09-01T18:05:18.279546+00:00', 'model_version': 'llama3.2:latest', 'prompt_hash': 'a6af280e'}"
11,real_mixed_36,llama3.2:latest_baseline,4.037805080413818,85.69,0,direct_json,0.5833333333333334,0.3333333333333333,0.4242424242424242,0.0,0,24.5,41.5,14.4,198.3,198.9,17590.3,82.3,3920.4,1925.8,"{'timestamp': '2026-09-01T18:05:20.840427+00:00', 'model_version': 'llama3.2:latest', 'prompt_hash': 'a6af280e'}"
12,real_mixed_37,llama3.2:latest_baseline,4.54340386390686,83.77,0,direct_json,0.4,0.3333333333333333,0.3636363636363636,0.0,0,27.7,39.5,15.5,199.2,200.1,17479.1,82.5,3920.4,1925.8,"{'timestamp': '2026-09-01T18:05:24.441005+00:00', 'model_version': 'llama3.2:latest', 'prompt_hash': 'a6af280e'}"
12,real_mixed_38,llama3.2:latest_baseline,3.0336110591888428,83.95,0,direct_json,0.5384615384615384,0.5384615384615384,0.5384615384615384,0.0,0,25.3,39.5,16.9,198.9,199.4,17485.6,82.4,3920.4,1925.8,"{'timestamp': '2026-09-01T18:05:22.932757+00:00', 'model_version': 'llama3.2:latest', 'prompt_hash': 'a6af280e'}"
12,real_mixed_39,llama3.2:latest_baseline,5.55351185798645,88.97,0,direct_json,1.0,0.14285714285714285,0.25,0.0,0,23.4,38.6,10.8,200.3,200.7,17328.1,83.0,3920.4,1925.8,"{'timestamp': '2026-09-01T18:05:28.498394+00:00', 'model_version': 'llama3.2:latest', 'prompt_hash': 'a6af280e'}"
13,real_mixed_40,llama3.2:latest_baseline,5.034843921661377,85.24,0,direct_json,0.375,0.25,0.3,0.125,1,28.4,50.0,12.0,199.7,200.1,17449.2,82.6,3920.4,1925.8,"{'timestamp': '2026-09-01T18:05:25.897738+00:00', 'model_version': 'llama3.2:latest', 'prompt_hash': 'a6af280e'}"
13,real_mixed_41,llama3.2:latest_baseline,6.5644989013671875,85.2,0,direct_json,0.5,0.2777777777777778,0.35714285714285715,0.1,1,23.6,38.6,9.8,199.9,200.7,17400.9,82.8,3920.4,1925.8,"{'timestamp': '2026-09-01T18:05:27.433435+00:00', 'model_version': 'llama3.2:latest', 'prompt_hash': 'a6af280e'}"
13,real_mixed_42,llama3.2:latest_baseline,4.530105113983154,84.2,0,direct_json,0.4,0.25,0.3076923076923077,0.2,3,24.0,38.7,13.4,203.1,207.8,17183.5,83.1,3920.4,1925.8,"{'timestamp': '2026-09-01T18:05:30.456815+00:00', 'model_version': 'llama3.2:latest', 'prompt_hash': 'a6af280e'}"
14,real_mixed_43,llama3.2:latest_baseline,6.0462729930877686,77.79,0,direct_json,0.6521739130434783,0.7142857142857143,0.6818181818181819,0.043478260869565216,1,17.3,31.9,10.1,207.8,207.9,17189.9,82.9,3920.4,1925.8,"{'timestamp': '2026-09-01T18:05:34.578346+00:00', 'model_version': 'llama3.2:latest', 'prompt_hash': 'a6af280e'}"
14,real_mixed_44,llama3.2:latest_baseline,8.565377950668335,84.14,0,direct_json,0.65,0.9285714285714286,0.7647058823529412,0.0,0,18.0,35.4,7.2,207.9,207.9,17189.1,82.9,3920.4,1925.8,"{'timestamp': '2026-09-01T18:05:37.094593+00:00', 'model_version': 'llama3.2:latest', 'prompt_hash': 'a6af280e'}"
14,real_mixed_45,llama3.2:latest_baseline,7.0642900466918945,84.75,0,direct_json,0.3333333333333333,0.25,0.28571428571428575,0.1111111111111111,1,18.5,36.2,8.4,207.8,207.9,17177.4,83.0,3920.4,1925.8,"{'timestamp': '2026-09-01T18:05:41.658914+00:00', 'model_version': 'llama3.2:latest', 'prompt_hash': 'a6af280e'}"
15,real_mixed_46,llama3.2:latest_baseline,10.081122875213623,84.39,0,direct_json,0.4,0.14285714285714285,0.21052631578947364,0.2,1,19.4,34.1,6.4,207.9,207.9,17194.6,82.9,3920.4,1925.8,"{'timestamp': '2026-09-01T18:05:40.560021+00:00', 'model_version': 'llama3.2:latest', 'prompt_hash': 'a6af280e'}"
15,real_mixed_47,llama3.2:latest_baseline,9.07287883758545,84.0,0,direct_json,0.30434782608695654,0.2692307692307692,0.28571428571428575,0.043478260869565216,1,19.0,34.1,7.0,207.9,207.9,17195.9,82.9,3920.4,1925.8,"{'timestamp': '2026-09-01T18:05:39.564792+00:00', 'model_version': 'llama3.2:latest', 'prompt_hash': 'a6af280e'}"
15,real_mixed_48,llama3.2:latest_baseline,3.0261340141296387,86.03,0,direct_json,0.16666666666666666,0.16666666666666666,0.16666666666666666,0.0,0,23.1,26.2,19.4,207.8,207.8,17156.0,83.1,3920.4,1925.8,"{'timestamp': '2026-09-01T18:05:42.601909+00:00', 'model_version': 'llama3.2:latest', 'prompt_hash': 'a6af280e'}"
16,real_mixed_49,llama3.2:latest_baseline,4.034917831420898,83.34,0,direct_json,0.375,0.21428571428571427,0.2727272727272727,0.0,0,18.7,24.8,15.3,207.9,207.9,17151.6,83.1,3920.4,1925.8,"{'timestamp': '2026-09-01T18:05:45.717269+00:00', 'model_version': 'llama3.2:latest', 'prompt_hash': 'a6af280e'}"
16,real_mixed_50,llama3.2:latest_baseline,2.527376890182495,85.03,0,direct_json,0.2727272727272727,0.2727272727272727,0.2727272727272727,0.0,0,17.2,22.3,24.7,207.9,207.9,17156.9,83.1,3920.4,1925.8,"{'timestamp': '2026-09-01T18:05:44.207481+00:00', 'model_version': 'llama3.2:latest', 'prompt_hash': 'a6af280e'}"
16,real_mixed_51,llama3.2:latest_baseline,6.054066896438599,85.39,0,direct_json,0.2222222222222222,0.2222222222222222,0.2222222222222222,0.1111111111111111,1,19.6,27.3,9.8,207.9,207.9,17113.8,83.1,3920.4,1925.8,"{'timestamp': '2026-09-01T18:05:50.276959+00:00', 'model_version': 'llama3.2:latest', 'prompt_hash': 'a6af280e'}"
17,real_mixed_52,llama3.2:latest_baseline,6.549164056777954,85.57,0,direct_json,0.3076923076923077,0.2857142857142857,0.29629629629629634,0.0,0,19.5,28.9,9.7,207.9,207.9,17133.3,83.1,3920.4,1925.8,"{'timestamp': '2026-09-01T18:05:49.175546+00:00', 'model_version': 'llama3.2:latest', 'prompt_hash': 'a6af280e'}"
17,real_mixed_53,llama3.2:latest_baseline,5.036333084106445,85.85,0,direct_json,0.0,0.0,1.0,0.0,0,18.1,23.6,11.8,207.9,207.9,17142.9,83.1,3920.4,1925.8,"{'timestamp': '2026-09-01T18:05:47.655107+00:00', 'model_version': 'llama3.2:latest', 'prompt_hash': 'a6af280e'}"
17,real_mixed_54,llama3.2:latest_baseline,3.538832187652588,88.71,0,direct_json,0.2857142857142857,0.5,0.36363636363636365,0.0,0,22.2,28.3,17.4,207.9,208.0,17051.6,83.2,3920.4,1925.8,"{'timestamp': '2026-09-01T18:05:51.202675+00:00', 'model_version': 'llama3.2:latest', 'prompt_hash': 'a6af280e'}"
18,real_mixed_55,llama3.2:latest_baseline,5.043837070465088,84.9,0,direct_json,0.17647058823529413,0.3333333333333333,0.23076923076923078,0.0,0,17.6,30.2,12.1,208.1,208.1,16997.7,83.7,3920.4,1925.8,"{'timestamp': '2026-09-01T18:05:55.342120+00:00', 'model_version': 'llama3.2:latest', 'prompt_hash': 'a6af280e'}"
18,real_mixed_56,llama3.2:latest_baseline,3.0336790084838867,83.19,0,direct_json,0.07692307692307693,0.07142857142857142,0.07407407407407408,0.0,0,15.0,26.9,19.3,208.1,208.1,16978.7,83.4,3920.4,1925.8,"{'timestamp': '2026-09-01T18:05:53.337034+00:00', 'model_version': 'llama3.2:latest', 'prompt_hash': 'a6af280e'}"
18,real_mixed_57,llama3.2:latest_baseline,7.563206911087036,84.79,0,direct_json,0.5,0.2222222222222222,0.30769230769230765,0.0,0,20.4,37.6,2.7,208.0,208.1,16914.4,83.6,3920.4,1925.8,"{'timestamp': '2026-09-01T18:06:00.924369+00:00', 'model_version': 'llama3.2:latest', 'prompt_hash': 'a6af280e'}"
19,real_mixed_58,llama3.2:latest_baseline,5.542246103286743,85.81,0,direct_json,0.4666666666666667,0.6363636363636364,0.5384615384615385,0.06666666666666667,1,19.5,28.0,11.0,208.1,208.1,16961.4,83.7,3920.4,1925.8,"{'timestamp': '2026-09-01T18:05:56.767142+00:00', 'model_version': 'llama3.2:latest', 'prompt_hash': 'a6af280e'}"
19,real_mixed_59,llama3.2:latest_baseline,9.07271409034729,82.57,0,fallback,0.75,0.7741935483870968,0.7619047619047619,0.0,0,21.7,37.9,7.3,208.1,208.1,16935.3,83.6,3920.4,1925.8,"{'timestamp': '2026-09-01T18:06:00.297425+00:00', 'model_version': 'llama3.2:latest', 'prompt_hash': 'a6af280e'}"
19,real_mixed_60,llama3.2:latest_baseline,6.050283670425415,85.39,0,direct_json,0.8888888888888888,0.6153846153846154,0.7272727272727274,0.0,0,25.3,38.7,9.9,208.0,208.1,16866.0,83.6,3920.4,1925.8,"{'timestamp': '2026-09-01T18:06:02.835657+00:00', 'model_version': 'llama3.2:latest', 'prompt_hash': 'a6af280e'}"
20,real_mixed_61,llama3.2:latest_baseline,8.05430293083191,78.21,0,direct_json,0.7037037037037037,0.6785714285714286,0.6909090909090909,0.0,0,21.7,56.2,7.6,208.2,208.2,16791.3,83.5,3920.4,1925.8,"{'timestamp': '2026-09-01T18:06:09.022155+00:00', 'model_version': 'llama3.2:latest', 'prompt_hash': 'a6af280e'}"
20,real_mixed_62,llama3.2:latest_baseline,3.528634786605835,84.47,0,direct_json,0.25,0.18181818181818182,0.2105263157894737,0.0,0,24.3,29.5,16.6,208.1,208.2,16783.7,83.6,3920.4,1925.8,"{'timestamp': '2026-09-01T18:06:04.480953+00:00', 'model_version': 'llama3.2:latest', 'prompt_hash': 'a6af280e'}"
20,real_mixed_63,llama3.2:latest_baseline,8.562104940414429,85.85,0,direct_json,0.2727272727272727,0.375,0.3157894736842105,0.0,0,17.7,53.3,6.8,208.2,208.2,16833.4,83.4,3920.4,1925.8,"{'timestamp': '2026-09-01T18:06:13.057776+00:00', 'model_version': 'llama3.2:latest', 'prompt_hash': 'a6af280e'}"
21,real_mixed_64,llama3.2:latest_baseline,7.559286117553711,86.6,0,direct_json,0.2,1.0,0.33333333333333337,0.0,0,21.1,59.8,7.9,208.2,208.2,16816.3,83.4,3920.4,1925.8,"{'timestamp': '2026-09-01T18:06:10.405621+00:00', 'model_version': 'llama3.2:latest', 'prompt_hash': 'a6af280e'}"
21,real_mixed_65,llama3.2:latest_baseline,9.06735110282898,85.51,0,direct_json,0.2857142857142857,0.25,0.26666666666666666,0.0,0,22.8,60.0,7.0,208.2,208.2,16823.4,83.4,3920.4,1925.8,"{'timestamp': '2026-09-01T18:06:11.920623+00:00', 'model_version': 'llama3.2:latest', 'prompt_hash': 'a6af280e'}"
21,real_mixed_66,llama3.2:latest_baseline,4.038502931594849,85.86,0,direct_json,0.21428571428571427,0.15,0.1764705882352941,0.0,0,18.2,30.7,14.1,204.2,208.2,16880.6,83.5,3920.4,1925.8,"{'timestamp': '2026-09-01T18:06:14.468808+00:00', 'model_version': 'llama3.2:latest', 'prompt_hash': 'a6af280e'}"
22,real_mixed_67,llama3.2:latest_baseline,5.040237188339233,84.79,0,direct_json,0.35714285714285715,0.29411764705882354,0.3225806451612903,0.21428571428571427,3,19.3,31.8,12.1,149.0,208.2,16797.2,83.7,3920.4,1925.8,"{'timestamp': '2026-09-01T18:06:18.129990+00:00', 'model_version': 'llama3.2:latest', 'prompt_hash': 'a6af280e'}"
22,real_mixed_68,llama3.2:latest_baseline,3.0342400074005127,85.16,0,direct_json,0.5625,0.6923076923076923,0.6206896551724138,0.0,0,22.4,31.7,19.6,163.0,208.2,16858.6,83.6,3920.4,1925.8,"{'timestamp': '2026-09-01T18:06:16.111711+00:00', 'model_version': 'llama3.2:latest', 'prompt_hash': 'a6af280e'}"
22,real_mixed_69,llama3.2:latest_baseline,7.060408115386963,85.21,0,direct_json,0.625,0.4166666666666667,0.5,0.0,0,19.4,32.9,8.6,127.9,128.1,16700.0,83.9,3920.4,1925.8,"{'timestamp': '2026-09-01T18:06:23.201235+00:00', 'model_version': 'llama3.2:latest', 'prompt_hash': 'a6af280e'}"
23,real_mixed_70,llama3.2:latest_baseline,5.554717779159546,85.67,0,direct_json,0.5714285714285714,0.38095238095238093,0.4571428571428571,0.0,0,17.9,31.6,10.9,128.1,128.5,16731.0,83.8,3920.4,1925.8,"{'timestamp': '2026-09-01T18:06:20.052691+00:00', 'model_version': 'llama3.2:latest', 'prompt_hash': 'a6af280e'}"
23,real_mixed_71,llama3.2:latest_baseline,7.059595108032227,84.82,0,direct_json,0.42857142857142855,0.25,0.3157894736842105,0.0,0,23.1,50.0,9.0,128.1,128.5,16721.5,83.8,3920.4,1925.8,"{'timestamp': '2026-09-01T18:06:21.550790+00:00', 'model_version': 'llama3.2:latest', 'prompt_hash': 'a6af280e'}"
23,real_mixed_72,llama3.2:latest_baseline,5.04040002822876,85.12,0,direct_json,0.5833333333333334,0.5,0.5384615384615384,0.0,0,25.0,37.1,11.8,127.4,128.0,16690.7,83.9,3920.4,1925.8,"{'timestamp': '2026-09-01T18:06:25.113578+00:00', 'model_version': 'llama3.2:latest', 'prompt_hash': 'a6af280e'}"
24,real_mixed_73,llama3.2:latest_baseline,4.539305925369263,85.69,0,direct_json,0.9,0.6,0.7200000000000001,0.0,0,21.6,35.3,13.5,126.7,126.8,16620.6,83.8,3920.4,1925.8,"{'timestamp': '2026-09-01T18:06:27.771047+00:00', 'model_version': 'llama3.2:latest', 'prompt_hash': 'a6af280e'}"
24,real_mixed_74,llama3.2:latest_baseline,3.0284509658813477,86.25,0,direct_json,0.5714285714285714,0.4,0.47058823529411764,0.0,0,21.1,35.3,19.5,126.7,126.7,16653.2,83.8,3920.4,1925.8,"{'timestamp': '2026-09-01T18:06:26.254923+00:00', 'model_version': 'llama3.2:latest', 'prompt_hash': 'a6af280e'}"
24,real_mixed_75,llama3.2:latest_baseline,5.046925067901611,84.63,0,direct_json,0.4,0.6666666666666666,0.5,0.0,0,22.0,28.2,11.7,126.8,126.8,16646.8,83.8,3920.4,1925.8,"{'timestamp': '2026-09-01T18:06:31.310141+00:00', 'model_version': 'llama3.2:latest', 'prompt_hash': 'a6af280e'}"
25,real_mixed_76,llama3.2:latest_baseline,3.5387320518493652,91.97,0,direct_json,0.0,1.0,0.0,0.0,0,20.8,24.7,17.1,126.7,126.8,16584.3,83.7,3920.4,1925.8,"{'timestamp': '2026-09-01T18:06:28.663085+00:00', 'model_version': 'llama3.2:latest', 'prompt_hash': 'a6af280e'}"
25,real_mixed_77,llama3.2:latest_baseline,5.041885137557983,85.12,0,direct_json,0.2222222222222222,0.1,0.13793103448275865,0.0,0,22.4,29.5,12.6,126.8,126.8,16612.1,83.7,3920.4,1925.8,"{'timestamp': '2026-09-01T18:06:30.188905+00:00', 'model_version': 'llama3.2:latest', 'prompt_hash': 'a6af280e'}"
25,real_mixed_78,llama3.2:latest_baseline,5.044661998748779,82.18,0,direct_json,0.125,0.25,0.16666666666666666,0.25,2,22.0,29.1,11.6,126.9,126.9,16722.1,83.9,3920.4,1925.8,"{'timestamp': '2026-09-01T18:06:33.717179+00:00', 'model_version': 'llama3.2:latest', 'prompt_hash': 'a6af280e'}"
26,real_mixed_79,llama3.2:latest_baseline,8.569792985916138,81.44,0,direct_json,0.6,0.3,0.4,0.0,0,21.4,37.1,7.4,126.8,127.0,16835.6,83.7,3920.4,1925.8,"{'timestamp': '2026-09-01T18:06:39.897062+00:00', 'model_version': 'llama3.2:latest', 'prompt_hash': 'a6af280e'}"
26,real_mixed_80,llama3.2:latest_baseline,6.057296991348267,81.71,0,direct_json,0.5625,0.75,0.6428571428571429,0.0,0,20.6,35.9,10.3,126.9,127.0,16806.6,83.8,3920.4,1925.8,"{'timestamp': '2026-09-01T18:06:37.404832+00:00', 'model_version': 'llama3.2:latest', 'prompt_hash': 'a6af280e'}"
26,real_mixed_81,llama3.2:latest_baseline,6.559417247772217,85.56,0,direct_json,0.3333333333333333,0.18181818181818182,0.23529411764705885,0.0,0,20.4,35.0,8.7,126.8,126.8,16845.9,83.8,3920.4,1925.8,"{'timestamp': '2026-09-01T18:06:43.981193+00:00', 'model_version': 'llama3.2:latest', 'prompt_hash': 'a6af280e'}"
27,real_mixed_82,llama3.2:latest_baseline,9.080406665802002,84.44,0,direct_json,0.3076923076923077,0.4444444444444444,0.3636363636363637,0.0,0,24.2,37.6,7.1,126.8,127.0,16827.6,83.7,3920.4,1925.8,"{'timestamp': '2026-09-01T18:06:42.818966+00:00', 'model_version': 'llama3.2:latest', 'prompt_hash': 'a6af280e'}"
27,real_mixed_83,llama3.2:latest_baseline,7.5471696853637695,83.86,0,direct_json,0.6153846153846154,0.8,0.6956521739130435,0.0,0,27.4,37.4,9.1,126.8,127.0,16832.9,83.7,3920.4,1925.8,"{'timestamp': '2026-09-01T18:06:41.284066+00:00', 'model_version': 'llama3.2:latest', 'prompt_hash': 'a6af280e'}"
27,real_mixed_84,llama3.2:latest_baseline,3.5380070209503174,85.72,0,direct_json,0.6,0.3333333333333333,0.42857142857142855,0.0,0,22.1,30.3,16.5,126.8,126.8,16871.4,83.9,3920.4,1925.8,"{'timestamp': '2026-09-01T18:06:44.837396+00:00', 'model_version': 'llama3.2:latest', 'prompt_hash': 'a6af280e'}"
28,real_mixed_85,llama3.2:latest_baseline,2.0199670791625977,84.55,0,direct_json,0.5714285714285714,0.5,0.5333333333333333,0.14285714285714285,1,18.2,32.1,29.7,126.9,126.9,16906.0,83.8,3920.4,1925.8,"{'timestamp': '2026-09-01T18:06:46.025192+00:00', 'model_version': 'llama3.2:latest', 'prompt_hash': 'a6af280e'}"
28,real_mixed_86,llama3.2:latest_baseline,3.533241033554077,86.8,0,direct_json,0.5,0.3076923076923077,0.380952380952381,0.0,0,18.0,32.1,17.6,126.9,126.9,16865.7,83.7,3920.4,1925.8,"{'timestamp': '2026-09-01T18:06:47.549598+00:00', 'model_version': 'llama3.2:latest', 'prompt_hash': 'a6af280e'}"
28,real_mixed_87,llama3.2:latest_baseline,4.533761024475098,88.37,0,direct_json,0.25,0.2857142857142857,0.26666666666666666,0.0,0,19.8,33.4,13.7,123.5,126.9,16893.8,83.8,3920.4,1925.8,"{'timestamp': '2026-09-01T18:06:50.571382+00:00', 'model_version': 'llama3.2:latest', 'prompt_hash': 'a6af280e'}"
29,real_mixed_88,llama3.2:latest_baseline,3.534058094024658,90.41,0,direct_json,0.42857142857142855,0.75,0.5454545454545454,0.0,0,18.8,33.7,17.1,126.1,126.9,16847.9,83.6,3920.4,1925.8,"{'timestamp': '2026-09-01T18:06:48.394189+00:00', 'model_version': 'llama3.2:latest', 'prompt_hash': 'a6af280e'}"
29,real_mixed_89,llama3.2:latest_baseline,4.541220188140869,87.5,0,direct_json,0.2,0.07692307692307693,0.1111111111111111,0.2,1,20.6,33.6,14.2,124.9,126.9,16882.2,83.7,3920.4,1925.8,"{'timestamp': '2026-09-01T18:06:49.416375+00:00', 'model_version': 'llama3.2:latest', 'prompt_hash': 'a6af280e'}"
29,real_mixed_90,llama3.2:latest_baseline,4.042693138122559,86.65,0,direct_json,0.21052631578947367,0.5,0.2962962962962963,0.0,0,23.6,32.7,14.8,120.8,120.9,16846.6,83.7,3920.4,1925.8,"{'timestamp': '2026-09-01T18:06:52.462823+00:00', 'model_version': 'llama3.2:latest', 'prompt_hash': 'a6af280e'}"
30,real_mixed_91,llama3.2:latest_baseline,4.039265155792236,86.66,0,direct_json,0.5454545454545454,0.5,0.5217391304347826,0.0,0,14.7,28.1,15.6,120.9,121.0,16706.3,83.4,3920.4,1925.8,"{'timestamp': '2026-09-01T18:06:54.643984+00:00', 'model_version': 'llama3.2:latest', 'prompt_hash': 'a6af280e'}"
30,real_mixed_92,llama3.2:latest_baseline,5.050548791885376,87.56,0,direct_json,0.2222222222222222,0.13333333333333333,0.16666666666666669,0.0,0,12.8,27.9,13.0,120.9,121.0,16698.2,83.4,3920.4,1925.8,"{'timestamp': '2026-09-01T18:06:55.660505+00:00', 'model_version': 'llama3.2:latest', 'prompt_hash': 'a6af280e'}"
30,real_mixed_93,llama3.2:latest_baseline,5.046113967895508,87.02,0,direct_json,0.4444444444444444,0.4,0.4210526315789474,0.0,0,14.3,29.1,12.3,121.0,121.0,16743.0,83.4,3920.4,1925.8,"{'timestamp': '2026-09-01T18:06:59.709111+00:00', 'model_version': 'llama3.2:latest', 'prompt_hash': 'a6af280e'}"
31,real_mixed_94,llama3.2:latest_baseline,6.047930002212524,87.15,0,direct_json,0.5454545454545454,0.3,0.3870967741935483,0.0,0,15.8,31.6,10.8,121.0,121.0,16715.4,83.3,3920.4,1925.8,"{'timestamp': '2026-09-01T18:06:58.557127+00:00', 'model_version': 'llama3.2:latest', 'prompt_hash': 'a6af280e'}"
31,real_mixed_95,llama3.2:latest_baseline,4.048727035522461,89.51,0,direct_json,0.2857142857142857,1.0,0.4444444444444445,0.0,0,11.9,19.0,4.6,121.0,121.0,16684.4,83.3,3920.4,1925.8,"{'timestamp': '2026-09-01T18:06:56.532525+00:00', 'model_version': 'llama3.2:latest', 'prompt_hash': 'a6af280e'}"
31,real_mixed_96,llama3.2:latest_baseline,4.051539897918701,86.62,0,direct_json,0.3333333333333333,0.25,0.28571428571428575,0.0,0,18.7,38.7,14.9,121.0,121.0,16774.6,83.6,3920.4,1925.8,"{'timestamp': '2026-09-01T18:07:00.606548+00:00', 'model_version': 'llama3.2:latest', 'prompt_hash': 'a6af280e'}"
32,real_mixed_97,llama3.2:latest_baseline,2.0228919982910156,84.4,0,direct_json,0.7,0.7777777777777778,0.7368421052631577,0.1,1,26.6,33.5,29.2,121.1,121.2,16789.5,83.9,3920.4,1925.8,"{'timestamp': '2026-09-01T18:07:01.754457+00:00', 'model_version': 'llama3.2:latest', 'prompt_hash': 'a6af280e'}"
32,real_mixed_98,llama3.2:latest_baseline,4.539706230163574,82.45,0,direct_json,0.4666666666666667,0.25,0.32558139534883723,0.0,0,22.2,40.0,14.2,121.0,121.2,16839.0,83.8,3920.4,1925.8,"{'timestamp': '2026-09-01T18:07:04.288354+00:00', 'model_version': 'llama3.2:latest', 'prompt_hash': 'a6af280e'}"
32,real_mixed_99,llama3.2:latest_baseline,6.56839394569397,90.5,0,direct_json,0.0,0.0,1.0,0.0,0,19.1,39.8,9.1,120.8,120.9,16861.9,83.7,3920.4,1925.8,"{'timestamp': '2026-09-01T18:07:08.330106+00:00', 'model_version': 'llama3.2:latest', 'prompt_hash': 'a6af280e'}"
33,real_mixed_100,llama3.2:latest_baseline,6.558057069778442,84.29,0,direct_json,0.2222222222222222,0.5714285714285714,0.32,0.0,0,24.0,37.6,9.8,120.9,121.2,16854.1,83.7,3920.4,1925.8,"{'timestamp': '2026-09-01T18:07:07.184684+00:00', 'model_version': 'llama3.2:latest', 'prompt_hash': 'a6af280e'}"
33,real_mixed_101,llama3.2:latest_baseline,4.536931991577148,84.88,0,direct_json,0.16666666666666666,0.14285714285714285,0.15384615384615383,0.0,0,24.2,37.5,13.5,121.0,121.2,16852.6,83.8,3920.4,1925.8,"{'timestamp': '2026-09-01T18:07:05.165055+00:00', 'model_version': 'llama3.2:latest', 'prompt_hash': 'a6af280e'}"
33,real_mixed_102,llama3.2:latest_baseline,3.535259246826172,93.5,0,direct_json,0.0,1.0,0.0,0.0,0,24.1,29.4,15.2,120.6,120.9,16848.4,83.7,3920.4,1925.8,"{'timestamp': '2026-09-01T18:07:08.704828+00:00', 'model_version': 'llama3.2:latest', 'prompt_hash': 'a6af280e'}"
34,real_mixed_103,llama3.2:latest_baseline,1.0197980403900146,88.33,0,direct_json,0.0,1.0,0.0,0.0,0,12.5,25.0,57.3,120.3,120.4,16811.0,83.6,3920.4,1925.8,"{'timestamp': '2026-09-01T18:07:09.365149+00:00', 'model_version': 'llama3.2:latest', 'prompt_hash': 'a6af280e'}"
34,real_mixed_104,llama3.2:latest_baseline,2.542025089263916,83.3,0,direct_json,0.2,0.3,0.24,0.06666666666666667,1,21.7,44.3,24.4,120.4,120.4,16747.0,83.7,3920.4,1925.8,"{'timestamp': '2026-09-01T18:07:10.896509+00:00', 'model_version': 'llama3.2:latest', 'prompt_hash': 'a6af280e'}"
34,real_mixed_105,llama3.2:latest_baseline,7.0727880001068115,71.51,0,direct_json,0.625,0.5,0.5555555555555556,0.125,1,50.8,86.8,8.1,120.3,120.4,16750.4,83.8,3920.4,1925.8,"{'timestamp': '2026-09-01T18:07:16.453007+00:00', 'model_version': 'llama3.2:latest', 'prompt_hash': 'a6af280e'}"
35,real_mixed_106,llama3.2:latest_baseline,6.099318027496338,78.85,0,direct_json,0.6666666666666666,1.0,0.8,0.0,0,54.2,100.0,10.0,120.4,120.4,16738.0,83.9,3920.4,1925.8,"{'timestamp': '2026-09-01T18:07:14.821033+00:00', 'model_version': 'llama3.2:latest', 'prompt_hash': 'a6af280e'}"
35,real_mixed_107,llama3.2:latest_baseline,5.078387975692749,76.82,0,direct_json,0.7333333333333333,0.8461538461538461,0.7857142857142856,0.0,0,47.1,85.9,12.1,120.4,120.4,16733.9,83.9,3920.4,1925.8,"{'timestamp': '2026-09-01T18:07:13.806668+00:00', 'model_version': 'llama3.2:latest', 'prompt_hash': 'a6af280e'}"
35,real_mixed_108,llama3.2:latest_baseline,4.055875062942505,79.82,0,direct_json,0.2,0.2,0.20000000000000004,0.0,0,53.4,80.8,14.3,120.3,120.4,16820.4,83.8,3920.4,1925.8,"{'timestamp': '2026-09-01T18:07:17.871074+00:00', 'model_version': 'llama3.2:latest', 'prompt_hash': 'a6af280e'}"
36,real_mixed_109,llama3.2:latest_baseline,6.584664821624756,81.8,0,direct_json,0.47368421052631576,0.375,0.4186046511627907,0.0,0,34.6,50.4,9.3,120.4,120.4,16906.1,83.7,3920.4,1925.8,"{'timestamp': '2026-09-01T18:07:23.075509+00:00', 'model_version': 'llama3.2:latest', 'prompt_hash': 'a6af280e'}"
36,real_mixed_110,llama3.2:latest_baseline,3.543858289718628,80.61,0,direct_json,0.5555555555555556,0.2777777777777778,0.3703703703703704,0.0,0,38.6,58.0,17.0,120.3,120.4,16828.6,83.6,3920.4,1925.8,"{'timestamp': '2026-09-01T18:07:20.034142+00:00', 'model_version': 'llama3.2:latest', 'prompt_hash': 'a6af280e'}"
36,real_mixed_111,llama3.2:latest_baseline,6.070990085601807,86.19,0,direct_json,0.3333333333333333,0.10344827586206896,0.15789473684210528,0.0,0,30.0,46.6,9.8,120.4,120.4,16935.1,83.6,3920.4,1925.8,"{'timestamp': '2026-09-01T18:07:26.136633+00:00', 'model_version': 'llama3.2:latest', 'prompt_hash': 'a6af280e'}"
37,real_mixed_112,llama3.2:latest_baseline,5.567580938339233,88.65,0,direct_json,1.0,0.4,0.5714285714285715,0.0,0,37.6,53.8,10.9,120.4,120.4,16927.8,83.7,3920.4,1925.8,"{'timestamp': '2026-09-01T18:07:23.455593+00:00', 'model_version': 'llama3.2:latest', 'prompt_hash': 'a6af280e'}"
37,real_mixed_113,llama3.2:latest_baseline,7.104789972305298,83.56,0,direct_json,0.42857142857142855,0.3333333333333333,0.375,0.14285714285714285,1,38.1,49.6,8.9,120.4,120.4,16913.7,83.6,3920.4,1925.8,"{'timestamp': '2026-09-01T18:07:24.999715+00:00', 'model_version': 'llama3.2:latest', 'prompt_hash': 'a6af280e'}"
37,real_mixed_114,llama3.2:latest_baseline,3.5491158962249756,84.1,0,direct_json,0.25,0.2857142857142857,0.26666666666666666,0.0,0,39.7,44.5,16.9,120.4,120.4,16867.6,83.4,3920.4,1925.8,"{'timestamp': '2026-09-01T18:07:27.017264+00:00', 'model_version': 'llama3.2:latest', 'prompt_hash': 'a6af280e'}"
38,real_mixed_115,llama3.2:latest_baseline,1.5219979286193848,86.9,0,direct_json,0.3333333333333333,0.3333333333333333,0.3333333333333333,0.0,0,38.8,42.4,39.8,120.5,120.5,16901.3,83.5,3920.4,1925.8,"{'timestamp': '2026-09-01T18:07:27.674332+00:00', 'model_version': 'llama3.2:latest', 'prompt_hash': 'a6af280e'}"
38,real_mixed_116,llama3.2:latest_baseline,3.0505168437957764,83.18,0,direct_json,0.0,0.0,1.0,0.3333333333333333,1,39.1,47.9,20.0,120.5,120.5,16924.7,83.5,3920.4,1925.8,"{'timestamp': '2026-09-01T18:07:29.203011+00:00', 'model_version': 'llama3.2:latest', 'prompt_hash': 'a6af280e'}"
38,real_mixed_117,llama3.2:latest_baseline,6.075607061386108,81.3,0,direct_json,0.25,0.375,0.3,0.0,0,34.7,50.1,9.4,119.4,120.5,16906.8,83.6,3920.4,1925.8,"{'timestamp': '2026-09-01T18:07:33.762771+00:00', 'model_version': 'llama3.2:latest', 'prompt_hash': 'a6af280e'}"
39,real_mixed_118,llama3.2:latest_baseline,4.048037052154541,82.16,0,direct_json,0.5,0.6,0.5454545454545454,0.0,0,42.5,49.3,14.9,120.5,120.5,16932.7,83.5,3920.4,1925.8,"{'timestamp': '2026-09-01T18:07:31.085433+00:00', 'model_version': 'llama3.2:latest', 'prompt_hash': 'a6af280e'}"
39,real_mixed_119,llama3.2:latest_baseline,3.0445220470428467,83.05,0,direct_json,0.16666666666666666,0.16666666666666666,0.16666666666666666,0.0,0,42.9,48.5,19.6,120.5,120.5,16937.5,83.5,3920.4,1925.8,"{'timestamp': '2026-09-01T18:07:30.085022+00:00', 'model_version': 'llama3.2:latest', 'prompt_hash': 'a6af280e'}"
39,real_mixed_120,llama3.2:latest_baseline,5.088276147842407,84.59,0,direct_json,0.2222222222222222,0.4,0.2857142857142857,0.0,0,40.7,49.7,11.2,118.0,120.5,16850.0,83.6,3920.4,1925.8,"{'timestamp': '2026-09-01T18:07:35.183035+00:00', 'model_version': 'llama3.2:latest', 'prompt_hash': 'a6af280e'}"
1,real_mixed_4,llama3.2:latest_kb_rag,2.545076847076416,80.33,0,direct_json,0.6666666666666666,0.7142857142857143,0.689655172413793,0.0,0,26.4,46.9,219.6,587.8,652.8,16722.3,83.8,3920.4,1925.8,"{'timestamp': '2026-09-01T18:07:38.389236+00:00', 'model_version': 'llama3.2:latest', 'prompt_hash': 'a6af280e'}"
1,real_mixed_5,llama3.2:latest_kb_rag,9.11844801902771,80.92,0,direct_json,0.29411764705882354,0.5,0.37037037037037035,0.0,0,35.5,52.2,16.9,489.7,652.8,16719.9,83.7,3920.4,1925.8,"{'timestamp': '2026-09-01T18:07:44.960714+00:00', 'model_version': 'llama3.2:latest', 'prompt_hash': 'a6af280e'}"
1,real_mixed_6,llama3.2:latest_kb_rag,8.604063034057617,82.38,0,direct_json,0.6153846153846154,0.8888888888888888,0.7272727272727274,0.11538461538461539,3,37.2,49.9,10.2,435.9,462.5,16738.8,83.6,3920.4,1925.8,"{'timestamp': '2026-09-01T18:07:47.122733+00:00', 'model_version': 'llama3.2:latest', 'prompt_hash': 'a6af280e'}"
0,real_mixed_1,llama3.2:latest_kb_rag,4.558612108230591,81.09,0,direct_json,0.6470588235294118,0.8461538461538461,0.7333333333333334,0.058823529411764705,1,31.2,46.8,19.3,516.9,652.8,16697.6,83.7,3920.4,1925.8,"{'timestamp': '2026-09-01T18:07:40.405868+00:00', 'model_version': 'llama3.2:latest', 'prompt_hash': 'a6af280e'}"
0,real_mixed_2,llama3.2:latest_kb_rag,6.588115930557251,80.67,0,direct_json,0.4444444444444444,0.3333333333333333,0.380952380952381,0.0,0,33.1,52.2,35.9,504.9,715.6,16697.4,83.7,3920.4,1925.8,"{'timestamp': '2026-09-01T18:07:42.426864+00:00', 'model_version': 'llama3.2:latest', 'prompt_hash': 'a6af280e'}"
0,real_mixed_3,llama3.2:latest_kb_rag,9.126368999481201,83.02,0,direct_json,0.42857142857142855,0.5,0.4615384615384615,0.0,0,38.7,55.6,14.7,444.6,553.7,16770.2,83.6,3920.4,1925.8,"{'timestamp': '2026-09-01T18:07:49.644211+00:00', 'model_version': 'llama3.2:latest', 'prompt_hash': 'a6af280e'}"
2,real_mixed_7,llama3.2:latest_kb_rag,5.593523025512695,81.61,0,direct_json,0.4166666666666667,0.35714285714285715,0.3846153846153846,0.0,0,23.0,46.3,32.3,545.7,567.8,16778.2,83.5,3920.4,1925.8,"{'timestamp': '2026-09-01T18:07:52.936316+00:00', 'model_version': 'llama3.2:latest', 'prompt_hash': 'a6af280e'}"
2,real_mixed_8,llama3.2:latest_kb_rag,3.565873861312866,82.28,0,direct_json,0.16666666666666666,0.1111111111111111,0.13333333333333333,0.0,0,16.1,46.5,59.9,541.6,567.2,16783.9,83.4,3920.4,1925.8,"{'timestamp': '2026-09-01T18:07:50.907981+00:00', 'model_version': 'llama3.2:latest', 'prompt_hash': 'a6af280e'}"
2,real_mixed_9,llama3.2:latest_kb_rag,8.622863054275513,84.68,0,direct_json,0.4,0.4,0.4000000000000001,0.0,0,26.6,40.2,10.7,465.1,567.8,16549.9,83.1,3920.4,1925.8,"{'timestamp': '2026-09-01T18:07:59.656825+00:00', 'model_version': 'llama3.2:latest', 'prompt_hash': 'a6af280e'}"
3,real_mixed_10,llama3.2:latest_kb_rag,8.108880758285522,85.06,0,direct_json,0.0,0.0,1.0,0.0,0,31.4,46.3,15.1,475.6,567.8,16600.7,83.2,3920.4,1925.8,"{'timestamp': '2026-09-01T18:07:57.985872+00:00', 'model_version': 'llama3.2:latest', 'prompt_hash': 'a6af280e'}"
3,real_mixed_11,llama3.2:latest_kb_rag,7.094357013702393,82.31,0,direct_json,0.41935483870967744,0.7222222222222222,0.5306122448979592,0.12903225806451613,4,31.4,46.5,20.4,484.1,567.8,16626.6,83.2,3920.4,1925.8,"{'timestamp': '2026-09-01T18:07:56.980887+00:00', 'model_version': 'llama3.2:latest', 'prompt_hash': 'a6af280e'}"
3,real_mixed_12,llama3.2:latest_kb_rag,4.062741994857788,82.27,0,direct_json,0.07692307692307693,0.14285714285714285,0.1,0.38461538461538464,5,31.9,55.5,32.1,492.7,570.4,16466.6,83.0,3920.4,1925.8,"{'timestamp': '2026-09-01T18:08:01.158255+00:00', 'model_version': 'llama3.2:latest', 'prompt_hash': 'a6af280e'}"
4,real_mixed_13,llama3.2:latest_kb_rag,7.086408853530884,82.68,0,direct_json,0.5,0.5882352941176471,0.5405405405405405,0.0,0,36.2,57.1,32.1,506.2,570.4,16693.6,83.2,3920.4,1925.8,"{'timestamp': '2026-09-01T18:08:06.969289+00:00', 'model_version': 'llama3.2:latest', 'prompt_hash': 'a6af280e'}"
4,real_mixed_14,llama3.2:latest_kb_rag,4.045913219451904,82.2,0,direct_json,0.7692307692307693,0.8333333333333334,0.8,0.0,0,39.2,50.0,31.6,537.9,570.4,16786.9,83.7,3920.4,1925.8,"{'timestamp': '2026-09-01T18:08:03.925781+00:00', 'model_version': 'llama3.2:latest', 'prompt_hash': 'a6af280e'}"
4,real_mixed_15,llama3.2:latest_kb_rag,6.083548069000244,84.35,0,direct_json,0.2222222222222222,0.4444444444444444,0.2962962962962963,0.0,0,31.4,47.0,14.7,474.7,479.5,16575.5,82.6,3920.4,1925.8,"{'timestamp': '2026-09-01T18:08:10.125956+00:00', 'model_version': 'llama3.2:latest', 'prompt_hash': 'a6af280e'}"
5,real_mixed_16,llama3.2:latest_kb_rag,7.107527256011963,85.82,0,direct_json,1.0,0.2222222222222222,0.3636363636363636,0.0,0,36.5,57.1,17.2,480.6,567.0,16674.1,83.0,3920.4,1925.8,"{'timestamp': '2026-09-01T18:08:08.488358+00:00', 'model_version': 'llama3.2:latest', 'prompt_hash': 'a6af280e'}"
5,real_mixed_17,llama3.2:latest_kb_rag,6.071813106536865,88.1,0,direct_json,0.6666666666666666,1.0,0.8,0.0,0,32.2,46.1,24.0,484.8,566.9,16687.3,83.1,3920.4,1925.8,"{'timestamp': '2026-09-01T18:08:07.437022+00:00', 'model_version': 'llama3.2:latest', 'prompt_hash': 'a6af280e'}"
5,real_mixed_18,llama3.2:latest_kb_rag,4.085979223251343,84.08,0,direct_json,0.6666666666666666,0.5,0.5714285714285715,0.1111111111111111,1,33.9,50.1,32.2,488.0,551.5,16539.8,82.5,3920.4,1925.8,"{'timestamp': '2026-09-01T18:08:11.654747+00:00', 'model_version': 'llama3.2:latest', 'prompt_hash': 'a6af280e'}"
6,real_mixed_19,llama3.2:latest_kb_rag,2.5452301502227783,85.59,0,direct_json,0.6666666666666666,0.2,0.30769230769230765,0.0,0,32.6,45.8,213.9,540.9,551.5,16579.2,83.0,3920.4,1925.8,"{'timestamp': '2026-09-01T18:08:12.906054+00:00', 'model_version': 'llama3.2:latest', 'prompt_hash': 'a6af280e'}"
6,real_mixed_20,llama3.2:latest_kb_rag,4.554202079772949,84.93,0,direct_json,0.5,0.4375,0.4666666666666667,0.0,0,29.8,45.9,34.6,535.7,551.5,16562.9,83.1,3920.4,1925.8,"{'timestamp': '2026-09-01T18:08:14.919618+00:00', 'model_version': 'llama3.2:latest', 'prompt_hash': 'a6af280e'}"
6,real_mixed_21,llama3.2:latest_kb_rag,6.6133952140808105,84.69,0,direct_json,1.0,0.5714285714285714,0.7272727272727273,0.0,0,16.6,36.1,13.8,479.5,530.0,16586.4,83.4,3920.4,1925.8,"{'timestamp': '2026-09-01T18:08:19.638432+00:00', 'model_version': 'llama3.2:latest', 'prompt_hash': 'a6af280e'}"
7,real_mixed_22,llama3.2:latest_kb_rag,4.0655059814453125,86.6,0,direct_json,0.0,1.0,0.0,0.0,0,25.1,45.8,39.4,514.2,530.0,16641.7,83.4,3920.4,1925.8,"{'timestamp': '2026-09-01T18:08:15.962472+00:00', 'model_version': 'llama3.2:latest', 'prompt_hash': 'a6af280e'}"
7,real_mixed_23,llama3.2:latest_kb_rag,6.094141960144043,84.42,0,direct_json,0.5882352941176471,0.6666666666666666,0.625,0.0,0,18.0,36.7,19.9,495.9,530.0,16671.5,83.5,3920.4,1925.8,"{'timestamp': '2026-09-01T18:08:18.016119+00:00', 'model_version': 'llama3.2:latest', 'prompt_hash': 'a6af280e'}"
7,real_mixed_24,llama3.2:latest_kb_rag,5.0621960163116455,85.74,0,direct_json,0.5,0.5714285714285714,0.5333333333333333,0.0,0,17.9,39.8,27.2,464.1,543.6,16593.1,83.4,3920.4,1925.8,"{'timestamp': '2026-09-01T18:08:21.140303+00:00', 'model_version': 'llama3.2:latest', 'prompt_hash': 'a6af280e'}"
8,real_mixed_25,llama3.2:latest_kb_rag,2.5360188484191895,86.09,0,direct_json,0.42857142857142855,0.25,0.3157894736842105,0.0,0,15.0,32.7,75.0,541.7,547.8,16647.1,83.4,3920.4,1925.8,"{'timestamp': '2026-09-01T18:08:22.393898+00:00', 'model_version': 'llama3.2:latest', 'prompt_hash': 'a6af280e'}"
8,real_mixed_26,llama3.2:latest_kb_rag,6.083979845046997,84.17,0,direct_json,0.7073170731707317,0.8055555555555556,0.7532467532467532,0.12195121951219512,5,11.7,32.4,26.3,520.9,547.8,16538.5,83.2,3920.4,1925.8,"{'timestamp': '2026-09-01T18:08:25.975057+00:00', 'model_version': 'llama3.2:latest', 'prompt_hash': 'a6af280e'}"
8,real_mixed_27,llama3.2:latest_kb_rag,10.636220216751099,80.42,0,direct_json,0.6956521739130435,0.6153846153846154,0.6530612244897959,0.0,0,14.7,25.4,9.2,432.4,548.1,16507.0,83.1,3920.4,1925.8,"{'timestamp': '2026-09-01T18:08:33.145561+00:00', 'model_version': 'llama3.2:latest', 'prompt_hash': 'a6af280e'}"
9,real_mixed_28,llama3.2:latest_kb_rag,8.122275829315186,85.17,0,direct_json,0.5,0.4666666666666667,0.4827586206896552,0.0,0,15.7,32.8,20.5,468.8,547.8,16477.4,83.0,3920.4,1925.8,"{'timestamp': '2026-09-01T18:08:29.469807+00:00', 'model_version': 'llama3.2:latest', 'prompt_hash': 'a6af280e'}"
9,real_mixed_29,llama3.2:latest_kb_rag,6.613001108169556,85.7,0,direct_json,0.2608695652173913,0.5,0.3428571428571428,0.0,0,15.6,33.0,15.7,482.0,547.8,16448.0,83.0,3920.4,1925.8,"{'timestamp': '2026-09-01T18:08:27.955028+00:00', 'model_version': 'llama3.2:latest', 'prompt_hash': 'a6af280e'}"
9,real_mixed_30,llama3.2:latest_kb_rag,6.102185964584351,88.55,0,direct_json,1.0,0.25,0.4,0.0,0,18.7,29.1,16.0,405.5,543.0,16619.0,83.4,3920.4,1925.8,"{'timestamp': '2026-09-01T18:08:34.169751+00:00', 'model_version': 'llama3.2:latest', 'prompt_hash': 'a6af280e'}"
10,real_mixed_31,llama3.2:latest_kb_rag,1.5198960304260254,87.48,0,direct_json,0.0,0.0,1.0,0.0,0,21.0,28.5,121.8,544.6,548.2,16517.5,83.5,3920.4,1925.8,"{'timestamp': '2026-09-01T18:08:34.919267+00:00', 'model_version': 'llama3.2:latest', 'prompt_hash': 'a6af280e'}"
10,real_mixed_32,llama3.2:latest_kb_rag,3.0362179279327393,85.33,0,direct_json,0.09090909090909091,0.14285714285714285,0.1111111111111111,0.0,0,15.8,28.6,52.2,537.5,548.8,16514.3,83.4,3920.4,1925.8,"{'timestamp': '2026-09-01T18:08:36.444729+00:00', 'model_version': 'llama3.2:latest', 'prompt_hash': 'a6af280e'}"
10,real_mixed_33,llama3.2:latest_kb_rag,6.1002819538116455,85.05,0,direct_json,0.8,0.6153846153846154,0.6956521739130435,0.0,0,22.7,100.0,14.4,454.5,548.8,16489.7,83.3,3920.4,1925.8,"{'timestamp': '2026-09-01T18:08:41.138425+00:00', 'model_version': 'llama3.2:latest', 'prompt_hash': 'a6af280e'}"
11,real_mixed_34,llama3.2:latest_kb_rag,3.5469720363616943,85.03,0,direct_json,0.25,0.2,0.22222222222222224,0.0,0,19.5,30.1,46.3,492.7,548.8,16545.9,83.5,3920.4,1925.8,"{'timestamp': '2026-09-01T18:08:37.903647+00:00', 'model_version': 'llama3.2:latest', 'prompt_hash': 'a6af280e'}"
11,real_mixed_35,llama3.2:latest_kb_rag,5.090163946151733,84.97,0,direct_json,0.3333333333333333,0.5714285714285714,0.4210526315789474,0.0,0,18.9,30.4,22.5,470.7,548.8,16517.8,83.4,3920.4,1925.8,"{'timestamp': '2026-09-01T18:08:39.451742+00:00', 'model_version': 'llama3.2:latest', 'prompt_hash': 'a6af280e'}"
11,real_mixed_36,llama3.2:latest_kb_rag,4.5736470222473145,85.47,0,direct_json,0.4375,0.3333333333333333,0.37837837837837834,0.0,0,16.1,27.7,28.4,477.7,549.3,16381.2,82.9,3920.4,1925.8,"{'timestamp': '2026-09-01T18:08:42.615344+00:00', 'model_version': 'llama3.2:latest', 'prompt_hash': 'a6af280e'}"
12,real_mixed_37,llama3.2:latest_kb_rag,3.5412099361419678,85.97,0,direct_json,0.6428571428571429,0.75,0.6923076923076924,0.0,0,15.0,26.7,55.7,540.2,549.3,16392.1,83.3,3920.4,1925.8,"{'timestamp': '2026-09-01T18:08:44.884686+00:00', 'model_version': 'llama3.2:latest', 'prompt_hash': 'a6af280e'}"
12,real_mixed_38,llama3.2:latest_kb_rag,5.084208011627197,85.23,0,direct_json,0.5833333333333334,0.5384615384615384,0.5599999999999999,0.08333333333333333,1,13.9,26.8,32.6,534.6,549.3,16438.3,83.4,3920.4,1925.8,"{'timestamp': '2026-09-01T18:08:46.436323+00:00', 'model_version': 'llama3.2:latest', 'prompt_hash': 'a6af280e'}"
12,real_mixed_39,llama3.2:latest_kb_rag,5.577658653259277,85.77,0,direct_json,1.0,0.2857142857142857,0.4444444444444445,0.0,0,13.5,27.6,16.4,479.0,536.5,16482.6,83.5,3920.4,1925.8,"{'timestamp': '2026-09-01T18:08:50.570348+00:00', 'model_version': 'llama3.2:latest', 'prompt_hash': 'a6af280e'}"
13,real_mixed_40,llama3.2:latest_kb_rag,5.080943822860718,86.1,0,direct_json,0.7777777777777778,0.5833333333333334,0.6666666666666666,0.1111111111111111,1,23.7,100.0,28.9,518.5,536.5,16499.9,83.7,3920.4,1925.8,"{'timestamp': '2026-09-01T18:08:47.917657+00:00', 'model_version': 'llama3.2:latest', 'prompt_hash': 'a6af280e'}"
13,real_mixed_41,llama3.2:latest_kb_rag,6.595066070556641,85.33,0,direct_json,0.625,0.5555555555555556,0.5882352941176471,0.0,0,14.7,30.3,18.1,501.8,536.5,16495.1,83.6,3920.4,1925.8,"{'timestamp': '2026-09-01T18:08:49.444162+00:00', 'model_version': 'llama3.2:latest', 'prompt_hash': 'a6af280e'}"
13,real_mixed_42,llama3.2:latest_kb_rag,5.5705647468566895,83.75,0,direct_json,0.7083333333333334,0.7083333333333334,0.7083333333333334,0.0,0,21.8,33.4,23.1,467.2,535.4,16395.2,83.3,3920.4,1925.8,"{'timestamp': '2026-09-01T18:08:53.611727+00:00', 'model_version': 'llama3.2:latest', 'prompt_hash': 'a6af280e'}"
14,real_mixed_43,llama3.2:latest_kb_rag,7.088515758514404,79.47,0,direct_json,0.72,0.8571428571428571,0.782608695652174,0.04,1,23.5,57.1,27.0,516.2,541.2,16491.1,83.5,3920.4,1925.8,"{'timestamp': '2026-09-01T18:08:57.875289+00:00', 'model_version': 'llama3.2:latest', 'prompt_hash': 'a6af280e'}"
14,real_mixed_44,llama3.2:latest_kb_rag,9.113593101501465,84.89,0,direct_json,0.625,0.7142857142857143,0.6666666666666666,0.0,0,17.8,42.4,17.3,518.1,541.2,16446.7,83.4,3920.4,1925.8,"{'timestamp': '2026-09-01T18:08:59.914259+00:00', 'model_version': 'llama3.2:latest', 'prompt_hash': 'a6af280e'}"
14,real_mixed_45,llama3.2:latest_kb_rag,7.609653949737549,85.19,0,direct_json,0.6,0.5,0.5454545454545454,0.0,0,25.0,45.5,12.5,426.0,524.8,16661.2,83.5,3920.4,1925.8,"{'timestamp': '2026-09-01T18:09:05.597911+00:00', 'model_version': 'llama3.2:latest', 'prompt_hash': 'a6af280e'}"
15,real_mixed_46,llama3.2:latest_kb_rag,10.13244104385376,82.43,0,direct_json,0.625,0.35714285714285715,0.45454545454545453,0.125,1,22.3,40.2,12.1,472.2,541.2,16573.1,83.6,3920.4,1925.8,"{'timestamp': '2026-09-01T18:09:03.958238+00:00', 'model_version': 'llama3.2:latest', 'prompt_hash': 'a6af280e'}"
15,real_mixed_47,llama3.2:latest_kb_rag,8.62582015991211,84.86,0,direct_json,0.6129032258064516,0.7037037037037037,0.6551724137931035,0.06451612903225806,2,21.2,40.2,17.8,484.4,541.2,16524.7,83.5,3920.4,1925.8,"{'timestamp': '2026-09-01T18:09:02.468708+00:00', 'model_version': 'llama3.2:latest', 'prompt_hash': 'a6af280e'}"
15,real_mixed_48,llama3.2:latest_kb_rag,4.092076063156128,86.42,0,direct_json,0.2857142857142857,0.3333333333333333,0.30769230769230765,0.0,0,32.6,51.0,33.5,420.2,501.7,16903.0,83.6,3920.4,1925.8,"{'timestamp': '2026-09-01T18:09:06.672897+00:00', 'model_version': 'llama3.2:latest', 'prompt_hash': 'a6af280e'}"
16,real_mixed_49,llama3.2:latest_kb_rag,4.065256834030151,84.8,0,direct_json,0.375,0.21428571428571427,0.2727272727272727,0.0,0,21.2,36.1,38.1,490.7,516.5,16721.5,83.6,3920.4,1925.8,"{'timestamp': '2026-09-01T18:09:09.910247+00:00', 'model_version': 'llama3.2:latest', 'prompt_hash': 'a6af280e'}"
16,real_mixed_50,llama3.2:latest_kb_rag,2.5508248805999756,85.82,0,direct_json,0.35714285714285715,0.45454545454545453,0.4,0.0,0,23.0,36.1,75.9,510.5,516.5,16754.0,83.7,3920.4,1925.8,"{'timestamp': '2026-09-01T18:09:08.384659+00:00', 'model_version': 'llama3.2:latest', 'prompt_hash': 'a6af280e'}"
16,real_mixed_51,llama3.2:latest_kb_rag,6.082808017730713,86.27,0,direct_json,0.42857142857142855,0.3333333333333333,0.375,0.0,0,13.3,22.9,14.8,417.2,520.0,16609.4,83.4,3920.4,1925.8,"{'timestamp': '2026-09-01T18:09:14.574932+00:00', 'model_version': 'llama3.2:latest', 'prompt_hash': 'a6af280e'}"
17,real_mixed_52,llama3.2:latest_kb_rag,6.087337970733643,84.41,0,direct_json,0.5,0.8571428571428571,0.631578947368421,0.0,0,16.6,29.1,19.9,453.9,516.4,16647.5,83.5,3920.4,1925.8,"{'timestamp': '2026-09-01T18:09:12.975197+00:00', 'model_version': 'llama3.2:latest', 'prompt_hash': 'a6af280e'}"
17,real_mixed_53,llama3.2:latest_kb_rag,3.5714497566223145,90.25,0,direct_json,1.0,0.16666666666666666,0.2857142857142857,0.0,0,18.3,28.9,42.4,472.4,516.4,16701.6,83.6,3920.4,1925.8,"{'timestamp': '2026-09-01T18:09:10.448711+00:00', 'model_version': 'llama3.2:latest', 'prompt_hash': 'a6af280e'}"
17,real_mixed_54,llama3.2:latest_kb_rag,4.6233909130096436,86.02,0,direct_json,0.2857142857142857,0.5,0.36363636363636365,0.0,0,12.8,20.4,16.7,404.2,502.3,16592.5,83.4,3920.4,1925.8,"{'timestamp': '2026-09-01T18:09:15.181361+00:00', 'model_version': 'llama3.2:latest', 'prompt_hash': 'a6af280e'}"
18,real_mixed_55,llama3.2:latest_kb_rag,2.5417630672454834,84.68,0,direct_json,0.16666666666666666,0.3333333333333333,0.2222222222222222,0.0,0,24.6,42.6,77.1,521.8,523.2,16460.4,83.1,3920.4,1925.8,"{'timestamp': '2026-09-01T18:09:17.345295+00:00', 'model_version': 'llama3.2:latest', 'prompt_hash': 'a6af280e'}"
18,real_mixed_56,llama3.2:latest_kb_rag,4.564424991607666,84.24,0,direct_json,0.125,0.14285714285714285,0.13333333333333333,0.0,0,18.2,42.6,35.1,509.1,523.2,16435.0,83.0,3920.4,1925.8,"{'timestamp': '2026-09-01T18:09:19.380297+00:00', 'model_version': 'llama3.2:latest', 'prompt_hash': 'a6af280e'}"
18,real_mixed_57,llama3.2:latest_kb_rag,7.607469797134399,88.19,0,direct_json,1.0,0.2222222222222222,0.3636363636363636,0.0,0,15.9,35.9,13.2,404.0,523.2,16387.5,83.0,3920.4,1925.8,"{'timestamp': '2026-09-01T18:09:25.077996+00:00', 'model_version': 'llama3.2:latest', 'prompt_hash': 'a6af280e'}"
19,real_mixed_58,llama3.2:latest_kb_rag,9.153708219528198,84.45,0,direct_json,0.4666666666666667,0.6363636363636364,0.5384615384615385,0.06666666666666667,1,14.8,35.0,14.1,429.1,523.3,16380.2,83.0,3920.4,1925.8,"{'timestamp': '2026-09-01T18:09:24.533076+00:00', 'model_version': 'llama3.2:latest', 'prompt_hash': 'a6af280e'}"
19,real_mixed_59,llama3.2:latest_kb_rag,7.616138935089111,83.68,0,direct_json,0.5833333333333334,0.7368421052631579,0.6511627906976745,0.0,0,14.6,36.5,20.4,438.2,523.3,16358.2,82.8,3920.4,1925.8,"{'timestamp': '2026-09-01T18:09:22.995630+00:00', 'model_version': 'llama3.2:latest', 'prompt_hash': 'a6af280e'}"
19,real_mixed_60,llama3.2:latest_kb_rag,3.541654109954834,85.68,0,direct_json,0.7777777777777778,0.5384615384615384,0.6363636363636364,0.0,0,20.3,38.0,40.6,360.7,424.6,16410.1,83.4,3920.4,1925.8,"{'timestamp': '2026-09-01T18:09:26.707858+00:00', 'model_version': 'llama3.2:latest', 'prompt_hash': 'a6af280e'}"
20,real_mixed_61,llama3.2:latest_kb_rag,7.6154539585113525,78.01,0,direct_json,0.5625,0.6428571428571429,0.6000000000000001,0.0,0,20.5,28.2,32.0,358.8,391.1,16512.1,83.5,3920.4,1925.8,"{'timestamp': '2026-09-01T18:09:32.986425+00:00', 'model_version': 'llama3.2:latest', 'prompt_hash': 'a6af280e'}"
20,real_mixed_62,llama3.2:latest_kb_rag,2.5486106872558594,87.56,0,direct_json,0.6666666666666666,0.18181818181818182,0.28571428571428575,0.3333333333333333,1,21.1,27.9,55.9,330.4,463.3,16448.9,83.6,3920.4,1925.8,"{'timestamp': '2026-09-01T18:09:27.908948+00:00', 'model_version': 'llama3.2:latest', 'prompt_hash': 'a6af280e'}"
20,real_mixed_63,llama3.2:latest_kb_rag,8.62789797782898,86.78,0,direct_json,0.25,0.375,0.3,0.0,0,17.3,37.2,10.4,388.6,434.7,16618.0,83.6,3920.4,1925.8,"{'timestamp': '2026-09-01T18:09:36.681485+00:00', 'model_version': 'llama3.2:latest', 'prompt_hash': 'a6af280e'}"
21,real_mixed_64,llama3.2:latest_kb_rag,7.111495018005371,84.83,0,direct_json,0.25,1.0,0.4,0.0,0,18.8,27.3,23.3,356.2,388.6,16551.1,83.5,3920.4,1925.8,"{'timestamp': '2026-09-01T18:09:34.081665+00:00', 'model_version': 'llama3.2:latest', 'prompt_hash': 'a6af280e'}"
21,real_mixed_65,llama3.2:latest_kb_rag,8.122661828994751,84.11,0,direct_json,0.16666666666666666,0.125,0.14285714285714288,0.3333333333333333,2,19.5,31.7,15.8,356.5,434.7,16571.0,83.6,3920.4,1925.8,"{'timestamp': '2026-09-01T18:09:35.103228+00:00', 'model_version': 'llama3.2:latest', 'prompt_hash': 'a6af280e'}"
21,real_mixed_66,llama3.2:latest_kb_rag,4.550998687744141,84.89,0,direct_json,0.3333333333333333,0.35,0.3414634146341463,0.0,0,12.5,24.7,27.8,463.2,522.8,16665.6,83.6,3920.4,1925.8,"{'timestamp': '2026-09-01T18:09:38.767395+00:00', 'model_version': 'llama3.2:latest', 'prompt_hash': 'a6af280e'}"
22,real_mixed_67,llama3.2:latest_kb_rag,6.096038818359375,84.54,0,direct_json,0.6666666666666666,0.5882352941176471,0.625,0.2,3,15.8,29.3,37.9,413.9,524.1,16587.5,83.6,3920.4,1925.8,"{'timestamp': '2026-09-01T18:09:42.986512+00:00', 'model_version': 'llama3.2:latest', 'prompt_hash': 'a6af280e'}"
22,real_mixed_68,llama3.2:latest_kb_rag,4.064618110656738,84.95,0,direct_json,0.45,0.6923076923076923,0.5454545454545455,0.0,0,17.1,45.7,31.8,468.5,524.1,16572.6,83.5,3920.4,1925.8,"{'timestamp': '2026-09-01T18:09:40.943642+00:00', 'model_version': 'llama3.2:latest', 'prompt_hash': 'a6af280e'}"
22,real_mixed_69,llama3.2:latest_kb_rag,7.600296974182129,84.95,0,direct_json,0.5652173913043478,0.5416666666666666,0.5531914893617021,0.21739130434782608,5,16.6,31.0,12.2,337.8,435.4,16675.0,83.8,3920.4,1925.8,"{'timestamp': '2026-09-01T18:09:48.711471+00:00', 'model_version': 'llama3.2:latest', 'prompt_hash': 'a6af280e'}"
23,real_mixed_70,llama3.2:latest_kb_rag,7.598810911178589,83.7,0,direct_json,0.7647058823529411,0.6190476190476191,0.6842105263157895,0.11764705882352941,2,15.5,29.5,16.6,365.1,524.1,16604.7,83.7,3920.4,1925.8,"{'timestamp': '2026-09-01T18:09:46.567329+00:00', 'model_version': 'llama3.2:latest', 'prompt_hash': 'a6af280e'}"
23,real_mixed_71,llama3.2:latest_kb_rag,5.581805944442749,84.69,0,direct_json,0.8,0.6666666666666666,0.7272727272727272,0.0,0,25.0,100.0,31.1,351.4,524.1,16614.4,83.7,3920.4,1925.8,"{'timestamp': '2026-09-01T18:09:44.546324+00:00', 'model_version': 'llama3.2:latest', 'prompt_hash': 'a6af280e'}"
23,real_mixed_72,llama3.2:latest_kb_rag,6.104830026626587,83.2,0,direct_json,0.5294117647058824,0.6428571428571429,0.5806451612903226,0.11764705882352941,2,18.3,33.9,22.4,384.9,505.5,16727.0,83.8,3920.4,1925.8,"{'timestamp': '2026-09-01T18:09:50.781853+00:00', 'model_version': 'llama3.2:latest', 'prompt_hash': 'a6af280e'}"
24,real_mixed_73,llama3.2:latest_kb_rag,4.584838151931763,84.27,0,direct_json,0.8888888888888888,0.5333333333333333,0.6666666666666667,0.0,0,31.7,66.7,34.9,477.9,518.7,16854.3,83.9,3920.4,1925.8,"{'timestamp': '2026-09-01T18:09:53.546884+00:00', 'model_version': 'llama3.2:latest', 'prompt_hash': 'a6af280e'}"
24,real_mixed_74,llama3.2:latest_kb_rag,3.0546841621398926,85.97,0,direct_json,0.625,0.5,0.5555555555555556,0.0,0,32.6,66.7,69.6,509.8,518.7,16781.5,83.8,3920.4,1925.8,"{'timestamp': '2026-09-01T18:09:51.999456+00:00', 'model_version': 'llama3.2:latest', 'prompt_hash': 'a6af280e'}"
24,real_mixed_75,llama3.2:latest_kb_rag,5.582961082458496,87.37,0,direct_json,0.5,0.6666666666666666,0.5714285714285715,0.0,0,12.6,24.8,16.8,409.8,429.9,16833.8,83.4,3920.4,1925.8,"{'timestamp': '2026-09-01T18:09:57.704041+00:00', 'model_version': 'llama3.2:latest', 'prompt_hash': 'a6af280e'}"
25,real_mixed_76,llama3.2:latest_kb_rag,3.0550122261047363,90.13,0,direct_json,0.0,1.0,0.0,0.0,0,22.8,42.1,30.4,442.8,518.8,16954.5,83.9,3920.4,1925.8,"{'timestamp': '2026-09-01T18:09:54.025427+00:00', 'model_version': 'llama3.2:latest', 'prompt_hash': 'a6af280e'}"
25,real_mixed_77,llama3.2:latest_kb_rag,5.5840349197387695,84.57,0,direct_json,0.5714285714285714,0.4,0.47058823529411764,0.0,0,15.5,29.6,21.7,423.4,518.7,16866.4,83.6,3920.4,1925.8,"{'timestamp': '2026-09-01T18:09:56.600470+00:00', 'model_version': 'llama3.2:latest', 'prompt_hash': 'a6af280e'}"
25,real_mixed_78,llama3.2:latest_kb_rag,6.102123975753784,82.05,0,direct_json,0.26666666666666666,1.0,0.4210526315789474,0.2,3,13.5,23.2,21.7,444.7,509.7,16651.9,83.0,3920.4,1925.8,"{'timestamp': '2026-09-01T18:10:00.242856+00:00', 'model_version': 'llama3.2:latest', 'prompt_hash': 'a6af280e'}"
26,real_mixed_79,llama3.2:latest_kb_rag,9.108296155929565,79.29,0,direct_json,0.4117647058823529,0.7,0.5185185185185185,0.17647058823529413,3,18.4,30.8,24.4,470.1,511.4,16802.5,83.3,3920.4,1925.8,"{'timestamp': '2026-09-01T18:10:07.027685+00:00', 'model_version': 'llama3.2:latest', 'prompt_hash': 'a6af280e'}"
26,real_mixed_80,llama3.2:latest_kb_rag,6.083497047424316,83.6,0,direct_json,0.4411764705882353,0.625,0.5172413793103449,0.11764705882352941,4,15.2,28.9,21.0,492.0,511.2,16738.7,83.3,3920.4,1925.8,"{'timestamp': '2026-09-01T18:10:04.028878+00:00', 'model_version': 'llama3.2:latest', 'prompt_hash': 'a6af280e'}"
26,real_mixed_81,llama3.2:latest_kb_rag,7.572116136550903,86.15,0,direct_json,0.4,0.36363636363636365,0.380952380952381,0.0,0,16.0,28.4,11.9,415.1,441.3,16944.9,83.3,3920.4,1925.8,"{'timestamp': '2026-09-01T18:10:11.722935+00:00', 'model_version': 'llama3.2:latest', 'prompt_hash': 'a6af280e'}"
27,real_mixed_82,llama3.2:latest_kb_rag,8.589455842971802,85.3,0,direct_json,0.35714285714285715,0.5555555555555556,0.43478260869565216,0.0,0,15.8,28.4,19.4,435.2,511.2,16925.6,83.5,3920.4,1925.8,"{'timestamp': '2026-09-01T18:10:09.040479+00:00', 'model_version': 'llama3.2:latest', 'prompt_hash': 'a6af280e'}"
27,real_mixed_83,llama3.2:latest_kb_rag,10.115981817245483,86.64,0,direct_json,0.6153846153846154,0.8,0.6956521739130435,0.07692307692307693,1,18.0,50.0,12.0,426.3,511.2,16936.4,83.5,3920.4,1925.8,"{'timestamp': '2026-09-01T18:10:10.574746+00:00', 'model_version': 'llama3.2:latest', 'prompt_hash': 'a6af280e'}"
27,real_mixed_84,llama3.2:latest_kb_rag,4.029024600982666,84.02,0,direct_json,0.625,0.5555555555555556,0.5882352941176471,0.125,1,21.9,38.6,32.2,426.1,500.6,16840.9,83.0,3920.4,1925.8,"{'timestamp': '2026-09-01T18:10:13.185386+00:00', 'model_version': 'llama3.2:latest', 'prompt_hash': 'a6af280e'}"
28,real_mixed_85,llama3.2:latest_kb_rag,4.036728143692017,86.26,0,direct_json,0.8571428571428571,0.75,0.7999999999999999,0.0,0,21.0,34.5,40.4,448.8,506.7,16871.0,83.4,3920.4,1925.8,"{'timestamp': '2026-09-01T18:10:15.980224+00:00', 'model_version': 'llama3.2:latest', 'prompt_hash': 'a6af280e'}"
28,real_mixed_86,llama3.2:latest_kb_rag,2.5274713039398193,83.95,0,direct_json,0.6153846153846154,0.6153846153846154,0.6153846153846154,0.15384615384615385,2,22.7,34.7,53.4,479.2,506.7,16838.5,83.3,3920.4,1925.8,"{'timestamp': '2026-09-01T18:10:14.469373+00:00', 'model_version': 'llama3.2:latest', 'prompt_hash': 'a6af280e'}"
28,real_mixed_87,llama3.2:latest_kb_rag,5.039913892745972,88.3,0,direct_json,0.6666666666666666,0.2857142857142857,0.4,0.0,0,15.6,27.5,17.9,366.0,439.1,16892.2,83.7,3920.4,1925.8,"{'timestamp': '2026-09-01T18:10:19.624124+00:00', 'model_version': 'llama3.2:latest', 'prompt_hash': 'a6af280e'}"
29,real_mixed_88,llama3.2:latest_kb_rag,5.037675857543945,86.42,0,direct_json,0.4444444444444444,1.0,0.6153846153846153,0.0,0,18.0,35.0,24.3,372.5,493.3,16922.9,83.7,3920.4,1925.8,"{'timestamp': '2026-09-01T18:10:18.423338+00:00', 'model_version': 'llama3.2:latest', 'prompt_hash': 'a6af280e'}"
29,real_mixed_89,llama3.2:latest_kb_rag,4.036673069000244,85.75,0,direct_json,0.5,0.38461538461538464,0.4347826086956522,0.0,0,19.7,35.2,35.7,377.3,493.3,16917.1,83.7,3920.4,1925.8,"{'timestamp': '2026-09-01T18:10:17.429720+00:00', 'model_version': 'llama3.2:latest', 'prompt_hash': 'a6af280e'}"
29,real_mixed_90,llama3.2:latest_kb_rag,4.540948152542114,85.87,0,direct_json,0.38095238095238093,1.0,0.5517241379310345,0.0,0,15.7,30.3,28.8,433.1,496.0,16680.2,83.3,3920.4,1925.8,"{'timestamp': '2026-09-01T18:10:22.111781+00:00', 'model_version': 'llama3.2:latest', 'prompt_hash': 'a6af280e'}"
30,real_mixed_91,llama3.2:latest_kb_rag,6.554633140563965,84.07,0,direct_json,0.625,0.8333333333333334,0.7142857142857143,0.0,0,17.7,41.9,25.5,412.4,500.1,16518.9,83.4,3920.4,1925.8,"{'timestamp': '2026-09-01T18:10:26.398614+00:00', 'model_version': 'llama3.2:latest', 'prompt_hash': 'a6af280e'}"
30,real_mixed_92,llama3.2:latest_kb_rag,4.041548013687134,84.66,0,direct_json,0.46153846153846156,0.4,0.42857142857142855,0.0,0,14.1,27.2,47.1,497.5,500.1,16511.0,83.2,3920.4,1925.8,"{'timestamp': '2026-09-01T18:10:23.884480+00:00', 'model_version': 'llama3.2:latest', 'prompt_hash': 'a6af280e'}"
30,real_mixed_93,llama3.2:latest_kb_rag,6.6032679080963135,85.98,0,direct_json,0.5833333333333334,0.7,0.6363636363636365,0.0,0,14.7,29.4,13.8,316.4,406.8,16576.6,83.8,3920.4,1925.8,"{'timestamp': '2026-09-01T18:10:30.657052+00:00', 'model_version': 'llama3.2:latest', 'prompt_hash': 'a6af280e'}"
31,real_mixed_94,llama3.2:latest_kb_rag,6.049137115478516,85.38,0,direct_json,0.4444444444444444,0.4,0.4210526315789474,0.2222222222222222,4,19.5,43.0,28.2,332.2,500.1,16546.7,83.7,3920.4,1925.8,"{'timestamp': '2026-09-01T18:10:28.368840+00:00', 'model_version': 'llama3.2:latest', 'prompt_hash': 'a6af280e'}"
31,real_mixed_95,llama3.2:latest_kb_rag,7.058906078338623,86.16,0,direct_json,0.2,1.0,0.33333333333333337,0.0,0,17.1,42.1,18.1,333.5,500.1,16547.2,83.7,3920.4,1925.8,"{'timestamp': '2026-09-01T18:10:29.361539+00:00', 'model_version': 'llama3.2:latest', 'prompt_hash': 'a6af280e'}"
31,real_mixed_96,llama3.2:latest_kb_rag,3.5812430381774902,75.55,0,direct_json,0.5555555555555556,0.4166666666666667,0.4761904761904762,0.0,0,25.7,58.8,37.6,413.7,495.9,17535.6,83.8,3920.4,1925.8,"{'timestamp': '2026-09-01T18:10:32.083839+00:00', 'model_version': 'llama3.2:latest', 'prompt_hash': 'a6af280e'}"
32,real_mixed_97,llama3.2:latest_kb_rag,3.0795741081237793,45.23,0,direct_json,0.7142857142857143,0.5555555555555556,0.6250000000000001,0.0,0,22.5,41.0,68.5,501.6,507.5,22142.8,84.8,3920.4,1925.8,"{'timestamp': '2026-09-01T18:10:33.966545+00:00', 'model_version': 'llama3.2:latest', 'prompt_hash': 'a6af280e'}"
32,real_mixed_98,llama3.2:latest_kb_rag,7.109637975692749,45.87,0,direct_json,0.5,0.2857142857142857,0.36363636363636365,0.0,0,21.0,41.0,24.0,413.0,507.5,23470.0,85.1,3920.4,1925.8,"{'timestamp': '2026-09-01T18:10:38.021194+00:00', 'model_version': 'llama3.2:latest', 'prompt_hash': 'a6af280e'}"
32,real_mixed_99,llama3.2:latest_kb_rag,10.6420578956604,49.23,0,direct_json,0.0,0.0,1.0,0.0,0,18.1,34.7,8.6,324.6,438.4,24007.2,85.6,3920.4,1925.8,"{'timestamp': '2026-09-01T18:10:44.706979+00:00', 'model_version': 'llama3.2:latest', 'prompt_hash': 'a6af280e'}"
33,real_mixed_100,llama3.2:latest_kb_rag,10.631226062774658,46.63,0,direct_json,0.21052631578947367,0.5714285714285714,0.3076923076923077,0.0,0,20.5,37.2,11.6,354.1,507.5,24166.0,85.5,3920.4,1925.8,"{'timestamp': '2026-09-01T18:10:42.936318+00:00', 'model_version': 'llama3.2:latest', 'prompt_hash': 'a6af280e'}"
33,real_mixed_101,llama3.2:latest_kb_rag,7.615594863891602,45.93,0,direct_json,0.4444444444444444,0.5714285714285714,0.5,0.0,0,22.5,37.3,18.4,357.2,507.4,24343.7,85.5,3920.4,1925.8,"{'timestamp': '2026-09-01T18:10:39.922854+00:00', 'model_version': 'llama3.2:latest', 'prompt_hash': 'a6af280e'}"
33,real_mixed_102,llama3.2:latest_kb_rag,5.58358907699585,45.82,0,direct_json,0.0,1.0,0.0,0.0,0,18.8,30.3,24.6,340.3,482.6,23663.7,85.9,3920.4,1925.8,"{'timestamp': '2026-09-01T18:10:45.631535+00:00', 'model_version': 'llama3.2:latest', 'prompt_hash': 'a6af280e'}"
34,real_mixed_103,llama3.2:latest_kb_rag,1.5695827007293701,45.43,0,direct_json,0.0,1.0,0.0,0.0,0,39.5,50.4,126.2,483.5,491.2,23544.9,87.2,3920.4,1925.8,"{'timestamp': '2026-09-01T18:10:46.532396+00:00', 'model_version': 'llama3.2:latest', 'prompt_hash': 'a6af280e'}"
34,real_mixed_104,llama3.2:latest_kb_rag,5.099596738815308,41.91,0,direct_json,0.2608695652173913,0.6,0.36363636363636365,0.21739130434782608,5,42.1,74.3,35.0,426.8,491.2,23599.6,87.0,3920.4,1925.8,"{'timestamp': '2026-09-01T18:10:50.080481+00:00', 'model_version': 'llama3.2:latest', 'prompt_hash': 'a6af280e'}"
34,real_mixed_105,llama3.2:latest_kb_rag,11.581307172775269,44.66,0,direct_json,0.6153846153846154,0.8,0.6956521739130435,0.07692307692307693,1,23.8,74.0,7.7,336.4,407.3,23667.2,86.2,3920.4,1925.8,"{'timestamp': '2026-09-01T18:10:58.311251+00:00', 'model_version': 'llama3.2:latest', 'prompt_hash': 'a6af280e'}"
35,real_mixed_106,llama3.2:latest_kb_rag,6.095139741897583,40.88,0,direct_json,0.2,0.5,0.28571428571428575,0.0,0,42.5,70.7,29.3,376.0,491.2,23568.2,86.7,3920.4,1925.8,"{'timestamp': '2026-09-01T18:10:51.930560+00:00', 'model_version': 'llama3.2:latest', 'prompt_hash': 'a6af280e'}"
35,real_mixed_107,llama3.2:latest_kb_rag,9.625594139099121,45.34,0,direct_json,0.75,0.9230769230769231,0.8275862068965517,0.0,0,31.3,70.7,14.1,374.0,491.2,23614.1,86.3,3920.4,1925.8,"{'timestamp': '2026-09-01T18:10:55.473332+00:00', 'model_version': 'llama3.2:latest', 'prompt_hash': 'a6af280e'}"
35,real_mixed_108,llama3.2:latest_kb_rag,7.557324171066284,86.52,0,direct_json,0.25,0.2,0.22222222222222224,0.0,0,18.0,35.9,18.1,356.2,511.5,23707.9,85.7,3920.4,1925.8,"{'timestamp': '2026-09-01T18:10:59.598996+00:00', 'model_version': 'llama3.2:latest', 'prompt_hash': 'a6af280e'}"
36,real_mixed_109,llama3.2:latest_kb_rag,4.03633713722229,83.44,0,direct_json,0.6428571428571429,0.75,0.6923076923076924,0.03571428571428571,1,24.1,28.6,48.5,514.5,516.3,23355.2,84.5,3920.4,1925.8,"{'timestamp': '2026-09-01T18:11:02.593033+00:00', 'model_version': 'llama3.2:latest', 'prompt_hash': 'a6af280e'}"
36,real_mixed_110,llama3.2:latest_kb_rag,6.045230150222778,84.09,0,direct_json,0.42857142857142855,0.3333333333333333,0.375,0.0,0,18.2,28.5,26.7,497.0,516.3,22874.5,83.4,3920.4,1925.8,"{'timestamp': '2026-09-01T18:11:04.600339+00:00', 'model_version': 'llama3.2:latest', 'prompt_hash': 'a6af280e'}"
36,real_mixed_111,llama3.2:latest_kb_rag,7.056311130523682,85.59,0,direct_json,0.5897435897435898,0.7931034482758621,0.676470588235294,0.1794871794871795,7,23.2,93.8,12.2,431.5,462.0,20620.4,77.9,3920.4,1925.8,"{'timestamp': '2026-09-01T18:11:09.771655+00:00', 'model_version': 'llama3.2:latest', 'prompt_hash': 'a6af280e'}"
37,real_mixed_112,llama3.2:latest_kb_rag,6.053714752197266,88.5,0,direct_json,0.3333333333333333,0.6,0.42857142857142855,0.0,0,22.0,29.4,26.5,478.6,516.3,22125.8,81.6,3920.4,1925.8,"{'timestamp': '2026-09-01T18:11:05.840401+00:00', 'model_version': 'llama3.2:latest', 'prompt_hash': 'a6af280e'}"
37,real_mixed_113,llama3.2:latest_kb_rag,7.058768033981323,86.55,0,direct_json,0.8571428571428571,0.6666666666666666,0.75,0.0,0,21.8,36.1,16.2,465.7,516.3,21840.9,80.9,3920.4,1925.8,"{'timestamp': '2026-09-01T18:11:06.855028+00:00', 'model_version': 'llama3.2:latest', 'prompt_hash': 'a6af280e'}"
37,real_mixed_114,llama3.2:latest_kb_rag,5.5529139041900635,84.27,0,direct_json,0.4166666666666667,0.7142857142857143,0.5263157894736842,0.0,0,36.9,94.4,23.7,451.7,516.1,20109.5,76.4,3920.4,1925.8,"{'timestamp': '2026-09-01T18:11:11.500888+00:00', 'model_version': 'llama3.2:latest', 'prompt_hash': 'a6af280e'}"
38,real_mixed_115,llama3.2:latest_kb_rag,3.0294690132141113,87.43,0,direct_json,0.3333333333333333,0.3333333333333333,0.3333333333333333,0.0,0,26.9,36.4,42.3,517.2,519.4,20394.3,76.6,3920.4,1925.8,"{'timestamp': '2026-09-01T18:11:13.000897+00:00', 'model_version': 'llama3.2:latest', 'prompt_hash': 'a6af280e'}"
38,real_mixed_116,llama3.2:latest_kb_rag,2.521919012069702,86.48,0,direct_json,0.4,1.0,0.5714285714285715,0.0,0,25.8,35.3,73.9,516.7,519.4,20381.8,76.6,3920.4,1925.8,"{'timestamp': '2026-09-01T18:11:12.490724+00:00', 'model_version': 'llama3.2:latest', 'prompt_hash': 'a6af280e'}"
38,real_mixed_117,llama3.2:latest_kb_rag,8.112206935882568,46.39,0,direct_json,0.2857142857142857,0.5,0.36363636363636365,0.2857142857142857,4,19.1,31.0,11.1,344.0,519.5,23423.2,85.2,3920.4,1925.8,"{'timestamp': '2026-09-01T18:11:20.721918+00:00', 'model_version': 'llama3.2:latest', 'prompt_hash': 'a6af280e'}"
39,real_mixed_118,llama3.2:latest_kb_rag,5.592634201049805,44.56,0,direct_json,0.5555555555555556,1.0,0.7142857142857143,0.0,0,20.6,37.3,21.8,394.1,519.5,23142.0,83.6,3920.4,1925.8,"{'timestamp': '2026-09-01T18:11:17.301011+00:00', 'model_version': 'llama3.2:latest', 'prompt_hash': 'a6af280e'}"
39,real_mixed_119,llama3.2:latest_kb_rag,4.090318918228149,42.17,0,direct_json,0.625,0.8333333333333334,0.7142857142857143,0.0,0,19.4,33.0,38.0,429.0,519.5,22905.0,82.4,3920.4,1925.8,"{'timestamp': '2026-09-01T18:11:15.795479+00:00', 'model_version': 'llama3.2:latest', 'prompt_hash': 'a6af280e'}"
39,real_mixed_120,llama3.2:latest_kb_rag,7.1124560832977295,46.66,0,direct_json,0.2222222222222222,0.4,0.2857142857142857,0.0,0,18.6,42.5,8.3,282.3,364.1,23463.7,86.3,3920.4,1925.8,"{'timestamp': '2026-09-01T18:11:23.048604+00:00', 'model_version': 'llama3.2:latest', 'prompt_hash': 'a6af280e'}"
0,real_mixed_1,gemma4:latest_baseline,61.88291597366333,38.77,0,direct_json,0.5882352941176471,0.7692307692307693,0.6666666666666667,0.0,0,20.9,83.6,1.1,123.5,230.8,26710.2,83.5,9051.5,9163.2,"{'timestamp': '2026-09-01T18:12:27.006137+00:00', 'model_version': 'gemma4:latest', 'prompt_hash': 'a6af280e'}"
0,real_mixed_2,gemma4:latest_baseline,30.21989417076111,44.32,0,direct_json,0.5454545454545454,0.5,0.5217391304347826,0.0,0,18.8,47.4,4.5,137.8,230.8,26170.3,82.0,9051.5,9163.2,"{'timestamp': '2026-09-01T18:11:55.340977+00:00', 'model_version': 'gemma4:latest', 'prompt_hash': 'a6af280e'}"
0,real_mixed_3,gemma4:latest_baseline,103.18169212341309,52.67,0,direct_json,0.5833333333333334,0.5833333333333334,0.5833333333333334,0.0,0,16.1,82.9,0.7,114.9,120.0,24127.3,84.8,9051.5,9163.2,"{'timestamp': '2026-09-01T18:13:38.543168+00:00', 'model_version': 'gemma4:latest', 'prompt_hash': 'a6af280e'}"
1,real_mixed_4,gemma4:latest_baseline,85.05495095252991,52.66,0,direct_json,0.8333333333333334,0.8333333333333334,0.8333333333333334,0.0,0,20.1,100.0,1.2,120.9,230.8,26147.0,83.3,9051.5,9163.2,"{'timestamp': '2026-09-01T18:12:50.194990+00:00', 'model_version': 'gemma4:latest', 'prompt_hash': 'a6af280e'}"
1,real_mixed_5,gemma4:latest_baseline,110.22905087471008,52.55,0,direct_json,0.3333333333333333,0.6,0.42857142857142855,0.0,0,18.4,83.7,0.8,120.6,230.8,25145.6,83.9,9051.5,9163.2,"{'timestamp': '2026-09-01T18:13:15.349354+00:00', 'model_version': 'gemma4:latest', 'prompt_hash': 'a6af280e'}"
1,real_mixed_6,gemma4:latest_baseline,50.32966685295105,53.8,0,direct_json,0.7333333333333333,0.6111111111111112,0.6666666666666666,0.0,0,13.9,28.3,1.3,118.7,126.6,21842.3,85.7,9051.5,9163.2,"{'timestamp': '2026-09-01T18:13:40.550773+00:00', 'model_version': 'gemma4:latest', 'prompt_hash': 'a6af280e'}"
2,real_mixed_7,gemma4:latest_baseline,49.360499143600464,52.42,0,direct_json,0.5294117647058824,0.6428571428571429,0.5806451612903226,0.0,0,11.3,33.7,1.4,127.3,127.5,21825.6,85.6,9051.5,9163.2,"{'timestamp': '2026-09-01T18:14:27.950630+00:00', 'model_version': 'gemma4:latest', 'prompt_hash': 'a6af280e'}"
2,real_mixed_8,gemma4:latest_baseline,23.16413116455078,52.51,0,direct_json,0.5555555555555556,0.5555555555555556,0.5555555555555556,0.0,0,10.7,25.9,2.7,127.4,127.5,21861.0,85.7,9051.5,9163.2,"{'timestamp': '2026-09-01T18:14:01.749085+00:00', 'model_version': 'gemma4:latest', 'prompt_hash': 'a6af280e'}"
2,real_mixed_9,gemma4:latest_baseline,72.49023365974426,53.7,0,direct_json,0.45454545454545453,0.5,0.47619047619047616,0.0,0,12.2,34.5,0.9,125.7,127.5,21794.8,85.6,9051.5,9163.2,"{'timestamp': '2026-09-01T18:15:14.259935+00:00', 'model_version': 'gemma4:latest', 'prompt_hash': 'a6af280e'}"
3,real_mixed_10,gemma4:latest_baseline,68.45941710472107,52.72,0,direct_json,0.35714285714285715,0.8333333333333334,0.5,0.0,0,13.3,34.4,1.1,127.3,127.5,21800.2,85.6,9051.5,9163.2,"{'timestamp': '2026-09-01T18:14:49.041975+00:00', 'model_version': 'gemma4:latest', 'prompt_hash': 'a6af280e'}"
3,real_mixed_11,gemma4:latest_baseline,91.16722178459167,52.17,0,direct_json,0.6428571428571429,1.0,0.782608695652174,0.0,0,13.3,66.7,0.8,126.2,127.5,21802.6,85.6,9051.5,9163.2,"{'timestamp': '2026-09-01T18:15:11.755215+00:00', 'model_version': 'gemma4:latest', 'prompt_hash': 'a6af280e'}"
3,real_mixed_12,gemma4:latest_baseline,48.843674182891846,52.55,0,direct_json,0.5384615384615384,1.0,0.7000000000000001,0.0,0,15.4,42.9,1.3,125.0,127.6,21918.0,85.7,9051.5,9163.2,"{'timestamp': '2026-09-01T18:15:37.907636+00:00', 'model_version': 'gemma4:latest', 'prompt_hash': 'a6af280e'}"
4,real_mixed_13,gemma4:latest_baseline,68.18441009521484,52.49,0,direct_json,0.8235294117647058,0.9032258064516129,0.8615384615384616,0.0,0,15.3,57.1,1.1,125.4,127.7,21854.2,85.9,9051.5,9163.2,"{'timestamp': '2026-09-01T18:16:22.503093+00:00', 'model_version': 'gemma4:latest', 'prompt_hash': 'a6af280e'}"
4,real_mixed_14,gemma4:latest_baseline,101.6812527179718,51.88,0,direct_json,0.7333333333333333,0.9166666666666666,0.8148148148148148,0.0,0,13.0,50.0,0.8,119.4,127.7,21844.6,85.9,9051.5,9163.2,"{'timestamp': '2026-09-01T18:16:55.987577+00:00', 'model_version': 'gemma4:latest', 'prompt_hash': 'a6af280e'}"
4,real_mixed_15,gemma4:latest_baseline,44.87834596633911,52.55,0,direct_json,0.3157894736842105,0.6666666666666666,0.42857142857142855,0.0,0,11.9,46.3,1.7,127.4,127.7,21883.8,85.8,9051.5,9163.2,"{'timestamp': '2026-09-01T18:15:59.189394+00:00', 'model_version': 'gemma4:latest', 'prompt_hash': 'a6af280e'}"
5,real_mixed_16,gemma4:latest_baseline,100.78529381752014,52.55,0,direct_json,0.6666666666666666,0.6666666666666666,0.6666666666666666,0.1111111111111111,1,13.9,37.3,0.9,118.9,127.7,21811.3,85.8,9051.5,9163.2,"{'timestamp': '2026-09-01T18:17:18.738052+00:00', 'model_version': 'gemma4:latest', 'prompt_hash': 'a6af280e'}"
5,real_mixed_17,gemma4:latest_baseline,78.96687889099121,54.13,0,direct_json,0.4,1.0,0.5714285714285715,0.0,0,14.7,58.6,1.1,117.0,127.7,21792.7,85.9,9051.5,9163.2,"{'timestamp': '2026-09-01T18:16:56.909062+00:00', 'model_version': 'gemma4:latest', 'prompt_hash': 'a6af280e'}"
5,real_mixed_18,gemma4:latest_baseline,103.26250290870667,54.11,0,direct_json,0.7,0.5833333333333334,0.6363636363636365,0.0,0,14.3,51.5,0.8,119.1,127.7,21815.0,85.8,9051.5,9163.2,"{'timestamp': '2026-09-01T18:17:21.214651+00:00', 'model_version': 'gemma4:latest', 'prompt_hash': 'a6af280e'}"
6,real_mixed_19,gemma4:latest_baseline,44.06052374839783,52.99,0,direct_json,0.631578947368421,0.6,0.6153846153846154,0.0,0,12.4,100.0,1.7,126.6,128.1,21891.3,85.5,9051.5,9163.2,"{'timestamp': '2026-09-01T18:17:40.110106+00:00', 'model_version': 'gemma4:latest', 'prompt_hash': 'a6af280e'}"
6,real_mixed_20,gemma4:latest_baseline,71.45059585571289,52.51,0,direct_json,0.6153846153846154,0.5,0.5517241379310345,0.0,0,11.2,30.1,1.1,127.1,128.1,21817.2,85.6,9051.5,9163.2,"{'timestamp': '2026-09-01T18:18:07.488813+00:00', 'model_version': 'gemma4:latest', 'prompt_hash': 'a6af280e'}"
6,real_mixed_21,gemma4:latest_baseline,98.28234887123108,52.21,0,direct_json,0.75,0.6428571428571429,0.6923076923076924,0.08333333333333333,1,10.9,29.8,0.9,126.7,128.1,21791.8,85.5,9051.5,9163.2,"{'timestamp': '2026-09-01T18:18:34.327766+00:00', 'model_version': 'gemma4:latest', 'prompt_hash': 'a6af280e'}"
7,real_mixed_22,gemma4:latest_baseline,85.13672590255737,53.4,0,direct_json,0.0,1.0,0.0,0.0,0,12.9,30.2,1.2,126.8,128.1,21765.5,85.6,9051.5,9163.2,"{'timestamp': '2026-09-01T18:18:46.381233+00:00', 'model_version': 'gemma4:latest', 'prompt_hash': 'a6af280e'}"
7,real_mixed_23,gemma4:latest_baseline,132.747820854187,52.41,0,direct_json,0.6,0.8,0.6857142857142857,0.0,0,14.4,55.4,0.6,126.4,128.1,21782.6,85.8,9051.5,9163.2,"{'timestamp': '2026-09-01T18:19:34.013723+00:00', 'model_version': 'gemma4:latest', 'prompt_hash': 'a6af280e'}"
7,real_mixed_24,gemma4:latest_baseline,106.84886503219604,52.47,0,direct_json,0.42857142857142855,0.42857142857142855,0.42857142857142855,0.0,0,13.8,36.7,0.6,126.6,128.1,21773.7,85.7,9051.5,9163.2,"{'timestamp': '2026-09-01T18:19:08.100437+00:00', 'model_version': 'gemma4:latest', 'prompt_hash': 'a6af280e'}"
8,real_mixed_25,gemma4:latest_baseline,104.32623481750488,52.78,0,direct_json,0.4,0.3333333333333333,0.3636363636363636,0.0,0,12.6,43.1,0.9,125.3,127.8,21814.1,85.9,9051.5,9163.2,"{'timestamp': '2026-09-01T18:20:18.705764+00:00', 'model_version': 'gemma4:latest', 'prompt_hash': 'a6af280e'}"
8,real_mixed_26,gemma4:latest_baseline,89.64619588851929,52.34,0,direct_json,0.75,0.5833333333333334,0.6562499999999999,0.0,0,11.4,55.6,0.9,125.6,127.8,21822.2,86.0,9051.5,9163.2,"{'timestamp': '2026-09-01T18:20:04.037744+00:00', 'model_version': 'gemma4:latest', 'prompt_hash': 'a6af280e'}"
8,real_mixed_27,gemma4:latest_baseline,162.59092688560486,36.2,0,fallback,0.7777777777777778,0.875,0.823529411764706,0.0,0,14.1,100.0,0.6,117.7,127.8,23717.8,86.1,9051.5,9163.2,"{'timestamp': '2026-09-01T18:21:16.964089+00:00', 'model_version': 'gemma4:latest', 'prompt_hash': 'a6af280e'}"
9,real_mixed_28,gemma4:latest_baseline,166.20492696762085,52.52,0,direct_json,0.5882352941176471,0.6666666666666666,0.625,0.0,0,15.6,100.0,0.6,115.2,127.8,24439.8,86.0,9051.5,9163.2,"{'timestamp': '2026-09-01T18:22:20.263885+00:00', 'model_version': 'gemma4:latest', 'prompt_hash': 'a6af280e'}"
9,real_mixed_29,gemma4:latest_baseline,126.19609189033508,46.95,0,direct_json,0.4090909090909091,0.75,0.5294117647058824,0.0,0,16.7,81.9,0.7,115.2,127.8,25280.1,86.3,9051.5,9163.2,"{'timestamp': '2026-09-01T18:21:40.262939+00:00', 'model_version': 'gemma4:latest', 'prompt_hash': 'a6af280e'}"
9,real_mixed_30,gemma4:latest_baseline,144.93076300621033,52.5,0,direct_json,0.6,0.75,0.6666666666666665,0.0,0,16.1,81.8,0.7,115.3,127.8,24835.0,86.1,9051.5,9163.2,"{'timestamp': '2026-09-01T18:21:58.987549+00:00', 'model_version': 'gemma4:latest', 'prompt_hash': 'a6af280e'}"
10,real_mixed_31,gemma4:latest_baseline,73.9575469493866,53.42,0,direct_json,0.16666666666666666,0.5,0.25,0.0,0,13.0,66.7,1.3,120.1,126.7,23553.0,85.9,9051.5,9163.2,"{'timestamp': '2026-09-01T18:22:30.954551+00:00', 'model_version': 'gemma4:latest', 'prompt_hash': 'a6af280e'}"
10,real_mixed_32,gemma4:latest_baseline,91.22633910179138,52.94,0,direct_json,0.07142857142857142,0.14285714285714285,0.09523809523809523,0.0,0,12.2,39.7,1.0,121.2,126.7,23184.2,85.8,9051.5,9163.2,"{'timestamp': '2026-09-01T18:22:48.227858+00:00', 'model_version': 'gemma4:latest', 'prompt_hash': 'a6af280e'}"
10,real_mixed_33,gemma4:latest_baseline,114.53659224510193,52.51,0,direct_json,0.9,0.6923076923076923,0.7826086956521738,0.0,0,11.4,39.1,0.8,122.1,126.7,22866.4,85.8,9051.5,9163.2,"{'timestamp': '2026-09-01T18:23:11.551623+00:00', 'model_version': 'gemma4:latest', 'prompt_hash': 'a6af280e'}"
11,real_mixed_34,gemma4:latest_baseline,79.56710028648376,52.47,0,direct_json,0.2727272727272727,0.3,0.28571428571428564,0.0,0,13.0,37.5,1.0,126.3,127.8,21665.2,85.7,9051.5,9163.2,"{'timestamp': '2026-09-01T18:23:39.873007+00:00', 'model_version': 'gemma4:latest', 'prompt_hash': 'a6af280e'}"
11,real_mixed_35,gemma4:latest_baseline,99.26409101486206,52.55,0,direct_json,0.5454545454545454,0.8571428571428571,0.6666666666666665,0.0,0,13.1,37.5,0.8,126.3,127.8,21626.3,85.7,9051.5,9163.2,"{'timestamp': '2026-09-01T18:23:59.572621+00:00', 'model_version': 'gemma4:latest', 'prompt_hash': 'a6af280e'}"
11,real_mixed_36,gemma4:latest_baseline,53.76070594787598,53.83,0,direct_json,0.5909090909090909,0.5909090909090909,0.5909090909090909,0.0,0,12.3,37.3,1.4,125.9,127.6,21680.5,85.7,9051.5,9163.2,"{'timestamp': '2026-09-01T18:23:14.078886+00:00', 'model_version': 'gemma4:latest', 'prompt_hash': 'a6af280e'}"
12,real_mixed_37,gemma4:latest_baseline,68.38441777229309,52.49,0,direct_json,0.6,0.5,0.5454545454545454,0.0,0,11.9,37.0,1.2,127.1,127.9,21622.4,85.8,9051.5,9163.2,"{'timestamp': '2026-09-01T18:24:19.987867+00:00', 'model_version': 'gemma4:latest', 'prompt_hash': 'a6af280e'}"
12,real_mixed_38,gemma4:latest_baseline,92.23779487609863,52.47,0,direct_json,0.5384615384615384,0.5384615384615384,0.5384615384615384,0.07692307692307693,1,10.7,37.0,1.0,127.7,130.8,21675.0,85.7,9051.5,9163.2,"{'timestamp': '2026-09-01T18:24:43.838501+00:00', 'model_version': 'gemma4:latest', 'prompt_hash': 'a6af280e'}"
12,real_mixed_39,gemma4:latest_baseline,114.01617193222046,52.42,0,direct_json,0.6666666666666666,0.5714285714285714,0.6153846153846153,0.0,0,10.6,37.0,0.8,126.9,130.8,21667.1,85.7,9051.5,9163.2,"{'timestamp': '2026-09-01T18:25:05.607801+00:00', 'model_version': 'gemma4:latest', 'prompt_hash': 'a6af280e'}"
13,real_mixed_40,gemma4:latest_baseline,111.48549509048462,52.78,0,direct_json,0.7272727272727273,0.6666666666666666,0.6956521739130435,0.0,0,13.7,42.9,0.8,127.1,130.8,21672.6,85.7,9051.5,9163.2,"{'timestamp': '2026-09-01T18:25:51.110273+00:00', 'model_version': 'gemma4:latest', 'prompt_hash': 'a6af280e'}"
13,real_mixed_41,gemma4:latest_baseline,136.79942512512207,52.41,0,direct_json,0.8461538461538461,0.6111111111111112,0.7096774193548387,0.0,0,14.9,100.0,0.7,126.6,130.8,21670.9,85.7,9051.5,9163.2,"{'timestamp': '2026-09-01T18:26:16.437639+00:00', 'model_version': 'gemma4:latest', 'prompt_hash': 'a6af280e'}"
13,real_mixed_42,gemma4:latest_baseline,90.71761202812195,52.34,0,direct_json,0.6818181818181818,0.625,0.6521739130434783,0.0,0,12.9,42.9,0.9,127.4,130.8,21697.0,85.6,9051.5,9163.2,"{'timestamp': '2026-09-01T18:25:30.355822+00:00', 'model_version': 'gemma4:latest', 'prompt_hash': 'a6af280e'}"
14,real_mixed_43,gemma4:latest_baseline,159.65421104431152,51.0,0,direct_json,0.8636363636363636,0.9047619047619048,0.8837209302325582,0.0,0,15.1,67.8,0.6,123.6,130.6,21691.7,85.7,9051.5,9163.2,"{'timestamp': '2026-09-01T18:27:45.306765+00:00', 'model_version': 'gemma4:latest', 'prompt_hash': 'a6af280e'}"
14,real_mixed_44,gemma4:latest_baseline,119.5522849559784,52.04,0,direct_json,0.6363636363636364,1.0,0.7777777777777778,0.0,0,16.4,56.5,0.9,126.1,130.6,21644.9,85.9,9051.5,9163.2,"{'timestamp': '2026-09-01T18:27:05.210319+00:00', 'model_version': 'gemma4:latest', 'prompt_hash': 'a6af280e'}"
14,real_mixed_45,gemma4:latest_baseline,90.78086996078491,52.63,0,direct_json,0.6428571428571429,0.75,0.6923076923076924,0.0,0,13.1,44.4,1.0,126.1,130.6,21644.1,85.9,9051.5,9163.2,"{'timestamp': '2026-09-01T18:26:36.433654+00:00', 'model_version': 'gemma4:latest', 'prompt_hash': 'a6af280e'}"
15,real_mixed_46,gemma4:latest_baseline,110.43849110603333,52.7,0,direct_json,0.6666666666666666,0.42857142857142855,0.5217391304347826,0.0,0,17.8,58.3,0.8,122.7,126.8,21789.8,85.6,9051.5,9163.2,"{'timestamp': '2026-09-01T18:28:06.933741+00:00', 'model_version': 'gemma4:latest', 'prompt_hash': 'a6af280e'}"
15,real_mixed_47,gemma4:latest_baseline,137.23565793037415,52.55,0,direct_json,0.68,0.6296296296296297,0.6538461538461539,0.04,1,17.0,58.3,0.7,123.4,127.1,21764.8,85.6,9051.5,9163.2,"{'timestamp': '2026-09-01T18:28:33.748582+00:00', 'model_version': 'gemma4:latest', 'prompt_hash': 'a6af280e'}"
15,real_mixed_48,gemma4:latest_baseline,139.245680809021,54.32,0,direct_json,0.4444444444444444,0.6666666666666666,0.5333333333333333,0.0,0,18.1,63.8,0.8,123.5,127.1,21761.7,85.6,9051.5,9163.2,"{'timestamp': '2026-09-01T18:28:35.732333+00:00', 'model_version': 'gemma4:latest', 'prompt_hash': 'a6af280e'}"
16,real_mixed_49,gemma4:latest_baseline,124.09935927391052,52.31,0,direct_json,0.5384615384615384,0.5,0.5185185185185186,0.0,0,10.7,80.0,0.8,126.6,128.2,21679.6,85.6,9051.5,9163.2,"{'timestamp': '2026-09-01T18:29:49.451153+00:00', 'model_version': 'gemma4:latest', 'prompt_hash': 'a6af280e'}"
16,real_mixed_50,gemma4:latest_baseline,72.91014623641968,52.55,0,direct_json,0.3333333333333333,0.36363636363636365,0.34782608695652173,0.0,0,10.0,31.8,1.2,126.7,128.2,21741.3,85.7,9051.5,9163.2,"{'timestamp': '2026-09-01T18:28:58.262853+00:00', 'model_version': 'gemma4:latest', 'prompt_hash': 'a6af280e'}"
16,real_mixed_51,gemma4:latest_baseline,98.20710515975952,52.51,0,direct_json,0.42857142857142855,0.6666666666666666,0.5217391304347826,0.0,0,11.1,60.0,0.9,126.6,128.2,21706.4,85.6,9051.5,9163.2,"{'timestamp': '2026-09-01T18:29:23.563251+00:00', 'model_version': 'gemma4:latest', 'prompt_hash': 'a6af280e'}"
17,real_mixed_52,gemma4:latest_baseline,142.96307396888733,34.26,0,direct_json,0.8125,0.9629629629629629,0.8813559322033898,0.0,0,14.4,71.4,0.7,125.8,128.2,23010.0,85.6,9051.5,9163.2,"{'timestamp': '2026-09-01T18:30:58.746606+00:00', 'model_version': 'gemma4:latest', 'prompt_hash': 'a6af280e'}"
17,real_mixed_53,gemma4:latest_baseline,106.94266295433044,52.63,0,direct_json,0.29411764705882354,0.8333333333333334,0.4347826086956522,0.0,0,11.5,32.1,0.8,126.8,128.2,21626.4,85.6,9051.5,9163.2,"{'timestamp': '2026-09-01T18:30:22.721252+00:00', 'model_version': 'gemma4:latest', 'prompt_hash': 'a6af280e'}"
17,real_mixed_54,gemma4:latest_baseline,85.61084270477295,53.24,0,direct_json,0.3333333333333333,0.5,0.4,0.0,0,12.1,42.1,0.9,126.7,128.2,21635.2,85.7,9051.5,9163.2,"{'timestamp': '2026-09-01T18:30:01.385616+00:00', 'model_version': 'gemma4:latest', 'prompt_hash': 'a6af280e'}"
18,real_mixed_55,gemma4:latest_baseline,125.07173609733582,52.39,0,direct_json,0.42857142857142855,0.6666666666666666,0.5217391304347826,0.0,0,13.6,68.6,0.8,119.7,127.9,25280.0,84.6,9051.5,9163.2,"{'timestamp': '2026-09-01T18:31:54.566889+00:00', 'model_version': 'gemma4:latest', 'prompt_hash': 'a6af280e'}"
18,real_mixed_56,gemma4:latest_baseline,150.49395513534546,52.19,0,direct_json,0.15,0.21428571428571427,0.1764705882352941,0.05,1,13.1,68.6,0.7,118.9,127.9,24698.3,84.7,9051.5,9163.2,"{'timestamp': '2026-09-01T18:32:19.991649+00:00', 'model_version': 'gemma4:latest', 'prompt_hash': 'a6af280e'}"
18,real_mixed_57,gemma4:latest_baseline,99.33603596687317,36.87,0,direct_json,0.7,0.7777777777777778,0.7368421052631577,0.05,1,13.5,68.3,0.9,121.3,127.9,25397.0,86.0,9051.5,9163.2,"{'timestamp': '2026-09-01T18:31:28.841820+00:00', 'model_version': 'gemma4:latest', 'prompt_hash': 'a6af280e'}"
19,real_mixed_58,gemma4:latest_baseline,120.53657388687134,52.78,0,direct_json,0.6666666666666666,0.8421052631578947,0.744186046511628,0.0,0,13.7,43.0,0.8,118.1,127.8,23811.4,84.5,9051.5,9163.2,"{'timestamp': '2026-09-01T18:32:59.338870+00:00', 'model_version': 'gemma4:latest', 'prompt_hash': 'a6af280e'}"
19,real_mixed_59,gemma4:latest_baseline,162.09730696678162,51.8,0,fallback,1.0,0.6428571428571429,0.782608695652174,0.0,0,13.5,50.0,0.6,119.6,127.8,23224.8,84.8,9051.5,9163.2,"{'timestamp': '2026-09-01T18:33:40.892731+00:00', 'model_version': 'gemma4:latest', 'prompt_hash': 'a6af280e'}"
19,real_mixed_60,gemma4:latest_baseline,99.30712413787842,52.64,0,direct_json,0.8888888888888888,0.7619047619047619,0.8205128205128205,0.0,0,15.2,43.7,0.9,116.2,127.6,24281.7,84.3,9051.5,9163.2,"{'timestamp': '2026-09-01T18:32:38.117218+00:00', 'model_version': 'gemma4:latest', 'prompt_hash': 'a6af280e'}"
20,real_mixed_61,gemma4:latest_baseline,149.43142294883728,51.14,0,direct_json,0.4411764705882353,0.5357142857142857,0.4838709677419355,0.029411764705882353,1,10.6,39.8,0.6,124.2,127.8,21613.5,85.8,9051.5,9163.2,"{'timestamp': '2026-09-01T18:34:49.504311+00:00', 'model_version': 'gemma4:latest', 'prompt_hash': 'a6af280e'}"
20,real_mixed_62,gemma4:latest_baseline,107.9058530330658,52.26,0,direct_json,0.35714285714285715,0.45454545454545453,0.4,0.0,0,11.5,43.6,0.8,123.7,127.8,21611.0,85.8,9051.5,9163.2,"{'timestamp': '2026-09-01T18:34:07.947474+00:00', 'model_version': 'gemma4:latest', 'prompt_hash': 'a6af280e'}"
20,real_mixed_63,gemma4:latest_baseline,82.56997489929199,53.42,0,direct_json,0.125,0.125,0.125,0.0,0,10.9,100.0,1.0,125.5,127.8,21574.7,85.8,9051.5,9163.2,"{'timestamp': '2026-09-01T18:33:42.605942+00:00', 'model_version': 'gemma4:latest', 'prompt_hash': 'a6af280e'}"
21,real_mixed_64,gemma4:latest_baseline,82.13593578338623,52.76,0,direct_json,0.25,1.0,0.4,0.0,0,13.1,34.3,1.0,123.5,127.9,21691.2,85.9,9051.5,9163.2,"{'timestamp': '2026-09-01T18:35:03.064498+00:00', 'model_version': 'gemma4:latest', 'prompt_hash': 'a6af280e'}"
21,real_mixed_65,gemma4:latest_baseline,124.63096499443054,52.47,0,direct_json,0.5,0.625,0.5555555555555556,0.0,0,13.0,34.3,0.7,124.8,127.9,21674.4,85.8,9051.5,9163.2,"{'timestamp': '2026-09-01T18:35:45.564745+00:00', 'model_version': 'gemma4:latest', 'prompt_hash': 'a6af280e'}"
21,real_mixed_66,gemma4:latest_baseline,103.42872595787048,52.54,0,direct_json,0.3888888888888889,0.35,0.36842105263157887,0.0,0,12.2,33.8,0.9,124.3,127.9,21692.0,85.8,9051.5,9163.2,"{'timestamp': '2026-09-01T18:35:24.385515+00:00', 'model_version': 'gemma4:latest', 'prompt_hash': 'a6af280e'}"
22,real_mixed_67,gemma4:latest_baseline,111.0418689250946,52.3,0,direct_json,0.5,0.5882352941176471,0.5405405405405405,0.15,3,12.0,55.0,1.3,173.0,232.8,21669.9,85.7,9051.5,9163.2,"{'timestamp': '2026-09-01T18:36:40.610747+00:00', 'model_version': 'gemma4:latest', 'prompt_hash': 'a6af280e'}"
22,real_mixed_68,gemma4:latest_baseline,59.404667139053345,53.37,0,direct_json,0.55,0.8461538461538461,0.6666666666666667,0.0,0,10.4,31.0,1.4,132.3,232.8,21689.8,85.7,9051.5,9163.2,"{'timestamp': '2026-09-01T18:35:48.957278+00:00', 'model_version': 'gemma4:latest', 'prompt_hash': 'a6af280e'}"
22,real_mixed_69,gemma4:latest_baseline,84.71968507766724,52.48,0,direct_json,0.7037037037037037,0.7916666666666666,0.7450980392156864,0.0,0,10.9,37.2,1.7,158.4,232.8,21700.8,85.7,9051.5,9163.2,"{'timestamp': '2026-09-01T18:36:14.293157+00:00', 'model_version': 'gemma4:latest', 'prompt_hash': 'a6af280e'}"
23,real_mixed_70,gemma4:latest_baseline,77.49062490463257,52.49,0,direct_json,0.8666666666666667,0.7647058823529411,0.8125,0.0,0,12.6,100.0,1.1,217.0,232.8,21666.0,85.8,9051.5,9163.2,"{'timestamp': '2026-09-01T18:37:03.440943+00:00', 'model_version': 'gemma4:latest', 'prompt_hash': 'a6af280e'}"
23,real_mixed_71,gemma4:latest_baseline,99.19961595535278,52.44,0,direct_json,0.8333333333333334,0.5882352941176471,0.6896551724137931,0.0,0,14.2,41.9,0.9,197.3,232.8,21675.6,85.7,9051.5,9163.2,"{'timestamp': '2026-09-01T18:37:25.135765+00:00', 'model_version': 'gemma4:latest', 'prompt_hash': 'a6af280e'}"
23,real_mixed_72,gemma4:latest_baseline,118.42817902565002,52.55,0,direct_json,0.5833333333333334,0.5,0.5384615384615384,0.0,0,13.0,50.0,0.8,185.9,232.8,21680.9,85.6,9051.5,9163.2,"{'timestamp': '2026-09-01T18:37:44.366886+00:00', 'model_version': 'gemma4:latest', 'prompt_hash': 'a6af280e'}"
24,real_mixed_73,gemma4:latest_baseline,99.33029341697693,52.29,0,direct_json,0.75,0.6,0.6666666666666665,0.0,0,10.9,37.0,0.9,146.1,232.4,21720.7,85.6,9051.5,9163.2,"{'timestamp': '2026-09-01T18:38:19.996955+00:00', 'model_version': 'gemma4:latest', 'prompt_hash': 'a6af280e'}"
24,real_mixed_74,gemma4:latest_baseline,119.02003288269043,52.52,0,direct_json,0.6666666666666666,0.6,0.631578947368421,0.0,0,11.7,38.2,0.8,142.8,232.4,21708.0,85.6,9051.5,9163.2,"{'timestamp': '2026-09-01T18:38:39.683513+00:00', 'model_version': 'gemma4:latest', 'prompt_hash': 'a6af280e'}"
24,real_mixed_75,gemma4:latest_baseline,74.98348689079285,52.85,0,direct_json,0.4,0.6666666666666666,0.5,0.0,0,11.4,100.0,1.1,152.3,232.4,21715.8,85.6,9051.5,9163.2,"{'timestamp': '2026-09-01T18:37:55.632430+00:00', 'model_version': 'gemma4:latest', 'prompt_hash': 'a6af280e'}"
25,real_mixed_76,gemma4:latest_baseline,66.85636901855469,53.49,0,direct_json,0.0,1.0,0.0,0.0,0,13.1,38.0,1.1,127.1,128.5,21724.3,85.6,9051.5,9163.2,"{'timestamp': '2026-09-01T18:38:51.252171+00:00', 'model_version': 'gemma4:latest', 'prompt_hash': 'a6af280e'}"
25,real_mixed_77,gemma4:latest_baseline,93.20914721488953,52.47,0,direct_json,0.5714285714285714,0.6,0.5853658536585366,0.0,0,13.2,100.0,0.9,127.3,128.5,21710.9,85.5,9051.5,9163.2,"{'timestamp': '2026-09-01T18:39:17.642957+00:00', 'model_version': 'gemma4:latest', 'prompt_hash': 'a6af280e'}"
25,real_mixed_78,gemma4:latest_baseline,120.08114099502563,52.11,0,direct_json,0.3333333333333333,1.0,0.5,0.0,0,13.2,100.0,0.8,127.3,128.5,21718.6,85.4,9051.5,9163.2,"{'timestamp': '2026-09-01T18:39:44.481546+00:00', 'model_version': 'gemma4:latest', 'prompt_hash': 'a6af280e'}"
26,real_mixed_79,gemma4:latest_baseline,139.2080340385437,40.54,0,direct_json,0.7777777777777778,0.8235294117647058,0.7999999999999999,0.0,0,12.2,66.0,0.7,123.4,128.7,22807.3,85.6,9051.5,9163.2,"{'timestamp': '2026-09-01T18:40:58.932621+00:00', 'model_version': 'gemma4:latest', 'prompt_hash': 'a6af280e'}"
26,real_mixed_80,gemma4:latest_baseline,107.90963912010193,51.88,0,direct_json,0.5151515151515151,0.7083333333333334,0.5964912280701754,0.0,0,10.8,30.8,0.8,127.5,128.7,21720.8,85.5,9051.5,9163.2,"{'timestamp': '2026-09-01T18:40:27.660391+00:00', 'model_version': 'gemma4:latest', 'prompt_hash': 'a6af280e'}"
26,real_mixed_81,gemma4:latest_baseline,67.39313101768494,53.41,0,direct_json,0.5,0.36363636363636365,0.4210526315789474,0.0,0,11.5,31.5,1.1,127.6,128.5,21741.1,85.4,9051.5,9163.2,"{'timestamp': '2026-09-01T18:39:47.127727+00:00', 'model_version': 'gemma4:latest', 'prompt_hash': 'a6af280e'}"
27,real_mixed_82,gemma4:latest_baseline,120.00075912475586,51.93,0,direct_json,0.4,0.6666666666666666,0.5,0.0,0,17.5,100.0,0.8,122.6,128.7,23750.5,85.4,9051.5,9163.2,"{'timestamp': '2026-09-01T18:41:44.526082+00:00', 'model_version': 'gemma4:latest', 'prompt_hash': 'a6af280e'}"
27,real_mixed_83,gemma4:latest_baseline,94.66445088386536,53.85,0,direct_json,0.7272727272727273,0.8,0.761904761904762,0.0,0,17.9,66.1,0.9,121.2,128.7,24420.2,85.5,9051.5,9163.2,"{'timestamp': '2026-09-01T18:41:19.193237+00:00', 'model_version': 'gemma4:latest', 'prompt_hash': 'a6af280e'}"
27,real_mixed_84,gemma4:latest_baseline,92.69382929801941,42.6,0,direct_json,0.75,0.6666666666666666,0.7058823529411765,0.0,0,16.7,100.0,0.9,121.1,128.7,24421.1,85.7,9051.5,9163.2,"{'timestamp': '2026-09-01T18:41:17.226534+00:00', 'model_version': 'gemma4:latest', 'prompt_hash': 'a6af280e'}"
28,real_mixed_85,gemma4:latest_baseline,47.10538196563721,54.03,0,direct_json,0.6666666666666666,0.75,0.7058823529411765,0.1111111111111111,1,20.2,100.0,1.6,127.5,128.8,23679.0,84.7,9051.5,9163.2,"{'timestamp': '2026-09-01T18:41:46.080763+00:00', 'model_version': 'gemma4:latest', 'prompt_hash': 'a6af280e'}"
28,real_mixed_86,gemma4:latest_baseline,83.11414813995361,52.26,0,direct_json,0.875,0.7,0.7777777777777777,0.0,0,15.1,72.7,1.0,127.5,128.9,22710.4,85.1,9051.5,9163.2,"{'timestamp': '2026-09-01T18:42:22.101321+00:00', 'model_version': 'gemma4:latest', 'prompt_hash': 'a6af280e'}"
28,real_mixed_87,gemma4:latest_baseline,61.75811982154846,52.86,0,direct_json,0.42857142857142855,0.42857142857142855,0.42857142857142855,0.0,0,18.0,100.0,1.3,127.6,128.9,23136.2,85.0,9051.5,9163.2,"{'timestamp': '2026-09-01T18:42:00.731985+00:00', 'model_version': 'gemma4:latest', 'prompt_hash': 'a6af280e'}"
29,real_mixed_88,gemma4:latest_baseline,53.13734316825867,53.27,0,direct_json,0.375,0.75,0.5,0.0,0,12.4,37.0,1.4,127.7,128.9,21452.3,85.6,9051.5,9163.2,"{'timestamp': '2026-09-01T18:42:37.710153+00:00', 'model_version': 'gemma4:latest', 'prompt_hash': 'a6af280e'}"
29,real_mixed_89,gemma4:latest_baseline,74.95883178710938,52.83,0,direct_json,0.5,0.3076923076923077,0.380952380952381,0.0,0,11.2,35.1,1.2,127.9,128.9,21460.4,85.6,9051.5,9163.2,"{'timestamp': '2026-09-01T18:42:59.544976+00:00', 'model_version': 'gemma4:latest', 'prompt_hash': 'a6af280e'}"
29,real_mixed_90,gemma4:latest_baseline,98.72193694114685,52.55,0,direct_json,0.29411764705882354,0.625,0.4,0.0,0,11.3,35.8,0.9,124.9,128.9,21439.1,85.6,9051.5,9163.2,"{'timestamp': '2026-09-01T18:43:23.308322+00:00', 'model_version': 'gemma4:latest', 'prompt_hash': 'a6af280e'}"
30,real_mixed_91,gemma4:latest_baseline,101.77188301086426,52.58,0,direct_json,0.6,0.75,0.6666666666666665,0.0,0,9.0,100.0,0.9,125.1,128.5,21397.6,85.7,9051.5,9163.2,"{'timestamp': '2026-09-01T18:44:03.929455+00:00', 'model_version': 'gemma4:latest', 'prompt_hash': 'a6af280e'}"
30,real_mixed_92,gemma4:latest_baseline,125.04148721694946,52.43,0,direct_json,0.7777777777777778,0.6363636363636364,0.7000000000000001,0.0,0,9.0,37.2,0.7,125.5,128.5,21409.4,85.7,9051.5,9163.2,"{'timestamp': '2026-09-01T18:44:27.197632+00:00', 'model_version': 'gemma4:latest', 'prompt_hash': 'a6af280e'}"
30,real_mixed_93,gemma4:latest_baseline,80.54426717758179,52.63,0,direct_json,0.6153846153846154,0.8,0.6956521739130435,0.0,0,8.9,28.6,1.0,124.5,128.5,21411.0,85.7,9051.5,9163.2,"{'timestamp': '2026-09-01T18:43:42.696903+00:00', 'model_version': 'gemma4:latest', 'prompt_hash': 'a6af280e'}"
31,real_mixed_94,gemma4:latest_baseline,93.19123196601868,52.5,0,direct_json,0.9,0.8571428571428571,0.8780487804878048,0.0,0,10.4,39.0,0.9,127.8,128.7,21405.5,85.6,9051.5,9163.2,"{'timestamp': '2026-09-01T18:44:56.568560+00:00', 'model_version': 'gemma4:latest', 'prompt_hash': 'a6af280e'}"
31,real_mixed_95,gemma4:latest_baseline,127.59968090057373,52.96,0,direct_json,0.08333333333333333,0.5,0.14285714285714285,0.08333333333333333,1,11.7,62.5,0.7,125.0,128.7,21396.9,85.7,9051.5,9163.2,"{'timestamp': '2026-09-01T18:45:30.949164+00:00', 'model_version': 'gemma4:latest', 'prompt_hash': 'a6af280e'}"
31,real_mixed_96,gemma4:latest_baseline,111.42541599273682,52.71,0,direct_json,0.5384615384615384,0.5833333333333334,0.5599999999999999,0.0,0,10.9,40.0,0.8,126.3,128.7,21404.1,85.6,9051.5,9163.2,"{'timestamp': '2026-09-01T18:45:14.791905+00:00', 'model_version': 'gemma4:latest', 'prompt_hash': 'a6af280e'}"
32,real_mixed_97,gemma4:latest_baseline,94.15472197532654,52.95,0,direct_json,0.5,0.7777777777777778,0.6086956521739131,0.0,0,10.1,50.0,1.1,124.5,128.7,21373.6,85.7,9051.5,9163.2,"{'timestamp': '2026-09-01T18:46:01.404428+00:00', 'model_version': 'gemma4:latest', 'prompt_hash': 'a6af280e'}"
32,real_mixed_98,gemma4:latest_baseline,128.5873339176178,52.31,0,direct_json,0.5652173913043478,0.4642857142857143,0.5098039215686274,0.0,0,9.9,50.0,1.4,125.3,128.7,21382.5,85.6,9051.5,9163.2,"{'timestamp': '2026-09-01T18:46:35.851035+00:00', 'model_version': 'gemma4:latest', 'prompt_hash': 'a6af280e'}"
32,real_mixed_99,gemma4:latest_baseline,75.43190598487854,53.57,0,direct_json,0.1111111111111111,0.5,0.1818181818181818,0.0,0,9.0,36.8,1.2,123.5,128.7,21396.9,85.7,9051.5,9163.2,"{'timestamp': '2026-09-01T18:45:42.670024+00:00', 'model_version': 'gemma4:latest', 'prompt_hash': 'a6af280e'}"
33,real_mixed_100,gemma4:latest_baseline,90.59664797782898,52.6,0,direct_json,0.1111111111111111,0.2857142857142857,0.16,0.0,0,12.8,100.0,0.9,128.1,128.7,21346.1,85.6,9051.5,9163.2,"{'timestamp': '2026-09-01T18:47:01.606794+00:00', 'model_version': 'gemma4:latest', 'prompt_hash': 'a6af280e'}"
33,real_mixed_101,gemma4:latest_baseline,114.97495102882385,52.8,0,direct_json,0.4,0.5714285714285714,0.47058823529411764,0.0,0,12.2,47.7,0.8,125.7,128.7,21366.3,85.6,9051.5,9163.2,"{'timestamp': '2026-09-01T18:47:25.985559+00:00', 'model_version': 'gemma4:latest', 'prompt_hash': 'a6af280e'}"
33,real_mixed_102,gemma4:latest_baseline,95.720458984375,53.13,0,direct_json,0.0,1.0,0.0,0.0,0,12.3,47.7,0.9,127.6,128.7,21347.9,85.6,9051.5,9163.2,"{'timestamp': '2026-09-01T18:47:06.717085+00:00', 'model_version': 'gemma4:latest', 'prompt_hash': 'a6af280e'}"
34,real_mixed_103,gemma4:latest_baseline,58.753462076187134,53.62,0,direct_json,0.0,1.0,0.0,0.0,0,12.1,49.1,1.3,123.6,128.7,21379.1,85.7,9051.5,9163.2,"{'timestamp': '2026-09-01T18:47:34.638782+00:00', 'model_version': 'gemma4:latest', 'prompt_hash': 'a6af280e'}"
34,real_mixed_104,gemma4:latest_baseline,80.5513710975647,52.72,0,direct_json,0.35294117647058826,0.6,0.4444444444444445,0.0,0,11.5,49.7,1.1,124.8,128.7,21361.9,85.7,9051.5,9163.2,"{'timestamp': '2026-09-01T18:47:56.449599+00:00', 'model_version': 'gemma4:latest', 'prompt_hash': 'a6af280e'}"
34,real_mixed_105,gemma4:latest_baseline,104.86851978302002,52.5,0,direct_json,0.5333333333333333,0.8,0.64,0.06666666666666667,1,9.9,49.3,0.8,125.4,128.7,21362.9,85.7,9051.5,9163.2,"{'timestamp': '2026-09-01T18:48:20.773385+00:00', 'model_version': 'gemma4:latest', 'prompt_hash': 'a6af280e'}"
35,real_mixed_106,gemma4:latest_baseline,68.85963726043701,53.03,0,direct_json,0.6666666666666666,1.0,0.8,0.0,0,10.2,38.6,1.1,128.0,128.7,21336.0,85.7,9051.5,9163.2,"{'timestamp': '2026-09-01T18:48:34.888507+00:00', 'model_version': 'gemma4:latest', 'prompt_hash': 'a6af280e'}"
35,real_mixed_107,gemma4:latest_baseline,122.00392007827759,52.29,0,direct_json,0.8,0.9230769230769231,0.8571428571428571,0.0,0,11.5,42.8,0.7,125.5,128.9,21317.9,85.7,9051.5,9163.2,"{'timestamp': '2026-09-01T18:49:28.043086+00:00', 'model_version': 'gemma4:latest', 'prompt_hash': 'a6af280e'}"
35,real_mixed_108,gemma4:latest_baseline,92.65628385543823,52.56,0,direct_json,0.3,0.75,0.4285714285714285,0.0,0,10.1,41.0,0.9,128.2,128.8,21327.9,85.7,9051.5,9163.2,"{'timestamp': '2026-09-01T18:48:58.695852+00:00', 'model_version': 'gemma4:latest', 'prompt_hash': 'a6af280e'}"
36,real_mixed_109,gemma4:latest_baseline,146.34712171554565,45.19,0,direct_json,0.6363636363636364,0.5833333333333334,0.6086956521739131,0.0,0,9.7,54.2,0.7,125.1,128.9,21792.1,85.8,9051.5,9163.2,"{'timestamp': '2026-09-01T18:50:47.179144+00:00', 'model_version': 'gemma4:latest', 'prompt_hash': 'a6af280e'}"
36,real_mixed_110,gemma4:latest_baseline,119.0340428352356,52.35,0,direct_json,0.6666666666666666,0.6153846153846154,0.64,0.0,0,9.8,50.0,0.8,125.6,128.9,21304.0,85.7,9051.5,9163.2,"{'timestamp': '2026-09-01T18:50:19.875321+00:00', 'model_version': 'gemma4:latest', 'prompt_hash': 'a6af280e'}"
36,real_mixed_111,gemma4:latest_baseline,88.09265089035034,53.09,0,direct_json,0.75,0.8,0.7741935483870969,0.0,0,10.3,100.0,0.9,124.8,128.9,21293.1,85.7,9051.5,9163.2,"{'timestamp': '2026-09-01T18:49:48.932885+00:00', 'model_version': 'gemma4:latest', 'prompt_hash': 'a6af280e'}"
37,real_mixed_112,gemma4:latest_baseline,81.56497311592102,25.29,0,direct_json,0.2857142857142857,0.4,0.3333333333333333,0.0,0,12.9,79.5,1.1,126.3,128.8,22424.4,85.9,9051.5,9163.2,"{'timestamp': '2026-09-01T18:50:49.651052+00:00', 'model_version': 'gemma4:latest', 'prompt_hash': 'a6af280e'}"
37,real_mixed_113,gemma4:latest_baseline,111.3924720287323,31.81,0,direct_json,0.6666666666666666,0.6666666666666666,0.6666666666666666,0.0,0,13.4,79.4,0.8,126.6,128.8,24067.4,86.2,9051.5,9163.2,"{'timestamp': '2026-09-01T18:51:19.486042+00:00', 'model_version': 'gemma4:latest', 'prompt_hash': 'a6af280e'}"
37,real_mixed_114,gemma4:latest_baseline,142.874902009964,36.25,0,direct_json,0.3333333333333333,0.5714285714285714,0.4210526315789474,0.0,0,13.3,78.2,0.7,121.6,128.8,24709.8,86.0,9051.5,9163.2,"{'timestamp': '2026-09-01T18:51:50.963812+00:00', 'model_version': 'gemma4:latest', 'prompt_hash': 'a6af280e'}"
38,real_mixed_115,gemma4:latest_baseline,73.4119188785553,53.57,0,direct_json,0.42857142857142855,1.0,0.6,0.0,0,13.6,80.2,1.0,117.3,128.3,27740.0,85.9,9051.5,9163.2,"{'timestamp': '2026-09-01T18:52:00.643254+00:00', 'model_version': 'gemma4:latest', 'prompt_hash': 'a6af280e'}"
38,real_mixed_116,gemma4:latest_baseline,126.04330396652222,52.58,0,direct_json,0.3333333333333333,1.0,0.5,0.16666666666666666,1,12.7,100.0,0.9,121.5,128.3,25489.8,84.9,9051.5,9163.2,"{'timestamp': '2026-09-01T18:52:53.273919+00:00', 'model_version': 'gemma4:latest', 'prompt_hash': 'a6af280e'}"
38,real_mixed_117,gemma4:latest_baseline,104.28080320358276,52.23,0,direct_json,0.4117647058823529,0.875,0.56,0.0,0,14.0,100.0,0.8,120.3,128.3,26354.3,84.8,9051.5,9163.2,"{'timestamp': '2026-09-01T18:52:31.528509+00:00', 'model_version': 'gemma4:latest', 'prompt_hash': 'a6af280e'}"
39,real_mixed_118,gemma4:latest_baseline,116.49457836151123,52.77,0,direct_json,0.625,1.0,0.7692307692307693,0.0,0,11.8,47.4,0.7,124.7,128.4,22313.3,84.5,9051.5,9163.2,"{'timestamp': '2026-09-01T18:53:47.503003+00:00', 'model_version': 'gemma4:latest', 'prompt_hash': 'a6af280e'}"
39,real_mixed_119,gemma4:latest_baseline,78.52021884918213,52.84,0,direct_json,0.5,0.5,0.5,0.0,0,12.2,83.3,0.9,127.6,128.4,22768.2,84.0,9051.5,9163.2,"{'timestamp': '2026-09-01T18:53:09.524698+00:00', 'model_version': 'gemma4:latest', 'prompt_hash': 'a6af280e'}"
39,real_mixed_120,gemma4:latest_baseline,99.21767401695251,52.8,0,direct_json,0.36363636363636365,0.8,0.5000000000000001,0.0,0,11.3,50.0,0.8,126.3,128.4,22476.1,84.3,9051.5,9163.2,"{'timestamp': '2026-09-01T18:53:30.227506+00:00', 'model_version': 'gemma4:latest', 'prompt_hash': 'a6af280e'}"
2,real_mixed_7,gemma4:latest_kb_rag,45.183318853378296,52.24,0,direct_json,0.6666666666666666,0.7142857142857143,0.689655172413793,0.0,0,7.3,80.9,13.6,393.1,1025.1,21486.7,85.5,9051.5,9163.2,"{'timestamp': '2026-09-01T18:54:34.103021+00:00', 'model_version': 'gemma4:latest', 'prompt_hash': 'a6af280e'}"
2,real_mixed_8,gemma4:latest_kb_rag,91.69679999351501,52.22,0,direct_json,0.5,0.4444444444444444,0.47058823529411764,0.0,0,6.1,80.9,6.8,334.3,1009.4,21500.6,85.4,9051.5,9163.2,"{'timestamp': '2026-09-01T18:55:20.672262+00:00', 'model_version': 'gemma4:latest', 'prompt_hash': 'a6af280e'}"
2,real_mixed_9,gemma4:latest_kb_rag,112.46635699272156,52.41,0,direct_json,0.4166666666666667,0.5,0.45454545454545453,0.0,0,7.9,83.3,5.2,295.3,1017.4,21470.4,85.4,9051.5,9163.2,"{'timestamp': '2026-09-01T18:55:41.606065+00:00', 'model_version': 'gemma4:latest', 'prompt_hash': 'a6af280e'}"
0,real_mixed_1,gemma4:latest_kb_rag,20.38539218902588,52.42,0,direct_json,0.6666666666666666,0.9230769230769231,0.7741935483870968,0.0,0,13.9,84.7,44.5,488.1,1018.2,21383.4,85.7,9051.5,9163.2,"{'timestamp': '2026-09-01T18:54:09.040690+00:00', 'model_version': 'gemma4:latest', 'prompt_hash': 'a6af280e'}"
0,real_mixed_2,gemma4:latest_kb_rag,135.27891898155212,52.45,0,direct_json,0.5,0.4166666666666667,0.45454545454545453,0.0,0,6.5,81.0,4.7,297.9,1004.8,21438.6,85.5,9051.5,9163.2,"{'timestamp': '2026-09-01T18:56:04.616956+00:00', 'model_version': 'gemma4:latest', 'prompt_hash': 'a6af280e'}"
0,real_mixed_3,gemma4:latest_kb_rag,68.35701894760132,52.34,0,direct_json,0.5454545454545454,0.5,0.5217391304347826,0.0,0,6.2,80.9,12.3,367.6,1024.6,21532.8,85.3,9051.5,9163.2,"{'timestamp': '2026-09-01T18:54:57.296688+00:00', 'model_version': 'gemma4:latest', 'prompt_hash': 'a6af280e'}"
4,real_mixed_13,gemma4:latest_kb_rag,208.3924479484558,52.1,0,direct_json,0.6,0.7058823529411765,0.6486486486486486,0.0,0,6.3,84.2,4.1,269.8,1018.3,21427.3,85.5,9051.5,9163.2,"{'timestamp': '2026-09-01T18:57:18.122291+00:00', 'model_version': 'gemma4:latest', 'prompt_hash': 'a6af280e'}"
4,real_mixed_14,gemma4:latest_kb_rag,372.66126704216003,51.74,0,direct_json,0.7333333333333333,0.9166666666666666,0.8148148148148148,0.0,0,8.2,80.9,2.2,207.8,1004.8,21384.4,85.6,9051.5,9163.2,"{'timestamp': '2026-09-01T19:00:02.532582+00:00', 'model_version': 'gemma4:latest', 'prompt_hash': 'a6af280e'}"
4,real_mixed_15,gemma4:latest_kb_rag,323.2591087818146,52.31,0,direct_json,0.2857142857142857,0.6666666666666666,0.4,0.0,0,6.9,80.9,1.9,219.3,695.1,21394.8,85.6,9051.5,9163.2,"{'timestamp': '2026-09-01T18:59:13.304949+00:00', 'model_version': 'gemma4:latest', 'prompt_hash': 'a6af280e'}"
3,real_mixed_10,gemma4:latest_kb_rag,154.9695119857788,52.33,0,direct_json,0.35714285714285715,0.8333333333333334,0.5,0.0,0,6.6,84.7,3.8,294.4,1018.2,21411.8,85.5,9051.5,9163.2,"{'timestamp': '2026-09-01T18:56:24.738525+00:00', 'model_version': 'gemma4:latest', 'prompt_hash': 'a6af280e'}"
3,real_mixed_11,gemma4:latest_kb_rag,399.1722478866577,51.96,0,direct_json,0.6428571428571429,1.0,0.782608695652174,0.0,0,8.7,80.9,2.1,213.2,1011.1,21384.2,85.6,9051.5,9163.2,"{'timestamp': '2026-09-01T19:00:29.082140+00:00', 'model_version': 'gemma4:latest', 'prompt_hash': 'a6af280e'}"
3,real_mixed_12,gemma4:latest_kb_rag,296.81260204315186,52.31,0,direct_json,0.5,1.0,0.6666666666666666,0.0,0,6.5,80.9,3.1,227.5,772.7,21393.5,85.6,9051.5,9163.2,"{'timestamp': '2026-09-01T18:58:46.950560+00:00', 'model_version': 'gemma4:latest', 'prompt_hash': 'a6af280e'}"
1,real_mixed_4,gemma4:latest_kb_rag,227.97575497627258,52.35,0,direct_json,0.6666666666666666,0.42857142857142855,0.5217391304347826,0.0,0,6.5,80.9,3.1,258.3,1004.8,21419.5,85.5,9051.5,9163.2,"{'timestamp': '2026-09-01T18:57:37.867417+00:00', 'model_version': 'gemma4:latest', 'prompt_hash': 'a6af280e'}"
1,real_mixed_5,gemma4:latest_kb_rag,254.26976013183594,52.41,0,direct_json,0.4444444444444444,0.8,0.5714285714285714,0.0,0,6.2,80.9,3.0,245.6,1009.7,21404.1,85.5,9051.5,9163.2,"{'timestamp': '2026-09-01T18:58:04.150321+00:00', 'model_version': 'gemma4:latest', 'prompt_hash': 'a6af280e'}"
1,real_mixed_6,gemma4:latest_kb_rag,457.2966499328613,48.2,0,direct_json,0.75,0.6666666666666666,0.7058823529411765,0.0,0,6.8,80.9,2.2,216.8,773.2,22044.4,85.2,9051.5,9163.2,"{'timestamp': '2026-09-01T19:01:27.450395+00:00', 'model_version': 'gemma4:latest', 'prompt_hash': 'a6af280e'}"
6,real_mixed_19,gemma4:latest_kb_rag,175.23940896987915,52.39,0,direct_json,0.7619047619047619,0.8,0.7804878048780488,0.0,0,6.0,80.9,3.7,290.3,1003.8,21419.7,85.5,9051.5,9163.2,"{'timestamp': '2026-09-01T18:56:45.120013+00:00', 'model_version': 'gemma4:latest', 'prompt_hash': 'a6af280e'}"
6,real_mixed_20,gemma4:latest_kb_rag,428.06892490386963,42.01,0,direct_json,0.6666666666666666,0.5,0.5714285714285715,0.0,0,6.8,80.9,2.2,221.9,695.1,21732.8,85.5,9051.5,9163.2,"{'timestamp': '2026-09-01T19:00:58.128031+00:00', 'model_version': 'gemma4:latest', 'prompt_hash': 'a6af280e'}"
6,real_mixed_21,gemma4:latest_kb_rag,504.96957087516785,52.32,0,direct_json,0.6666666666666666,0.5714285714285714,0.6153846153846153,0.0,0,6.6,80.9,2.8,220.6,773.0,21985.2,85.3,9051.5,9163.2,"{'timestamp': '2026-09-01T19:02:15.126453+00:00', 'model_version': 'gemma4:latest', 'prompt_hash': 'a6af280e'}"
5,real_mixed_16,gemma4:latest_kb_rag,478.6863169670105,52.27,0,direct_json,0.6666666666666666,0.6666666666666666,0.6666666666666666,0.1111111111111111,1,8.5,80.9,2.4,221.6,1023.8,22013.7,85.3,9051.5,9163.2,"{'timestamp': '2026-09-01T19:01:48.619736+00:00', 'model_version': 'gemma4:latest', 'prompt_hash': 'a6af280e'}"
5,real_mixed_17,gemma4:latest_kb_rag,275.60339975357056,52.49,0,direct_json,0.4,1.0,0.5714285714285715,0.0,0,6.7,100.0,2.5,236.2,695.1,21393.3,85.5,9051.5,9163.2,"{'timestamp': '2026-09-01T18:58:25.620735+00:00', 'model_version': 'gemma4:latest', 'prompt_hash': 'a6af280e'}"
5,real_mixed_18,gemma4:latest_kb_rag,535.2328457832336,52.27,0,direct_json,0.7272727272727273,0.6666666666666666,0.6956521739130435,0.0,0,6.5,100.0,2.5,224.8,775.3,21946.9,85.3,9051.5,9163.2,"{'timestamp': '2026-09-01T19:02:45.396381+00:00', 'model_version': 'gemma4:latest', 'prompt_hash': 'a6af280e'}"
8,real_mixed_25,gemma4:latest_kb_rag,341.73188996315,52.41,0,direct_json,0.4,0.3333333333333333,0.3636363636363636,0.0,0,8.7,80.9,1.9,214.4,774.3,21393.5,85.6,9051.5,9163.2,"{'timestamp': '2026-09-01T18:59:31.895118+00:00', 'model_version': 'gemma4:latest', 'prompt_hash': 'a6af280e'}"
8,real_mixed_26,gemma4:latest_kb_rag,564.2148649692535,52.53,0,direct_json,0.7931034482758621,0.6388888888888888,0.7076923076923076,0.0,0,6.5,80.9,2.6,228.3,774.1,21916.2,85.3,9051.5,9163.2,"{'timestamp': '2026-09-01T19:03:14.403596+00:00', 'model_version': 'gemma4:latest', 'prompt_hash': 'a6af280e'}"
8,real_mixed_27,gemma4:latest_kb_rag,511.4706768989563,52.3,0,direct_json,0.7857142857142857,0.8148148148148148,0.7999999999999999,0.0,0,6.7,80.9,2.4,222.8,776.2,21976.5,85.3,9051.5,9163.2,"{'timestamp': '2026-09-01T19:02:21.641988+00:00', 'model_version': 'gemma4:latest', 'prompt_hash': 'a6af280e'}"
7,real_mixed_22,gemma4:latest_kb_rag,559.5869519710541,55.03,0,direct_json,0.0,1.0,0.0,0.0,0,9.3,80.9,3.5,229.4,1025.1,21919.6,85.3,9051.5,9163.2,"{'timestamp': '2026-09-01T19:03:09.562466+00:00', 'model_version': 'gemma4:latest', 'prompt_hash': 'a6af280e'}"
7,real_mixed_23,gemma4:latest_kb_rag,592.9545469284058,52.28,0,direct_json,0.5555555555555556,0.6666666666666666,0.606060606060606,0.0,0,8.5,100.0,2.8,235.6,773.3,21889.0,85.3,9051.5,9163.2,"{'timestamp': '2026-09-01T19:03:43.115154+00:00', 'model_version': 'gemma4:latest', 'prompt_hash': 'a6af280e'}"
7,real_mixed_24,gemma4:latest_kb_rag,557.455775976181,52.43,0,direct_json,0.42857142857142855,0.42857142857142855,0.42857142857142855,0.0,0,8.6,100.0,2.4,228.6,776.2,21921.3,85.3,9051.5,9163.2,"{'timestamp': '2026-09-01T19:03:07.609193+00:00', 'model_version': 'gemma4:latest', 'prompt_hash': 'a6af280e'}"
9,real_mixed_28,gemma4:latest_kb_rag,531.2629749774933,52.2,0,direct_json,0.5625,0.6,0.5806451612903225,0.0,0,7.3,100.0,2.8,226.0,608.8,21937.9,85.3,9051.5,9163.2,"{'timestamp': '2026-09-01T19:04:33.241497+00:00', 'model_version': 'gemma4:latest', 'prompt_hash': 'a6af280e'}"
9,real_mixed_29,gemma4:latest_kb_rag,507.5215528011322,52.42,0,direct_json,0.375,0.75,0.5,0.0,0,8.0,83.3,3.0,228.0,608.7,21962.9,85.3,9051.5,9163.2,"{'timestamp': '2026-09-01T19:04:09.503468+00:00', 'model_version': 'gemma4:latest', 'prompt_hash': 'a6af280e'}"
9,real_mixed_30,gemma4:latest_kb_rag,483.1944909095764,53.69,0,direct_json,0.5,0.375,0.42857142857142855,0.0,0,7.5,100.0,3.0,224.3,608.7,21983.9,85.3,9051.5,9163.2,"{'timestamp': '2026-09-01T19:03:45.168821+00:00', 'model_version': 'gemma4:latest', 'prompt_hash': 'a6af280e'}"
10,real_mixed_31,gemma4:latest_kb_rag,540.692055940628,52.84,0,direct_json,0.16666666666666666,0.5,0.25,0.0,0,6.5,61.4,2.9,225.7,608.8,21929.4,85.3,9051.5,9163.2,"{'timestamp': '2026-09-01T19:05:05.686506+00:00', 'model_version': 'gemma4:latest', 'prompt_hash': 'a6af280e'}"
10,real_mixed_32,gemma4:latest_kb_rag,527.4963939189911,52.44,0,direct_json,0.07142857142857142,0.14285714285714285,0.09523809523809523,0.0,0,6.5,61.4,2.9,225.8,608.8,21941.2,85.3,9051.5,9163.2,"{'timestamp': '2026-09-01T19:04:52.489016+00:00', 'model_version': 'gemma4:latest', 'prompt_hash': 'a6af280e'}"
10,real_mixed_33,gemma4:latest_kb_rag,569.0215587615967,52.33,0,direct_json,0.7272727272727273,0.6153846153846154,0.6666666666666667,0.0,0,6.5,61.4,2.7,221.3,608.8,21900.7,85.3,9051.5,9163.2,"{'timestamp': '2026-09-01T19:05:34.036363+00:00', 'model_version': 'gemma4:latest', 'prompt_hash': 'a6af280e'}"
11,real_mixed_34,gemma4:latest_kb_rag,380.56674313545227,52.26,0,direct_json,0.4,0.4,0.4000000000000001,0.0,0,9.6,66.7,3.7,263.8,608.8,22177.4,85.2,9051.5,9163.2,"{'timestamp': '2026-09-01T19:06:23.636050+00:00', 'model_version': 'gemma4:latest', 'prompt_hash': 'a6af280e'}"
11,real_mixed_35,gemma4:latest_kb_rag,402.7221591472626,52.29,0,direct_json,0.5555555555555556,0.7142857142857143,0.6250000000000001,0.0,0,12.1,71.9,3.6,258.9,608.8,22132.0,85.2,9051.5,9163.2,"{'timestamp': '2026-09-01T19:06:45.783909+00:00', 'model_version': 'gemma4:latest', 'prompt_hash': 'a6af280e'}"
11,real_mixed_36,gemma4:latest_kb_rag,351.6409740447998,52.37,0,direct_json,0.5714285714285714,0.5714285714285714,0.5714285714285714,0.0,0,10.8,69.7,3.9,269.0,608.8,22234.6,85.2,9051.5,9163.2,"{'timestamp': '2026-09-01T19:05:54.713798+00:00', 'model_version': 'gemma4:latest', 'prompt_hash': 'a6af280e'}"
12,real_mixed_37,gemma4:latest_kb_rag,427.88494181632996,52.3,0,direct_json,0.7142857142857143,0.8333333333333334,0.7692307692307692,0.0,0,12.2,80.0,3.3,251.9,608.8,22089.6,85.2,9051.5,9163.2,"{'timestamp': '2026-09-01T19:07:37.311606+00:00', 'model_version': 'gemma4:latest', 'prompt_hash': 'a6af280e'}"
12,real_mixed_38,gemma4:latest_kb_rag,403.89249992370605,52.18,0,direct_json,0.7222222222222222,1.0,0.8387096774193548,0.0,0,8.2,80.0,3.5,256.5,608.8,22130.8,85.2,9051.5,9163.2,"{'timestamp': '2026-09-01T19:07:13.310826+00:00', 'model_version': 'gemma4:latest', 'prompt_hash': 'a6af280e'}"
12,real_mixed_39,gemma4:latest_kb_rag,452.36179208755493,52.23,0,direct_json,0.6666666666666666,0.8571428571428571,0.75,0.0,0,9.5,100.0,3.2,245.6,608.8,22053.8,85.3,9051.5,9163.2,"{'timestamp': '2026-09-01T19:08:01.774582+00:00', 'model_version': 'gemma4:latest', 'prompt_hash': 'a6af280e'}"
13,real_mixed_40,gemma4:latest_kb_rag,420.26667881011963,52.3,0,direct_json,0.7272727272727273,0.6666666666666666,0.6956521739130435,0.0,0,6.3,33.8,3.3,243.7,608.7,21383.8,85.6,9051.5,9163.2,"{'timestamp': '2026-09-01T19:08:28.256359+00:00', 'model_version': 'gemma4:latest', 'prompt_hash': 'a6af280e'}"
13,real_mixed_41,gemma4:latest_kb_rag,477.42307114601135,52.21,0,direct_json,0.8235294117647058,0.7777777777777778,0.7999999999999999,0.0,0,6.2,33.8,3.1,234.5,608.8,21384.0,85.6,9051.5,9163.2,"{'timestamp': '2026-09-01T19:09:25.418469+00:00', 'model_version': 'gemma4:latest', 'prompt_hash': 'a6af280e'}"
13,real_mixed_42,gemma4:latest_kb_rag,446.66456389427185,52.21,0,direct_json,0.6956521739130435,0.6666666666666666,0.6808510638297872,0.0,0,6.2,33.8,3.3,239.6,608.8,21382.4,85.6,9051.5,9163.2,"{'timestamp': '2026-09-01T19:08:54.653021+00:00', 'model_version': 'gemma4:latest', 'prompt_hash': 'a6af280e'}"
14,real_mixed_43,gemma4:latest_kb_rag,489.2127287387848,50.73,0,direct_json,0.8636363636363636,0.9047619047619048,0.8837209302325582,0.0,0,6.1,33.8,3.1,232.9,608.8,21378.3,85.6,9051.5,9163.2,"{'timestamp': '2026-09-01T19:10:24.728218+00:00', 'model_version': 'gemma4:latest', 'prompt_hash': 'a6af280e'}"
14,real_mixed_44,gemma4:latest_kb_rag,451.8180091381073,52.58,0,direct_json,0.6,0.8571428571428571,0.7058823529411764,0.0,0,6.2,33.8,3.3,234.7,608.7,21381.2,85.6,9051.5,9163.2,"{'timestamp': '2026-09-01T19:09:47.329749+00:00', 'model_version': 'gemma4:latest', 'prompt_hash': 'a6af280e'}"
14,real_mixed_45,gemma4:latest_kb_rag,447.85665798187256,52.29,0,direct_json,0.6428571428571429,0.75,0.6923076923076924,0.0,0,6.2,33.8,3.2,235.3,608.8,21381.6,85.6,9051.5,9163.2,"{'timestamp': '2026-09-01T19:09:43.372252+00:00', 'model_version': 'gemma4:latest', 'prompt_hash': 'a6af280e'}"
15,real_mixed_46,gemma4:latest_kb_rag,540.3505752086639,52.28,0,direct_json,0.625,0.35714285714285715,0.45454545454545453,0.0,0,7.0,100.0,2.8,221.0,608.8,22089.8,85.5,9051.5,9163.2,"{'timestamp': '2026-09-01T19:11:46.111144+00:00', 'model_version': 'gemma4:latest', 'prompt_hash': 'a6af280e'}"
15,real_mixed_47,gemma4:latest_kb_rag,521.6091740131378,32.62,0,direct_json,0.7083333333333334,0.6296296296296297,0.6666666666666667,0.041666666666666664,1,7.0,80.0,2.9,224.7,608.8,21990.4,85.7,9051.5,9163.2,"{'timestamp': '2026-09-01T19:11:27.398019+00:00', 'model_version': 'gemma4:latest', 'prompt_hash': 'a6af280e'}"
15,real_mixed_48,gemma4:latest_kb_rag,478.58913588523865,48.8,0,direct_json,0.3333333333333333,0.5,0.4,0.0,0,11.2,100.0,3.1,233.8,608.8,21429.0,85.6,9051.5,9163.2,"{'timestamp': '2026-09-01T19:10:44.343461+00:00', 'model_version': 'gemma4:latest', 'prompt_hash': 'a6af280e'}"
16,real_mixed_49,gemma4:latest_kb_rag,594.7234058380127,51.85,0,direct_json,0.5384615384615384,0.5,0.5185185185185186,0.0,0,6.4,66.0,2.8,217.6,608.8,22043.7,85.4,9051.5,9163.2,"{'timestamp': '2026-09-01T19:13:09.525925+00:00', 'model_version': 'gemma4:latest', 'prompt_hash': 'a6af280e'}"
16,real_mixed_50,gemma4:latest_kb_rag,560.7601189613342,52.33,0,direct_json,0.46153846153846156,0.5454545454545454,0.4999999999999999,0.0,0,6.5,66.0,2.8,219.3,608.7,22074.2,85.5,9051.5,9163.2,"{'timestamp': '2026-09-01T19:12:35.549436+00:00', 'model_version': 'gemma4:latest', 'prompt_hash': 'a6af280e'}"
16,real_mixed_51,gemma4:latest_kb_rag,537.5247740745544,52.35,0,direct_json,0.35714285714285715,0.5555555555555556,0.43478260869565216,0.07142857142857142,1,6.6,66.0,2.8,221.0,608.7,22097.7,85.5,9051.5,9163.2,"{'timestamp': '2026-09-01T19:12:12.322176+00:00', 'model_version': 'gemma4:latest', 'prompt_hash': 'a6af280e'}"
17,real_mixed_52,gemma4:latest_kb_rag,630.0604619979858,52.29,0,direct_json,0.631578947368421,0.8571428571428571,0.7272727272727273,0.0,0,7.5,100.0,2.6,211.7,608.8,22003.8,85.5,9051.5,9163.2,"{'timestamp': '2026-09-01T19:14:13.538458+00:00', 'model_version': 'gemma4:latest', 'prompt_hash': 'a6af280e'}"
17,real_mixed_53,gemma4:latest_kb_rag,591.1785049438477,52.38,0,direct_json,0.29411764705882354,0.8333333333333334,0.4347826086956522,0.0,0,7.1,100.0,2.7,213.5,608.8,22046.0,85.4,9051.5,9163.2,"{'timestamp': '2026-09-01T19:13:34.643912+00:00', 'model_version': 'gemma4:latest', 'prompt_hash': 'a6af280e'}"
17,real_mixed_54,gemma4:latest_kb_rag,603.0843369960785,52.6,0,direct_json,0.5,1.0,0.6666666666666666,0.0,0,10.4,100.0,2.6,212.9,608.8,22029.7,85.5,9051.5,9163.2,"{'timestamp': '2026-09-01T19:13:46.550515+00:00', 'model_version': 'gemma4:latest', 'prompt_hash': 'a6af280e'}"
18,real_mixed_55,gemma4:latest_kb_rag,582.6628470420837,53.38,0,direct_json,0.18181818181818182,0.2222222222222222,0.19999999999999998,0.0,0,6.4,66.0,2.8,209.1,612.3,22046.2,85.5,9051.5,9163.2,"{'timestamp': '2026-09-01T19:14:16.264382+00:00', 'model_version': 'gemma4:latest', 'prompt_hash': 'a6af280e'}"
18,real_mixed_56,gemma4:latest_kb_rag,613.5646440982819,52.04,0,direct_json,0.21052631578947367,0.2857142857142857,0.24242424242424243,0.0,0,6.6,66.7,2.6,214.7,612.3,22009.6,85.5,9051.5,9163.2,"{'timestamp': '2026-09-01T19:14:47.176851+00:00', 'model_version': 'gemma4:latest', 'prompt_hash': 'a6af280e'}"
18,real_mixed_57,gemma4:latest_kb_rag,635.0239150524139,52.34,0,direct_json,0.7,0.7777777777777778,0.7368421052631577,0.05,1,10.4,100.0,2.6,214.3,612.3,21988.6,85.5,9051.5,9163.2,"{'timestamp': '2026-09-01T19:15:08.631426+00:00', 'model_version': 'gemma4:latest', 'prompt_hash': 'a6af280e'}"
19,real_mixed_58,gemma4:latest_kb_rag,597.3265430927277,52.35,0,direct_json,0.4117647058823529,0.6363636363636364,0.5,0.0,0,6.3,66.0,2.7,220.7,612.3,22028.3,85.5,9051.5,9163.2,"{'timestamp': '2026-09-01T19:15:31.783937+00:00', 'model_version': 'gemma4:latest', 'prompt_hash': 'a6af280e'}"
19,real_mixed_59,gemma4:latest_kb_rag,658.6995649337769,51.43,0,fallback,1.0,0.0,0.0,0.0,0,6.4,66.0,2.5,216.3,612.3,21967.4,85.5,9051.5,9163.2,"{'timestamp': '2026-09-01T19:16:33.157609+00:00', 'model_version': 'gemma4:latest', 'prompt_hash': 'a6af280e'}"
19,real_mixed_60,gemma4:latest_kb_rag,616.6542820930481,52.28,0,direct_json,0.75,0.6923076923076923,0.7199999999999999,0.0,0,6.7,66.0,2.7,219.9,612.3,22009.0,85.5,9051.5,9163.2,"{'timestamp': '2026-09-01T19:15:51.109094+00:00', 'model_version': 'gemma4:latest', 'prompt_hash': 'a6af280e'}"
20,real_mixed_61,gemma4:latest_kb_rag,670.9774279594421,50.7,0,direct_json,0.5625,0.6428571428571429,0.6000000000000001,0.0,0,6.6,66.0,2.5,215.9,612.3,21956.1,85.5,9051.5,9163.2,"{'timestamp': '2026-09-01T19:17:57.134050+00:00', 'model_version': 'gemma4:latest', 'prompt_hash': 'a6af280e'}"
20,real_mixed_62,gemma4:latest_kb_rag,629.0597789287567,52.22,0,direct_json,0.3125,0.45454545454545453,0.3703703703703703,0.0,0,6.5,66.0,4.1,220.2,612.3,21990.6,85.5,9051.5,9163.2,"{'timestamp': '2026-09-01T19:17:15.196929+00:00', 'model_version': 'gemma4:latest', 'prompt_hash': 'a6af280e'}"
20,real_mixed_63,gemma4:latest_kb_rag,606.3022270202637,52.58,0,direct_json,0.18181818181818182,0.25,0.2105263157894737,0.0,0,10.0,100.0,2.6,220.6,612.3,22011.7,85.5,9051.5,9163.2,"{'timestamp': '2026-09-01T19:16:52.444896+00:00', 'model_version': 'gemma4:latest', 'prompt_hash': 'a6af280e'}"
21,real_mixed_64,gemma4:latest_kb_rag,663.7367832660675,52.28,0,direct_json,0.0,0.0,1.0,0.0,0,8.5,100.0,2.5,219.8,612.3,21967.6,85.5,9051.5,9163.2,"{'timestamp': '2026-09-01T19:19:05.872104+00:00', 'model_version': 'gemma4:latest', 'prompt_hash': 'a6af280e'}"
21,real_mixed_65,gemma4:latest_kb_rag,641.8624839782715,52.34,0,direct_json,0.4444444444444444,0.5,0.47058823529411764,0.0,0,8.6,100.0,2.6,222.0,612.3,21987.0,85.5,9051.5,9163.2,"{'timestamp': '2026-09-01T19:18:44.000494+00:00', 'model_version': 'gemma4:latest', 'prompt_hash': 'a6af280e'}"
21,real_mixed_66,gemma4:latest_kb_rag,618.5797748565674,52.26,0,direct_json,0.3333333333333333,0.3,0.3157894736842105,0.0,0,7.0,100.0,2.7,224.4,612.3,22005.7,85.5,9051.5,9163.2,"{'timestamp': '2026-09-01T19:18:20.739197+00:00', 'model_version': 'gemma4:latest', 'prompt_hash': 'a6af280e'}"
22,real_mixed_67,gemma4:latest_kb_rag,646.8070142269135,52.01,0,direct_json,0.5,0.5882352941176471,0.5405405405405405,0.1,2,7.0,66.0,2.6,219.9,612.3,21978.2,85.5,9051.5,9163.2,"{'timestamp': '2026-09-01T19:20:12.606660+00:00', 'model_version': 'gemma4:latest', 'prompt_hash': 'a6af280e'}"
22,real_mixed_68,gemma4:latest_kb_rag,584.1687939167023,52.72,0,direct_json,0.47619047619047616,0.7692307692307693,0.588235294117647,0.0,0,7.1,100.0,4.2,226.3,612.3,22047.1,85.5,9051.5,9163.2,"{'timestamp': '2026-09-01T19:19:09.957190+00:00', 'model_version': 'gemma4:latest', 'prompt_hash': 'a6af280e'}"
22,real_mixed_69,gemma4:latest_kb_rag,615.8523881435394,52.16,0,direct_json,0.7241379310344828,0.875,0.7924528301886793,0.0,0,7.7,66.0,2.6,223.0,612.3,22010.0,85.5,9051.5,9163.2,"{'timestamp': '2026-09-01T19:19:41.667814+00:00', 'model_version': 'gemma4:latest', 'prompt_hash': 'a6af280e'}"
23,real_mixed_70,gemma4:latest_kb_rag,611.8959398269653,52.26,0,direct_json,0.625,0.7142857142857143,0.6666666666666666,0.0,0,6.7,66.0,2.8,219.2,612.3,22009.2,85.5,9051.5,9163.2,"{'timestamp': '2026-09-01T19:20:37.012081+00:00', 'model_version': 'gemma4:latest', 'prompt_hash': 'a6af280e'}"
23,real_mixed_71,gemma4:latest_kb_rag,678.2539398670197,35.8,0,direct_json,0.5,0.4166666666666667,0.45454545454545453,0.0,0,7.6,68.5,2.6,211.7,612.3,22448.4,85.6,9051.5,9163.2,"{'timestamp': '2026-09-01T19:21:43.353415+00:00', 'model_version': 'gemma4:latest', 'prompt_hash': 'a6af280e'}"
23,real_mixed_72,gemma4:latest_kb_rag,642.1339340209961,41.41,0,direct_json,0.6153846153846154,0.5714285714285714,0.5925925925925927,0.0,0,7.4,68.5,2.6,216.8,612.3,22198.6,85.5,9051.5,9163.2,"{'timestamp': '2026-09-01T19:21:07.239976+00:00', 'model_version': 'gemma4:latest', 'prompt_hash': 'a6af280e'}"
24,real_mixed_73,gemma4:latest_kb_rag,649.2866718769073,52.25,0,direct_json,0.9166666666666666,0.7333333333333333,0.8148148148148148,0.0,0,7.4,68.5,2.6,221.6,693.9,22058.3,85.7,9051.5,9163.2,"{'timestamp': '2026-09-01T19:22:36.296515+00:00', 'model_version': 'gemma4:latest', 'prompt_hash': 'a6af280e'}"
24,real_mixed_74,gemma4:latest_kb_rag,625.4678430557251,47.15,0,direct_json,0.7,0.7,0.7,0.0,0,7.3,100.0,2.6,220.3,693.9,22089.0,85.7,9051.5,9163.2,"{'timestamp': '2026-09-01T19:22:12.472948+00:00', 'model_version': 'gemma4:latest', 'prompt_hash': 'a6af280e'}"
24,real_mixed_75,gemma4:latest_kb_rag,598.1854751110077,25.99,0,direct_json,0.3333333333333333,0.3333333333333333,0.3333333333333333,0.0,0,9.2,100.0,2.7,217.0,693.9,21971.4,85.7,9051.5,9163.2,"{'timestamp': '2026-09-01T19:21:45.181097+00:00', 'model_version': 'gemma4:latest', 'prompt_hash': 'a6af280e'}"
25,real_mixed_76,gemma4:latest_kb_rag,567.8227708339691,55.88,0,direct_json,0.0,1.0,0.0,0.0,0,9.1,100.0,2.8,221.6,693.9,22140.5,85.8,9051.5,9163.2,"{'timestamp': '2026-09-01T19:22:37.784604+00:00', 'model_version': 'gemma4:latest', 'prompt_hash': 'a6af280e'}"
25,real_mixed_77,gemma4:latest_kb_rag,598.6849789619446,52.21,0,direct_json,0.6956521739130435,0.8,0.7441860465116279,0.0,0,9.2,92.0,2.7,222.2,693.9,22100.4,85.8,9051.5,9163.2,"{'timestamp': '2026-09-01T19:23:08.678160+00:00', 'model_version': 'gemma4:latest', 'prompt_hash': 'a6af280e'}"
25,real_mixed_78,gemma4:latest_kb_rag,602.7033038139343,53.41,0,direct_json,0.5714285714285714,1.0,0.7272727272727273,0.0,0,10.0,92.7,2.7,221.8,693.9,22096.3,85.8,9051.5,9163.2,"{'timestamp': '2026-09-01T19:23:12.669049+00:00', 'model_version': 'gemma4:latest', 'prompt_hash': 'a6af280e'}"
26,real_mixed_79,gemma4:latest_kb_rag,567.5848650932312,52.59,0,direct_json,0.7,0.7,0.7,0.0,0,7.6,100.0,3.0,223.0,693.9,22147.6,85.8,9051.5,9163.2,"{'timestamp': '2026-09-01T19:23:41.488679+00:00', 'model_version': 'gemma4:latest', 'prompt_hash': 'a6af280e'}"
26,real_mixed_80,gemma4:latest_kb_rag,563.0438079833984,52.63,0,direct_json,0.42857142857142855,0.6,0.5,0.0,0,8.1,100.0,3.0,223.6,693.9,22152.0,85.8,9051.5,9163.2,"{'timestamp': '2026-09-01T19:23:36.964672+00:00', 'model_version': 'gemma4:latest', 'prompt_hash': 'a6af280e'}"
26,real_mixed_81,gemma4:latest_kb_rag,557.5169389247894,52.37,0,direct_json,0.6666666666666666,0.7272727272727273,0.6956521739130435,0.0,0,7.3,68.5,2.9,224.1,693.9,22158.3,85.8,9051.5,9163.2,"{'timestamp': '2026-09-01T19:23:31.434161+00:00', 'model_version': 'gemma4:latest', 'prompt_hash': 'a6af280e'}"
27,real_mixed_82,gemma4:latest_kb_rag,576.3267250061035,52.28,0,direct_json,0.4,0.6666666666666666,0.5,0.0,0,7.4,100.0,2.8,208.4,693.9,22145.7,85.7,9051.5,9163.2,"{'timestamp': '2026-09-01T19:24:45.365314+00:00', 'model_version': 'gemma4:latest', 'prompt_hash': 'a6af280e'}"
27,real_mixed_83,gemma4:latest_kb_rag,532.9329931735992,52.37,0,direct_json,0.6923076923076923,0.9,0.7826086956521738,0.0,0,7.1,68.5,3.1,217.8,693.9,22203.4,85.8,9051.5,9163.2,"{'timestamp': '2026-09-01T19:24:01.964215+00:00', 'model_version': 'gemma4:latest', 'prompt_hash': 'a6af280e'}"
27,real_mixed_84,gemma4:latest_kb_rag,552.2617926597595,52.07,0,direct_json,0.75,0.6666666666666666,0.7058823529411765,0.0,0,7.1,68.5,2.9,214.1,693.9,22179.3,85.8,9051.5,9163.2,"{'timestamp': '2026-09-01T19:24:21.302553+00:00', 'model_version': 'gemma4:latest', 'prompt_hash': 'a6af280e'}"
28,real_mixed_85,gemma4:latest_kb_rag,493.79474091529846,52.88,0,direct_json,0.75,0.75,0.75,0.0,0,7.4,100.0,3.1,205.8,693.9,22277.0,85.8,9051.5,9163.2,"{'timestamp': '2026-09-01T19:24:47.386610+00:00', 'model_version': 'gemma4:latest', 'prompt_hash': 'a6af280e'}"
28,real_mixed_86,gemma4:latest_kb_rag,517.0773229598999,52.4,0,direct_json,0.7272727272727273,0.6153846153846154,0.6666666666666667,0.0,0,7.6,100.0,3.2,208.5,693.9,22229.5,85.8,9051.5,9163.2,"{'timestamp': '2026-09-01T19:25:10.662736+00:00', 'model_version': 'gemma4:latest', 'prompt_hash': 'a6af280e'}"
28,real_mixed_87,gemma4:latest_kb_rag,495.3079192638397,53.65,0,direct_json,0.6,0.42857142857142855,0.5,0.0,0,7.5,100.0,3.1,206.8,693.9,22273.6,85.8,9051.5,9163.2,"{'timestamp': '2026-09-01T19:24:48.896539+00:00', 'model_version': 'gemma4:latest', 'prompt_hash': 'a6af280e'}"
29,real_mixed_88,gemma4:latest_kb_rag,497.8337903022766,52.81,0,direct_json,0.5,1.0,0.6666666666666666,0.0,0,9.1,100.0,3.1,210.3,693.9,22262.7,85.8,9051.5,9163.2,"{'timestamp': '2026-09-01T19:26:15.384256+00:00', 'model_version': 'gemma4:latest', 'prompt_hash': 'a6af280e'}"
29,real_mixed_89,gemma4:latest_kb_rag,482.4395980834961,52.31,0,direct_json,0.5,0.3076923076923077,0.380952380952381,0.0,0,7.1,68.5,3.2,213.2,693.9,22290.7,85.8,9051.5,9163.2,"{'timestamp': '2026-09-01T19:25:59.997755+00:00', 'model_version': 'gemma4:latest', 'prompt_hash': 'a6af280e'}"
29,real_mixed_90,gemma4:latest_kb_rag,461.01338291168213,52.34,0,direct_json,0.3181818181818182,0.875,0.4666666666666667,0.0,0,8.8,100.0,3.3,212.9,693.9,22331.8,85.8,9051.5,9163.2,"{'timestamp': '2026-09-01T19:25:38.573599+00:00', 'model_version': 'gemma4:latest', 'prompt_hash': 'a6af280e'}"
30,real_mixed_91,gemma4:latest_kb_rag,449.8250050544739,52.37,0,direct_json,0.6923076923076923,0.75,0.7199999999999999,0.0,0,7.5,100.0,3.3,213.8,693.6,22341.6,85.8,9051.5,9163.2,"{'timestamp': '2026-09-01T19:26:36.093189+00:00', 'model_version': 'gemma4:latest', 'prompt_hash': 'a6af280e'}"
30,real_mixed_92,gemma4:latest_kb_rag,497.3698160648346,52.31,0,direct_json,0.4375,0.4666666666666667,0.45161290322580644,0.0,0,7.7,68.5,3.1,205.6,693.5,22267.9,85.8,9051.5,9163.2,"{'timestamp': '2026-09-01T19:27:23.643174+00:00', 'model_version': 'gemma4:latest', 'prompt_hash': 'a6af280e'}"
30,real_mixed_93,gemma4:latest_kb_rag,469.5151541233063,52.24,0,direct_json,0.5833333333333334,0.7,0.6363636363636365,0.0,0,7.6,68.5,3.2,211.4,693.9,22308.3,85.8,9051.5,9163.2,"{'timestamp': '2026-09-01T19:26:55.782359+00:00', 'model_version': 'gemma4:latest', 'prompt_hash': 'a6af280e'}"
31,real_mixed_94,gemma4:latest_kb_rag,501.4968180656433,52.42,0,direct_json,0.8947368421052632,0.8095238095238095,0.8500000000000001,0.0,0,7.9,68.5,3.1,213.9,693.9,22264.2,85.7,9051.5,9163.2,"{'timestamp': '2026-09-01T19:28:34.512422+00:00', 'model_version': 'gemma4:latest', 'prompt_hash': 'a6af280e'}"
31,real_mixed_95,gemma4:latest_kb_rag,470.60910272598267,52.46,0,direct_json,0.1,0.5,0.16666666666666669,0.0,0,8.2,68.5,3.3,219.3,693.9,22320.3,85.7,9051.5,9163.2,"{'timestamp': '2026-09-01T19:28:03.596379+00:00', 'model_version': 'gemma4:latest', 'prompt_hash': 'a6af280e'}"
31,real_mixed_96,gemma4:latest_kb_rag,448.29904675483704,52.36,0,direct_json,0.5384615384615384,0.5833333333333334,0.5599999999999999,0.0,0,7.6,68.5,3.4,219.1,693.9,22366.3,85.8,9051.5,9163.2,"{'timestamp': '2026-09-01T19:27:41.318885+00:00', 'model_version': 'gemma4:latest', 'prompt_hash': 'a6af280e'}"
32,real_mixed_97,gemma4:latest_kb_rag,442.0497989654541,52.48,0,direct_json,0.5384615384615384,0.7777777777777778,0.6363636363636364,0.0,0,7.7,100.0,3.1,212.6,693.7,21609.9,85.6,9051.5,9163.2,"{'timestamp': '2026-09-01T19:29:06.120352+00:00', 'model_version': 'gemma4:latest', 'prompt_hash': 'a6af280e'}"
32,real_mixed_98,gemma4:latest_kb_rag,473.07782196998596,52.05,0,direct_json,0.6190476190476191,0.4642857142857143,0.5306122448979592,0.0,0,7.3,100.0,2.9,204.1,693.7,21603.5,85.6,9051.5,9163.2,"{'timestamp': '2026-09-01T19:29:37.178567+00:00', 'model_version': 'gemma4:latest', 'prompt_hash': 'a6af280e'}"
32,real_mixed_99,gemma4:latest_kb_rag,423.9744608402252,52.54,0,direct_json,0.125,0.5,0.2,0.0,0,7.8,100.0,3.1,217.8,693.9,21619.2,85.6,9051.5,9163.2,"{'timestamp': '2026-09-01T19:28:48.041802+00:00', 'model_version': 'gemma4:latest', 'prompt_hash': 'a6af280e'}"
33,real_mixed_100,gemma4:latest_kb_rag,464.28587317466736,52.34,0,direct_json,0.1111111111111111,0.2857142857142857,0.16,0.0,0,7.3,100.0,2.8,184.5,601.2,21406.0,85.6,9051.5,9163.2,"{'timestamp': '2026-09-01T19:30:20.957982+00:00', 'model_version': 'gemma4:latest', 'prompt_hash': 'a6af280e'}"
33,real_mixed_101,gemma4:latest_kb_rag,438.68282175064087,52.43,0,direct_json,0.4,0.5714285714285714,0.47058823529411764,0.0,0,7.1,100.0,2.7,190.2,601.2,21406.0,85.6,9051.5,9163.2,"{'timestamp': '2026-09-01T19:29:55.368887+00:00', 'model_version': 'gemma4:latest', 'prompt_hash': 'a6af280e'}"
33,real_mixed_102,gemma4:latest_kb_rag,439.7011339664459,56.17,0,direct_json,0.0,1.0,0.0,0.0,0,7.1,80.0,2.9,189.9,601.2,21405.3,85.6,9051.5,9163.2,"{'timestamp': '2026-09-01T19:29:56.370378+00:00', 'model_version': 'gemma4:latest', 'prompt_hash': 'a6af280e'}"
34,real_mixed_103,gemma4:latest_kb_rag,428.69951367378235,55.6,0,direct_json,0.0,1.0,0.0,0.0,0,9.0,100.0,2.7,180.4,601.2,21407.4,85.6,9051.5,9163.2,"{'timestamp': '2026-09-01T19:30:21.765449+00:00', 'model_version': 'gemma4:latest', 'prompt_hash': 'a6af280e'}"
34,real_mixed_104,gemma4:latest_kb_rag,450.83391070365906,52.16,0,direct_json,0.2857142857142857,0.6,0.3870967741935483,0.0,0,6.7,46.2,2.6,176.0,601.2,21407.4,85.6,9051.5,9163.2,"{'timestamp': '2026-09-01T19:30:43.915209+00:00', 'model_version': 'gemma4:latest', 'prompt_hash': 'a6af280e'}"
34,real_mixed_105,gemma4:latest_kb_rag,495.39492988586426,28.67,0,direct_json,0.5714285714285714,0.8,0.6666666666666666,0.07142857142857142,1,6.9,58.1,2.2,164.7,601.2,22052.3,85.8,9051.5,9163.2,"{'timestamp': '2026-09-01T19:31:28.484374+00:00', 'model_version': 'gemma4:latest', 'prompt_hash': 'a6af280e'}"
35,real_mixed_106,gemma4:latest_kb_rag,491.1496331691742,27.73,0,direct_json,0.6666666666666666,1.0,0.8,0.0,0,9.2,100.0,2.1,156.7,601.2,22384.2,86.0,9051.5,9163.2,"{'timestamp': '2026-09-01T19:31:52.985241+00:00', 'model_version': 'gemma4:latest', 'prompt_hash': 'a6af280e'}"
35,real_mixed_107,gemma4:latest_kb_rag,571.1359679698944,50.62,0,direct_json,0.9166666666666666,0.8461538461538461,0.8799999999999999,0.0,0,7.7,100.0,1.9,143.8,601.2,22982.4,85.8,9051.5,9163.2,"{'timestamp': '2026-09-01T19:33:12.980209+00:00', 'model_version': 'gemma4:latest', 'prompt_hash': 'a6af280e'}"
35,real_mixed_108,gemma4:latest_kb_rag,534.8908200263977,30.76,0,direct_json,0.21428571428571427,0.6,0.3157894736842105,0.0,0,7.3,58.1,1.9,148.5,601.2,22832.7,86.1,9051.5,9163.2,"{'timestamp': '2026-09-01T19:32:36.739751+00:00', 'model_version': 'gemma4:latest', 'prompt_hash': 'a6af280e'}"
36,real_mixed_109,gemma4:latest_kb_rag,582.6344468593597,52.17,0,direct_json,0.6666666666666666,0.6666666666666666,0.6666666666666666,0.0,0,9.7,75.0,1.6,135.9,601.2,23308.3,85.0,9051.5,9163.2,"{'timestamp': '2026-09-01T19:34:28.401457+00:00', 'model_version': 'gemma4:latest', 'prompt_hash': 'a6af280e'}"
36,real_mixed_110,gemma4:latest_kb_rag,557.3381340503693,51.57,0,direct_json,0.5,0.3888888888888889,0.43750000000000006,0.0,0,9.0,100.0,1.6,138.2,601.2,23344.9,85.1,9051.5,9163.2,"{'timestamp': '2026-09-01T19:34:03.101591+00:00', 'model_version': 'gemma4:latest', 'prompt_hash': 'a6af280e'}"
36,real_mixed_111,gemma4:latest_kb_rag,532.1147129535675,52.51,0,direct_json,0.7352941176470589,0.8333333333333334,0.78125,0.029411764705882353,1,7.5,81.8,1.7,140.6,601.2,23265.6,85.4,9051.5,9163.2,"{'timestamp': '2026-09-01T19:33:37.888115+00:00', 'model_version': 'gemma4:latest', 'prompt_hash': 'a6af280e'}"
37,real_mixed_112,gemma4:latest_kb_rag,574.0053510665894,52.51,0,direct_json,0.375,0.6,0.4615384615384615,0.0,0,7.1,100.0,1.4,128.2,601.2,23349.8,85.0,9051.5,9163.2,"{'timestamp': '2026-09-01T19:34:45.070614+00:00', 'model_version': 'gemma4:latest', 'prompt_hash': 'a6af280e'}"
37,real_mixed_113,gemma4:latest_kb_rag,591.3060190677643,52.39,0,direct_json,0.5,0.4444444444444444,0.47058823529411764,0.0,0,6.7,58.1,1.3,127.0,601.2,23294.4,85.0,9051.5,9163.2,"{'timestamp': '2026-09-01T19:35:02.379736+00:00', 'model_version': 'gemma4:latest', 'prompt_hash': 'a6af280e'}"
37,real_mixed_114,gemma4:latest_kb_rag,612.9493901729584,52.32,0,direct_json,0.38461538461538464,0.7142857142857143,0.5,0.0,0,9.7,100.0,1.3,125.6,601.2,23235.7,85.0,9051.5,9163.2,"{'timestamp': '2026-09-01T19:35:24.021441+00:00', 'model_version': 'gemma4:latest', 'prompt_hash': 'a6af280e'}"
38,real_mixed_115,gemma4:latest_kb_rag,599.3729500770569,54.79,0,direct_json,0.5,1.0,0.6666666666666666,0.0,0,9.9,100.0,1.1,109.7,601.2,23285.5,85.0,9051.5,9163.2,"{'timestamp': '2026-09-01T19:36:15.150713+00:00', 'model_version': 'gemma4:latest', 'prompt_hash': 'a6af280e'}"
38,real_mixed_116,gemma4:latest_kb_rag,597.5196988582611,52.14,0,direct_json,0.3333333333333333,1.0,0.5,0.16666666666666666,1,8.5,100.0,1.1,109.8,601.2,23290.5,85.0,9051.5,9163.2,"{'timestamp': '2026-09-01T19:36:13.297088+00:00', 'model_version': 'gemma4:latest', 'prompt_hash': 'a6af280e'}"
38,real_mixed_117,gemma4:latest_kb_rag,577.7189149856567,52.21,0,direct_json,0.4666666666666667,0.875,0.608695652173913,0.0,0,8.0,100.0,1.0,111.1,601.2,23350.8,85.0,9051.5,9163.2,"{'timestamp': '2026-09-01T19:35:53.508103+00:00', 'model_version': 'gemma4:latest', 'prompt_hash': 'a6af280e'}"
39,real_mixed_118,gemma4:latest_kb_rag,589.1778028011322,52.46,0,direct_json,0.625,1.0,0.7692307692307693,0.0,0,11.9,61.5,0.7,98.6,601.2,23307.7,85.0,9051.5,9163.2,"{'timestamp': '2026-09-01T19:37:13.274610+00:00', 'model_version': 'gemma4:latest', 'prompt_hash': 'a6af280e'}"
39,real_mixed_119,gemma4:latest_kb_rag,572.1290547847748,52.35,0,direct_json,0.5714285714285714,0.6666666666666666,0.6153846153846153,0.0,0,9.5,100.0,0.8,99.1,601.2,23365.4,85.0,9051.5,9163.2,"{'timestamp': '2026-09-01T19:36:56.230944+00:00', 'model_version': 'gemma4:latest', 'prompt_hash': 'a6af280e'}"
39,real_mixed_120,gemma4:latest_kb_rag,554.401526927948,52.38,0,direct_json,0.45454545454545453,1.0,0.625,0.0,0,9.2,100.0,0.7,99.6,601.2,23429.9,85.0,9051.5,9163.2,"{'timestamp': '2026-09-01T19:36:38.499553+00:00', 'model_version': 'gemma4:latest', 'prompt_hash': 'a6af280e'}"
3,real_mixed_10,gemma4:31b-mlx_baseline,129.0649390220642,25.53,0,direct_json,0.4,1.0,0.5714285714285715,0.0,0,19.8,84.9,2.9,40.7,109.5,28679.6,81.8,18610.0,17768.0,"{'timestamp': '2026-09-01T19:39:24.505008+00:00', 'model_version': 'gemma4:31b-mlx', 'prompt_hash': 'a6af280e'}"
3,real_mixed_11,gemma4:31b-mlx_baseline,601.8958189487457,26.92,0,direct_json,0.6333333333333333,1.0,0.7755102040816326,0.0,0,14.8,100.0,1.1,43.4,109.5,30499.8,81.2,27008.8,17768.0,"{'timestamp': '2026-09-01T19:47:17.348370+00:00', 'model_version': 'gemma4:31b-mlx', 'prompt_hash': 'a6af280e'}"
3,real_mixed_12,gemma4:31b-mlx_baseline,520.8167779445648,22.31,0,direct_json,0.5384615384615384,1.0,0.7000000000000001,0.0,0,13.0,100.0,1.1,42.3,109.5,30688.9,81.5,26805.0,17768.0,"{'timestamp': '2026-09-01T19:45:56.258325+00:00', 'model_version': 'gemma4:31b-mlx', 'prompt_hash': 'a6af280e'}"
6,real_mixed_19,gemma4:31b-mlx_baseline,761.1694369316101,27.09,0,direct_json,0.9090909090909091,1.0,0.9523809523809523,0.0,0,11.6,100.0,0.9,45.9,109.5,30152.3,82.1,27205.7,17768.0,"{'timestamp': '2026-09-01T19:49:56.634202+00:00', 'model_version': 'gemma4:31b-mlx', 'prompt_hash': 'a6af280e'}"
6,real_mixed_20,gemma4:31b-mlx_baseline,320.8235740661621,21.22,0,direct_json,0.6666666666666666,0.5,0.5714285714285715,0.0,0,14.7,84.9,1.6,39.8,109.5,31053.3,81.3,26708.8,17768.0,"{'timestamp': '2026-09-01T19:42:36.283207+00:00', 'model_version': 'gemma4:31b-mlx', 'prompt_hash': 'a6af280e'}"
6,real_mixed_21,gemma4:31b-mlx_baseline,633.4802570343018,25.21,0,direct_json,0.6666666666666666,0.5714285714285714,0.6153846153846153,0.0,0,12.0,100.0,0.9,44.3,109.5,30406.7,81.4,27008.8,17768.0,"{'timestamp': '2026-09-01T19:47:48.934201+00:00', 'model_version': 'gemma4:31b-mlx', 'prompt_hash': 'a6af280e'}"
7,real_mixed_22,gemma4:31b-mlx_baseline,40.805171966552734,22.31,0,direct_json,0.0,1.0,0.0,0.0,0,33.4,85.1,8.0,43.8,109.5,26433.1,87.8,17364.7,17768.0,"{'timestamp': '2026-09-01T19:37:56.238010+00:00', 'model_version': 'gemma4:31b-mlx', 'prompt_hash': 'a6af280e'}"
7,real_mixed_23,gemma4:31b-mlx_baseline,559.2151198387146,24.26,0,direct_json,0.55,0.7333333333333333,0.6285714285714286,0.0,0,14.2,100.0,1.3,42.9,109.5,30690.3,81.6,26750.7,17768.0,"{'timestamp': '2026-09-01T19:46:34.670799+00:00', 'model_version': 'gemma4:31b-mlx', 'prompt_hash': 'a6af280e'}"
7,real_mixed_24,gemma4:31b-mlx_baseline,836.774927854538,19.79,0,direct_json,0.5,0.5714285714285714,0.5333333333333333,0.0,0,9.7,100.0,0.8,46.4,109.5,30134.5,82.1,27166.0,17768.0,"{'timestamp': '2026-09-01T19:51:12.212776+00:00', 'model_version': 'gemma4:31b-mlx', 'prompt_hash': 'a6af280e'}"
5,real_mixed_16,gemma4:31b-mlx_baseline,484.5882217884064,23.41,0,direct_json,0.75,1.0,0.8571428571428571,0.08333333333333333,1,12.1,84.9,1.6,41.6,109.5,30704.5,81.5,26871.9,17768.0,"{'timestamp': '2026-09-01T19:45:20.034221+00:00', 'model_version': 'gemma4:31b-mlx', 'prompt_hash': 'a6af280e'}"
5,real_mixed_17,gemma4:31b-mlx_baseline,916.6877901554108,22.75,0,direct_json,0.4,1.0,0.5714285714285715,0.0,0,11.2,100.0,0.9,45.3,109.5,30432.6,82.6,26741.6,17768.0,"{'timestamp': '2026-09-01T19:52:32.127563+00:00', 'model_version': 'gemma4:31b-mlx', 'prompt_hash': 'a6af280e'}"
5,real_mixed_18,gemma4:31b-mlx_baseline,218.8077380657196,24.37,0,direct_json,0.6923076923076923,0.75,0.7199999999999999,0.0,0,18.1,100.0,2.2,43.1,109.5,29228.7,78.2,21694.8,17768.0,"{'timestamp': '2026-09-01T19:40:54.262796+00:00', 'model_version': 'gemma4:31b-mlx', 'prompt_hash': 'a6af280e'}"
2,real_mixed_7,gemma4:31b-mlx_baseline,966.7692799568176,24.39,0,direct_json,0.6111111111111112,0.7857142857142857,0.6875000000000001,0.0,0,10.6,100.0,0.7,46.2,109.5,30338.5,82.7,27082.8,17768.0,"{'timestamp': '2026-09-01T19:53:22.225262+00:00', 'model_version': 'gemma4:31b-mlx', 'prompt_hash': 'a6af280e'}"
2,real_mixed_8,gemma4:31b-mlx_baseline,82.94470071792603,23.13,0,direct_json,0.5555555555555556,0.5555555555555556,0.5555555555555556,0.0,0,25.2,84.9,5.3,44.7,109.5,27934.9,79.4,18610.0,17768.0,"{'timestamp': '2026-09-01T19:38:38.397343+00:00', 'model_version': 'gemma4:31b-mlx', 'prompt_hash': 'a6af280e'}"
2,real_mixed_9,gemma4:31b-mlx_baseline,400.948744058609,25.5,0,direct_json,0.42857142857142855,0.6,0.5,0.0,0,19.3,100.0,1.5,39.5,109.5,31100.2,82.0,26930.7,17768.0,"{'timestamp': '2026-09-01T19:43:56.400406+00:00', 'model_version': 'gemma4:31b-mlx', 'prompt_hash': 'a6af280e'}"
0,real_mixed_1,gemma4:31b-mlx_baseline,357.1727488040924,24.24,0,direct_json,0.5555555555555556,0.7692307692307693,0.6451612903225806,0.0,0,18.9,100.0,2.2,38.4,109.5,31014.6,81.9,26708.8,17768.0,"{'timestamp': '2026-09-01T19:43:12.611915+00:00', 'model_version': 'gemma4:31b-mlx', 'prompt_hash': 'a6af280e'}"
0,real_mixed_2,gemma4:31b-mlx_baseline,1010.3977048397064,25.56,0,direct_json,0.5384615384615384,0.5833333333333334,0.5599999999999999,0.0,0,11.0,100.0,1.1,47.1,109.5,30277.9,82.6,27215.6,17768.0,"{'timestamp': '2026-09-01T19:54:05.838353+00:00', 'model_version': 'gemma4:31b-mlx', 'prompt_hash': 'a6af280e'}"
0,real_mixed_3,gemma4:31b-mlx_baseline,810.9710171222687,23.83,0,direct_json,0.46153846153846156,0.5,0.48000000000000004,0.0,0,11.9,100.0,1.3,46.2,109.5,30083.7,82.0,27166.0,17768.0,"{'timestamp': '2026-09-01T19:50:46.409865+00:00', 'model_version': 'gemma4:31b-mlx', 'prompt_hash': 'a6af280e'}"
4,real_mixed_13,gemma4:31b-mlx_baseline,460.9178729057312,23.85,0,direct_json,0.5,0.8235294117647058,0.6222222222222222,0.0,0,13.3,100.0,1.7,41.4,109.5,30698.7,81.4,26871.9,17768.0,"{'timestamp': '2026-09-01T19:44:56.369667+00:00', 'model_version': 'gemma4:31b-mlx', 'prompt_hash': 'a6af280e'}"
4,real_mixed_14,gemma4:31b-mlx_baseline,1101.4073867797852,22.18,0,direct_json,0.8461538461538461,0.9166666666666666,0.8799999999999999,0.0,0,14.4,100.0,1.0,48.7,109.5,30166.1,82.5,26351.3,17768.0,"{'timestamp': '2026-09-01T19:55:36.850222+00:00', 'model_version': 'gemma4:31b-mlx', 'prompt_hash': 'a6af280e'}"
4,real_mixed_15,gemma4:31b-mlx_baseline,1058.5015687942505,23.37,0,direct_json,0.2916666666666667,0.7777777777777778,0.42424242424242425,0.0,0,14.7,100.0,0.8,47.9,109.5,30218.6,82.8,27215.6,17768.0,"{'timestamp': '2026-09-01T19:54:53.939601+00:00', 'model_version': 'gemma4:31b-mlx', 'prompt_hash': 'a6af280e'}"
8,real_mixed_25,gemma4:31b-mlx_baseline,264.35422706604004,19.56,0,direct_json,0.6666666666666666,0.6666666666666666,0.6666666666666666,0.0,0,15.9,84.9,1.2,40.6,109.5,30247.9,80.4,25228.5,17768.0,"{'timestamp': '2026-09-01T19:41:39.808332+00:00', 'model_version': 'gemma4:31b-mlx', 'prompt_hash': 'a6af280e'}"
8,real_mixed_26,gemma4:31b-mlx_baseline,195.27801990509033,28.03,0,direct_json,0.525,0.5833333333333334,0.5526315789473685,0.0,0,18.0,100.0,1.2,42.6,109.5,29078.9,77.9,21694.8,17768.0,"{'timestamp': '2026-09-01T19:40:30.760805+00:00', 'model_version': 'gemma4:31b-mlx', 'prompt_hash': 'a6af280e'}"
8,real_mixed_27,gemma4:31b-mlx_baseline,1150.1979568004608,27.26,0,direct_json,0.71875,0.8518518518518519,0.7796610169491525,0.0,0,9.1,100.0,0.7,49.6,109.5,30179.2,82.2,26915.3,17768.0,"{'timestamp': '2026-09-01T19:56:25.664888+00:00', 'model_version': 'gemma4:31b-mlx', 'prompt_hash': 'a6af280e'}"
1,real_mixed_4,gemma4:31b-mlx_baseline,721.8362641334534,23.37,0,direct_json,0.7857142857142857,0.7857142857142857,0.7857142857142857,0.0,0,10.5,100.0,0.8,45.4,109.5,30174.9,82.2,27340.4,17768.0,"{'timestamp': '2026-09-01T19:49:17.283451+00:00', 'model_version': 'gemma4:31b-mlx', 'prompt_hash': 'a6af280e'}"
1,real_mixed_5,gemma4:31b-mlx_baseline,1194.5617451667786,24.82,0,direct_json,0.35294117647058826,0.6,0.4444444444444445,0.058823529411764705,1,10.0,100.0,0.9,50.0,109.5,30159.9,82.3,26915.3,17768.0,"{'timestamp': '2026-09-01T19:57:10.008084+00:00', 'model_version': 'gemma4:31b-mlx', 'prompt_hash': 'a6af280e'}"
1,real_mixed_6,gemma4:31b-mlx_baseline,899.4373300075531,21.5,0,direct_json,0.7368421052631579,0.7777777777777778,0.7567567567567567,0.0,0,14.1,100.0,0.7,45.2,109.5,30432.6,82.6,26741.6,17768.0,"{'timestamp': '2026-09-01T19:52:14.885549+00:00', 'model_version': 'gemma4:31b-mlx', 'prompt_hash': 'a6af280e'}"
9,real_mixed_28,gemma4:31b-mlx_baseline,732.3320457935333,23.52,0,direct_json,0.6875,0.7333333333333333,0.7096774193548386,0.0,0,10.6,69.1,0.8,55.6,74.8,29791.5,83.0,27142.0,17768.0,"{'timestamp': '2026-09-01T19:59:29.878893+00:00', 'model_version': 'gemma4:31b-mlx', 'prompt_hash': 'a6af280e'}"
9,real_mixed_29,gemma4:31b-mlx_baseline,682.8216667175293,25.31,0,direct_json,0.4166666666666667,0.8333333333333334,0.5555555555555556,0.0,0,9.3,64.7,0.8,56.9,74.8,29722.3,83.1,26720.0,17768.0,"{'timestamp': '2026-09-01T19:58:40.364454+00:00', 'model_version': 'gemma4:31b-mlx', 'prompt_hash': 'a6af280e'}"
9,real_mixed_30,gemma4:31b-mlx_baseline,625.2383890151978,25.4,0,direct_json,0.6363636363636364,0.875,0.7368421052631579,0.0,0,12.0,65.2,0.8,56.3,74.8,29816.7,83.6,26818.8,17768.0,"{'timestamp': '2026-09-01T19:57:42.765000+00:00', 'model_version': 'gemma4:31b-mlx', 'prompt_hash': 'a6af280e'}"
10,real_mixed_31,gemma4:31b-mlx_baseline,639.8678929805756,25.33,0,direct_json,0.2857142857142857,1.0,0.4444444444444445,0.0,0,6.9,69.1,0.9,55.7,74.8,30138.6,82.7,26834.2,17768.0,"{'timestamp': '2026-09-01T20:00:36.570117+00:00', 'model_version': 'gemma4:31b-mlx', 'prompt_hash': 'a6af280e'}"
10,real_mixed_32,gemma4:31b-mlx_baseline,612.8428161144257,26.85,0,direct_json,0.2,0.42857142857142855,0.27272727272727276,0.0,0,8.5,100.0,0.9,56.3,74.8,30043.5,82.6,27142.0,17768.0,"{'timestamp': '2026-09-01T20:00:09.550231+00:00', 'model_version': 'gemma4:31b-mlx', 'prompt_hash': 'a6af280e'}"
10,real_mixed_33,gemma4:31b-mlx_baseline,680.8695061206818,23.28,0,direct_json,0.7142857142857143,0.7692307692307693,0.7407407407407408,0.0,0,8.8,100.0,0.9,54.9,74.8,30211.8,83.0,27130.4,17768.0,"{'timestamp': '2026-09-01T20:01:17.586200+00:00', 'model_version': 'gemma4:31b-mlx', 'prompt_hash': 'a6af280e'}"
11,real_mixed_34,gemma4:31b-mlx_baseline,723.6884388923645,21.52,0,direct_json,0.45454545454545453,0.5,0.47619047619047616,0.0,0,11.6,100.0,0.9,51.2,74.8,30783.4,83.3,27246.5,17768.0,"{'timestamp': '2026-09-01T20:03:15.991463+00:00', 'model_version': 'gemma4:31b-mlx', 'prompt_hash': 'a6af280e'}"
11,real_mixed_35,gemma4:31b-mlx_baseline,792.1338469982147,21.57,0,direct_json,0.5384615384615384,1.0,0.7000000000000001,0.0,0,10.9,100.0,0.8,49.5,74.8,30628.1,83.6,27246.5,17768.0,"{'timestamp': '2026-09-01T20:04:24.439401+00:00', 'model_version': 'gemma4:31b-mlx', 'prompt_hash': 'a6af280e'}"
11,real_mixed_36,gemma4:31b-mlx_baseline,660.2633788585663,19.28,0,direct_json,0.5909090909090909,0.5909090909090909,0.5909090909090909,0.0,0,9.3,100.0,0.9,53.2,74.8,30740.1,83.3,27068.7,17768.0,"{'timestamp': '2026-09-01T20:02:12.576792+00:00', 'model_version': 'gemma4:31b-mlx', 'prompt_hash': 'a6af280e'}"
12,real_mixed_37,gemma4:31b-mlx_baseline,816.3784182071686,19.43,0,direct_json,0.6875,0.9166666666666666,0.7857142857142857,0.0,0,14.2,100.0,0.8,51.9,174.2,30230.9,83.1,26683.6,17768.0,"{'timestamp': '2026-09-01T20:06:08.610487+00:00', 'model_version': 'gemma4:31b-mlx', 'prompt_hash': 'a6af280e'}"
12,real_mixed_38,gemma4:31b-mlx_baseline,886.852777004242,22.71,0,direct_json,0.6875,0.8461538461538461,0.7586206896551724,0.0,0,11.5,100.0,0.8,50.8,174.2,30101.4,82.9,27187.4,17768.0,"{'timestamp': '2026-09-01T20:07:19.090016+00:00', 'model_version': 'gemma4:31b-mlx', 'prompt_hash': 'a6af280e'}"
12,real_mixed_39,gemma4:31b-mlx_baseline,755.5077030658722,17.9,0,direct_json,0.7777777777777778,1.0,0.8750000000000001,0.0,0,9.9,100.0,0.9,51.9,174.2,30284.9,83.4,26460.5,17768.0,"{'timestamp': '2026-09-01T20:05:07.733410+00:00', 'model_version': 'gemma4:31b-mlx', 'prompt_hash': 'a6af280e'}"
13,real_mixed_40,gemma4:31b-mlx_baseline,933.427225112915,21.61,0,direct_json,0.6666666666666666,0.6666666666666666,0.6666666666666666,0.0,0,12.7,100.0,0.9,50.4,174.2,30111.1,82.7,26869.7,17768.0,"{'timestamp': '2026-09-01T20:08:55.719382+00:00', 'model_version': 'gemma4:31b-mlx', 'prompt_hash': 'a6af280e'}"
13,real_mixed_41,gemma4:31b-mlx_baseline,972.6692142486572,25.28,0,direct_json,0.8125,0.7222222222222222,0.7647058823529411,0.0,0,16.9,100.0,0.8,50.7,174.2,30069.3,82.7,26719.4,17768.0,"{'timestamp': '2026-09-01T20:09:34.968702+00:00', 'model_version': 'gemma4:31b-mlx', 'prompt_hash': 'a6af280e'}"
13,real_mixed_42,gemma4:31b-mlx_baseline,893.2268421649933,23.67,0,direct_json,0.6956521739130435,0.6666666666666666,0.6808510638297872,0.0,0,10.8,100.0,0.8,50.9,174.2,30092.2,82.5,26869.7,17768.0,"{'timestamp': '2026-09-01T20:08:15.526842+00:00', 'model_version': 'gemma4:31b-mlx', 'prompt_hash': 'a6af280e'}"
14,real_mixed_43,gemma4:31b-mlx_baseline,1012.1323142051697,23.7,0,direct_json,0.7931034482758621,0.92,0.851851851851852,0.0,0,12.3,100.0,0.8,51.4,174.2,30249.3,82.6,26894.1,17768.0,"{'timestamp': '2026-09-01T20:10:58.043595+00:00', 'model_version': 'gemma4:31b-mlx', 'prompt_hash': 'a6af280e'}"
14,real_mixed_44,gemma4:31b-mlx_baseline,1121.927155971527,22.81,0,direct_json,0.52,0.9285714285714286,0.6666666666666666,0.0,0,12.2,100.0,0.8,49.8,174.2,30548.2,83.2,26719.1,17768.0,"{'timestamp': '2026-09-01T20:12:47.836826+00:00', 'model_version': 'gemma4:31b-mlx', 'prompt_hash': 'a6af280e'}"
14,real_mixed_45,gemma4:31b-mlx_baseline,1061.1366379261017,20.16,0,direct_json,0.6428571428571429,0.75,0.6923076923076924,0.0,0,13.4,100.0,0.8,50.4,174.2,30437.0,82.9,26719.1,17768.0,"{'timestamp': '2026-09-01T20:11:47.044887+00:00', 'model_version': 'gemma4:31b-mlx', 'prompt_hash': 'a6af280e'}"
15,real_mixed_46,gemma4:31b-mlx_baseline,1077.8956937789917,27.01,0,direct_json,0.6666666666666666,0.5714285714285714,0.6153846153846153,0.0,0,18.2,100.0,0.8,48.8,174.2,30631.2,83.5,27092.6,17768.0,"{'timestamp': '2026-09-01T20:13:34.810776+00:00', 'model_version': 'gemma4:31b-mlx', 'prompt_hash': 'a6af280e'}"
15,real_mixed_47,gemma4:31b-mlx_baseline,1159.7965931892395,23.78,0,direct_json,0.6666666666666666,0.6666666666666666,0.6666666666666666,0.037037037037037035,1,16.3,100.0,0.7,49.2,174.2,30565.1,83.3,26938.8,17768.0,"{'timestamp': '2026-09-01T20:14:56.725877+00:00', 'model_version': 'gemma4:31b-mlx', 'prompt_hash': 'a6af280e'}"
15,real_mixed_48,gemma4:31b-mlx_baseline,1106.3421640396118,25.09,0,direct_json,0.4,0.6666666666666666,0.5,0.0,0,15.0,100.0,0.7,48.9,174.2,30634.5,83.5,27103.3,17768.0,"{'timestamp': '2026-09-01T20:14:03.252254+00:00', 'model_version': 'gemma4:31b-mlx', 'prompt_hash': 'a6af280e'}"
16,real_mixed_49,gemma4:31b-mlx_baseline,1194.5906009674072,25.94,0,direct_json,0.5625,0.6428571428571429,0.6000000000000001,0.0,0,13.6,100.0,0.7,48.4,174.2,30506.5,83.4,26674.8,17768.0,"{'timestamp': '2026-09-01T20:16:20.328533+00:00', 'model_version': 'gemma4:31b-mlx', 'prompt_hash': 'a6af280e'}"
16,real_mixed_50,gemma4:31b-mlx_baseline,1160.8237080574036,25.3,0,direct_json,0.5384615384615384,0.6363636363636364,0.5833333333333334,0.0,0,13.1,100.0,0.7,48.2,174.2,30533.9,83.7,26938.8,17768.0,"{'timestamp': '2026-09-01T20:15:46.560405+00:00', 'model_version': 'gemma4:31b-mlx', 'prompt_hash': 'a6af280e'}"
16,real_mixed_51,gemma4:31b-mlx_baseline,1222.031639099121,25.82,0,direct_json,0.4166666666666667,0.5555555555555556,0.4761904761904762,0.08333333333333333,1,14.0,100.0,0.8,48.2,174.2,30500.6,83.3,27042.3,17768.0,"{'timestamp': '2026-09-01T20:16:47.770643+00:00', 'model_version': 'gemma4:31b-mlx', 'prompt_hash': 'a6af280e'}"
17,real_mixed_52,gemma4:31b-mlx_baseline,1267.269014120102,26.63,0,direct_json,0.5454545454545454,0.8571428571428571,0.6666666666666665,0.0,0,14.7,100.0,0.7,48.1,174.2,30468.2,83.3,27018.8,17768.0,"{'timestamp': '2026-09-01T20:18:17.346576+00:00', 'model_version': 'gemma4:31b-mlx', 'prompt_hash': 'a6af280e'}"
17,real_mixed_53,gemma4:31b-mlx_baseline,1216.6410081386566,27.29,0,direct_json,0.29411764705882354,0.8333333333333334,0.4347826086956522,0.0,0,13.9,100.0,0.7,47.9,174.2,30521.9,83.4,27042.3,17768.0,"{'timestamp': '2026-09-01T20:17:26.710240+00:00', 'model_version': 'gemma4:31b-mlx', 'prompt_hash': 'a6af280e'}"
17,real_mixed_54,gemma4:31b-mlx_baseline,1291.4112961292267,24.86,0,direct_json,0.5,1.0,0.6666666666666666,0.0,0,16.5,100.0,0.7,48.2,174.2,30497.3,83.3,26889.8,17768.0,"{'timestamp': '2026-09-01T20:18:41.481307+00:00', 'model_version': 'gemma4:31b-mlx', 'prompt_hash': 'a6af280e'}"
18,real_mixed_55,gemma4:31b-mlx_baseline,1301.916204214096,23.82,0,direct_json,0.35,0.7777777777777778,0.48275862068965514,0.0,0,15.1,100.0,0.7,47.3,174.2,30529.4,83.6,26517.8,17768.0,"{'timestamp': '2026-09-01T20:21:11.863354+00:00', 'model_version': 'gemma4:31b-mlx', 'prompt_hash': 'a6af280e'}"
18,real_mixed_56,gemma4:31b-mlx_baseline,1209.1777868270874,26.39,0,direct_json,0.2916666666666667,0.5,0.3684210526315789,0.0,0,12.7,100.0,0.7,48.9,174.2,30576.5,83.4,27040.1,17768.0,"{'timestamp': '2026-09-01T20:19:39.124781+00:00', 'model_version': 'gemma4:31b-mlx', 'prompt_hash': 'a6af280e'}"
18,real_mixed_57,gemma4:31b-mlx_baseline,1234.8028531074524,24.32,0,direct_json,0.7,0.7777777777777778,0.7368421052631577,0.05,1,13.9,100.0,0.7,48.5,174.2,30598.3,83.5,27040.1,17768.0,"{'timestamp': '2026-09-01T20:20:04.762787+00:00', 'model_version': 'gemma4:31b-mlx', 'prompt_hash': 'a6af280e'}"
19,real_mixed_58,gemma4:31b-mlx_baseline,1308.019189119339,20.62,0,direct_json,0.4375,0.6363636363636364,0.5185185185185185,0.0,0,24.0,100.0,0.8,45.4,174.2,30672.0,83.5,26560.0,17768.0,"{'timestamp': '2026-09-01T20:23:05.675505+00:00', 'model_version': 'gemma4:31b-mlx', 'prompt_hash': 'a6af280e'}"
19,real_mixed_59,gemma4:31b-mlx_baseline,1386.6339750289917,23.2,0,direct_json,0.5,0.8095238095238095,0.6181818181818182,0.0,0,19.1,100.0,0.8,44.4,174.2,30678.4,83.8,27133.1,17768.0,"{'timestamp': '2026-09-01T20:24:24.308406+00:00', 'model_version': 'gemma4:31b-mlx', 'prompt_hash': 'a6af280e'}"
19,real_mixed_60,gemma4:31b-mlx_baseline,1255.788421869278,13.77,0,direct_json,0.9166666666666666,0.8461538461538461,0.8799999999999999,0.0,0,17.9,100.0,0.8,46.1,174.2,30676.3,83.6,26671.0,17768.0,"{'timestamp': '2026-09-01T20:22:13.455205+00:00', 'model_version': 'gemma4:31b-mlx', 'prompt_hash': 'a6af280e'}"
20,real_mixed_61,gemma4:31b-mlx_baseline,1426.2490582466125,21.35,0,direct_json,0.5555555555555556,0.7142857142857143,0.6250000000000001,0.0,0,18.6,100.0,0.8,46.5,174.2,30535.4,83.0,27302.3,17768.0,"{'timestamp': '2026-09-01T20:28:11.184032+00:00', 'model_version': 'gemma4:31b-mlx', 'prompt_hash': 'a6af280e'}"
20,real_mixed_62,gemma4:31b-mlx_baseline,1287.229809999466,19.01,0,direct_json,0.375,0.5454545454545454,0.4444444444444444,0.0,0,19.5,100.0,0.8,45.2,174.2,30338.4,83.8,27133.1,17768.0,"{'timestamp': '2026-09-01T20:25:52.146511+00:00', 'model_version': 'gemma4:31b-mlx', 'prompt_hash': 'a6af280e'}"
20,real_mixed_63,gemma4:31b-mlx_baseline,1333.1255321502686,24.23,0,direct_json,0.14285714285714285,0.25,0.18181818181818182,0.0,0,24.5,100.0,0.8,45.5,174.2,30432.2,83.6,27117.6,17768.0,"{'timestamp': '2026-09-01T20:26:38.039277+00:00', 'model_version': 'gemma4:31b-mlx', 'prompt_hash': 'a6af280e'}"
21,real_mixed_64,gemma4:31b-mlx_baseline,1353.6923263072968,17.65,0,direct_json,0.25,1.0,0.4,0.0,0,18.3,100.0,0.8,46.4,71.7,30649.2,83.0,26585.8,17768.0,"{'timestamp': '2026-09-01T20:29:52.838109+00:00', 'model_version': 'gemma4:31b-mlx', 'prompt_hash': 'a6af280e'}"
21,real_mixed_65,gemma4:31b-mlx_baseline,1383.9851140975952,20.42,0,direct_json,0.4444444444444444,0.5,0.47058823529411764,0.0,0,16.4,100.0,0.8,46.5,71.7,30616.1,83.0,26585.8,17768.0,"{'timestamp': '2026-09-01T20:30:23.140551+00:00', 'model_version': 'gemma4:31b-mlx', 'prompt_hash': 'a6af280e'}"
21,real_mixed_66,gemma4:31b-mlx_baseline,1311.9294667243958,21.49,0,direct_json,0.48,0.6,0.5333333333333332,0.0,0,21.2,100.0,0.8,46.1,71.7,30654.2,83.0,26799.4,17768.0,"{'timestamp': '2026-09-01T20:29:11.098776+00:00', 'model_version': 'gemma4:31b-mlx', 'prompt_hash': 'a6af280e'}"
22,real_mixed_67,gemma4:31b-mlx_baseline,1349.7954909801483,17.85,0,direct_json,0.5714285714285714,0.7058823529411765,0.6315789473684211,0.14285714285714285,3,16.8,100.0,0.8,45.2,71.7,30810.4,83.5,27240.4,17768.0,"{'timestamp': '2026-09-01T20:32:04.864616+00:00', 'model_version': 'gemma4:31b-mlx', 'prompt_hash': 'a6af280e'}"
22,real_mixed_68,gemma4:31b-mlx_baseline,1492.550432920456,22.12,0,direct_json,0.625,0.7692307692307693,0.6896551724137931,0.0,0,22.1,100.0,0.8,46.0,71.7,30916.5,83.7,27240.4,17768.0,"{'timestamp': '2026-09-01T20:34:27.582184+00:00', 'model_version': 'gemma4:31b-mlx', 'prompt_hash': 'a6af280e'}"
22,real_mixed_69,gemma4:31b-mlx_baseline,1438.38241314888,19.36,0,direct_json,0.7419354838709677,0.9583333333333334,0.8363636363636364,0.0,0,17.6,100.0,0.8,45.6,71.7,30972.8,83.5,27240.4,17768.0,"{'timestamp': '2026-09-01T20:33:33.430694+00:00', 'model_version': 'gemma4:31b-mlx', 'prompt_hash': 'a6af280e'}"
23,real_mixed_70,gemma4:31b-mlx_baseline,1362.4945969581604,20.68,0,direct_json,0.65,0.6190476190476191,0.6341463414634146,0.0,0,16.0,100.0,0.8,45.7,72.2,30594.9,83.5,27157.9,17768.0,"{'timestamp': '2026-09-01T20:35:30.475235+00:00', 'model_version': 'gemma4:31b-mlx', 'prompt_hash': 'a6af280e'}"
23,real_mixed_71,gemma4:31b-mlx_baseline,1406.020840883255,17.91,0,direct_json,0.4,0.3333333333333333,0.3636363636363636,0.0,0,15.2,100.0,0.8,46.1,73.4,30558.7,83.5,27157.9,17768.0,"{'timestamp': '2026-09-01T20:36:13.952999+00:00', 'model_version': 'gemma4:31b-mlx', 'prompt_hash': 'a6af280e'}"
23,real_mixed_72,gemma4:31b-mlx_baseline,1449.5639381408691,18.03,0,direct_json,0.5833333333333334,0.5,0.5384615384615384,0.0,0,16.5,100.0,0.8,46.4,73.4,30522.9,83.6,27398.5,17768.0,"{'timestamp': '2026-09-01T20:36:57.505314+00:00', 'model_version': 'gemma4:31b-mlx', 'prompt_hash': 'a6af280e'}"
24,real_mixed_73,gemma4:31b-mlx_baseline,1410.2999069690704,21.67,0,direct_json,0.9230769230769231,0.8,0.8571428571428571,0.0,0,16.1,100.0,0.8,46.0,73.4,30545.6,83.7,27197.5,17768.0,"{'timestamp': '2026-09-01T20:38:27.088867+00:00', 'model_version': 'gemma4:31b-mlx', 'prompt_hash': 'a6af280e'}"
24,real_mixed_74,gemma4:31b-mlx_baseline,1370.7920320034027,19.4,0,direct_json,0.7272727272727273,0.8,0.761904761904762,0.0,0,17.2,100.0,0.8,45.7,73.4,30594.2,83.7,27392.2,17768.0,"{'timestamp': '2026-09-01T20:37:47.578454+00:00', 'model_version': 'gemma4:31b-mlx', 'prompt_hash': 'a6af280e'}"
24,real_mixed_75,gemma4:31b-mlx_baseline,1495.8402471542358,15.97,0,direct_json,0.5,0.6666666666666666,0.5714285714285715,0.0,0,15.9,100.0,0.8,47.0,73.4,30456.2,83.5,27152.8,17768.0,"{'timestamp': '2026-09-01T20:39:52.622335+00:00', 'model_version': 'gemma4:31b-mlx', 'prompt_hash': 'a6af280e'}"
25,real_mixed_76,gemma4:31b-mlx_baseline,1534.1338002681732,15.61,0,direct_json,0.0,1.0,0.0,0.0,0,14.5,100.0,0.8,46.3,73.5,30657.1,83.9,27227.5,17768.0,"{'timestamp': '2026-09-01T20:42:22.000360+00:00', 'model_version': 'gemma4:31b-mlx', 'prompt_hash': 'a6af280e'}"
25,real_mixed_77,gemma4:31b-mlx_baseline,1455.8138160705566,22.87,0,direct_json,0.6956521739130435,0.8,0.7441860465116279,0.0,0,15.5,100.0,0.8,47.3,73.5,30443.6,83.5,27227.5,17768.0,"{'timestamp': '2026-09-01T20:41:03.702101+00:00', 'model_version': 'gemma4:31b-mlx', 'prompt_hash': 'a6af280e'}"
25,real_mixed_78,gemma4:31b-mlx_baseline,1594.3832619190216,19.35,0,direct_json,0.4,1.0,0.5714285714285715,0.0,0,16.8,100.0,0.8,46.0,73.5,30785.6,83.8,26840.3,17768.0,"{'timestamp': '2026-09-01T20:43:22.264492+00:00', 'model_version': 'gemma4:31b-mlx', 'prompt_hash': 'a6af280e'}"
26,real_mixed_79,gemma4:31b-mlx_baseline,1527.2443490028381,25.11,0,direct_json,0.5833333333333334,0.7,0.6363636363636365,0.0,0,20.7,100.0,0.8,46.3,73.5,30808.9,83.8,27181.9,17768.0,"{'timestamp': '2026-09-01T20:44:08.806771+00:00', 'model_version': 'gemma4:31b-mlx', 'prompt_hash': 'a6af280e'}"
26,real_mixed_80,gemma4:31b-mlx_baseline,1640.618068933487,27.12,0,direct_json,0.5789473684210527,0.88,0.6984126984126985,0.0,0,15.6,100.0,0.8,46.4,73.5,30702.3,83.5,26992.8,17768.0,"{'timestamp': '2026-09-01T20:46:02.202372+00:00', 'model_version': 'gemma4:31b-mlx', 'prompt_hash': 'a6af280e'}"
26,real_mixed_81,gemma4:31b-mlx_baseline,1574.425500869751,27.46,0,direct_json,0.6923076923076923,0.8181818181818182,0.7500000000000001,0.0,0,21.0,100.0,0.8,45.8,73.5,30776.1,83.9,27181.9,17768.0,"{'timestamp': '2026-09-01T20:44:55.990442+00:00', 'model_version': 'gemma4:31b-mlx', 'prompt_hash': 'a6af280e'}"
27,real_mixed_82,gemma4:31b-mlx_baseline,1554.4767277240753,25.45,0,direct_json,0.375,0.6666666666666666,0.4800000000000001,0.0,0,13.6,100.0,0.8,46.7,76.9,30739.9,83.5,26628.8,17768.0,"{'timestamp': '2026-09-01T20:47:06.634603+00:00', 'model_version': 'gemma4:31b-mlx', 'prompt_hash': 'a6af280e'}"
27,real_mixed_83,gemma4:31b-mlx_baseline,1527.1469032764435,24.25,0,direct_json,0.75,0.9,0.8181818181818182,0.0,0,15.2,100.0,0.8,46.6,76.9,30763.0,83.6,27135.0,17768.0,"{'timestamp': '2026-09-01T20:46:39.300522+00:00', 'model_version': 'gemma4:31b-mlx', 'prompt_hash': 'a6af280e'}"
27,real_mixed_84,gemma4:31b-mlx_baseline,1576.6727209091187,25.93,0,direct_json,0.8,0.8888888888888888,0.8421052631578948,0.0,0,15.6,100.0,0.9,46.8,76.9,30754.2,83.5,27092.5,17768.0,"{'timestamp': '2026-09-01T20:47:28.827227+00:00', 'model_version': 'gemma4:31b-mlx', 'prompt_hash': 'a6af280e'}"
28,real_mixed_85,gemma4:31b-mlx_baseline,1450.3193247318268,27.82,0,direct_json,0.6666666666666666,0.75,0.7058823529411765,0.0,0,9.3,99.9,0.8,50.0,76.9,30607.6,83.2,26746.6,17768.0,"{'timestamp': '2026-09-01T20:48:34.738474+00:00', 'model_version': 'gemma4:31b-mlx', 'prompt_hash': 'a6af280e'}"
28,real_mixed_86,gemma4:31b-mlx_baseline,1491.4457039833069,25.07,0,direct_json,0.9090909090909091,0.7692307692307693,0.8333333333333333,0.0,0,9.7,100.0,0.8,49.6,76.9,30570.0,83.0,26727.2,17768.0,"{'timestamp': '2026-09-01T20:49:15.868492+00:00', 'model_version': 'gemma4:31b-mlx', 'prompt_hash': 'a6af280e'}"
28,real_mixed_87,gemma4:31b-mlx_baseline,1414.2698049545288,27.15,0,direct_json,0.5714285714285714,0.5714285714285714,0.5714285714285714,0.0,0,10.7,100.0,0.8,49.9,76.9,30613.9,83.1,27092.5,17768.0,"{'timestamp': '2026-09-01T20:47:58.678618+00:00', 'model_version': 'gemma4:31b-mlx', 'prompt_hash': 'a6af280e'}"
29,real_mixed_88,gemma4:31b-mlx_baseline,1384.679664850235,24.52,0,direct_json,0.5,1.0,0.6666666666666666,0.0,0,9.2,100.0,0.8,51.0,76.9,30500.1,83.5,26566.3,17768.0,"{'timestamp': '2026-09-01T20:51:15.923017+00:00', 'model_version': 'gemma4:31b-mlx', 'prompt_hash': 'a6af280e'}"
29,real_mixed_89,gemma4:31b-mlx_baseline,1311.7125270366669,23.86,0,direct_json,0.6363636363636364,0.5384615384615384,0.5833333333333334,0.0,0,9.8,100.0,0.8,50.9,76.9,30520.5,83.6,26727.2,17768.0,"{'timestamp': '2026-09-01T20:50:02.963148+00:00', 'model_version': 'gemma4:31b-mlx', 'prompt_hash': 'a6af280e'}"
29,real_mixed_90,gemma4:31b-mlx_baseline,1361.340291261673,25.53,0,direct_json,0.3333333333333333,1.0,0.5,0.0,0,8.8,100.0,0.8,51.1,76.9,30462.3,83.4,26566.3,17768.0,"{'timestamp': '2026-09-01T20:50:52.594353+00:00', 'model_version': 'gemma4:31b-mlx', 'prompt_hash': 'a6af280e'}"
30,real_mixed_91,gemma4:31b-mlx_baseline,1354.8979499340057,19.2,0,direct_json,0.6923076923076923,0.75,0.7199999999999999,0.0,0,9.3,100.0,0.8,49.4,76.9,30908.0,83.8,26582.8,17768.0,"{'timestamp': '2026-09-01T20:52:58.120501+00:00', 'model_version': 'gemma4:31b-mlx', 'prompt_hash': 'a6af280e'}"
30,real_mixed_92,gemma4:31b-mlx_baseline,1294.771411895752,21.44,0,direct_json,0.4117647058823529,0.4666666666666667,0.43749999999999994,0.0,0,9.3,100.0,0.9,50.4,76.9,30725.3,83.7,27352.2,17768.0,"{'timestamp': '2026-09-01T20:51:57.997757+00:00', 'model_version': 'gemma4:31b-mlx', 'prompt_hash': 'a6af280e'}"
30,real_mixed_93,gemma4:31b-mlx_baseline,1320.0025169849396,19.4,0,direct_json,0.5384615384615384,0.7,0.608695652173913,0.0,0,8.9,64.5,0.9,50.0,76.9,30829.1,83.8,26571.9,17768.0,"{'timestamp': '2026-09-01T20:52:23.218961+00:00', 'model_version': 'gemma4:31b-mlx', 'prompt_hash': 'a6af280e'}"
31,real_mixed_94,gemma4:31b-mlx_baseline,1207.6483781337738,23.64,0,direct_json,0.8571428571428571,0.8571428571428571,0.8571428571428571,0.0,0,10.6,100.0,0.9,52.1,176.0,30660.1,83.2,26499.4,17768.0,"{'timestamp': '2026-09-01T20:54:35.340725+00:00', 'model_version': 'gemma4:31b-mlx', 'prompt_hash': 'a6af280e'}"
31,real_mixed_95,gemma4:31b-mlx_baseline,1137.4443490505219,25.0,0,direct_json,0.16666666666666666,1.0,0.2857142857142857,0.08333333333333333,1,9.0,100.0,0.9,52.5,176.0,30751.5,83.2,26582.8,17768.0,"{'timestamp': '2026-09-01T20:53:25.120794+00:00', 'model_version': 'gemma4:31b-mlx', 'prompt_hash': 'a6af280e'}"
31,real_mixed_96,gemma4:31b-mlx_baseline,1264.9115211963654,22.11,0,direct_json,0.5625,0.75,0.6428571428571429,0.0,0,13.1,100.0,0.8,50.9,176.0,30658.4,83.4,26499.4,17768.0,"{'timestamp': '2026-09-01T20:55:32.603689+00:00', 'model_version': 'gemma4:31b-mlx', 'prompt_hash': 'a6af280e'}"
32,real_mixed_97,gemma4:31b-mlx_baseline,1154.7877960205078,21.43,0,direct_json,0.6153846153846154,0.8888888888888888,0.7272727272727274,0.0,0,12.4,100.0,0.8,49.7,176.0,30842.0,83.5,26965.0,17768.0,"{'timestamp': '2026-09-01T20:56:12.426905+00:00', 'model_version': 'gemma4:31b-mlx', 'prompt_hash': 'a6af280e'}"
32,real_mixed_98,gemma4:31b-mlx_baseline,1213.3003311157227,22.07,0,direct_json,0.56,0.5,0.5283018867924528,0.0,0,17.1,100.0,0.9,48.6,176.0,30810.0,83.3,26825.0,17768.0,"{'timestamp': '2026-09-01T20:57:10.897804+00:00', 'model_version': 'gemma4:31b-mlx', 'prompt_hash': 'a6af280e'}"
32,real_mixed_99,gemma4:31b-mlx_baseline,1262.254361152649,19.24,0,direct_json,0.2222222222222222,1.0,0.3636363636363636,0.0,0,14.6,100.0,0.8,47.5,176.0,30810.4,83.4,26693.3,17768.0,"{'timestamp': '2026-09-01T20:57:59.826969+00:00', 'model_version': 'gemma4:31b-mlx', 'prompt_hash': 'a6af280e'}"
33,real_mixed_100,gemma4:31b-mlx_baseline,1150.2838530540466,20.52,0,direct_json,0.23809523809523808,0.7142857142857143,0.35714285714285715,0.0,0,16.6,100.0,0.8,44.6,176.0,30977.7,83.7,26693.3,17768.0,"{'timestamp': '2026-09-01T20:59:02.967414+00:00', 'model_version': 'gemma4:31b-mlx', 'prompt_hash': 'a6af280e'}"
33,real_mixed_101,gemma4:31b-mlx_baseline,1213.766900062561,18.6,0,direct_json,0.36363636363636365,0.5714285714285714,0.4444444444444444,0.0,0,15.6,100.0,0.8,44.9,176.0,31058.3,83.4,26808.3,17768.0,"{'timestamp': '2026-09-01T21:00:06.451788+00:00', 'model_version': 'gemma4:31b-mlx', 'prompt_hash': 'a6af280e'}"
33,real_mixed_102,gemma4:31b-mlx_baseline,1164.378051996231,21.64,0,direct_json,0.0,1.0,0.0,0.0,0,16.3,100.0,0.8,44.6,176.0,30988.4,83.6,26808.3,17768.0,"{'timestamp': '2026-09-01T20:59:17.055483+00:00', 'model_version': 'gemma4:31b-mlx', 'prompt_hash': 'a6af280e'}"
34,real_mixed_103,gemma4:31b-mlx_baseline,1109.9913940429688,21.22,0,direct_json,0.0,1.0,0.0,0.0,0,22.3,100.0,0.8,44.3,176.0,31068.4,83.8,26717.6,17768.0,"{'timestamp': '2026-09-01T21:01:52.356749+00:00', 'model_version': 'gemma4:31b-mlx', 'prompt_hash': 'a6af280e'}"
34,real_mixed_104,gemma4:31b-mlx_baseline,1051.7072908878326,18.7,0,direct_json,0.3157894736842105,0.6,0.41379310344827586,0.0,0,17.5,100.0,0.9,45.2,176.0,30854.1,83.5,26834.2,17768.0,"{'timestamp': '2026-09-01T21:00:54.086443+00:00', 'model_version': 'gemma4:31b-mlx', 'prompt_hash': 'a6af280e'}"
34,real_mixed_105,gemma4:31b-mlx_baseline,1094.5664150714874,21.82,0,direct_json,0.5333333333333333,0.8,0.64,0.0,0,16.4,100.0,0.8,44.5,176.0,30992.2,83.7,26717.6,17768.0,"{'timestamp': '2026-09-01T21:01:36.947475+00:00', 'model_version': 'gemma4:31b-mlx', 'prompt_hash': 'a6af280e'}"
35,real_mixed_106,gemma4:31b-mlx_baseline,976.4063749313354,19.25,0,direct_json,0.6666666666666666,1.0,0.8,0.0,0,18.0,100.0,0.8,42.0,176.0,31417.1,84.3,26688.5,17768.0,"{'timestamp': '2026-09-01T21:02:18.678134+00:00', 'model_version': 'gemma4:31b-mlx', 'prompt_hash': 'a6af280e'}"
35,real_mixed_107,gemma4:31b-mlx_baseline,1042.3019089698792,25.33,0,direct_json,0.7058823529411765,0.9230769230769231,0.8000000000000002,0.0,0,21.9,100.0,0.8,42.2,176.0,31347.7,84.1,26971.1,17768.0,"{'timestamp': '2026-09-01T21:03:24.583244+00:00', 'model_version': 'gemma4:31b-mlx', 'prompt_hash': 'a6af280e'}"
35,real_mixed_108,gemma4:31b-mlx_baseline,1099.340548992157,25.53,0,direct_json,0.26666666666666666,0.8,0.4,0.0,0,22.6,100.0,0.8,41.2,176.0,31201.5,83.9,27321.0,17768.0,"{'timestamp': '2026-09-01T21:04:21.612532+00:00', 'model_version': 'gemma4:31b-mlx', 'prompt_hash': 'a6af280e'}"
36,real_mixed_109,gemma4:31b-mlx_baseline,1140.343064069748,23.01,0,fallback,1.0,0.0,0.0,0.0,0,21.0,100.0,0.7,39.2,176.0,31080.0,83.6,26624.2,17768.0,"{'timestamp': '2026-09-01T21:06:29.287228+00:00', 'model_version': 'gemma4:31b-mlx', 'prompt_hash': 'a6af280e'}"
36,real_mixed_110,gemma4:31b-mlx_baseline,1044.5922689437866,26.08,0,direct_json,0.5,0.3888888888888889,0.43750000000000006,0.0,0,19.2,100.0,0.7,40.4,176.0,31246.4,84.1,27321.0,17768.0,"{'timestamp': '2026-09-01T21:04:53.526290+00:00', 'model_version': 'gemma4:31b-mlx', 'prompt_hash': 'a6af280e'}"
36,real_mixed_111,gemma4:31b-mlx_baseline,1190.9776182174683,26.7,0,direct_json,0.7428571428571429,0.8666666666666667,0.8,0.0,0,21.8,100.0,0.7,38.6,176.0,31059.4,83.8,27223.8,17768.0,"{'timestamp': '2026-09-01T21:07:19.917619+00:00', 'model_version': 'gemma4:31b-mlx', 'prompt_hash': 'a6af280e'}"
37,real_mixed_112,gemma4:31b-mlx_baseline,1153.8383820056915,22.22,0,direct_json,0.42857142857142855,0.6,0.5,0.0,0,23.2,100.0,0.7,36.7,176.0,31193.4,83.9,27223.8,17768.0,"{'timestamp': '2026-09-01T21:08:29.773042+00:00', 'model_version': 'gemma4:31b-mlx', 'prompt_hash': 'a6af280e'}"
37,real_mixed_113,gemma4:31b-mlx_baseline,1198.8650259971619,23.53,0,direct_json,0.7,0.7777777777777778,0.7368421052631577,0.0,0,23.3,100.0,0.7,36.4,176.0,31175.2,83.7,26895.3,17768.0,"{'timestamp': '2026-09-01T21:09:14.804704+00:00', 'model_version': 'gemma4:31b-mlx', 'prompt_hash': 'a6af280e'}"
37,real_mixed_114,gemma4:31b-mlx_baseline,1120.097337961197,26.71,0,direct_json,0.375,0.8571428571428571,0.5217391304347825,0.0,0,18.1,100.0,0.7,37.1,176.0,31144.2,83.9,27223.8,17768.0,"{'timestamp': '2026-09-01T21:07:56.034358+00:00', 'model_version': 'gemma4:31b-mlx', 'prompt_hash': 'a6af280e'}"
38,real_mixed_115,gemma4:31b-mlx_baseline,1199.2915930747986,16.91,0,direct_json,0.5,1.0,0.6666666666666666,0.0,0,26.3,100.0,0.6,33.2,176.0,31512.0,84.1,26286.3,17768.0,"{'timestamp': '2026-09-01T21:11:15.295345+00:00', 'model_version': 'gemma4:31b-mlx', 'prompt_hash': 'a6af280e'}"
38,real_mixed_116,gemma4:31b-mlx_baseline,1105.0055327415466,23.72,0,direct_json,0.4,1.0,0.5714285714285715,0.0,0,25.0,100.0,0.7,33.8,176.0,31289.8,83.8,26665.3,17768.0,"{'timestamp': '2026-09-01T21:09:41.003028+00:00', 'model_version': 'gemma4:31b-mlx', 'prompt_hash': 'a6af280e'}"
38,real_mixed_117,gemma4:31b-mlx_baseline,1175.4723398685455,22.06,0,direct_json,0.2631578947368421,0.625,0.37037037037037035,0.05263157894736842,1,20.3,100.0,0.6,33.4,176.0,31403.0,83.9,26529.2,17768.0,"{'timestamp': '2026-09-01T21:10:51.478886+00:00', 'model_version': 'gemma4:31b-mlx', 'prompt_hash': 'a6af280e'}"
39,real_mixed_118,gemma4:31b-mlx_baseline,1208.6961538791656,22.08,0,direct_json,0.625,1.0,0.7692307692307693,0.0,0,22.4,100.0,0.5,32.4,176.0,31355.2,84.4,26458.5,17768.0,"{'timestamp': '2026-09-01T21:13:07.390101+00:00', 'model_version': 'gemma4:31b-mlx', 'prompt_hash': 'a6af280e'}"
39,real_mixed_119,gemma4:31b-mlx_baseline,1147.0738098621368,19.37,0,direct_json,0.5,0.7142857142857143,0.588235294117647,0.0,0,23.9,100.0,0.6,33.1,176.0,31316.5,84.2,27213.2,17768.0,"{'timestamp': '2026-09-01T21:12:05.775717+00:00', 'model_version': 'gemma4:31b-mlx', 'prompt_hash': 'a6af280e'}"
39,real_mixed_120,gemma4:31b-mlx_baseline,1181.730209827423,24.49,0,direct_json,0.38461538461538464,1.0,0.5555555555555556,0.0,0,28.2,100.0,0.6,32.7,176.0,31308.3,84.3,27213.2,17768.0,"{'timestamp': '2026-09-01T21:12:40.426187+00:00', 'model_version': 'gemma4:31b-mlx', 'prompt_hash': 'a6af280e'}"
0,real_mixed_1,gemma4:31b-mlx_kb_rag,221.62925004959106,17.49,0,direct_json,0.6666666666666666,0.9230769230769231,0.7741935483870968,0.0,0,27.9,64.3,1.7,80.9,972.8,35310.8,89.0,27322.0,17768.0,"{'timestamp': '2026-09-01T21:16:51.614897+00:00', 'model_version': 'gemma4:31b-mlx', 'prompt_hash': 'a6af280e'}"
0,real_mixed_2,gemma4:31b-mlx_kb_rag,523.8705589771271,18.65,0,direct_json,0.5384615384615384,0.5833333333333334,0.5599999999999999,0.0,0,25.8,100.0,1.8,49.7,972.9,32765.7,89.5,27388.8,17768.0,"{'timestamp': '2026-09-01T21:21:53.855464+00:00', 'model_version': 'gemma4:31b-mlx', 'prompt_hash': 'a6af280e'}"
0,real_mixed_3,gemma4:31b-mlx_kb_rag,145.69040369987488,14.95,0,direct_json,0.42857142857142855,0.5,0.4615384615384615,0.0,0,24.2,65.1,1.9,103.4,973.5,35122.1,89.2,27174.5,17768.0,"{'timestamp': '2026-09-01T21:15:35.692544+00:00', 'model_version': 'gemma4:31b-mlx', 'prompt_hash': 'a6af280e'}"
7,real_mixed_22,gemma4:31b-mlx_kb_rag,810.8110330104828,24.51,0,direct_json,0.0,1.0,0.0,0.0,0,13.3,100.0,1.3,48.2,1016.2,31754.2,89.1,27804.6,17768.0,"{'timestamp': '2026-09-01T21:26:41.036749+00:00', 'model_version': 'gemma4:31b-mlx', 'prompt_hash': 'a6af280e'}"
7,real_mixed_23,gemma4:31b-mlx_kb_rag,46.43164896965027,21.68,0,direct_json,0.5789473684210527,0.7333333333333333,0.6470588235294117,0.0,0,17.6,63.7,7.2,254.9,1070.7,34958.7,86.1,27439.8,17768.0,"{'timestamp': '2026-09-01T21:13:56.639156+00:00', 'model_version': 'gemma4:31b-mlx', 'prompt_hash': 'a6af280e'}"
7,real_mixed_24,gemma4:31b-mlx_kb_rag,450.217875957489,24.87,0,direct_json,0.5555555555555556,0.7142857142857143,0.6250000000000001,0.0,0,23.4,100.0,1.1,54.0,975.7,32520.6,89.2,27388.8,17768.0,"{'timestamp': '2026-09-01T21:20:40.294520+00:00', 'model_version': 'gemma4:31b-mlx', 'prompt_hash': 'a6af280e'}"
8,real_mixed_25,gemma4:31b-mlx_kb_rag,600.1851449012756,24.29,0,direct_json,0.5384615384615384,0.5833333333333334,0.5599999999999999,0.0,0,15.0,100.0,1.2,49.1,813.1,32592.3,89.4,27202.8,17768.0,"{'timestamp': '2026-09-01T21:23:10.465742+00:00', 'model_version': 'gemma4:31b-mlx', 'prompt_hash': 'a6af280e'}"
8,real_mixed_26,gemma4:31b-mlx_kb_rag,1036.4653310775757,27.37,0,direct_json,0.525,0.5833333333333334,0.5526315789473685,0.0,0,12.5,66.7,1.0,81.4,813.1,31557.4,87.9,27336.2,17768.0,"{'timestamp': '2026-09-01T21:30:26.748721+00:00', 'model_version': 'gemma4:31b-mlx', 'prompt_hash': 'a6af280e'}"
8,real_mixed_27,gemma4:31b-mlx_kb_rag,669.3599171638489,25.33,0,direct_json,0.7058823529411765,0.8888888888888888,0.7868852459016393,0.0,0,12.8,63.7,1.1,48.9,813.1,32218.8,89.2,27564.0,17768.0,"{'timestamp': '2026-09-01T21:24:19.638641+00:00', 'model_version': 'gemma4:31b-mlx', 'prompt_hash': 'a6af280e'}"
1,real_mixed_4,gemma4:31b-mlx_kb_rag,1105.102962255478,17.9,0,direct_json,0.6875,0.7857142857142857,0.7333333333333334,0.0,0,19.0,100.0,1.2,79.7,975.3,31733.8,88.2,27241.5,17768.0,"{'timestamp': '2026-09-01T21:31:35.199456+00:00', 'model_version': 'gemma4:31b-mlx', 'prompt_hash': 'a6af280e'}"
1,real_mixed_5,gemma4:31b-mlx_kb_rag,365.58781003952026,25.52,0,direct_json,0.42857142857142855,0.9,0.5806451612903225,0.0,0,22.4,65.2,1.0,60.0,975.7,33183.6,89.0,27456.9,17768.0,"{'timestamp': '2026-09-01T21:19:15.682440+00:00', 'model_version': 'gemma4:31b-mlx', 'prompt_hash': 'a6af280e'}"
1,real_mixed_6,gemma4:31b-mlx_kb_rag,307.82637786865234,22.84,0,direct_json,0.7368421052631579,0.7777777777777778,0.7567567567567567,0.0,0,15.9,100.0,0.8,65.1,931.2,34060.1,88.9,27346.7,17768.0,"{'timestamp': '2026-09-01T21:18:18.099436+00:00', 'model_version': 'gemma4:31b-mlx', 'prompt_hash': 'a6af280e'}"
2,real_mixed_7,gemma4:31b-mlx_kb_rag,1164.8963360786438,21.51,0,direct_json,0.631578947368421,0.8571428571428571,0.7272727272727273,0.0,0,15.7,100.0,1.3,78.4,813.1,31784.5,88.3,27271.2,17768.0,"{'timestamp': '2026-09-01T21:32:35.155074+00:00', 'model_version': 'gemma4:31b-mlx', 'prompt_hash': 'a6af280e'}"
2,real_mixed_8,gemma4:31b-mlx_kb_rag,916.4758801460266,24.43,0,direct_json,0.5,0.5555555555555556,0.5263157894736842,0.0,0,16.1,100.0,1.1,85.0,813.1,31715.4,88.2,27449.9,17768.0,"{'timestamp': '2026-09-01T21:28:26.741140+00:00', 'model_version': 'gemma4:31b-mlx', 'prompt_hash': 'a6af280e'}"
2,real_mixed_9,gemma4:31b-mlx_kb_rag,1283.7562029361725,18.66,0,fallback,1.0,0.0,0.0,0.0,0,13.2,100.0,1.1,74.1,813.1,31780.5,88.4,27262.4,17768.0,"{'timestamp': '2026-09-01T21:34:34.019959+00:00', 'model_version': 'gemma4:31b-mlx', 'prompt_hash': 'a6af280e'}"
3,real_mixed_10,gemma4:31b-mlx_kb_rag,967.3940210342407,24.7,0,direct_json,0.4,1.0,0.5714285714285715,0.0,0,17.3,100.0,1.1,84.2,813.1,31662.1,88.0,27489.0,17768.0,"{'timestamp': '2026-09-01T21:29:17.644075+00:00', 'model_version': 'gemma4:31b-mlx', 'prompt_hash': 'a6af280e'}"
3,real_mixed_11,gemma4:31b-mlx_kb_rag,1377.8213949203491,23.23,0,direct_json,0.6428571428571429,1.0,0.782608695652174,0.0,0,12.7,84.0,1.3,73.9,813.1,31680.3,88.0,27098.4,17768.0,"{'timestamp': '2026-09-01T21:36:08.082829+00:00', 'model_version': 'gemma4:31b-mlx', 'prompt_hash': 'a6af280e'}"
3,real_mixed_12,gemma4:31b-mlx_kb_rag,714.6180610656738,22.13,0,direct_json,0.5384615384615384,1.0,0.7000000000000001,0.0,0,12.6,85.7,1.5,49.4,931.2,32019.9,89.2,26728.1,17768.0,"{'timestamp': '2026-09-01T21:25:04.860867+00:00', 'model_version': 'gemma4:31b-mlx', 'prompt_hash': 'a6af280e'}"
6,real_mixed_19,gemma4:31b-mlx_kb_rag,1436.2822980880737,23.14,0,direct_json,0.9090909090909091,1.0,0.9523809523809523,0.0,0,12.8,100.0,1.4,80.2,813.1,31602.8,87.9,26681.8,17768.0,"{'timestamp': '2026-09-01T21:37:06.554324+00:00', 'model_version': 'gemma4:31b-mlx', 'prompt_hash': 'a6af280e'}"
6,real_mixed_20,gemma4:31b-mlx_kb_rag,1482.6247742176056,23.41,0,direct_json,0.6666666666666666,0.5,0.5714285714285715,0.0,0,15.4,100.0,1.2,79.9,813.1,31516.2,87.9,26634.0,17768.0,"{'timestamp': '2026-09-01T21:37:52.911801+00:00', 'model_version': 'gemma4:31b-mlx', 'prompt_hash': 'a6af280e'}"
6,real_mixed_21,gemma4:31b-mlx_kb_rag,778.4963901042938,23.17,0,direct_json,0.7333333333333333,0.7857142857142857,0.7586206896551724,0.0,0,12.8,100.0,1.1,49.0,813.1,31791.0,89.1,27804.6,17768.0,"{'timestamp': '2026-09-01T21:26:08.775582+00:00', 'model_version': 'gemma4:31b-mlx', 'prompt_hash': 'a6af280e'}"
5,real_mixed_16,gemma4:31b-mlx_kb_rag,1516.0725622177124,23.08,0,direct_json,0.6923076923076923,1.0,0.8181818181818181,0.07692307692307693,1,13.1,100.0,1.4,82.8,813.1,31451.8,87.9,26569.0,17768.0,"{'timestamp': '2026-09-01T21:38:26.348188+00:00', 'model_version': 'gemma4:31b-mlx', 'prompt_hash': 'a6af280e'}"
5,real_mixed_17,gemma4:31b-mlx_kb_rag,1314.696002960205,20.97,0,direct_json,0.4,1.0,0.5714285714285715,0.0,0,18.7,100.0,1.4,74.6,813.1,31722.1,88.3,27200.3,17768.0,"{'timestamp': '2026-09-01T21:35:04.955962+00:00', 'model_version': 'gemma4:31b-mlx', 'prompt_hash': 'a6af280e'}"
5,real_mixed_18,gemma4:31b-mlx_kb_rag,860.3185760974884,23.42,0,direct_json,0.6923076923076923,0.75,0.7199999999999999,0.0,0,12.3,63.7,1.1,74.4,813.1,31737.3,88.5,26735.9,17768.0,"{'timestamp': '2026-09-01T21:27:30.602661+00:00', 'model_version': 'gemma4:31b-mlx', 'prompt_hash': 'a6af280e'}"
4,real_mixed_13,gemma4:31b-mlx_kb_rag,1637.542060136795,23.69,0,direct_json,0.5555555555555556,0.8823529411764706,0.6818181818181819,0.0,0,13.9,100.0,1.5,85.3,813.1,31284.7,87.9,27459.3,17768.0,"{'timestamp': '2026-09-01T21:40:27.826792+00:00', 'model_version': 'gemma4:31b-mlx', 'prompt_hash': 'a6af280e'}"
4,real_mixed_14,gemma4:31b-mlx_kb_rag,423.5748858451843,25.43,0,direct_json,0.8461538461538461,0.9166666666666666,0.8799999999999999,0.0,0,13.5,63.7,0.8,55.4,813.1,32584.0,89.1,27204.0,17768.0,"{'timestamp': '2026-09-01T21:20:13.858407+00:00', 'model_version': 'gemma4:31b-mlx', 'prompt_hash': 'a6af280e'}"
4,real_mixed_15,gemma4:31b-mlx_kb_rag,1563.8015830516815,23.54,0,direct_json,0.30434782608695654,0.7777777777777778,0.43750000000000006,0.0,0,12.7,100.0,1.5,86.3,813.1,31373.2,87.9,27100.3,17768.0,"{'timestamp': '2026-09-01T21:39:14.079900+00:00', 'model_version': 'gemma4:31b-mlx', 'prompt_hash': 'a6af280e'}"
9,real_mixed_28,gemma4:31b-mlx_kb_rag,1237.761766910553,15.36,0,direct_json,0.625,0.6666666666666666,0.6451612903225806,0.0,0,16.4,100.0,1.6,97.9,544.8,30990.3,87.7,27304.0,17768.0,"{'timestamp': '2026-09-01T21:42:32.595811+00:00', 'model_version': 'gemma4:31b-mlx', 'prompt_hash': 'a6af280e'}"
9,real_mixed_29,gemma4:31b-mlx_kb_rag,1311.5043017864227,20.79,0,direct_json,0.4,0.8333333333333334,0.5405405405405406,0.0,0,14.7,100.0,1.6,95.2,544.8,30905.5,87.7,27366.5,17768.0,"{'timestamp': '2026-09-01T21:43:46.336398+00:00', 'model_version': 'gemma4:31b-mlx', 'prompt_hash': 'a6af280e'}"
9,real_mixed_30,gemma4:31b-mlx_kb_rag,1155.4816799163818,16.8,0,direct_json,0.6363636363636364,0.875,0.7368421052631579,0.0,0,15.4,100.0,1.7,102.3,544.8,30710.8,87.3,27542.4,17768.0,"{'timestamp': '2026-09-01T21:41:10.311099+00:00', 'model_version': 'gemma4:31b-mlx', 'prompt_hash': 'a6af280e'}"
10,real_mixed_31,gemma4:31b-mlx_kb_rag,1189.488776922226,16.78,0,direct_json,0.2857142857142857,1.0,0.4444444444444445,0.0,0,13.1,100.0,1.7,105.0,621.1,30885.4,87.5,26742.8,17768.0,"{'timestamp': '2026-09-01T21:46:31.151251+00:00', 'model_version': 'gemma4:31b-mlx', 'prompt_hash': 'a6af280e'}"
10,real_mixed_32,gemma4:31b-mlx_kb_rag,1139.1478731632233,22.06,0,direct_json,0.2,0.42857142857142855,0.27272727272727276,0.0,0,12.9,84.0,1.7,107.5,621.1,30940.1,87.7,27017.8,17768.0,"{'timestamp': '2026-09-01T21:45:40.813626+00:00', 'model_version': 'gemma4:31b-mlx', 'prompt_hash': 'a6af280e'}"
10,real_mixed_33,gemma4:31b-mlx_kb_rag,1089.2997961044312,21.35,0,direct_json,0.75,0.9230769230769231,0.8275862068965517,0.0,0,12.5,100.0,1.8,110.3,621.1,31043.6,87.6,27941.8,17768.0,"{'timestamp': '2026-09-01T21:44:50.973907+00:00', 'model_version': 'gemma4:31b-mlx', 'prompt_hash': 'a6af280e'}"
11,real_mixed_34,gemma4:31b-mlx_kb_rag,1106.112613916397,16.65,0,direct_json,0.5384615384615384,0.7,0.608695652173913,0.0,0,12.9,100.0,1.8,125.5,621.1,30974.8,87.3,28043.4,17768.0,"{'timestamp': '2026-09-01T21:48:53.309851+00:00', 'model_version': 'gemma4:31b-mlx', 'prompt_hash': 'a6af280e'}"
11,real_mixed_35,gemma4:31b-mlx_kb_rag,1048.0728583335876,17.43,0,direct_json,0.5384615384615384,1.0,0.7000000000000001,0.0,0,12.2,100.0,2.0,117.0,621.1,31000.2,87.5,27480.3,17768.0,"{'timestamp': '2026-09-01T21:47:55.258747+00:00', 'model_version': 'gemma4:31b-mlx', 'prompt_hash': 'a6af280e'}"
11,real_mixed_36,gemma4:31b-mlx_kb_rag,1157.3663177490234,19.48,0,direct_json,0.5909090909090909,0.5909090909090909,0.5909090909090909,0.0,0,14.7,84.0,1.7,123.2,621.1,30901.8,87.2,27033.1,17768.0,"{'timestamp': '2026-09-01T21:49:44.565827+00:00', 'model_version': 'gemma4:31b-mlx', 'prompt_hash': 'a6af280e'}"
12,real_mixed_37,gemma4:31b-mlx_kb_rag,1301.703059911728,18.41,0,direct_json,0.6470588235294118,0.9166666666666666,0.7586206896551724,0.0,0,13.3,100.0,1.6,117.6,621.1,30912.9,87.5,27296.2,17768.0,"{'timestamp': '2026-09-01T21:53:17.555467+00:00', 'model_version': 'gemma4:31b-mlx', 'prompt_hash': 'a6af280e'}"
12,real_mixed_38,gemma4:31b-mlx_kb_rag,1241.8575699329376,14.26,0,direct_json,0.7222222222222222,1.0,0.8387096774193548,0.0,0,13.9,100.0,1.6,120.4,621.1,30934.7,87.5,27268.4,17768.0,"{'timestamp': '2026-09-01T21:52:17.714538+00:00', 'model_version': 'gemma4:31b-mlx', 'prompt_hash': 'a6af280e'}"
12,real_mixed_39,gemma4:31b-mlx_kb_rag,1136.0662610530853,16.65,0,direct_json,0.7,1.0,0.8235294117647058,0.0,0,15.0,100.0,1.8,128.1,621.1,30630.5,87.0,27044.6,17768.0,"{'timestamp': '2026-09-01T21:50:31.910633+00:00', 'model_version': 'gemma4:31b-mlx', 'prompt_hash': 'a6af280e'}"
13,real_mixed_40,gemma4:31b-mlx_kb_rag,1189.4160132408142,18.17,0,direct_json,0.6153846153846154,0.6666666666666666,0.64,0.0,0,13.3,100.0,1.7,128.2,621.1,30618.7,87.2,27296.2,17768.0,"{'timestamp': '2026-09-01T21:54:25.010377+00:00', 'model_version': 'gemma4:31b-mlx', 'prompt_hash': 'a6af280e'}"
13,real_mixed_41,gemma4:31b-mlx_kb_rag,1341.4614160060883,21.66,0,direct_json,0.7368421052631579,0.7777777777777778,0.7567567567567567,0.0,0,14.2,88.9,1.6,120.0,621.1,30420.2,87.4,27417.1,17768.0,"{'timestamp': '2026-09-01T21:56:57.062709+00:00', 'model_version': 'gemma4:31b-mlx', 'prompt_hash': 'a6af280e'}"
13,real_mixed_42,gemma4:31b-mlx_kb_rag,1293.1777367591858,21.37,0,direct_json,0.68,0.7083333333333334,0.6938775510204083,0.0,0,13.6,100.0,1.6,122.7,621.1,30484.4,87.3,27761.5,17768.0,"{'timestamp': '2026-09-01T21:56:08.783667+00:00', 'model_version': 'gemma4:31b-mlx', 'prompt_hash': 'a6af280e'}"
14,real_mixed_43,gemma4:31b-mlx_kb_rag,1477.1604640483856,17.0,0,fallback,1.0,0.0,0.0,0.0,0,13.1,100.0,1.5,115.2,621.1,30289.7,87.8,27496.5,17768.0,"{'timestamp': '2026-09-01T22:00:45.786997+00:00', 'model_version': 'gemma4:31b-mlx', 'prompt_hash': 'a6af280e'}"
14,real_mixed_44,gemma4:31b-mlx_kb_rag,1332.211107969284,20.36,0,direct_json,0.5416666666666666,0.9285714285714286,0.6842105263157894,0.0,0,10.6,100.0,1.6,121.6,621.1,30337.6,87.8,27368.7,17768.0,"{'timestamp': '2026-09-01T21:58:20.838754+00:00', 'model_version': 'gemma4:31b-mlx', 'prompt_hash': 'a6af280e'}"
14,real_mixed_45,gemma4:31b-mlx_kb_rag,1564.2390327453613,14.03,0,direct_json,0.6666666666666666,0.8333333333333334,0.7407407407407408,0.0,0,11.6,100.0,1.5,109.8,621.1,30457.3,88.0,27496.5,17768.0,"{'timestamp': '2026-09-01T22:02:12.870348+00:00', 'model_version': 'gemma4:31b-mlx', 'prompt_hash': 'a6af280e'}"
15,real_mixed_46,gemma4:31b-mlx_kb_rag,1661.8005759716034,20.07,0,direct_json,0.6666666666666666,0.5714285714285714,0.6153846153846153,0.0,0,12.4,100.0,1.4,101.8,621.1,30353.2,88.1,27428.7,17768.0,"{'timestamp': '2026-09-01T22:05:35.314540+00:00', 'model_version': 'gemma4:31b-mlx', 'prompt_hash': 'a6af280e'}"
15,real_mixed_47,gemma4:31b-mlx_kb_rag,1606.9831659793854,16.75,0,direct_json,0.7037037037037037,0.7037037037037037,0.7037037037037037,0.037037037037037035,1,10.6,64.5,1.5,103.5,621.1,30402.8,88.0,27428.7,17768.0,"{'timestamp': '2026-09-01T22:04:40.516348+00:00', 'model_version': 'gemma4:31b-mlx', 'prompt_hash': 'a6af280e'}"
15,real_mixed_48,gemma4:31b-mlx_kb_rag,1512.1643781661987,15.38,0,direct_json,0.45454545454545453,0.8333333333333334,0.5882352941176471,0.0,0,13.2,100.0,1.5,107.0,621.1,30490.7,88.0,27302.1,17768.0,"{'timestamp': '2026-09-01T22:03:05.662202+00:00', 'model_version': 'gemma4:31b-mlx', 'prompt_hash': 'a6af280e'}"
16,real_mixed_49,gemma4:31b-mlx_kb_rag,1807.3737931251526,20.43,0,direct_json,0.6470588235294118,0.7857142857142857,0.7096774193548386,0.0,0,10.4,64.5,1.4,96.3,621.1,30257.9,88.0,28073.7,17768.0,"{'timestamp': '2026-09-01T22:08:34.202972+00:00', 'model_version': 'gemma4:31b-mlx', 'prompt_hash': 'a6af280e'}"
16,real_mixed_50,gemma4:31b-mlx_kb_rag,1762.9899830818176,16.52,0,fallback,1.0,0.0,0.0,0.0,0,11.7,100.0,1.4,97.0,621.1,30295.3,88.0,27798.7,17768.0,"{'timestamp': '2026-09-01T22:07:49.817671+00:00', 'model_version': 'gemma4:31b-mlx', 'prompt_hash': 'a6af280e'}"
16,real_mixed_51,gemma4:31b-mlx_kb_rag,1860.6567378044128,17.76,0,direct_json,0.46153846153846156,0.6666666666666666,0.5454545454545455,0.07692307692307693,1,14.0,100.0,1.4,95.8,621.1,30245.4,88.0,28073.7,17768.0,"{'timestamp': '2026-09-01T22:09:27.493302+00:00', 'model_version': 'gemma4:31b-mlx', 'prompt_hash': 'a6af280e'}"
17,real_mixed_52,gemma4:31b-mlx_kb_rag,1900.7559030056,16.45,0,direct_json,0.5217391304347826,0.8571428571428571,0.6486486486486486,0.0,0,17.2,100.0,1.4,94.1,621.1,30502.3,88.2,27257.2,17768.0,"{'timestamp': '2026-09-01T22:12:09.060440+00:00', 'model_version': 'gemma4:31b-mlx', 'prompt_hash': 'a6af280e'}"
17,real_mixed_53,gemma4:31b-mlx_kb_rag,1790.5504403114319,23.33,0,direct_json,0.29411764705882354,0.8333333333333334,0.4347826086956522,0.0,0,13.3,100.0,1.4,97.5,621.1,30287.2,88.0,27273.5,17768.0,"{'timestamp': '2026-09-01T22:10:18.846929+00:00', 'model_version': 'gemma4:31b-mlx', 'prompt_hash': 'a6af280e'}"
17,real_mixed_54,gemma4:31b-mlx_kb_rag,1934.371428012848,22.76,0,direct_json,0.5,1.0,0.6666666666666666,0.0,0,11.5,100.0,1.3,93.0,621.1,30500.4,88.2,27348.7,17768.0,"{'timestamp': '2026-09-01T22:12:42.675343+00:00', 'model_version': 'gemma4:31b-mlx', 'prompt_hash': 'a6af280e'}"
18,real_mixed_55,gemma4:31b-mlx_kb_rag,1898.798670053482,24.26,0,direct_json,0.3333333333333333,0.6666666666666666,0.4444444444444444,0.0,0,10.1,64.5,1.4,97.9,621.0,30255.3,87.4,27290.3,17768.0,"{'timestamp': '2026-09-01T22:15:26.348624+00:00', 'model_version': 'gemma4:31b-mlx', 'prompt_hash': 'a6af280e'}"
18,real_mixed_56,gemma4:31b-mlx_kb_rag,1820.9414930343628,25.85,0,direct_json,0.2916666666666667,0.5,0.3684210526315789,0.0,0,13.2,100.0,1.4,98.7,621.3,30242.5,87.5,27257.8,17768.0,"{'timestamp': '2026-09-01T22:14:08.499882+00:00', 'model_version': 'gemma4:31b-mlx', 'prompt_hash': 'a6af280e'}"
18,real_mixed_57,gemma4:31b-mlx_kb_rag,1770.3534531593323,26.03,0,direct_json,0.7,0.7777777777777778,0.7368421052631577,0.05,1,10.2,64.5,1.4,98.6,621.0,30221.8,87.8,27253.1,17768.0,"{'timestamp': '2026-09-01T22:13:17.907705+00:00', 'model_version': 'gemma4:31b-mlx', 'prompt_hash': 'a6af280e'}"
19,real_mixed_58,gemma4:31b-mlx_kb_rag,1898.8921120166779,25.93,0,direct_json,0.47058823529411764,0.7272727272727273,0.5714285714285714,0.0,0,10.3,100.0,1.4,98.0,543.4,30255.9,87.4,27441.0,17768.0,"{'timestamp': '2026-09-01T22:18:10.561593+00:00', 'model_version': 'gemma4:31b-mlx', 'prompt_hash': 'a6af280e'}"
19,real_mixed_59,gemma4:31b-mlx_kb_rag,1832.7653920650482,24.93,0,fallback,0.6666666666666666,0.48,0.5581395348837209,0.0,0,10.1,64.5,1.4,99.7,543.5,30309.3,87.3,27299.3,17768.0,"{'timestamp': '2026-09-01T22:17:04.434736+00:00', 'model_version': 'gemma4:31b-mlx', 'prompt_hash': 'a6af280e'}"
19,real_mixed_60,gemma4:31b-mlx_kb_rag,1942.1955201625824,26.34,0,direct_json,0.9166666666666666,0.8461538461538461,0.8799999999999999,0.0,0,10.4,71.4,1.4,97.4,543.5,30234.3,87.4,26781.7,17768.0,"{'timestamp': '2026-09-01T22:18:53.874157+00:00', 'model_version': 'gemma4:31b-mlx', 'prompt_hash': 'a6af280e'}"
20,real_mixed_61,gemma4:31b-mlx_kb_rag,1844.9806480407715,24.66,0,direct_json,0.5121951219512195,0.75,0.6086956521739131,0.024390243902439025,1,10.6,74.2,1.5,72.4,543.5,30126.4,88.0,27309.5,17768.0,"{'timestamp': '2026-09-01T22:20:30.095359+00:00', 'model_version': 'gemma4:31b-mlx', 'prompt_hash': 'a6af280e'}"
20,real_mixed_62,gemma4:31b-mlx_kb_rag,1920.2294461727142,18.48,0,direct_json,0.42857142857142855,0.5454545454545454,0.4799999999999999,0.0,0,11.2,74.1,1.4,70.9,543.4,30292.0,88.2,27297.8,17768.0,"{'timestamp': '2026-09-01T22:21:45.320604+00:00', 'model_version': 'gemma4:31b-mlx', 'prompt_hash': 'a6af280e'}"
20,real_mixed_63,gemma4:31b-mlx_kb_rag,1978.9619438648224,20.26,0,direct_json,0.15384615384615385,0.25,0.1904761904761905,0.0,0,11.3,100.0,1.4,69.6,543.4,30412.0,88.1,27787.1,17768.0,"{'timestamp': '2026-09-01T22:22:44.044902+00:00', 'model_version': 'gemma4:31b-mlx', 'prompt_hash': 'a6af280e'}"
21,real_mixed_64,gemma4:31b-mlx_kb_rag,1902.942274093628,24.07,0,direct_json,0.25,1.0,0.4,0.0,0,10.9,100.0,1.4,74.9,543.5,30141.2,87.8,27152.1,17768.0,"{'timestamp': '2026-09-01T22:25:01.027731+00:00', 'model_version': 'gemma4:31b-mlx', 'prompt_hash': 'a6af280e'}"
21,real_mixed_65,gemma4:31b-mlx_kb_rag,1800.2502419948578,25.81,0,direct_json,0.4444444444444444,0.5,0.47058823529411764,0.0,0,10.6,100.0,1.4,75.3,543.5,30229.4,87.7,26938.1,17768.0,"{'timestamp': '2026-09-01T22:23:18.340436+00:00', 'model_version': 'gemma4:31b-mlx', 'prompt_hash': 'a6af280e'}"
21,real_mixed_66,gemma4:31b-mlx_kb_rag,1878.7970943450928,25.03,0,direct_json,0.5,0.7,0.5833333333333334,0.0,0,10.1,73.2,1.4,74.9,543.5,30160.2,87.8,27291.8,17768.0,"{'timestamp': '2026-09-01T22:24:36.911978+00:00', 'model_version': 'gemma4:31b-mlx', 'prompt_hash': 'a6af280e'}"
22,real_mixed_67,gemma4:31b-mlx_kb_rag,1785.830982208252,23.61,0,direct_json,0.5714285714285714,0.7058823529411765,0.6315789473684211,0.14285714285714285,3,11.1,100.0,1.5,75.9,543.4,30225.5,87.7,27710.6,17768.0,"{'timestamp': '2026-09-01T22:26:43.374751+00:00', 'model_version': 'gemma4:31b-mlx', 'prompt_hash': 'a6af280e'}"
22,real_mixed_68,gemma4:31b-mlx_kb_rag,1731.4276340007782,27.21,0,direct_json,0.47619047619047616,0.7692307692307693,0.588235294117647,0.0,0,12.7,100.0,1.5,76.5,543.4,30269.7,87.7,27068.4,17768.0,"{'timestamp': '2026-09-01T22:25:48.982667+00:00', 'model_version': 'gemma4:31b-mlx', 'prompt_hash': 'a6af280e'}"
22,real_mixed_69,gemma4:31b-mlx_kb_rag,1862.1018912792206,24.95,0,direct_json,0.6875,0.9166666666666666,0.7857142857142857,0.0,0,12.0,100.0,1.5,75.9,543.4,30198.4,87.6,26983.4,17768.0,"{'timestamp': '2026-09-01T22:27:59.668025+00:00', 'model_version': 'gemma4:31b-mlx', 'prompt_hash': 'a6af280e'}"
23,real_mixed_70,gemma4:31b-mlx_kb_rag,1660.6294510364532,24.51,0,direct_json,0.7142857142857143,0.7142857142857143,0.7142857142857143,0.0,0,13.8,100.0,1.5,82.0,539.0,30035.7,87.4,28095.6,17768.0,"{'timestamp': '2026-09-01T22:29:54.151996+00:00', 'model_version': 'gemma4:31b-mlx', 'prompt_hash': 'a6af280e'}"
23,real_mixed_71,gemma4:31b-mlx_kb_rag,1696.551805973053,25.55,0,direct_json,0.5,0.5,0.5,0.0,0,11.6,100.0,1.5,81.6,539.0,30034.0,87.4,27498.7,17768.0,"{'timestamp': '2026-09-01T22:30:30.069020+00:00', 'model_version': 'gemma4:31b-mlx', 'prompt_hash': 'a6af280e'}"
23,real_mixed_72,gemma4:31b-mlx_kb_rag,1608.8023972511292,23.49,0,direct_json,0.6666666666666666,0.8,0.7272727272727272,0.0,0,12.1,100.0,1.6,82.3,539.0,30066.4,87.4,27440.6,17768.0,"{'timestamp': '2026-09-01T22:29:02.348670+00:00', 'model_version': 'gemma4:31b-mlx', 'prompt_hash': 'a6af280e'}"
24,real_mixed_73,gemma4:31b-mlx_kb_rag,1678.3806128501892,23.98,0,direct_json,0.9285714285714286,0.8666666666666667,0.896551724137931,0.0,0,13.0,100.0,1.5,80.9,536.0,30385.6,87.7,26981.5,17768.0,"{'timestamp': '2026-09-01T22:33:34.102898+00:00', 'model_version': 'gemma4:31b-mlx', 'prompt_hash': 'a6af280e'}"
24,real_mixed_74,gemma4:31b-mlx_kb_rag,1522.3090949058533,23.72,0,direct_json,0.7272727272727273,0.8,0.761904761904762,0.0,0,10.8,100.0,1.6,84.4,536.0,30218.4,87.4,27479.0,17768.0,"{'timestamp': '2026-09-01T22:30:58.028098+00:00', 'model_version': 'gemma4:31b-mlx', 'prompt_hash': 'a6af280e'}"
24,real_mixed_75,gemma4:31b-mlx_kb_rag,1612.3633799552917,15.1,0,direct_json,0.6,1.0,0.7499999999999999,0.0,0,11.6,100.0,1.6,81.8,536.0,30457.0,87.6,27757.8,17768.0,"{'timestamp': '2026-09-01T22:32:28.068869+00:00', 'model_version': 'gemma4:31b-mlx', 'prompt_hash': 'a6af280e'}"
25,real_mixed_76,gemma4:31b-mlx_kb_rag,1500.1151399612427,22.29,0,direct_json,0.0,1.0,0.0,0.0,0,11.9,100.0,2.0,82.7,635.8,30546.5,87.5,26774.3,17768.0,"{'timestamp': '2026-09-01T22:34:28.094686+00:00', 'model_version': 'gemma4:31b-mlx', 'prompt_hash': 'a6af280e'}"
25,real_mixed_77,gemma4:31b-mlx_kb_rag,1558.4863541126251,26.51,0,direct_json,0.6956521739130435,0.8,0.7441860465116279,0.0,0,11.8,100.0,1.6,82.4,635.8,30577.8,87.0,26783.1,17768.0,"{'timestamp': '2026-09-01T22:35:26.493017+00:00', 'model_version': 'gemma4:31b-mlx', 'prompt_hash': 'a6af280e'}"
25,real_mixed_78,gemma4:31b-mlx_kb_rag,1626.5127770900726,22.96,0,direct_json,0.4444444444444444,1.0,0.6153846153846153,0.0,0,11.8,100.0,1.6,81.3,635.8,30577.5,87.0,26844.9,17768.0,"{'timestamp': '2026-09-01T22:36:34.504794+00:00', 'model_version': 'gemma4:31b-mlx', 'prompt_hash': 'a6af280e'}"
26,real_mixed_79,gemma4:31b-mlx_kb_rag,1546.1425490379333,25.18,0,direct_json,0.6153846153846154,0.8,0.6956521739130435,0.0,0,11.1,100.0,1.6,86.9,635.8,30299.0,86.7,27116.8,17768.0,"{'timestamp': '2026-09-01T22:38:29.312370+00:00', 'model_version': 'gemma4:31b-mlx', 'prompt_hash': 'a6af280e'}"
26,real_mixed_80,gemma4:31b-mlx_kb_rag,1627.822823047638,25.81,0,direct_json,0.5853658536585366,0.96,0.7272727272727272,0.0,0,11.3,73.2,1.6,84.9,635.8,30231.2,86.8,27615.9,17768.0,"{'timestamp': '2026-09-01T22:39:51.017021+00:00', 'model_version': 'gemma4:31b-mlx', 'prompt_hash': 'a6af280e'}"
26,real_mixed_81,gemma4:31b-mlx_kb_rag,1482.2448797225952,26.95,0,direct_json,0.6428571428571429,0.8181818181818182,0.7200000000000001,0.0,0,10.9,100.0,1.6,88.4,635.8,30342.7,86.6,26905.9,17768.0,"{'timestamp': '2026-09-01T22:37:25.417465+00:00', 'model_version': 'gemma4:31b-mlx', 'prompt_hash': 'a6af280e'}"
27,real_mixed_82,gemma4:31b-mlx_kb_rag,1514.6327688694,24.77,0,direct_json,0.375,0.6666666666666666,0.4800000000000001,0.0,0,13.1,100.0,1.6,85.3,635.8,30210.3,87.4,27314.6,17768.0,"{'timestamp': '2026-09-01T22:40:41.550970+00:00', 'model_version': 'gemma4:31b-mlx', 'prompt_hash': 'a6af280e'}"
27,real_mixed_83,gemma4:31b-mlx_kb_rag,1653.3826298713684,15.53,0,direct_json,0.7142857142857143,1.0,0.8333333333333333,0.0,0,12.5,100.0,1.5,80.9,635.8,30538.7,87.7,27214.0,17768.0,"{'timestamp': '2026-09-01T22:43:00.301826+00:00', 'model_version': 'gemma4:31b-mlx', 'prompt_hash': 'a6af280e'}"
27,real_mixed_84,gemma4:31b-mlx_kb_rag,1603.1276631355286,17.83,0,direct_json,0.8181818181818182,0.9,0.8571428571428572,0.0,0,10.7,73.2,1.6,82.6,635.8,30450.5,87.7,27214.0,17768.0,"{'timestamp': '2026-09-01T22:42:10.033244+00:00', 'model_version': 'gemma4:31b-mlx', 'prompt_hash': 'a6af280e'}"
28,real_mixed_85,gemma4:31b-mlx_kb_rag,1575.7212216854095,22.98,0,direct_json,0.5384615384615384,0.875,0.6666666666666667,0.0,0,14.7,100.0,1.6,80.8,635.8,30598.4,87.7,27340.3,17768.0,"{'timestamp': '2026-09-01T22:45:09.981258+00:00', 'model_version': 'gemma4:31b-mlx', 'prompt_hash': 'a6af280e'}"
28,real_mixed_86,gemma4:31b-mlx_kb_rag,1491.8337330818176,22.67,0,direct_json,0.8461538461538461,0.8461538461538461,0.8461538461538461,0.0,0,13.8,100.0,1.6,81.8,635.8,30693.6,87.7,28055.3,17768.0,"{'timestamp': '2026-09-01T22:43:46.098919+00:00', 'model_version': 'gemma4:31b-mlx', 'prompt_hash': 'a6af280e'}"
28,real_mixed_87,gemma4:31b-mlx_kb_rag,1661.747210264206,22.95,0,direct_json,0.4,0.5714285714285714,0.47058823529411764,0.0,0,14.0,100.0,1.5,79.1,635.8,30499.4,87.8,27373.4,17768.0,"{'timestamp': '2026-09-01T22:46:36.013124+00:00', 'model_version': 'gemma4:31b-mlx', 'prompt_hash': 'a6af280e'}"
29,real_mixed_88,gemma4:31b-mlx_kb_rag,1617.1163811683655,23.32,0,direct_json,0.5,1.0,0.6666666666666666,0.0,0,12.2,100.0,1.6,84.6,635.8,30066.3,87.6,27463.4,17768.0,"{'timestamp': '2026-09-01T22:49:41.806270+00:00', 'model_version': 'gemma4:31b-mlx', 'prompt_hash': 'a6af280e'}"
29,real_mixed_89,gemma4:31b-mlx_kb_rag,1504.8230168819427,22.17,0,direct_json,0.7142857142857143,0.7692307692307693,0.7407407407407408,0.0,0,12.5,100.0,1.6,86.6,635.8,30134.8,87.7,27420.6,17768.0,"{'timestamp': '2026-09-01T22:47:49.529459+00:00', 'model_version': 'gemma4:31b-mlx', 'prompt_hash': 'a6af280e'}"
29,real_mixed_90,gemma4:31b-mlx_kb_rag,1581.7407848834991,22.94,0,direct_json,0.3333333333333333,1.0,0.5,0.0,0,15.0,100.0,1.6,85.7,635.8,30075.2,87.7,27859.0,17768.0,"{'timestamp': '2026-09-01T22:49:06.441578+00:00', 'model_version': 'gemma4:31b-mlx', 'prompt_hash': 'a6af280e'}"
30,real_mixed_91,gemma4:31b-mlx_kb_rag,1554.9643111228943,23.64,0,direct_json,0.625,0.8333333333333334,0.7142857142857143,0.0,0,13.1,100.0,1.6,91.7,635.8,30180.9,87.4,27296.5,17768.0,"{'timestamp': '2026-09-01T22:50:56.398842+00:00', 'model_version': 'gemma4:31b-mlx', 'prompt_hash': 'a6af280e'}"
30,real_mixed_92,gemma4:31b-mlx_kb_rag,1610.8616299629211,18.84,0,direct_json,0.4444444444444444,0.5333333333333333,0.4848484848484848,0.0,0,13.6,100.0,1.6,89.9,635.8,30294.0,87.5,27435.3,17768.0,"{'timestamp': '2026-09-01T22:51:52.307682+00:00', 'model_version': 'gemma4:31b-mlx', 'prompt_hash': 'a6af280e'}"
30,real_mixed_93,gemma4:31b-mlx_kb_rag,1508.4616639614105,24.81,0,direct_json,0.5384615384615384,0.7,0.608695652173913,0.0,0,12.5,100.0,1.7,88.0,635.8,30157.2,87.4,27385.3,17768.0,"{'timestamp': '2026-09-01T22:50:09.893348+00:00', 'model_version': 'gemma4:31b-mlx', 'prompt_hash': 'a6af280e'}"
31,real_mixed_94,gemma4:31b-mlx_kb_rag,1574.7065887451172,22.51,0,direct_json,0.782608695652174,0.8571428571428571,0.8181818181818182,0.0,0,13.1,100.0,1.6,90.9,635.8,30301.0,87.6,27119.0,17768.0,"{'timestamp': '2026-09-01T22:54:14.864318+00:00', 'model_version': 'gemma4:31b-mlx', 'prompt_hash': 'a6af280e'}"
31,real_mixed_95,gemma4:31b-mlx_kb_rag,1621.1596240997314,23.72,0,direct_json,0.16666666666666666,1.0,0.2857142857142857,0.08333333333333333,1,11.7,100.0,1.6,90.1,635.8,30247.4,87.6,27223.1,17768.0,"{'timestamp': '2026-09-01T22:55:01.301035+00:00', 'model_version': 'gemma4:31b-mlx', 'prompt_hash': 'a6af280e'}"
31,real_mixed_96,gemma4:31b-mlx_kb_rag,1507.093074798584,22.44,0,direct_json,0.5333333333333333,0.6666666666666666,0.5925925925925926,0.0,0,14.0,100.0,1.6,93.0,635.8,30356.6,87.6,27050.9,17768.0,"{'timestamp': '2026-09-01T22:53:07.248895+00:00', 'model_version': 'gemma4:31b-mlx', 'prompt_hash': 'a6af280e'}"
32,real_mixed_97,gemma4:31b-mlx_kb_rag,1520.2391459941864,22.82,0,direct_json,0.5333333333333333,0.8888888888888888,0.6666666666666667,0.0,0,10.8,73.8,1.5,88.1,635.8,30320.5,87.6,27955.6,17768.0,"{'timestamp': '2026-09-01T22:55:50.760120+00:00', 'model_version': 'gemma4:31b-mlx', 'prompt_hash': 'a6af280e'}"
32,real_mixed_98,gemma4:31b-mlx_kb_rag,1610.4747967720032,21.96,0,direct_json,0.56,0.5,0.5283018867924528,0.0,0,14.5,100.0,1.4,85.8,635.8,30249.1,87.7,27158.4,17768.0,"{'timestamp': '2026-09-01T22:57:21.013326+00:00', 'model_version': 'gemma4:31b-mlx', 'prompt_hash': 'a6af280e'}"
32,real_mixed_99,gemma4:31b-mlx_kb_rag,1678.0393869876862,22.48,0,direct_json,0.1,0.5,0.16666666666666669,0.0,0,14.0,100.0,1.4,84.1,635.8,30208.4,87.4,27701.5,17768.0,"{'timestamp': '2026-09-01T22:58:28.554191+00:00', 'model_version': 'gemma4:31b-mlx', 'prompt_hash': 'a6af280e'}"
33,real_mixed_100,gemma4:31b-mlx_kb_rag,1614.8112292289734,24.36,0,direct_json,0.19047619047619047,0.5714285714285714,0.2857142857142857,0.0,0,14.3,100.0,1.3,85.3,635.8,30051.7,86.5,27107.4,17768.0,"{'timestamp': '2026-09-01T23:00:29.936626+00:00', 'model_version': 'gemma4:31b-mlx', 'prompt_hash': 'a6af280e'}"
33,real_mixed_101,gemma4:31b-mlx_kb_rag,1563.4079241752625,24.27,0,direct_json,0.4166666666666667,0.7142857142857143,0.5263157894736842,0.0,0,13.4,100.0,1.4,85.7,635.8,29995.4,86.7,27111.2,17768.0,"{'timestamp': '2026-09-01T22:59:38.524665+00:00', 'model_version': 'gemma4:31b-mlx', 'prompt_hash': 'a6af280e'}"
33,real_mixed_102,gemma4:31b-mlx_kb_rag,1510.4873259067535,21.44,0,direct_json,0.0,1.0,0.0,0.0,0,15.0,100.0,1.4,86.6,635.8,30004.3,87.0,26929.0,17768.0,"{'timestamp': '2026-09-01T22:58:45.595554+00:00', 'model_version': 'gemma4:31b-mlx', 'prompt_hash': 'a6af280e'}"
34,real_mixed_103,gemma4:31b-mlx_kb_rag,1458.68896317482,19.75,0,direct_json,0.0,1.0,0.0,0.0,0,10.9,100.0,1.3,86.3,551.3,30012.3,87.3,27107.4,17768.0,"{'timestamp': '2026-09-01T23:00:53.613949+00:00', 'model_version': 'gemma4:31b-mlx', 'prompt_hash': 'a6af280e'}"
34,real_mixed_104,gemma4:31b-mlx_kb_rag,1556.6923069953918,17.81,0,direct_json,0.36363636363636365,0.8,0.5000000000000001,0.0,0,13.4,100.0,1.3,82.8,551.3,30273.0,87.4,27291.8,17768.0,"{'timestamp': '2026-09-01T23:02:31.631676+00:00', 'model_version': 'gemma4:31b-mlx', 'prompt_hash': 'a6af280e'}"
34,real_mixed_105,gemma4:31b-mlx_kb_rag,1599.083102941513,23.07,0,direct_json,0.6666666666666666,0.8,0.7272727272727272,0.0,0,12.1,100.0,1.3,81.6,551.3,30227.4,87.4,27009.9,17768.0,"{'timestamp': '2026-09-01T23:03:14.023115+00:00', 'model_version': 'gemma4:31b-mlx', 'prompt_hash': 'a6af280e'}"
35,real_mixed_106,gemma4:31b-mlx_kb_rag,1552.20392203331,22.82,0,direct_json,0.6666666666666666,1.0,0.8,0.0,0,11.6,100.0,1.2,72.8,551.3,30215.7,87.3,27371.5,17768.0,"{'timestamp': '2026-09-01T23:05:43.637047+00:00', 'model_version': 'gemma4:31b-mlx', 'prompt_hash': 'a6af280e'}"
35,real_mixed_107,gemma4:31b-mlx_kb_rag,1529.5144822597504,21.6,0,direct_json,0.8,0.9230769230769231,0.8571428571428571,0.0,0,13.5,100.0,1.2,73.2,551.3,30233.1,87.3,27431.8,17768.0,"{'timestamp': '2026-09-01T23:05:20.942396+00:00', 'model_version': 'gemma4:31b-mlx', 'prompt_hash': 'a6af280e'}"
35,real_mixed_108,gemma4:31b-mlx_kb_rag,1458.1832711696625,23.25,0,direct_json,0.2857142857142857,0.8,0.4210526315789473,0.0,0,14.7,100.0,1.2,75.5,551.3,30309.1,87.3,27415.6,17768.0,"{'timestamp': '2026-09-01T23:04:09.612006+00:00', 'model_version': 'gemma4:31b-mlx', 'prompt_hash': 'a6af280e'}"
36,real_mixed_109,gemma4:31b-mlx_kb_rag,1467.1264040470123,21.38,0,fallback,1.0,0.0,0.0,0.0,0,12.3,100.0,1.1,70.0,532.3,29783.5,86.8,27961.8,17768.0,"{'timestamp': '2026-09-01T23:07:28.027939+00:00', 'model_version': 'gemma4:31b-mlx', 'prompt_hash': 'a6af280e'}"
36,real_mixed_110,gemma4:31b-mlx_kb_rag,1521.8548080921173,24.4,0,direct_json,0.5,0.3888888888888889,0.43750000000000006,0.0,0,13.2,100.0,1.0,69.2,533.5,29782.5,86.7,27153.7,17768.0,"{'timestamp': '2026-09-01T23:08:22.729151+00:00', 'model_version': 'gemma4:31b-mlx', 'prompt_hash': 'a6af280e'}"
36,real_mixed_111,gemma4:31b-mlx_kb_rag,1571.9662117958069,23.05,0,direct_json,0.7428571428571429,0.8666666666666667,0.8,0.0,0,10.6,87.8,1.0,67.6,533.6,29771.6,86.5,26981.8,17768.0,"{'timestamp': '2026-09-01T23:09:12.847091+00:00', 'model_version': 'gemma4:31b-mlx', 'prompt_hash': 'a6af280e'}"
37,real_mixed_112,gemma4:31b-mlx_kb_rag,1575.8983628749847,18.04,0,direct_json,0.4444444444444444,0.8,0.5714285714285714,0.0,0,12.1,77.0,0.9,63.1,533.6,30329.9,86.5,27737.4,17768.0,"{'timestamp': '2026-09-01T23:12:52.823528+00:00', 'model_version': 'gemma4:31b-mlx', 'prompt_hash': 'a6af280e'}"
37,real_mixed_113,gemma4:31b-mlx_kb_rag,1499.751441001892,19.62,0,direct_json,0.7,0.7777777777777778,0.7368421052631577,0.0,0,11.9,100.0,0.9,65.6,532.3,30167.8,86.4,27175.6,17768.0,"{'timestamp': '2026-09-01T23:11:36.672693+00:00', 'model_version': 'gemma4:31b-mlx', 'prompt_hash': 'a6af280e'}"
37,real_mixed_114,gemma4:31b-mlx_kb_rag,1413.1152169704437,23.34,0,direct_json,0.4117647058823529,1.0,0.5833333333333334,0.0,0,17.4,100.0,0.9,68.1,532.3,30023.3,86.1,27532.4,17768.0,"{'timestamp': '2026-09-01T23:10:09.980219+00:00', 'model_version': 'gemma4:31b-mlx', 'prompt_hash': 'a6af280e'}"
38,real_mixed_115,gemma4:31b-mlx_kb_rag,1460.8440551757812,22.24,0,direct_json,0.5,1.0,0.6666666666666666,0.0,0,14.9,100.0,0.7,58.7,525.7,30483.8,86.5,27132.8,17768.0,"{'timestamp': '2026-09-01T23:14:03.049305+00:00', 'model_version': 'gemma4:31b-mlx', 'prompt_hash': 'a6af280e'}"
38,real_mixed_116,gemma4:31b-mlx_kb_rag,1432.4020187854767,23.67,0,direct_json,0.4,1.0,0.5714285714285715,0.0,0,14.5,100.0,0.7,59.4,525.7,30496.9,86.5,27024.9,17768.0,"{'timestamp': '2026-09-01T23:13:34.604515+00:00', 'model_version': 'gemma4:31b-mlx', 'prompt_hash': 'a6af280e'}"
38,real_mixed_117,gemma4:31b-mlx_kb_rag,1539.8791069984436,24.84,0,direct_json,0.3333333333333333,0.75,0.46153846153846156,0.0,0,20.2,100.0,0.7,57.9,525.7,30454.9,86.1,27132.8,17768.0,"{'timestamp': '2026-09-01T23:15:22.091234+00:00', 'model_version': 'gemma4:31b-mlx', 'prompt_hash': 'a6af280e'}"
39,real_mixed_118,gemma4:31b-mlx_kb_rag,1522.9056918621063,22.89,0,direct_json,0.625,1.0,0.7692307692307693,0.0,0,12.3,78.6,0.6,44.9,525.7,30253.6,86.1,27105.9,17768.0,"{'timestamp': '2026-09-01T23:17:15.665489+00:00', 'model_version': 'gemma4:31b-mlx', 'prompt_hash': 'a6af280e'}"
39,real_mixed_119,gemma4:31b-mlx_kb_rag,1484.5240502357483,24.91,0,direct_json,0.5,0.7142857142857143,0.588235294117647,0.0,0,12.8,74.7,0.6,45.0,525.7,30287.9,86.0,27082.8,17768.0,"{'timestamp': '2026-09-01T23:16:37.292899+00:00', 'model_version': 'gemma4:31b-mlx', 'prompt_hash': 'a6af280e'}"
39,real_mixed_120,gemma4:31b-mlx_kb_rag,1441.841344833374,26.76,0,direct_json,0.38461538461538464,1.0,0.5555555555555556,0.0,0,12.0,66.1,0.6,45.0,525.7,30332.1,85.9,27072.8,17768.0,"{'timestamp': '2026-09-01T23:15:54.602739+00:00', 'model_version': 'gemma4:31b-mlx', 'prompt_hash': 'a6af280e'}"
6,real_mixed_19,qwen2.5:14b_baseline,84.61495900154114,24.68,0,direct_json,0.8888888888888888,0.8,0.8421052631578948,0.0,0,8.6,85.5,3.3,86.7,86.7,23508.3,58.1,11698.5,8571.7,"{'timestamp': '2026-09-01T23:18:42.517773+00:00', 'model_version': 'qwen2.5:14b', 'prompt_hash': 'a6af280e'}"
6,real_mixed_20,qwen2.5:14b_baseline,79.06891894340515,24.0,0,direct_json,0.7,0.4375,0.5384615384615384,0.0,0,8.4,85.5,1.5,86.7,86.7,23373.0,57.8,11698.5,8571.7,"{'timestamp': '2026-09-01T23:18:36.983643+00:00', 'model_version': 'qwen2.5:14b', 'prompt_hash': 'a6af280e'}"
6,real_mixed_21,qwen2.5:14b_baseline,92.158775806427,23.9,0,direct_json,0.625,0.35714285714285715,0.45454545454545453,0.0,0,9.0,85.5,1.4,86.7,86.7,23687.1,58.4,11698.5,8571.7,"{'timestamp': '2026-09-01T23:18:50.061718+00:00', 'model_version': 'qwen2.5:14b', 'prompt_hash': 'a6af280e'}"
5,real_mixed_16,qwen2.5:14b_baseline,28.684695959091187,24.65,0,direct_json,0.6666666666666666,0.6666666666666666,0.6666666666666666,0.0,0,11.9,85.5,4.2,86.5,86.7,21401.0,54.1,11698.5,8571.7,"{'timestamp': '2026-09-01T23:17:46.575214+00:00', 'model_version': 'qwen2.5:14b', 'prompt_hash': 'a6af280e'}"
5,real_mixed_17,qwen2.5:14b_baseline,45.841891050338745,25.08,0,direct_json,0.25,1.0,0.4,0.0,0,8.8,85.5,1.9,86.6,86.7,22429.7,56.0,11698.5,8571.7,"{'timestamp': '2026-09-01T23:18:03.723196+00:00', 'model_version': 'qwen2.5:14b', 'prompt_hash': 'a6af280e'}"
5,real_mixed_18,qwen2.5:14b_baseline,116.82924318313599,24.43,0,direct_json,0.6363636363636364,0.5833333333333334,0.6086956521739131,0.0,0,10.3,100.0,1.2,86.7,86.9,24233.6,59.5,11698.5,8571.7,"{'timestamp': '2026-09-01T23:19:14.724156+00:00', 'model_version': 'qwen2.5:14b', 'prompt_hash': 'a6af280e'}"
1,real_mixed_4,qwen2.5:14b_baseline,132.4427580833435,24.18,0,direct_json,0.8181818181818182,0.6428571428571429,0.7200000000000001,0.0,0,9.5,85.5,1.4,98.7,192.2,24527.9,60.1,11698.5,8571.7,"{'timestamp': '2026-09-01T23:19:30.323928+00:00', 'model_version': 'qwen2.5:14b', 'prompt_hash': 'a6af280e'}"
1,real_mixed_5,qwen2.5:14b_baseline,36.759302854537964,24.51,0,direct_json,0.35714285714285715,0.5,0.41666666666666663,0.0,0,9.4,85.5,2.4,86.5,86.7,21987.1,55.2,11698.5,8571.7,"{'timestamp': '2026-09-01T23:17:54.637148+00:00', 'model_version': 'qwen2.5:14b', 'prompt_hash': 'a6af280e'}"
1,real_mixed_6,qwen2.5:14b_baseline,59.43846559524536,24.66,0,direct_json,0.7222222222222222,0.7222222222222222,0.7222222222222222,0.0,0,8.5,85.5,2.1,86.6,86.7,22899.1,56.9,11698.5,8571.7,"{'timestamp': '2026-09-01T23:18:17.328838+00:00', 'model_version': 'qwen2.5:14b', 'prompt_hash': 'a6af280e'}"
0,real_mixed_1,qwen2.5:14b_baseline,99.71861982345581,23.96,0,direct_json,0.5833333333333334,0.5384615384615384,0.5599999999999999,0.08333333333333333,1,9.3,85.5,1.5,86.6,86.9,23855.2,58.7,11698.5,8571.7,"{'timestamp': '2026-09-01T23:18:57.606994+00:00', 'model_version': 'qwen2.5:14b', 'prompt_hash': 'a6af280e'}"
0,real_mixed_2,qwen2.5:14b_baseline,51.859110832214355,24.54,0,direct_json,0.5454545454545454,0.5,0.5217391304347826,0.0,0,10.3,85.5,2.1,86.6,86.7,22664.5,56.5,11698.5,8571.7,"{'timestamp': '2026-09-01T23:18:09.742440+00:00', 'model_version': 'qwen2.5:14b', 'prompt_hash': 'a6af280e'}"
0,real_mixed_3,qwen2.5:14b_baseline,145.9933431148529,24.5,0,direct_json,0.5,0.5,0.5,0.0,0,14.9,100.0,1.3,107.4,192.3,24739.4,60.6,11698.5,8571.7,"{'timestamp': '2026-09-01T23:19:43.876115+00:00', 'model_version': 'qwen2.5:14b', 'prompt_hash': 'a6af280e'}"
2,real_mixed_7,qwen2.5:14b_baseline,160.13879227638245,24.23,0,direct_json,0.4666666666666667,0.5,0.4827586206896552,0.0,0,9.9,100.0,4.8,114.9,192.4,24924.2,61.0,11698.5,8571.7,"{'timestamp': '2026-09-01T23:19:58.010983+00:00', 'model_version': 'qwen2.5:14b', 'prompt_hash': 'a6af280e'}"
2,real_mixed_8,qwen2.5:14b_baseline,42.8090341091156,24.64,0,direct_json,0.42857142857142855,0.3333333333333333,0.375,0.0,0,11.2,100.0,2.7,86.5,86.7,22295.4,55.8,11698.5,8571.7,"{'timestamp': '2026-09-01T23:18:00.678808+00:00', 'model_version': 'qwen2.5:14b', 'prompt_hash': 'a6af280e'}"
2,real_mixed_9,qwen2.5:14b_baseline,151.56444001197815,24.81,0,direct_json,0.5,0.4,0.4444444444444445,0.0,0,15.1,84.6,4.0,110.5,192.4,24817.0,60.7,11698.5,8571.7,"{'timestamp': '2026-09-01T23:19:49.434218+00:00', 'model_version': 'qwen2.5:14b', 'prompt_hash': 'a6af280e'}"
7,real_mixed_22,qwen2.5:14b_baseline,163.15016078948975,24.62,0,direct_json,0.0,1.0,0.0,0.0,0,9.8,100.0,1.3,116.3,192.5,24963.1,61.1,11698.5,8571.7,"{'timestamp': '2026-09-01T23:20:01.013359+00:00', 'model_version': 'qwen2.5:14b', 'prompt_hash': 'a6af280e'}"
7,real_mixed_23,qwen2.5:14b_baseline,105.23395419120789,24.42,0,direct_json,0.8,0.5333333333333333,0.64,0.0,0,14.1,85.5,1.2,86.7,86.9,23972.4,59.0,11698.5,8571.7,"{'timestamp': '2026-09-01T23:19:03.110398+00:00', 'model_version': 'qwen2.5:14b', 'prompt_hash': 'a6af280e'}"
7,real_mixed_24,qwen2.5:14b_baseline,110.30032992362976,24.36,0,direct_json,0.42857142857142855,0.42857142857142855,0.42857142857142855,0.0,0,10.0,85.5,1.4,86.7,86.9,24081.7,59.2,11698.5,8571.7,"{'timestamp': '2026-09-01T23:19:08.169692+00:00', 'model_version': 'qwen2.5:14b', 'prompt_hash': 'a6af280e'}"
3,real_mixed_10,qwen2.5:14b_baseline,138.9411928653717,24.45,0,direct_json,0.3333333333333333,0.6666666666666666,0.4444444444444444,0.0,0,13.8,85.5,1.3,103.1,192.3,24632.8,60.4,11698.5,8571.7,"{'timestamp': '2026-09-01T23:19:36.814544+00:00', 'model_version': 'qwen2.5:14b', 'prompt_hash': 'a6af280e'}"
3,real_mixed_11,qwen2.5:14b_baseline,180.26529002189636,23.83,0,direct_json,0.7272727272727273,0.8888888888888888,0.7999999999999999,0.0,0,9.7,85.5,1.3,123.6,192.8,25175.9,61.5,11698.5,8571.7,"{'timestamp': '2026-09-01T23:20:18.151354+00:00', 'model_version': 'qwen2.5:14b', 'prompt_hash': 'a6af280e'}"
3,real_mixed_12,qwen2.5:14b_baseline,22.656477212905884,24.77,0,direct_json,0.375,0.42857142857142855,0.39999999999999997,0.0,0,11.6,85.5,6.2,86.4,86.6,20678.8,52.8,11698.5,8571.7,"{'timestamp': '2026-09-01T23:17:40.538144+00:00', 'model_version': 'qwen2.5:14b', 'prompt_hash': 'a6af280e'}"
4,real_mixed_13,qwen2.5:14b_baseline,70.9980239868164,24.29,0,direct_json,0.5454545454545454,0.7058823529411765,0.6153846153846153,0.0,0,10.5,100.0,1.8,86.6,86.7,23171.7,57.4,11698.5,8571.7,"{'timestamp': '2026-09-01T23:18:28.888665+00:00', 'model_version': 'qwen2.5:14b', 'prompt_hash': 'a6af280e'}"
4,real_mixed_14,qwen2.5:14b_baseline,188.86044692993164,24.19,0,direct_json,0.7272727272727273,0.6666666666666666,0.6956521739130435,0.0,0,10.0,84.6,3.2,126.7,192.9,25273.6,61.7,11698.5,8571.7,"{'timestamp': '2026-09-01T23:20:26.739445+00:00', 'model_version': 'qwen2.5:14b', 'prompt_hash': 'a6af280e'}"
4,real_mixed_15,qwen2.5:14b_baseline,123.8887951374054,24.37,0,direct_json,0.4,0.6666666666666666,0.5,0.0,0,11.5,85.5,1.3,92.3,192.2,24376.9,59.8,11698.5,8571.7,"{'timestamp': '2026-09-01T23:19:21.763468+00:00', 'model_version': 'qwen2.5:14b', 'prompt_hash': 'a6af280e'}"
8,real_mixed_25,qwen2.5:14b_baseline,168.2199900150299,24.55,0,direct_json,0.6,0.5,0.5454545454545454,0.0,0,9.1,85.5,2.3,118.6,192.8,25026.2,61.2,11698.5,8571.7,"{'timestamp': '2026-09-01T23:20:06.128309+00:00', 'model_version': 'qwen2.5:14b', 'prompt_hash': 'a6af280e'}"
8,real_mixed_26,qwen2.5:14b_baseline,18.147114038467407,23.63,0,direct_json,0.5666666666666667,0.4722222222222222,0.5151515151515152,0.0,0,12.7,85.5,16.9,86.5,86.5,19829.4,51.2,11698.5,8571.7,"{'timestamp': '2026-09-01T23:17:36.068690+00:00', 'model_version': 'qwen2.5:14b', 'prompt_hash': 'a6af280e'}"
8,real_mixed_27,qwen2.5:14b_baseline,202.4160759449005,23.45,0,direct_json,0.65,0.48148148148148145,0.553191489361702,0.0,0,13.7,100.0,1.3,131.2,193.2,25426.6,62.1,11698.5,8571.7,"{'timestamp': '2026-09-01T23:20:40.317229+00:00', 'model_version': 'qwen2.5:14b', 'prompt_hash': 'a6af280e'}"
9,real_mixed_28,qwen2.5:14b_baseline,118.19856691360474,22.63,0,direct_json,0.5833333333333334,0.4666666666666667,0.5185185185185186,0.0,0,8.9,32.4,2.6,170.5,193.5,27089.2,65.5,11698.5,8571.7,"{'timestamp': '2026-09-01T23:20:48.343294+00:00', 'model_version': 'qwen2.5:14b', 'prompt_hash': 'a6af280e'}"
9,real_mixed_29,qwen2.5:14b_baseline,132.82008695602417,22.85,0,direct_json,0.38095238095238093,0.6666666666666666,0.4848484848484849,0.0,0,9.1,32.4,1.9,173.0,193.5,27798.8,66.8,11698.5,8571.7,"{'timestamp': '2026-09-01T23:21:02.962335+00:00', 'model_version': 'qwen2.5:14b', 'prompt_hash': 'a6af280e'}"
9,real_mixed_30,qwen2.5:14b_baseline,123.2471010684967,23.6,0,direct_json,0.375,0.375,0.375,0.125,1,9.0,32.4,1.7,171.4,193.5,27305.8,66.0,11698.5,8571.7,"{'timestamp': '2026-09-01T23:20:53.384118+00:00', 'model_version': 'qwen2.5:14b', 'prompt_hash': 'a6af280e'}"
10,real_mixed_31,qwen2.5:14b_baseline,126.98182821273804,17.62,0,direct_json,0.2,0.5,0.28571428571428575,0.0,0,15.8,50.0,1.8,192.6,193.5,29111.8,69.5,11698.5,8571.7,"{'timestamp': '2026-09-01T23:21:22.135934+00:00', 'model_version': 'qwen2.5:14b', 'prompt_hash': 'a6af280e'}"
10,real_mixed_32,qwen2.5:14b_baseline,122.9542441368103,14.71,0,direct_json,0.18181818181818182,0.2857142857142857,0.2222222222222222,0.0,0,15.9,100.0,1.7,192.7,193.5,28949.4,69.1,11698.5,8571.7,"{'timestamp': '2026-09-01T23:21:18.110170+00:00', 'model_version': 'qwen2.5:14b', 'prompt_hash': 'a6af280e'}"
10,real_mixed_33,qwen2.5:14b_baseline,115.35995483398438,14.98,0,direct_json,0.6666666666666666,0.46153846153846156,0.5454545454545455,0.0,0,15.9,50.0,1.7,192.8,193.5,28607.1,68.4,11698.5,8571.7,"{'timestamp': '2026-09-01T23:21:10.529300+00:00', 'model_version': 'qwen2.5:14b', 'prompt_hash': 'a6af280e'}"
11,real_mixed_34,qwen2.5:14b_baseline,133.43775296211243,17.03,0,direct_json,0.4,0.4,0.4000000000000001,0.0,0,10.1,66.7,1.7,191.3,193.5,30068.9,72.1,11698.5,8571.7,"{'timestamp': '2026-09-01T23:21:43.830100+00:00', 'model_version': 'qwen2.5:14b', 'prompt_hash': 'a6af280e'}"
11,real_mixed_35,qwen2.5:14b_baseline,141.01752424240112,23.12,0,direct_json,0.45454545454545453,0.7142857142857143,0.5555555555555556,0.0,0,9.6,34.7,1.6,190.9,193.5,30113.6,72.4,11698.5,8571.7,"{'timestamp': '2026-09-01T23:21:51.407314+00:00', 'model_version': 'qwen2.5:14b', 'prompt_hash': 'a6af280e'}"
11,real_mixed_36,qwen2.5:14b_baseline,124.9654552936554,14.79,0,direct_json,0.5714285714285714,0.5714285714285714,0.5714285714285714,0.3333333333333333,7,9.2,34.7,2.3,191.8,193.5,29856.6,71.4,11698.5,8571.7,"{'timestamp': '2026-09-01T23:21:35.368358+00:00', 'model_version': 'qwen2.5:14b', 'prompt_hash': 'a6af280e'}"
12,real_mixed_37,qwen2.5:14b_baseline,155.65837502479553,11.37,0,direct_json,0.6923076923076923,0.75,0.7199999999999999,0.0,0,13.6,85.7,1.5,171.4,193.5,30779.8,75.3,11698.5,8571.7,"{'timestamp': '2026-09-01T23:22:19.613961+00:00', 'model_version': 'qwen2.5:14b', 'prompt_hash': 'a6af280e'}"
12,real_mixed_38,qwen2.5:14b_baseline,136.04431915283203,15.64,0,direct_json,0.6363636363636364,0.5384615384615384,0.5833333333333334,0.0,0,11.8,66.7,1.6,187.0,193.5,30589.7,73.8,11698.5,8571.7,"{'timestamp': '2026-09-01T23:21:59.997813+00:00', 'model_version': 'qwen2.5:14b', 'prompt_hash': 'a6af280e'}"
12,real_mixed_39,qwen2.5:14b_baseline,142.55962920188904,15.07,0,direct_json,0.8,0.5714285714285714,0.6666666666666666,0.0,0,16.0,100.0,1.6,182.1,193.5,30686.9,74.2,11698.5,8571.7,"{'timestamp': '2026-09-01T23:22:06.509189+00:00', 'model_version': 'qwen2.5:14b', 'prompt_hash': 'a6af280e'}"
13,real_mixed_40,qwen2.5:14b_baseline,149.60153198242188,17.52,0,direct_json,0.5833333333333334,0.5833333333333334,0.5833333333333334,0.0,0,10.1,34.7,1.8,163.9,193.5,31120.5,77.0,11698.5,8571.7,"{'timestamp': '2026-09-01T23:22:27.700347+00:00', 'model_version': 'qwen2.5:14b', 'prompt_hash': 'a6af280e'}"
13,real_mixed_41,qwen2.5:14b_baseline,157.5715320110321,23.78,0,direct_json,0.7333333333333333,0.6111111111111112,0.6666666666666666,0.0,0,12.0,100.0,1.6,159.1,193.5,30930.6,77.2,11698.5,8571.7,"{'timestamp': '2026-09-01T23:22:35.676760+00:00', 'model_version': 'qwen2.5:14b', 'prompt_hash': 'a6af280e'}"
13,real_mixed_42,qwen2.5:14b_baseline,167.7168140411377,22.52,0,direct_json,0.75,0.625,0.6818181818181818,0.0,0,10.2,35.2,1.5,153.8,193.5,30588.7,77.5,11698.5,8571.7,"{'timestamp': '2026-09-01T23:22:45.825636+00:00', 'model_version': 'qwen2.5:14b', 'prompt_hash': 'a6af280e'}"
14,real_mixed_43,qwen2.5:14b_baseline,195.39224290847778,23.23,0,direct_json,0.75,0.5714285714285714,0.6486486486486486,0.0,0,11.7,100.0,1.4,140.4,193.5,29401.9,79.1,11698.5,8571.7,"{'timestamp': '2026-09-01T23:23:16.489699+00:00', 'model_version': 'qwen2.5:14b', 'prompt_hash': 'a6af280e'}"
14,real_mixed_44,qwen2.5:14b_baseline,180.81851983070374,24.6,0,direct_json,0.5263157894736842,0.7142857142857143,0.6060606060606061,0.0,0,10.1,35.2,1.5,146.0,193.5,29939.6,78.5,11698.5,8571.7,"{'timestamp': '2026-09-01T23:23:01.917752+00:00', 'model_version': 'qwen2.5:14b', 'prompt_hash': 'a6af280e'}"
14,real_mixed_45,qwen2.5:14b_baseline,172.20585894584656,24.15,0,direct_json,0.6153846153846154,0.6666666666666666,0.64,0.0,0,15.9,100.0,1.5,149.6,193.5,30311.5,78.1,11698.5,8571.7,"{'timestamp': '2026-09-01T23:22:53.300271+00:00', 'model_version': 'qwen2.5:14b', 'prompt_hash': 'a6af280e'}"
15,real_mixed_46,qwen2.5:14b_baseline,187.27469992637634,24.93,0,direct_json,0.4,0.14285714285714285,0.21052631578947364,0.0,0,15.7,100.0,1.5,132.5,193.5,29285.6,80.6,11698.5,8571.7,"{'timestamp': '2026-09-01T23:23:25.501451+00:00', 'model_version': 'qwen2.5:14b', 'prompt_hash': 'a6af280e'}"
15,real_mixed_47,qwen2.5:14b_baseline,199.35553312301636,23.93,0,direct_json,0.5945945945945946,0.8148148148148148,0.6875,0.08108108108108109,3,14.0,70.0,1.4,129.0,193.5,28889.7,81.0,11698.5,8571.7,"{'timestamp': '2026-09-01T23:23:37.592745+00:00', 'model_version': 'qwen2.5:14b', 'prompt_hash': 'a6af280e'}"
15,real_mixed_48,qwen2.5:14b_baseline,183.31550002098083,24.76,0,direct_json,0.375,0.5,0.42857142857142855,0.0,0,9.8,35.2,1.5,133.7,193.5,29426.4,80.5,11698.5,8571.7,"{'timestamp': '2026-09-01T23:23:21.537595+00:00', 'model_version': 'qwen2.5:14b', 'prompt_hash': 'a6af280e'}"
16,real_mixed_49,qwen2.5:14b_baseline,211.52972102165222,23.18,0,direct_json,0.7272727272727273,0.5714285714285714,0.64,0.09090909090909091,1,10.4,38.7,1.4,120.8,193.5,28365.6,82.2,11698.5,8571.7,"{'timestamp': '2026-09-01T23:23:58.354726+00:00', 'model_version': 'qwen2.5:14b', 'prompt_hash': 'a6af280e'}"
16,real_mixed_50,qwen2.5:14b_baseline,196.33065009117126,24.3,0,direct_json,0.4,0.36363636363636365,0.380952380952381,0.1,1,11.1,75.0,1.4,124.7,193.5,28787.9,81.8,11698.5,8571.7,"{'timestamp': '2026-09-01T23:23:43.149277+00:00', 'model_version': 'qwen2.5:14b', 'prompt_hash': 'a6af280e'}"
16,real_mixed_51,qwen2.5:14b_baseline,202.93106698989868,23.95,0,direct_json,0.5555555555555556,0.5555555555555556,0.5555555555555556,0.0,0,10.5,38.7,1.4,123.1,193.5,28597.3,82.0,11698.5,8571.7,"{'timestamp': '2026-09-01T23:23:49.752301+00:00', 'model_version': 'qwen2.5:14b', 'prompt_hash': 'a6af280e'}"
17,real_mixed_52,qwen2.5:14b_baseline,215.9750111103058,24.37,0,direct_json,0.55,0.7857142857142857,0.6470588235294117,0.0,0,13.0,100.0,1.3,112.4,193.5,27946.4,83.5,11698.5,8571.7,"{'timestamp': '2026-09-01T23:24:16.371254+00:00', 'model_version': 'qwen2.5:14b', 'prompt_hash': 'a6af280e'}"
17,real_mixed_53,qwen2.5:14b_baseline,206.90398693084717,24.09,0,direct_json,0.18181818181818182,0.3333333333333333,0.23529411764705885,0.0,0,12.3,100.0,1.5,114.1,193.5,28174.0,83.4,11698.5,8571.7,"{'timestamp': '2026-09-01T23:24:07.291489+00:00', 'model_version': 'qwen2.5:14b', 'prompt_hash': 'a6af280e'}"
17,real_mixed_54,qwen2.5:14b_baseline,201.9359188079834,23.94,0,direct_json,0.42857142857142855,0.75,0.5454545454545454,0.0,0,10.6,38.7,1.4,115.0,193.5,28307.2,83.3,11698.5,8571.7,"{'timestamp': '2026-09-01T23:24:02.320787+00:00', 'model_version': 'qwen2.5:14b', 'prompt_hash': 'a6af280e'}"
18,real_mixed_55,qwen2.5:14b_baseline,208.92969870567322,24.5,0,direct_json,0.23076923076923078,0.3333333333333333,0.27272727272727276,0.0,0,15.5,100.0,1.4,101.0,193.3,27072.5,84.6,11698.5,8571.7,"{'timestamp': '2026-09-01T23:24:31.974766+00:00', 'model_version': 'qwen2.5:14b', 'prompt_hash': 'a6af280e'}"
18,real_mixed_56,qwen2.5:14b_baseline,217.50260400772095,24.33,0,direct_json,0.4117647058823529,0.5,0.45161290322580644,0.0,0,12.2,100.0,1.3,100.1,193.3,26902.3,84.7,11698.5,8571.7,"{'timestamp': '2026-09-01T23:24:40.546554+00:00', 'model_version': 'qwen2.5:14b', 'prompt_hash': 'a6af280e'}"
18,real_mixed_57,qwen2.5:14b_baseline,200.3400480747223,24.45,0,direct_json,0.7142857142857143,0.8333333333333334,0.7692307692307692,0.047619047619047616,1,15.5,100.0,1.4,102.1,193.3,27259.0,84.5,11698.5,8571.7,"{'timestamp': '2026-09-01T23:24:23.389002+00:00', 'model_version': 'qwen2.5:14b', 'prompt_hash': 'a6af280e'}"
19,real_mixed_58,qwen2.5:14b_baseline,203.89197301864624,24.74,0,direct_json,0.5,0.5454545454545454,0.5217391304347826,0.0,0,11.8,43.5,1.4,91.0,186.5,26090.1,85.2,11698.5,8571.7,"{'timestamp': '2026-09-01T23:24:46.107125+00:00', 'model_version': 'qwen2.5:14b', 'prompt_hash': 'a6af280e'}"
19,real_mixed_59,qwen2.5:14b_baseline,222.03295993804932,22.17,0,direct_json,0.5555555555555556,0.5263157894736842,0.5405405405405405,0.0,0,12.0,66.7,1.3,90.0,186.5,25821.3,85.3,11698.5,8571.7,"{'timestamp': '2026-09-01T23:25:04.246936+00:00', 'model_version': 'qwen2.5:14b', 'prompt_hash': 'a6af280e'}"
19,real_mixed_60,qwen2.5:14b_baseline,210.46275091171265,24.44,0,direct_json,0.8888888888888888,0.6153846153846154,0.7272727272727274,0.0,0,10.4,100.0,1.3,90.6,186.5,25986.2,85.2,11698.5,8571.7,"{'timestamp': '2026-09-01T23:24:52.683138+00:00', 'model_version': 'qwen2.5:14b', 'prompt_hash': 'a6af280e'}"
20,real_mixed_61,qwen2.5:14b_baseline,220.9737012386322,23.34,0,direct_json,0.56,0.5,0.5283018867924528,0.04,1,9.2,39.7,1.3,75.8,185.7,24511.8,86.0,11698.5,8571.7,"{'timestamp': '2026-09-01T23:25:32.484951+00:00', 'model_version': 'qwen2.5:14b', 'prompt_hash': 'a6af280e'}"
20,real_mixed_62,qwen2.5:14b_baseline,204.43212699890137,24.68,0,direct_json,0.46153846153846156,0.5454545454545454,0.4999999999999999,0.0,0,9.5,39.7,1.4,76.0,185.7,24658.6,85.9,11698.5,8571.7,"{'timestamp': '2026-09-01T23:25:15.917301+00:00', 'model_version': 'qwen2.5:14b', 'prompt_hash': 'a6af280e'}"
20,real_mixed_63,qwen2.5:14b_baseline,197.3700270652771,24.65,0,direct_json,0.1111111111111111,0.125,0.11764705882352941,0.0,0,9.6,39.7,1.4,75.9,185.7,24729.0,85.9,11698.5,8571.7,"{'timestamp': '2026-09-01T23:25:08.855318+00:00', 'model_version': 'qwen2.5:14b', 'prompt_hash': 'a6af280e'}"
21,real_mixed_64,qwen2.5:14b_baseline,209.37999320030212,25.1,0,direct_json,0.0,0.0,1.0,0.0,0,8.9,39.7,1.8,74.6,81.1,23328.0,86.2,11698.5,8571.7,"{'timestamp': '2026-09-01T23:25:49.068428+00:00', 'model_version': 'qwen2.5:14b', 'prompt_hash': 'a6af280e'}"
21,real_mixed_65,qwen2.5:14b_baseline,197.7545211315155,24.65,0,direct_json,0.2,0.125,0.15384615384615385,0.0,0,12.0,88.9,1.7,74.7,81.1,23369.6,86.2,11698.5,8571.7,"{'timestamp': '2026-09-01T23:25:37.451958+00:00', 'model_version': 'qwen2.5:14b', 'prompt_hash': 'a6af280e'}"
21,real_mixed_66,qwen2.5:14b_baseline,204.86522507667542,24.73,0,direct_json,0.3125,0.25,0.2777777777777778,0.0,0,9.0,39.7,1.4,74.7,81.1,23342.9,86.2,11698.5,8571.7,"{'timestamp': '2026-09-01T23:25:44.577668+00:00', 'model_version': 'qwen2.5:14b', 'prompt_hash': 'a6af280e'}"
22,real_mixed_67,qwen2.5:14b_baseline,205.79507398605347,24.27,0,direct_json,0.38461538461538464,0.29411764705882354,0.33333333333333337,0.3076923076923077,4,8.6,39.7,1.4,75.0,81.1,22740.5,86.5,11698.5,8571.7,"{'timestamp': '2026-09-01T23:26:11.718428+00:00', 'model_version': 'qwen2.5:14b', 'prompt_hash': 'a6af280e'}"
22,real_mixed_68,qwen2.5:14b_baseline,189.20583200454712,23.89,0,direct_json,0.6428571428571429,0.6923076923076923,0.6666666666666666,0.0,0,8.6,39.7,1.4,75.2,81.1,22744.1,86.5,11698.5,8571.7,"{'timestamp': '2026-09-01T23:25:55.116271+00:00', 'model_version': 'qwen2.5:14b', 'prompt_hash': 'a6af280e'}"
22,real_mixed_69,qwen2.5:14b_baseline,197.2480010986328,24.16,0,direct_json,0.7142857142857143,0.625,0.6666666666666666,0.0,0,8.6,39.7,1.4,75.3,81.1,22749.3,86.5,11698.5,8571.7,"{'timestamp': '2026-09-01T23:26:03.178747+00:00', 'model_version': 'qwen2.5:14b', 'prompt_hash': 'a6af280e'}"
23,real_mixed_70,qwen2.5:14b_baseline,190.29676485061646,24.29,0,direct_json,0.631578947368421,0.5714285714285714,0.6,0.0,0,8.6,39.7,1.5,75.4,81.1,22748.3,86.6,11698.5,8571.7,"{'timestamp': '2026-09-01T23:26:26.875340+00:00', 'model_version': 'qwen2.5:14b', 'prompt_hash': 'a6af280e'}"
23,real_mixed_71,qwen2.5:14b_baseline,197.27678298950195,24.62,0,direct_json,0.4,0.3333333333333333,0.3636363636363636,0.0,0,11.5,100.0,1.4,75.3,81.1,22746.4,86.6,11698.5,8571.7,"{'timestamp': '2026-09-01T23:26:33.859957+00:00', 'model_version': 'qwen2.5:14b', 'prompt_hash': 'a6af280e'}"
23,real_mixed_72,qwen2.5:14b_baseline,182.15473890304565,24.63,0,direct_json,0.5454545454545454,0.42857142857142855,0.4799999999999999,0.0,0,11.6,67.9,1.4,75.3,81.1,22749.3,86.6,11698.5,8571.7,"{'timestamp': '2026-09-01T23:26:18.727718+00:00', 'model_version': 'qwen2.5:14b', 'prompt_hash': 'a6af280e'}"
24,real_mixed_73,qwen2.5:14b_baseline,193.25529074668884,23.63,0,direct_json,0.8181818181818182,0.6,0.6923076923076923,0.0,0,12.1,83.3,1.4,75.1,81.1,22752.3,86.6,11698.5,8571.7,"{'timestamp': '2026-09-01T23:26:50.929797+00:00', 'model_version': 'qwen2.5:14b', 'prompt_hash': 'a6af280e'}"
24,real_mixed_74,qwen2.5:14b_baseline,186.20953011512756,24.49,0,direct_json,0.75,0.6,0.6666666666666665,0.0,0,9.8,42.9,1.6,75.3,81.1,22750.0,86.6,11698.5,8571.7,"{'timestamp': '2026-09-01T23:26:43.874512+00:00', 'model_version': 'qwen2.5:14b', 'prompt_hash': 'a6af280e'}"
24,real_mixed_75,qwen2.5:14b_baseline,180.6552538871765,24.31,0,direct_json,0.5,0.6666666666666666,0.5714285714285715,0.0,0,13.6,100.0,1.5,75.3,81.1,22741.4,86.6,11698.5,8571.7,"{'timestamp': '2026-09-01T23:26:38.312413+00:00', 'model_version': 'qwen2.5:14b', 'prompt_hash': 'a6af280e'}"
25,real_mixed_76,qwen2.5:14b_baseline,173.6753830909729,25.8,0,direct_json,0.0,1.0,0.0,0.0,0,7.9,47.7,1.5,75.8,81.1,22739.6,86.6,11698.5,8571.7,"{'timestamp': '2026-09-01T23:26:52.102069+00:00', 'model_version': 'qwen2.5:14b', 'prompt_hash': 'a6af280e'}"
25,real_mixed_77,qwen2.5:14b_baseline,185.1613621711731,23.7,0,direct_json,0.5909090909090909,0.65,0.6190476190476191,0.0,0,8.2,47.7,1.5,75.4,81.1,22753.9,86.6,11698.5,8571.7,"{'timestamp': '2026-09-01T23:27:03.624515+00:00', 'model_version': 'qwen2.5:14b', 'prompt_hash': 'a6af280e'}"
25,real_mixed_78,qwen2.5:14b_baseline,194.27683305740356,23.01,0,direct_json,0.2727272727272727,0.75,0.39999999999999997,0.0,0,8.4,47.7,1.4,74.9,81.1,22765.9,86.6,11698.5,8571.7,"{'timestamp': '2026-09-01T23:27:12.709694+00:00', 'model_version': 'qwen2.5:14b', 'prompt_hash': 'a6af280e'}"
26,real_mixed_79,qwen2.5:14b_baseline,206.322163105011,23.83,0,direct_json,0.7777777777777778,0.7,0.7368421052631577,0.0,0,15.0,67.9,1.5,89.3,177.0,22792.2,86.6,11698.5,8571.7,"{'timestamp': '2026-09-01T23:27:42.763473+00:00', 'model_version': 'qwen2.5:14b', 'prompt_hash': 'a6af280e'}"
26,real_mixed_80,qwen2.5:14b_baseline,195.2835569381714,24.17,0,direct_json,0.6,0.75,0.6666666666666665,0.0,0,12.3,100.0,1.5,84.4,177.0,22788.0,86.6,11698.5,8571.7,"{'timestamp': '2026-09-01T23:27:31.742591+00:00', 'model_version': 'qwen2.5:14b', 'prompt_hash': 'a6af280e'}"
26,real_mixed_81,qwen2.5:14b_baseline,182.22525024414062,24.04,0,direct_json,0.625,0.45454545454545453,0.5263157894736842,0.0,0,10.8,100.0,1.6,77.7,176.8,22771.7,86.6,11698.5,8571.7,"{'timestamp': '2026-09-01T23:27:18.680141+00:00', 'model_version': 'qwen2.5:14b', 'prompt_hash': 'a6af280e'}"
27,real_mixed_82,qwen2.5:14b_baseline,198.83204102516174,24.71,0,direct_json,0.4,0.4444444444444444,0.4210526315789474,0.1,1,10.3,60.0,1.5,98.4,180.6,22792.5,86.6,11698.5,8571.7,"{'timestamp': '2026-09-01T23:27:59.453802+00:00', 'model_version': 'qwen2.5:14b', 'prompt_hash': 'a6af280e'}"
27,real_mixed_83,qwen2.5:14b_baseline,187.27293705940247,24.75,0,direct_json,0.7272727272727273,0.8,0.761904761904762,0.0,0,10.2,60.0,1.5,93.3,180.6,22792.6,86.6,11698.5,8571.7,"{'timestamp': '2026-09-01T23:27:47.902395+00:00', 'model_version': 'qwen2.5:14b', 'prompt_hash': 'a6af280e'}"
27,real_mixed_84,qwen2.5:14b_baseline,192.22983121871948,24.89,0,direct_json,0.7142857142857143,0.5555555555555556,0.6250000000000001,0.0,0,11.8,53.8,1.5,95.6,180.5,22793.7,86.6,11698.5,8571.7,"{'timestamp': '2026-09-01T23:27:52.855032+00:00', 'model_version': 'qwen2.5:14b', 'prompt_hash': 'a6af280e'}"
28,real_mixed_85,qwen2.5:14b_baseline,180.20615410804749,24.37,0,direct_json,0.625,0.625,0.625,0.125,1,8.8,100.0,1.5,103.4,184.5,22800.2,86.6,11698.5,8571.7,"{'timestamp': '2026-09-01T23:28:04.530727+00:00', 'model_version': 'qwen2.5:14b', 'prompt_hash': 'a6af280e'}"
28,real_mixed_86,qwen2.5:14b_baseline,191.73364090919495,24.34,0,direct_json,0.7272727272727273,0.6153846153846154,0.6666666666666667,0.0,0,11.8,65.6,1.7,102.4,184.7,22797.8,86.6,11698.5,8571.7,"{'timestamp': '2026-09-01T23:28:16.062748+00:00', 'model_version': 'qwen2.5:14b', 'prompt_hash': 'a6af280e'}"
28,real_mixed_87,qwen2.5:14b_baseline,184.72928190231323,24.62,0,direct_json,0.6666666666666666,0.5714285714285714,0.6153846153846153,0.0,0,9.7,62.5,1.6,103.6,184.7,22800.1,86.6,11698.5,8571.7,"{'timestamp': '2026-09-01T23:28:09.050295+00:00', 'model_version': 'qwen2.5:14b', 'prompt_hash': 'a6af280e'}"
29,real_mixed_88,qwen2.5:14b_baseline,167.14642214775085,25.21,0,direct_json,0.42857142857142855,0.75,0.5454545454545454,0.0,0,8.5,47.7,1.6,106.3,184.7,22812.3,86.6,11698.5,8571.7,"{'timestamp': '2026-09-01T23:28:19.702467+00:00', 'model_version': 'qwen2.5:14b', 'prompt_hash': 'a6af280e'}"
29,real_mixed_89,qwen2.5:14b_baseline,172.17929077148438,23.38,0,direct_json,0.6666666666666666,0.3076923076923077,0.42105263157894735,0.0,0,8.5,47.7,1.6,105.4,184.7,22808.6,86.6,11698.5,8571.7,"{'timestamp': '2026-09-01T23:28:24.740624+00:00', 'model_version': 'qwen2.5:14b', 'prompt_hash': 'a6af280e'}"
29,real_mixed_90,qwen2.5:14b_baseline,179.76261401176453,23.63,0,direct_json,0.42857142857142855,0.75,0.5454545454545454,0.0,0,8.5,47.7,1.7,104.5,184.7,22807.3,86.6,11698.5,8571.7,"{'timestamp': '2026-09-01T23:28:32.320091+00:00', 'model_version': 'qwen2.5:14b', 'prompt_hash': 'a6af280e'}"
30,real_mixed_91,qwen2.5:14b_baseline,182.77740001678467,24.56,0,direct_json,0.6363636363636364,0.5833333333333334,0.6086956521739131,0.0,0,8.6,47.7,1.6,103.8,184.7,22817.8,86.6,11698.5,8571.7,"{'timestamp': '2026-09-01T23:28:51.940089+00:00', 'model_version': 'qwen2.5:14b', 'prompt_hash': 'a6af280e'}"
30,real_mixed_92,qwen2.5:14b_baseline,176.18074297904968,23.74,0,direct_json,0.6153846153846154,0.5333333333333333,0.5714285714285715,0.0,0,9.1,50.0,1.6,104.9,184.7,22821.6,86.6,11698.5,8571.7,"{'timestamp': '2026-09-01T23:28:45.339604+00:00', 'model_version': 'qwen2.5:14b', 'prompt_hash': 'a6af280e'}"
30,real_mixed_93,qwen2.5:14b_baseline,169.17815613746643,24.41,0,direct_json,0.5833333333333334,0.7,0.6363636363636365,0.0,0,8.7,47.7,1.6,106.2,184.7,22823.1,86.6,11698.5,8571.7,"{'timestamp': '2026-09-01T23:28:38.329712+00:00', 'model_version': 'qwen2.5:14b', 'prompt_hash': 'a6af280e'}"
31,real_mixed_94,qwen2.5:14b_baseline,177.75000023841858,23.95,0,direct_json,0.6428571428571429,0.45,0.5294117647058824,0.0,0,8.5,47.7,1.6,104.9,184.7,22822.4,86.6,11698.5,8571.7,"{'timestamp': '2026-09-01T23:29:09.569494+00:00', 'model_version': 'qwen2.5:14b', 'prompt_hash': 'a6af280e'}"
31,real_mixed_95,qwen2.5:14b_baseline,164.64633011817932,25.02,0,direct_json,0.0,0.0,1.0,0.0,0,8.6,47.7,1.6,107.3,184.7,22826.4,86.6,11698.5,8571.7,"{'timestamp': '2026-09-01T23:28:56.444074+00:00', 'model_version': 'qwen2.5:14b', 'prompt_hash': 'a6af280e'}"
31,real_mixed_96,qwen2.5:14b_baseline,170.68225193023682,24.37,0,direct_json,0.4666666666666667,0.5833333333333334,0.5185185185185186,0.0,0,8.6,47.7,1.6,106.2,184.7,22824.5,86.6,11698.5,8571.7,"{'timestamp': '2026-09-01T23:29:02.488690+00:00', 'model_version': 'qwen2.5:14b', 'prompt_hash': 'a6af280e'}"
32,real_mixed_97,qwen2.5:14b_baseline,165.1228928565979,24.89,0,direct_json,0.6153846153846154,0.8888888888888888,0.7272727272727274,0.0,0,9.1,47.7,1.6,107.2,184.7,22833.2,86.6,11698.5,8571.7,"{'timestamp': '2026-09-01T23:29:19.068115+00:00', 'model_version': 'qwen2.5:14b', 'prompt_hash': 'a6af280e'}"
32,real_mixed_98,qwen2.5:14b_baseline,175.667494058609,23.78,0,direct_json,0.5789473684210527,0.39285714285714285,0.46808510638297873,0.0,0,9.7,47.7,1.6,105.2,184.7,22822.7,86.6,11698.5,8571.7,"{'timestamp': '2026-09-01T23:29:29.631862+00:00', 'model_version': 'qwen2.5:14b', 'prompt_hash': 'a6af280e'}"
32,real_mixed_99,qwen2.5:14b_baseline,159.58838081359863,23.82,0,direct_json,0.25,1.0,0.4,0.0,0,9.8,52.9,1.6,108.3,184.7,22836.0,86.6,11698.5,8571.7,"{'timestamp': '2026-09-01T23:29:13.522684+00:00', 'model_version': 'qwen2.5:14b', 'prompt_hash': 'a6af280e'}"
33,real_mixed_100,qwen2.5:14b_baseline,172.19560599327087,24.7,0,direct_json,0.17647058823529413,0.42857142857142855,0.25,0.0,0,11.1,62.5,1.5,105.7,184.7,22806.6,86.6,11698.5,8571.7,"{'timestamp': '2026-09-01T23:29:43.199574+00:00', 'model_version': 'qwen2.5:14b', 'prompt_hash': 'a6af280e'}"
33,real_mixed_101,qwen2.5:14b_baseline,165.1651771068573,24.73,0,direct_json,0.2,0.2857142857142857,0.23529411764705882,0.0,0,10.0,100.0,1.7,107.1,184.7,22813.7,86.6,11698.5,8571.7,"{'timestamp': '2026-09-01T23:29:36.170547+00:00', 'model_version': 'qwen2.5:14b', 'prompt_hash': 'a6af280e'}"
33,real_mixed_102,qwen2.5:14b_baseline,160.12953114509583,24.98,0,direct_json,0.0,1.0,0.0,0.0,0,11.2,58.1,1.6,108.3,184.7,22817.4,86.6,11698.5,8571.7,"{'timestamp': '2026-09-01T23:29:31.127282+00:00', 'model_version': 'qwen2.5:14b', 'prompt_hash': 'a6af280e'}"
34,real_mixed_103,qwen2.5:14b_baseline,152.54818987846375,25.56,0,direct_json,0.0,1.0,0.0,0.0,0,7.7,35.1,1.6,111.0,184.7,22776.5,86.6,11698.5,8571.7,"{'timestamp': '2026-09-01T23:29:45.390333+00:00', 'model_version': 'qwen2.5:14b', 'prompt_hash': 'a6af280e'}"
34,real_mixed_104,qwen2.5:14b_baseline,159.08275699615479,24.75,0,direct_json,0.3125,0.5,0.38461538461538464,0.0625,1,7.6,41.7,1.6,109.4,184.7,22767.0,86.6,11698.5,8571.7,"{'timestamp': '2026-09-01T23:29:51.937150+00:00', 'model_version': 'qwen2.5:14b', 'prompt_hash': 'a6af280e'}"
34,real_mixed_105,qwen2.5:14b_baseline,166.1725890636444,24.44,0,direct_json,0.5,0.6,0.5454545454545454,0.0,0,7.5,35.1,1.5,107.7,184.7,22760.9,86.6,11698.5,8571.7,"{'timestamp': '2026-09-01T23:29:59.024468+00:00', 'model_version': 'qwen2.5:14b', 'prompt_hash': 'a6af280e'}"
35,real_mixed_106,qwen2.5:14b_baseline,140.45554041862488,25.1,0,direct_json,0.14285714285714285,0.5,0.22222222222222224,0.0,0,13.4,58.1,1.7,91.7,184.7,22719.1,86.6,11698.5,8571.7,"{'timestamp': '2026-09-01T23:30:03.299709+00:00', 'model_version': 'qwen2.5:14b', 'prompt_hash': 'a6af280e'}"
35,real_mixed_107,qwen2.5:14b_baseline,154.58663296699524,23.44,0,direct_json,0.8571428571428571,0.9230769230769231,0.888888888888889,0.0,0,13.1,57.3,1.6,89.9,184.7,22719.6,86.6,11698.5,8571.7,"{'timestamp': '2026-09-01T23:30:17.436234+00:00', 'model_version': 'qwen2.5:14b', 'prompt_hash': 'a6af280e'}"
35,real_mixed_108,qwen2.5:14b_baseline,144.9972710609436,24.94,0,direct_json,0.5,0.6,0.5454545454545454,0.0,0,13.6,85.7,1.6,91.1,184.7,22718.3,86.6,11698.5,8571.7,"{'timestamp': '2026-09-01T23:30:07.845032+00:00', 'model_version': 'qwen2.5:14b', 'prompt_hash': 'a6af280e'}"
36,real_mixed_109,qwen2.5:14b_baseline,163.6742660999298,22.51,0,direct_json,0.6086956521739131,0.5833333333333334,0.5957446808510638,0.0,0,10.0,100.0,1.4,77.7,184.7,22884.2,86.6,11698.5,8571.7,"{'timestamp': '2026-09-01T23:30:43.226483+00:00', 'model_version': 'qwen2.5:14b', 'prompt_hash': 'a6af280e'}"
36,real_mixed_110,qwen2.5:14b_baseline,153.55652117729187,24.3,0,direct_json,0.5333333333333333,0.4444444444444444,0.4848484848484848,0.0,0,9.6,100.0,1.5,78.2,184.7,22717.4,86.6,11698.5,8571.7,"{'timestamp': '2026-09-01T23:30:33.101889+00:00', 'model_version': 'qwen2.5:14b', 'prompt_hash': 'a6af280e'}"
36,real_mixed_111,qwen2.5:14b_baseline,143.4963572025299,23.85,0,direct_json,0.5454545454545454,0.20689655172413793,0.3,0.0,0,9.2,100.0,1.7,78.7,184.7,22719.5,86.6,11698.5,8571.7,"{'timestamp': '2026-09-01T23:30:23.056806+00:00', 'model_version': 'qwen2.5:14b', 'prompt_hash': 'a6af280e'}"
37,real_mixed_112,qwen2.5:14b_baseline,153.13194799423218,16.55,0,direct_json,0.2727272727272727,0.6,0.37499999999999994,0.09090909090909091,1,9.0,35.1,1.5,73.0,77.9,23164.5,86.7,11698.5,8571.7,"{'timestamp': '2026-09-01T23:30:49.273003+00:00', 'model_version': 'qwen2.5:14b', 'prompt_hash': 'a6af280e'}"
37,real_mixed_113,qwen2.5:14b_baseline,160.1585249900818,15.1,0,direct_json,0.7142857142857143,0.5555555555555556,0.6250000000000001,0.0,0,9.5,50.0,1.5,72.5,77.9,23442.8,86.8,11698.5,8571.7,"{'timestamp': '2026-09-01T23:30:56.305532+00:00', 'model_version': 'qwen2.5:14b', 'prompt_hash': 'a6af280e'}"
37,real_mixed_114,qwen2.5:14b_baseline,168.1808168888092,15.22,0,direct_json,0.36363636363636365,0.5714285714285714,0.4444444444444444,0.0,0,10.3,50.0,1.4,71.3,77.9,23720.4,86.9,11698.5,8571.7,"{'timestamp': '2026-09-01T23:31:04.327948+00:00', 'model_version': 'qwen2.5:14b', 'prompt_hash': 'a6af280e'}"
38,real_mixed_115,qwen2.5:14b_baseline,157.1156439781189,14.35,0,direct_json,0.5,1.0,0.6666666666666666,0.0,0,9.1,56.2,1.4,70.6,77.9,24007.7,87.1,11698.5,8571.7,"{'timestamp': '2026-09-01T23:31:09.504919+00:00', 'model_version': 'qwen2.5:14b', 'prompt_hash': 'a6af280e'}"
38,real_mixed_116,qwen2.5:14b_baseline,163.16189908981323,15.27,0,direct_json,0.4,1.0,0.5714285714285715,0.0,0,9.1,60.0,1.3,70.4,77.9,24221.4,87.2,11698.5,8571.7,"{'timestamp': '2026-09-01T23:31:15.551777+00:00', 'model_version': 'qwen2.5:14b', 'prompt_hash': 'a6af280e'}"
38,real_mixed_117,qwen2.5:14b_baseline,173.68623995780945,24.33,0,direct_json,0.2,0.375,0.26086956521739135,0.0,0,9.0,46.8,1.3,68.5,77.9,24490.9,87.1,11698.5,8571.7,"{'timestamp': '2026-09-01T23:31:26.084488+00:00', 'model_version': 'qwen2.5:14b', 'prompt_hash': 'a6af280e'}"
39,real_mixed_118,qwen2.5:14b_baseline,172.72388672828674,15.09,0,direct_json,0.5714285714285714,0.8,0.6666666666666666,0.0,0,11.0,59.0,1.2,65.2,76.9,25165.4,87.3,11698.5,8571.7,"{'timestamp': '2026-09-01T23:31:44.740122+00:00', 'model_version': 'qwen2.5:14b', 'prompt_hash': 'a6af280e'}"
39,real_mixed_119,qwen2.5:14b_baseline,160.15073990821838,22.07,0,direct_json,0.5714285714285714,0.6666666666666666,0.6153846153846153,0.0,0,10.8,100.0,1.3,67.4,76.9,24838.4,87.1,11698.5,8571.7,"{'timestamp': '2026-09-01T23:31:32.169363+00:00', 'model_version': 'qwen2.5:14b', 'prompt_hash': 'a6af280e'}"
39,real_mixed_120,qwen2.5:14b_baseline,167.18421816825867,14.6,0,direct_json,0.4444444444444444,0.8,0.5714285714285714,0.0,0,11.3,59.1,1.3,66.1,76.9,25026.3,87.3,11698.5,8571.7,"{'timestamp': '2026-09-01T23:31:39.203864+00:00', 'model_version': 'qwen2.5:14b', 'prompt_hash': 'a6af280e'}"
4,real_mixed_13,qwen2.5:14b_kb_rag,26.268237829208374,22.92,0,direct_json,0.5238095238095238,0.6470588235294118,0.5789473684210527,0.0,0,11.0,62.6,26.0,296.9,1249.1,27071.6,86.7,11698.5,8571.7,"{'timestamp': '2026-09-01T23:32:12.893467+00:00', 'model_version': 'qwen2.5:14b', 'prompt_hash': 'a6af280e'}"
4,real_mixed_14,qwen2.5:14b_kb_rag,36.324772119522095,23.83,0,direct_json,0.7272727272727273,0.6666666666666666,0.6956521739130435,0.0,0,9.2,62.6,17.9,228.1,1260.1,25841.8,86.6,11698.5,8571.7,"{'timestamp': '2026-09-01T23:32:23.029699+00:00', 'model_version': 'qwen2.5:14b', 'prompt_hash': 'a6af280e'}"
4,real_mixed_15,qwen2.5:14b_kb_rag,12.748960971832275,16.0,0,direct_json,0.3157894736842105,0.6666666666666666,0.42857142857142855,0.0,0,17.6,65.1,63.2,531.9,963.5,29251.5,89.9,11698.5,8571.7,"{'timestamp': '2026-09-01T23:31:59.024813+00:00', 'model_version': 'qwen2.5:14b', 'prompt_hash': 'a6af280e'}"
8,real_mixed_25,qwen2.5:14b_kb_rag,55.00503706932068,23.77,0,direct_json,0.6,0.5,0.5454545454545454,0.0,0,8.7,62.6,11.4,230.0,1247.4,24700.4,86.6,11698.5,8571.7,"{'timestamp': '2026-09-01T23:32:42.094703+00:00', 'model_version': 'qwen2.5:14b', 'prompt_hash': 'a6af280e'}"
8,real_mixed_26,qwen2.5:14b_kb_rag,48.67212271690369,23.91,0,direct_json,0.5625,0.5,0.5294117647058824,0.0,0,9.0,62.6,15.2,231.9,1261.5,24963.0,86.6,11698.5,8571.7,"{'timestamp': '2026-09-01T23:32:35.637033+00:00', 'model_version': 'qwen2.5:14b', 'prompt_hash': 'a6af280e'}"
8,real_mixed_27,qwen2.5:14b_kb_rag,77.06020903587341,22.98,0,direct_json,0.8,0.7407407407407407,0.7692307692307692,0.0,0,15.8,66.7,7.0,184.9,915.7,24149.4,86.6,11698.5,8571.7,"{'timestamp': '2026-09-01T23:33:04.403815+00:00', 'model_version': 'qwen2.5:14b', 'prompt_hash': 'a6af280e'}"
1,real_mixed_4,qwen2.5:14b_kb_rag,86.721440076828,23.95,0,direct_json,0.9090909090909091,0.7142857142857143,0.8,0.0,0,8.2,62.6,8.6,189.4,934.8,23978.6,86.6,11698.5,8571.7,"{'timestamp': '2026-09-01T23:33:14.176812+00:00', 'model_version': 'qwen2.5:14b', 'prompt_hash': 'a6af280e'}"
1,real_mixed_5,qwen2.5:14b_kb_rag,110.28725504875183,23.69,0,direct_json,0.35714285714285715,0.5,0.41666666666666663,0.0,0,7.9,62.6,9.1,179.6,836.2,23673.4,86.5,11698.5,8571.7,"{'timestamp': '2026-09-01T23:33:38.230770+00:00', 'model_version': 'qwen2.5:14b', 'prompt_hash': 'a6af280e'}"
1,real_mixed_6,qwen2.5:14b_kb_rag,123.87413883209229,23.85,0,direct_json,0.7222222222222222,0.7222222222222222,0.7222222222222222,0.0,0,8.9,66.7,6.3,171.9,838.8,23557.0,86.5,11698.5,8571.7,"{'timestamp': '2026-09-01T23:33:51.842302+00:00', 'model_version': 'qwen2.5:14b', 'prompt_hash': 'a6af280e'}"
6,real_mixed_19,qwen2.5:14b_kb_rag,116.31309914588928,24.56,0,direct_json,0.8947368421052632,0.85,0.8717948717948718,0.0,0,9.3,66.7,8.5,176.4,836.2,23618.0,86.5,11698.5,8571.7,"{'timestamp': '2026-09-01T23:33:44.270013+00:00', 'model_version': 'qwen2.5:14b', 'prompt_hash': 'a6af280e'}"
6,real_mixed_20,qwen2.5:14b_kb_rag,133.44983911514282,24.31,0,direct_json,0.5,0.3125,0.38461538461538464,0.0,0,11.1,100.0,4.6,185.5,835.2,23477.9,86.5,11698.5,8571.7,"{'timestamp': '2026-09-01T23:34:01.382308+00:00', 'model_version': 'qwen2.5:14b', 'prompt_hash': 'a6af280e'}"
6,real_mixed_21,qwen2.5:14b_kb_rag,146.66026711463928,24.21,0,direct_json,0.7,0.5,0.5833333333333334,0.0,0,7.4,62.6,4.0,188.6,841.7,23401.4,86.4,11698.5,8571.7,"{'timestamp': '2026-09-01T23:34:14.658115+00:00', 'model_version': 'qwen2.5:14b', 'prompt_hash': 'a6af280e'}"
2,real_mixed_7,qwen2.5:14b_kb_rag,96.22404313087463,24.05,0,direct_json,0.5384615384615384,0.5,0.5185185185185186,0.0,0,14.6,66.9,8.7,193.1,1002.9,23854.4,86.6,11698.5,8571.7,"{'timestamp': '2026-09-01T23:33:23.536970+00:00', 'model_version': 'qwen2.5:14b', 'prompt_hash': 'a6af280e'}"
2,real_mixed_8,qwen2.5:14b_kb_rag,179.7594437599182,24.44,0,direct_json,0.5,0.3333333333333333,0.4,0.0,0,12.3,66.5,5.0,200.0,833.0,23212.1,86.4,11698.5,8571.7,"{'timestamp': '2026-09-01T23:34:47.620170+00:00', 'model_version': 'qwen2.5:14b', 'prompt_hash': 'a6af280e'}"
2,real_mixed_9,qwen2.5:14b_kb_rag,168.7426929473877,24.47,0,direct_json,0.4444444444444444,0.4,0.4210526315789474,0.0,0,7.1,62.6,4.3,199.6,841.8,23263.4,86.4,11698.5,8571.7,"{'timestamp': '2026-09-01T23:34:36.742666+00:00', 'model_version': 'qwen2.5:14b', 'prompt_hash': 'a6af280e'}"
5,real_mixed_16,qwen2.5:14b_kb_rag,61.52878284454346,23.69,0,direct_json,0.75,0.6666666666666666,0.7058823529411765,0.0,0,10.2,64.0,8.1,208.4,852.9,24503.8,86.6,11698.5,8571.7,"{'timestamp': '2026-09-01T23:32:48.882417+00:00', 'model_version': 'qwen2.5:14b', 'prompt_hash': 'a6af280e'}"
5,real_mixed_17,qwen2.5:14b_kb_rag,151.0688898563385,25.19,0,direct_json,0.5,1.0,0.6666666666666666,0.0,0,12.9,68.9,5.9,196.9,1002.9,23371.1,86.4,11698.5,8571.7,"{'timestamp': '2026-09-01T23:34:18.907363+00:00', 'model_version': 'qwen2.5:14b', 'prompt_hash': 'a6af280e'}"
5,real_mixed_18,qwen2.5:14b_kb_rag,186.3943657875061,24.33,0,direct_json,0.8,0.6666666666666666,0.7272727272727272,0.0,0,7.0,62.6,5.3,213.7,840.9,23183.2,86.4,11698.5,8571.7,"{'timestamp': '2026-09-01T23:34:54.389552+00:00', 'model_version': 'qwen2.5:14b', 'prompt_hash': 'a6af280e'}"
7,real_mixed_22,qwen2.5:14b_kb_rag,154.04325699806213,25.29,0,direct_json,0.0,1.0,0.0,0.0,0,8.9,100.0,6.5,198.2,837.3,23349.8,86.4,11698.5,8571.7,"{'timestamp': '2026-09-01T23:34:22.006437+00:00', 'model_version': 'qwen2.5:14b', 'prompt_hash': 'a6af280e'}"
7,real_mixed_23,qwen2.5:14b_kb_rag,192.45772910118103,24.23,0,direct_json,0.8181818181818182,0.6,0.6923076923076923,0.0,0,7.1,62.6,5.3,227.0,838.9,23169.0,86.4,11698.5,8571.7,"{'timestamp': '2026-09-01T23:35:00.443199+00:00', 'model_version': 'qwen2.5:14b', 'prompt_hash': 'a6af280e'}"
7,real_mixed_24,qwen2.5:14b_kb_rag,174.34057021141052,24.61,0,direct_json,0.5,0.5714285714285714,0.5333333333333333,0.0,0,7.0,62.6,4.3,199.9,841.8,23238.8,86.4,11698.5,8571.7,"{'timestamp': '2026-09-01T23:34:42.333742+00:00', 'model_version': 'qwen2.5:14b', 'prompt_hash': 'a6af280e'}"
0,real_mixed_1,qwen2.5:14b_kb_rag,102.82702302932739,24.05,0,direct_json,0.8,0.9230769230769231,0.8571428571428571,0.0,0,7.9,62.6,7.9,187.8,1203.0,23747.7,86.5,11698.5,8571.7,"{'timestamp': '2026-09-01T23:33:30.451055+00:00', 'model_version': 'qwen2.5:14b', 'prompt_hash': 'a6af280e'}"
0,real_mixed_2,qwen2.5:14b_kb_rag,210.63736391067505,24.23,0,direct_json,0.6,0.5,0.5454545454545454,0.0,0,7.1,62.6,6.1,242.5,838.8,23132.8,86.5,11698.5,8571.7,"{'timestamp': '2026-09-01T23:35:18.627827+00:00', 'model_version': 'qwen2.5:14b', 'prompt_hash': 'a6af280e'}"
0,real_mixed_3,qwen2.5:14b_kb_rag,139.48114895820618,24.33,0,direct_json,0.5555555555555556,0.4166666666666667,0.4761904761904762,0.0,0,7.7,62.6,4.2,186.8,838.9,23440.2,86.4,11698.5,8571.7,"{'timestamp': '2026-09-01T23:34:07.474889+00:00', 'model_version': 'qwen2.5:14b', 'prompt_hash': 'a6af280e'}"
3,real_mixed_10,qwen2.5:14b_kb_rag,162.69556307792664,24.51,0,direct_json,0.3076923076923077,0.6666666666666666,0.42105263157894735,0.0,0,11.7,66.9,5.3,200.3,915.7,23295.6,86.4,11698.5,8571.7,"{'timestamp': '2026-09-01T23:34:30.547164+00:00', 'model_version': 'qwen2.5:14b', 'prompt_hash': 'a6af280e'}"
3,real_mixed_11,qwen2.5:14b_kb_rag,203.5275571346283,23.55,0,direct_json,0.7894736842105263,0.8333333333333334,0.8108108108108109,0.0,0,7.1,62.6,6.2,239.9,840.9,23149.2,86.5,11698.5,8571.7,"{'timestamp': '2026-09-01T23:35:11.524237+00:00', 'model_version': 'qwen2.5:14b', 'prompt_hash': 'a6af280e'}"
3,real_mixed_12,qwen2.5:14b_kb_rag,217.6570131778717,24.33,0,direct_json,0.5,0.8571428571428571,0.631578947368421,0.0,0,7.1,62.6,6.4,256.7,841.4,23118.9,86.5,11698.5,8571.7,"{'timestamp': '2026-09-01T23:35:25.652164+00:00', 'model_version': 'qwen2.5:14b', 'prompt_hash': 'a6af280e'}"
9,real_mixed_28,qwen2.5:14b_kb_rag,203.53224682807922,24.17,0,direct_json,0.5454545454545454,0.4,0.4615384615384615,0.0,0,6.8,33.8,6.4,294.5,748.9,22640.7,86.4,11698.5,8571.7,"{'timestamp': '2026-09-01T23:35:46.985429+00:00', 'model_version': 'qwen2.5:14b', 'prompt_hash': 'a6af280e'}"
9,real_mixed_29,qwen2.5:14b_kb_rag,191.98137378692627,24.22,0,direct_json,0.36363636363636365,0.6666666666666666,0.4705882352941177,0.0,0,6.8,33.8,6.6,288.6,748.9,22618.6,86.4,11698.5,8571.7,"{'timestamp': '2026-09-01T23:35:35.434628+00:00', 'model_version': 'qwen2.5:14b', 'prompt_hash': 'a6af280e'}"
9,real_mixed_30,qwen2.5:14b_kb_rag,196.4877769947052,24.41,0,direct_json,0.5,0.5,0.5,0.0,0,6.8,33.8,6.5,292.7,748.9,22628.7,86.4,11698.5,8571.7,"{'timestamp': '2026-09-01T23:35:39.933136+00:00', 'model_version': 'qwen2.5:14b', 'prompt_hash': 'a6af280e'}"
10,real_mixed_31,qwen2.5:14b_kb_rag,165.33560919761658,25.06,0,direct_json,0.2,0.5,0.28571428571428575,0.0,0,8.7,96.4,7.4,331.2,748.9,22627.0,86.3,11698.5,8571.7,"{'timestamp': '2026-09-01T23:35:50.196955+00:00', 'model_version': 'qwen2.5:14b', 'prompt_hash': 'a6af280e'}"
10,real_mixed_32,qwen2.5:14b_kb_rag,178.40895700454712,24.13,0,direct_json,0.3076923076923077,0.5714285714285714,0.4,0.0,0,8.2,96.4,6.9,327.5,748.9,22643.9,86.3,11698.5,8571.7,"{'timestamp': '2026-09-01T23:36:03.274097+00:00', 'model_version': 'qwen2.5:14b', 'prompt_hash': 'a6af280e'}"
10,real_mixed_33,qwen2.5:14b_kb_rag,172.73928713798523,23.8,0,direct_json,0.6,0.46153846153846156,0.5217391304347826,0.1,1,10.8,77.8,7.2,329.5,748.9,22636.8,86.3,11698.5,8571.7,"{'timestamp': '2026-09-01T23:35:57.625494+00:00', 'model_version': 'qwen2.5:14b', 'prompt_hash': 'a6af280e'}"
11,real_mixed_34,qwen2.5:14b_kb_rag,144.11594891548157,24.38,0,direct_json,0.375,0.3,0.33333333333333326,0.0,0,9.9,96.4,8.6,386.9,748.9,22669.8,86.3,11698.5,8571.7,"{'timestamp': '2026-09-01T23:36:16.353895+00:00', 'model_version': 'qwen2.5:14b', 'prompt_hash': 'a6af280e'}"
11,real_mixed_35,qwen2.5:14b_kb_rag,138.07945585250854,24.13,0,direct_json,0.46153846153846156,0.8571428571428571,0.6,0.0,0,8.8,100.0,9.2,392.1,748.9,22657.8,86.3,11698.5,8571.7,"{'timestamp': '2026-09-01T23:36:10.316136+00:00', 'model_version': 'qwen2.5:14b', 'prompt_hash': 'a6af280e'}"
11,real_mixed_36,qwen2.5:14b_kb_rag,149.14601182937622,24.6,0,direct_json,0.8333333333333334,0.23809523809523808,0.37037037037037035,0.0,0,9.3,96.4,8.0,381.8,748.9,22673.6,86.3,11698.5,8571.7,"{'timestamp': '2026-09-01T23:36:21.395102+00:00', 'model_version': 'qwen2.5:14b', 'prompt_hash': 'a6af280e'}"
12,real_mixed_37,qwen2.5:14b_kb_rag,134.67690181732178,24.19,0,direct_json,0.6666666666666666,0.6666666666666666,0.6666666666666666,0.0,0,6.9,40.5,9.3,402.6,748.9,22686.7,86.3,11698.5,8571.7,"{'timestamp': '2026-09-01T23:36:29.730480+00:00', 'model_version': 'qwen2.5:14b', 'prompt_hash': 'a6af280e'}"
12,real_mixed_38,qwen2.5:14b_kb_rag,143.50874018669128,23.53,0,direct_json,0.6923076923076923,0.6923076923076923,0.6923076923076923,0.0,0,6.8,40.5,8.9,393.9,748.9,22680.5,86.3,11698.5,8571.7,"{'timestamp': '2026-09-01T23:36:38.560458+00:00', 'model_version': 'qwen2.5:14b', 'prompt_hash': 'a6af280e'}"
12,real_mixed_39,qwen2.5:14b_kb_rag,149.01812386512756,24.35,0,direct_json,1.0,0.7142857142857143,0.8333333333333333,0.0,0,6.9,40.5,8.1,389.8,748.9,22682.2,86.3,11698.5,8571.7,"{'timestamp': '2026-09-01T23:36:44.066520+00:00', 'model_version': 'qwen2.5:14b', 'prompt_hash': 'a6af280e'}"
13,real_mixed_40,qwen2.5:14b_kb_rag,122.43900084495544,24.08,0,direct_json,0.6,0.5,0.5454545454545454,0.0,0,14.1,100.0,9.8,428.3,748.9,22769.4,86.3,11698.5,8571.7,"{'timestamp': '2026-09-01T23:36:50.536766+00:00', 'model_version': 'qwen2.5:14b', 'prompt_hash': 'a6af280e'}"
13,real_mixed_41,qwen2.5:14b_kb_rag,130.01249289512634,23.55,0,direct_json,0.8461538461538461,0.6111111111111112,0.7096774193548387,0.0,0,13.5,100.0,9.4,419.0,748.9,22773.1,86.3,11698.5,8571.7,"{'timestamp': '2026-09-01T23:36:58.116298+00:00', 'model_version': 'qwen2.5:14b', 'prompt_hash': 'a6af280e'}"
13,real_mixed_42,qwen2.5:14b_kb_rag,140.12207007408142,23.48,0,direct_json,0.8,0.6666666666666666,0.7272727272727272,0.0,0,9.2,96.4,8.6,406.7,748.9,22775.6,86.4,11698.5,8571.7,"{'timestamp': '2026-09-01T23:37:08.227625+00:00', 'model_version': 'qwen2.5:14b', 'prompt_hash': 'a6af280e'}"
14,real_mixed_43,qwen2.5:14b_kb_rag,168.20601606369019,22.34,0,direct_json,0.7727272727272727,0.8095238095238095,0.7906976744186046,0.0,0,9.0,66.7,7.8,378.6,748.9,22759.6,86.4,11698.5,8571.7,"{'timestamp': '2026-09-01T23:37:42.951580+00:00', 'model_version': 'qwen2.5:14b', 'prompt_hash': 'a6af280e'}"
14,real_mixed_44,qwen2.5:14b_kb_rag,144.56451106071472,23.69,0,direct_json,0.5,0.6428571428571429,0.5625000000000001,0.0,0,8.2,40.6,25.3,398.9,748.9,22785.9,86.4,11698.5,8571.7,"{'timestamp': '2026-09-01T23:37:19.302338+00:00', 'model_version': 'qwen2.5:14b', 'prompt_hash': 'a6af280e'}"
14,real_mixed_45,qwen2.5:14b_kb_rag,151.06601786613464,23.76,0,direct_json,0.6923076923076923,0.75,0.7199999999999999,0.0,0,8.9,44.0,8.1,393.1,748.9,22779.5,86.4,11698.5,8571.7,"{'timestamp': '2026-09-01T23:37:25.810080+00:00', 'model_version': 'qwen2.5:14b', 'prompt_hash': 'a6af280e'}"
15,real_mixed_46,qwen2.5:14b_kb_rag,186.28785800933838,24.3,0,direct_json,0.6,0.21428571428571427,0.3157894736842105,0.0,0,8.0,40.5,6.6,367.9,748.9,22736.7,86.3,11698.5,8571.7,"{'timestamp': '2026-09-01T23:38:07.093141+00:00', 'model_version': 'qwen2.5:14b', 'prompt_hash': 'a6af280e'}"
15,real_mixed_47,qwen2.5:14b_kb_rag,181.2833230495453,23.64,0,direct_json,0.6363636363636364,0.8076923076923077,0.7118644067796609,0.09090909090909091,3,8.5,50.0,8.1,371.2,748.9,22735.5,86.3,11698.5,8571.7,"{'timestamp': '2026-09-01T23:38:02.096751+00:00', 'model_version': 'qwen2.5:14b', 'prompt_hash': 'a6af280e'}"
15,real_mixed_48,qwen2.5:14b_kb_rag,168.69595170021057,23.73,0,direct_json,0.3,0.5,0.37499999999999994,0.0,0,8.9,100.0,7.8,373.9,748.9,22743.8,86.4,11698.5,8571.7,"{'timestamp': '2026-09-01T23:37:49.491430+00:00', 'model_version': 'qwen2.5:14b', 'prompt_hash': 'a6af280e'}"
16,real_mixed_49,qwen2.5:14b_kb_rag,188.4710190296173,23.71,0,direct_json,0.7272727272727273,0.5714285714285714,0.64,0.09090909090909091,1,8.0,40.5,6.5,355.5,694.2,22711.4,86.3,11698.5,8571.7,"{'timestamp': '2026-09-01T23:38:27.542383+00:00', 'model_version': 'qwen2.5:14b', 'prompt_hash': 'a6af280e'}"
16,real_mixed_50,qwen2.5:14b_kb_rag,173.93310713768005,23.88,0,direct_json,0.5454545454545454,0.5454545454545454,0.5454545454545454,0.0,0,8.1,40.5,7.2,366.1,694.2,22733.5,86.3,11698.5,8571.7,"{'timestamp': '2026-09-01T23:38:12.998994+00:00', 'model_version': 'qwen2.5:14b', 'prompt_hash': 'a6af280e'}"
16,real_mixed_51,qwen2.5:14b_kb_rag,179.4582552909851,24.07,0,direct_json,0.625,0.5555555555555556,0.5882352941176471,0.0,0,8.1,40.5,7.0,361.4,694.2,22724.6,86.3,11698.5,8571.7,"{'timestamp': '2026-09-01T23:38:18.519762+00:00', 'model_version': 'qwen2.5:14b', 'prompt_hash': 'a6af280e'}"
17,real_mixed_52,qwen2.5:14b_kb_rag,197.4142849445343,23.71,0,direct_json,0.4666666666666667,0.5,0.4827586206896552,0.0,0,8.4,46.7,6.3,349.4,633.2,22683.1,86.2,11698.5,8571.7,"{'timestamp': '2026-09-01T23:38:43.438556+00:00', 'model_version': 'qwen2.5:14b', 'prompt_hash': 'a6af280e'}"
17,real_mixed_53,qwen2.5:14b_kb_rag,190.37070178985596,23.86,0,direct_json,0.4166666666666667,0.8333333333333334,0.5555555555555556,0.0,0,8.0,40.5,6.9,350.0,633.2,22688.2,86.3,11698.5,8571.7,"{'timestamp': '2026-09-01T23:38:36.385320+00:00', 'model_version': 'qwen2.5:14b', 'prompt_hash': 'a6af280e'}"
17,real_mixed_54,qwen2.5:14b_kb_rag,184.3608000278473,24.26,0,direct_json,0.5,0.75,0.6,0.0,0,8.1,40.5,9.5,344.6,633.2,22705.9,86.3,11698.5,8571.7,"{'timestamp': '2026-09-01T23:38:30.367872+00:00', 'model_version': 'qwen2.5:14b', 'prompt_hash': 'a6af280e'}"
18,real_mixed_55,qwen2.5:14b_kb_rag,192.98886895179749,24.17,0,direct_json,0.16666666666666666,0.5,0.25,0.16666666666666666,6,8.3,40.5,6.9,337.4,626.8,22638.9,86.3,11698.5,8571.7,"{'timestamp': '2026-09-01T23:39:00.380588+00:00', 'model_version': 'qwen2.5:14b', 'prompt_hash': 'a6af280e'}"
18,real_mixed_56,qwen2.5:14b_kb_rag,200.95741891860962,24.08,0,direct_json,0.4117647058823529,0.5,0.45161290322580644,0.0,0,8.1,40.5,6.3,335.6,626.8,22636.8,86.3,11698.5,8571.7,"{'timestamp': '2026-09-01T23:39:08.357947+00:00', 'model_version': 'qwen2.5:14b', 'prompt_hash': 'a6af280e'}"
18,real_mixed_57,qwen2.5:14b_kb_rag,183.28191113471985,24.04,0,direct_json,0.7647058823529411,0.7222222222222222,0.7428571428571428,0.058823529411764705,1,8.3,40.5,7.2,339.2,626.8,22650.5,86.3,11698.5,8571.7,"{'timestamp': '2026-09-01T23:38:50.675489+00:00', 'model_version': 'qwen2.5:14b', 'prompt_hash': 'a6af280e'}"
19,real_mixed_58,qwen2.5:14b_kb_rag,191.32618403434753,24.44,0,direct_json,0.5,0.5454545454545454,0.5217391304347826,0.0,0,15.4,71.4,7.0,345.0,626.8,22611.8,86.3,11698.5,8571.7,"{'timestamp': '2026-09-01T23:39:15.008416+00:00', 'model_version': 'qwen2.5:14b', 'prompt_hash': 'a6af280e'}"
19,real_mixed_59,qwen2.5:14b_kb_rag,207.93614721298218,23.96,0,direct_json,0.6111111111111112,0.5789473684210527,0.5945945945945946,0.0,0,14.0,100.0,6.2,344.6,626.8,22604.8,86.3,11698.5,8571.7,"{'timestamp': '2026-09-01T23:39:31.621637+00:00', 'model_version': 'qwen2.5:14b', 'prompt_hash': 'a6af280e'}"
19,real_mixed_60,qwen2.5:14b_kb_rag,197.4249849319458,24.4,0,direct_json,0.8888888888888888,0.6153846153846154,0.7272727272727274,0.0,0,13.7,100.0,6.9,346.5,626.8,22609.7,86.3,11698.5,8571.7,"{'timestamp': '2026-09-01T23:39:21.112479+00:00', 'model_version': 'qwen2.5:14b', 'prompt_hash': 'a6af280e'}"
20,real_mixed_61,qwen2.5:14b_kb_rag,215.45770502090454,22.86,0,direct_json,0.6785714285714286,0.6785714285714286,0.6785714285714286,0.0,0,7.7,38.4,6.0,345.6,626.8,22589.5,86.2,11698.5,8571.7,"{'timestamp': '2026-09-01T23:39:57.260852+00:00', 'model_version': 'qwen2.5:14b', 'prompt_hash': 'a6af280e'}"
20,real_mixed_62,qwen2.5:14b_kb_rag,198.34963393211365,24.17,0,direct_json,0.35714285714285715,0.45454545454545453,0.4,0.0,0,7.8,38.4,6.5,354.2,626.8,22582.7,86.3,11698.5,8571.7,"{'timestamp': '2026-09-01T23:39:40.128283+00:00', 'model_version': 'qwen2.5:14b', 'prompt_hash': 'a6af280e'}"
20,real_mixed_63,qwen2.5:14b_kb_rag,220.5352418422699,24.71,0,direct_json,0.125,0.125,0.125,0.0,0,7.6,38.4,5.8,340.8,626.8,22591.3,86.3,11698.5,8571.7,"{'timestamp': '2026-09-01T23:40:02.319806+00:00', 'model_version': 'qwen2.5:14b', 'prompt_hash': 'a6af280e'}"
21,real_mixed_64,qwen2.5:14b_kb_rag,209.48368310928345,24.67,0,direct_json,0.0,0.0,1.0,0.0,0,9.0,100.0,9.0,339.1,626.9,22577.8,86.2,11698.5,8571.7,"{'timestamp': '2026-09-01T23:40:14.028417+00:00', 'model_version': 'qwen2.5:14b', 'prompt_hash': 'a6af280e'}"
21,real_mixed_65,qwen2.5:14b_kb_rag,215.15301179885864,23.8,0,direct_json,0.4,0.25,0.3076923076923077,0.0,0,8.1,39.3,5.9,334.6,626.9,22569.1,86.2,11698.5,8571.7,"{'timestamp': '2026-09-01T23:40:19.710773+00:00', 'model_version': 'qwen2.5:14b', 'prompt_hash': 'a6af280e'}"
21,real_mixed_66,qwen2.5:14b_kb_rag,204.89184594154358,24.01,0,direct_json,0.3888888888888889,0.35,0.36842105263157887,0.0,0,8.8,50.0,6.6,343.4,626.9,22585.0,86.2,11698.5,8571.7,"{'timestamp': '2026-09-01T23:40:09.454515+00:00', 'model_version': 'qwen2.5:14b', 'prompt_hash': 'a6af280e'}"
22,real_mixed_67,qwen2.5:14b_kb_rag,206.97240614891052,24.16,0,direct_json,0.5625,0.5294117647058824,0.5454545454545455,0.125,2,13.7,100.0,6.3,352.2,626.9,22524.4,86.1,11698.5,8571.7,"{'timestamp': '2026-09-01T23:40:35.645838+00:00', 'model_version': 'qwen2.5:14b', 'prompt_hash': 'a6af280e'}"
22,real_mixed_68,qwen2.5:14b_kb_rag,198.04928183555603,24.11,0,direct_json,0.6666666666666666,0.7692307692307693,0.7142857142857142,0.0,0,11.1,100.0,6.3,348.5,626.9,22529.4,86.2,11698.5,8571.7,"{'timestamp': '2026-09-01T23:40:26.706228+00:00', 'model_version': 'qwen2.5:14b', 'prompt_hash': 'a6af280e'}"
22,real_mixed_69,qwen2.5:14b_kb_rag,218.2369499206543,17.74,0,direct_json,0.7272727272727273,0.6666666666666666,0.6956521739130435,0.0,0,9.4,81.8,5.9,347.3,626.9,22783.8,86.1,11698.5,8571.7,"{'timestamp': '2026-09-01T23:40:46.911589+00:00', 'model_version': 'qwen2.5:14b', 'prompt_hash': 'a6af280e'}"
23,real_mixed_70,qwen2.5:14b_kb_rag,194.9591612815857,14.41,0,direct_json,0.7058823529411765,0.5714285714285714,0.6315789473684211,0.0,0,10.6,81.8,7.0,359.2,637.5,23263.0,86.1,11698.5,8571.7,"{'timestamp': '2026-09-01T23:40:58.391256+00:00', 'model_version': 'qwen2.5:14b', 'prompt_hash': 'a6af280e'}"
23,real_mixed_71,qwen2.5:14b_kb_rag,204.4927339553833,14.45,0,direct_json,0.5,0.4166666666666667,0.45454545454545453,0.0,0,11.9,75.0,6.7,354.3,637.5,23587.2,86.1,11698.5,8571.7,"{'timestamp': '2026-09-01T23:41:07.917521+00:00', 'model_version': 'qwen2.5:14b', 'prompt_hash': 'a6af280e'}"
23,real_mixed_72,qwen2.5:14b_kb_rag,214.68598008155823,14.42,0,direct_json,0.5454545454545454,0.42857142857142855,0.4799999999999999,0.0,0,9.4,70.4,5.9,346.1,637.5,23886.7,86.2,11698.5,8571.7,"{'timestamp': '2026-09-01T23:41:18.120518+00:00', 'model_version': 'qwen2.5:14b', 'prompt_hash': 'a6af280e'}"
24,real_mixed_73,qwen2.5:14b_kb_rag,207.55121779441833,14.4,0,direct_json,0.7777777777777778,0.4666666666666667,0.5833333333333334,0.0,0,12.7,100.0,6.4,340.6,637.5,24501.4,86.5,11698.5,8571.7,"{'timestamp': '2026-09-01T23:41:35.030991+00:00', 'model_version': 'qwen2.5:14b', 'prompt_hash': 'a6af280e'}"
24,real_mixed_74,qwen2.5:14b_kb_rag,199.50621700286865,16.86,0,direct_json,0.6666666666666666,0.6,0.631578947368421,0.0,0,11.7,64.9,6.6,346.0,637.5,24300.3,86.4,11698.5,8571.7,"{'timestamp': '2026-09-01T23:41:26.982814+00:00', 'model_version': 'qwen2.5:14b', 'prompt_hash': 'a6af280e'}"
24,real_mixed_75,qwen2.5:14b_kb_rag,213.12311387062073,14.51,0,direct_json,0.5,0.6666666666666666,0.5714285714285715,0.0,0,12.8,100.0,6.2,333.7,637.5,24620.0,86.6,11698.5,8571.7,"{'timestamp': '2026-09-01T23:41:40.599036+00:00', 'model_version': 'qwen2.5:14b', 'prompt_hash': 'a6af280e'}"
25,real_mixed_76,qwen2.5:14b_kb_rag,195.99515390396118,15.58,0,direct_json,0.0,1.0,0.0,0.0,0,9.6,50.9,6.6,343.0,637.5,24910.9,86.7,11698.5,8571.7,"{'timestamp': '2026-09-01T23:41:43.993730+00:00', 'model_version': 'qwen2.5:14b', 'prompt_hash': 'a6af280e'}"
25,real_mixed_77,qwen2.5:14b_kb_rag,214.1417372226715,14.55,0,direct_json,0.6666666666666666,0.7,0.6829268292682926,0.0,0,11.7,67.9,6.0,329.6,637.5,25293.2,86.8,11698.5,8571.7,"{'timestamp': '2026-09-01T23:42:02.163585+00:00', 'model_version': 'qwen2.5:14b', 'prompt_hash': 'a6af280e'}"
25,real_mixed_78,qwen2.5:14b_kb_rag,226.71386885643005,14.68,0,direct_json,0.36363636363636365,1.0,0.5333333333333333,0.0,0,9.9,64.8,5.8,317.1,637.5,25521.6,87.0,11698.5,8571.7,"{'timestamp': '2026-09-01T23:42:14.717812+00:00', 'model_version': 'qwen2.5:14b', 'prompt_hash': 'a6af280e'}"
26,real_mixed_79,qwen2.5:14b_kb_rag,243.43921494483948,22.34,0,direct_json,0.8,0.8,0.8000000000000002,0.0,0,13.2,70.5,5.5,297.9,637.5,25624.2,86.9,11698.5,8571.7,"{'timestamp': '2026-09-01T23:42:47.230185+00:00', 'model_version': 'qwen2.5:14b', 'prompt_hash': 'a6af280e'}"
26,real_mixed_80,qwen2.5:14b_kb_rag,225.65087413787842,22.41,0,direct_json,0.6,0.75,0.6666666666666665,0.03333333333333333,1,15.9,69.4,5.8,308.3,637.5,25871.8,87.0,11698.5,8571.7,"{'timestamp': '2026-09-01T23:42:29.462296+00:00', 'model_version': 'qwen2.5:14b', 'prompt_hash': 'a6af280e'}"
26,real_mixed_81,qwen2.5:14b_kb_rag,231.2760488986969,23.75,0,direct_json,0.75,0.5454545454545454,0.631578947368421,0.0,0,12.9,83.3,5.6,305.3,637.5,25791.4,87.0,11698.5,8571.7,"{'timestamp': '2026-09-01T23:42:35.079073+00:00', 'model_version': 'qwen2.5:14b', 'prompt_hash': 'a6af280e'}"
27,real_mixed_82,qwen2.5:14b_kb_rag,231.35306406021118,23.67,0,direct_json,0.35714285714285715,0.5555555555555556,0.43478260869565216,0.0,0,12.6,64.8,9.1,300.5,637.5,25761.5,86.9,11698.5,8571.7,"{'timestamp': '2026-09-01T23:43:00.163853+00:00', 'model_version': 'qwen2.5:14b', 'prompt_hash': 'a6af280e'}"
27,real_mixed_83,qwen2.5:14b_kb_rag,224.2562952041626,23.97,0,direct_json,0.6666666666666666,0.8,0.7272727272727272,0.08333333333333333,1,12.6,64.8,6.1,296.9,637.5,25877.1,87.0,11698.5,8571.7,"{'timestamp': '2026-09-01T23:42:53.068769+00:00', 'model_version': 'qwen2.5:14b', 'prompt_hash': 'a6af280e'}"
27,real_mixed_84,qwen2.5:14b_kb_rag,236.91784071922302,23.46,0,direct_json,0.7142857142857143,0.5555555555555556,0.6250000000000001,0.0,0,11.7,64.8,5.5,301.0,637.5,25707.0,86.9,11698.5,8571.7,"{'timestamp': '2026-09-01T23:43:05.732568+00:00', 'model_version': 'qwen2.5:14b', 'prompt_hash': 'a6af280e'}"
28,real_mixed_85,qwen2.5:14b_kb_rag,226.6291959285736,23.97,0,direct_json,0.75,0.75,0.75,0.0,0,15.8,75.9,6.0,294.8,637.5,25873.4,86.8,11698.5,8571.7,"{'timestamp': '2026-09-01T23:43:18.597714+00:00', 'model_version': 'qwen2.5:14b', 'prompt_hash': 'a6af280e'}"
28,real_mixed_86,qwen2.5:14b_kb_rag,220.35609602928162,23.73,0,direct_json,0.8,0.6153846153846154,0.6956521739130435,0.0,0,13.6,64.8,6.1,294.8,637.5,25960.6,86.9,11698.5,8571.7,"{'timestamp': '2026-09-01T23:43:12.328747+00:00', 'model_version': 'qwen2.5:14b', 'prompt_hash': 'a6af280e'}"
28,real_mixed_87,qwen2.5:14b_kb_rag,231.55367493629456,24.31,0,direct_json,1.0,0.42857142857142855,0.6,0.0,0,16.5,68.8,5.6,294.0,637.5,25812.4,86.8,11698.5,8571.7,"{'timestamp': '2026-09-01T23:43:23.524855+00:00', 'model_version': 'qwen2.5:14b', 'prompt_hash': 'a6af280e'}"
29,real_mixed_88,qwen2.5:14b_kb_rag,204.85074615478516,23.93,0,direct_json,0.4,1.0,0.5714285714285715,0.0,0,17.8,71.7,6.3,294.0,637.5,26223.1,86.9,11698.5,8571.7,"{'timestamp': '2026-09-01T23:43:27.573328+00:00', 'model_version': 'qwen2.5:14b', 'prompt_hash': 'a6af280e'}"
29,real_mixed_89,qwen2.5:14b_kb_rag,218.24378418922424,23.24,0,direct_json,0.6666666666666666,0.3076923076923077,0.42105263157894735,0.0,0,14.6,77.8,5.9,291.9,637.5,26022.1,86.8,11698.5,8571.7,"{'timestamp': '2026-09-01T23:43:40.973237+00:00', 'model_version': 'qwen2.5:14b', 'prompt_hash': 'a6af280e'}"
29,real_mixed_90,qwen2.5:14b_kb_rag,213.04602909088135,23.57,0,direct_json,0.42857142857142855,0.75,0.5454545454545454,0.0,0,15.9,70.7,6.0,293.3,637.5,26111.7,86.8,11698.5,8571.7,"{'timestamp': '2026-09-01T23:43:35.778616+00:00', 'model_version': 'qwen2.5:14b', 'prompt_hash': 'a6af280e'}"
30,real_mixed_91,qwen2.5:14b_kb_rag,222.53260493278503,22.97,0,direct_json,0.75,0.75,0.75,0.0,0,13.9,64.8,6.2,298.4,637.5,26006.5,86.7,11698.5,8571.7,"{'timestamp': '2026-09-01T23:44:02.696093+00:00', 'model_version': 'qwen2.5:14b', 'prompt_hash': 'a6af280e'}"
30,real_mixed_92,qwen2.5:14b_kb_rag,209.3957052230835,23.08,0,direct_json,0.5714285714285714,0.5333333333333333,0.5517241379310344,0.0,0,13.5,64.8,8.2,301.3,637.5,26207.3,86.8,11698.5,8571.7,"{'timestamp': '2026-09-01T23:43:49.550918+00:00', 'model_version': 'qwen2.5:14b', 'prompt_hash': 'a6af280e'}"
30,real_mixed_93,qwen2.5:14b_kb_rag,215.50568294525146,23.24,0,direct_json,0.6363636363636364,0.7,0.6666666666666666,0.0,0,13.7,64.8,6.2,300.2,637.5,26111.2,86.8,11698.5,8571.7,"{'timestamp': '2026-09-01T23:43:55.669995+00:00', 'model_version': 'qwen2.5:14b', 'prompt_hash': 'a6af280e'}"
31,real_mixed_94,qwen2.5:14b_kb_rag,209.23780989646912,23.14,0,direct_json,0.75,0.45,0.5625000000000001,0.0,0,15.7,64.8,6.2,291.3,637.5,25952.6,86.9,11698.5,8571.7,"{'timestamp': '2026-09-01T23:44:16.638433+00:00', 'model_version': 'qwen2.5:14b', 'prompt_hash': 'a6af280e'}"
31,real_mixed_95,qwen2.5:14b_kb_rag,213.74821782112122,23.82,0,direct_json,0.0,0.0,1.0,0.0,0,17.8,64.8,6.1,290.6,637.5,25881.0,86.8,11698.5,8571.7,"{'timestamp': '2026-09-01T23:44:21.140087+00:00', 'model_version': 'qwen2.5:14b', 'prompt_hash': 'a6af280e'}"
31,real_mixed_96,qwen2.5:14b_kb_rag,202.1355106830597,23.39,0,direct_json,0.5,0.5833333333333334,0.5384615384615384,0.0,0,18.3,100.0,6.3,292.4,637.5,26073.7,86.9,11698.5,8571.7,"{'timestamp': '2026-09-01T23:44:09.529926+00:00', 'model_version': 'qwen2.5:14b', 'prompt_hash': 'a6af280e'}"
32,real_mixed_97,qwen2.5:14b_kb_rag,191.7270998954773,23.5,0,direct_json,0.6666666666666666,0.8888888888888888,0.761904761904762,0.0,0,18.5,75.0,6.4,284.0,576.2,25019.4,86.7,11698.5,8571.7,"{'timestamp': '2026-09-01T23:44:30.345980+00:00', 'model_version': 'qwen2.5:14b', 'prompt_hash': 'a6af280e'}"
32,real_mixed_98,qwen2.5:14b_kb_rag,202.20716333389282,22.51,0,direct_json,0.6666666666666666,0.42857142857142855,0.5217391304347826,0.0,0,22.0,82.6,5.7,275.6,576.2,24880.3,86.7,11698.5,8571.7,"{'timestamp': '2026-09-01T23:44:40.849414+00:00', 'model_version': 'qwen2.5:14b', 'prompt_hash': 'a6af280e'}"
32,real_mixed_99,qwen2.5:14b_kb_rag,186.64303493499756,23.74,0,direct_json,0.25,1.0,0.4,0.0,0,17.7,100.0,6.4,287.0,576.2,25088.3,86.7,11698.5,8571.7,"{'timestamp': '2026-09-01T23:44:25.253531+00:00', 'model_version': 'qwen2.5:14b', 'prompt_hash': 'a6af280e'}"
33,real_mixed_100,qwen2.5:14b_kb_rag,189.1822588443756,23.23,0,direct_json,0.1875,0.42857142857142855,0.26086956521739124,0.0,0,17.7,100.0,5.9,269.0,576.2,24223.2,86.3,11698.5,8571.7,"{'timestamp': '2026-09-01T23:44:50.214608+00:00', 'model_version': 'qwen2.5:14b', 'prompt_hash': 'a6af280e'}"
33,real_mixed_101,qwen2.5:14b_kb_rag,193.2988679409027,23.65,0,direct_json,0.5,0.5714285714285714,0.5333333333333333,0.0,0,16.7,69.6,5.4,264.5,576.2,24192.6,86.3,11698.5,8571.7,"{'timestamp': '2026-09-01T23:44:54.337361+00:00', 'model_version': 'qwen2.5:14b', 'prompt_hash': 'a6af280e'}"
33,real_mixed_102,qwen2.5:14b_kb_rag,182.18705797195435,25.01,0,direct_json,1.0,1.0,1.0,0.0,0,19.2,67.0,5.9,274.4,576.2,24286.0,86.4,11698.5,8571.7,"{'timestamp': '2026-09-01T23:44:43.217511+00:00', 'model_version': 'qwen2.5:14b', 'prompt_hash': 'a6af280e'}"
34,real_mixed_103,qwen2.5:14b_kb_rag,162.52203011512756,23.89,0,direct_json,0.0,1.0,0.0,0.0,0,27.4,81.2,9.2,280.5,576.2,23082.3,85.8,11698.5,8571.7,"{'timestamp': '2026-09-01T23:44:57.610887+00:00', 'model_version': 'qwen2.5:14b', 'prompt_hash': 'a6af280e'}"
34,real_mixed_104,qwen2.5:14b_kb_rag,169.1689739227295,23.19,0,direct_json,0.29411764705882354,0.5,0.37037037037037035,0.058823529411764705,1,20.1,100.0,5.7,273.5,576.2,23068.7,85.8,11698.5,8571.7,"{'timestamp': '2026-09-01T23:45:04.272000+00:00', 'model_version': 'qwen2.5:14b', 'prompt_hash': 'a6af280e'}"
34,real_mixed_105,qwen2.5:14b_kb_rag,175.7386417388916,23.4,0,direct_json,0.6,0.6,0.6,0.0,0,21.6,100.0,5.1,266.8,576.2,23051.2,85.8,11698.5,8571.7,"{'timestamp': '2026-09-01T23:45:10.846470+00:00', 'model_version': 'qwen2.5:14b', 'prompt_hash': 'a6af280e'}"
35,real_mixed_106,qwen2.5:14b_kb_rag,146.22487497329712,23.92,0,direct_json,0.2,0.5,0.28571428571428575,0.0,0,18.3,58.7,5.3,269.9,576.2,22686.5,85.7,11698.5,8571.7,"{'timestamp': '2026-09-01T23:45:13.867444+00:00', 'model_version': 'qwen2.5:14b', 'prompt_hash': 'a6af280e'}"
35,real_mixed_107,qwen2.5:14b_kb_rag,155.45658898353577,23.45,0,direct_json,0.8571428571428571,0.9230769230769231,0.888888888888889,0.0,0,18.1,58.7,5.1,258.2,576.2,22686.1,85.8,11698.5,8571.7,"{'timestamp': '2026-09-01T23:45:23.102974+00:00', 'model_version': 'qwen2.5:14b', 'prompt_hash': 'a6af280e'}"
35,real_mixed_108,qwen2.5:14b_kb_rag,162.47163319587708,23.25,0,direct_json,0.3076923076923077,0.8,0.4444444444444444,0.0,0,18.7,62.5,4.6,249.9,576.2,22684.9,85.8,11698.5,8571.7,"{'timestamp': '2026-09-01T23:45:30.119673+00:00', 'model_version': 'qwen2.5:14b', 'prompt_hash': 'a6af280e'}"
36,real_mixed_109,qwen2.5:14b_kb_rag,174.15435695648193,23.09,0,direct_json,0.7777777777777778,0.5833333333333334,0.6666666666666666,0.0,0,35.7,79.8,14.4,203.1,576.2,22732.8,86.0,11698.5,8571.7,"{'timestamp': '2026-09-01T23:46:00.286165+00:00', 'model_version': 'qwen2.5:14b', 'prompt_hash': 'a6af280e'}"
36,real_mixed_110,qwen2.5:14b_kb_rag,152.96708393096924,22.9,0,direct_json,0.5384615384615384,0.3888888888888889,0.45161290322580644,0.0,0,32.8,90.9,4.6,220.1,576.2,22710.9,85.9,11698.5,8571.7,"{'timestamp': '2026-09-01T23:45:39.096696+00:00', 'model_version': 'qwen2.5:14b', 'prompt_hash': 'a6af280e'}"
36,real_mixed_111,qwen2.5:14b_kb_rag,164.67024493217468,22.93,0,direct_json,0.78125,0.8333333333333334,0.8064516129032259,0.0,0,23.5,60.0,3.5,211.2,576.2,22720.2,86.0,11698.5,8571.7,"{'timestamp': '2026-09-01T23:45:50.811170+00:00', 'model_version': 'qwen2.5:14b', 'prompt_hash': 'a6af280e'}"
37,real_mixed_112,qwen2.5:14b_kb_rag,161.02580571174622,23.61,0,direct_json,0.42857142857142855,0.6,0.5,0.0,0,26.0,100.0,3.4,185.1,570.8,22694.2,86.1,11698.5,8571.7,"{'timestamp': '2026-09-01T23:46:04.955759+00:00', 'model_version': 'qwen2.5:14b', 'prompt_hash': 'a6af280e'}"
37,real_mixed_113,qwen2.5:14b_kb_rag,166.13000917434692,23.28,0,direct_json,0.75,0.6666666666666666,0.7058823529411765,0.0,0,23.6,58.7,2.9,182.0,570.8,22697.9,86.1,11698.5,8571.7,"{'timestamp': '2026-09-01T23:46:10.071809+00:00', 'model_version': 'qwen2.5:14b', 'prompt_hash': 'a6af280e'}"
37,real_mixed_114,qwen2.5:14b_kb_rag,172.19296598434448,23.28,0,direct_json,0.4166666666666667,0.7142857142857143,0.5263157894736842,0.0,0,27.8,62.5,3.2,178.5,570.8,22701.8,86.1,11698.5,8571.7,"{'timestamp': '2026-09-01T23:46:16.127479+00:00', 'model_version': 'qwen2.5:14b', 'prompt_hash': 'a6af280e'}"
38,real_mixed_115,qwen2.5:14b_kb_rag,157.46107602119446,23.76,0,direct_json,0.3333333333333333,0.3333333333333333,0.3333333333333333,0.0,0,20.5,58.7,2.0,159.3,574.3,22689.1,86.2,11698.5,8571.7,"{'timestamp': '2026-09-01T23:46:18.908077+00:00', 'model_version': 'qwen2.5:14b', 'prompt_hash': 'a6af280e'}"
38,real_mixed_116,qwen2.5:14b_kb_rag,163.02284908294678,23.65,0,direct_json,0.5,1.0,0.6666666666666666,0.0,0,20.5,58.7,2.1,156.8,574.3,22700.8,86.2,11698.5,8571.7,"{'timestamp': '2026-09-01T23:46:24.470198+00:00', 'model_version': 'qwen2.5:14b', 'prompt_hash': 'a6af280e'}"
38,real_mixed_117,qwen2.5:14b_kb_rag,176.66822028160095,22.88,0,direct_json,0.17647058823529413,0.375,0.24,0.058823529411764705,1,22.8,58.7,1.9,151.4,574.3,22736.8,86.2,11698.5,8571.7,"{'timestamp': '2026-09-01T23:46:38.123733+00:00', 'model_version': 'qwen2.5:14b', 'prompt_hash': 'a6af280e'}"
39,real_mixed_118,qwen2.5:14b_kb_rag,158.46560716629028,23.76,0,direct_json,0.6666666666666666,0.8,0.7272727272727272,0.0,0,25.6,71.0,1.3,123.8,570.8,22742.5,86.3,11698.5,8571.7,"{'timestamp': '2026-09-01T23:46:41.537650+00:00', 'model_version': 'qwen2.5:14b', 'prompt_hash': 'a6af280e'}"
39,real_mixed_119,qwen2.5:14b_kb_rag,164.64019513130188,23.09,0,direct_json,0.5714285714285714,0.6666666666666666,0.6153846153846153,0.0,0,23.4,54.1,1.2,122.3,570.8,22761.6,86.3,11698.5,8571.7,"{'timestamp': '2026-09-01T23:46:47.747846+00:00', 'model_version': 'qwen2.5:14b', 'prompt_hash': 'a6af280e'}"
39,real_mixed_120,qwen2.5:14b_kb_rag,170.5880422592163,23.06,0,direct_json,0.4,0.8,0.5333333333333333,0.0,0,26.2,72.2,1.2,121.0,570.8,22778.7,86.3,11698.5,8571.7,"{'timestamp': '2026-09-01T23:46:53.694070+00:00', 'model_version': 'qwen2.5:14b', 'prompt_hash': 'a6af280e'}"
6,real_mixed_19,gemma:latest_baseline,11.153228998184204,38.42,0,codeblock,1.0,0.7,0.8235294117647058,0.0,0,22.2,71.9,45.7,208.6,208.9,20547.9,75.1,7022.2,4779.7,"{'timestamp': '2026-09-01T23:47:07.103430+00:00', 'model_version': 'gemma:latest', 'prompt_hash': 'a6af280e'}"
6,real_mixed_20,gemma:latest_baseline,35.4693820476532,39.89,0,codeblock,0.375,0.1875,0.25,0.0,0,20.6,71.9,12.4,208.7,208.9,21707.8,77.1,7022.2,4779.7,"{'timestamp': '2026-09-01T23:47:31.417937+00:00', 'model_version': 'gemma:latest', 'prompt_hash': 'a6af280e'}"
6,real_mixed_21,gemma:latest_baseline,24.350536346435547,39.27,0,codeblock,0.8,0.2857142857142857,0.4210526315789473,0.0,0,21.3,71.9,16.6,208.7,208.9,21505.7,76.8,7022.2,4779.7,"{'timestamp': '2026-09-01T23:47:20.297042+00:00', 'model_version': 'gemma:latest', 'prompt_hash': 'a6af280e'}"
0,real_mixed_1,gemma:latest_baseline,42.55440592765808,39.69,0,codeblock,0.5,0.5384615384615384,0.5185185185185186,0.0,0,20.5,71.9,12.6,208.6,208.9,21779.6,77.2,7022.2,4779.7,"{'timestamp': '2026-09-01T23:47:38.493622+00:00', 'model_version': 'gemma:latest', 'prompt_hash': 'a6af280e'}"
0,real_mixed_2,gemma:latest_baseline,38.472119092941284,39.78,0,codeblock,0.5714285714285714,0.3333333333333333,0.4210526315789474,0.0,0,21.1,71.9,13.8,208.6,208.9,21741.6,77.2,7022.2,4779.7,"{'timestamp': '2026-09-01T23:47:34.412000+00:00', 'model_version': 'gemma:latest', 'prompt_hash': 'a6af280e'}"
0,real_mixed_3,gemma:latest_baseline,55.749348878860474,39.52,0,codeblock,0.8,0.3333333333333333,0.47058823529411764,0.0,0,20.4,71.9,9.2,208.7,208.9,21877.3,77.3,7022.2,4779.7,"{'timestamp': '2026-09-01T23:47:51.690321+00:00', 'model_version': 'gemma:latest', 'prompt_hash': 'a6af280e'}"
3,real_mixed_10,gemma:latest_baseline,20.78519296646118,39.61,0,codeblock,0.1,0.16666666666666666,0.125,0.0,0,22.2,71.9,21.6,208.6,208.9,21387.7,76.6,7022.2,4779.7,"{'timestamp': '2026-09-01T23:47:16.720282+00:00', 'model_version': 'gemma:latest', 'prompt_hash': 'a6af280e'}"
3,real_mixed_11,gemma:latest_baseline,67.89312100410461,37.93,0,codeblock,0.625,0.8333333333333334,0.7142857142857143,0.0,0,20.3,71.9,7.0,208.8,209.0,21937.0,77.4,7022.2,4779.7,"{'timestamp': '2026-09-01T23:48:03.835300+00:00', 'model_version': 'gemma:latest', 'prompt_hash': 'a6af280e'}"
3,real_mixed_12,gemma:latest_baseline,49.6197292804718,39.7,0,codeblock,0.36363636363636365,0.5714285714285714,0.4444444444444444,0.0,0,24.3,90.9,9.5,208.7,208.9,21831.5,77.3,7022.2,4779.7,"{'timestamp': '2026-09-01T23:47:45.555906+00:00', 'model_version': 'gemma:latest', 'prompt_hash': 'a6af280e'}"
1,real_mixed_4,gemma:latest_baseline,80.53823900222778,39.39,0,codeblock,0.6363636363636364,0.5,0.56,0.0,0,29.3,100.0,3.8,208.8,209.2,22000.4,77.4,7022.2,4779.7,"{'timestamp': '2026-09-01T23:48:16.475053+00:00', 'model_version': 'gemma:latest', 'prompt_hash': 'a6af280e'}"
1,real_mixed_5,gemma:latest_baseline,84.58381485939026,39.55,0,codeblock,0.2857142857142857,0.4,0.3333333333333333,0.0,0,24.4,100.0,2.6,208.8,209.2,22012.0,77.4,7022.2,4779.7,"{'timestamp': '2026-09-01T23:48:20.514358+00:00', 'model_version': 'gemma:latest', 'prompt_hash': 'a6af280e'}"
1,real_mixed_6,gemma:latest_baseline,71.81846594810486,40.45,0,codeblock,1.0,0.6666666666666666,0.8,0.0,0,40.4,71.9,3.0,208.7,209.2,21960.9,77.4,7022.2,4779.7,"{'timestamp': '2026-09-01T23:48:07.759725+00:00', 'model_version': 'gemma:latest', 'prompt_hash': 'a6af280e'}"
2,real_mixed_7,gemma:latest_baseline,95.69660782814026,39.27,0,codeblock,0.5714285714285714,0.5714285714285714,0.5714285714285714,0.0,0,30.9,100.0,2.8,208.9,209.3,22040.3,77.4,7022.2,4779.7,"{'timestamp': '2026-09-01T23:48:31.632729+00:00', 'model_version': 'gemma:latest', 'prompt_hash': 'a6af280e'}"
2,real_mixed_8,gemma:latest_baseline,74.94600296020508,38.64,0,codeblock,0.2,0.1111111111111111,0.14285714285714285,0.0,0,33.3,100.0,3.0,208.8,209.2,21976.4,77.4,7022.2,4779.7,"{'timestamp': '2026-09-01T23:48:10.877139+00:00', 'model_version': 'gemma:latest', 'prompt_hash': 'a6af280e'}"
2,real_mixed_9,gemma:latest_baseline,52.607600927352905,40.32,0,codeblock,0.2222222222222222,0.2,0.2105263157894737,0.0,0,39.8,83.3,3.4,208.7,208.9,21854.2,77.3,7022.2,4779.7,"{'timestamp': '2026-09-01T23:47:48.537839+00:00', 'model_version': 'gemma:latest', 'prompt_hash': 'a6af280e'}"
4,real_mixed_13,gemma:latest_baseline,31.39026188850403,39.04,0,codeblock,0.4444444444444444,0.47058823529411764,0.45714285714285713,0.0,0,30.7,100.0,7.3,208.7,208.9,21646.6,77.0,7022.2,4779.7,"{'timestamp': '2026-09-01T23:47:27.344523+00:00', 'model_version': 'gemma:latest', 'prompt_hash': 'a6af280e'}"
4,real_mixed_14,gemma:latest_baseline,90.69634199142456,38.66,0,codeblock,0.6428571428571429,0.75,0.6923076923076924,0.0,0,21.9,71.9,3.4,208.9,209.3,22025.0,77.4,7022.2,4779.7,"{'timestamp': '2026-09-01T23:48:26.645601+00:00', 'model_version': 'gemma:latest', 'prompt_hash': 'a6af280e'}"
4,real_mixed_15,gemma:latest_baseline,103.36529493331909,39.59,0,codeblock,0.21428571428571427,0.3333333333333333,0.2608695652173913,0.0,0,23.4,100.0,4.4,209.0,209.5,22055.0,77.4,7022.2,4779.7,"{'timestamp': '2026-09-01T23:48:39.308113+00:00', 'model_version': 'gemma:latest', 'prompt_hash': 'a6af280e'}"
5,real_mixed_16,gemma:latest_baseline,106.80010175704956,39.88,0,codeblock,0.5,0.4444444444444444,0.47058823529411764,0.0,0,30.5,100.0,2.4,209.0,209.7,22064.3,77.4,7022.2,4779.7,"{'timestamp': '2026-09-01T23:48:42.745614+00:00', 'model_version': 'gemma:latest', 'prompt_hash': 'a6af280e'}"
5,real_mixed_17,gemma:latest_baseline,6.5787739753723145,39.36,0,codeblock,0.2857142857142857,1.0,0.4444444444444445,0.0,0,23.8,71.9,15.8,208.8,208.9,19232.9,72.6,7022.2,4779.7,"{'timestamp': '2026-09-01T23:47:02.515813+00:00', 'model_version': 'gemma:latest', 'prompt_hash': 'a6af280e'}"
5,real_mixed_18,gemma:latest_baseline,99.20706009864807,39.55,0,codeblock,0.7142857142857143,0.4166666666666667,0.5263157894736842,0.0,0,27.7,71.9,2.0,208.9,209.5,22044.2,77.4,7022.2,4779.7,"{'timestamp': '2026-09-01T23:48:35.154217+00:00', 'model_version': 'gemma:latest', 'prompt_hash': 'a6af280e'}"
7,real_mixed_22,gemma:latest_baseline,45.581928968429565,40.7,0,codeblock,0.0,1.0,0.0,0.0,0,20.4,71.9,7.6,208.7,208.9,21807.3,77.3,7022.2,4779.7,"{'timestamp': '2026-09-01T23:47:41.516047+00:00', 'model_version': 'gemma:latest', 'prompt_hash': 'a6af280e'}"
7,real_mixed_23,gemma:latest_baseline,17.72081184387207,37.69,0,codeblock,0.875,0.4666666666666667,0.608695652173913,0.0,0,28.3,71.9,26.3,208.7,208.9,21246.6,76.4,7022.2,4779.7,"{'timestamp': '2026-09-01T23:47:13.669673+00:00', 'model_version': 'gemma:latest', 'prompt_hash': 'a6af280e'}"
7,real_mixed_24,gemma:latest_baseline,109.84495401382446,39.72,0,codeblock,0.7142857142857143,0.7142857142857143,0.7142857142857143,0.0,0,34.4,100.0,2.3,209.0,209.9,22068.4,77.4,7022.2,4779.7,"{'timestamp': '2026-09-01T23:48:45.786481+00:00', 'model_version': 'gemma:latest', 'prompt_hash': 'a6af280e'}"
8,real_mixed_25,gemma:latest_baseline,14.168551921844482,37.85,0,codeblock,0.8333333333333334,0.4166666666666667,0.5555555555555556,0.0,0,25.6,71.9,29.4,208.6,208.9,20960.4,75.9,7022.2,4779.7,"{'timestamp': '2026-09-01T23:47:10.110204+00:00', 'model_version': 'gemma:latest', 'prompt_hash': 'a6af280e'}"
8,real_mixed_26,gemma:latest_baseline,59.27733898162842,39.47,0,codeblock,0.3,0.08333333333333333,0.13043478260869565,0.0,0,21.5,100.0,9.3,208.8,209.0,21891.8,77.3,7022.2,4779.7,"{'timestamp': '2026-09-01T23:47:55.246091+00:00', 'model_version': 'gemma:latest', 'prompt_hash': 'a6af280e'}"
8,real_mixed_27,gemma:latest_baseline,119.41165900230408,36.68,0,codeblock,0.64,0.6153846153846154,0.6274509803921569,0.0,0,36.7,100.0,5.6,209.0,209.9,22086.0,77.5,7022.2,4779.7,"{'timestamp': '2026-09-01T23:48:55.357960+00:00', 'model_version': 'gemma:latest', 'prompt_hash': 'a6af280e'}"
9,real_mixed_28,gemma:latest_baseline,94.69516515731812,40.73,0,codeblock,0.5555555555555556,0.3333333333333333,0.4166666666666667,0.0,0,20.2,56.7,2.1,209.2,209.9,22212.2,77.7,7022.2,4779.7,"{'timestamp': '2026-09-01T23:49:06.211201+00:00', 'model_version': 'gemma:latest', 'prompt_hash': 'a6af280e'}"
9,real_mixed_29,gemma:latest_baseline,88.5324478149414,40.27,0,codeblock,0.25,0.4166666666666667,0.3125,0.0,0,21.6,56.7,2.2,209.2,209.9,22236.9,77.6,7022.2,4779.7,"{'timestamp': '2026-09-01T23:49:00.050277+00:00', 'model_version': 'gemma:latest', 'prompt_hash': 'a6af280e'}"
9,real_mixed_30,gemma:latest_baseline,91.60999011993408,41.51,0,codeblock,0.42857142857142855,0.375,0.39999999999999997,0.0,0,22.8,88.9,1.9,209.2,209.9,22228.4,77.7,7022.2,4779.7,"{'timestamp': '2026-09-01T23:49:03.122318+00:00', 'model_version': 'gemma:latest', 'prompt_hash': 'a6af280e'}"
10,real_mixed_31,gemma:latest_baseline,77.43459677696228,41.92,0,codeblock,0.125,0.5,0.2,0.0,0,20.1,56.7,2.6,209.3,209.9,22192.8,77.8,7022.2,4779.7,"{'timestamp': '2026-09-01T23:49:09.201734+00:00', 'model_version': 'gemma:latest', 'prompt_hash': 'a6af280e'}"
10,real_mixed_32,gemma:latest_baseline,84.06517314910889,41.68,0,codeblock,0.0,0.0,1.0,0.0,0,19.8,56.7,2.4,209.2,209.9,22091.3,78.0,7022.2,4779.7,"{'timestamp': '2026-09-01T23:49:15.839845+00:00', 'model_version': 'gemma:latest', 'prompt_hash': 'a6af280e'}"
10,real_mixed_33,gemma:latest_baseline,81.54675936698914,40.36,0,codeblock,0.8888888888888888,0.6153846153846154,0.7272727272727274,0.0,0,20.0,56.7,2.4,209.3,209.9,22135.4,77.9,7022.2,4779.7,"{'timestamp': '2026-09-01T23:49:13.332566+00:00', 'model_version': 'gemma:latest', 'prompt_hash': 'a6af280e'}"
11,real_mixed_34,gemma:latest_baseline,78.43646430969238,40.46,0,codeblock,0.4,0.4,0.4000000000000001,0.1,1,19.6,56.7,2.5,209.2,209.9,21963.0,78.3,7022.2,4779.7,"{'timestamp': '2026-09-01T23:49:22.361006+00:00', 'model_version': 'gemma:latest', 'prompt_hash': 'a6af280e'}"
11,real_mixed_35,gemma:latest_baseline,82.4859127998352,40.24,0,codeblock,0.2727272727272727,0.42857142857142855,0.33333333333333326,0.0,0,19.5,56.7,2.4,209.1,209.9,21896.3,78.4,7022.2,4779.7,"{'timestamp': '2026-09-01T23:49:26.406284+00:00', 'model_version': 'gemma:latest', 'prompt_hash': 'a6af280e'}"
11,real_mixed_36,gemma:latest_baseline,74.41567897796631,41.56,0,codeblock,0.8888888888888888,0.38095238095238093,0.5333333333333333,0.0,0,20.2,57.1,2.7,209.2,209.9,22028.7,78.1,7022.2,4779.7,"{'timestamp': '2026-09-01T23:49:18.348974+00:00', 'model_version': 'gemma:latest', 'prompt_hash': 'a6af280e'}"
12,real_mixed_37,gemma:latest_baseline,77.4735062122345,40.16,0,codeblock,0.5,0.4166666666666667,0.45454545454545453,0.0,0,19.0,54.4,2.7,204.4,209.9,21566.0,79.0,7022.2,4779.7,"{'timestamp': '2026-09-01T23:49:38.083364+00:00', 'model_version': 'gemma:latest', 'prompt_hash': 'a6af280e'}"
12,real_mixed_38,gemma:latest_baseline,72.9636697769165,39.73,0,codeblock,0.5555555555555556,0.38461538461538464,0.4545454545454546,0.0,0,19.2,54.4,2.7,208.8,209.9,21655.5,78.9,7022.2,4779.7,"{'timestamp': '2026-09-01T23:49:33.566728+00:00', 'model_version': 'gemma:latest', 'prompt_hash': 'a6af280e'}"
12,real_mixed_39,gemma:latest_baseline,68.85178399085999,40.17,0,codeblock,0.7142857142857143,0.7142857142857143,0.7142857142857143,0.0,0,19.2,54.4,2.8,209.0,209.9,21735.1,78.7,7022.2,4779.7,"{'timestamp': '2026-09-01T23:49:29.448947+00:00', 'model_version': 'gemma:latest', 'prompt_hash': 'a6af280e'}"
13,real_mixed_40,gemma:latest_baseline,69.34099984169006,40.67,0,codeblock,1.0,0.5,0.6666666666666666,0.0,0,22.1,68.7,3.0,198.9,209.9,21389.9,79.4,7022.2,4779.7,"{'timestamp': '2026-09-01T23:49:41.062967+00:00', 'model_version': 'gemma:latest', 'prompt_hash': 'a6af280e'}"
13,real_mixed_41,gemma:latest_baseline,77.90618324279785,40.18,0,codeblock,1.0,0.5555555555555556,0.7142857142857143,0.0,0,29.3,64.8,2.6,187.0,209.9,21176.6,79.9,7022.2,4779.7,"{'timestamp': '2026-09-01T23:49:49.638714+00:00', 'model_version': 'gemma:latest', 'prompt_hash': 'a6af280e'}"
13,real_mixed_42,gemma:latest_baseline,73.94767785072327,39.66,0,codeblock,0.4166666666666667,0.20833333333333334,0.2777777777777778,0.08333333333333333,1,20.7,62.5,2.7,192.5,209.9,21294.6,79.6,7022.2,4779.7,"{'timestamp': '2026-09-01T23:49:45.679600+00:00', 'model_version': 'gemma:latest', 'prompt_hash': 'a6af280e'}"
14,real_mixed_43,gemma:latest_baseline,87.57299399375916,37.02,0,direct_json,0.8421052631578947,0.7619047619047619,0.8,0.0,0,18.2,54.4,2.5,166.1,209.9,20600.6,81.0,7022.2,4779.7,"{'timestamp': '2026-09-01T23:50:06.981257+00:00', 'model_version': 'gemma:latest', 'prompt_hash': 'a6af280e'}"
14,real_mixed_44,gemma:latest_baseline,78.47222709655762,39.73,0,codeblock,0.5625,0.6428571428571429,0.6000000000000001,0.0,0,18.5,54.4,2.7,174.9,209.9,20816.4,80.6,7022.2,4779.7,"{'timestamp': '2026-09-01T23:49:57.878803+00:00', 'model_version': 'gemma:latest', 'prompt_hash': 'a6af280e'}"
14,real_mixed_45,gemma:latest_baseline,73.93107390403748,40.88,0,codeblock,0.9,0.75,0.8181818181818182,0.0,0,18.5,54.4,2.9,180.1,209.9,20951.8,80.3,7022.2,4779.7,"{'timestamp': '2026-09-01T23:49:53.332120+00:00', 'model_version': 'gemma:latest', 'prompt_hash': 'a6af280e'}"
15,real_mixed_46,gemma:latest_baseline,93.15372395515442,41.35,0,codeblock,0.5714285714285714,0.2857142857142857,0.38095238095238093,0.0,0,19.4,59.3,2.5,157.2,209.9,20350.7,81.4,7022.2,4779.7,"{'timestamp': '2026-09-01T23:50:15.989108+00:00', 'model_version': 'gemma:latest', 'prompt_hash': 'a6af280e'}"
15,real_mixed_47,gemma:latest_baseline,87.10658001899719,40.4,0,codeblock,0.7272727272727273,0.3076923076923077,0.43243243243243246,0.0,0,25.4,100.0,2.6,161.7,209.9,20461.7,81.2,7022.2,4779.7,"{'timestamp': '2026-09-01T23:50:09.966789+00:00', 'model_version': 'gemma:latest', 'prompt_hash': 'a6af280e'}"
15,real_mixed_48,gemma:latest_baseline,90.10089182853699,41.4,0,codeblock,0.0,0.0,1.0,0.125,1,27.8,64.8,2.5,159.4,209.9,20403.8,81.3,7022.2,4779.7,"{'timestamp': '2026-09-01T23:50:12.932927+00:00', 'model_version': 'gemma:latest', 'prompt_hash': 'a6af280e'}"
16,real_mixed_49,gemma:latest_baseline,101.74031400680542,39.45,0,codeblock,0.5384615384615384,0.5,0.5185185185185186,0.0,0,24.6,100.0,2.4,148.6,209.7,20166.6,81.7,7022.2,4779.7,"{'timestamp': '2026-09-01T23:50:27.624973+00:00', 'model_version': 'gemma:latest', 'prompt_hash': 'a6af280e'}"
16,real_mixed_50,gemma:latest_baseline,93.62211084365845,40.97,0,codeblock,0.5833333333333334,0.6363636363636364,0.6086956521739131,0.0,0,28.4,69.2,2.4,153.2,209.7,20243.8,81.6,7022.2,4779.7,"{'timestamp': '2026-09-01T23:50:19.507206+00:00', 'model_version': 'gemma:latest', 'prompt_hash': 'a6af280e'}"
16,real_mixed_51,gemma:latest_baseline,96.71675395965576,40.93,0,codeblock,0.375,0.3333333333333333,0.35294117647058826,0.0,0,20.8,59.0,2.5,151.4,209.7,20215.6,81.6,7022.2,4779.7,"{'timestamp': '2026-09-01T23:50:22.596297+00:00', 'model_version': 'gemma:latest', 'prompt_hash': 'a6af280e'}"
17,real_mixed_52,gemma:latest_baseline,104.81736612319946,39.58,0,codeblock,0.6111111111111112,0.7857142857142857,0.6875000000000001,0.0,0,31.9,73.9,2.5,148.1,209.7,19800.4,82.4,7022.2,4779.7,"{'timestamp': '2026-09-01T23:50:40.287804+00:00', 'model_version': 'gemma:latest', 'prompt_hash': 'a6af280e'}"
17,real_mixed_53,gemma:latest_baseline,99.20750999450684,40.01,0,codeblock,0.17647058823529413,0.5,0.2608695652173913,0.0,0,33.5,73.9,2.6,145.5,209.8,19861.1,82.3,7022.2,4779.7,"{'timestamp': '2026-09-01T23:50:34.671179+00:00', 'model_version': 'gemma:latest', 'prompt_hash': 'a6af280e'}"
17,real_mixed_54,gemma:latest_baseline,94.67665028572083,40.17,0,codeblock,0.25,0.5,0.3333333333333333,0.0,0,28.7,73.9,2.7,143.1,209.8,19917.7,82.2,7022.2,4779.7,"{'timestamp': '2026-09-01T23:50:30.138408+00:00', 'model_version': 'gemma:latest', 'prompt_hash': 'a6af280e'}"
18,real_mixed_55,gemma:latest_baseline,109.87722420692444,25.44,0,codeblock,0.23529411764705882,0.4444444444444444,0.30769230769230765,0.0,0,18.2,58.7,2.3,148.1,209.2,20452.8,83.2,7022.2,4779.7,"{'timestamp': '2026-09-01T23:50:56.190325+00:00', 'model_version': 'gemma:latest', 'prompt_hash': 'a6af280e'}"
18,real_mixed_56,gemma:latest_baseline,102.28114008903503,25.2,0,codeblock,0.1875,0.21428571428571427,0.19999999999999998,0.0625,1,17.9,58.7,2.5,146.2,209.2,20051.4,83.0,7022.2,4779.7,"{'timestamp': '2026-09-01T23:50:48.597513+00:00', 'model_version': 'gemma:latest', 'prompt_hash': 'a6af280e'}"
18,real_mixed_57,gemma:latest_baseline,95.69249892234802,38.45,0,codeblock,1.0,0.2222222222222222,0.3636363636363636,0.0,0,17.8,58.7,2.5,142.7,209.2,19605.5,82.8,7022.2,4779.7,"{'timestamp': '2026-09-01T23:50:42.010255+00:00', 'model_version': 'gemma:latest', 'prompt_hash': 'a6af280e'}"
19,real_mixed_58,gemma:latest_baseline,111.42207503318787,25.93,0,codeblock,0.4166666666666667,0.45454545454545453,0.43478260869565216,0.0,0,18.4,58.7,2.3,147.5,208.1,20977.9,83.7,7022.2,4779.7,"{'timestamp': '2026-09-01T23:51:07.359087+00:00', 'model_version': 'gemma:latest', 'prompt_hash': 'a6af280e'}"
19,real_mixed_59,gemma:latest_baseline,123.00644016265869,27.47,0,codeblock,0.5769230769230769,0.7894736842105263,0.6666666666666666,0.0,0,18.6,58.7,2.2,152.0,208.0,21469.6,83.9,7022.2,4779.7,"{'timestamp': '2026-09-01T23:51:18.939603+00:00', 'model_version': 'gemma:latest', 'prompt_hash': 'a6af280e'}"
19,real_mixed_60,gemma:latest_baseline,105.85080909729004,26.0,0,codeblock,0.7,0.5384615384615384,0.608695652173913,0.0,0,18.5,58.7,2.3,145.0,208.0,20704.5,83.6,7022.2,4779.7,"{'timestamp': '2026-09-01T23:51:01.789636+00:00', 'model_version': 'gemma:latest', 'prompt_hash': 'a6af280e'}"
20,real_mixed_61,gemma:latest_baseline,134.5986578464508,29.44,0,codeblock,0.4074074074074074,0.39285714285714285,0.39999999999999997,0.0,0,19.7,100.0,2.0,142.3,206.2,22115.8,84.1,7022.2,4779.7,"{'timestamp': '2026-09-01T23:51:41.119205+00:00', 'model_version': 'gemma:latest', 'prompt_hash': 'a6af280e'}"
20,real_mixed_62,gemma:latest_baseline,120.98995876312256,38.65,0,codeblock,0.18181818181818182,0.18181818181818182,0.18181818181818182,0.0,0,23.3,60.0,2.1,150.2,206.2,21677.3,83.8,7022.2,4779.7,"{'timestamp': '2026-09-01T23:51:27.491611+00:00', 'model_version': 'gemma:latest', 'prompt_hash': 'a6af280e'}"
20,real_mixed_63,gemma:latest_baseline,115.98479175567627,40.71,0,codeblock,0.18181818181818182,0.25,0.2105263157894737,0.0,0,18.8,58.7,2.2,148.2,206.2,21638.7,84.1,7022.2,4779.7,"{'timestamp': '2026-09-01T23:51:22.483743+00:00', 'model_version': 'gemma:latest', 'prompt_hash': 'a6af280e'}"
21,real_mixed_64,gemma:latest_baseline,126.93133282661438,25.53,0,codeblock,0.14285714285714285,1.0,0.25,0.0,0,19.0,100.0,1.9,137.0,202.2,22390.3,84.4,7022.2,4779.7,"{'timestamp': '2026-09-01T23:51:45.103715+00:00', 'model_version': 'gemma:latest', 'prompt_hash': 'a6af280e'}"
21,real_mixed_65,gemma:latest_baseline,134.952574968338,40.56,0,codeblock,0.14285714285714285,0.125,0.13333333333333333,0.0,0,17.7,66.7,1.9,133.9,202.2,22545.1,84.5,7022.2,4779.7,"{'timestamp': '2026-09-01T23:51:53.130321+00:00', 'model_version': 'gemma:latest', 'prompt_hash': 'a6af280e'}"
21,real_mixed_66,gemma:latest_baseline,131.41334700584412,35.37,0,codeblock,0.5384615384615384,0.35,0.4242424242424242,0.0,0,19.5,80.0,2.0,135.2,202.2,22494.1,84.5,7022.2,4779.7,"{'timestamp': '2026-09-01T23:51:49.604283+00:00', 'model_version': 'gemma:latest', 'prompt_hash': 'a6af280e'}"
22,real_mixed_67,gemma:latest_baseline,134.9293179512024,40.41,0,codeblock,0.7142857142857143,0.29411764705882354,0.4166666666666667,0.2857142857142857,2,28.9,69.4,2.0,133.3,202.2,22753.8,84.2,7022.2,4779.7,"{'timestamp': '2026-09-01T23:52:04.667720+00:00', 'model_version': 'gemma:latest', 'prompt_hash': 'a6af280e'}"
22,real_mixed_68,gemma:latest_baseline,127.91255116462708,40.95,0,codeblock,0.42857142857142855,0.46153846153846156,0.4444444444444445,0.07142857142857142,1,19.5,100.0,2.0,136.0,202.2,22799.9,84.5,7022.2,4779.7,"{'timestamp': '2026-09-01T23:51:57.640530+00:00', 'model_version': 'gemma:latest', 'prompt_hash': 'a6af280e'}"
22,real_mixed_69,gemma:latest_baseline,131.40235710144043,40.16,0,codeblock,0.6666666666666666,0.3333333333333333,0.4444444444444444,0.0,0,28.1,63.3,2.1,134.9,202.2,22775.4,84.3,7022.2,4779.7,"{'timestamp': '2026-09-01T23:52:01.145566+00:00', 'model_version': 'gemma:latest', 'prompt_hash': 'a6af280e'}"
23,real_mixed_70,gemma:latest_baseline,126.27997899055481,40.61,0,codeblock,0.7333333333333333,0.5238095238095238,0.611111111111111,0.0,0,16.9,74.9,2.0,136.7,202.2,23114.3,84.0,7022.2,4779.7,"{'timestamp': '2026-09-01T23:52:13.375878+00:00', 'model_version': 'gemma:latest', 'prompt_hash': 'a6af280e'}"
23,real_mixed_71,gemma:latest_baseline,129.315908908844,39.62,0,codeblock,0.6666666666666666,0.3333333333333333,0.4444444444444444,0.0,0,16.7,74.9,2.0,135.6,202.2,23015.4,84.0,7022.2,4779.7,"{'timestamp': '2026-09-01T23:52:16.406329+00:00', 'model_version': 'gemma:latest', 'prompt_hash': 'a6af280e'}"
23,real_mixed_72,gemma:latest_baseline,121.80210304260254,34.27,0,codeblock,0.875,0.5,0.6363636363636364,0.0,0,17.0,74.9,2.0,138.4,202.2,23271.2,84.0,7022.2,4779.7,"{'timestamp': '2026-09-01T23:52:08.890751+00:00', 'model_version': 'gemma:latest', 'prompt_hash': 'a6af280e'}"
24,real_mixed_73,gemma:latest_baseline,127.23923182487488,40.65,0,codeblock,0.7777777777777778,0.4666666666666667,0.5833333333333334,0.0,0,27.2,89.3,2.0,136.4,202.2,23099.4,84.0,7022.2,4779.7,"{'timestamp': '2026-09-01T23:52:23.325794+00:00', 'model_version': 'gemma:latest', 'prompt_hash': 'a6af280e'}"
24,real_mixed_74,gemma:latest_baseline,130.7790548801422,40.44,0,codeblock,0.8571428571428571,0.6,0.7058823529411764,0.0,0,21.4,100.0,2.0,135.3,202.2,22984.5,84.0,7022.2,4779.7,"{'timestamp': '2026-09-01T23:52:26.860578+00:00', 'model_version': 'gemma:latest', 'prompt_hash': 'a6af280e'}"
24,real_mixed_75,gemma:latest_baseline,123.69883704185486,40.99,0,codeblock,0.2857142857142857,0.6666666666666666,0.4,0.0,0,27.1,88.9,1.9,137.5,202.2,23215.6,84.0,7022.2,4779.7,"{'timestamp': '2026-09-01T23:52:19.771593+00:00', 'model_version': 'gemma:latest', 'prompt_hash': 'a6af280e'}"
25,real_mixed_76,gemma:latest_baseline,120.62399625778198,41.99,0,codeblock,0.0,1.0,0.0,0.0,0,17.3,100.0,1.9,138.7,202.2,23294.6,84.1,7022.2,4779.7,"{'timestamp': '2026-09-01T23:52:28.397364+00:00', 'model_version': 'gemma:latest', 'prompt_hash': 'a6af280e'}"
25,real_mixed_77,gemma:latest_baseline,125.61975288391113,40.47,0,codeblock,0.6428571428571429,0.45,0.5294117647058824,0.0,0,17.8,100.0,1.7,137.0,202.2,23119.9,84.2,7022.2,4779.7,"{'timestamp': '2026-09-01T23:52:33.429380+00:00', 'model_version': 'gemma:latest', 'prompt_hash': 'a6af280e'}"
25,real_mixed_78,gemma:latest_baseline,131.65718293190002,38.78,0,codeblock,0.18181818181818182,0.5,0.26666666666666666,0.09090909090909091,1,17.7,87.1,2.0,135.2,202.2,22919.8,84.2,7022.2,4779.7,"{'timestamp': '2026-09-01T23:52:39.436671+00:00', 'model_version': 'gemma:latest', 'prompt_hash': 'a6af280e'}"
26,real_mixed_79,gemma:latest_baseline,139.24706983566284,38.18,0,codeblock,0.5384615384615384,0.7,0.608695652173913,0.0,0,16.4,100.0,1.8,124.2,202.2,22745.4,84.1,7022.2,4779.7,"{'timestamp': '2026-09-01T23:52:59.635509+00:00', 'model_version': 'gemma:latest', 'prompt_hash': 'a6af280e'}"
26,real_mixed_80,gemma:latest_baseline,131.576514005661,39.63,0,codeblock,0.5625,0.75,0.6428571428571429,0.0,0,24.4,100.0,1.9,126.1,202.2,22960.9,84.1,7022.2,4779.7,"{'timestamp': '2026-09-01T23:52:51.985463+00:00', 'model_version': 'gemma:latest', 'prompt_hash': 'a6af280e'}"
26,real_mixed_81,gemma:latest_baseline,122.06988215446472,41.52,0,codeblock,1.0,0.5454545454545454,0.7058823529411764,0.0,0,17.7,86.4,1.9,128.2,202.2,23252.0,84.2,7022.2,4779.7,"{'timestamp': '2026-09-01T23:52:42.461988+00:00', 'model_version': 'gemma:latest', 'prompt_hash': 'a6af280e'}"
27,real_mixed_82,gemma:latest_baseline,131.0271909236908,41.32,0,codeblock,0.3076923076923077,0.4444444444444444,0.3636363636363637,0.0,0,12.4,74.9,1.8,115.1,196.6,22161.2,84.0,7022.2,4779.7,"{'timestamp': '2026-09-01T23:53:07.326293+00:00', 'model_version': 'gemma:latest', 'prompt_hash': 'a6af280e'}"
27,real_mixed_83,gemma:latest_baseline,126.53885507583618,42.13,0,codeblock,0.8,0.8,0.8000000000000002,0.0,0,12.7,74.9,1.6,115.9,196.6,22274.4,84.0,7022.2,4779.7,"{'timestamp': '2026-09-01T23:53:02.832017+00:00', 'model_version': 'gemma:latest', 'prompt_hash': 'a6af280e'}"
27,real_mixed_84,gemma:latest_baseline,133.5440058708191,41.9,0,codeblock,1.0,0.5555555555555556,0.7142857142857143,0.0,0,12.3,74.9,1.8,114.7,196.6,22105.1,84.0,7022.2,4779.7,"{'timestamp': '2026-09-01T23:53:09.832419+00:00', 'model_version': 'gemma:latest', 'prompt_hash': 'a6af280e'}"
28,real_mixed_85,gemma:latest_baseline,113.83260107040405,42.16,0,codeblock,0.8333333333333334,0.625,0.7142857142857143,0.0,0,10.7,74.9,2.2,98.1,196.6,21213.3,83.7,7022.2,4779.7,"{'timestamp': '2026-09-01T23:53:12.859261+00:00', 'model_version': 'gemma:latest', 'prompt_hash': 'a6af280e'}"
28,real_mixed_86,gemma:latest_baseline,120.3724799156189,41.07,0,codeblock,1.0,0.6923076923076923,0.8181818181818181,0.0,0,10.5,74.9,2.0,97.9,196.6,21094.2,83.7,7022.2,4779.7,"{'timestamp': '2026-09-01T23:53:19.412598+00:00', 'model_version': 'gemma:latest', 'prompt_hash': 'a6af280e'}"
28,real_mixed_87,gemma:latest_baseline,116.33605885505676,41.93,0,codeblock,0.4,0.2857142857142857,0.3333333333333333,0.0,0,10.7,74.9,2.0,98.1,196.6,21168.5,83.7,7022.2,4779.7,"{'timestamp': '2026-09-01T23:53:15.361633+00:00', 'model_version': 'gemma:latest', 'prompt_hash': 'a6af280e'}"
29,real_mixed_88,gemma:latest_baseline,100.72829699516296,42.69,0,codeblock,0.2857142857142857,0.5,0.36363636363636365,0.0,0,9.2,74.9,2.2,93.1,99.8,20177.2,83.8,7022.2,4779.7,"{'timestamp': '2026-09-01T23:53:21.939527+00:00', 'model_version': 'gemma:latest', 'prompt_hash': 'a6af280e'}"
29,real_mixed_89,gemma:latest_baseline,103.70618391036987,41.83,0,codeblock,0.2222222222222222,0.15384615384615385,0.18181818181818185,0.0,0,9.3,74.9,2.2,93.1,99.8,20140.3,83.8,7022.2,4779.7,"{'timestamp': '2026-09-01T23:53:24.925310+00:00', 'model_version': 'gemma:latest', 'prompt_hash': 'a6af280e'}"
29,real_mixed_90,gemma:latest_baseline,109.76253199577332,40.96,0,codeblock,0.3333333333333333,0.875,0.48275862068965514,0.0,0,9.2,74.9,2.1,93.3,99.8,20084.2,83.8,7022.2,4779.7,"{'timestamp': '2026-09-01T23:53:30.981623+00:00', 'model_version': 'gemma:latest', 'prompt_hash': 'a6af280e'}"
30,real_mixed_91,gemma:latest_baseline,109.69957900047302,40.92,0,codeblock,0.3,0.25,0.2727272727272727,0.0,0,10.5,74.9,2.2,94.6,99.8,19452.3,83.4,7022.2,4779.7,"{'timestamp': '2026-09-01T23:53:42.924323+00:00', 'model_version': 'gemma:latest', 'prompt_hash': 'a6af280e'}"
30,real_mixed_92,gemma:latest_baseline,102.66048574447632,40.95,0,codeblock,0.47058823529411764,0.5333333333333333,0.5,0.0,0,11.5,74.9,2.2,94.4,99.8,19446.9,83.4,7022.2,4779.7,"{'timestamp': '2026-09-01T23:53:35.890761+00:00', 'model_version': 'gemma:latest', 'prompt_hash': 'a6af280e'}"
30,real_mixed_93,gemma:latest_baseline,106.23362302780151,41.48,0,codeblock,0.5833333333333334,0.7,0.6363636363636365,0.0,0,8.9,74.9,2.2,94.5,99.8,19448.3,83.4,7022.2,4779.7,"{'timestamp': '2026-09-01T23:53:39.452911+00:00', 'model_version': 'gemma:latest', 'prompt_hash': 'a6af280e'}"
31,real_mixed_94,gemma:latest_baseline,109.23042297363281,40.39,0,codeblock,0.6153846153846154,0.38095238095238093,0.47058823529411764,0.0,0,12.0,100.0,2.1,95.4,99.8,19192.0,83.9,7022.2,4779.7,"{'timestamp': '2026-09-01T23:53:53.998799+00:00', 'model_version': 'gemma:latest', 'prompt_hash': 'a6af280e'}"
31,real_mixed_95,gemma:latest_baseline,101.68382120132446,41.66,0,codeblock,0.0,0.0,1.0,0.0,0,13.0,74.9,2.2,95.3,99.8,19165.3,84.0,7022.2,4779.7,"{'timestamp': '2026-09-01T23:53:46.434656+00:00', 'model_version': 'gemma:latest', 'prompt_hash': 'a6af280e'}"
31,real_mixed_96,gemma:latest_baseline,104.70427203178406,41.03,0,codeblock,0.5555555555555556,0.4166666666666667,0.4761904761904762,0.0,0,12.0,74.9,2.4,95.4,99.8,19183.2,83.9,7022.2,4779.7,"{'timestamp': '2026-09-01T23:53:49.463485+00:00', 'model_version': 'gemma:latest', 'prompt_hash': 'a6af280e'}"
32,real_mixed_97,gemma:latest_baseline,102.18818712234497,41.99,0,codeblock,0.4444444444444444,0.4444444444444444,0.4444444444444444,0.0,0,8.0,34.8,2.2,100.4,198.4,19135.4,84.1,7022.2,4779.7,"{'timestamp': '2026-09-01T23:53:58.696999+00:00', 'model_version': 'gemma:latest', 'prompt_hash': 'a6af280e'}"
32,real_mixed_98,gemma:latest_baseline,108.21758699417114,40.41,0,codeblock,0.6111111111111112,0.39285714285714285,0.4782608695652174,0.0,0,7.8,34.8,2.1,105.7,198.4,19137.3,84.1,7022.2,4779.7,"{'timestamp': '2026-09-01T23:54:04.741357+00:00', 'model_version': 'gemma:latest', 'prompt_hash': 'a6af280e'}"
32,real_mixed_99,gemma:latest_baseline,99.16648602485657,42.37,0,codeblock,0.0,0.0,1.0,0.0,0,8.0,34.8,2.3,97.4,198.4,19135.1,84.1,7022.2,4779.7,"{'timestamp': '2026-09-01T23:53:55.662873+00:00', 'model_version': 'gemma:latest', 'prompt_hash': 'a6af280e'}"
33,real_mixed_100,gemma:latest_baseline,106.64806818962097,41.1,0,codeblock,0.25,0.5714285714285714,0.34782608695652173,0.0,0,10.6,66.7,2.2,114.1,198.4,19189.2,84.0,7022.2,4779.7,"{'timestamp': '2026-09-01T23:54:13.601158+00:00', 'model_version': 'gemma:latest', 'prompt_hash': 'a6af280e'}"
33,real_mixed_101,gemma:latest_baseline,102.26296496391296,42.03,0,codeblock,0.2,0.2857142857142857,0.23529411764705882,0.0,0,9.2,50.0,2.2,110.9,198.4,19170.9,84.0,7022.2,4779.7,"{'timestamp': '2026-09-01T23:54:09.219225+00:00', 'model_version': 'gemma:latest', 'prompt_hash': 'a6af280e'}"
33,real_mixed_102,gemma:latest_baseline,99.24058699607849,43.06,0,codeblock,0.0,1.0,0.0,0.0,0,8.3,40.4,2.4,108.3,198.4,19160.3,84.0,7022.2,4779.7,"{'timestamp': '2026-09-01T23:54:06.188257+00:00', 'model_version': 'gemma:latest', 'prompt_hash': 'a6af280e'}"
34,real_mixed_103,gemma:latest_baseline,95.23031783103943,43.23,0,codeblock,0.0,1.0,0.0,0.0,0,8.0,58.3,2.3,117.7,198.4,19237.9,83.9,7022.2,4779.7,"{'timestamp': '2026-09-01T23:54:14.750347+00:00', 'model_version': 'gemma:latest', 'prompt_hash': 'a6af280e'}"
34,real_mixed_104,gemma:latest_baseline,103.13185501098633,41.55,0,codeblock,0.4375,0.7,0.5384615384615384,0.0,0,11.3,100.0,2.2,123.4,198.4,19247.8,83.9,7022.2,4779.7,"{'timestamp': '2026-09-01T23:54:22.665728+00:00', 'model_version': 'gemma:latest', 'prompt_hash': 'a6af280e'}"
34,real_mixed_105,gemma:latest_baseline,98.76910829544067,41.46,0,codeblock,0.125,0.1,0.11111111111111112,0.125,1,8.9,66.7,2.2,120.5,198.4,19244.3,83.9,7022.2,4779.7,"{'timestamp': '2026-09-01T23:54:18.303389+00:00', 'model_version': 'gemma:latest', 'prompt_hash': 'a6af280e'}"
35,real_mixed_106,gemma:latest_baseline,84.60863995552063,42.92,0,codeblock,0.5,0.5,0.5,0.0,0,7.5,35.4,2.5,131.8,201.7,19280.7,83.9,7022.2,4779.7,"{'timestamp': '2026-09-01T23:54:24.342242+00:00', 'model_version': 'gemma:latest', 'prompt_hash': 'a6af280e'}"
35,real_mixed_107,gemma:latest_baseline,93.14777398109436,40.46,0,codeblock,1.0,0.9230769230769231,0.9600000000000001,0.0,0,8.7,100.0,2.2,138.0,201.9,19258.0,83.9,7022.2,4779.7,"{'timestamp': '2026-09-01T23:54:32.887508+00:00', 'model_version': 'gemma:latest', 'prompt_hash': 'a6af280e'}"
35,real_mixed_108,gemma:latest_baseline,87.61748600006104,41.59,0,codeblock,0.16666666666666666,0.2,0.1818181818181818,0.0,0,8.6,100.0,2.4,134.2,201.9,19277.6,83.9,7022.2,4779.7,"{'timestamp': '2026-09-01T23:54:27.351454+00:00', 'model_version': 'gemma:latest', 'prompt_hash': 'a6af280e'}"
36,real_mixed_109,gemma:latest_baseline,99.19784998893738,40.22,0,codeblock,0.6666666666666666,0.5833333333333334,0.6222222222222222,0.0,0,6.9,34.8,2.3,153.0,201.9,19280.7,83.9,7022.2,4779.7,"{'timestamp': '2026-09-01T23:54:49.136627+00:00', 'model_version': 'gemma:latest', 'prompt_hash': 'a6af280e'}"
36,real_mixed_110,gemma:latest_baseline,93.11930203437805,40.87,0,codeblock,0.4444444444444444,0.2222222222222222,0.2962962962962963,0.0,0,7.3,34.8,2.3,149.8,201.9,19281.7,83.9,7022.2,4779.7,"{'timestamp': '2026-09-01T23:54:43.052973+00:00', 'model_version': 'gemma:latest', 'prompt_hash': 'a6af280e'}"
36,real_mixed_111,gemma:latest_baseline,89.08474111557007,42.07,0,codeblock,0.8275862068965517,0.8275862068965517,0.8275862068965517,0.0,0,7.9,50.0,2.5,147.5,201.9,19280.7,83.9,7022.2,4779.7,"{'timestamp': '2026-09-01T23:54:39.034991+00:00', 'model_version': 'gemma:latest', 'prompt_hash': 'a6af280e'}"
37,real_mixed_112,gemma:latest_baseline,92.10517883300781,42.29,0,codeblock,0.42857142857142855,0.6,0.5,0.0,0,7.1,42.9,2.2,160.5,202.5,19290.4,83.9,7022.2,4779.7,"{'timestamp': '2026-09-01T23:54:51.609587+00:00', 'model_version': 'gemma:latest', 'prompt_hash': 'a6af280e'}"
37,real_mixed_113,gemma:latest_baseline,95.14085221290588,41.62,0,codeblock,0.3333333333333333,0.2222222222222222,0.26666666666666666,0.0,0,7.0,34.8,2.1,161.8,202.6,19281.2,83.9,7022.2,4779.7,"{'timestamp': '2026-09-01T23:54:54.651403+00:00', 'model_version': 'gemma:latest', 'prompt_hash': 'a6af280e'}"
37,real_mixed_114,gemma:latest_baseline,98.67809391021729,41.61,0,codeblock,0.18181818181818182,0.2857142857142857,0.2222222222222222,0.0,0,6.9,34.8,2.2,163.3,202.6,19275.5,83.9,7022.2,4779.7,"{'timestamp': '2026-09-01T23:54:58.187545+00:00', 'model_version': 'gemma:latest', 'prompt_hash': 'a6af280e'}"
38,real_mixed_115,gemma:latest_baseline,88.60407590866089,42.95,0,codeblock,1.0,1.0,1.0,0.0,0,7.0,34.8,2.3,172.8,204.5,19305.1,84.0,7022.2,4779.7,"{'timestamp': '2026-09-01T23:54:59.675920+00:00', 'model_version': 'gemma:latest', 'prompt_hash': 'a6af280e'}"
38,real_mixed_116,gemma:latest_baseline,97.12524271011353,42.21,0,codeblock,1.0,0.0,0.0,0.0,0,8.0,52.6,2.2,175.6,204.6,19284.8,84.0,7022.2,4779.7,"{'timestamp': '2026-09-01T23:55:08.197616+00:00', 'model_version': 'gemma:latest', 'prompt_hash': 'a6af280e'}"
38,real_mixed_117,gemma:latest_baseline,95.15740013122559,40.76,0,codeblock,0.13333333333333333,0.4,0.2,0.06666666666666667,2,7.0,34.8,2.2,175.0,204.6,19285.6,84.0,7022.2,4779.7,"{'timestamp': '2026-09-01T23:55:06.240778+00:00', 'model_version': 'gemma:latest', 'prompt_hash': 'a6af280e'}"
39,real_mixed_118,gemma:latest_baseline,91.63694429397583,41.88,0,codeblock,0.5714285714285714,0.8,0.6666666666666666,0.0,0,10.5,34.8,3.3,181.2,204.6,19275.0,84.0,7022.2,4779.7,"{'timestamp': '2026-09-01T23:55:14.650798+00:00', 'model_version': 'gemma:latest', 'prompt_hash': 'a6af280e'}"
39,real_mixed_119,gemma:latest_baseline,89.14478087425232,41.53,0,codeblock,0.4444444444444444,0.6666666666666666,0.5333333333333333,0.0,0,9.9,62.5,2.4,183.6,204.6,19273.2,84.0,7022.2,4779.7,"{'timestamp': '2026-09-01T23:55:12.162757+00:00', 'model_version': 'gemma:latest', 'prompt_hash': 'a6af280e'}"
39,real_mixed_120,gemma:latest_baseline,94.18468713760376,42.15,0,codeblock,0.3333333333333333,0.6,0.42857142857142855,0.0,0,10.0,50.0,2.9,179.0,204.6,19278.2,84.0,7022.2,4779.7,"{'timestamp': '2026-09-01T23:55:17.200974+00:00', 'model_version': 'gemma:latest', 'prompt_hash': 'a6af280e'}"
2,real_mixed_7,gemma:latest_kb_rag,7.121962070465088,40.15,0,codeblock,0.47058823529411764,0.5714285714285714,0.5161290322580646,0.0,0,15.1,64.1,63.2,695.6,1210.5,18867.8,84.7,7022.2,4779.7,"{'timestamp': '2026-09-01T23:55:26.095844+00:00', 'model_version': 'gemma:latest', 'prompt_hash': 'a6af280e'}"
2,real_mixed_8,gemma:latest_kb_rag,17.6217679977417,40.93,0,direct_json,0.5,0.36363636363636365,0.4210526315789474,0.0,0,17.8,81.6,16.4,600.8,1191.6,18990.6,84.4,7022.2,4779.7,"{'timestamp': '2026-09-01T23:55:36.990820+00:00', 'model_version': 'gemma:latest', 'prompt_hash': 'a6af280e'}"
2,real_mixed_9,gemma:latest_kb_rag,15.649677038192749,40.87,0,codeblock,0.5,0.4,0.4444444444444445,0.0,0,12.1,61.9,64.6,618.2,1237.3,18957.1,84.5,7022.2,4779.7,"{'timestamp': '2026-09-01T23:55:34.751065+00:00', 'model_version': 'gemma:latest', 'prompt_hash': 'a6af280e'}"
3,real_mixed_10,gemma:latest_kb_rag,11.678615808486938,40.62,0,codeblock,0.6,1.0,0.7499999999999999,0.0,0,17.5,76.8,51.4,637.3,1154.4,18878.7,84.6,7022.2,4779.7,"{'timestamp': '2026-09-01T23:55:30.538708+00:00', 'model_version': 'gemma:latest', 'prompt_hash': 'a6af280e'}"
3,real_mixed_11,gemma:latest_kb_rag,26.216986179351807,37.89,0,codeblock,0.5833333333333334,0.7777777777777778,0.6666666666666666,0.0,0,18.8,70.6,13.5,533.9,1059.2,18967.0,84.4,7022.2,4779.7,"{'timestamp': '2026-09-01T23:55:45.723300+00:00', 'model_version': 'gemma:latest', 'prompt_hash': 'a6af280e'}"
3,real_mixed_12,gemma:latest_kb_rag,45.846932888031006,40.62,0,codeblock,0.23529411764705882,0.5714285714285714,0.3333333333333333,0.0,0,13.8,60.3,8.8,456.9,1044.1,18964.2,83.8,7022.2,4779.7,"{'timestamp': '2026-09-01T23:56:05.533576+00:00', 'model_version': 'gemma:latest', 'prompt_hash': 'a6af280e'}"
6,real_mixed_19,gemma:latest_kb_rag,36.753588914871216,40.61,0,codeblock,0.9375,0.75,0.8333333333333334,0.0,0,9.1,60.3,7.8,477.4,879.3,18938.3,84.0,7022.2,4779.7,"{'timestamp': '2026-09-01T23:55:56.606748+00:00', 'model_version': 'gemma:latest', 'prompt_hash': 'a6af280e'}"
6,real_mixed_20,gemma:latest_kb_rag,51.3314528465271,39.57,0,codeblock,0.6666666666666666,0.5,0.5714285714285715,0.0,0,8.8,60.3,7.7,474.3,879.3,19028.9,83.8,7022.2,4779.7,"{'timestamp': '2026-09-01T23:56:11.183716+00:00', 'model_version': 'gemma:latest', 'prompt_hash': 'a6af280e'}"
6,real_mixed_21,gemma:latest_kb_rag,83.5956609249115,40.14,0,codeblock,0.8,0.5714285714285714,0.6666666666666666,0.0,0,7.8,60.3,4.2,427.9,879.3,19133.5,83.7,7022.2,4779.7,"{'timestamp': '2026-09-01T23:56:43.450093+00:00', 'model_version': 'gemma:latest', 'prompt_hash': 'a6af280e'}"
1,real_mixed_4,gemma:latest_kb_rag,73.50833201408386,40.27,0,codeblock,0.6666666666666666,0.5714285714285714,0.6153846153846153,0.08333333333333333,1,8.2,60.3,8.9,438.9,879.3,19086.1,83.8,7022.2,4779.7,"{'timestamp': '2026-09-01T23:56:33.352774+00:00', 'model_version': 'gemma:latest', 'prompt_hash': 'a6af280e'}"
1,real_mixed_5,gemma:latest_kb_rag,96.16094088554382,40.43,0,codeblock,0.3333333333333333,0.5,0.4,0.06666666666666667,1,8.0,60.3,7.6,415.2,879.3,19104.7,83.7,7022.2,4779.7,"{'timestamp': '2026-09-01T23:56:56.001952+00:00', 'model_version': 'gemma:latest', 'prompt_hash': 'a6af280e'}"
1,real_mixed_6,gemma:latest_kb_rag,100.69323420524597,40.51,0,codeblock,1.0,0.8888888888888888,0.9411764705882353,0.0,0,7.9,60.3,8.1,408.1,879.3,19091.2,83.7,7022.2,4779.7,"{'timestamp': '2026-09-01T23:57:00.540306+00:00', 'model_version': 'gemma:latest', 'prompt_hash': 'a6af280e'}"
8,real_mixed_25,gemma:latest_kb_rag,61.89874792098999,40.25,0,codeblock,0.8571428571428571,0.5,0.631578947368421,0.0,0,10.4,63.6,7.3,456.2,879.3,19048.3,83.8,7022.2,4779.7,"{'timestamp': '2026-09-01T23:56:21.740924+00:00', 'model_version': 'gemma:latest', 'prompt_hash': 'a6af280e'}"
8,real_mixed_26,gemma:latest_kb_rag,87.62647414207458,39.24,0,codeblock,0.625,0.1388888888888889,0.2272727272727273,0.0,0,8.0,60.3,6.6,429.7,879.3,19127.3,83.7,7022.2,4779.7,"{'timestamp': '2026-09-01T23:56:47.499589+00:00', 'model_version': 'gemma:latest', 'prompt_hash': 'a6af280e'}"
8,real_mixed_27,gemma:latest_kb_rag,109.73726797103882,37.66,0,codeblock,0.9523809523809523,0.7692307692307693,0.8510638297872339,0.0,0,7.6,60.3,6.2,415.5,879.3,19085.4,83.7,7022.2,4779.7,"{'timestamp': '2026-09-01T23:57:09.600560+00:00', 'model_version': 'gemma:latest', 'prompt_hash': 'a6af280e'}"
5,real_mixed_16,gemma:latest_kb_rag,113.78562712669373,40.71,0,codeblock,0.4,0.6666666666666666,0.5,0.2,3,10.0,60.3,7.9,421.3,914.6,19073.7,83.8,7022.2,4779.7,"{'timestamp': '2026-09-01T23:57:13.604687+00:00', 'model_version': 'gemma:latest', 'prompt_hash': 'a6af280e'}"
5,real_mixed_17,gemma:latest_kb_rag,63.941442012786865,41.59,0,codeblock,0.2857142857142857,1.0,0.4444444444444445,0.0,0,10.2,60.3,5.5,455.6,879.3,19057.5,83.8,7022.2,4779.7,"{'timestamp': '2026-09-01T23:56:23.758910+00:00', 'model_version': 'gemma:latest', 'prompt_hash': 'a6af280e'}"
5,real_mixed_18,gemma:latest_kb_rag,58.38761234283447,40.22,0,codeblock,0.6363636363636364,0.5833333333333334,0.6086956521739131,0.18181818181818182,2,9.4,60.3,7.3,464.5,879.3,19033.9,83.8,7022.2,4779.7,"{'timestamp': '2026-09-01T23:56:18.221197+00:00', 'model_version': 'gemma:latest', 'prompt_hash': 'a6af280e'}"
7,real_mixed_22,gemma:latest_kb_rag,54.37504506111145,40.95,0,codeblock,0.0,1.0,0.0,0.0,0,9.1,60.3,7.6,469.3,879.3,19028.7,83.8,7022.2,4779.7,"{'timestamp': '2026-09-01T23:56:14.199828+00:00', 'model_version': 'gemma:latest', 'prompt_hash': 'a6af280e'}"
7,real_mixed_23,gemma:latest_kb_rag,92.13016295433044,40.49,0,codeblock,0.7272727272727273,0.5333333333333333,0.6153846153846153,0.0,0,9.3,63.6,5.9,423.3,879.3,19113.6,83.7,7022.2,4779.7,"{'timestamp': '2026-09-01T23:56:51.969142+00:00', 'model_version': 'gemma:latest', 'prompt_hash': 'a6af280e'}"
7,real_mixed_24,gemma:latest_kb_rag,117.87715983390808,40.86,0,codeblock,0.625,0.7142857142857143,0.6666666666666666,0.0,0,7.5,60.3,8.2,427.1,879.3,19054.5,83.7,7022.2,4779.7,"{'timestamp': '2026-09-01T23:57:17.716378+00:00', 'model_version': 'gemma:latest', 'prompt_hash': 'a6af280e'}"
0,real_mixed_1,gemma:latest_kb_rag,41.814563035964966,40.49,0,codeblock,0.5555555555555556,0.7692307692307693,0.6451612903225806,0.1111111111111111,2,14.9,60.9,14.6,467.8,1070.9,18944.9,83.9,7022.2,4779.7,"{'timestamp': '2026-09-01T23:56:01.512086+00:00', 'model_version': 'gemma:latest', 'prompt_hash': 'a6af280e'}"
0,real_mixed_2,gemma:latest_kb_rag,68.00374984741211,40.66,0,codeblock,0.6666666666666666,0.3333333333333333,0.4444444444444444,0.0,0,8.4,60.3,5.8,448.4,879.3,19072.1,83.8,7022.2,4779.7,"{'timestamp': '2026-09-01T23:56:27.833749+00:00', 'model_version': 'gemma:latest', 'prompt_hash': 'a6af280e'}"
0,real_mixed_3,gemma:latest_kb_rag,121.31917119026184,40.71,0,codeblock,0.6666666666666666,0.5,0.5714285714285715,0.0,0,10.4,66.7,40.3,437.0,914.5,19051.6,83.7,7022.2,4779.7,"{'timestamp': '2026-09-01T23:57:21.151951+00:00', 'model_version': 'gemma:latest', 'prompt_hash': 'a6af280e'}"
4,real_mixed_13,gemma:latest_kb_rag,32.72381901741028,39.81,0,codeblock,0.7692307692307693,0.5882352941176471,0.6666666666666667,0.0,0,9.6,60.3,13.0,493.5,879.3,18941.7,84.2,7022.2,4779.7,"{'timestamp': '2026-09-01T23:55:52.564161+00:00', 'model_version': 'gemma:latest', 'prompt_hash': 'a6af280e'}"
4,real_mixed_14,gemma:latest_kb_rag,79.5521023273468,38.62,0,codeblock,0.6666666666666666,0.6666666666666666,0.6666666666666666,0.0,0,7.9,60.3,5.4,431.9,879.3,19117.9,83.7,7022.2,4779.7,"{'timestamp': '2026-09-01T23:56:39.400067+00:00', 'model_version': 'gemma:latest', 'prompt_hash': 'a6af280e'}"
4,real_mixed_15,gemma:latest_kb_rag,126.36456799507141,40.47,0,codeblock,0.3157894736842105,0.6666666666666666,0.42857142857142855,0.05263157894736842,1,7.9,66.7,9.3,449.5,879.3,19047.2,83.7,7022.2,4779.7,"{'timestamp': '2026-09-01T23:57:26.198359+00:00', 'model_version': 'gemma:latest', 'prompt_hash': 'a6af280e'}"
9,real_mixed_28,gemma:latest_kb_rag,117.35251593589783,40.75,0,codeblock,0.875,0.4666666666666667,0.608695652173913,0.0,0,13.7,85.7,23.2,442.0,778.7,19034.1,83.6,7022.2,4779.7,"{'timestamp': '2026-09-01T23:57:34.746711+00:00', 'model_version': 'gemma:latest', 'prompt_hash': 'a6af280e'}"
9,real_mixed_29,gemma:latest_kb_rag,114.3301010131836,40.58,0,codeblock,0.2857142857142857,0.5,0.36363636363636365,0.0,0,12.4,57.8,9.8,439.3,778.7,19044.4,83.6,7022.2,4779.7,"{'timestamp': '2026-09-01T23:57:31.729743+00:00', 'model_version': 'gemma:latest', 'prompt_hash': 'a6af280e'}"
9,real_mixed_30,gemma:latest_kb_rag,120.88861584663391,40.85,0,codeblock,0.5,0.5,0.5,0.0,0,12.4,57.1,9.3,442.0,778.7,19032.1,83.7,7022.2,4779.7,"{'timestamp': '2026-09-01T23:57:38.292253+00:00', 'model_version': 'gemma:latest', 'prompt_hash': 'a6af280e'}"
10,real_mixed_31,gemma:latest_kb_rag,94.7463321685791,42.17,0,codeblock,0.16666666666666666,0.5,0.25,0.0,0,7.1,39.1,12.0,471.9,778.7,19052.6,83.8,7022.2,4779.7,"{'timestamp': '2026-09-01T23:57:40.643354+00:00', 'model_version': 'gemma:latest', 'prompt_hash': 'a6af280e'}"
10,real_mixed_32,gemma:latest_kb_rag,97.77595806121826,40.77,0,codeblock,0.2857142857142857,0.2857142857142857,0.2857142857142857,0.14285714285714285,1,6.9,34.8,11.2,479.3,778.7,19040.5,83.8,7022.2,4779.7,"{'timestamp': '2026-09-01T23:57:43.679911+00:00', 'model_version': 'gemma:latest', 'prompt_hash': 'a6af280e'}"
10,real_mixed_33,gemma:latest_kb_rag,102.81264400482178,36.74,0,codeblock,0.5454545454545454,0.46153846153846156,0.4999999999999999,0.18181818181818182,2,7.3,66.9,10.7,483.7,778.7,19027.8,83.7,7022.2,4779.7,"{'timestamp': '2026-09-01T23:57:48.732658+00:00', 'model_version': 'gemma:latest', 'prompt_hash': 'a6af280e'}"
11,real_mixed_34,gemma:latest_kb_rag,73.10485982894897,40.27,0,codeblock,0.2222222222222222,0.4,0.2857142857142857,0.0,0,11.3,100.0,15.6,534.8,778.7,18863.3,83.8,7022.2,4779.7,"{'timestamp': '2026-09-01T23:57:56.994008+00:00', 'model_version': 'gemma:latest', 'prompt_hash': 'a6af280e'}"
11,real_mixed_35,gemma:latest_kb_rag,68.03531002998352,40.6,0,direct_json,0.5555555555555556,0.7142857142857143,0.6250000000000001,0.0,0,9.1,66.9,17.0,533.9,778.7,18852.2,83.8,7022.2,4779.7,"{'timestamp': '2026-09-01T23:57:51.923123+00:00', 'model_version': 'gemma:latest', 'prompt_hash': 'a6af280e'}"
11,real_mixed_36,gemma:latest_kb_rag,75.60167193412781,41.06,0,direct_json,0.8181818181818182,0.42857142857142855,0.5625,0.0,0,8.6,66.9,14.2,530.8,778.7,18870.1,83.8,7022.2,4779.7,"{'timestamp': '2026-09-01T23:57:59.508702+00:00', 'model_version': 'gemma:latest', 'prompt_hash': 'a6af280e'}"
12,real_mixed_37,gemma:latest_kb_rag,63.46325922012329,40.41,0,codeblock,0.5384615384615384,0.5833333333333334,0.5599999999999999,0.46153846153846156,6,7.5,66.9,16.8,604.4,778.7,18887.2,83.8,7022.2,4779.7,"{'timestamp': '2026-09-01T23:58:04.377771+00:00', 'model_version': 'gemma:latest', 'prompt_hash': 'a6af280e'}"
12,real_mixed_38,gemma:latest_kb_rag,71.13514804840088,40.49,0,codeblock,0.6153846153846154,0.6153846153846154,0.6153846153846154,0.07692307692307693,1,7.8,66.9,15.2,583.7,778.7,18925.8,83.7,7022.2,4779.7,"{'timestamp': '2026-09-01T23:58:12.054693+00:00', 'model_version': 'gemma:latest', 'prompt_hash': 'a6af280e'}"
12,real_mixed_39,gemma:latest_kb_rag,66.08634901046753,41.09,0,direct_json,0.6666666666666666,0.5714285714285714,0.6153846153846153,0.0,0,8.7,66.9,20.4,597.9,778.7,18905.2,83.7,7022.2,4779.7,"{'timestamp': '2026-09-01T23:58:06.985641+00:00', 'model_version': 'gemma:latest', 'prompt_hash': 'a6af280e'}"
13,real_mixed_40,gemma:latest_kb_rag,75.67581915855408,40.79,0,codeblock,0.4666666666666667,0.5833333333333334,0.5185185185185186,0.4,6,7.4,66.9,14.2,553.0,778.7,18884.8,83.6,7022.2,4779.7,"{'timestamp': '2026-09-01T23:58:25.647284+00:00', 'model_version': 'gemma:latest', 'prompt_hash': 'a6af280e'}"
13,real_mixed_41,gemma:latest_kb_rag,66.11145186424255,39.77,0,codeblock,0.6666666666666666,0.4444444444444444,0.5333333333333333,0.0,0,7.5,66.9,17.3,588.8,778.7,18907.8,83.6,7022.2,4779.7,"{'timestamp': '2026-09-01T23:58:16.075192+00:00', 'model_version': 'gemma:latest', 'prompt_hash': 'a6af280e'}"
13,real_mixed_42,gemma:latest_kb_rag,71.14382266998291,40.43,0,codeblock,0.625,0.4166666666666667,0.5,0.0,0,8.1,66.9,15.9,568.5,778.7,18904.9,83.7,7022.2,4779.7,"{'timestamp': '2026-09-01T23:58:21.115753+00:00', 'model_version': 'gemma:latest', 'prompt_hash': 'a6af280e'}"
14,real_mixed_43,gemma:latest_kb_rag,93.89014506340027,36.44,0,direct_json,0.5769230769230769,0.7142857142857143,0.6382978723404256,0.2692307692307692,7,7.1,66.9,12.0,533.3,778.7,18937.5,83.7,7022.2,4779.7,"{'timestamp': '2026-09-01T23:58:47.862765+00:00', 'model_version': 'gemma:latest', 'prompt_hash': 'a6af280e'}"
14,real_mixed_44,gemma:latest_kb_rag,81.8151490688324,40.19,0,codeblock,0.6111111111111112,0.7857142857142857,0.6875000000000001,0.0,0,7.4,66.9,14.7,557.2,778.7,18914.0,83.6,7022.2,4779.7,"{'timestamp': '2026-09-01T23:58:35.789082+00:00', 'model_version': 'gemma:latest', 'prompt_hash': 'a6af280e'}"
14,real_mixed_45,gemma:latest_kb_rag,75.66543793678284,40.67,0,codeblock,0.5714285714285714,0.6666666666666666,0.6153846153846153,0.2857142857142857,4,9.7,66.9,15.3,555.0,778.7,18888.5,83.6,7022.2,4779.7,"{'timestamp': '2026-09-01T23:58:29.633817+00:00', 'model_version': 'gemma:latest', 'prompt_hash': 'a6af280e'}"
15,real_mixed_46,gemma:latest_kb_rag,103.75119614601135,40.6,0,codeblock,0.2222222222222222,0.14285714285714285,0.17391304347826086,0.0,0,10.4,100.0,11.4,500.3,778.7,18946.8,83.7,7022.2,4779.7,"{'timestamp': '2026-09-01T23:59:01.863279+00:00', 'model_version': 'gemma:latest', 'prompt_hash': 'a6af280e'}"
15,real_mixed_47,gemma:latest_kb_rag,99.82240724563599,39.92,0,codeblock,0.9230769230769231,0.8888888888888888,0.9056603773584906,0.0,0,9.2,100.0,12.0,511.1,778.7,18962.3,83.8,7022.2,4779.7,"{'timestamp': '2026-09-01T23:58:57.943406+00:00', 'model_version': 'gemma:latest', 'prompt_hash': 'a6af280e'}"
15,real_mixed_48,gemma:latest_kb_rag,93.69135117530823,40.35,0,codeblock,0.2727272727272727,0.5,0.3529411764705882,0.0,0,10.4,100.0,12.8,524.9,778.7,18957.5,83.7,7022.2,4779.7,"{'timestamp': '2026-09-01T23:58:51.793735+00:00', 'model_version': 'gemma:latest', 'prompt_hash': 'a6af280e'}"
16,real_mixed_49,gemma:latest_kb_rag,108.33333778381348,39.48,0,codeblock,0.7,0.5,0.5833333333333334,0.0,0,6.8,66.9,11.0,498.1,778.7,18948.8,83.7,7022.2,4779.7,"{'timestamp': '2026-09-01T23:59:09.830793+00:00', 'model_version': 'gemma:latest', 'prompt_hash': 'a6af280e'}"
16,real_mixed_50,gemma:latest_kb_rag,111.2759690284729,40.89,0,codeblock,1.0,0.6363636363636364,0.7777777777777778,0.0,0,6.8,66.9,10.3,499.0,778.7,18958.6,83.7,7022.2,4779.7,"{'timestamp': '2026-09-01T23:59:12.783039+00:00', 'model_version': 'gemma:latest', 'prompt_hash': 'a6af280e'}"
16,real_mixed_51,gemma:latest_kb_rag,103.80138611793518,40.62,0,codeblock,0.6666666666666666,0.6666666666666666,0.6666666666666666,0.0,0,6.9,66.9,11.2,495.0,778.7,18941.1,83.7,7022.2,4779.7,"{'timestamp': '2026-09-01T23:59:05.293182+00:00', 'model_version': 'gemma:latest', 'prompt_hash': 'a6af280e'}"
17,real_mixed_52,gemma:latest_kb_rag,114.96862196922302,40.55,0,codeblock,0.6111111111111112,0.7857142857142857,0.6875000000000001,0.0,0,8.8,90.9,10.5,493.8,760.6,18973.0,83.7,7022.2,4779.7,"{'timestamp': '2026-09-01T23:59:21.548467+00:00', 'model_version': 'gemma:latest', 'prompt_hash': 'a6af280e'}"
17,real_mixed_53,gemma:latest_kb_rag,109.80801391601562,40.67,0,codeblock,0.36363636363636365,0.6666666666666666,0.4705882352941177,0.0,0,6.8,66.9,10.6,488.7,760.6,18970.9,83.7,7022.2,4779.7,"{'timestamp': '2026-09-01T23:59:16.374855+00:00', 'model_version': 'gemma:latest', 'prompt_hash': 'a6af280e'}"
17,real_mixed_54,gemma:latest_kb_rag,116.97745108604431,41.48,0,codeblock,0.14285714285714285,0.25,0.18181818181818182,0.0,0,8.5,90.9,9.9,495.3,760.6,18982.1,83.7,7022.2,4779.7,"{'timestamp': '2026-09-01T23:59:23.547698+00:00', 'model_version': 'gemma:latest', 'prompt_hash': 'a6af280e'}"
18,real_mixed_55,gemma:latest_kb_rag,108.29958605766296,40.73,0,direct_json,0.45454545454545453,0.5555555555555556,0.5,0.0,0,10.7,67.0,11.1,492.5,760.6,19013.1,83.6,7022.2,4779.7,"{'timestamp': '2026-09-01T23:59:27.004878+00:00', 'model_version': 'gemma:latest', 'prompt_hash': 'a6af280e'}"
18,real_mixed_56,gemma:latest_kb_rag,112.89762806892395,40.14,0,codeblock,0.6,0.42857142857142855,0.5,0.1,1,8.6,88.2,10.3,497.6,760.6,19041.1,83.5,7022.2,4779.7,"{'timestamp': '2026-09-01T23:59:31.607092+00:00', 'model_version': 'gemma:latest', 'prompt_hash': 'a6af280e'}"
18,real_mixed_57,gemma:latest_kb_rag,116.89490103721619,40.74,0,codeblock,1.0,0.9444444444444444,0.9714285714285714,0.0,0,8.5,66.9,10.0,497.3,760.6,19067.5,83.5,7022.2,4779.7,"{'timestamp': '2026-09-01T23:59:35.625156+00:00', 'model_version': 'gemma:latest', 'prompt_hash': 'a6af280e'}"
19,real_mixed_58,gemma:latest_kb_rag,113.84851384162903,40.57,0,codeblock,0.5,0.6363636363636364,0.56,0.07142857142857142,1,6.3,42.6,10.3,498.6,760.6,19143.3,83.4,7022.2,4779.7,"{'timestamp': '2026-09-01T23:59:42.958639+00:00', 'model_version': 'gemma:latest', 'prompt_hash': 'a6af280e'}"
19,real_mixed_59,gemma:latest_kb_rag,122.42655897140503,38.11,0,codeblock,0.6666666666666666,0.8421052631578947,0.744186046511628,0.0,0,6.2,42.6,10.0,493.1,760.6,19211.7,83.3,7022.2,4779.7,"{'timestamp': '2026-09-01T23:59:51.531337+00:00', 'model_version': 'gemma:latest', 'prompt_hash': 'a6af280e'}"
19,real_mixed_60,gemma:latest_kb_rag,110.32776880264282,40.49,0,codeblock,0.6666666666666666,0.46153846153846156,0.5454545454545455,0.0,0,6.2,42.6,11.2,492.4,760.6,19116.8,83.4,7022.2,4779.7,"{'timestamp': '2026-09-01T23:59:39.442900+00:00', 'model_version': 'gemma:latest', 'prompt_hash': 'a6af280e'}"
20,real_mixed_61,gemma:latest_kb_rag,129.05925703048706,36.14,0,codeblock,0.6333333333333333,0.6785714285714286,0.6551724137931035,0.06666666666666667,2,8.6,55.6,9.2,463.1,760.6,19211.3,83.4,7022.2,4779.7,"{'timestamp': '2026-09-02T00:00:08.951868+00:00', 'model_version': 'gemma:latest', 'prompt_hash': 'a6af280e'}"
20,real_mixed_62,gemma:latest_kb_rag,116.94379925727844,40.26,0,codeblock,0.35294117647058826,0.5454545454545454,0.42857142857142855,0.23529411764705882,4,7.9,53.3,10.1,485.9,760.6,19236.0,83.3,7022.2,4779.7,"{'timestamp': '2026-09-01T23:59:56.812472+00:00', 'model_version': 'gemma:latest', 'prompt_hash': 'a6af280e'}"
20,real_mixed_63,gemma:latest_kb_rag,132.5813729763031,40.96,0,codeblock,0.08333333333333333,0.125,0.1,0.0,0,8.4,58.8,8.9,455.0,760.6,19204.1,83.4,7022.2,4779.7,"{'timestamp': '2026-09-02T00:00:12.455804+00:00', 'model_version': 'gemma:latest', 'prompt_hash': 'a6af280e'}"
21,real_mixed_64,gemma:latest_kb_rag,122.46220517158508,41.07,0,codeblock,0.0,0.0,1.0,0.0,0,9.2,66.7,10.2,451.3,686.4,19202.2,83.5,7022.2,4779.7,"{'timestamp': '2026-09-02T00:00:14.914151+00:00', 'model_version': 'gemma:latest', 'prompt_hash': 'a6af280e'}"
21,real_mixed_65,gemma:latest_kb_rag,129.55362105369568,40.52,0,direct_json,0.2222222222222222,0.25,0.23529411764705882,0.0,0,8.9,66.7,9.7,452.1,686.4,19207.0,83.5,7022.2,4779.7,"{'timestamp': '2026-09-02T00:00:22.013116+00:00', 'model_version': 'gemma:latest', 'prompt_hash': 'a6af280e'}"
21,real_mixed_66,gemma:latest_kb_rag,126.0224061012268,40.6,0,codeblock,0.8888888888888888,0.4,0.5517241379310346,0.0,0,8.1,45.9,9.5,454.2,686.4,19204.8,83.5,7022.2,4779.7,"{'timestamp': '2026-09-02T00:00:18.505080+00:00', 'model_version': 'gemma:latest', 'prompt_hash': 'a6af280e'}"
22,real_mixed_67,gemma:latest_kb_rag,130.40175580978394,40.04,0,codeblock,0.3333333333333333,0.29411764705882354,0.3125,0.3333333333333333,5,6.6,42.6,9.1,480.3,768.4,19263.1,83.4,7022.2,4779.7,"{'timestamp': '2026-09-02T00:00:36.445275+00:00', 'model_version': 'gemma:latest', 'prompt_hash': 'a6af280e'}"
22,real_mixed_68,gemma:latest_kb_rag,120.34102606773376,40.63,0,codeblock,0.35294117647058826,0.46153846153846156,0.4000000000000001,0.0,0,6.6,42.6,10.3,472.8,768.4,19255.5,83.4,7022.2,4779.7,"{'timestamp': '2026-09-02T00:00:26.365107+00:00', 'model_version': 'gemma:latest', 'prompt_hash': 'a6af280e'}"
22,real_mixed_69,gemma:latest_kb_rag,125.87273788452148,40.33,0,codeblock,0.5454545454545454,0.5,0.5217391304347826,0.2727272727272727,6,6.6,42.6,9.7,479.9,768.4,19256.4,83.4,7022.2,4779.7,"{'timestamp': '2026-09-02T00:00:31.906621+00:00', 'model_version': 'gemma:latest', 'prompt_hash': 'a6af280e'}"
23,real_mixed_70,gemma:latest_kb_rag,111.31760597229004,40.65,0,codeblock,0.875,0.3333333333333333,0.48275862068965514,0.0,0,10.8,90.9,10.6,486.8,768.4,19311.4,83.3,7022.2,4779.7,"{'timestamp': '2026-09-02T00:00:39.629499+00:00', 'model_version': 'gemma:latest', 'prompt_hash': 'a6af280e'}"
23,real_mixed_71,gemma:latest_kb_rag,121.46105599403381,25.99,0,codeblock,0.5,0.3333333333333333,0.4,0.125,1,7.8,42.6,9.6,491.2,768.4,19843.4,83.3,7022.2,4779.7,"{'timestamp': '2026-09-02T00:00:49.791452+00:00', 'model_version': 'gemma:latest', 'prompt_hash': 'a6af280e'}"
23,real_mixed_72,gemma:latest_kb_rag,115.41136884689331,38.38,0,codeblock,0.8888888888888888,0.5714285714285714,0.6956521739130435,0.0,0,8.1,42.6,10.2,492.4,768.4,19440.8,83.3,7022.2,4779.7,"{'timestamp': '2026-09-02T00:00:43.730685+00:00', 'model_version': 'gemma:latest', 'prompt_hash': 'a6af280e'}"
24,real_mixed_73,gemma:latest_kb_rag,117.91485905647278,26.09,0,codeblock,0.9,0.6,0.7200000000000001,0.0,0,6.6,41.5,10.0,509.1,768.4,20585.5,83.2,7022.2,4779.7,"{'timestamp': '2026-09-02T00:01:00.145948+00:00', 'model_version': 'gemma:latest', 'prompt_hash': 'a6af280e'}"
24,real_mixed_74,gemma:latest_kb_rag,112.86251902580261,25.96,0,codeblock,0.7,0.7,0.7,0.0,0,6.6,41.5,10.5,515.4,768.4,20293.5,83.1,7022.2,4779.7,"{'timestamp': '2026-09-02T00:00:55.092280+00:00', 'model_version': 'gemma:latest', 'prompt_hash': 'a6af280e'}"
24,real_mixed_75,gemma:latest_kb_rag,123.42735600471497,26.3,0,codeblock,0.06666666666666667,0.3333333333333333,0.1111111111111111,0.4,6,6.5,41.5,9.6,499.3,768.4,20843.2,83.2,7022.2,4779.7,"{'timestamp': '2026-09-02T00:01:05.655918+00:00', 'model_version': 'gemma:latest', 'prompt_hash': 'a6af280e'}"
25,real_mixed_76,gemma:latest_kb_rag,115.45199799537659,26.33,0,codeblock,0.0,1.0,0.0,0.0,0,7.2,100.0,10.7,498.0,768.4,21173.2,83.2,7022.2,4779.7,"{'timestamp': '2026-09-02T00:01:08.582353+00:00', 'model_version': 'gemma:latest', 'prompt_hash': 'a6af280e'}"
25,real_mixed_77,gemma:latest_kb_rag,122.9559371471405,26.3,0,codeblock,0.6428571428571429,0.45,0.5294117647058824,0.0,0,7.0,41.5,9.7,508.1,768.4,21539.1,83.3,7022.2,4779.7,"{'timestamp': '2026-09-02T00:01:16.116029+00:00', 'model_version': 'gemma:latest', 'prompt_hash': 'a6af280e'}"
25,real_mixed_78,gemma:latest_kb_rag,133.5443058013916,26.79,0,codeblock,0.23529411764705882,1.0,0.38095238095238093,0.5294117647058824,9,7.3,100.0,11.8,510.2,768.4,21992.4,83.3,7022.2,4779.7,"{'timestamp': '2026-09-02T00:01:26.686992+00:00', 'model_version': 'gemma:latest', 'prompt_hash': 'a6af280e'}"
26,real_mixed_79,gemma:latest_kb_rag,136.0127980709076,37.7,0,codeblock,0.7272727272727273,0.8,0.761904761904762,0.0,0,6.7,41.5,8.9,485.3,768.4,22589.6,83.1,7022.2,4779.7,"{'timestamp': '2026-09-02T00:01:39.922965+00:00', 'model_version': 'gemma:latest', 'prompt_hash': 'a6af280e'}"
26,real_mixed_80,gemma:latest_kb_rag,147.70216703414917,29.41,0,codeblock,0.5,0.7083333333333334,0.5862068965517241,0.08823529411764706,3,6.8,41.5,8.6,457.6,768.4,22879.7,83.2,7022.2,4779.7,"{'timestamp': '2026-09-02T00:01:51.633425+00:00', 'model_version': 'gemma:latest', 'prompt_hash': 'a6af280e'}"
26,real_mixed_81,gemma:latest_kb_rag,127.93280601501465,28.56,0,codeblock,1.0,0.6363636363636364,0.7777777777777778,0.0,0,6.6,41.5,9.3,496.7,768.4,22421.4,83.4,7022.2,4779.7,"{'timestamp': '2026-09-02T00:01:31.851477+00:00', 'model_version': 'gemma:latest', 'prompt_hash': 'a6af280e'}"
27,real_mixed_82,gemma:latest_kb_rag,143.13295698165894,28.01,0,codeblock,0.23809523809523808,0.5555555555555556,0.33333333333333326,0.23809523809523808,5,7.4,62.2,8.7,450.0,768.4,23272.3,83.4,7022.2,4779.7,"{'timestamp': '2026-09-02T00:01:59.097711+00:00', 'model_version': 'gemma:latest', 'prompt_hash': 'a6af280e'}"
27,real_mixed_83,gemma:latest_kb_rag,146.6295289993286,41.06,0,codeblock,0.75,0.9,0.8181818181818182,0.0,0,7.6,62.2,9.1,450.8,768.4,23325.0,83.5,7022.2,4779.7,"{'timestamp': '2026-09-02T00:02:02.617945+00:00', 'model_version': 'gemma:latest', 'prompt_hash': 'a6af280e'}"
27,real_mixed_84,gemma:latest_kb_rag,150.06176495552063,40.76,0,codeblock,1.0,0.6666666666666666,0.8,0.0,0,6.9,41.5,8.2,451.1,768.4,23324.5,83.4,7022.2,4779.7,"{'timestamp': '2026-09-02T00:02:06.059411+00:00', 'model_version': 'gemma:latest', 'prompt_hash': 'a6af280e'}"
28,real_mixed_85,gemma:latest_kb_rag,137.50476098060608,40.76,0,codeblock,0.6,0.75,0.6666666666666665,0.0,0,6.9,41.5,9.0,442.6,768.4,23686.9,83.4,7022.2,4779.7,"{'timestamp': '2026-09-02T00:02:09.588496+00:00', 'model_version': 'gemma:latest', 'prompt_hash': 'a6af280e'}"
28,real_mixed_86,gemma:latest_kb_rag,141.1191029548645,40.6,0,codeblock,0.8888888888888888,0.6153846153846154,0.7272727272727274,0.0,0,8.1,61.6,9.4,443.1,768.4,23651.3,83.2,7022.2,4779.7,"{'timestamp': '2026-09-02T00:02:13.206821+00:00', 'model_version': 'gemma:latest', 'prompt_hash': 'a6af280e'}"
28,real_mixed_87,gemma:latest_kb_rag,144.6541028022766,40.93,0,codeblock,0.5714285714285714,0.5714285714285714,0.5714285714285714,0.0,0,8.5,100.0,8.3,444.1,768.4,23618.1,83.0,7022.2,4779.7,"{'timestamp': '2026-09-02T00:02:16.737083+00:00', 'model_version': 'gemma:latest', 'prompt_hash': 'a6af280e'}"
29,real_mixed_88,gemma:latest_kb_rag,136.44786620140076,41.23,0,codeblock,0.375,0.75,0.5,0.0,0,11.3,73.8,8.9,459.7,768.4,24041.9,82.6,7022.2,4779.7,"{'timestamp': '2026-09-02T00:02:29.339016+00:00', 'model_version': 'gemma:latest', 'prompt_hash': 'a6af280e'}"
29,real_mixed_89,gemma:latest_kb_rag,134.00667786598206,40.92,0,codeblock,0.6666666666666666,0.46153846153846156,0.5454545454545455,0.0,0,10.1,50.0,9.0,462.7,768.4,24109.2,82.7,7022.2,4779.7,"{'timestamp': '2026-09-02T00:02:26.899431+00:00', 'model_version': 'gemma:latest', 'prompt_hash': 'a6af280e'}"
29,real_mixed_90,gemma:latest_kb_rag,130.49114298820496,40.49,0,codeblock,0.24,0.75,0.36363636363636365,0.16,4,9.7,100.0,9.3,468.2,768.4,24212.0,82.7,7022.2,4779.7,"{'timestamp': '2026-09-02T00:02:23.389284+00:00', 'model_version': 'gemma:latest', 'prompt_hash': 'a6af280e'}"
30,real_mixed_91,gemma:latest_kb_rag,141.06763696670532,40.0,0,codeblock,0.5294117647058824,0.75,0.6206896551724139,0.058823529411764705,1,8.4,100.0,8.7,448.4,768.4,23807.3,82.7,7022.2,4779.7,"{'timestamp': '2026-09-02T00:02:43.459157+00:00', 'model_version': 'gemma:latest', 'prompt_hash': 'a6af280e'}"
30,real_mixed_92,gemma:latest_kb_rag,136.03145599365234,40.33,0,direct_json,0.47058823529411764,0.5333333333333333,0.5,0.0,0,8.7,73.8,9.8,453.6,768.4,23989.8,82.6,7022.2,4779.7,"{'timestamp': '2026-09-02T00:02:38.423940+00:00', 'model_version': 'gemma:latest', 'prompt_hash': 'a6af280e'}"
30,real_mixed_93,gemma:latest_kb_rag,131.49076509475708,40.87,0,codeblock,0.5833333333333334,0.7,0.6363636363636365,0.0,0,9.6,100.0,9.5,458.3,768.4,24182.2,82.6,7022.2,4779.7,"{'timestamp': '2026-09-02T00:02:33.876760+00:00', 'model_version': 'gemma:latest', 'prompt_hash': 'a6af280e'}"
31,real_mixed_94,gemma:latest_kb_rag,135.50843214988708,40.07,0,codeblock,0.7333333333333333,0.5238095238095238,0.611111111111111,0.0,0,6.9,41.5,9.6,428.9,717.8,23982.3,82.8,7022.2,4779.7,"{'timestamp': '2026-09-02T00:02:52.320642+00:00', 'model_version': 'gemma:latest', 'prompt_hash': 'a6af280e'}"
31,real_mixed_95,gemma:latest_kb_rag,130.47840690612793,39.69,0,codeblock,0.0,0.0,1.0,0.0,0,6.9,50.0,9.8,433.0,717.8,24177.2,82.7,7022.2,4779.7,"{'timestamp': '2026-09-02T00:02:47.273913+00:00', 'model_version': 'gemma:latest', 'prompt_hash': 'a6af280e'}"
31,real_mixed_96,gemma:latest_kb_rag,139.53372287750244,39.97,0,codeblock,0.6153846153846154,0.6666666666666666,0.64,0.0,0,6.8,41.5,8.9,425.5,717.8,23835.9,82.8,7022.2,4779.7,"{'timestamp': '2026-09-02T00:02:56.344993+00:00', 'model_version': 'gemma:latest', 'prompt_hash': 'a6af280e'}"
32,real_mixed_97,gemma:latest_kb_rag,136.61022901535034,39.52,0,codeblock,0.5833333333333334,0.7777777777777778,0.6666666666666666,0.0,0,8.2,56.2,8.1,400.6,717.8,23440.8,82.8,7022.2,4779.7,"{'timestamp': '2026-09-02T00:03:06.795199+00:00', 'model_version': 'gemma:latest', 'prompt_hash': 'a6af280e'}"
32,real_mixed_98,gemma:latest_kb_rag,133.4645230770111,39.09,0,codeblock,0.6,0.32142857142857145,0.41860465116279066,0.0,0,10.8,42.6,10.4,402.5,717.8,23529.6,82.8,7022.2,4779.7,"{'timestamp': '2026-09-02T00:03:03.653031+00:00', 'model_version': 'gemma:latest', 'prompt_hash': 'a6af280e'}"
32,real_mixed_99,gemma:latest_kb_rag,128.46317791938782,40.88,0,codeblock,0.25,1.0,0.4,0.0,0,8.5,43.7,9.5,407.0,717.8,23685.0,82.8,7022.2,4779.7,"{'timestamp': '2026-09-02T00:02:58.626975+00:00', 'model_version': 'gemma:latest', 'prompt_hash': 'a6af280e'}"
33,real_mixed_100,gemma:latest_kb_rag,129.01187014579773,40.44,0,codeblock,0.13043478260869565,0.42857142857142855,0.2,0.17391304347826086,4,7.1,31.8,8.0,384.5,676.6,22755.6,82.9,7022.2,4779.7,"{'timestamp': '2026-09-02T00:03:15.053065+00:00', 'model_version': 'gemma:latest', 'prompt_hash': 'a6af280e'}"
33,real_mixed_101,gemma:latest_kb_rag,132.02340984344482,40.91,0,codeblock,0.4,0.5714285714285714,0.47058823529411764,0.0,0,7.1,31.8,7.9,379.4,676.6,22666.9,82.9,7022.2,4779.7,"{'timestamp': '2026-09-02T00:03:18.068888+00:00', 'model_version': 'gemma:latest', 'prompt_hash': 'a6af280e'}"
33,real_mixed_102,gemma:latest_kb_rag,122.44086933135986,39.6,0,codeblock,0.0,1.0,0.0,0.0,0,7.0,31.8,8.0,396.3,676.6,22951.2,82.8,7022.2,4779.7,"{'timestamp': '2026-09-02T00:03:08.475026+00:00', 'model_version': 'gemma:latest', 'prompt_hash': 'a6af280e'}"
34,real_mixed_103,gemma:latest_kb_rag,112.89121198654175,41.96,0,codeblock,0.0,1.0,0.0,0.0,0,8.1,34.7,8.2,339.1,676.6,21756.3,82.7,7022.2,4779.7,"{'timestamp': '2026-09-02T00:03:19.956578+00:00', 'model_version': 'gemma:latest', 'prompt_hash': 'a6af280e'}"
34,real_mixed_104,gemma:latest_kb_rag,122.41634511947632,39.89,0,codeblock,0.2727272727272727,0.6,0.37499999999999994,0.18181818181818182,4,8.8,36.3,7.0,324.9,676.6,21556.5,82.8,7022.2,4779.7,"{'timestamp': '2026-09-02T00:03:29.505453+00:00', 'model_version': 'gemma:latest', 'prompt_hash': 'a6af280e'}"
34,real_mixed_105,gemma:latest_kb_rag,116.93934416770935,38.07,0,codeblock,0.42857142857142855,0.3,0.3529411764705882,0.2857142857142857,2,7.9,50.0,7.9,331.9,676.6,21658.9,82.7,7022.2,4779.7,"{'timestamp': '2026-09-02T00:03:24.014007+00:00', 'model_version': 'gemma:latest', 'prompt_hash': 'a6af280e'}"
35,real_mixed_106,gemma:latest_kb_rag,99.70141291618347,40.1,0,codeblock,0.16666666666666666,0.5,0.25,0.0,0,10.3,37.3,7.1,340.7,640.7,20370.7,82.8,7022.2,4779.7,"{'timestamp': '2026-09-02T00:03:31.867588+00:00', 'model_version': 'gemma:latest', 'prompt_hash': 'a6af280e'}"
35,real_mixed_107,gemma:latest_kb_rag,109.27530193328857,38.0,0,codeblock,0.75,0.9230769230769231,0.8275862068965517,0.0625,1,10.8,75.0,7.0,331.0,640.7,20300.1,82.8,7022.2,4779.7,"{'timestamp': '2026-09-02T00:03:41.445656+00:00', 'model_version': 'gemma:latest', 'prompt_hash': 'a6af280e'}"
35,real_mixed_108,gemma:latest_kb_rag,102.72406101226807,40.68,0,codeblock,0.14285714285714285,0.2,0.16666666666666666,0.0,0,11.1,40.0,7.5,337.6,640.7,20341.1,82.8,7022.2,4779.7,"{'timestamp': '2026-09-02T00:03:34.896400+00:00', 'model_version': 'gemma:latest', 'prompt_hash': 'a6af280e'}"
36,real_mixed_109,gemma:latest_kb_rag,106.32123112678528,39.71,0,codeblock,0.6363636363636364,0.5833333333333334,0.6086956521739131,0.09090909090909091,2,9.4,52.1,6.0,297.8,640.7,19656.3,82.7,7022.2,4779.7,"{'timestamp': '2026-09-02T00:03:52.761087+00:00', 'model_version': 'gemma:latest', 'prompt_hash': 'a6af280e'}"
36,real_mixed_110,gemma:latest_kb_rag,100.78989791870117,39.3,0,codeblock,0.3157894736842105,0.3333333333333333,0.3243243243243243,0.3684210526315789,7,8.7,55.0,15.9,303.2,640.7,19657.4,82.6,7022.2,4779.7,"{'timestamp': '2026-09-02T00:03:47.225378+00:00', 'model_version': 'gemma:latest', 'prompt_hash': 'a6af280e'}"
36,real_mixed_111,gemma:latest_kb_rag,112.85731506347656,40.55,0,codeblock,0.8,0.8275862068965517,0.8135593220338982,0.0,0,9.4,53.2,5.4,291.9,640.7,19649.7,82.7,7022.2,4779.7,"{'timestamp': '2026-09-02T00:03:59.315521+00:00', 'model_version': 'gemma:latest', 'prompt_hash': 'a6af280e'}"
37,real_mixed_112,gemma:latest_kb_rag,108.79641509056091,40.79,0,codeblock,0.4,0.8,0.5333333333333333,0.1,1,8.7,36.3,5.1,266.3,640.7,19389.7,83.3,7022.2,4779.7,"{'timestamp': '2026-09-02T00:04:05.899076+00:00', 'model_version': 'gemma:latest', 'prompt_hash': 'a6af280e'}"
37,real_mixed_113,gemma:latest_kb_rag,112.85251474380493,40.59,0,codeblock,0.8571428571428571,0.6666666666666666,0.75,0.0,0,7.7,37.8,4.2,263.8,640.7,19397.0,83.3,7022.2,4779.7,"{'timestamp': '2026-09-02T00:04:09.970356+00:00', 'model_version': 'gemma:latest', 'prompt_hash': 'a6af280e'}"
37,real_mixed_114,gemma:latest_kb_rag,105.78330588340759,40.34,0,codeblock,0.5,0.7142857142857143,0.588235294117647,0.0,0,9.0,37.0,19.7,268.3,640.7,19378.5,83.3,7022.2,4779.7,"{'timestamp': '2026-09-02T00:04:02.890091+00:00', 'model_version': 'gemma:latest', 'prompt_hash': 'a6af280e'}"
38,real_mixed_115,gemma:latest_kb_rag,103.19148588180542,40.72,0,codeblock,0.375,1.0,0.5454545454545454,0.375,3,8.3,66.7,5.1,249.5,640.8,19271.5,83.6,7022.2,4779.7,"{'timestamp': '2026-09-02T00:04:12.973762+00:00', 'model_version': 'gemma:latest', 'prompt_hash': 'a6af280e'}"
38,real_mixed_116,gemma:latest_kb_rag,112.23702025413513,40.03,0,codeblock,0.2857142857142857,1.0,0.4444444444444445,0.14285714285714285,1,9.0,66.7,2.7,245.3,640.8,19302.9,83.6,7022.2,4779.7,"{'timestamp': '2026-09-02T00:04:22.028049+00:00', 'model_version': 'gemma:latest', 'prompt_hash': 'a6af280e'}"
38,real_mixed_117,gemma:latest_kb_rag,108.75293517112732,39.56,0,codeblock,0.21428571428571427,0.375,0.2727272727272727,0.0,0,8.1,42.4,7.3,247.1,640.8,19298.6,83.6,7022.2,4779.7,"{'timestamp': '2026-09-02T00:04:18.545623+00:00', 'model_version': 'gemma:latest', 'prompt_hash': 'a6af280e'}"
39,real_mixed_118,gemma:latest_kb_rag,108.7787389755249,39.49,0,codeblock,0.7142857142857143,1.0,0.8333333333333333,0.0,0,8.9,35.6,1.9,224.2,640.7,19422.0,83.5,7022.2,4779.7,"{'timestamp': '2026-09-02T00:04:32.678613+00:00', 'model_version': 'gemma:latest', 'prompt_hash': 'a6af280e'}"
39,real_mixed_119,gemma:latest_kb_rag,101.72438216209412,39.89,0,codeblock,0.36363636363636365,0.6666666666666666,0.4705882352941177,0.0,0,8.2,35.6,2.7,226.1,640.7,19401.5,83.5,7022.2,4779.7,"{'timestamp': '2026-09-02T00:04:25.623625+00:00', 'model_version': 'gemma:latest', 'prompt_hash': 'a6af280e'}"
39,real_mixed_120,gemma:latest_kb_rag,105.7215461730957,38.65,0,codeblock,0.45454545454545453,1.0,0.625,0.18181818181818182,2,9.4,38.5,2.5,225.1,640.7,19411.9,83.5,7022.2,4779.7,"{'timestamp': '2026-09-02T00:04:29.618323+00:00', 'model_version': 'gemma:latest', 'prompt_hash': 'a6af280e'}"
